_unit_id,name,recorded,says,votes,methods,fp_desc,fp_tweet,pronoun,org_desc,pattern,action,reason
815733174,daddy_unchained,non_human,human,5,"association, classification, clustering, regression, text",True,False,False,False,,amend to human,5 methods agree; first-person word or pronoun tag
815725796,27349stwd,human,non_human,5,"association, classification, clustering, regression, text",False,False,False,False,weather channel,amend to non-human,default image and no first-person word in the description
815724853,01808gnlb,human,non_human,5,"association, classification, clustering, regression, text",False,False,False,False,weather channel,amend to non-human,default image and no first-person word in the description
815739540,KuKu_EmmaW_fan,non_human,human,5,"association, classification, clustering, regression, text",True,False,False,False,,amend to human,5 methods agree; first-person word or pronoun tag
815728354,07199jcsc,human,non_human,5,"association, classification, clustering, regression, text",False,False,False,False,weather channel,amend to non-human,default image and no first-person word in the description
815726719,Shutter_Lense,non_human,human,5,"association, classification, clustering, regression, text",False,False,False,False,,amend to human,5 methods agree; no organisation-only description
815729075,04768lktc,human,non_human,5,"association, classification, clustering, regression, text",False,False,False,False,weather channel,amend to non-human,default image and no first-person word in the description
815739580,BabiesGunsJesus,non_human,human,5,"association, classification, clustering, regression, text",True,False,False,False,,amend to human,5 methods agree; first-person word or pronoun tag
815731845,sugarspankhorn,non_human,human,5,"association, classification, clustering, regression, text",False,True,True,False,,amend to human,5 methods agree; first-person word or pronoun tag
815737303,TheOnlyAhmed,non_human,human,5,"association, classification, clustering, regression, text",False,False,False,False,,amend to human,5 methods agree; no organisation-only description
815738361,Imreallyshitty,non_human,human,5,"association, classification, clustering, regression, text",True,True,False,False,,amend to human,5 methods agree; first-person word or pronoun tag
815732647,icanttt,non_human,human,5,"association, classification, clustering, regression, text",False,False,False,False,,amend to human,5 methods agree; no organisation-only description
815731718,AlmiiCuello,non_human,human,4,"association, classification, clustering, text",True,False,False,False,,amend to human,4 methods agree; first-person word or pronoun tag
815728020,sungohst,non_human,human,4,"association, classification, regression, text",True,False,False,False,,amend to human,4 methods agree; first-person word or pronoun tag
815732012,kenziesachen,non_human,human,4,"association, classification, clustering, regression",True,True,False,False,,amend to human,4 methods agree; first-person word or pronoun tag
815737698,Hessahalkhawari,non_human,human,4,"association, classification, regression, text",True,True,False,False,,amend to human,4 methods agree; first-person word or pronoun tag
815727535,ottawaclique,non_human,human,4,"association, classification, clustering, regression",False,True,False,False,,amend to human,4 methods agree; first-person word or pronoun tag
815737004,Milena_mico,non_human,human,4,"association, classification, clustering, regression",False,False,False,False,,amend to human,4 methods agree; no organisation-only description
815733966,mywaitisu,non_human,human,4,"association, classification, clustering, regression",False,False,False,False,,amend to human,4 methods agree; no organisation-only description
815730820,destiny_weaver,non_human,human,4,"association, classification, clustering, regression",False,False,False,False,,amend to human,4 methods agree; no organisation-only description
815729588,luciboo80,non_human,human,4,"association, classification, clustering, regression",False,False,False,False,,amend to human,4 methods agree; no organisation-only description
815736962,goatsworthy,non_human,human,4,"association, classification, clustering, regression",False,True,False,False,,amend to human,4 methods agree; first-person word or pronoun tag
815728023,lowkeylwt_,non_human,human,4,"association, classification, clustering, regression",True,True,False,False,,amend to human,4 methods agree; first-person word or pronoun tag
815727388,mojo_YOjo,non_human,human,4,"association, classification, clustering, regression",True,True,False,False,,amend to human,4 methods agree; first-person word or pronoun tag
815719699,inimba,non_human,human,4,"association, classification, clustering, regression",False,False,False,False,,amend to human,4 methods agree; no organisation-only description
815722430,creeper32605,non_human,human,4,"association, classification, regression, text",False,False,False,False,,amend to human,4 methods agree; no organisation-only description
815737554,przemusiowa,non_human,human,4,"association, classification, clustering, regression",True,False,False,False,,amend to human,4 methods agree; first-person word or pronoun tag
815736461,whoaskedyoushit,non_human,human,4,"association, classification, clustering, regression",False,False,False,False,,amend to human,4 methods agree; no organisation-only description
815722160,sigmacoder,non_human,human,4,"association, classification, clustering, regression",False,False,False,False,,amend to human,4 methods agree; no organisation-only description
815738412,iAxX23,non_human,human,4,"association, classification, clustering, regression",True,False,False,False,,amend to human,4 methods agree; first-person word or pronoun tag
815730167,twinkhedgehog,non_human,human,4,"association, classification, regression, text",False,True,False,False,,amend to human,4 methods agree; first-person word or pronoun tag
815723028,inthebarberry,non_human,human,4,"association, classification, clustering, regression",False,True,False,False,,amend to human,4 methods agree; first-person word or pronoun tag
815728924,lawyerinbeta,non_human,human,4,"association, classification, clustering, regression",False,True,False,False,,amend to human,4 methods agree; first-person word or pronoun tag
815734342,dadadaily,non_human,human,4,"association, classification, clustering, regression",False,False,False,False,,amend to human,4 methods agree; no organisation-only description
815732415,viria13,non_human,human,4,"association, classification, clustering, regression",False,True,False,False,,amend to human,4 methods agree; first-person word or pronoun tag
815736240,owldom,non_human,human,4,"association, classification, clustering, regression",False,False,False,False,,amend to human,4 methods agree; no organisation-only description
815737960,CoolTrainrJulio,non_human,human,4,"association, classification, clustering, regression",False,False,False,False,,amend to human,4 methods agree; no organisation-only description
815729321,nobrightside,non_human,human,4,"association, classification, clustering, regression",True,False,False,False,,amend to human,4 methods agree; first-person word or pronoun tag
815723206,ChayseFox,non_human,human,4,"association, classification, clustering, regression",False,True,False,False,,amend to human,4 methods agree; first-person word or pronoun tag
815739350,noonmohsharfi,non_human,human,4,"association, classification, clustering, regression",True,True,False,False,,amend to human,4 methods agree; first-person word or pronoun tag
815737867,bones_six7,non_human,human,4,"association, classification, clustering, regression",True,True,False,False,,amend to human,4 methods agree; first-person word or pronoun tag
815723056,byediva,non_human,human,4,"association, classification, clustering, regression",False,False,False,False,,amend to human,4 methods agree; no organisation-only description
815732178,dariancordova,non_human,human,4,"association, classification, clustering, regression",False,False,False,False,,amend to human,4 methods agree; no organisation-only description
815722730,naegisnaegi,non_human,human,4,"association, classification, clustering, regression",False,False,False,False,,amend to human,4 methods agree; no organisation-only description
815724385,afscot,non_human,human,4,"association, classification, clustering, regression",False,False,False,False,,amend to human,4 methods agree; no organisation-only description
815731688,MBieber_Smith,non_human,human,4,"association, classification, clustering, regression",False,True,False,False,,amend to human,4 methods agree; first-person word or pronoun tag
815719581,IgniteMeRiRi,non_human,human,4,"association, classification, regression, text",False,True,False,False,,amend to human,4 methods agree; first-person word or pronoun tag
815723329,SketchMasterMJH,non_human,human,4,"association, classification, clustering, regression",False,True,False,False,,amend to human,4 methods agree; first-person word or pronoun tag
815739402,KINGPOM_FUCKYOU,non_human,human,4,"association, classification, clustering, regression",False,False,False,False,,amend to human,4 methods agree; no organisation-only description
815735292,19jim47,non_human,human,4,"association, classification, clustering, regression",False,False,False,False,,amend to human,4 methods agree; no organisation-only description
815738205,healfranta,non_human,human,4,"association, classification, regression, text",True,True,False,False,,amend to human,4 methods agree; first-person word or pronoun tag
815729137,VerseUniverse,non_human,human,4,"association, classification, clustering, regression",False,False,False,False,,amend to human,4 methods agree; no organisation-only description
815721726,labelsforlunch,non_human,human,4,"association, classification, regression, text",True,True,False,False,,amend to human,4 methods agree; first-person word or pronoun tag
815727109,loookapanda,non_human,human,4,"association, classification, clustering, regression",False,False,False,False,,amend to human,4 methods agree; no organisation-only description
815723593,spazil,non_human,human,4,"association, classification, clustering, regression",False,True,False,False,,amend to human,4 methods agree; first-person word or pronoun tag
815723611,vitalninjaYT,non_human,human,4,"association, classification, clustering, regression",False,False,False,False,,amend to human,4 methods agree; no organisation-only description
815723600,AlboSwagger,non_human,human,4,"association, classification, clustering, regression",False,False,False,False,,amend to human,4 methods agree; no organisation-only description
815724741,daejones,non_human,human,4,"association, classification, clustering, regression",False,False,False,False,,amend to human,4 methods agree; no organisation-only description
815727299,BIRP,non_human,human,4,"association, classification, clustering, regression",True,False,False,False,,amend to human,4 methods agree; first-person word or pronoun tag
815722828,JKE_G,non_human,human,4,"association, classification, clustering, regression",False,False,False,False,,amend to human,4 methods agree; no organisation-only description
815720701,jvngwheein,non_human,human,4,"association, classification, regression, text",False,False,False,False,,amend to human,4 methods agree; no organisation-only description
815720278,GermanWizard11,non_human,human,4,"association, classification, regression, text",False,False,False,False,,amend to human,4 methods agree; no organisation-only description
815722137,Cekeshe,non_human,human,4,"association, classification, clustering, regression",False,True,False,False,,amend to human,4 methods agree; first-person word or pronoun tag
815724414,mike_brach,non_human,human,4,"association, classification, clustering, regression",False,False,False,True,,keep non-human,organisation word in the description and no first-person word
815724819,Barokoru,non_human,human,4,"association, classification, clustering, regression",True,False,False,False,,amend to human,4 methods agree; first-person word or pronoun tag
815731753,InRainesville,non_human,human,4,"association, classification, clustering, regression",False,False,False,False,,amend to human,4 methods agree; no organisation-only description
815719906,TwistandSports,non_human,human,4,"association, classification, clustering, regression",False,False,False,False,,amend to human,4 methods agree; no organisation-only description
815720508,kgon,non_human,human,4,"association, classification, clustering, regression",False,False,False,True,,keep non-human,organisation word in the description and no first-person word
815726256,ltmcdies,non_human,human,4,"association, classification, clustering, regression",False,False,False,False,,amend to human,4 methods agree; no organisation-only description
815726616,MejoresLook,non_human,human,4,"association, classification, regression, text",False,False,False,False,,amend to human,4 methods agree; no organisation-only description
815727824,Foothill_Dance,non_human,human,4,"association, classification, clustering, regression",True,False,False,False,,keep non-human,school dance programme; 'Dance I' matched as a first-person word
815729409,monetpearson,non_human,human,4,"association, classification, clustering, regression",True,True,False,False,,amend to human,4 methods agree; first-person word or pronoun tag
815729653,ljgrover22,non_human,human,4,"association, classification, clustering, regression",False,True,False,False,,amend to human,4 methods agree; first-person word or pronoun tag
815731772,MusikDaLYCD,non_human,human,4,"association, classification, regression, text",False,False,False,False,,amend to human,4 methods agree; no organisation-only description
815732407,IUParking,non_human,human,4,"association, classification, clustering, regression",False,False,False,False,,amend to human,4 methods agree; no organisation-only description
815733835,bcfc_fans_fc,non_human,human,4,"association, classification, clustering, regression",False,False,False,True,,keep non-human,organisation word in the description and no first-person word
815734204,anytimetips,non_human,human,4,"association, classification, clustering, regression",False,False,False,False,,amend to human,4 methods agree; no organisation-only description
815734999,Nuevomedio,non_human,human,4,"association, classification, clustering, regression",False,False,False,False,,amend to human,4 methods agree; no organisation-only description
815735103,GbenroBasit,non_human,human,4,"association, classification, regression, text",False,True,False,False,,amend to human,4 methods agree; first-person word or pronoun tag
815737036,DefiantBA,non_human,human,4,"association, classification, regression, text",False,False,False,False,,amend to human,4 methods agree; no organisation-only description
815737509,viperblood77,non_human,human,4,"association, classification, clustering, text",True,True,False,False,,amend to human,4 methods agree; first-person word or pronoun tag
815739377,BarbasolShave,non_human,human,4,"association, classification, clustering, regression",False,False,False,False,,amend to human,4 methods agree; no organisation-only description
815735607,Porcelanosa_EN,non_human,human,4,"association, classification, clustering, regression",False,False,False,True,,keep non-human,organisation word in the description and no first-person word
815734996,soukatsu_,non_human,human,3,"association, classification, regression",False,False,False,False,,amend to human,3 methods agree; no organisation-only description
815727024,loseyourself235,non_human,human,3,"association, classification, regression",False,False,False,False,,amend to human,3 methods agree; no organisation-only description
815724251,kamyb22,non_human,human,3,"association, clustering, regression",False,True,False,False,,amend to human,3 methods agree; first-person word or pronoun tag
815731148,timc4567,non_human,human,3,"classification, clustering, regression",False,True,False,False,,amend to human,3 methods agree; first-person word or pronoun tag
815725233,WhatMaffTweets,non_human,human,3,"association, classification, regression",False,True,False,False,,amend to human,3 methods agree; first-person word or pronoun tag
815736601,Lunatik_guy,non_human,human,3,"association, regression, text",False,True,False,False,,amend to human,3 methods agree; first-person word or pronoun tag
815724539,SoddersLiger,non_human,human,3,"association, classification, regression",True,False,False,False,,amend to human,3 methods agree; first-person word or pronoun tag
815739429,LOSGIDDY,non_human,human,3,"association, classification, regression",False,False,False,False,,amend to human,3 methods agree; no organisation-only description
815734194,zelimpa,non_human,human,3,"association, classification, regression",False,True,True,False,,amend to human,3 methods agree; first-person word or pronoun tag
815732190,joXn,non_human,human,3,"association, classification, regression",False,False,False,False,,amend to human,3 methods agree; no organisation-only description
815738619,elizasoberano11,human,non_human,3,"association, classification, regression",False,False,False,False,forevermore,amend to non-human,default image and no first-person word in the description
815725754,K1LLz_,non_human,human,3,"association, clustering, text",False,False,False,False,,amend to human,3 methods agree; no organisation-only description
815738130,2faceh,non_human,human,3,"association, classification, clustering",False,True,False,False,,amend to human,3 methods agree; first-person word or pronoun tag
815727133,Tawa8_12,non_human,human,3,"association, classification, regression",True,True,False,False,,amend to human,3 methods agree; first-person word or pronoun tag
815731526,paparatti,non_human,human,3,"association, classification, regression",False,False,False,False,,amend to human,3 methods agree; no organisation-only description
815738500,conandoyle5,human,non_human,3,"association, classification, regression",True,False,False,False,other,keep human,first-person word in the description and no organisation word
815730455,Ragin_Wookie,non_human,human,3,"association, classification, regression",False,False,False,False,,amend to human,3 methods agree; no organisation-only description
815735467,AudrinaDavis1,human,non_human,3,"association, classification, regression",False,False,False,False,other,amend to non-human,default image and no first-person word in the description
815735283,TruthBToldDe,non_human,human,3,"association, clustering, text",False,False,False,False,,amend to human,3 methods agree; no organisation-only description
815732878,GMcCorrister,non_human,human,3,"association, classification, regression",False,False,False,False,,amend to human,3 methods agree; no organisation-only description
815736589,iamdaman00,non_human,human,3,"association, classification, text",True,True,False,False,,amend to human,3 methods agree; first-person word or pronoun tag
815734350,pumpkin_horse,non_human,human,3,"association, clustering, regression",False,False,False,False,,amend to human,3 methods agree; no organisation-only description
815719693,TreJinkins,non_human,human,3,"association, classification, regression",False,True,False,False,,amend to human,3 methods agree; first-person word or pronoun tag
815720588,tomlinsgomez,non_human,human,3,"association, classification, regression",True,False,False,False,,amend to human,3 methods agree; first-person word or pronoun tag
815735624,IketheNinja14,non_human,human,3,"association, classification, regression",False,False,False,False,,amend to human,3 methods agree; no organisation-only description
815734913,squid_girl_,non_human,human,3,"association, classification, clustering",True,True,False,False,,amend to human,3 methods agree; first-person word or pronoun tag
815734965,KaraAbheri1,non_human,human,3,"classification, regression, text",False,True,False,False,,amend to human,3 methods agree; first-person word or pronoun tag
815733214,MightyAvocado,non_human,human,3,"association, classification, regression",True,True,False,False,,amend to human,3 methods agree; first-person word or pronoun tag
815729346,_yanwari,non_human,human,3,"association, classification, regression",False,False,False,False,,amend to human,3 methods agree; no organisation-only description
815733845,JoySeele,non_human,human,3,"association, classification, regression",False,True,False,False,,amend to human,3 methods agree; first-person word or pronoun tag
815723324,LukeIsASequin,non_human,human,3,"association, classification, regression",True,True,False,False,,amend to human,3 methods agree; first-person word or pronoun tag
815723235,THE_HOEOLOGIST,non_human,human,3,"classification, clustering, regression",False,True,False,False,,amend to human,3 methods agree; first-person word or pronoun tag
815731047,Taz_Cat1,non_human,human,3,"classification, clustering, regression",False,True,False,False,,amend to human,3 methods agree; first-person word or pronoun tag
815734286,Fatimahamoudi5,non_human,human,3,"classification, clustering, regression",False,False,False,False,,amend to human,3 methods agree; no organisation-only description
815731407,coyotekissesxo,non_human,human,3,"classification, clustering, regression",False,False,False,False,,amend to human,3 methods agree; no organisation-only description
815726930,sensualsehun,non_human,human,3,"association, classification, regression",True,False,False,False,,amend to human,3 methods agree; first-person word or pronoun tag
815733002,SpinsterAndCat,non_human,human,3,"association, classification, regression",False,False,False,False,,amend to human,3 methods agree; no organisation-only description
815727430,aceIucy,non_human,human,3,"association, classification, regression",True,False,False,False,,amend to human,3 methods agree; first-person word or pronoun tag
815727895,_Turntway,non_human,human,3,"association, clustering, regression",False,False,False,False,,amend to human,3 methods agree; no organisation-only description
815729201,KazJester,non_human,human,3,"association, classification, clustering",True,False,False,False,,amend to human,3 methods agree; first-person word or pronoun tag
815727117,Hobie_Dog,non_human,human,3,"association, classification, regression",True,True,False,False,,amend to human,3 methods agree; first-person word or pronoun tag
815732751,ChanceOneShot,non_human,human,3,"classification, regression, text",False,True,False,False,,amend to human,3 methods agree; first-person word or pronoun tag
815725986,LibromusicaIES,non_human,human,3,"association, classification, regression",False,False,False,False,,amend to human,3 methods agree; no organisation-only description
815726116,lonhro,non_human,human,3,"association, classification, regression",False,False,False,False,,amend to human,3 methods agree; no organisation-only description
815719396,MightyMoose3,non_human,human,3,"classification, regression, text",False,True,False,False,,amend to human,3 methods agree; first-person word or pronoun tag
815734513,bama_tweets,non_human,human,3,"association, classification, regression",True,False,False,False,,amend to human,3 methods agree; first-person word or pronoun tag
815731889,311guy,non_human,human,3,"association, classification, regression",False,False,False,False,,amend to human,3 methods agree; no organisation-only description
815736177,Tetsuo9999,non_human,human,3,"association, classification, regression",False,True,False,False,,amend to human,3 methods agree; first-person word or pronoun tag
815737729,durtgeek,human,non_human,3,"association, classification, regression",True,False,False,False,other,keep human,first-person word in the description and no organisation word
815724358,JesTr0n,non_human,human,3,"association, classification, regression",False,True,False,False,,amend to human,3 methods agree; first-person word or pronoun tag
815722929,fosteravepro,non_human,human,3,"association, clustering, text",True,False,False,False,,amend to human,3 methods agree; first-person word or pronoun tag
815727725,tomlinflows,non_human,human,3,"association, regression, text",True,True,False,False,,amend to human,3 methods agree; first-person word or pronoun tag
815739270,_boog1,non_human,human,3,"association, classification, regression",True,False,False,False,,amend to human,3 methods agree; first-person word or pronoun tag
815728295,superwomanchick,non_human,human,3,"association, classification, regression",False,False,False,False,,amend to human,3 methods agree; no organisation-only description
815728448,Marco41237622,human,non_human,3,"association, clustering, regression",False,False,False,False,app-written,amend to non-human,default image and no first-person word in the description
815719776,Rampantredlion1,non_human,human,3,"association, classification, text",True,False,False,False,,amend to human,3 methods agree; first-person word or pronoun tag
815728098,Hollyoakslover3,non_human,human,3,"association, classification, clustering",False,False,False,False,,amend to human,3 methods agree; no organisation-only description
815734451,KrazzyTracy,non_human,human,3,"association, classification, regression",False,True,False,False,,amend to human,3 methods agree; first-person word or pronoun tag
815720041,dazM33,non_human,human,3,"association, classification, regression",True,False,False,False,,amend to human,3 methods agree; first-person word or pronoun tag
815733298,BardockIRL,non_human,human,3,"association, classification, text",True,True,False,False,,amend to human,3 methods agree; first-person word or pronoun tag
815735767,catholic_nun,non_human,human,3,"association, classification, regression",True,True,False,False,,amend to human,3 methods agree; first-person word or pronoun tag
815731121,nevertooo1D,non_human,human,3,"association, classification, regression",False,True,False,True,,amend to human,3 methods agree; no organisation-only description
815737490,themapdallas,non_human,human,3,"classification, clustering, regression",False,False,False,False,,amend to human,3 methods agree; no organisation-only description
815738632,irishgoespop,non_human,human,3,"association, classification, regression",False,False,False,False,,amend to human,3 methods agree; no organisation-only description
815733013,kaneki_txt,non_human,human,3,"association, classification, regression",True,False,False,False,,amend to human,3 methods agree; first-person word or pronoun tag
815720053,ChelseaWrenArt,non_human,human,3,"association, classification, regression",False,False,False,False,,amend to human,3 methods agree; no organisation-only description
815721286,phenokage,non_human,human,3,"association, classification, regression",False,True,False,False,,amend to human,3 methods agree; first-person word or pronoun tag
815724110,MochaLattePanda,non_human,human,3,"association, regression, text",True,True,False,False,,amend to human,3 methods agree; first-person word or pronoun tag
815730796,ReindeerBrayden,non_human,human,3,"association, classification, regression",False,True,False,False,,amend to human,3 methods agree; first-person word or pronoun tag
815735889,Ovalegal,non_human,human,3,"association, classification, regression",False,True,False,False,,amend to human,3 methods agree; first-person word or pronoun tag
815734068,Sunglare,non_human,human,3,"association, classification, regression",False,True,False,False,,amend to human,3 methods agree; first-person word or pronoun tag
815724761,sthrob77,non_human,human,3,"association, classification, regression",False,False,False,False,,amend to human,3 methods agree; no organisation-only description
815733156,lisalisa2123,human,non_human,3,"association, classification, clustering",False,False,False,False,other,amend to non-human,default image and no first-person word in the description
815735871,Doctorwhat2,non_human,human,3,"association, classification, clustering",True,False,False,False,,amend to human,3 methods agree; first-person word or pronoun tag
815732838,obsessed_boyban,non_human,human,3,"association, classification, clustering",True,True,False,False,,amend to human,3 methods agree; first-person word or pronoun tag
815734524,McJerkyface,non_human,human,3,"association, classification, regression",False,True,False,False,,amend to human,3 methods agree; first-person word or pronoun tag
815734367,HenryBeans,non_human,human,3,"association, classification, regression",False,True,False,False,,amend to human,3 methods agree; first-person word or pronoun tag
815726689,Gh0st2126,non_human,human,3,"association, classification, regression",False,True,False,False,,amend to human,3 methods agree; first-person word or pronoun tag
815727064,BanJen15,non_human,human,3,"association, classification, regression",False,True,False,False,,amend to human,3 methods agree; first-person word or pronoun tag
815735687,CyborgScreams,non_human,human,3,"classification, clustering, text",True,True,False,False,,amend to human,3 methods agree; first-person word or pronoun tag
815729176,rasputinmethod,non_human,human,3,"association, classification, regression",False,False,False,False,,amend to human,3 methods agree; no organisation-only description
815733504,WhatsGrammar,non_human,human,3,"association, classification, regression",True,True,False,False,,amend to human,3 methods agree; first-person word or pronoun tag
815737613,cnorton128,non_human,human,3,"classification, clustering, regression",True,True,False,False,,amend to human,3 methods agree; first-person word or pronoun tag
815736095,funkboii,non_human,human,3,"association, classification, regression",True,False,False,False,,amend to human,3 methods agree; first-person word or pronoun tag
815736374,AkraticBehavior,non_human,human,3,"association, clustering, regression",True,False,False,False,,amend to human,3 methods agree; first-person word or pronoun tag
815732307,calvin_kieran,non_human,human,3,"association, classification, regression",True,True,False,False,,amend to human,3 methods agree; first-person word or pronoun tag
815735245,khalidrafiq141,human,non_human,3,"association, classification, regression",False,False,False,True,news/feed,amend to non-human,default image and no first-person word in the description
815727296,Eddki885Mohamm,human,non_human,3,"association, classification, regression",False,False,False,False,news/feed,amend to non-human,default image and no first-person word in the description
815737513,coyotes_ebooks,non_human,human,3,"association, classification, clustering",False,False,False,False,,amend to human,3 methods agree; no organisation-only description
815726441,dcgblog,human,non_human,3,"association, classification, regression",False,False,False,False,news/feed,amend to non-human,default image and no first-person word in the description
815728125,OnefaststasisS5,non_human,human,3,"association, classification, regression",False,False,False,False,,amend to human,3 methods agree; no organisation-only description
815730710,MaddieandTaeFly,non_human,human,3,"association, classification, clustering",False,False,False,False,,amend to human,3 methods agree; no organisation-only description
815730825,iWant_Gaga,non_human,human,3,"association, classification, regression",True,True,False,False,,amend to human,3 methods agree; first-person word or pronoun tag
815735742,lukeslouis,non_human,human,3,"association, classification, regression",False,False,False,False,,amend to human,3 methods agree; no organisation-only description
815720206,SharmarkeAhmed4,non_human,human,3,"association, classification, regression",False,False,False,False,,amend to human,3 methods agree; no organisation-only description
815720486,_LHS_Leadership,non_human,human,3,"association, classification, clustering",False,False,False,True,,keep non-human,organisation word in the description and no first-person word
815723581,judyleajackson,non_human,human,3,"association, classification, regression",False,False,False,False,,amend to human,3 methods agree; no organisation-only description
815725173,powderballcp,non_human,human,3,"association, clustering, text",False,True,False,False,,amend to human,3 methods agree; first-person word or pronoun tag
815727926,facepaulmrevere,non_human,human,3,"association, classification, regression",True,True,False,False,,amend to human,3 methods agree; first-person word or pronoun tag
815733433,gatorschomp1019,non_human,human,3,"association, classification, regression",False,False,False,False,,amend to human,3 methods agree; no organisation-only description
815733468,StockExpert3,non_human,human,3,"association, classification, clustering",False,False,False,False,,amend to human,3 methods agree; no organisation-only description
815733644,byZayys,non_human,human,3,"association, classification, clustering",False,True,False,False,,amend to human,3 methods agree; first-person word or pronoun tag
815734044,Adlez27,non_human,human,3,"association, classification, regression",True,True,True,False,,amend to human,3 methods agree; first-person word or pronoun tag
815736281,bbbrieger,non_human,human,3,"association, classification, regression",False,False,False,False,,amend to human,3 methods agree; no organisation-only description
815736293,TheFuture2Hope4,non_human,human,3,"association, classification, regression",False,False,False,False,,amend to human,3 methods agree; no organisation-only description
815736412,armadillomon,non_human,human,3,"association, classification, regression",False,True,False,False,,amend to human,3 methods agree; first-person word or pronoun tag
815736466,MarioDinardo9,human,non_human,3,"association, classification, regression",False,False,False,False,other,amend to non-human,default image and no first-person word in the description
815736675,SHSComplimnts,non_human,human,3,"association, classification, clustering",False,True,False,False,,amend to human,3 methods agree; first-person word or pronoun tag
815736693,hv_younglife,non_human,human,3,"association, classification, regression",False,False,False,False,,amend to human,3 methods agree; no organisation-only description
815738253,cashset_Lae,non_human,human,3,"association, classification, clustering",False,False,False,True,,keep non-human,organisation word in the description and no first-person word
815738576,JbSleaz,non_human,human,3,"association, classification, clustering",False,False,False,False,,amend to human,3 methods agree; no organisation-only description
815723711,niceindieman,human,non_human,3,"association, classification, regression",True,True,False,False,other,keep human,first-person word in the description and no organisation word
815727542,gene14800846,non_human,human,3,"association, classification, regression",False,True,False,False,,amend to human,3 methods agree; first-person word or pronoun tag
815726373,AdamCoo64216897,human,non_human,2,"association, clustering",False,False,False,False,other,amend to non-human,spam or company account (read by hand)
815734564,bosunescobar,non_human,human,2,"clustering, regression",False,True,False,False,,amend to human,2 methods agree; first-person word or pronoun tag
815735389,Thatdamn_Scrapp,non_human,human,2,"association, text",True,False,False,False,,amend to human,2 methods agree; first-person word or pronoun tag
815734805,nutellAHarris24,non_human,human,2,"association, classification",True,True,False,False,,amend to human,2 methods agree; first-person word or pronoun tag
815736943,trivialattire,non_human,human,2,"association, regression",True,True,False,False,,amend to human,2 methods agree; first-person word or pronoun tag
815723871,Iouvinglwt,non_human,human,2,"association, classification",False,True,False,False,,amend to human,2 methods agree; first-person word or pronoun tag
815729596,pramoldhawan,non_human,human,2,"classification, regression",False,True,False,False,,amend to human,2 methods agree; first-person word or pronoun tag
815734827,triggzyy,non_human,human,2,"association, clustering",False,False,False,False,,amend to human,2 methods agree; no organisation-only description
815734573,killuaura,non_human,human,2,"association, text",True,False,False,False,,amend to human,2 methods agree; first-person word or pronoun tag
815738948,forestbirb,non_human,human,2,"association, text",True,True,False,False,,amend to human,2 methods agree; first-person word or pronoun tag
815737271,breakingadriel,non_human,human,2,"association, text",True,True,False,False,,amend to human,2 methods agree; first-person word or pronoun tag
815732080,HighlyBBe,human,non_human,2,"association, regression",False,False,False,False,other,amend to non-human,default image and no first-person word in the description
815722758,polwrestling,non_human,human,2,"association, clustering",False,False,False,False,,amend to human,2 methods agree; no organisation-only description
815730692,BigTittieFreak,human,non_human,2,"association, regression",False,True,False,False,other,amend to non-human,default image and no first-person word in the description
815729425,_Lantern_,non_human,human,2,"association, classification",False,False,False,False,,amend to human,2 methods agree; no organisation-only description
815736474,ThreeGymnopedie,non_human,human,2,"association, text",False,True,False,False,,amend to human,2 methods agree; first-person word or pronoun tag
815722012,BinaryeProfit,human,non_human,2,"association, regression",False,False,False,False,other,amend to non-human,default image and no first-person word in the description
815731398,hesft1975,non_human,human,2,"association, text",False,False,False,False,,amend to human,2 methods agree; no organisation-only description
815735555,cocococcooonan,human,non_human,2,"association, regression",False,False,False,False,other,amend to non-human,default image and no first-person word in the description
815719863,microdile,non_human,human,2,"association, regression",False,True,False,False,,amend to human,2 methods agree; first-person word or pronoun tag
815724452,michaelcoyote,non_human,human,2,"association, regression",False,True,False,False,,amend to human,2 methods agree; first-person word or pronoun tag
815729580,LawrencePatte20,non_human,human,2,"classification, regression",False,False,False,False,,amend to human,2 methods agree; no organisation-only description
815734124,RobProvince,non_human,human,2,"classification, regression",False,False,False,False,,amend to human,2 methods agree; no organisation-only description
815729633,Kuwaballer,non_human,human,2,"association, text",False,True,False,False,,amend to human,2 methods agree; first-person word or pronoun tag
815735622,HffTiago,human,non_human,2,"association, regression",False,False,False,False,other,amend to non-human,default image and no first-person word in the description
815736939,Terick_7,non_human,human,2,"classification, text",False,True,False,False,,amend to human,2 methods agree; first-person word or pronoun tag
815721239,RedLineCommuter,non_human,human,2,"association, clustering",True,False,False,False,,amend to human,2 methods agree; first-person word or pronoun tag
815721979,biIIielurk,non_human,human,2,"association, regression",False,False,False,False,,amend to human,2 methods agree; no organisation-only description
815723952,mom2yahoos,non_human,human,2,"association, text",False,True,False,False,,amend to human,2 methods agree; first-person word or pronoun tag
815722517,ghostofjohanna,non_human,human,2,"association, regression",False,True,False,False,,amend to human,2 methods agree; first-person word or pronoun tag
815727411,louis_singha,human,non_human,2,"association, regression",False,False,False,False,other,amend to non-human,default image and no first-person word in the description
815735938,yomings,non_human,human,2,"association, text",True,False,False,False,,amend to human,2 methods agree; first-person word or pronoun tag
815733854,kolaaakatsuo,human,non_human,2,"association, regression",False,False,False,False,other,amend to non-human,default image and no first-person word in the description
815724599,d_michaelsatele,non_human,human,2,"association, clustering",False,False,False,False,,amend to human,2 methods agree; no organisation-only description
815728680,DrHotelMario,non_human,human,2,"association, classification",True,False,False,False,,amend to human,2 methods agree; first-person word or pronoun tag
815730678,SHERWlND,non_human,human,2,"association, regression",True,True,True,False,,amend to human,2 methods agree; first-person word or pronoun tag
815734690,coadienugent,non_human,human,2,"classification, regression",False,False,False,False,,amend to human,2 methods agree; no organisation-only description
815723832,CaGardenas,non_human,human,2,"classification, regression",False,False,False,False,,amend to human,2 methods agree; no organisation-only description
815731844,kgracehicks2,non_human,human,2,"association, text",False,True,False,False,,amend to human,2 methods agree; first-person word or pronoun tag
815738988,smeggo,non_human,human,2,"classification, regression",False,True,False,False,,amend to human,2 methods agree; first-person word or pronoun tag
815723880,TCultureVulture,non_human,human,2,"association, regression",False,True,False,False,,amend to human,2 methods agree; first-person word or pronoun tag
815725330,nuki_shitposts,non_human,human,2,"association, clustering",True,True,False,False,,amend to human,2 methods agree; first-person word or pronoun tag
815720239,Butcherr666,non_human,human,2,"association, classification",True,False,False,False,,amend to human,2 methods agree; first-person word or pronoun tag
815738862,Unite24Lq,human,non_human,2,"association, regression",False,False,False,False,forevermore,amend to non-human,default image and no first-person word in the description
815737902,UOTrackFangirl,non_human,human,2,"association, regression",False,False,False,False,,amend to human,2 methods agree; no organisation-only description
815737697,KnifeStitch,non_human,human,2,"classification, regression",False,False,False,False,,amend to human,2 methods agree; no organisation-only description
815737393,froleyfilm,non_human,human,2,"classification, regression",False,True,False,False,,amend to human,2 methods agree; first-person word or pronoun tag
815733374,littleredspook,non_human,human,2,"association, text",True,True,False,False,,amend to human,2 methods agree; first-person word or pronoun tag
815724789,1001coupons,human,non_human,2,"association, regression",False,True,False,False,other,amend to non-human,default image and no first-person word in the description
815727210,haineystuart,non_human,human,2,"association, regression",False,False,False,False,,amend to human,2 methods agree; no organisation-only description
815720149,MonicaKoch18,human,non_human,2,"association, regression",False,False,False,False,other,amend to non-human,default image and no first-person word in the description
815733199,RCJ13,non_human,human,2,"classification, regression",False,False,False,False,,amend to human,2 methods agree; no organisation-only description
815738456,Based1UP,non_human,human,2,"association, clustering",False,True,False,False,,amend to human,2 methods agree; first-person word or pronoun tag
815720070,CyberneticPym,non_human,human,2,"association, clustering",True,False,False,False,,amend to human,2 methods agree; first-person word or pronoun tag
815729683,frankenwentz,non_human,human,2,"association, text",True,True,False,False,,amend to human,2 methods agree; first-person word or pronoun tag
815723054,keanerie,non_human,human,2,"classification, regression",False,False,False,False,,amend to human,2 methods agree; no organisation-only description
815724134,yell999,non_human,human,2,"classification, regression",False,False,False,False,,amend to human,2 methods agree; no organisation-only description
815724834,meekjr_,non_human,human,2,"association, clustering",False,True,False,False,,amend to human,2 methods agree; first-person word or pronoun tag
815732024,rashidgill5,non_human,human,2,"association, regression",False,False,False,False,,amend to human,2 methods agree; no organisation-only description
815725551,pesra01,non_human,human,2,"association, regression",False,False,False,False,,amend to human,2 methods agree; no organisation-only description
815736154,RazaHussain101,non_human,human,2,"association, regression",False,False,False,True,,keep non-human,organisation word in the description and no first-person word
815725026,Marlnnn,non_human,human,2,"association, regression",True,True,False,False,,amend to human,2 methods agree; first-person word or pronoun tag
815725467,80slukeftharry,non_human,human,2,"association, regression",True,True,False,False,,amend to human,2 methods agree; first-person word or pronoun tag
815728081,The_Kohinoor,non_human,human,2,"association, clustering",False,False,False,True,,keep non-human,organisation word in the description and no first-person word
815720014,DJ_UnDisTone,non_human,human,2,"association, text",False,False,False,False,,amend to human,2 methods agree; no organisation-only description
815727267,bobcatarts,non_human,human,2,"association, clustering",False,True,False,False,,amend to human,2 methods agree; first-person word or pronoun tag
815727324,MrmappyINOF,non_human,human,2,"association, clustering",True,True,False,False,,amend to human,2 methods agree; first-person word or pronoun tag
815735306,HazionC,non_human,human,2,"classification, text",False,False,False,False,,amend to human,2 methods agree; no organisation-only description
815728110,JoBlack668,non_human,human,2,"classification, regression",False,False,False,False,,amend to human,2 methods agree; no organisation-only description
815734181,monstracious,non_human,human,2,"association, regression",True,False,True,False,,amend to human,2 methods agree; first-person word or pronoun tag
815738725,FilAEK,non_human,human,2,"association, text",False,False,False,False,,amend to human,2 methods agree; no organisation-only description
815729597,CrimsonLCC,non_human,human,2,"association, text",True,True,False,False,,amend to human,2 methods agree; first-person word or pronoun tag
815730430,Fuegofandango,non_human,human,2,"association, regression",True,True,False,False,,amend to human,2 methods agree; first-person word or pronoun tag
815721398,348255gbabies,non_human,human,2,"classification, clustering",False,True,False,False,,amend to human,2 methods agree; first-person word or pronoun tag
815731229,Dizzie_Dog,non_human,human,2,"classification, text",False,True,False,False,,amend to human,2 methods agree; first-person word or pronoun tag
815735282,darkIaws,non_human,human,2,"association, classification",True,True,False,False,,amend to human,2 methods agree; first-person word or pronoun tag
815738012,r_wolfcastle,non_human,human,2,"association, regression",True,False,False,False,,amend to human,2 methods agree; first-person word or pronoun tag
815730116,skywlka22,non_human,human,2,"classification, clustering",False,True,False,False,,amend to human,2 methods agree; first-person word or pronoun tag
815721285,HarisBrutalo,human,non_human,2,"association, regression",False,False,False,False,app-written,amend to non-human,default image and no first-person word in the description
815720107,RidgeWorld,non_human,human,2,"association, regression",False,True,False,False,,amend to human,2 methods agree; first-person word or pronoun tag
815722995,C_S__,non_human,human,2,"association, clustering",False,False,False,False,,amend to human,2 methods agree; no organisation-only description
815732901,SLightmaree,non_human,human,2,"association, clustering",True,True,False,False,,amend to human,2 methods agree; first-person word or pronoun tag
815719951,robert_stock7,human,non_human,2,"association, regression",False,False,False,False,other,amend to non-human,default image and no first-person word in the description
815733245,RhinosKiss,non_human,human,2,"classification, regression",False,True,False,False,,amend to human,2 methods agree; first-person word or pronoun tag
815733770,nyaneyan,non_human,human,2,"association, regression",False,True,False,False,,amend to human,2 methods agree; first-person word or pronoun tag
815731399,ItsJust_Aileen,non_human,human,2,"association, regression",False,True,False,False,,amend to human,2 methods agree; first-person word or pronoun tag
815724331,Zachs_A_Million,non_human,human,2,"association, text",True,True,False,False,,amend to human,2 methods agree; first-person word or pronoun tag
815720822,WorcsFaithful,non_human,human,2,"classification, clustering",False,False,False,False,,amend to human,2 methods agree; no organisation-only description
815720445,LittleMix,non_human,human,2,"association, clustering",True,False,False,True,,amend to human,2 methods agree; no organisation-only description
815736247,DevanPalmer,non_human,human,2,"association, text",False,False,False,False,,amend to human,2 methods agree; no organisation-only description
815722362,nas162010,non_human,human,2,"classification, regression",False,True,False,False,,amend to human,2 methods agree; first-person word or pronoun tag
815731009,GMShivers,non_human,human,2,"association, regression",False,False,False,False,,amend to human,2 methods agree; no organisation-only description
815730595,SunshineGal24,non_human,human,2,"association, classification",False,False,False,False,,amend to human,2 methods agree; no organisation-only description
815729067,O8qKkYKnWa7YP3O,human,non_human,2,"association, regression",False,False,False,False,other,amend to non-human,default image and no first-person word in the description
815735138,FrostyBear21,non_human,human,2,"association, text",True,False,False,False,,amend to human,2 methods agree; first-person word or pronoun tag
815730322,TrueLies6,non_human,human,2,"association, classification",True,False,False,False,,amend to human,2 methods agree; first-person word or pronoun tag
815724051,bonfiresband,non_human,human,2,"association, clustering",True,False,False,False,,amend to human,2 methods agree; first-person word or pronoun tag
815720003,NotLikeFreddy,non_human,human,2,"association, regression",False,True,False,False,,amend to human,2 methods agree; first-person word or pronoun tag
815719997,AudreyEnjoyLife,non_human,human,2,"association, clustering",False,False,False,False,,amend to human,2 methods agree; no organisation-only description
815721246,jadespr1te,non_human,human,2,"association, text",True,True,False,False,,amend to human,2 methods agree; first-person word or pronoun tag
815722743,iamtwine,non_human,human,2,"association, regression",False,True,False,False,,amend to human,2 methods agree; first-person word or pronoun tag
815724033,ssnaqi,non_human,human,2,"association, text",False,False,False,False,,amend to human,2 methods agree; no organisation-only description
815734097,twlldun,non_human,human,2,"association, regression",False,False,False,False,,amend to human,2 methods agree; no organisation-only description
815726503,Gargamelkiller,non_human,human,2,"classification, clustering",False,False,False,False,,amend to human,2 methods agree; no organisation-only description
815739043,AsahSkye,non_human,human,2,"association, text",True,True,False,False,,amend to human,2 methods agree; first-person word or pronoun tag
815728660,johnomo103,human,non_human,2,"association, regression",False,False,False,False,other,amend to non-human,default image and no first-person word in the description
815729776,ssquala,non_human,human,2,"clustering, text",False,True,False,False,,amend to human,2 methods agree; first-person word or pronoun tag
815733512,ajhughes23,human,non_human,2,"association, regression",False,False,False,False,other,amend to non-human,default image and no first-person word in the description
815739202,KidrauhllNey,non_human,human,2,"association, regression",True,True,False,False,,amend to human,2 methods agree; first-person word or pronoun tag
815720228,bearaboi,non_human,human,2,"classification, regression",True,False,False,False,,amend to human,2 methods agree; first-person word or pronoun tag
815721732,the_dirty_ho,non_human,human,2,"association, regression",True,False,False,False,,amend to human,2 methods agree; first-person word or pronoun tag
815722078,pseudojustin,non_human,human,2,"classification, regression",False,True,False,False,,amend to human,2 methods agree; first-person word or pronoun tag
815730262,Kyuugayaku,non_human,human,2,"association, clustering",True,False,False,False,,amend to human,2 methods agree; first-person word or pronoun tag
815722876,FemaIeFltness,non_human,human,2,"association, classification",False,False,False,False,,amend to human,2 methods agree; no organisation-only description
815738807,94charminglouis,non_human,human,2,"association, text",False,True,False,False,,amend to human,2 methods agree; first-person word or pronoun tag
815719316,NotNuttyKarl,human,non_human,2,"association, regression",False,False,False,False,other,amend to non-human,default image and no first-person word in the description
815738686,CandidoDhess,non_human,human,2,"association, classification",True,False,False,False,,amend to human,2 methods agree; first-person word or pronoun tag
815724760,TheWalkingFled,non_human,human,2,"classification, regression",False,True,False,False,,amend to human,2 methods agree; first-person word or pronoun tag
815735364,Einherion,non_human,human,2,"classification, regression",False,True,False,False,,amend to human,2 methods agree; first-person word or pronoun tag
815729780,itsterrio_hoe,non_human,human,2,"clustering, text",True,True,False,False,,amend to human,2 methods agree; first-person word or pronoun tag
815727669,_shunsou,non_human,human,2,"association, clustering",False,False,False,False,,amend to human,2 methods agree; no organisation-only description
815732850,Mark11888,non_human,human,2,"classification, regression",False,True,False,False,,amend to human,2 methods agree; first-person word or pronoun tag
815732343,Maximal_Liberal,non_human,human,2,"classification, regression",False,False,False,False,,amend to human,2 methods agree; no organisation-only description
815736779,EasyEarle51,human,non_human,2,"association, regression",False,False,False,False,other,amend to non-human,default image and no first-person word in the description
815727046,DiamondDawit,non_human,human,2,"association, clustering",True,True,False,False,,amend to human,2 methods agree; first-person word or pronoun tag
815733675,XUrbanSimsX,non_human,human,2,"association, text",True,True,False,True,,amend to human,2 methods agree; no organisation-only description
815720479,SalesForceReal,human,non_human,2,"association, regression",False,False,False,True,app-written,amend to non-human,spam or company account (read by hand)
815721789,cesarmunozn,human,non_human,2,"association, regression",False,False,False,False,app-written,amend to non-human,default image and no first-person word in the description
815723368,JudyLocal,human,non_human,2,"association, regression",False,False,False,False,other,amend to non-human,default image and no first-person word in the description
815725192,fact275,non_human,human,2,"association, classification",False,True,False,True,,amend to human,2 methods agree; no organisation-only description
815733196,JuanisaGundam,non_human,human,2,"classification, text",False,False,False,False,,amend to human,2 methods agree; no organisation-only description
815734591,beautywithin4u2,human,non_human,2,"association, regression",False,True,False,False,app-written,amend to non-human,default image and no first-person word in the description
815722134,ArticBleu,non_human,human,2,"classification, clustering",False,True,False,False,,amend to human,2 methods agree; first-person word or pronoun tag
815734559,LeAnnsFissure,non_human,human,2,"classification, clustering",False,False,False,False,,amend to human,2 methods agree; no organisation-only description
815737181,Valerie_832,non_human,human,2,"classification, clustering",True,False,False,False,,amend to human,2 methods agree; first-person word or pronoun tag
815733511,cmcbvc,human,non_human,2,"association, regression",False,True,False,False,app-written,amend to non-human,default image and no first-person word in the description
815726269,wandarection_,non_human,human,2,"association, regression",False,False,False,False,,amend to human,2 methods agree; no organisation-only description
815720739,Noodles105,non_human,human,2,"association, regression",False,False,False,False,,amend to human,2 methods agree; no organisation-only description
815730108,KrustyAllslopp,non_human,human,2,"association, regression",False,True,False,False,,amend to human,2 methods agree; first-person word or pronoun tag
815731135,xKrki,non_human,human,2,"classification, regression",False,True,False,False,,amend to human,2 methods agree; first-person word or pronoun tag
815726071,Freudianslipz,non_human,human,2,"clustering, regression",False,False,False,False,,amend to human,2 methods agree; no organisation-only description
815725391,HUDAFUNK,non_human,human,2,"classification, regression",False,True,False,False,,amend to human,2 methods agree; first-person word or pronoun tag
815721517,JoArdell,human,non_human,2,"association, regression",True,False,False,False,other,keep human,first-person word in the description and no organisation word
815720525,reisakuma,non_human,human,2,"association, text",True,False,False,False,,amend to human,2 methods agree; first-person word or pronoun tag
815735393,TENCH0U_,non_human,human,2,"clustering, text",False,False,False,False,,amend to human,2 methods agree; no organisation-only description
815720768,COGICgopChica,non_human,human,2,"association, clustering",True,False,False,False,,amend to human,2 methods agree; first-person word or pronoun tag
815725645,SMACKHighNY,non_human,human,2,"association, clustering",False,False,False,True,,keep non-human,organisation word in the description and no first-person word
815725166,lrhstereo,non_human,human,2,"association, clustering",False,False,False,False,,amend to human,2 methods agree; no organisation-only description
815729965,BriMercedes,non_human,human,2,"association, clustering",False,False,False,False,,amend to human,2 methods agree; no organisation-only description
815729808,BormanUk2015,human,non_human,2,"association, regression",False,True,False,False,app-written,amend to non-human,default image and no first-person word in the description
815730530,lisabailey307,human,non_human,2,"association, regression",False,True,False,False,app-written,amend to non-human,default image and no first-person word in the description
815736853,theARKHAM_,non_human,human,2,"association, clustering",False,True,False,False,,amend to human,2 methods agree; first-person word or pronoun tag
815719591,sufurkater,non_human,human,2,"clustering, regression",False,False,False,False,,amend to human,2 methods agree; no organisation-only description
815721092,dntsqzthchrmn,non_human,human,2,"classification, regression",False,False,False,False,,amend to human,2 methods agree; no organisation-only description
815729767,Lockedinbathroo,human,non_human,2,"association, regression",False,False,False,True,other,amend to non-human,default image and no first-person word in the description
815720082,JohnJohndel2,human,non_human,2,"association, regression",False,False,False,False,other,amend to non-human,default image and no first-person word in the description
815733160,faviator,non_human,human,2,"association, regression",True,True,False,False,,amend to human,2 methods agree; first-person word or pronoun tag
815732290,blazingbooks420,non_human,human,2,"association, clustering",True,True,False,False,,amend to human,2 methods agree; first-person word or pronoun tag
815725825,high_on_glitter,non_human,human,2,"classification, regression",True,False,False,False,,amend to human,2 methods agree; first-person word or pronoun tag
815722186,CWert41,non_human,human,2,"association, regression",False,True,False,False,,amend to human,2 methods agree; first-person word or pronoun tag
815719232,Shutterstock,non_human,human,2,"association, regression",False,False,False,False,,amend to human,2 methods agree; no organisation-only description
815719561,Chargers_NEFL,non_human,human,2,"association, regression",False,False,False,False,,amend to human,2 methods agree; no organisation-only description
815720114,DCDouchbag,non_human,human,2,"association, text",True,False,False,False,,amend to human,2 methods agree; first-person word or pronoun tag
815720169,Rob_Aitchison,human,non_human,2,"classification, regression",True,False,False,False,other,keep human,first-person word in the description and no organisation word
815720241,kubidyza,non_human,human,2,"classification, clustering",False,False,False,False,,amend to human,2 methods agree; no organisation-only description
815720284,LifeAtPurdue,non_human,human,2,"association, regression",False,False,False,True,,keep non-human,organisation word in the description and no first-person word
815720345,Rombaart,non_human,human,2,"association, text",True,False,False,False,,amend to human,2 methods agree; first-person word or pronoun tag
815720517,PamelaW76653339,human,non_human,2,"association, clustering",False,False,False,False,other,amend to non-human,spam or company account (read by hand)
815721473,IlIIlllIIIllIlI,non_human,human,2,"association, regression",True,False,False,False,,amend to human,2 methods agree; first-person word or pronoun tag
815721529,GrizzleBF,non_human,human,2,"association, clustering",False,True,False,False,,amend to human,2 methods agree; first-person word or pronoun tag
815721806,660NEWSTraffic,non_human,human,2,"association, regression",False,False,False,True,,keep non-human,organisation word in the description and no first-person word
815721991,HadTwpSports,non_human,human,2,"classification, clustering",False,False,False,False,,amend to human,2 methods agree; no organisation-only description
815722749,ThomasH29137281,human,non_human,2,"association, clustering",False,False,False,False,other,amend to non-human,spam or company account (read by hand)
815722785,CentralValleyTV,non_human,human,2,"association, classification",False,False,False,True,,keep non-human,organisation word in the description and no first-person word
815723037,My1Universe,non_human,human,2,"association, clustering",False,False,False,False,,amend to human,2 methods agree; no organisation-only description
815724209,brewerpackaging,non_human,human,2,"association, clustering",False,False,False,False,,amend to human,2 methods agree; no organisation-only description
815724798,BognorRegisHour,non_human,human,2,"association, clustering",False,False,False,False,,amend to human,2 methods agree; no organisation-only description
815725073,Charlot02798732,human,non_human,2,"association, clustering",False,False,False,False,other,amend to non-human,spam or company account (read by hand)
815725537,iambnoone,non_human,human,2,"association, classification",False,False,False,False,,amend to human,2 methods agree; no organisation-only description
815725895,spoon9z,non_human,human,2,"association, regression",False,False,False,False,,amend to human,2 methods agree; no organisation-only description
815726781,SekgobolaT,non_human,human,2,"classification, regression",True,False,False,False,,amend to human,2 methods agree; first-person word or pronoun tag
815727363,subw00ter,non_human,human,2,"classification, regression",False,False,False,False,,amend to human,2 methods agree; no organisation-only description
815727663,Brandonuts_Game,non_human,human,2,"association, clustering",False,True,False,True,,amend to human,2 methods agree; no organisation-only description
815728285,Cellusious,non_human,human,2,"association, regression",False,False,False,False,,amend to human,2 methods agree; no organisation-only description
815728363,Unitedinprayer1,non_human,human,2,"association, regression",False,True,False,False,,amend to human,2 methods agree; first-person word or pronoun tag
815728734,clarinety10,non_human,human,2,"classification, regression",True,False,False,False,,amend to human,2 methods agree; first-person word or pronoun tag
815729077,illusionOFitALL,non_human,human,2,"classification, regression",False,True,False,False,,amend to human,2 methods agree; first-person word or pronoun tag
815729092,WeRWorld,non_human,human,2,"association, regression",False,True,False,False,,amend to human,2 methods agree; first-person word or pronoun tag
815729142,DEEJAYMOB,non_human,human,2,"association, text",False,True,False,False,,amend to human,2 methods agree; first-person word or pronoun tag
815729213,1041theBlaze,non_human,human,2,"classification, regression",False,False,False,False,,amend to human,2 methods agree; no organisation-only description
815729279,DiversityIsALie,non_human,human,2,"association, clustering",False,False,False,False,,amend to human,2 methods agree; no organisation-only description
815729379,_LifeInSong_,non_human,human,2,"association, text",True,False,False,False,,amend to human,2 methods agree; first-person word or pronoun tag
815729605,litlgib,human,non_human,2,"association, regression",False,False,False,False,app-written,amend to non-human,default image and no first-person word in the description
815730130,worldrafanadal,non_human,human,2,"association, clustering",False,False,False,True,,keep non-human,organisation word in the description and no first-person word
815730174,Bengals_NEFL,non_human,human,2,"clustering, text",True,False,False,False,,amend to human,2 methods agree; first-person word or pronoun tag
815730706,Full_Time_Scrub,non_human,human,2,"classification, clustering",True,True,False,False,,amend to human,2 methods agree; first-person word or pronoun tag
815730773,MoreFifaFun,non_human,human,2,"association, clustering",False,False,False,False,,amend to human,2 methods agree; no organisation-only description
815731002,Backspacebills,non_human,human,2,"association, text",False,False,False,False,,amend to human,2 methods agree; no organisation-only description
815731036,CCS_Skate,non_human,human,2,"association, regression",False,False,False,False,,amend to human,2 methods agree; no organisation-only description
815731719,greysbot,non_human,human,2,"association, text",False,False,False,False,,amend to human,2 methods agree; no organisation-only description
815732050,JuliaGreenwald7,human,non_human,2,"association, regression",False,True,False,False,other,amend to non-human,default image and no first-person word in the description
815732136,Dormality,non_human,human,2,"association, clustering",True,True,False,False,,amend to human,2 methods agree; first-person word or pronoun tag
815732567,Thor_of_Asgard1,non_human,human,2,"association, clustering",True,False,False,False,,amend to human,2 methods agree; first-person word or pronoun tag
815732594,420USAPAC,non_human,human,2,"clustering, regression",False,False,False,False,,amend to human,2 methods agree; no organisation-only description
815732949,Fishsweets,human,non_human,2,"association, regression",False,True,False,False,other,amend to non-human,default image and no first-person word in the description
815732958,PeterBrassard,human,non_human,2,"association, regression",False,False,False,False,other,amend to non-human,default image and no first-person word in the description
815733076,YoshinoPaula,human,non_human,2,"association, regression",False,False,False,False,other,amend to non-human,default image and no first-person word in the description
815733117,McTermii,non_human,human,2,"clustering, text",True,True,False,False,,amend to human,2 methods agree; first-person word or pronoun tag
815733347,TheOtherPlus1,non_human,human,2,"classification, text",True,True,False,False,,amend to human,2 methods agree; first-person word or pronoun tag
815733577,weeddream420,non_human,human,2,"association, clustering",True,False,False,False,,amend to human,2 methods agree; first-person word or pronoun tag
815733668,ChrisF1116,non_human,human,2,"classification, regression",False,False,False,False,,amend to human,2 methods agree; no organisation-only description
815733992,BonesDobie,non_human,human,2,"association, text",False,True,False,False,,amend to human,2 methods agree; first-person word or pronoun tag
815734400,3WHITNEY468,human,non_human,2,"association, clustering",False,True,False,False,other,keep human,"uploaded image or first-person description, not a feed or spam account"
815734629,IHOP,non_human,human,2,"association, regression",False,False,False,False,,amend to human,2 methods agree; no organisation-only description
815735182,pacmissle,non_human,human,2,"classification, regression",False,False,False,False,,amend to human,2 methods agree; no organisation-only description
815735689,Travel_Word,non_human,human,2,"classification, clustering",False,False,False,False,,amend to human,2 methods agree; no organisation-only description
815735916,teejay4u_06,non_human,human,2,"classification, regression",True,False,False,True,,amend to human,2 methods agree; no organisation-only description
815735994,Wins2011,non_human,human,2,"association, text",False,False,False,False,,amend to human,2 methods agree; no organisation-only description
815736013,southstandnige9,non_human,human,2,"clustering, text",False,True,False,False,,amend to human,2 methods agree; first-person word or pronoun tag
815736297,MagPromo,non_human,human,2,"association, text",False,False,False,False,,amend to human,2 methods agree; no organisation-only description
815736994,CNTRCTK77R,non_human,human,2,"classification, regression",False,False,False,False,,amend to human,2 methods agree; no organisation-only description
815737050,Travel_Barrel,non_human,human,2,"classification, clustering",False,False,False,False,,amend to human,2 methods agree; no organisation-only description
815737618,theunitedmanc,non_human,human,2,"association, clustering",False,False,False,True,,keep non-human,organisation word in the description and no first-person word
815737920,WiffleBall1,non_human,human,2,"classification, regression",False,False,False,False,,amend to human,2 methods agree; no organisation-only description
815737925,5SOSHotelReport,non_human,human,2,"association, clustering",False,False,False,False,,amend to human,2 methods agree; no organisation-only description
815737967,ACHoang32,non_human,human,2,"association, clustering",False,False,True,False,,amend to human,2 methods agree; first-person word or pronoun tag
815738070,StrikeFM,non_human,human,2,"association, clustering",False,False,False,True,,keep non-human,organisation word in the description and no first-person word
815738467,aafx0_,non_human,human,2,"association, classification",False,False,False,False,,amend to human,2 methods agree; no organisation-only description
815738672,SkatersChoiceCO,non_human,human,2,"association, regression",False,False,False,True,,keep non-human,organisation word in the description and no first-person word
815738681,BirchgroveCA,non_human,human,2,"classification, regression",False,False,False,False,,amend to human,2 methods agree; no organisation-only description
815738843,DCProductionLTD,non_human,human,2,"association, regression",False,False,False,False,,amend to human,2 methods agree; no organisation-only description
815739271,loserstation,non_human,human,2,"association, regression",True,False,False,False,,amend to human,2 methods agree; first-person word or pronoun tag
815739594,Gbuschrist,non_human,human,2,"association, regression",False,True,False,False,,amend to human,2 methods agree; first-person word or pronoun tag
815724958,carolannbagan,human,non_human,2,"association, regression",False,False,False,False,other,amend to non-human,default image and no first-person word in the description
815720454,BrandsKingdom,non_human,human,2,"association, clustering",False,False,False,True,,keep non-human,organisation word in the description and no first-person word
815721625,LosHalepenos,non_human,human,2,"association, clustering",False,False,False,True,,keep non-human,organisation word in the description and no first-person word
815729703,sazzemcsazz,human,non_human,2,"association, regression",True,True,False,False,other,keep human,first-person word in the description and no organisation word
815732027,iFayaz,human,non_human,2,"association, regression",True,False,False,False,other,keep human,first-person word in the description and no organisation word
815733519,HeshamBeram,non_human,human,1,association,True,False,False,False,,amend to human,1 method; first-person word or pronoun tag and no organisation word
815731005,samisuperfly,non_human,human,1,association,True,False,False,False,,amend to human,1 method; first-person word or pronoun tag and no organisation word
815720373,almawari,non_human,human,1,association,False,False,False,False,,keep non-human,1 method; no first-person word or pronoun tag free of organisation words
815738471,BlackGtrQuen,human,non_human,1,association,False,False,False,False,forevermore,keep human,Forevermore campaign tweet only
815731645,alexgasratchet,non_human,human,1,text,True,True,False,False,,amend to human,1 method; first-person word or pronoun tag and no organisation word
815729846,peartonjohnson,non_human,human,1,clustering,False,False,False,False,,keep non-human,1 method; no first-person word or pronoun tag free of organisation words
815719654,rabah_wael,human,non_human,1,association,False,False,False,False,other,keep human,"uploaded image or first-person description, not a feed or spam account"
815719800,KeizerCyrus,non_human,human,1,association,True,False,False,False,,amend to human,1 method; first-person word or pronoun tag and no organisation word
815731177,156Sharknose,non_human,human,1,text,False,False,False,False,,keep non-human,1 method; no first-person word or pronoun tag free of organisation words
815730816,lynhamlett1,non_human,human,1,association,False,False,False,False,,keep non-human,1 method; no first-person word or pronoun tag free of organisation words
815723594,ranveersbabe,non_human,human,1,clustering,True,False,False,False,,amend to human,1 method; first-person word or pronoun tag and no organisation word
815729331,AshuriiTsuki,human,non_human,1,association,True,True,False,False,other,keep human,first-person word in the description and no organisation word
815730777,TrianglePascal,non_human,human,1,association,True,False,True,False,,amend to human,1 method; first-person word or pronoun tag and no organisation word
815738989,jemstok,non_human,human,1,classification,False,False,False,False,,keep non-human,1 method; no first-person word or pronoun tag free of organisation words
815734600,JonaSchnedi,non_human,human,1,association,True,False,False,False,,amend to human,1 method; first-person word or pronoun tag and no organisation word
815724980,ARIZONATWEETZ,non_human,human,1,association,False,False,False,True,,keep non-human,organisation word in the description and no first-person word
815728769,jeremy_good,non_human,human,1,regression,False,False,False,False,,keep non-human,1 method; no first-person word or pronoun tag free of organisation words
815731692,PG_ESAM,non_human,human,1,association,False,True,False,False,,amend to human,1 method; first-person word or pronoun tag and no organisation word
815731735,erintaylordesk,non_human,human,1,text,False,False,False,False,,keep non-human,1 method; no first-person word or pronoun tag free of organisation words
815729008,TheSaintOfTous,non_human,human,1,regression,False,False,False,False,,keep non-human,1 method; no first-person word or pronoun tag free of organisation words
815738727,JDSempai,non_human,human,1,association,True,True,False,False,,amend to human,1 method; first-person word or pronoun tag and no organisation word
815732461,xmaya5sos,non_human,human,1,association,False,True,False,False,,amend to human,1 method; first-person word or pronoun tag and no organisation word
815728790,DoHoBOB,non_human,human,1,association,False,True,False,False,,amend to human,1 method; first-person word or pronoun tag and no organisation word
815724598,Mrs_SamusAran,non_human,human,1,association,False,True,False,False,,amend to human,1 method; first-person word or pronoun tag and no organisation word
815729012,AnahienMurcia,non_human,human,1,text,False,True,False,False,,amend to human,1 method; first-person word or pronoun tag and no organisation word
815732524,Sigueme_todo,non_human,human,1,text,False,True,False,False,,amend to human,1 method; first-person word or pronoun tag and no organisation word
815734877,Mistehhhh,non_human,human,1,text,True,True,False,False,,amend to human,1 method; first-person word or pronoun tag and no organisation word
815730222,pweekes48,human,non_human,1,association,True,True,False,False,other,keep human,first-person word in the description and no organisation word
815734244,Collinsfrappe,non_human,human,1,association,True,True,False,False,,amend to human,1 method; first-person word or pronoun tag and no organisation word
815725447,Zinxii_FFA,non_human,human,1,clustering,True,False,False,False,,amend to human,1 method; first-person word or pronoun tag and no organisation word
815731940,NYTweetz,non_human,human,1,association,False,False,False,False,,keep non-human,1 method; no first-person word or pronoun tag free of organisation words
815724858,missaquarius20c,human,non_human,1,association,False,True,False,False,other,amend to non-human,default image and no first-person word in the description
815722579,tonguesintrees,non_human,human,1,text,False,True,False,False,,amend to human,1 method; first-person word or pronoun tag and no organisation word
815735836,cliffordatass,non_human,human,1,association,True,False,False,False,,amend to human,1 method; first-person word or pronoun tag and no organisation word
815730949,_grace_v,non_human,human,1,text,False,True,False,False,,amend to human,1 method; first-person word or pronoun tag and no organisation word
815729310,Rob_Simple,non_human,human,1,association,True,False,False,False,,amend to human,1 method; first-person word or pronoun tag and no organisation word
815735409,shad_rahman_,non_human,human,1,association,False,False,False,False,,keep non-human,1 method; no first-person word or pronoun tag free of organisation words
815734398,1electricpirate,non_human,human,1,association,True,True,False,False,,amend to human,1 method; first-person word or pronoun tag and no organisation word
815736924,mbtimelord,non_human,human,1,association,False,False,False,False,,keep non-human,1 method; no first-person word or pronoun tag free of organisation words
815737970,chaacSmite,non_human,human,1,text,True,True,False,False,,amend to human,1 method; first-person word or pronoun tag and no organisation word
815737769,Obmaha,non_human,human,1,text,True,False,False,False,,amend to human,1 method; first-person word or pronoun tag and no organisation word
815722970,MathPowerPoints,non_human,human,1,association,False,False,False,False,,keep non-human,1 method; no first-person word or pronoun tag free of organisation words
815730349,NWSodor23,non_human,human,1,association,False,False,False,False,,keep non-human,1 method; no first-person word or pronoun tag free of organisation words
815722164,oCruiise,non_human,human,1,association,True,False,False,True,,keep non-human,1 method; no first-person word or pronoun tag free of organisation words
815725734,os4185,non_human,human,1,classification,False,False,False,True,,keep non-human,organisation word in the description and no first-person word
815720266,DolphinDivePro,non_human,human,1,association,False,False,False,False,,keep non-human,1 method; no first-person word or pronoun tag free of organisation words
815733175,Beardlini,non_human,human,1,text,False,True,False,False,,amend to human,1 method; first-person word or pronoun tag and no organisation word
815719907,flotsamfiles,non_human,human,1,association,False,False,False,False,,keep non-human,1 method; no first-person word or pronoun tag free of organisation words
815736408,SimplyAnder,non_human,human,1,association,False,True,False,False,,amend to human,1 method; first-person word or pronoun tag and no organisation word
815738605,toshboy99,non_human,human,1,classification,True,True,False,False,,amend to human,1 method; first-person word or pronoun tag and no organisation word
815725885,breebird33,non_human,human,1,association,True,False,False,False,,amend to human,1 method; first-person word or pronoun tag and no organisation word
815723888,DubbzBear,non_human,human,1,association,True,True,False,True,,keep non-human,1 method; no first-person word or pronoun tag free of organisation words
815719276,home8biz,human,non_human,1,association,True,False,False,False,other,keep human,first-person word in the description and no organisation word
815727114,Mythical_Skrub,non_human,human,1,association,True,True,False,False,,amend to human,1 method; first-person word or pronoun tag and no organisation word
815739022,TonyIguana69,non_human,human,1,clustering,True,True,False,False,,amend to human,1 method; first-person word or pronoun tag and no organisation word
815738780,liizasoberrano,human,non_human,1,association,False,False,False,False,forevermore,keep human,Forevermore campaign tweet only
815720698,Dscin_9510,human,non_human,1,association,False,False,False,False,other,amend to non-human,default image and no first-person word in the description
815736615,WaltFrench,non_human,human,1,association,False,False,False,False,,keep non-human,1 method; no first-person word or pronoun tag free of organisation words
815736972,TheLatsbrah,non_human,human,1,association,False,False,False,False,,keep non-human,1 method; no first-person word or pronoun tag free of organisation words
815719911,SpiritOfEnLes,non_human,human,1,association,True,False,True,False,,amend to human,1 method; first-person word or pronoun tag and no organisation word
815736722,sadwitches,non_human,human,1,clustering,True,True,False,False,,amend to human,1 method; first-person word or pronoun tag and no organisation word
815736344,ClarityDaily,non_human,human,1,clustering,False,False,False,False,,keep non-human,1 method; no first-person word or pronoun tag free of organisation words
815722461,DominationTos,non_human,human,1,association,False,False,False,False,,keep non-human,1 method; no first-person word or pronoun tag free of organisation words
815738508,ShezaHolmes,non_human,human,1,text,True,True,False,False,,amend to human,1 method; first-person word or pronoun tag and no organisation word
815720654,wellmemedsir,non_human,human,1,association,True,False,False,False,,amend to human,1 method; first-person word or pronoun tag and no organisation word
815722974,Dfitz9477,non_human,human,1,classification,False,False,False,False,,keep non-human,1 method; no first-person word or pronoun tag free of organisation words
815738399,enichols168,human,non_human,1,association,False,True,False,False,other,amend to non-human,default image and no first-person word in the description
815735174,duckwellsvintag,human,non_human,1,association,False,False,False,False,other,keep human,"uploaded image or first-person description, not a feed or spam account"
815726817,ZeusCarver,non_human,human,1,association,True,True,False,False,,amend to human,1 method; first-person word or pronoun tag and no organisation word
815727643,MartyMcTweet,non_human,human,1,association,False,False,False,False,,keep non-human,1 method; no first-person word or pronoun tag free of organisation words
815731140,ImWryz,non_human,human,1,association,True,False,False,False,,amend to human,1 method; first-person word or pronoun tag and no organisation word
815735225,hologramvron,non_human,human,1,association,True,True,False,False,,amend to human,1 method; first-person word or pronoun tag and no organisation word
815729024,MegaLobsterFace,non_human,human,1,clustering,True,True,False,False,,amend to human,1 method; first-person word or pronoun tag and no organisation word
815725934,erynies,non_human,human,1,association,True,False,False,False,,amend to human,1 method; first-person word or pronoun tag and no organisation word
815738697,anacastillejo24,human,non_human,1,association,False,False,False,False,forevermore,keep human,Forevermore campaign tweet only
815723066,FFGC_SMatthews,non_human,human,1,text,False,False,False,False,,keep non-human,1 method; no first-person word or pronoun tag free of organisation words
815727073,louehisart,non_human,human,1,text,True,False,False,False,,amend to human,1 method; first-person word or pronoun tag and no organisation word
815732036,ForMyDreamBody,non_human,human,1,text,True,True,False,False,,amend to human,1 method; first-person word or pronoun tag and no organisation word
815732828,AnimalWorIds,non_human,human,1,clustering,False,False,False,False,,keep non-human,1 method; no first-person word or pronoun tag free of organisation words
815721918,maaakstiles,non_human,human,1,regression,False,False,False,False,,keep non-human,1 method; no first-person word or pronoun tag free of organisation words
815736555,JulianLives,non_human,human,1,association,True,False,False,False,,amend to human,1 method; first-person word or pronoun tag and no organisation word
815732483,CliathAthaBaile,non_human,human,1,clustering,False,False,False,False,,keep non-human,1 method; no first-person word or pronoun tag free of organisation words
815738417,TKEsmalls,non_human,human,1,regression,True,True,False,False,,amend to human,1 method; first-person word or pronoun tag and no organisation word
815731207,louissrovers,non_human,human,1,text,True,True,False,False,,amend to human,1 method; first-person word or pronoun tag and no organisation word
815719431,English_Cocker,non_human,human,1,text,False,True,False,False,,amend to human,1 method; first-person word or pronoun tag and no organisation word
815724077,vBubblez,non_human,human,1,association,False,False,False,False,,keep non-human,1 method; no first-person word or pronoun tag free of organisation words
815731549,Phoenixarised,non_human,human,1,association,False,True,False,False,,amend to human,1 method; first-person word or pronoun tag and no organisation word
815732571,ffourie,human,non_human,1,association,False,False,False,False,other,keep human,"uploaded image or first-person description, not a feed or spam account"
815730449,ZroHour,non_human,human,1,association,False,True,False,False,,amend to human,1 method; first-person word or pronoun tag and no organisation word
815735008,MistyDragon13,non_human,human,1,association,True,True,False,False,,amend to human,1 method; first-person word or pronoun tag and no organisation word
815737817,hemmoschode,non_human,human,1,text,True,True,False,False,,amend to human,1 method; first-person word or pronoun tag and no organisation word
815728421,KuruC_ebooks,human,non_human,1,association,False,True,False,False,other,keep human,"uploaded image or first-person description, not a feed or spam account"
815725877,RaiderDelta,non_human,human,1,association,False,False,False,False,,keep non-human,1 method; no first-person word or pronoun tag free of organisation words
815738612,LizQuenDos,human,non_human,1,association,False,False,False,False,forevermore,keep human,Forevermore campaign tweet only
815729261,theformalcat,non_human,human,1,clustering,True,False,False,False,,amend to human,1 method; first-person word or pronoun tag and no organisation word
815729981,stingreyesXC,non_human,human,1,association,True,True,False,False,,amend to human,1 method; first-person word or pronoun tag and no organisation word
815727509,Zoom808,non_human,human,1,classification,True,False,False,False,,amend to human,1 method; first-person word or pronoun tag and no organisation word
815736956,mytimeIord,non_human,human,1,association,False,True,False,False,,amend to human,1 method; first-person word or pronoun tag and no organisation word
815723769,PTAlanSwann,non_human,human,1,text,True,False,False,False,,amend to human,1 method; first-person word or pronoun tag and no organisation word
815732421,Bigoldsupermoon,non_human,human,1,association,False,False,False,False,,keep non-human,1 method; no first-person word or pronoun tag free of organisation words
815733182,Dowoha,non_human,human,1,classification,False,True,False,False,,amend to human,1 method; first-person word or pronoun tag and no organisation word
815736330,Jazzzyone,non_human,human,1,association,False,False,False,False,,keep non-human,1 method; no first-person word or pronoun tag free of organisation words
815729944,gemsglow,non_human,human,1,association,False,True,True,False,,amend to human,1 method; first-person word or pronoun tag and no organisation word
815723537,BlackTopMediaUK,non_human,human,1,association,True,False,False,False,,amend to human,1 method; first-person word or pronoun tag and no organisation word
815726976,BCmoney805,non_human,human,1,text,False,True,False,False,,amend to human,1 method; first-person word or pronoun tag and no organisation word
815735798,IamalrightJack,non_human,human,1,association,False,True,False,False,,amend to human,1 method; first-person word or pronoun tag and no organisation word
815733637,Fony_Zony,non_human,human,1,association,True,False,False,False,,amend to human,1 method; first-person word or pronoun tag and no organisation word
815732432,SHU10c,non_human,human,1,association,False,False,False,False,,keep non-human,1 method; no first-person word or pronoun tag free of organisation words
815734420,pepperqt,non_human,human,1,association,False,False,False,True,,keep non-human,organisation word in the description and no first-person word
815724240,PhoenixTalkRad,human,non_human,1,association,False,False,False,True,other,keep human,"uploaded image or first-person description, not a feed or spam account"
815737367,unfoldURwings,non_human,human,1,association,False,False,False,False,,keep non-human,1 method; no first-person word or pronoun tag free of organisation words
815733858,bonorwich,non_human,human,1,classification,False,False,False,False,,keep non-human,1 method; no first-person word or pronoun tag free of organisation words
815728940,HowitzerDoogie,non_human,human,1,association,True,True,False,False,,amend to human,1 method; first-person word or pronoun tag and no organisation word
815732105,NoChiIlTweets,non_human,human,1,text,True,True,False,False,,amend to human,1 method; first-person word or pronoun tag and no organisation word
815719619,Pixelfish,non_human,human,1,association,False,False,False,False,,keep non-human,1 method; no first-person word or pronoun tag free of organisation words
815738604,crayoness,non_human,human,1,association,True,False,False,False,,amend to human,1 method; first-person word or pronoun tag and no organisation word
815729545,ClanViolent,non_human,human,1,association,True,False,False,False,,amend to human,1 method; first-person word or pronoun tag and no organisation word
815730207,WanderingNewbie,non_human,human,1,association,True,False,False,False,,amend to human,1 method; first-person word or pronoun tag and no organisation word
815727413,combeferretxt,non_human,human,1,association,False,True,False,False,,amend to human,1 method; first-person word or pronoun tag and no organisation word
815738473,marladee34,human,non_human,1,association,False,False,False,False,forevermore,keep human,Forevermore campaign tweet only
815733096,sypijeleje,non_human,human,1,clustering,False,False,False,False,,keep non-human,1 method; no first-person word or pronoun tag free of organisation words
815735985,soconnor76,non_human,human,1,text,True,False,False,False,,amend to human,1 method; first-person word or pronoun tag and no organisation word
815737186,bonhomme37,non_human,human,1,clustering,False,False,False,False,,keep non-human,1 method; no first-person word or pronoun tag free of organisation words
815733998,Luminaria98,non_human,human,1,classification,True,False,False,False,,amend to human,1 method; first-person word or pronoun tag and no organisation word
815726408,Legna989,non_human,human,1,clustering,True,True,False,False,,amend to human,1 method; first-person word or pronoun tag and no organisation word
815732702,WingMayra,human,non_human,1,association,False,True,False,False,other,keep human,"uploaded image or first-person description, not a feed or spam account"
815722030,NeilaK20,non_human,human,1,association,False,True,False,False,,amend to human,1 method; first-person word or pronoun tag and no organisation word
815735250,itzmide,human,non_human,1,association,False,False,False,False,other,keep human,"uploaded image or first-person description, not a feed or spam account"
815733793,AIgerian,non_human,human,1,association,False,True,False,True,,keep non-human,1 method; no first-person word or pronoun tag free of organisation words
815735694,SWTvictim,non_human,human,1,association,True,False,False,False,,amend to human,1 method; first-person word or pronoun tag and no organisation word
815731938,Gerrisol,non_human,human,1,text,False,False,False,False,,keep non-human,1 method; no first-person word or pronoun tag free of organisation words
815738337,mikleomore,non_human,human,1,association,True,True,False,False,,amend to human,1 method; first-person word or pronoun tag and no organisation word
815721972,AMCx32,non_human,human,1,association,False,True,False,False,,amend to human,1 method; first-person word or pronoun tag and no organisation word
815720177,BlueCollarDrWho,non_human,human,1,association,True,False,False,False,,amend to human,1 method; first-person word or pronoun tag and no organisation word
815734574,HRHAerickLux,non_human,human,1,text,True,True,False,False,,amend to human,1 method; first-person word or pronoun tag and no organisation word
815729210,balticblau,non_human,human,1,association,False,False,False,True,,keep non-human,organisation word in the description and no first-person word
815723535,cocoandghosty3h,non_human,human,1,text,True,False,False,False,,amend to human,1 method; first-person word or pronoun tag and no organisation word
815736106,bestofgemini_,non_human,human,1,association,False,False,False,False,,keep non-human,1 method; no first-person word or pronoun tag free of organisation words
815736842,PatsCollection,non_human,human,1,text,True,True,False,False,,amend to human,1 method; first-person word or pronoun tag and no organisation word
815721664,PassTimothy,human,non_human,1,association,False,False,False,False,other,keep human,"uploaded image or first-person description, not a feed or spam account"
815736791,yourssssss,human,non_human,1,association,False,False,False,False,other,amend to non-human,default image and no first-person word in the description
815719798,MiwanakamuraEBS,non_human,human,1,association,False,False,False,False,,keep non-human,1 method; no first-person word or pronoun tag free of organisation words
815728390,PixelSSB,non_human,human,1,association,False,False,False,False,,keep non-human,1 method; no first-person word or pronoun tag free of organisation words
815719832,DeadlyRave,non_human,human,1,association,True,False,False,False,,amend to human,1 method; first-person word or pronoun tag and no organisation word
815729051,LukeMtwetwe,human,non_human,1,association,False,False,False,True,other,keep human,"uploaded image or first-person description, not a feed or spam account"
815734799,johnxiethor,non_human,human,1,association,False,False,False,False,,keep non-human,1 method; no first-person word or pronoun tag free of organisation words
815727370,Ellenvindyy,human,non_human,1,association,False,True,False,False,other,keep human,"uploaded image or first-person description, not a feed or spam account"
815734151,KarmenDealza,human,non_human,1,association,False,False,False,False,other,keep human,"uploaded image or first-person description, not a feed or spam account"
815721851,zAcquired,non_human,human,1,clustering,True,False,False,False,,amend to human,1 method; first-person word or pronoun tag and no organisation word
815732706,fantasybballbot,human,non_human,1,association,False,False,False,False,other,keep human,"uploaded image or first-person description, not a feed or spam account"
815739317,itzdizzle,non_human,human,1,association,False,False,False,False,,keep non-human,1 method; no first-person word or pronoun tag free of organisation words
815723265,AstroAthene,non_human,human,1,association,True,True,False,False,,amend to human,1 method; first-person word or pronoun tag and no organisation word
815738961,nuestro_yhvette,human,non_human,1,association,False,False,False,False,forevermore,keep human,Forevermore campaign tweet only
815725278,BillyTorain,non_human,human,1,text,False,False,False,False,,keep non-human,1 method; no first-person word or pronoun tag free of organisation words
815736733,PASTTHEGONE,non_human,human,1,text,False,True,False,False,,amend to human,1 method; first-person word or pronoun tag and no organisation word
815731244,Chchucks,non_human,human,1,regression,False,True,False,False,,amend to human,1 method; first-person word or pronoun tag and no organisation word
815733698,takua343,non_human,human,1,regression,False,True,False,False,,amend to human,1 method; first-person word or pronoun tag and no organisation word
815719568,RichardsBirch,human,non_human,1,association,False,False,False,False,other,keep human,"uploaded image or first-person description, not a feed or spam account"
815732884,_Meio_Ambiente,non_human,human,1,association,False,False,False,False,,keep non-human,1 method; no first-person word or pronoun tag free of organisation words
815724186,macuskeli,non_human,human,1,clustering,False,False,False,False,,keep non-human,1 method; no first-person word or pronoun tag free of organisation words
815726253,Lucius_C_Sulla,non_human,human,1,clustering,False,False,False,False,,keep non-human,1 method; no first-person word or pronoun tag free of organisation words
815727560,beautybydavinia,non_human,human,1,association,True,True,False,False,,amend to human,1 method; first-person word or pronoun tag and no organisation word
815721074,livin_the_life5,non_human,human,1,association,False,True,False,False,,amend to human,1 method; first-person word or pronoun tag and no organisation word
815723335,tasteofassam,non_human,human,1,text,False,False,False,False,,keep non-human,1 method; no first-person word or pronoun tag free of organisation words
815737028,beastcoastlyfe,non_human,human,1,association,False,False,False,True,,keep non-human,organisation word in the description and no first-person word
815731574,Mewtilate,non_human,human,1,text,False,False,False,False,,keep non-human,1 method; no first-person word or pronoun tag free of organisation words
815719992,Heefosaurus,non_human,human,1,association,True,False,False,True,,keep non-human,1 method; no first-person word or pronoun tag free of organisation words
815735329,xIamDeath,non_human,human,1,clustering,False,True,False,False,,amend to human,1 method; first-person word or pronoun tag and no organisation word
815737111,jab50yen,non_human,human,1,association,True,False,False,False,,amend to human,1 method; first-person word or pronoun tag and no organisation word
815728364,StylesDiana145,human,non_human,1,association,False,False,False,False,other,amend to non-human,default image and no first-person word in the description
815731290,turnertech_carl,non_human,human,1,association,False,False,False,False,,keep non-human,1 method; no first-person word or pronoun tag free of organisation words
815737214,OregonBiker,non_human,human,1,text,False,True,False,False,,amend to human,1 method; first-person word or pronoun tag and no organisation word
815736351,robotic_icon,non_human,human,1,clustering,True,False,False,False,,amend to human,1 method; first-person word or pronoun tag and no organisation word
815737404,drgnkiller,non_human,human,1,association,False,True,False,False,,amend to human,1 method; first-person word or pronoun tag and no organisation word
815722184,rnrnhs_memo_5,human,non_human,1,association,False,False,False,False,other,keep human,"uploaded image or first-person description, not a feed or spam account"
815723702,Fendrake,non_human,human,1,regression,False,True,False,False,,amend to human,1 method; first-person word or pronoun tag and no organisation word
815720363,quen4_liz,human,non_human,1,association,False,False,False,False,forevermore,keep human,Forevermore campaign tweet only
815725172,RosellMartin88,non_human,human,1,text,False,False,False,False,,keep non-human,1 method; no first-person word or pronoun tag free of organisation words
815725980,7digital_UK,non_human,human,1,association,False,False,False,True,,keep non-human,organisation word in the description and no first-person word
815730496,kneedough,non_human,human,1,clustering,False,False,False,False,,keep non-human,1 method; no first-person word or pronoun tag free of organisation words
815719253,the_offical_ios,non_human,human,1,association,False,False,False,False,,keep non-human,1 method; no first-person word or pronoun tag free of organisation words
815723179,trapking_P4L,human,non_human,1,association,False,False,False,False,other,keep human,"uploaded image or first-person description, not a feed or spam account"
815735479,msmegancotto,human,non_human,1,association,True,False,False,False,other,keep human,first-person word in the description and no organisation word
815719949,GirlOnUtd,non_human,human,1,association,True,False,False,False,,amend to human,1 method; first-person word or pronoun tag and no organisation word
815723827,Dewhz,non_human,human,1,association,True,True,False,False,,amend to human,1 method; first-person word or pronoun tag and no organisation word
815732398,613Linkshot,non_human,human,1,association,True,False,False,False,,amend to human,1 method; first-person word or pronoun tag and no organisation word
815732721,sindarina,non_human,human,1,association,False,True,False,False,,amend to human,1 method; first-person word or pronoun tag and no organisation word
815738516,gabriel13737457,human,non_human,1,clustering,False,False,False,False,forevermore,keep human,Forevermore campaign tweet only
815738683,LeezaMari15,human,non_human,1,association,False,False,False,False,forevermore,keep human,Forevermore campaign tweet only
815725486,c0l5hy69,non_human,human,1,clustering,False,False,False,False,,keep non-human,1 method; no first-person word or pronoun tag free of organisation words
815721211,AyoRahji,human,non_human,1,association,False,False,False,False,other,keep human,"uploaded image or first-person description, not a feed or spam account"
815722327,hulk4477,non_human,human,1,association,False,True,False,False,,amend to human,1 method; first-person word or pronoun tag and no organisation word
815734644,xlarspanda,human,non_human,1,association,False,True,False,False,app-written,keep human,"uploaded image or first-person description, not a feed or spam account"
815727291,iglvzx_ebooks,non_human,human,1,association,False,True,False,False,,amend to human,1 method; first-person word or pronoun tag and no organisation word
815731663,JulietCohenn,human,non_human,1,association,False,False,False,False,other,amend to non-human,default image and no first-person word in the description
815720156,rockandpink4u,non_human,human,1,association,False,True,False,False,,amend to human,1 method; first-person word or pronoun tag and no organisation word
815733716,SuicideBiscuits,non_human,human,1,association,True,True,False,False,,amend to human,1 method; first-person word or pronoun tag and no organisation word
815735005,EthanVei,non_human,human,1,clustering,False,False,False,False,,keep non-human,1 method; no first-person word or pronoun tag free of organisation words
815734519,RyProductions_,non_human,human,1,association,False,False,False,False,,keep non-human,1 method; no first-person word or pronoun tag free of organisation words
815735527,SuruLT,non_human,human,1,text,False,True,False,False,,amend to human,1 method; first-person word or pronoun tag and no organisation word
815736636,DanteNevante,human,non_human,1,association,False,False,False,False,other,keep human,"uploaded image or first-person description, not a feed or spam account"
815727974,jljaina,non_human,human,1,regression,False,True,False,False,,amend to human,1 method; first-person word or pronoun tag and no organisation word
815721170,KuzeHibiki_AR,human,non_human,1,association,True,False,False,False,other,keep human,first-person word in the description and no organisation word
815726967,44LETHARosa9,human,non_human,1,association,False,False,False,False,other,keep human,"uploaded image or first-person description, not a feed or spam account"
815721793,psu4joe,human,non_human,1,association,False,False,False,False,other,amend to non-human,default image and no first-person word in the description
815730102,Miles_Smith98,human,non_human,1,association,False,False,False,False,other,amend to non-human,default image and no first-person word in the description
815733673,FarpointToys,non_human,human,1,association,False,False,False,False,,keep non-human,1 method; no first-person word or pronoun tag free of organisation words
815720491,DebbyCrane,human,non_human,1,association,False,False,False,False,other,amend to non-human,default image and no first-person word in the description
815731390,jaklumen,non_human,human,1,clustering,False,False,False,False,,keep non-human,1 method; no first-person word or pronoun tag free of organisation words
815720452,Copypasteadscom,human,non_human,1,association,False,False,False,False,other,keep human,"uploaded image or first-person description, not a feed or spam account"
815739231,BarbaraHewson,non_human,human,1,association,True,True,False,False,,amend to human,1 method; first-person word or pronoun tag and no organisation word
815722399,ItsHumanity,non_human,human,1,text,True,True,False,False,,amend to human,1 method; first-person word or pronoun tag and no organisation word
815723527,CampbellAustin4,human,non_human,1,association,False,False,False,False,other,keep human,"uploaded image or first-person description, not a feed or spam account"
815732360,SoftballConnect,non_human,human,1,association,False,False,False,False,,keep non-human,1 method; no first-person word or pronoun tag free of organisation words
815730536,TedTerrier,non_human,human,1,association,True,True,False,False,,amend to human,1 method; first-person word or pronoun tag and no organisation word
815733429,MayaCob,human,non_human,1,association,False,False,False,False,other,keep human,"uploaded image or first-person description, not a feed or spam account"
815738480,LizQuenMeXhing,human,non_human,1,association,False,False,False,False,forevermore,keep human,Forevermore campaign tweet only
815725823,real_x_medium,non_human,human,1,association,False,False,False,False,,keep non-human,1 method; no first-person word or pronoun tag free of organisation words
815721594,NormalLass,non_human,human,1,association,True,True,False,False,,amend to human,1 method; first-person word or pronoun tag and no organisation word
815730414,seagull1973,human,non_human,1,association,False,True,False,False,other,amend to non-human,default image and no first-person word in the description
815720927,GalaxyRemix922,non_human,human,1,clustering,False,False,False,True,,keep non-human,organisation word in the description and no first-person word
815722347,prslava15,human,non_human,1,association,False,True,False,False,forevermore,keep human,Forevermore campaign tweet only
815720072,ckcucco,non_human,human,1,association,True,True,True,False,,amend to human,1 method; first-person word or pronoun tag and no organisation word
815724321,TrickyBee,non_human,human,1,association,True,True,False,False,,amend to human,1 method; first-person word or pronoun tag and no organisation word
815734056,arsenalamerica,non_human,human,1,regression,False,False,False,True,,keep non-human,organisation word in the description and no first-person word
815727632,Cyberghetto,non_human,human,1,classification,True,False,False,False,,amend to human,1 method; first-person word or pronoun tag and no organisation word
815736026,TakiingFliights,non_human,human,1,association,False,False,False,True,,keep non-human,organisation word in the description and no first-person word
815736945,ThePaintedElf,non_human,human,1,text,True,True,False,False,,amend to human,1 method; first-person word or pronoun tag and no organisation word
815724370,AlbertLeah1,human,non_human,1,association,False,False,False,False,other,keep human,"uploaded image or first-person description, not a feed or spam account"
815727353,jewontheright,non_human,human,1,text,False,True,False,False,,amend to human,1 method; first-person word or pronoun tag and no organisation word
815727792,locatheshowgirl,non_human,human,1,association,False,False,True,False,,amend to human,1 method; first-person word or pronoun tag and no organisation word
815720301,irisannwests,non_human,human,1,association,False,False,False,False,,keep non-human,1 method; no first-person word or pronoun tag free of organisation words
815725559,MSK_ISU,non_human,human,1,association,True,True,False,True,,keep non-human,1 method; no first-person word or pronoun tag free of organisation words
815733316,dialecticube,non_human,human,1,association,False,True,False,False,,amend to human,1 method; first-person word or pronoun tag and no organisation word
815734375,semieitas,non_human,human,1,association,False,False,True,False,,amend to human,1 method; first-person word or pronoun tag and no organisation word
815728172,Re_lDonaldTrump,non_human,human,1,association,False,True,False,True,,keep non-human,1 method; no first-person word or pronoun tag free of organisation words
815738511,Futureollg1313,non_human,human,1,text,True,False,False,False,,amend to human,1 method; first-person word or pronoun tag and no organisation word
815734380,MrAmaru,non_human,human,1,association,False,True,False,False,,amend to human,1 method; first-person word or pronoun tag and no organisation word
815727261,dBlackHiPPyfan,non_human,human,1,association,False,True,False,False,,amend to human,1 method; first-person word or pronoun tag and no organisation word
815736489,TravelHistory_,non_human,human,1,association,False,False,False,False,,keep non-human,1 method; no first-person word or pronoun tag free of organisation words
815720443,always_vote,non_human,human,1,association,False,True,False,True,,keep non-human,1 method; no first-person word or pronoun tag free of organisation words
815728973,karaokequeen85,human,non_human,1,regression,True,True,False,False,other,keep human,first-person word in the description and no organisation word
815731230,johnegolf,human,non_human,1,association,False,False,False,False,other,keep human,"uploaded image or first-person description, not a feed or spam account"
815731371,AidenInskeep,human,non_human,1,association,True,False,False,True,other,keep human,"uploaded image or first-person description, not a feed or spam account"
815736792,MattyPar23,human,non_human,1,association,False,False,False,False,other,amend to non-human,default image and no first-person word in the description
815720725,partmentalsoul,non_human,human,1,clustering,False,False,False,False,,keep non-human,1 method; no first-person word or pronoun tag free of organisation words
815732920,StripedGypsum,non_human,human,1,association,False,True,True,False,,amend to human,1 method; first-person word or pronoun tag and no organisation word
815729162,StarSignMakoto,non_human,human,1,association,True,False,False,False,,amend to human,1 method; first-person word or pronoun tag and no organisation word
815730950,JJayTee_,non_human,human,1,association,False,True,False,False,,amend to human,1 method; first-person word or pronoun tag and no organisation word
815739536,OrionsBlack,non_human,human,1,clustering,False,False,False,False,,keep non-human,1 method; no first-person word or pronoun tag free of organisation words
815720888,Isolated_Shadow,non_human,human,1,association,True,False,False,False,,amend to human,1 method; first-person word or pronoun tag and no organisation word
815720658,martiraulmartin,human,non_human,1,association,False,False,False,False,other,keep human,"uploaded image or first-person description, not a feed or spam account"
815731057,MimiNiMukale,non_human,human,1,text,False,False,False,False,,keep non-human,1 method; no first-person word or pronoun tag free of organisation words
815729946,N2fotoTed,human,non_human,1,association,False,True,False,False,other,amend to non-human,default image and no first-person word in the description
815720772,utau_gyuhwa,human,non_human,1,association,False,True,False,False,other,keep human,"uploaded image or first-person description, not a feed or spam account"
815727832,EdelmanGOAT,non_human,human,1,association,False,True,False,False,,amend to human,1 method; first-person word or pronoun tag and no organisation word
815731321,GothGalaxyGirl,non_human,human,1,association,True,True,False,False,,amend to human,1 method; first-person word or pronoun tag and no organisation word
815719597,DenmattdomR,non_human,human,1,association,False,False,False,False,,keep non-human,1 method; no first-person word or pronoun tag free of organisation words
815735980,Asahi_Chan86,non_human,human,1,association,True,False,False,False,,amend to human,1 method; first-person word or pronoun tag and no organisation word
815722950,BenoistDaily,human,non_human,1,association,False,False,False,True,news/feed,amend to non-human,news or content feed (read by hand)
815719686,SchuckJH,non_human,human,1,association,False,False,False,False,,keep non-human,1 method; no first-person word or pronoun tag free of organisation words
815719930,StevePowellUKIP,non_human,human,1,association,False,True,False,False,,amend to human,1 method; first-person word or pronoun tag and no organisation word
815732763,RemixGOAT,non_human,human,1,association,True,True,False,False,,amend to human,1 method; first-person word or pronoun tag and no organisation word
815735222,CasNovak305,non_human,human,1,clustering,True,False,False,True,,keep non-human,1 method; no first-person word or pronoun tag free of organisation words
815736009,pewdiepie_ITBot,non_human,human,1,association,True,True,False,False,,amend to human,1 method; first-person word or pronoun tag and no organisation word
815720346,HogwartsCitou,non_human,human,1,clustering,False,False,False,False,,keep non-human,1 method; no first-person word or pronoun tag free of organisation words
815726463,MarydeVille1,human,non_human,1,association,False,False,False,False,other,amend to non-human,default image and no first-person word in the description
815730962,SmpBangers,non_human,human,1,association,False,False,False,False,,keep non-human,1 method; no first-person word or pronoun tag free of organisation words
815733100,hell_ass_,non_human,human,1,association,False,True,True,False,,amend to human,1 method; first-person word or pronoun tag and no organisation word
815731801,MRJJIZZLE,non_human,human,1,association,False,True,False,True,,keep non-human,1 method; no first-person word or pronoun tag free of organisation words
815733376,ShepherdThor,non_human,human,1,association,True,True,False,False,,amend to human,1 method; first-person word or pronoun tag and no organisation word
815720699,AberJohnny,non_human,human,1,regression,False,True,False,False,,amend to human,1 method; first-person word or pronoun tag and no organisation word
815726875,noquestions,non_human,human,1,clustering,False,False,False,False,,keep non-human,1 method; no first-person word or pronoun tag free of organisation words
815736335,fanficfr,non_human,human,1,text,False,False,False,False,,keep non-human,1 method; no first-person word or pronoun tag free of organisation words
815729303,ajaw_,non_human,human,1,association,True,False,False,True,,keep non-human,1 method; no first-person word or pronoun tag free of organisation words
815738501,Bamford_ID,human,non_human,1,association,False,False,False,True,news/feed,amend to non-human,news or content feed (read by hand)
815722704,UntzUntzWubWub,human,non_human,1,association,True,False,False,False,other,keep human,first-person word in the description and no organisation word
815736889,FKittlerbot,human,non_human,1,association,False,False,False,False,other,keep human,"uploaded image or first-person description, not a feed or spam account"
815720383,ROYelHassan,non_human,human,1,association,False,False,False,True,,keep non-human,organisation word in the description and no first-person word
815720135,ramomann,human,non_human,1,association,False,True,False,False,other,amend to non-human,default image and no first-person word in the description
815720661,aminusania,human,non_human,1,association,False,False,False,False,other,keep human,"uploaded image or first-person description, not a feed or spam account"
815732341,WatermelonBloke,non_human,human,1,classification,False,False,False,False,,keep non-human,1 method; no first-person word or pronoun tag free of organisation words
815724897,chzbizman,human,non_human,1,association,False,False,False,False,other,keep human,"uploaded image or first-person description, not a feed or spam account"
815727136,Ididntfart,non_human,human,1,association,True,False,False,False,,amend to human,1 method; first-person word or pronoun tag and no organisation word
815731019,voidfangchest,non_human,human,1,association,False,True,False,True,,keep non-human,1 method; no first-person word or pronoun tag free of organisation words
815734084,Narrator_Claire,non_human,human,1,regression,False,False,False,False,,keep non-human,1 method; no first-person word or pronoun tag free of organisation words
815737381,JackRogersUSA,non_human,human,1,association,False,True,False,True,,keep non-human,1 method; no first-person word or pronoun tag free of organisation words
815728719,SnowLover78,human,non_human,1,association,False,False,False,False,other,amend to non-human,default image and no first-person word in the description
815736502,GeckoQuoteBot,non_human,human,1,text,False,True,False,False,,amend to human,1 method; first-person word or pronoun tag and no organisation word
815727217,lynx_3053,non_human,human,1,association,False,False,False,False,,keep non-human,1 method; no first-person word or pronoun tag free of organisation words
815719940,Nebachudrezzar,non_human,human,1,association,False,False,False,False,,keep non-human,1 method; no first-person word or pronoun tag free of organisation words
815738051,GiftsVitality,non_human,human,1,association,False,True,False,False,,amend to human,1 method; first-person word or pronoun tag and no organisation word
815733362,MayaRSun,human,non_human,1,association,False,False,False,False,other,keep human,"uploaded image or first-person description, not a feed or spam account"
815738631,laulet,human,non_human,1,association,False,False,False,False,other,amend to non-human,default image and no first-person word in the description
815723474,MrMoustacheCat,non_human,human,1,association,True,False,False,False,,amend to human,1 method; first-person word or pronoun tag and no organisation word
815723914,khcsportsman85,human,non_human,1,association,True,False,False,False,other,keep human,first-person word in the description and no organisation word
815730653,GlitterSpresso,non_human,human,1,association,True,True,False,False,,amend to human,1 method; first-person word or pronoun tag and no organisation word
815734397,sonicherosfan,non_human,human,1,association,True,True,False,False,,amend to human,1 method; first-person word or pronoun tag and no organisation word
815733491,TeamAHarmon,non_human,human,1,association,False,False,False,False,,keep non-human,1 method; no first-person word or pronoun tag free of organisation words
815735123,Davidwash3r3,non_human,human,1,clustering,False,True,False,False,,amend to human,1 method; first-person word or pronoun tag and no organisation word
815729716,E_BPR,non_human,human,1,association,False,False,False,False,,keep non-human,1 method; no first-person word or pronoun tag free of organisation words
815720067,cyberwuff,non_human,human,1,association,False,False,False,False,,keep non-human,1 method; no first-person word or pronoun tag free of organisation words
815730979,rudetellzLBC,non_human,human,1,clustering,False,False,False,False,,keep non-human,1 method; no first-person word or pronoun tag free of organisation words
815734037,ScyTweeter,non_human,human,1,text,False,False,False,False,,keep non-human,1 method; no first-person word or pronoun tag free of organisation words
815738184,tomred5,non_human,human,1,classification,False,False,False,False,,keep non-human,1 method; no first-person word or pronoun tag free of organisation words
815726623,ZOANTHROPOLOGY,non_human,human,1,association,False,True,False,False,,amend to human,1 method; first-person word or pronoun tag and no organisation word
815726197,BenjaminHayden3,human,non_human,1,association,False,False,False,False,other,keep human,"uploaded image or first-person description, not a feed or spam account"
815720343,HopeQuen3,human,non_human,1,association,False,False,False,False,forevermore,keep human,Forevermore campaign tweet only
815727461,antelopeezer,non_human,human,1,association,False,False,False,False,,keep non-human,1 method; no first-person word or pronoun tag free of organisation words
815732092,beeinchicago,human,non_human,1,association,False,False,False,False,other,amend to non-human,default image and no first-person word in the description
815726135,smashb1,non_human,human,1,clustering,False,False,False,False,,keep non-human,1 method; no first-person word or pronoun tag free of organisation words
815724609,ManaGallis1,human,non_human,1,association,False,False,False,False,other,keep human,"uploaded image or first-person description, not a feed or spam account"
815724302,CorsoDavidEd,non_human,human,1,association,True,False,False,False,,amend to human,1 method; first-person word or pronoun tag and no organisation word
815738009,Team_Christ77,non_human,human,1,clustering,False,False,False,False,,keep non-human,1 method; no first-person word or pronoun tag free of organisation words
815721909,Dessy_Dragon,non_human,human,1,association,False,True,False,False,,amend to human,1 method; first-person word or pronoun tag and no organisation word
815720833,adhipolice881,non_human,human,1,text,True,True,False,False,,amend to human,1 method; first-person word or pronoun tag and no organisation word
815719241,Ayu7sith4,human,non_human,1,association,False,False,False,False,other,keep human,"uploaded image or first-person description, not a feed or spam account"
815719264,lifessubatomic,non_human,human,1,association,False,False,False,False,,keep non-human,1 method; no first-person word or pronoun tag free of organisation words
815719303,BuzzellNatalie,human,non_human,1,association,False,False,False,False,other,keep human,"uploaded image or first-person description, not a feed or spam account"
815719375,msrainerain,human,non_human,1,association,False,False,False,False,other,keep human,"uploaded image or first-person description, not a feed or spam account"
815719381,4qhks,non_human,human,1,text,True,False,False,False,,amend to human,1 method; first-person word or pronoun tag and no organisation word
815719393,Kingabdul07,human,non_human,1,association,True,False,False,False,other,keep human,first-person word in the description and no organisation word
815719400,WarOnTheRocks,non_human,human,1,clustering,False,False,False,False,,keep non-human,1 method; no first-person word or pronoun tag free of organisation words
815719575,HaileyW22810137,human,non_human,1,clustering,False,False,False,False,other,keep human,"uploaded image or first-person description, not a feed or spam account"
815719595,WarrenColton1,human,non_human,1,association,False,False,False,False,other,keep human,"uploaded image or first-person description, not a feed or spam account"
815719627,CramerRonald1,human,non_human,1,association,False,False,False,False,other,keep human,"uploaded image or first-person description, not a feed or spam account"
815719664,Bstbookpromos,non_human,human,1,association,False,True,False,False,,amend to human,1 method; first-person word or pronoun tag and no organisation word
815719702,KitsonLA,non_human,human,1,association,False,False,False,True,,keep non-human,organisation word in the description and no first-person word
815719886,AngryBlkManDC,human,non_human,1,association,True,True,False,False,other,keep human,first-person word in the description and no organisation word
815720037,DavidThinkr,human,non_human,1,association,True,False,False,False,other,keep human,first-person word in the description and no organisation word
815720088,RONAinc,non_human,human,1,association,False,False,False,False,,keep non-human,1 method; no first-person word or pronoun tag free of organisation words
815720238,craigsmithim,human,non_human,1,association,True,False,False,False,other,keep human,first-person word in the description and no organisation word
815720271,Dragon_Ball_S_,non_human,human,1,clustering,False,False,False,False,,keep non-human,1 method; no first-person word or pronoun tag free of organisation words
815720340,etailPR,non_human,human,1,association,False,False,False,True,,keep non-human,organisation word in the description and no first-person word
815720349,liz_quen2,human,non_human,1,association,False,False,False,False,forevermore,keep human,Forevermore campaign tweet only
815720350,HopeeQuen,human,non_human,1,association,False,False,False,False,forevermore,keep human,Forevermore campaign tweet only
815720381,intermtnsports,non_human,human,1,association,True,False,False,False,,amend to human,1 method; first-person word or pronoun tag and no organisation word
815720405,northernrailorg,non_human,human,1,association,False,True,False,True,,keep non-human,1 method; no first-person word or pronoun tag free of organisation words
815720438,EdnaFitzgerald8,human,non_human,1,association,False,False,False,False,other,keep human,"uploaded image or first-person description, not a feed or spam account"
815720450,AFlyswatter,non_human,human,1,text,False,False,False,False,,keep non-human,1 method; no first-person word or pronoun tag free of organisation words
815720451,Dem5SOS_Updates,non_human,human,1,association,False,True,False,True,,keep non-human,1 method; no first-person word or pronoun tag free of organisation words
815720470,CampbellDerric1,human,non_human,1,association,False,False,False,False,other,keep human,"uploaded image or first-person description, not a feed or spam account"
815720481,seansramblings,non_human,human,1,classification,True,True,False,False,,amend to human,1 method; first-person word or pronoun tag and no organisation word
815720482,BostonRDT,non_human,human,1,regression,False,False,False,True,,keep non-human,organisation word in the description and no first-person word
815720511,TraceyRobert1,human,non_human,1,association,False,False,False,False,other,keep human,"uploaded image or first-person description, not a feed or spam account"
815720519,KatelynAlyssa5,human,non_human,1,association,False,False,False,False,other,keep human,"uploaded image or first-person description, not a feed or spam account"
815720524,JuliaAdamson4,human,non_human,1,association,False,False,False,False,other,keep human,"uploaded image or first-person description, not a feed or spam account"
815720534,PorterAutumn,human,non_human,1,association,False,False,False,False,other,keep human,"uploaded image or first-person description, not a feed or spam account"
815720552,35JOAN_Ansley02,human,non_human,1,clustering,True,False,False,False,other,keep human,first-person word in the description and no organisation word
815720556,The_Tiders,non_human,human,1,association,False,False,False,True,,keep non-human,organisation word in the description and no first-person word
815720610,andyhartleyuk,human,non_human,1,association,True,False,False,False,news/feed,keep human,first-person word in the description and no organisation word
815720712,ALRAC30,non_human,human,1,classification,False,False,False,False,,keep non-human,1 method; no first-person word or pronoun tag free of organisation words
815720844,TradexFoods,non_human,human,1,association,False,False,False,True,,keep non-human,organisation word in the description and no first-person word
815720897,bulexmagazine,non_human,human,1,association,False,False,False,True,,keep non-human,organisation word in the description and no first-person word
815721032,OneOfTheDingoes,non_human,human,1,association,False,True,False,True,,keep non-human,1 method; no first-person word or pronoun tag free of organisation words
815721053,10MinDQ,non_human,human,1,association,False,False,False,False,,keep non-human,1 method; no first-person word or pronoun tag free of organisation words
815721110,drksportsnews,non_human,human,1,association,True,False,False,True,,keep non-human,1 method; no first-person word or pronoun tag free of organisation words
815721127,KearnyMesaFIAT,non_human,human,1,association,False,False,False,True,,keep non-human,organisation word in the description and no first-person word
815721268,chicdecorstyles,non_human,human,1,association,False,False,False,False,,keep non-human,1 method; no first-person word or pronoun tag free of organisation words
815721305,HealthItCaucus,non_human,human,1,association,False,False,False,False,,keep non-human,1 method; no first-person word or pronoun tag free of organisation words
815721453,EeshiO,human,non_human,1,association,False,False,False,False,other,keep human,"uploaded image or first-person description, not a feed or spam account"
815721493,RBHorseRacing,non_human,human,1,association,False,True,False,True,,keep non-human,1 method; no first-person word or pronoun tag free of organisation words
815721511,RepublicanDojo,non_human,human,1,association,False,False,False,False,,keep non-human,1 method; no first-person word or pronoun tag free of organisation words
815721565,TinyYoshikage,human,non_human,1,association,True,True,False,False,other,keep human,first-person word in the description and no organisation word
815721704,Unilag2Funaab,human,non_human,1,text,True,False,False,True,news/feed,keep human,"uploaded image or first-person description, not a feed or spam account"
815721715,AtchesonRiley,human,non_human,1,association,False,False,False,False,other,keep human,"uploaded image or first-person description, not a feed or spam account"
815721740,ThorndikeSalisb,human,non_human,1,association,False,False,False,False,other,keep human,"uploaded image or first-person description, not a feed or spam account"
815721769,lootcrate,non_human,human,1,association,False,False,False,True,,keep non-human,organisation word in the description and no first-person word
815721874,kinndani,human,non_human,1,association,False,False,False,False,other,keep human,"uploaded image or first-person description, not a feed or spam account"
815721894,MacAdamOwen2,human,non_human,1,association,False,False,False,False,other,keep human,"uploaded image or first-person description, not a feed or spam account"
815721955,etdrmz121,non_human,human,1,association,True,False,False,True,,keep non-human,1 method; no first-person word or pronoun tag free of organisation words
815722191,snapchatsupport,non_human,human,1,association,False,False,False,False,,keep non-human,1 method; no first-person word or pronoun tag free of organisation words
815722207,TeamGalaxyZA,non_human,human,1,association,False,False,False,False,,keep non-human,1 method; no first-person word or pronoun tag free of organisation words
815722235,teamstersonline,non_human,human,1,association,False,False,False,False,,keep non-human,1 method; no first-person word or pronoun tag free of organisation words
815722272,FoComcfc,non_human,human,1,clustering,False,False,False,False,,keep non-human,1 method; no first-person word or pronoun tag free of organisation words
815722300,RC_Allaince,non_human,human,1,clustering,False,True,False,False,,amend to human,1 method; first-person word or pronoun tag and no organisation word
815722319,ChloeGilchrist1,non_human,human,1,association,False,False,False,False,,keep non-human,1 method; no first-person word or pronoun tag free of organisation words
815722321,richmk01,human,non_human,1,association,True,False,False,False,other,keep human,first-person word in the description and no organisation word
815722351,liz_quen3,human,non_human,1,association,False,True,False,False,forevermore,keep human,Forevermore campaign tweet only
815722419,SeraphinTravail,non_human,human,1,regression,False,False,False,False,,keep non-human,1 method; no first-person word or pronoun tag free of organisation words
815722434,X9_DP_71,non_human,human,1,association,False,False,False,False,,keep non-human,1 method; no first-person word or pronoun tag free of organisation words
815722474,bpeculiarmusic,non_human,human,1,association,True,False,False,False,,amend to human,1 method; first-person word or pronoun tag and no organisation word
815722602,SteinbeckCenter,non_human,human,1,clustering,False,False,False,True,,keep non-human,organisation word in the description and no first-person word
815722721,leahanneta,non_human,human,1,association,False,False,False,False,,keep non-human,1 method; no first-person word or pronoun tag free of organisation words
815722836,handbuiltcity,non_human,human,1,association,False,False,False,True,,keep non-human,organisation word in the description and no first-person word
815722857,ThatBoysGood,non_human,human,1,association,True,True,False,False,,amend to human,1 method; first-person word or pronoun tag and no organisation word
815722928,KenyaCrazyMedia,non_human,human,1,association,False,False,False,False,,keep non-human,1 method; no first-person word or pronoun tag free of organisation words
815722957,VirginActiveUK,non_human,human,1,association,False,False,False,False,,keep non-human,1 method; no first-person word or pronoun tag free of organisation words
815722976,WelcomDog,non_human,human,1,association,False,True,False,False,,amend to human,1 method; first-person word or pronoun tag and no organisation word
815723018,cathytofine,human,non_human,1,association,False,False,False,False,other,amend to non-human,default image and no first-person word in the description
815723023,preilly,human,non_human,1,association,False,False,False,False,other,keep human,"uploaded image or first-person description, not a feed or spam account"
815723030,thomasjones9000,human,non_human,1,clustering,False,True,False,False,other,keep human,"uploaded image or first-person description, not a feed or spam account"
815723083,NHCUpdatesWW,non_human,human,1,association,False,False,False,True,,keep non-human,organisation word in the description and no first-person word
815723102,aSEATaxiCab,non_human,human,1,association,False,True,False,False,,amend to human,1 method; first-person word or pronoun tag and no organisation word
815723117,GQMagazine,non_human,human,1,clustering,False,False,False,False,,keep non-human,1 method; no first-person word or pronoun tag free of organisation words
815723129,SHP_Balance,human,non_human,1,association,False,False,False,False,other,keep human,"uploaded image or first-person description, not a feed or spam account"
815723163,E9_UP_K8,non_human,human,1,association,False,False,False,False,,keep non-human,1 method; no first-person word or pronoun tag free of organisation words
815723188,DY_IO_23,non_human,human,1,association,False,True,False,False,,amend to human,1 method; first-person word or pronoun tag and no organisation word
815723207,singinsagg,human,non_human,1,association,False,False,False,False,other,keep human,"uploaded image or first-person description, not a feed or spam account"
815723237,MohammadNeshat,human,non_human,1,association,False,False,False,False,other,keep human,"uploaded image or first-person description, not a feed or spam account"
815723317,CosmopolitanUK,non_human,human,1,association,False,False,False,False,,keep non-human,1 method; no first-person word or pronoun tag free of organisation words
815723362,BenWarrener,human,non_human,1,association,False,True,False,False,other,amend to non-human,default image and no first-person word in the description
815723382,Blessman239,non_human,human,1,classification,False,True,False,False,,amend to human,1 method; first-person word or pronoun tag and no organisation word
815723426,Torbay_Hour,non_human,human,1,association,False,True,False,False,,amend to human,1 method; first-person word or pronoun tag and no organisation word
815723461,RevoLouTiontalk,non_human,human,1,association,False,False,False,False,,keep non-human,1 method; no first-person word or pronoun tag free of organisation words
815723509,darmeemati,non_human,human,1,text,False,True,False,False,,amend to human,1 method; first-person word or pronoun tag and no organisation word
815723643,imjustalive,human,non_human,1,association,False,False,False,False,other,keep human,"uploaded image or first-person description, not a feed or spam account"
815723674,ISUPK_OREGON,non_human,human,1,association,False,False,False,False,,keep non-human,1 method; no first-person word or pronoun tag free of organisation words
815723687,bouncestyle1,human,non_human,1,association,False,False,False,False,other,keep human,"uploaded image or first-person description, not a feed or spam account"
815723730,InspireBeck,human,non_human,1,association,False,False,False,False,other,keep human,"uploaded image or first-person description, not a feed or spam account"
815723798,ebooks_chevaux,non_human,human,1,text,False,False,False,False,,keep non-human,1 method; no first-person word or pronoun tag free of organisation words
815723844,sandrabeckfit,human,non_human,1,association,False,False,False,True,other,keep human,"uploaded image or first-person description, not a feed or spam account"
815723918,BarbieBitchNM,non_human,human,1,classification,True,True,False,False,,amend to human,1 method; first-person word or pronoun tag and no organisation word
815724016,PrettyHomeOff,human,non_human,1,association,False,False,False,False,other,keep human,"uploaded image or first-person description, not a feed or spam account"
815724092,RoloEdits,non_human,human,1,association,False,True,False,True,,keep non-human,1 method; no first-person word or pronoun tag free of organisation words
815724107,MTVBrasil,non_human,human,1,association,False,False,False,False,,keep non-human,1 method; no first-person word or pronoun tag free of organisation words
815724144,PopKarma,non_human,human,1,association,False,True,False,False,,amend to human,1 method; first-person word or pronoun tag and no organisation word
815724237,wiml2,non_human,human,1,clustering,False,False,False,False,,keep non-human,1 method; no first-person word or pronoun tag free of organisation words
815724268,LizQuenKingdom4,human,non_human,1,association,False,False,False,False,other,keep human,"uploaded image or first-person description, not a feed or spam account"
815724371,AnnieAldridge3,human,non_human,1,association,False,False,False,False,other,keep human,"uploaded image or first-person description, not a feed or spam account"
815724390,EscapeVelo,non_human,human,1,classification,True,False,False,False,,amend to human,1 method; first-person word or pronoun tag and no organisation word
815724408,keystomarketing,non_human,human,1,association,False,False,False,False,,keep non-human,1 method; no first-person word or pronoun tag free of organisation words
815724518,100trains,non_human,human,1,association,False,False,False,False,,keep non-human,1 method; no first-person word or pronoun tag free of organisation words
815724527,vote41dbro,non_human,human,1,clustering,False,False,False,False,,keep non-human,1 method; no first-person word or pronoun tag free of organisation words
815724692,_wonderfrankie,non_human,human,1,clustering,False,True,False,False,,amend to human,1 method; first-person word or pronoun tag and no organisation word
815724745,deacon_smith,non_human,human,1,association,True,True,False,False,,amend to human,1 method; first-person word or pronoun tag and no organisation word
815724891,feedingjoy,non_human,human,1,association,False,False,False,False,,keep non-human,1 method; no first-person word or pronoun tag free of organisation words
815724955,TheEscapistMag,non_human,human,1,clustering,False,False,False,False,,keep non-human,1 method; no first-person word or pronoun tag free of organisation words
815725013,BookTalkRadio,human,non_human,1,association,False,False,False,False,other,keep human,"uploaded image or first-person description, not a feed or spam account"
815725078,AudreyS23511436,human,non_human,1,clustering,True,False,False,False,other,keep human,first-person word in the description and no organisation word
815725154,SMACKHighWA,non_human,human,1,association,False,False,False,True,,keep non-human,organisation word in the description and no first-person word
815725167,josewhales,human,non_human,1,association,False,False,False,True,news/feed,keep human,"uploaded image or first-person description, not a feed or spam account"
815725462,Sameer32160106,human,non_human,1,clustering,False,False,False,False,other,keep human,"uploaded image or first-person description, not a feed or spam account"
815725481,LAKERFANATICS,non_human,human,1,association,False,False,False,True,,keep non-human,organisation word in the description and no first-person word
815725550,SMACKHighCT,non_human,human,1,association,False,False,False,True,,keep non-human,organisation word in the description and no first-person word
815725732,karenfl79070153,human,non_human,1,clustering,False,False,False,False,other,keep human,"uploaded image or first-person description, not a feed or spam account"
815725866,LeadWithVideo,human,non_human,1,association,False,False,False,False,other,keep human,"uploaded image or first-person description, not a feed or spam account"
815725868,SXYVS,human,non_human,1,regression,False,False,False,False,other,keep human,"uploaded image or first-person description, not a feed or spam account"
815725910,RhemaVerses,human,non_human,1,association,False,False,False,False,other,keep human,"uploaded image or first-person description, not a feed or spam account"
815725921,Jimbo_Simpson,non_human,human,1,regression,False,False,False,False,,keep non-human,1 method; no first-person word or pronoun tag free of organisation words
815725947,BARBARASCULLY2,human,non_human,1,association,False,False,False,False,other,amend to non-human,default image and no first-person word in the description
815725955,99designs,non_human,human,1,association,False,False,False,False,,keep non-human,1 method; no first-person word or pronoun tag free of organisation words
815725971,TheTodayShow,non_human,human,1,association,False,False,False,True,,keep non-human,organisation word in the description and no first-person word
815725994,GilmoreRalphs,human,non_human,1,association,False,False,False,False,other,keep human,"uploaded image or first-person description, not a feed or spam account"
815726010,Spronks1,non_human,human,1,text,False,True,False,False,,amend to human,1 method; first-person word or pronoun tag and no organisation word
815726036,crushthebookie,non_human,human,1,association,False,True,False,True,,keep non-human,1 method; no first-person word or pronoun tag free of organisation words
815726167,Animabotics,non_human,human,1,classification,False,False,False,False,,keep non-human,1 method; no first-person word or pronoun tag free of organisation words
815726196,KaylaAr09739181,human,non_human,1,clustering,False,False,False,False,other,keep human,"uploaded image or first-person description, not a feed or spam account"
815726216,SaleSafari,non_human,human,1,clustering,False,False,False,False,,keep non-human,1 method; no first-person word or pronoun tag free of organisation words
815726222,CampbellNevill,human,non_human,1,association,False,False,False,False,other,keep human,"uploaded image or first-person description, not a feed or spam account"
815726241,BigBoxRadio,non_human,human,1,association,False,False,False,True,,keep non-human,organisation word in the description and no first-person word
815726262,MasculineGamer,human,non_human,1,association,False,False,False,False,other,keep human,"uploaded image or first-person description, not a feed or spam account"
815726280,AddisonMorgan2,human,non_human,1,association,False,False,False,False,other,keep human,"uploaded image or first-person description, not a feed or spam account"
815726298,Koran_Inggris,non_human,human,1,association,False,False,False,True,,keep non-human,organisation word in the description and no first-person word
815726341,OluIsaacTayo,human,non_human,1,association,False,False,False,False,other,keep human,"uploaded image or first-person description, not a feed or spam account"
815726362,FaberLayla,human,non_human,1,association,False,False,False,False,other,keep human,"uploaded image or first-person description, not a feed or spam account"
815726388,DonnaIsaiah,human,non_human,1,association,False,False,False,False,other,keep human,"uploaded image or first-person description, not a feed or spam account"
815726528,vaetasMKTG,non_human,human,1,clustering,False,False,False,False,,keep non-human,1 method; no first-person word or pronoun tag free of organisation words
815726539,BI_Europe,non_human,human,1,clustering,False,False,False,True,,keep non-human,organisation word in the description and no first-person word
815726652,lemonconcepts,non_human,human,1,regression,False,False,False,True,,keep non-human,organisation word in the description and no first-person word
815726780,BadCornstick,human,non_human,1,association,False,True,False,True,news/feed,keep human,"uploaded image or first-person description, not a feed or spam account"
815726855,AsdaServiceTeam,non_human,human,1,association,False,False,False,True,,keep non-human,organisation word in the description and no first-person word
815726922,femmyoju,human,non_human,1,association,False,True,False,False,other,keep human,"uploaded image or first-person description, not a feed or spam account"
815726977,bose_58,human,non_human,1,association,False,False,False,False,other,amend to non-human,default image and no first-person word in the description
815727013,FollowingjobCom,non_human,human,1,association,False,False,False,False,,keep non-human,1 method; no first-person word or pronoun tag free of organisation words
815727032,wilkinsonpaul4,human,non_human,1,association,False,False,False,False,other,keep human,"uploaded image or first-person description, not a feed or spam account"
815727055,EventopediaUK,non_human,human,1,association,False,False,False,False,,keep non-human,1 method; no first-person word or pronoun tag free of organisation words
815727080,TakeThatDarwin,non_human,human,1,association,True,False,False,False,,amend to human,1 method; first-person word or pronoun tag and no organisation word
815727146,FightOn2Victory,non_human,human,1,association,False,True,False,True,,keep non-human,1 method; no first-person word or pronoun tag free of organisation words
815727157,in_the_bagPR,non_human,human,1,association,False,False,False,True,,keep non-human,organisation word in the description and no first-person word
815727162,observer,non_human,human,1,association,False,False,False,False,,keep non-human,1 method; no first-person word or pronoun tag free of organisation words
815727242,MveliManyatsi,human,non_human,1,association,True,True,False,False,other,keep human,first-person word in the description and no organisation word
815727286,190Manhattan,non_human,human,1,classification,False,False,False,False,,keep non-human,1 method; no first-person word or pronoun tag free of organisation words
815727317,TVRepublik,non_human,human,1,association,True,True,False,False,,amend to human,1 method; first-person word or pronoun tag and no organisation word
815727479,_MyDemons__,non_human,human,1,clustering,True,False,False,False,,amend to human,1 method; first-person word or pronoun tag and no organisation word
815727634,thewasabiman,non_human,human,1,text,True,False,False,False,,amend to human,1 method; first-person word or pronoun tag and no organisation word
815727673,waddledeequeen,non_human,human,1,association,False,True,True,False,,amend to human,1 method; first-person word or pronoun tag and no organisation word
815727794,IPOSniffer,human,non_human,1,text,False,False,False,True,news/feed,amend to non-human,news or content feed (read by hand)
815728057,JustEatUK,non_human,human,1,association,False,False,False,False,,keep non-human,1 method; no first-person word or pronoun tag free of organisation words
815728286,SJ_Press,non_human,human,1,association,False,False,False,True,,keep non-human,organisation word in the description and no first-person word
815728361,Derrick79588764,human,non_human,1,clustering,False,False,False,False,other,keep human,"uploaded image or first-person description, not a feed or spam account"
815728461,wickedshrapnel,non_human,human,1,association,False,True,False,False,,amend to human,1 method; first-person word or pronoun tag and no organisation word
815728495,Cribone,human,non_human,1,association,False,False,False,False,other,amend to non-human,default image and no first-person word in the description
815728765,PsychospamYT,non_human,human,1,association,False,True,False,False,,amend to human,1 method; first-person word or pronoun tag and no organisation word
815728854,16KTS,non_human,human,1,regression,False,False,False,False,,keep non-human,1 method; no first-person word or pronoun tag free of organisation words
815728897,toyremedy,non_human,human,1,association,False,False,False,False,,keep non-human,1 method; no first-person word or pronoun tag free of organisation words
815728912,superTV247,non_human,human,1,association,True,False,False,True,,keep non-human,1 method; no first-person word or pronoun tag free of organisation words
815728937,cintasejatiku16,human,non_human,1,association,False,True,False,False,other,keep human,"uploaded image or first-person description, not a feed or spam account"
815729108,CoastlneConsult,non_human,human,1,association,False,False,False,True,,keep non-human,organisation word in the description and no first-person word
815729284,Punkbusinesstv,non_human,human,1,association,False,False,False,False,,keep non-human,1 method; no first-person word or pronoun tag free of organisation words
815729296,anitabondi,human,non_human,1,association,False,False,False,False,other,keep human,"uploaded image or first-person description, not a feed or spam account"
815729407,tomweb06,human,non_human,1,association,True,False,False,False,other,keep human,first-person word in the description and no organisation word
815729480,Chickenify,non_human,human,1,association,True,True,False,False,,amend to human,1 method; first-person word or pronoun tag and no organisation word
815729508,Mangal2,non_human,human,1,classification,False,True,False,False,,amend to human,1 method; first-person word or pronoun tag and no organisation word
815729669,llednicer,human,non_human,1,association,False,True,False,False,other,keep human,"uploaded image or first-person description, not a feed or spam account"
815729681,TeamYouTube,non_human,human,1,clustering,False,False,False,False,,keep non-human,1 method; no first-person word or pronoun tag free of organisation words
815729691,History_Hit,non_human,human,1,association,True,False,False,False,,amend to human,1 method; first-person word or pronoun tag and no organisation word
815729701,GreenInvestGuy,non_human,human,1,text,False,False,False,False,,keep non-human,1 method; no first-person word or pronoun tag free of organisation words
815729709,AnoudaBlogger,non_human,human,1,association,True,False,False,False,,amend to human,1 method; first-person word or pronoun tag and no organisation word
815729732,wizandskinsfan,non_human,human,1,association,False,False,False,False,,keep non-human,1 method; no first-person word or pronoun tag free of organisation words
815729743,fesylacinug,human,non_human,1,association,True,True,False,False,other,keep human,first-person word in the description and no organisation word
815729770,DeThunderScoots,non_human,human,1,association,True,False,False,False,,amend to human,1 method; first-person word or pronoun tag and no organisation word
815729856,whatsontvuk,non_human,human,1,association,False,False,False,False,,keep non-human,1 method; no first-person word or pronoun tag free of organisation words
815729897,Styles2blaze1,non_human,human,1,association,True,False,False,False,,amend to human,1 method; first-person word or pronoun tag and no organisation word
815729926,904139Lynn,human,non_human,1,association,False,False,False,False,other,amend to non-human,default image and no first-person word in the description
815729982,ollieamelia,human,non_human,1,association,False,True,False,False,app-written,keep human,"uploaded image or first-person description, not a feed or spam account"
815729983,rylsndvs,human,non_human,1,association,False,True,False,False,other,keep human,"uploaded image or first-person description, not a feed or spam account"
815729988,frozenwarning,non_human,human,1,association,False,False,False,False,,keep non-human,1 method; no first-person word or pronoun tag free of organisation words
815730159,joriestory,non_human,human,1,association,False,True,False,False,,amend to human,1 method; first-person word or pronoun tag and no organisation word
815730319,BeFitNow76,non_human,human,1,classification,False,False,False,True,,keep non-human,organisation word in the description and no first-person word
815730339,shizuizas,non_human,human,1,association,False,True,True,False,,amend to human,1 method; first-person word or pronoun tag and no organisation word
815730374,UttDianna,human,non_human,1,association,False,False,False,True,news/feed,keep human,"uploaded image or first-person description, not a feed or spam account"
815730392,indiabrazil,non_human,human,1,text,False,False,False,False,,keep non-human,1 method; no first-person word or pronoun tag free of organisation words
815730419,TaimedGrimes,non_human,human,1,association,False,False,False,True,,keep non-human,organisation word in the description and no first-person word
815730420,AustinpalStacy,human,non_human,1,association,False,False,False,False,other,keep human,"uploaded image or first-person description, not a feed or spam account"
815730433,LaurenAmber1,human,non_human,1,association,False,False,False,False,other,keep human,"uploaded image or first-person description, not a feed or spam account"
815730437,PipeWomensPro,non_human,human,1,text,False,False,False,False,,keep non-human,1 method; no first-person word or pronoun tag free of organisation words
815730442,BirchBaldwin,human,non_human,1,association,False,False,False,False,other,keep human,"uploaded image or first-person description, not a feed or spam account"
815730551,thebigbrother9,non_human,human,1,association,False,False,False,False,,keep non-human,1 method; no first-person word or pronoun tag free of organisation words
815730555,GMDancers,non_human,human,1,association,False,False,False,False,,keep non-human,1 method; no first-person word or pronoun tag free of organisation words
815730562,LakeHastingsWea,non_human,human,1,clustering,False,False,False,False,,keep non-human,1 method; no first-person word or pronoun tag free of organisation words
815730627,brennan_1299R5,human,non_human,1,clustering,False,True,False,False,other,keep human,"uploaded image or first-person description, not a feed or spam account"
815730738,94heskind,non_human,human,1,association,False,True,False,False,,amend to human,1 method; first-person word or pronoun tag and no organisation word
815730880,PearlyDenoble,human,non_human,1,association,False,False,False,False,other,keep human,"uploaded image or first-person description, not a feed or spam account"
815731023,Ryan_1438,human,non_human,1,association,False,False,False,False,other,amend to non-human,default image and no first-person word in the description
815731028,radsongz_YBB,human,non_human,1,association,True,False,False,True,other,keep human,"uploaded image or first-person description, not a feed or spam account"
815731078,vonea,non_human,human,1,text,False,True,False,False,,amend to human,1 method; first-person word or pronoun tag and no organisation word
815731133,NaughtyToyss,non_human,human,1,clustering,False,False,False,True,,keep non-human,organisation word in the description and no first-person word
815731152,OverDriveLibs,non_human,human,1,clustering,False,False,False,False,,keep non-human,1 method; no first-person word or pronoun tag free of organisation words
815731255,LondonRIB,non_human,human,1,association,False,False,False,False,,keep non-human,1 method; no first-person word or pronoun tag free of organisation words
815731267,LucyPearcy1,human,non_human,1,association,False,False,False,False,other,keep human,"uploaded image or first-person description, not a feed or spam account"
815731303,FrankfurtFinanz,non_human,human,1,regression,False,False,False,False,,keep non-human,1 method; no first-person word or pronoun tag free of organisation words
815731319,JaydenHawkins1,human,non_human,1,association,False,False,False,False,other,keep human,"uploaded image or first-person description, not a feed or spam account"
815731345,icynewyear,non_human,human,1,classification,False,True,False,False,,amend to human,1 method; first-person word or pronoun tag and no organisation word
815731400,Abyssal_Glory,non_human,human,1,classification,False,False,False,False,,keep non-human,1 method; no first-person word or pronoun tag free of organisation words
815731477,sellynatorss,non_human,human,1,association,False,True,False,False,,amend to human,1 method; first-person word or pronoun tag and no organisation word
815731539,dks2_ebooks,non_human,human,1,clustering,False,False,False,False,,keep non-human,1 method; no first-person word or pronoun tag free of organisation words
815731596,Gwemon,human,non_human,1,regression,False,False,False,False,other,keep human,"uploaded image or first-person description, not a feed or spam account"
815731615,DaddyForEd,human,non_human,1,association,False,True,False,False,other,keep human,"uploaded image or first-person description, not a feed or spam account"
815731620,Thyme1944648,human,non_human,1,clustering,False,False,False,False,other,keep human,"uploaded image or first-person description, not a feed or spam account"
815731732,GeekInfoNow,human,non_human,1,association,True,False,False,False,other,keep human,first-person word in the description and no organisation word
815731737,KLASManagement,non_human,human,1,clustering,False,False,False,False,,keep non-human,1 method; no first-person word or pronoun tag free of organisation words
815731810,HelpFindACure10,non_human,human,1,text,True,True,False,False,,amend to human,1 method; first-person word or pronoun tag and no organisation word
815731822,Haunted_Getaway,non_human,human,1,text,False,False,False,False,,keep non-human,1 method; no first-person word or pronoun tag free of organisation words
815731876,georgesonalfred,human,non_human,1,association,True,True,False,False,other,keep human,first-person word in the description and no organisation word
815731898,GLassdezignz,non_human,human,1,association,False,False,False,False,,keep non-human,1 method; no first-person word or pronoun tag free of organisation words
815731926,Dominos_UK,non_human,human,1,association,False,False,False,True,,keep non-human,organisation word in the description and no first-person word
815732222,iPeytonManning,human,non_human,1,text,False,False,False,True,news/feed,amend to non-human,news or content feed (read by hand)
815732281,AvivaOfficial3,non_human,human,1,text,False,False,False,False,,keep non-human,1 method; no first-person word or pronoun tag free of organisation words
815732426,Biscuit33br,human,non_human,1,association,False,False,False,False,other,amend to non-human,default image and no first-person word in the description
815732429,PoweredUpGirl,human,non_human,1,association,False,False,False,False,other,keep human,"uploaded image or first-person description, not a feed or spam account"
815732448,SustainableUKY,non_human,human,1,classification,False,False,False,False,,keep non-human,1 method; no first-person word or pronoun tag free of organisation words
815732468,CoachMultiMedia,human,non_human,1,association,False,False,False,True,other,keep human,"uploaded image or first-person description, not a feed or spam account"
815732581,Lazybotts,non_human,human,1,association,False,False,False,False,,keep non-human,1 method; no first-person word or pronoun tag free of organisation words
815732650,bazzared1903,non_human,human,1,classification,False,False,False,False,,keep non-human,1 method; no first-person word or pronoun tag free of organisation words
815732761,ElementalHerb,non_human,human,1,classification,False,False,False,False,,keep non-human,1 method; no first-person word or pronoun tag free of organisation words
815732902,scgovLibrary,non_human,human,1,association,False,False,False,False,,keep non-human,1 method; no first-person word or pronoun tag free of organisation words
815733005,DIRTYSTORIES,non_human,human,1,association,True,True,False,False,,amend to human,1 method; first-person word or pronoun tag and no organisation word
815733042,apocfilms,non_human,human,1,association,False,False,False,True,,keep non-human,organisation word in the description and no first-person word
815733049,tylerusesoap,human,non_human,1,association,False,False,False,False,other,keep human,"uploaded image or first-person description, not a feed or spam account"
815733055,GYSTclub,non_human,human,1,clustering,False,False,False,False,,keep non-human,1 method; no first-person word or pronoun tag free of organisation words
815733066,Iovesays,non_human,human,1,text,True,True,False,False,,amend to human,1 method; first-person word or pronoun tag and no organisation word
815733080,young_ent,non_human,human,1,association,True,False,False,False,,amend to human,1 method; first-person word or pronoun tag and no organisation word
815733166,tpmquiz,non_human,human,1,clustering,False,False,False,True,,keep non-human,organisation word in the description and no first-person word
815733171,DjSix7Even,non_human,human,1,association,True,False,False,True,,keep non-human,1 method; no first-person word or pronoun tag free of organisation words
815733227,FreelanceWJ,non_human,human,1,clustering,False,True,False,False,,amend to human,1 method; first-person word or pronoun tag and no organisation word
815733327,Ilusional_COD,non_human,human,1,association,False,False,False,False,,keep non-human,1 method; no first-person word or pronoun tag free of organisation words
815733336,OSTtalk,non_human,human,1,association,False,False,False,True,,keep non-human,organisation word in the description and no first-person word
815733375,wisdomdakini2,non_human,human,1,association,False,False,False,False,,keep non-human,1 method; no first-person word or pronoun tag free of organisation words
815733418,Andera905,human,non_human,1,association,False,False,False,False,other,keep human,"uploaded image or first-person description, not a feed or spam account"
815733444,LushWeCare,non_human,human,1,association,False,True,False,True,,keep non-human,1 method; no first-person word or pronoun tag free of organisation words
815733464,QuestionAll7,non_human,human,1,association,False,True,False,False,,amend to human,1 method; first-person word or pronoun tag and no organisation word
815733562,3CountThursday,non_human,human,1,association,True,False,False,False,,amend to human,1 method; first-person word or pronoun tag and no organisation word
815733582,SportsNewsBTS,non_human,human,1,clustering,False,False,False,True,,keep non-human,organisation word in the description and no first-person word
815733649,dronesweetie,non_human,human,1,clustering,False,False,False,False,,keep non-human,1 method; no first-person word or pronoun tag free of organisation words
815733661,LIVESTOCKcanada,non_human,human,1,association,False,False,False,False,,keep non-human,1 method; no first-person word or pronoun tag free of organisation words
815733715,Millie186025,human,non_human,1,clustering,False,False,False,False,other,keep human,"uploaded image or first-person description, not a feed or spam account"
815733718,poor2016,non_human,human,1,association,False,True,False,False,,amend to human,1 method; first-person word or pronoun tag and no organisation word
815733831,NewsWatch_99,non_human,human,1,classification,False,False,False,True,,keep non-human,organisation word in the description and no first-person word
815733882,I_Am_BigHam,human,non_human,1,association,True,True,False,False,other,keep human,first-person word in the description and no organisation word
815733891,lovelittlelush,non_human,human,1,association,False,False,False,True,,keep non-human,organisation word in the description and no first-person word
815733921,CottageOckman,non_human,human,1,clustering,False,False,False,False,,keep non-human,1 method; no first-person word or pronoun tag free of organisation words
815733960,SouthwestAir,non_human,human,1,association,False,False,False,True,,keep non-human,organisation word in the description and no first-person word
815734008,Shim_bop,non_human,human,1,association,True,False,False,False,,amend to human,1 method; first-person word or pronoun tag and no organisation word
815734015,brodigan,non_human,human,1,text,True,False,False,False,,amend to human,1 method; first-person word or pronoun tag and no organisation word
815734033,samsBellabob,non_human,human,1,text,True,False,False,False,,amend to human,1 method; first-person word or pronoun tag and no organisation word
815734078,novandogiantino,non_human,human,1,association,False,False,False,False,,keep non-human,1 method; no first-person word or pronoun tag free of organisation words
815734090,ShortAndCrunch,non_human,human,1,association,False,False,False,False,,keep non-human,1 method; no first-person word or pronoun tag free of organisation words
815734210,Table6Denver,non_human,human,1,classification,False,False,False,False,,keep non-human,1 method; no first-person word or pronoun tag free of organisation words
815734324,HayleysCloset,human,non_human,1,regression,True,False,False,False,other,keep human,first-person word in the description and no organisation word
815734415,SaltCreekCN,non_human,human,1,association,True,False,False,False,,amend to human,1 method; first-person word or pronoun tag and no organisation word
815734426,JessieJane_21,human,non_human,1,association,False,False,False,False,other,keep human,"uploaded image or first-person description, not a feed or spam account"
815734437,KathNielsGlobal,non_human,human,1,association,False,False,False,True,,keep non-human,organisation word in the description and no first-person word
815734621,treadcomics,non_human,human,1,clustering,False,False,False,True,,keep non-human,organisation word in the description and no first-person word
815734746,IUPUC,non_human,human,1,classification,False,False,False,False,,keep non-human,1 method; no first-person word or pronoun tag free of organisation words
815734767,6ONE9CLOTHING,non_human,human,1,clustering,False,True,False,False,,amend to human,1 method; first-person word or pronoun tag and no organisation word
815734772,AspireAcademy,non_human,human,1,association,False,False,False,False,,keep non-human,1 method; no first-person word or pronoun tag free of organisation words
815734931,PharmSpc,non_human,human,1,clustering,False,False,False,True,,keep non-human,organisation word in the description and no first-person word
815735055,L7Vinal,non_human,human,1,association,True,True,False,False,,amend to human,1 method; first-person word or pronoun tag and no organisation word
815735128,HaysheadNursery,non_human,human,1,clustering,False,False,False,False,,keep non-human,1 method; no first-person word or pronoun tag free of organisation words
815735146,GripenNews,non_human,human,1,association,False,False,False,True,,keep non-human,organisation word in the description and no first-person word
815735202,AniesiODaniels,non_human,human,1,regression,False,False,False,False,,keep non-human,1 method; no first-person word or pronoun tag free of organisation words
815735233,Aethelwhyne,human,non_human,1,association,True,False,False,False,other,keep human,first-person word in the description and no organisation word
815735294,TWDSAfrica,non_human,human,1,association,True,False,False,False,,amend to human,1 method; first-person word or pronoun tag and no organisation word
815735349,thebestmashups,non_human,human,1,association,False,False,False,True,,keep non-human,organisation word in the description and no first-person word
815735371,FarehamNetwork,non_human,human,1,association,False,False,False,False,,keep non-human,1 method; no first-person word or pronoun tag free of organisation words
815735418,AdeWijayaa,human,non_human,1,association,False,False,False,False,other,keep human,"uploaded image or first-person description, not a feed or spam account"
815735449,rotherhithetour,non_human,human,1,text,False,False,False,False,,keep non-human,1 method; no first-person word or pronoun tag free of organisation words
815735533,CanadianBeats1,non_human,human,1,association,False,False,False,False,,keep non-human,1 method; no first-person word or pronoun tag free of organisation words
815735627,YO_SOY_DR,non_human,human,1,association,False,False,False,False,,keep non-human,1 method; no first-person word or pronoun tag free of organisation words
815735651,stanleysuen,human,non_human,1,association,False,False,False,False,other,keep human,"uploaded image or first-person description, not a feed or spam account"
815735660,TheMartinParty,non_human,human,1,clustering,False,True,False,True,,keep non-human,1 method; no first-person word or pronoun tag free of organisation words
815735709,QPRBeverlyHills,non_human,human,1,text,False,False,False,False,,keep non-human,1 method; no first-person word or pronoun tag free of organisation words
815735785,SachaIDK,human,non_human,1,association,False,False,False,True,news/feed,amend to non-human,news or content feed (read by hand)
815735791,ShannaIDK,human,non_human,1,association,False,True,False,True,news/feed,amend to non-human,news or content feed (read by hand)
815735828,YvetteIDK,human,non_human,1,association,False,False,False,True,news/feed,amend to non-human,news or content feed (read by hand)
815735832,GastroGays,non_human,human,1,association,False,False,False,False,,keep non-human,1 method; no first-person word or pronoun tag free of organisation words
815735902,rocksvely,human,non_human,1,association,False,False,False,False,other,amend to non-human,default image and no first-person word in the description
815735963,JaneCalladine1,non_human,human,1,text,False,True,False,False,,amend to human,1 method; first-person word or pronoun tag and no organisation word
815735968,PenguinBoss1,non_human,human,1,clustering,False,True,False,False,,amend to human,1 method; first-person word or pronoun tag and no organisation word
815736139,Marqel_whoelse,human,non_human,1,association,True,False,False,False,other,keep human,first-person word in the description and no organisation word
815736156,BriannaRyder4,human,non_human,1,association,False,False,False,False,other,keep human,"uploaded image or first-person description, not a feed or spam account"
815736168,MFM926,non_human,human,1,association,False,False,False,True,,keep non-human,organisation word in the description and no first-person word
815736175,harbey102,human,non_human,1,association,False,False,False,False,other,keep human,"uploaded image or first-person description, not a feed or spam account"
815736314,MarshmanJose,human,non_human,1,association,False,False,False,False,other,keep human,"uploaded image or first-person description, not a feed or spam account"
815736462,GetYourTipsOut,non_human,human,1,association,False,False,False,False,,keep non-human,1 method; no first-person word or pronoun tag free of organisation words
815736465,JCL782,human,non_human,1,association,False,True,False,False,other,amend to non-human,default image and no first-person word in the description
815736534,TheMunSession,human,non_human,1,association,False,False,False,False,other,keep human,"uploaded image or first-person description, not a feed or spam account"
815736587,Wenona8790,human,non_human,1,association,True,False,False,False,other,keep human,first-person word in the description and no organisation word
815736730,teamloverecords,non_human,human,1,regression,False,False,False,True,,keep non-human,organisation word in the description and no first-person word
815736810,KSGGeog,non_human,human,1,association,False,False,False,False,,keep non-human,1 method; no first-person word or pronoun tag free of organisation words
815736976,sulthinar,human,non_human,1,association,False,False,False,False,other,keep human,"uploaded image or first-person description, not a feed or spam account"
815737027,BACCV,non_human,human,1,association,True,False,False,False,,amend to human,1 method; first-person word or pronoun tag and no organisation word
815737072,jking962002,human,non_human,1,clustering,False,True,False,False,other,keep human,"uploaded image or first-person description, not a feed or spam account"
815737122,musicinfuse,non_human,human,1,association,True,False,False,False,,amend to human,1 method; first-person word or pronoun tag and no organisation word
815737244,Petersson84,non_human,human,1,association,False,False,False,False,,keep non-human,1 method; no first-person word or pronoun tag free of organisation words
815737337,KCSAR,non_human,human,1,association,False,False,False,False,,keep non-human,1 method; no first-person word or pronoun tag free of organisation words
815737365,AUSCITY_Forums,non_human,human,1,association,False,False,False,False,,keep non-human,1 method; no first-person word or pronoun tag free of organisation words
815737377,drichards1302,human,non_human,1,association,False,False,False,False,other,amend to non-human,default image and no first-person word in the description
815737507,RarrDesigns,non_human,human,1,association,False,False,False,True,,keep non-human,organisation word in the description and no first-person word
815737550,CHVRCHESUK,non_human,human,1,association,False,True,False,True,,keep non-human,1 method; no first-person word or pronoun tag free of organisation words
815737583,cecilenmstrass1,human,non_human,1,regression,True,False,False,False,other,keep human,first-person word in the description and no organisation word
815738063,TipsForYouDaily,non_human,human,1,text,False,False,False,False,,keep non-human,1 method; no first-person word or pronoun tag free of organisation words
815738075,Brawler_WF,non_human,human,1,association,False,True,False,False,,amend to human,1 method; first-person word or pronoun tag and no organisation word
815738110,INDIPA,human,non_human,1,association,False,False,False,False,other,keep human,"uploaded image or first-person description, not a feed or spam account"
815738177,IUNewsTalk,non_human,human,1,association,False,False,False,True,,keep non-human,organisation word in the description and no first-person word
815738427,ThorThe_God,non_human,human,1,association,True,True,False,False,,amend to human,1 method; first-person word or pronoun tag and no organisation word
815738441,yel522,human,non_human,1,association,False,False,False,False,forevermore,keep human,Forevermore campaign tweet only
815738484,carpetscheshire,non_human,human,1,association,False,False,False,False,,keep non-human,1 method; no first-person word or pronoun tag free of organisation words
815738488,senzeal,non_human,human,1,clustering,False,True,False,False,,amend to human,1 method; first-person word or pronoun tag and no organisation word
815738514,claire3222,human,non_human,1,clustering,False,False,False,False,forevermore,keep human,Forevermore campaign tweet only
815738575,AWESOMEMIX_VOL1,non_human,human,1,text,False,True,False,False,,amend to human,1 method; first-person word or pronoun tag and no organisation word
815738608,tom_miho,human,non_human,1,association,False,False,False,False,forevermore,keep human,Forevermore campaign tweet only
815738617,BenedictoRonel,human,non_human,1,association,False,False,False,False,forevermore,keep human,Forevermore campaign tweet only
815738639,rhemalog,human,non_human,1,association,False,False,False,True,other,keep human,"uploaded image or first-person description, not a feed or spam account"
815738652,naddiesconnect,human,non_human,1,association,False,False,False,False,forevermore,keep human,Forevermore campaign tweet only
815738690,pannellarca,human,non_human,1,association,False,False,False,False,forevermore,keep human,Forevermore campaign tweet only
815738772,jenniequez,human,non_human,1,association,False,False,False,False,forevermore,keep human,Forevermore campaign tweet only
815738851,ToneItUp,non_human,human,1,association,False,False,False,True,,keep non-human,organisation word in the description and no first-person word
815738914,BootmanChristin,human,non_human,1,association,False,False,False,False,other,keep human,"uploaded image or first-person description, not a feed or spam account"
815738920,CowCandyCo,non_human,human,1,association,False,False,False,True,,keep non-human,organisation word in the description and no first-person word
815739123,john_thorsson,human,non_human,1,association,False,False,False,False,other,amend to non-human,default image and no first-person word in the description
815739135,sekiyamaki02,human,non_human,1,association,False,False,False,False,forevermore,keep human,Forevermore campaign tweet only
815739194,GregoriaKarper,human,non_human,1,association,False,False,False,False,other,keep human,"uploaded image or first-person description, not a feed or spam account"
815739264,Pilates_Balance,human,non_human,1,association,False,False,False,False,other,keep human,"uploaded image or first-person description, not a feed or spam account"
815739348,5sosmeetupdayS,non_human,human,1,association,True,True,False,True,,keep non-human,1 method; no first-person word or pronoun tag free of organisation words
815739361,johanna4892,human,non_human,1,clustering,False,True,False,False,other,keep human,"uploaded image or first-person description, not a feed or spam account"
815739390,keshalovegirl1,human,non_human,1,association,False,False,False,False,other,keep human,"uploaded image or first-person description, not a feed or spam account"
815739532,WakeTechIntegra,human,non_human,1,association,False,False,False,False,other,keep human,"uploaded image or first-person description, not a feed or spam account"
