_unit_id,says,score,recorded,votes,rules_matched
815719228,human,0.907,human,1,6
815719230,human,0.956,human,1,21
815719232,human,0.907,non_human,1,5
815719234,human,0.909,human,1,1
815719238,human,0.94,human,1,12
815719240,human,0.94,human,1,18
815719241,non_human,0.924,human,1,1
815719242,human,0.956,human,1,15
815719246,human,0.94,human,1,19
815719247,human,0.956,human,1,22
815719248,human,0.956,human,1,10
815719251,human,0.956,human,1,10
815719252,non_human,0.901,non_human,1,1
815719253,human,0.937,non_human,1,7
815719254,human,0.922,human,1,6
815719255,human,0.907,human,1,6
815719261,human,0.913,human,1,3
815719264,human,0.909,non_human,1,6
815719269,human,0.94,human,1,17
815719273,human,0.909,human,1,6
815719275,non_human,0.972,non_human,1,13
815719276,non_human,0.924,human,1,1
815719281,human,0.956,human,1,15
815719287,human,0.94,human,1,22
815719288,human,0.94,human,1,17
815719298,human,0.956,human,1,9
815719303,non_human,0.901,human,1,1
815719307,human,0.907,human,1,5
815719312,human,0.907,human,1,6
815719316,non_human,0.967,human,1,46
815719319,non_human,0.924,non_human,1,1
815719322,human,0.907,human,1,2
815719325,human,0.94,human,1,19
815719327,human,0.956,human,1,35
815719331,human,0.956,human,1,33
815719332,human,0.907,human,1,6
815719334,human,0.956,human,1,22
815719337,human,0.907,human,1,5
815719339,human,0.913,human,1,2
815719340,human,0.94,human,1,20
815719342,non_human,0.992,unknown,1,42
815719345,human,0.907,human,1,5
815719347,non_human,0.924,non_human,1,1
815719352,non_human,0.972,non_human,1,9
815719353,human,0.907,human,1,2
815719355,non_human,0.924,non_human,1,1
815719365,human,0.907,human,1,6
815719367,human,0.922,human,1,5
815719368,human,0.936,human,1,8
815719369,human,0.907,human,1,6
815719370,non_human,0.951,non_human,1,13
815719375,non_human,0.924,human,1,1
815719377,human,0.956,human,1,10
815719387,human,0.947,human,1,10
815719393,non_human,0.924,human,1,1
815719401,human,0.956,human,1,35
815719404,human,0.94,human,1,18
815719406,human,0.956,human,1,19
815719410,human,0.947,human,1,13
815719413,human,0.956,human,1,16
815719421,human,0.907,human,1,6
815719422,human,0.94,human,1,18
815719423,human,0.907,unknown,1,2
815719427,human,0.94,unknown,1,19
815719429,human,0.913,human,1,4
815719430,human,0.937,human,1,7
815719432,human,0.909,human,1,6
815719439,human,0.956,human,1,20
815719442,human,0.907,human,1,6
815719446,human,0.94,human,1,21
815719447,human,0.907,human,1,6
815719449,human,0.922,unknown,1,8
815719452,human,0.913,human,1,2
815719453,human,0.956,human,1,16
815719455,human,0.944,human,1,9
815719456,human,0.956,human,1,7
815719458,human,0.956,human,1,16
815719459,non_human,0.924,non_human,1,1
815719462,non_human,0.924,non_human,1,1
815719463,human,0.909,human,1,1
815719464,human,0.909,human,1,6
815719465,human,0.956,human,1,13
815719470,human,0.956,unknown,1,4
815719471,human,0.922,human,1,8
815719472,human,0.956,human,1,12
815719474,human,0.909,human,1,8
815719477,human,0.907,human,1,6
815719482,non_human,0.924,non_human,1,1
815719483,human,0.94,human,1,19
815719487,human,0.907,human,1,6
815719490,human,0.907,human,1,6
815719492,human,0.909,human,1,6
815719497,human,0.907,human,1,6
815719498,non_human,0.924,non_human,1,1
815719500,human,0.913,human,1,3
815719502,human,0.956,human,1,24
815719503,human,0.956,human,1,12
815719506,human,0.907,human,1,2
815719514,human,0.956,human,1,16
815719517,human,0.94,human,1,18
815719521,non_human,0.954,non_human,1,37
815719523,human,0.956,human,1,16
815719529,human,0.936,human,1,8
815719531,human,0.907,human,1,6
815719533,human,0.94,human,1,21
815719535,human,0.94,human,1,13
815719537,human,0.913,human,1,3
815719538,human,0.938,human,1,16
815719539,human,0.956,human,1,24
815719541,human,0.907,human,1,6
815719543,human,0.907,human,1,8
815719549,non_human,0.924,non_human,1,1
815719553,human,0.907,human,1,2
815719558,human,0.936,human,1,6
815719559,human,0.907,unknown,1,8
815719560,human,0.956,human,1,5
815719561,human,0.956,non_human,1,10
815719563,human,0.913,human,1,3
815719566,human,0.907,human,1,2
815719568,non_human,0.901,human,1,1
815719571,human,0.907,human,1,2
815719572,human,0.938,human,1,7
815719580,human,0.907,human,1,5
815719581,human,0.956,non_human,1,15
815719594,human,0.937,human,1,7
815719595,non_human,0.901,human,1,1
815719597,human,0.909,non_human,1,1
815719601,human,0.94,human,1,19
815719602,human,0.913,human,1,4
815719604,human,0.94,human,1,18
815719607,human,0.913,human,1,4
815719608,non_human,0.924,non_human,1,1
815719610,human,0.956,human,1,15
815719611,non_human,0.924,non_human,1,1
815719614,human,0.922,human,1,8
815719616,human,0.956,unknown,1,16
815719619,human,0.907,non_human,1,6
815719620,human,0.956,human,1,15
815719622,human,0.956,human,1,24
815719627,non_human,0.901,human,1,1
815719630,human,0.909,human,1,1
815719631,human,0.907,human,1,5
815719633,human,0.913,unknown,1,1
815719635,human,0.907,human,1,6
815719636,human,0.907,human,1,2
815719639,human,0.909,human,1,6
815719640,human,0.909,human,1,1
815719650,human,0.956,human,1,8
815719654,non_human,0.924,human,1,1
815719656,human,0.956,human,1,16
815719663,human,0.94,human,1,13
815719664,human,0.907,non_human,1,2
815719669,human,0.956,human,1,8
815719672,human,0.94,human,1,11
815719674,human,0.956,human,1,29
815719676,human,0.922,human,1,8
815719686,human,0.909,non_human,1,6
815719688,human,0.913,human,1,4
815719693,human,0.907,non_human,1,6
815719695,human,0.913,human,1,2
815719699,human,0.94,non_human,1,22
815719701,human,0.947,human,1,13
815719702,human,0.947,non_human,1,13
815719708,human,0.907,human,1,5
815719718,human,0.907,unknown,1,6
815719719,human,0.947,human,1,20
815719721,human,0.956,human,1,27
815719725,human,0.913,human,1,1
815719726,human,0.956,human,1,16
815719729,human,0.907,human,1,2
815719732,human,0.956,human,1,22
815719735,human,0.907,human,1,6
815719736,human,0.956,human,1,22
815719738,human,0.907,human,1,2
815719742,human,0.913,human,1,4
815719748,human,0.913,human,1,1
815719750,human,0.913,human,1,2
815719753,human,0.909,unknown,1,5
815719755,non_human,0.954,non_human,1,37
815719757,human,0.956,human,1,15
815719759,human,0.947,human,1,13
815719761,human,0.956,human,1,15
815719765,human,0.907,human,1,8
815719766,non_human,0.951,human,1,4
815719771,human,0.909,human,1,5
815719773,human,0.922,human,1,8
815719775,human,0.907,human,1,6
815719776,human,0.94,non_human,1,18
815719780,human,0.956,human,1,12
815719781,human,0.907,human,1,2
815719782,human,0.907,human,1,6
815719787,human,0.956,human,1,20
815719788,human,0.907,human,1,2
815719791,human,0.907,human,1,2
815719792,human,0.956,human,1,16
815719795,human,0.922,human,1,6
815719798,human,0.907,non_human,1,2
815719799,human,0.956,unknown,1,16
815719800,human,0.909,non_human,1,6
815719801,non_human,0.954,unknown,1,37
815719802,non_human,0.924,non_human,1,1
815719803,human,0.913,human,1,2
815719804,human,0.913,human,1,4
815719805,human,0.956,non_human,1,16
815719809,human,0.94,human,1,17
815719815,non_human,0.992,unknown,1,71
815719822,human,0.956,human,1,27
815719826,human,0.936,human,1,6
815719827,human,0.922,human,1,5
815719832,human,0.913,non_human,1,4
815719834,human,0.909,human,1,5
815719835,human,0.909,human,1,5
815719838,human,0.907,unknown,1,5
815719840,human,0.936,human,1,6
815719841,human,0.907,human,1,2
815719845,non_human,0.954,non_human,1,37
815719846,human,0.94,human,1,19
815719848,human,0.956,human,1,21
815719850,human,0.956,unknown,1,16
815719851,human,0.922,human,1,8
815719852,human,0.956,human,1,16
815719853,human,0.913,human,1,1
815719854,human,0.94,human,1,16
815719858,human,0.936,human,1,8
815719861,human,0.909,unknown,1,6
815719863,human,0.907,non_human,1,5
815719864,human,0.907,human,1,6
815719865,human,0.913,human,1,1
815719866,human,0.938,human,1,7
815719867,human,0.956,human,1,4
815719870,human,0.922,human,1,5
815719871,non_human,0.967,non_human,1,46
815719872,human,0.956,human,1,18
815719875,human,0.937,human,1,2
815719879,human,0.956,human,1,15
815719884,human,0.913,human,1,2
815719885,human,0.922,human,1,8
815719886,non_human,0.901,human,1,1
815719892,human,0.936,human,1,8
815719893,human,0.913,human,1,1
815719897,human,0.94,human,1,19
815719898,human,0.94,unknown,1,18
815719906,human,0.956,non_human,1,20
815719907,human,0.907,non_human,1,2
815719911,human,0.94,non_human,1,18
815719914,human,0.907,human,1,6
815719918,non_human,0.954,non_human,1,37
815719920,non_human,0.924,non_human,1,1
815719921,human,0.907,human,1,5
815719924,human,0.947,human,1,10
815719927,human,0.936,human,1,8
815719928,human,0.94,unknown,1,20
815719930,human,0.922,non_human,1,6
815719931,human,0.913,human,1,6
815719933,human,0.94,human,1,13
815719935,human,0.956,human,1,12
815719936,human,0.907,human,1,6
815719938,human,0.922,human,1,8
815719940,human,0.909,non_human,1,1
815719941,human,0.956,human,1,16
815719943,human,0.913,human,1,6
815719946,non_human,0.901,non_human,1,1
815719948,human,0.94,human,1,19
815719949,human,0.913,non_human,1,4
815719950,human,0.956,human,1,13
815719951,non_human,0.963,human,1,37
815719952,human,0.913,human,1,6
815719958,human,0.907,human,1,6
815719960,human,0.956,human,1,16
815719961,human,0.94,human,1,17
815719968,human,0.913,human,1,4
815719976,non_human,0.967,human,1,29
815719977,human,0.922,human,1,8
815719979,human,0.907,human,1,2
815719980,non_human,0.924,non_human,1,1
815719981,human,0.909,human,1,6
815719984,human,0.907,human,1,5
815719986,human,0.913,human,1,4
815719988,human,0.94,human,1,19
815719989,human,0.94,human,1,18
815719990,human,0.94,human,1,20
815719992,human,0.909,non_human,1,6
815719995,human,0.913,human,1,1
815719997,human,0.913,non_human,1,4
815719999,human,0.956,human,1,8
815720000,human,0.907,human,1,6
815720002,human,0.907,human,1,6
815720003,human,0.907,non_human,1,6
815720006,human,0.907,human,1,2
815720008,human,0.956,human,1,15
815720012,human,0.913,human,1,4
815720013,human,0.913,human,1,4
815720014,human,0.907,non_human,1,2
815720016,human,0.907,human,1,2
815720018,human,0.936,human,1,8
815720019,human,0.909,human,1,6
815720023,human,0.956,human,1,16
815720027,human,0.947,human,1,12
815720029,human,0.956,human,1,10
815720030,human,0.913,human,1,2
815720031,human,0.94,human,1,18
815720032,human,0.937,human,1,5
815720035,human,0.913,human,1,4
815720036,human,0.94,human,1,19
815720037,non_human,0.901,human,1,1
815720038,human,0.907,human,1,6
815720041,human,0.94,non_human,1,19
815720049,human,0.909,human,1,6
815720053,human,0.94,non_human,1,19
815720055,human,0.913,human,1,4
815720058,human,0.936,human,1,8
815720063,non_human,0.901,human,1,1
815720066,human,0.913,human,1,4
815720067,human,0.913,non_human,1,4
815720070,human,0.913,non_human,1,1
815720072,human,0.909,non_human,1,6
815720074,human,0.907,human,1,2
815720075,human,0.956,unknown,1,13
815720076,human,0.913,human,1,4
815720077,human,0.956,human,1,7
815720078,non_human,0.924,non_human,1,2
815720079,human,0.909,human,1,5
815720081,human,0.922,human,1,5
815720082,non_human,0.967,human,1,46
815720085,human,0.909,human,1,5
815720087,non_human,0.924,non_human,1,1
815720088,human,0.913,non_human,1,4
815720091,human,0.956,human,1,10
815720092,human,0.907,human,1,6
815720093,human,0.907,human,1,5
815720094,human,0.907,human,1,2
815720095,human,0.913,human,1,2
815720096,human,0.909,human,1,6
815720099,human,0.907,human,1,2
815720101,human,0.909,human,1,6
815720103,human,0.94,human,1,15
815720105,human,0.956,human,1,20
815720106,human,0.94,human,1,19
815720107,human,0.938,non_human,1,7
815720108,human,0.94,human,1,14
815720110,human,0.956,human,1,29
815720111,human,0.913,human,1,3
815720114,human,0.907,non_human,1,6
815720116,human,0.907,human,1,6
815720124,human,0.907,human,1,5
815720126,human,0.94,human,1,19
815720127,human,0.956,human,1,18
815720128,human,0.956,human,1,16
815720133,human,0.956,human,1,16
815720134,human,0.956,human,1,18
815720135,non_human,0.954,human,1,16
815720136,human,0.913,human,1,4
815720137,human,0.922,human,1,8
815720143,human,0.956,human,1,27
815720144,human,0.907,human,1,2
815720146,human,0.922,human,1,6
815720147,human,0.94,human,1,18
815720149,non_human,0.954,human,1,37
815720153,human,0.956,human,1,16
815720155,human,0.913,human,1,3
815720156,human,0.907,non_human,1,2
815720160,human,0.956,human,1,35
815720161,human,0.937,human,1,3
815720163,human,0.956,human,1,35
815720165,human,0.913,human,1,3
815720166,non_human,0.954,unknown,1,37
815720167,human,0.907,human,1,6
815720168,human,0.907,human,1,6
815720175,human,0.956,human,1,15
815720177,human,0.922,non_human,1,8
815720179,human,0.956,human,1,10
815720180,human,0.94,human,1,21
815720181,human,0.913,human,1,1
815720184,non_human,0.954,unknown,1,22
815720186,human,0.936,human,1,8
815720188,human,0.907,human,1,6
815720190,human,0.94,human,1,18
815720195,human,0.913,human,1,2
815720197,non_human,0.924,non_human,1,2
815720198,human,0.922,human,1,6
815720200,human,0.956,human,1,4
815720203,human,0.956,human,1,8
815720206,human,0.94,non_human,1,17
815720210,human,0.907,human,1,6
815720216,human,0.938,human,1,7
815720220,human,0.907,human,1,2
815720221,human,0.938,human,1,7
815720224,human,0.907,human,1,5
815720226,non_human,0.954,unknown,1,37
815720235,human,0.956,human,1,9
815720238,non_human,0.943,human,1,9
815720239,human,0.907,non_human,1,6
815720240,human,0.913,human,1,3
815720242,human,0.956,human,1,13
815720243,human,0.907,human,1,5
815720244,human,0.956,human,1,27
815720246,human,0.907,human,1,6
815720247,human,0.956,human,1,7
815720250,human,0.94,human,1,13
815720251,human,0.937,human,1,7
815720253,non_human,0.954,non_human,1,37
815720255,human,0.907,human,1,5
815720259,human,0.938,human,1,7
815720261,human,0.956,human,1,37
815720262,human,0.956,human,1,22
815720266,human,0.922,non_human,1,8
815720270,human,0.94,human,1,19
815720273,human,0.956,human,1,31
815720277,non_human,0.954,unknown,1,37
815720278,human,0.956,non_human,1,16
815720282,human,0.94,human,1,20
815720283,human,0.913,human,1,3
815720284,human,0.907,non_human,1,5
815720287,human,0.907,human,1,5
815720288,human,0.956,human,1,8
815720292,human,0.907,unknown,1,2
815720293,human,0.913,human,1,4
815720294,human,0.94,human,1,19
815720295,human,0.913,unknown,1,6
815720301,human,0.907,non_human,1,6
815720302,non_human,0.954,unknown,1,37
815720307,human,0.956,human,1,12
815720316,human,0.933,human,1,5
815720322,human,0.936,human,1,6
815720325,human,0.937,human,1,7
815720327,human,0.907,human,1,2
815720328,human,0.922,human,1,6
815720329,human,0.909,human,1,6
815720331,human,0.913,human,1,2
815720336,human,0.956,human,1,15
815720339,human,0.956,human,1,12
815720340,human,0.907,non_human,1,5
815720341,human,0.956,unknown,1,35
815720343,non_human,0.901,human,1,1
815720345,human,0.913,non_human,1,3
815720348,human,0.913,human,1,4
815720349,non_human,0.901,human,1,1
815720350,non_human,0.901,human,1,1
815720353,non_human,0.924,non_human,1,1
815720355,non_human,0.901,unknown,1,1
815720357,non_human,0.924,non_human,1,1
815720358,human,0.907,human,1,6
815720360,non_human,0.901,non_human,1,1
815720363,non_human,0.901,human,1,1
815720367,human,0.94,human,1,21
815720370,human,0.956,human,1,22
815720372,human,0.909,human,1,6
815720373,human,0.907,non_human,1,2
815720375,human,0.913,human,1,4
815720379,human,0.907,human,1,6
815720381,human,0.922,non_human,1,8
815720382,human,0.94,human,1,19
815720383,human,0.913,non_human,1,4
815720385,human,0.944,human,1,4
815720386,human,0.907,human,1,2
815720388,human,0.936,human,1,6
815720389,non_human,0.989,non_human,1,19
815720390,human,0.913,human,1,4
815720392,human,0.956,human,1,13
815720394,human,0.956,human,1,23
815720395,human,0.922,unknown,1,8
815720401,human,0.94,human,1,18
815720404,human,0.956,non_human,1,10
815720405,human,0.907,non_human,1,5
815720406,human,0.947,human,1,13
815720407,human,0.907,human,1,6
815720410,human,0.907,human,1,5
815720411,human,0.936,human,1,8
815720416,human,0.909,human,1,6
815720418,human,0.922,human,1,8
815720420,human,0.936,human,1,7
815720421,human,0.907,human,1,2
815720422,human,0.909,human,1,6
815720424,human,0.913,human,1,5
815720425,human,0.907,human,1,6
815720427,human,0.913,unknown,1,4
815720431,human,0.94,human,1,19
815720433,human,0.94,human,1,19
815720438,non_human,0.901,human,1,1
815720440,human,0.922,unknown,1,8
815720442,human,0.936,human,1,6
815720443,human,0.907,non_human,1,6
815720445,human,0.947,non_human,1,10
815720447,human,0.907,human,1,2
815720448,human,0.956,human,1,22
815720451,human,0.907,non_human,1,6
815720452,non_human,0.968,human,1,11
815720454,human,0.913,non_human,1,4
815720455,human,0.936,human,1,8
815720459,human,0.909,human,1,5
815720468,human,0.94,human,1,15
815720470,non_human,0.901,human,1,1
815720473,human,0.94,human,1,22
815720475,human,0.909,human,1,5
815720476,human,0.907,human,1,6
815720479,non_human,0.924,human,1,1
815720480,human,0.94,human,1,19
815720484,human,0.907,human,1,6
815720486,human,0.956,non_human,1,10
815720489,human,0.956,human,1,18
815720491,non_human,0.954,human,1,37
815720493,human,0.956,human,1,16
815720495,human,0.922,human,1,10
815720501,human,0.922,human,1,8
815720505,human,0.94,human,1,21
815720507,human,0.956,human,1,29
815720508,human,0.913,non_human,1,4
815720509,human,0.913,human,1,4
815720510,non_human,0.992,non_human,1,33
815720511,non_human,0.901,human,1,1
815720514,human,0.956,human,1,22
815720515,human,0.94,human,1,19
815720516,human,0.956,human,1,16
815720517,non_human,0.901,human,1,1
815720519,non_human,0.901,human,1,1
815720520,human,0.909,human,1,6
815720521,human,0.922,human,1,10
815720524,non_human,0.901,human,1,1
815720525,human,0.909,non_human,1,6
815720528,non_human,0.942,non_human,1,7
815720531,human,0.909,human,1,6
815720532,human,0.907,human,1,5
815720534,non_human,0.901,human,1,1
815720536,human,0.947,human,1,13
815720539,human,0.907,human,1,2
815720542,human,0.913,human,1,3
815720545,human,0.956,human,1,17
815720546,human,0.913,human,1,6
815720547,human,0.907,human,1,5
815720548,non_human,0.924,non_human,1,1
815720550,human,0.922,unknown,1,8
815720553,human,0.956,human,1,35
815720556,human,0.947,non_human,1,13
815720558,human,0.956,human,1,8
815720559,human,0.913,human,1,4
815720562,human,0.956,human,1,11
815720563,human,0.907,human,1,6
815720566,human,0.913,human,1,2
815720573,human,0.913,human,1,4
815720574,human,0.936,human,1,6
815720588,human,0.94,non_human,1,19
815720589,human,0.947,human,1,13
815720593,human,0.94,human,1,11
815720594,human,0.956,human,1,27
815720598,human,0.956,unknown,1,8
815720603,human,0.956,human,1,5
815720608,human,0.913,human,1,1
815720609,human,0.94,human,1,19
815720610,non_human,0.924,human,1,1
815720611,human,0.907,human,1,5
815720613,human,0.913,human,1,4
815720618,human,0.907,human,1,5
815720620,non_human,0.924,non_human,1,1
815720621,human,0.956,human,1,22
815720624,human,0.956,unknown,1,9
815720625,human,0.922,human,1,8
815720628,human,0.947,human,1,9
815720630,human,0.94,human,1,13
815720634,human,0.907,human,1,6
815720637,human,0.947,human,1,20
815720640,human,0.956,human,1,15
815720645,human,0.909,human,1,6
815720647,human,0.913,human,1,2
815720650,human,0.956,human,1,22
815720652,human,0.94,human,1,13
815720654,human,0.938,non_human,1,4
815720657,human,0.94,human,1,11
815720658,non_human,0.924,human,1,1
815720659,human,0.913,human,1,4
815720661,non_human,0.928,human,1,5
815720663,human,0.913,human,1,3
815720667,human,0.936,human,1,6
815720668,human,0.913,human,1,1
815720670,human,0.907,human,1,6
815720671,human,0.956,human,1,10
815720673,human,0.94,human,1,19
815720675,human,0.956,human,1,10
815720677,human,0.956,human,1,16
815720679,human,0.907,human,1,6
815720684,human,0.937,human,1,7
815720688,human,0.956,human,1,8
815720690,human,0.922,human,1,10
815720692,human,0.936,human,1,6
815720694,human,0.907,human,1,2
815720698,non_human,0.992,human,1,53
815720701,human,0.94,non_human,1,19
815720702,human,0.907,human,1,5
815720703,human,0.907,human,1,5
815720704,human,0.913,human,1,3
815720705,human,0.907,human,1,6
815720708,human,0.909,human,1,6
815720711,human,0.913,human,1,2
815720713,human,0.922,human,1,8
815720715,human,0.956,human,1,12
815720716,non_human,0.901,non_human,1,1
815720720,human,0.94,human,1,11
815720721,non_human,0.943,non_human,1,7
815720727,human,0.907,human,1,6
815720728,human,0.907,human,1,6
815720729,human,0.956,human,1,16
815720731,human,0.909,human,1,1
815720736,non_human,0.924,non_human,1,1
815720739,human,0.922,non_human,1,8
815720740,human,0.922,human,1,6
815720744,human,0.956,human,1,10
815720747,human,0.956,human,1,24
815720749,human,0.907,human,1,6
815720757,human,0.909,human,1,6
815720760,non_human,0.924,non_human,1,2
815720767,human,0.907,human,1,5
815720768,human,0.94,non_human,1,20
815720772,non_human,0.924,human,1,2
815720773,human,0.907,human,1,6
815720778,human,0.913,human,1,3
815720781,human,0.913,human,1,4
815720782,human,0.94,human,1,15
815720786,human,0.956,human,1,10
815720788,human,0.907,human,1,5
815720792,human,0.907,human,1,2
815720798,non_human,0.967,non_human,1,46
815720800,human,0.909,human,1,6
815720801,human,0.956,human,1,25
815720806,human,0.937,human,1,9
815720809,human,0.913,human,1,3
815720811,human,0.907,human,1,5
815720813,human,0.938,human,1,7
815720815,human,0.907,human,1,5
815720819,human,0.94,human,1,17
815720820,human,0.936,human,1,8
815720823,human,0.937,human,1,5
815720826,human,0.913,human,1,4
815720832,human,0.94,human,1,19
815720835,human,0.913,human,1,2
815720837,human,0.922,human,1,8
815720842,human,0.907,human,1,5
815720843,human,0.913,human,1,2
815720844,human,0.938,non_human,1,7
815720846,human,0.956,human,1,10
815720851,human,0.907,human,1,6
815720853,human,0.94,human,1,13
815720859,human,0.907,human,1,6
815720864,human,0.956,human,1,15
815720867,human,0.907,human,1,5
815720870,human,0.956,human,1,11
815720871,human,0.94,human,1,21
815720872,human,0.94,human,1,19
815720878,human,0.956,human,1,11
815720885,non_human,0.906,human,1,1
815720886,human,0.956,human,1,19
815720888,human,0.94,non_human,1,19
815720889,human,0.907,human,1,2
815720893,human,0.913,human,1,3
815720896,human,0.907,human,1,2
815720897,human,0.907,non_human,1,2
815720898,human,0.94,human,1,20
815720899,non_human,0.967,non_human,1,46
815720900,human,0.947,human,1,13
815720906,human,0.913,human,1,4
815720909,human,0.956,human,1,27
815720910,human,0.907,human,1,6
815720911,human,0.956,human,1,27
815720915,human,0.94,human,1,21
815720916,human,0.956,human,1,7
815720919,human,0.956,human,1,20
815720921,human,0.922,human,1,8
815720924,human,0.956,human,1,16
815720926,human,0.922,human,1,10
815720930,human,0.907,human,1,5
815720932,human,0.907,human,1,6
815720933,human,0.907,human,1,6
815720938,human,0.907,human,1,6
815720990,human,0.956,human,1,14
815720991,human,0.956,human,1,24
815720999,non_human,0.924,non_human,1,1
815721000,human,0.956,human,1,35
815721005,human,0.956,unknown,1,22
815721006,human,0.913,human,1,2
815721007,human,0.907,human,1,2
815721008,human,0.913,human,1,4
815721012,human,0.909,human,1,6
815721013,non_human,0.924,unknown,1,1
815721015,human,0.909,human,1,1
815721018,human,0.94,human,1,13
815721019,human,0.936,human,1,8
815721022,human,0.94,human,1,19
815721024,human,0.94,human,1,19
815721025,human,0.94,human,1,18
815721026,human,0.913,human,1,2
815721028,human,0.922,human,1,8
815721029,human,0.909,human,1,8
815721030,human,0.907,human,1,6
815721031,human,0.956,unknown,1,13
815721032,human,0.937,non_human,1,3
815721035,human,0.913,human,1,4
815721038,human,0.956,human,1,27
815721039,human,0.907,human,1,2
815721044,human,0.922,human,1,8
815721045,human,0.956,human,1,16
815721049,human,0.922,human,1,8
815721052,human,0.907,human,1,6
815721053,human,0.922,non_human,1,8
815721054,human,0.907,human,1,2
815721056,human,0.913,human,1,2
815721057,human,0.94,human,1,20
815721058,human,0.909,human,1,8
815721059,human,0.922,human,1,8
815721060,human,0.94,human,1,12
815721062,human,0.956,human,1,22
815721067,human,0.907,human,1,6
815721068,human,0.94,human,1,13
815721071,human,0.909,human,1,6
815721073,human,0.913,human,1,4
815721074,human,0.907,non_human,1,2
815721080,human,0.909,human,1,6
815721083,human,0.922,human,1,10
815721084,human,0.907,human,1,6
815721091,human,0.913,human,1,4
815721093,human,0.947,human,1,16
815721097,human,0.909,human,1,6
815721098,human,0.913,human,1,4
815721099,non_human,0.953,unknown,1,29
815721110,human,0.94,non_human,1,20
815721111,human,0.909,human,1,1
815721112,human,0.956,human,1,13
815721113,human,0.922,human,1,7
815721115,human,0.937,human,1,7
815721116,human,0.909,human,1,1
815721119,human,0.907,human,1,2
815721120,human,0.94,human,1,17
815721126,human,0.907,human,1,6
815721127,human,0.913,non_human,1,3
815721128,human,0.956,human,1,10
815721134,human,0.94,human,1,20
815721141,human,0.956,human,1,16
815721143,human,0.94,human,1,13
815721144,human,0.909,human,1,6
815721145,human,0.913,human,1,6
815721150,human,0.907,human,1,2
815721151,human,0.907,human,1,5
815721161,human,0.94,human,1,18
815721162,human,0.94,human,1,17
815721166,human,0.913,human,1,4
815721167,human,0.936,human,1,10
815721170,non_human,0.901,human,1,1
815721171,human,0.907,human,1,6
815721173,human,0.913,human,1,6
815721174,human,0.913,human,1,3
815721176,human,0.936,human,1,8
815721180,human,0.907,human,1,5
815721182,non_human,0.924,non_human,1,1
815721183,human,0.94,human,1,13
815721185,human,0.94,human,1,13
815721186,human,0.956,human,1,16
815721191,human,0.913,human,1,4
815721192,human,0.956,human,1,21
815721194,human,0.94,human,1,19
815721195,human,0.956,human,1,22
815721196,human,0.947,human,1,13
815721198,human,0.956,human,1,21
815721199,human,0.956,human,1,25
815721201,human,0.907,unknown,1,6
815721203,human,0.907,human,1,6
815721206,human,0.956,human,1,9
815721210,human,0.956,human,1,16
815721211,non_human,0.924,human,1,1
815721212,human,0.936,human,1,5
815721213,human,0.956,human,1,16
815721214,human,0.907,human,1,2
815721220,human,0.907,human,1,6
815721221,human,0.907,human,1,6
815721222,human,0.909,human,1,5
815721223,human,0.913,human,1,4
815721224,human,0.913,human,1,2
815721225,non_human,0.992,unknown,1,52
815721231,non_human,0.924,non_human,1,1
815721232,human,0.922,human,1,8
815721234,human,0.94,human,1,19
815721235,non_human,0.992,non_human,1,63
815721236,human,0.913,human,1,4
815721237,human,0.938,human,1,4
815721238,human,0.913,human,1,3
815721239,human,0.913,non_human,1,4
815721241,human,0.913,human,1,4
815721243,human,0.94,human,1,13
815721245,human,0.933,unknown,1,3
815721246,human,0.907,non_human,1,6
815721249,human,0.907,human,1,5
815721251,human,0.94,human,1,17
815721253,human,0.913,human,1,4
815721256,human,0.913,unknown,1,3
815721257,human,0.909,human,1,1
815721262,human,0.909,human,1,6
815721263,human,0.94,human,1,19
815721266,human,0.909,human,1,6
815721267,human,0.907,human,1,6
815721268,human,0.956,non_human,1,10
815721270,human,0.956,human,1,16
815721273,human,0.907,human,1,2
815721274,human,0.907,human,1,6
815721279,human,0.956,human,1,15
815721281,human,0.956,human,1,16
815721283,human,0.956,human,1,27
815721285,non_human,0.954,human,1,37
815721286,human,0.907,non_human,1,7
815721287,human,0.938,human,1,6
815721288,human,0.909,human,1,6
815721290,human,0.956,human,1,6
815721293,human,0.956,human,1,16
815721294,human,0.956,human,1,20
815721301,human,0.913,human,1,1
815721303,human,0.922,human,1,8
815721305,human,0.907,non_human,1,2
815721306,human,0.956,human,1,21
815721307,human,0.907,human,1,6
815721308,human,0.913,unknown,1,1
815721309,human,0.909,human,1,6
815721316,human,0.913,human,1,1
815721321,human,0.933,human,1,3
815721322,human,0.909,human,1,6
815721323,human,0.938,human,1,7
815721328,human,0.947,human,1,13
815721331,human,0.907,human,1,5
815721334,human,0.913,human,1,4
815721337,human,0.94,human,1,19
815721340,human,0.907,human,1,6
815721341,human,0.907,human,1,6
815721343,human,0.909,human,1,3
815721344,human,0.907,human,1,2
815721346,human,0.922,human,1,7
815721349,human,0.907,human,1,2
815721353,human,0.909,human,1,6
815721355,human,0.922,human,1,8
815721365,human,0.956,human,1,15
815721367,human,0.909,human,1,6
815721370,human,0.94,human,1,19
815721371,human,0.913,human,1,1
815721375,human,0.956,human,1,10
815721376,human,0.913,human,1,3
815721377,human,0.907,human,1,6
815721378,non_human,0.924,non_human,1,1
815721380,human,0.94,human,1,19
815721381,human,0.913,human,1,3
815721385,human,0.907,human,1,6
815721387,human,0.907,human,1,2
815721388,human,0.956,human,1,16
815721389,human,0.913,human,1,4
815721390,human,0.907,human,1,8
815721391,human,0.907,human,1,6
815721399,human,0.94,human,1,13
815721401,human,0.956,human,1,35
815721406,human,0.94,human,1,19
815721407,human,0.94,human,1,18
815721410,human,0.907,human,1,2
815721413,human,0.956,human,1,20
815721416,human,0.956,human,1,14
815721421,human,0.956,human,1,7
815721422,human,0.956,human,1,27
815721423,human,0.956,human,1,16
815721425,human,0.956,human,1,29
815721430,human,0.937,human,1,7
815721432,human,0.956,human,1,16
815721433,human,0.907,human,1,6
815721437,human,0.913,human,1,2
815721439,human,0.947,human,1,13
815721442,human,0.907,unknown,1,8
815721447,human,0.907,human,1,6
815721449,human,0.913,human,1,5
815721451,human,0.907,human,1,2
815721453,non_human,0.924,human,1,1
815721454,human,0.909,human,1,6
815721456,human,0.956,human,1,13
815721457,human,0.94,human,1,19
815721459,non_human,0.951,human,1,13
815721460,human,0.913,human,1,3
815721463,human,0.913,human,1,2
815721470,human,0.913,human,1,4
815721471,human,0.907,human,1,6
815721472,human,0.94,human,1,19
815721473,human,0.922,non_human,1,10
815721475,human,0.907,human,1,2
815721479,non_human,0.942,non_human,1,7
815721481,human,0.956,human,1,16
815721482,human,0.913,human,1,1
815721483,human,0.956,human,1,5
815721484,human,0.937,human,1,7
815721485,human,0.956,human,1,22
815721489,human,0.913,human,1,4
815721490,human,0.907,human,1,6
815721492,human,0.956,human,1,22
815721493,human,0.907,non_human,1,6
815721495,human,0.907,human,1,6
815721496,human,0.907,human,1,6
815721499,human,0.956,human,1,16
815721500,human,0.907,unknown,1,2
815721502,human,0.907,human,1,2
815721505,human,0.94,human,1,19
815721506,human,0.909,unknown,1,6
815721508,human,0.94,human,1,17
815721509,human,0.94,human,1,18
815721510,human,0.909,unknown,1,6
815721511,human,0.907,non_human,1,2
815721512,human,0.909,human,1,6
815721513,human,0.907,unknown,1,8
815721514,human,0.922,human,1,8
815721517,non_human,0.942,human,1,11
815721518,human,0.909,human,1,6
815721520,human,0.913,human,1,1
815721521,human,0.907,human,1,8
815721528,human,0.956,human,1,11
815721529,human,0.907,non_human,1,5
815721530,human,0.94,human,1,12
815721532,human,0.922,human,1,6
815721536,human,0.909,human,1,6
815721539,human,0.913,human,1,4
815721540,non_human,0.967,human,1,46
815721543,human,0.956,human,1,18
815721544,human,0.956,human,1,27
815721549,human,0.922,human,1,8
815721553,human,0.907,human,1,6
815721556,human,0.94,human,1,17
815721557,human,0.922,human,1,8
815721562,human,0.922,human,1,10
815721565,non_human,0.901,human,1,1
815721570,human,0.907,unknown,1,2
815721571,human,0.913,human,1,4
815721572,human,0.907,human,1,6
815721579,human,0.907,human,1,5
815721580,human,0.94,human,1,19
815721581,human,0.956,human,1,15
815721582,human,0.94,human,1,19
815721583,human,0.913,human,1,6
815721584,human,0.956,human,1,22
815721585,human,0.907,human,1,6
815721592,non_human,0.924,non_human,1,1
815721593,human,0.913,human,1,1
815721594,human,0.956,non_human,1,7
815721595,human,0.956,human,1,35
815721597,human,0.909,human,1,6
815721605,human,0.907,human,1,6
815721611,human,0.922,human,1,10
815721613,human,0.922,human,1,8
815721614,human,0.907,human,1,2
815721623,human,0.956,human,1,22
815721625,human,0.947,non_human,1,13
815721631,non_human,0.954,unknown,1,37
815721632,human,0.956,unknown,1,12
815721633,human,0.938,human,1,7
815721634,human,0.907,human,1,6
815721641,human,0.907,human,1,6
815721645,human,0.913,human,1,2
815721664,non_human,0.901,human,1,1
815721668,human,0.913,human,1,2
815721671,human,0.907,human,1,6
815721672,human,0.907,human,1,2
815721674,human,0.94,human,1,21
815721676,human,0.947,human,1,10
815721679,human,0.94,human,1,21
815721681,human,0.913,human,1,2
815721685,human,0.913,unknown,1,2
815721686,non_human,0.958,unknown,1,29
815721688,human,0.94,human,1,20
815721697,human,0.907,human,1,6
815721698,human,0.907,unknown,1,5
815721699,non_human,0.906,non_human,1,1
815721702,human,0.922,human,1,6
815721703,human,0.913,human,1,4
815721705,human,0.956,human,1,10
815721708,human,0.922,unknown,1,7
815721715,non_human,0.901,human,1,1
815721718,human,0.922,human,1,8
815721719,human,0.907,human,1,5
815721720,human,0.956,human,1,24
815721721,human,0.937,human,1,7
815721722,human,0.913,human,1,2
815721724,human,0.956,human,1,10
815721726,human,0.956,non_human,1,30
815721728,human,0.913,human,1,1
815721729,human,0.956,human,1,12
815721730,human,0.909,human,1,6
815721731,human,0.947,human,1,13
815721732,human,0.94,non_human,1,11
815721733,human,0.94,human,1,19
815721739,human,0.956,human,1,16
815721740,non_human,0.901,human,1,1
815721741,human,0.913,human,1,3
815721742,human,0.947,human,1,15
815721743,human,0.956,human,1,13
815721744,human,0.94,human,1,19
815721748,human,0.938,unknown,1,4
815721749,non_human,0.992,non_human,1,52
815721750,human,0.947,human,1,10
815721751,human,0.907,human,1,6
815721752,human,0.907,human,1,2
815721755,human,0.913,human,1,1
815721758,human,0.937,human,1,3
815721762,human,0.956,human,1,8
815721763,human,0.956,human,1,8
815721764,human,0.913,unknown,1,4
815721765,human,0.947,human,1,15
815721766,human,0.907,human,1,2
815721767,human,0.907,human,1,6
815721769,human,0.907,non_human,1,6
815721771,human,0.94,human,1,18
815721772,human,0.907,human,1,2
815721773,human,0.907,human,1,2
815721774,human,0.956,human,1,8
815721777,human,0.907,human,1,2
815721782,non_human,0.951,non_human,1,9
815721783,human,0.956,human,1,16
815721789,non_human,0.954,human,1,37
815721791,human,0.907,human,1,8
815721793,non_human,0.942,human,1,22
815721794,human,0.907,human,1,6
815721801,human,0.913,human,1,5
815721803,human,0.956,human,1,20
815721804,human,0.922,human,1,8
815721806,human,0.907,non_human,1,5
815721808,human,0.922,human,1,8
815721809,human,0.907,human,1,8
815721811,human,0.907,human,1,2
815721813,human,0.956,human,1,20
815721816,human,0.94,human,1,19
815721817,human,0.913,human,1,5
815721818,human,0.913,human,1,4
815721819,human,0.913,human,1,4
815721821,human,0.94,human,1,13
815721823,human,0.907,human,1,6
815721825,human,0.956,human,1,15
815721828,human,0.956,human,1,22
815721835,human,0.907,human,1,5
815721836,human,0.922,human,1,10
815721837,human,0.913,human,1,4
815721838,human,0.956,human,1,16
815721839,human,0.94,human,1,19
815721841,human,0.956,human,1,5
815721842,human,0.913,human,1,4
815721844,human,0.913,human,1,3
815721845,human,0.907,human,1,5
815721846,human,0.909,unknown,1,6
815721848,human,0.907,unknown,1,6
815721852,human,0.913,human,1,5
815721853,human,0.907,human,1,5
815721858,human,0.94,human,1,16
815721859,human,0.907,human,1,6
815721860,human,0.922,human,1,8
815721861,human,0.907,human,1,5
815721862,human,0.94,human,1,21
815721866,human,0.936,human,1,6
815721869,non_human,0.996,non_human,1,88
815721873,human,0.913,human,1,3
815721874,non_human,0.901,human,1,1
815721875,human,0.907,human,1,5
815721876,human,0.909,human,1,5
815721877,human,0.956,human,1,12
815721881,human,0.913,human,1,3
815721884,human,0.956,human,1,16
815721886,human,0.913,human,1,4
815721887,human,0.909,human,1,5
815721890,human,0.94,human,1,13
815721894,non_human,0.901,human,1,1
815721896,human,0.94,human,1,20
815721897,human,0.956,human,1,20
815721898,human,0.922,human,1,8
815721899,human,0.956,human,1,35
815721902,human,0.956,human,1,12
815721903,human,0.94,human,1,19
815721904,human,0.956,human,1,20
815721905,human,0.913,human,1,3
815721906,human,0.907,human,1,6
815721909,human,0.909,non_human,1,6
815721916,human,0.94,human,1,11
815721920,human,0.909,human,1,6
815721924,human,0.913,human,1,2
815721925,human,0.956,human,1,20
815721926,human,0.907,human,1,5
815721927,non_human,0.951,human,1,7
815721929,human,0.956,human,1,27
815721934,human,0.956,human,1,24
815721938,non_human,0.901,human,1,1
815721939,human,0.956,human,1,11
815721940,human,0.938,human,1,13
815721941,human,0.94,human,1,13
815721943,human,0.936,unknown,1,6
815721945,human,0.913,unknown,1,3
815721946,human,0.956,human,1,29
815721948,human,0.94,human,1,19
815721955,human,0.909,non_human,1,1
815721956,non_human,0.901,non_human,1,1
815721959,human,0.956,human,1,21
815721960,human,0.909,human,1,6
815721961,human,0.94,human,1,18
815721962,human,0.909,human,1,5
815721964,human,0.956,human,1,16
815721965,human,0.94,human,1,19
815721966,human,0.913,human,1,4
815721968,human,0.956,human,1,20
815721969,human,0.913,human,1,2
815721972,human,0.909,non_human,1,6
815721976,human,0.913,human,1,4
815721979,human,0.913,non_human,1,4
815721980,human,0.922,human,1,8
815721981,human,0.913,human,1,4
815721984,human,0.938,human,1,7
815721986,human,0.922,human,1,7
815721987,human,0.94,human,1,19
815721988,human,0.956,human,1,33
815721995,human,0.907,human,1,5
815721997,human,0.907,human,1,2
815721998,human,0.956,human,1,21
815721999,human,0.922,human,1,10
815722002,human,0.907,human,1,2
815722006,human,0.94,human,1,11
815722010,human,0.913,human,1,4
815722012,non_human,0.954,human,1,37
815722017,human,0.94,human,1,19
815722018,human,0.913,human,1,3
815722026,human,0.937,non_human,1,7
815722028,non_human,0.951,human,1,4
815722029,human,0.909,human,1,1
815722030,human,0.907,non_human,1,6
815722034,human,0.913,human,1,3
815722037,human,0.913,human,1,4
815722038,human,0.922,human,1,5
815722042,human,0.94,human,1,19
815722048,human,0.909,human,1,8
815722049,human,0.907,human,1,2
815722051,human,0.933,human,1,3
815722053,human,0.956,human,1,13
815722057,human,0.956,human,1,22
815722058,non_human,0.924,non_human,1,1
815722061,human,0.907,human,1,6
815722065,human,0.909,human,1,5
815722067,human,0.956,human,1,12
815722071,human,0.913,human,1,1
815722073,human,0.907,human,1,5
815722079,human,0.913,human,1,4
815722081,human,0.907,human,1,2
815722082,human,0.956,human,1,19
815722083,human,0.956,human,1,16
815722084,human,0.936,human,1,8
815722086,human,0.922,human,1,8
815722089,human,0.909,human,1,6
815722090,human,0.907,human,1,2
815722092,human,0.909,human,1,1
815722095,human,0.913,human,1,1
815722096,human,0.956,human,1,4
815722098,human,0.956,human,1,15
815722102,human,0.913,human,1,1
815722107,human,0.909,human,1,3
815722108,non_human,0.954,unknown,1,37
815722111,human,0.956,human,1,22
815722115,human,0.936,human,1,6
815722116,human,0.907,human,1,2
815722121,human,0.94,human,1,11
815722123,human,0.913,human,1,3
815722124,human,0.956,human,1,10
815722125,human,0.956,human,1,13
815722131,non_human,0.924,non_human,1,1
815722136,human,0.907,human,1,2
815722137,human,0.956,non_human,1,21
815722139,human,0.907,human,1,5
815722140,human,0.907,human,1,2
815722141,human,0.956,human,1,25
815722143,human,0.956,human,1,10
815722146,human,0.922,human,1,6
815722150,human,0.909,human,1,6
815722154,human,0.947,human,1,7
815722156,human,0.94,human,1,11
815722157,human,0.907,human,1,6
815722160,human,0.907,non_human,1,2
815722161,human,0.956,human,1,21
815722162,human,0.909,unknown,1,1
815722164,human,0.922,non_human,1,8
815722169,human,0.909,human,1,6
815722172,human,0.938,human,1,7
815722175,human,0.922,human,1,8
815722179,human,0.913,human,1,3
815722181,human,0.909,human,1,1
815722184,non_human,0.924,human,1,2
815722186,human,0.909,non_human,1,5
815722191,human,0.947,non_human,1,13
815722197,human,0.909,human,1,5
815722200,human,0.94,human,1,18
815722201,human,0.907,human,1,5
815722205,human,0.907,human,1,6
815722206,human,0.909,human,1,1
815722207,human,0.909,non_human,1,1
815722211,human,0.913,human,1,4
815722213,human,0.956,human,1,25
815722214,human,0.956,human,1,16
815722215,human,0.913,human,1,2
815722217,human,0.956,human,1,31
815722218,human,0.909,human,1,6
815722221,human,0.94,human,1,20
815722224,human,0.907,human,1,2
815722227,human,0.956,human,1,21
815722229,human,0.907,human,1,6
815722230,non_human,0.954,non_human,1,37
815722233,human,0.956,human,1,4
815722235,human,0.907,non_human,1,2
815722237,human,0.922,human,1,8
815722241,human,0.956,human,1,16
815722242,human,0.956,human,1,35
815722243,human,0.956,human,1,13
815722244,non_human,0.943,human,1,4
815722248,human,0.956,human,1,22
815722252,human,0.913,human,1,4
815722253,human,0.94,human,1,20
815722256,human,0.907,human,1,4
815722257,human,0.956,human,1,22
815722258,non_human,0.991,unknown,1,16
815722259,human,0.947,human,1,22
815722260,human,0.922,human,1,8
815722261,human,0.913,human,1,6
815722264,human,0.94,human,1,20
815722266,human,0.956,human,1,29
815722267,human,0.947,human,1,13
815722270,non_human,0.992,unknown,1,53
815722273,human,0.913,human,1,1
815722279,human,0.956,human,1,20
815722280,human,0.907,human,1,6
815722281,human,0.937,human,1,7
815722283,human,0.956,human,1,16
815722284,human,0.913,unknown,1,4
815722285,human,0.94,human,1,21
815722287,human,0.907,human,1,6
815722289,human,0.936,human,1,5
815722290,human,0.956,human,1,5
815722291,human,0.938,human,1,7
815722294,human,0.945,human,1,9
815722295,human,0.913,human,1,4
815722302,human,0.936,human,1,6
815722303,human,0.913,human,1,6
815722304,human,0.907,unknown,1,5
815722306,non_human,0.992,unknown,1,52
815722307,human,0.956,human,1,16
815722309,human,0.907,human,1,2
815722313,human,0.909,human,1,6
815722314,human,0.913,human,1,4
815722315,human,0.94,human,1,19
815722316,human,0.936,human,1,10
815722319,human,0.944,non_human,1,9
815722320,human,0.956,human,1,21
815722321,non_human,0.924,human,1,1
815722322,human,0.94,human,1,19
815722323,human,0.909,unknown,1,1
815722326,non_human,0.901,non_human,1,1
815722327,human,0.907,non_human,1,2
815722328,human,0.913,human,1,1
815722330,human,0.913,human,1,4
815722334,human,0.94,human,1,20
815722335,human,0.938,human,1,4
815722340,human,0.922,human,1,8
815722343,non_human,0.901,non_human,1,1
815722346,non_human,0.924,non_human,1,1
815722347,non_human,0.901,human,1,1
815722351,non_human,0.901,human,1,1
815722360,human,0.907,human,1,6
815722365,human,0.956,human,1,20
815722367,human,0.907,human,1,2
815722372,human,0.933,human,1,3
815722373,human,0.956,human,1,16
815722375,human,0.937,human,1,9
815722381,human,0.956,human,1,12
815722382,human,0.956,human,1,35
815722383,human,0.913,human,1,4
815722384,human,0.907,human,1,6
815722385,human,0.94,human,1,13
815722386,non_human,0.954,non_human,1,37
815722387,human,0.956,human,1,29
815722390,non_human,0.967,non_human,1,16
815722392,human,0.913,human,1,2
815722393,human,0.907,human,1,5
815722394,human,0.907,human,1,5
815722395,human,0.922,human,1,8
815722402,human,0.907,human,1,6
815722403,human,0.956,human,1,16
815722406,human,0.913,human,1,4
815722412,human,0.909,unknown,1,1
815722417,human,0.956,human,1,15
815722423,human,0.913,human,1,1
815722424,human,0.909,human,1,1
815722425,human,0.922,human,1,7
815722426,human,0.907,human,1,2
815722429,human,0.94,human,1,19
815722430,human,0.907,non_human,1,6
815722434,human,0.907,non_human,1,2
815722435,human,0.913,human,1,1
815722437,human,0.94,human,1,17
815722440,human,0.94,human,1,17
815722442,human,0.94,human,1,19
815722443,human,0.913,human,1,1
815722444,human,0.94,human,1,20
815722445,human,0.94,human,1,20
815722446,human,0.956,human,1,16
815722452,human,0.909,human,1,1
815722453,non_human,0.967,non_human,1,46
815722455,human,0.913,human,1,4
815722457,human,0.956,human,1,33
815722460,human,0.913,human,1,4
815722461,human,0.938,non_human,1,10
815722463,human,0.947,human,1,12
815722466,human,0.913,human,1,3
815722467,human,0.94,human,1,19
815722468,human,0.913,human,1,2
815722470,human,0.94,human,1,18
815722472,human,0.907,human,1,6
815722474,human,0.913,non_human,1,4
815722475,human,0.956,human,1,7
815722476,human,0.922,human,1,8
815722477,human,0.956,human,1,7
815722479,human,0.956,human,1,15
815722486,human,0.94,human,1,19
815722491,human,0.922,human,1,8
815722493,human,0.956,human,1,10
815722494,human,0.94,human,1,20
815722496,human,0.956,human,1,21
815722498,human,0.936,human,1,8
815722499,human,0.913,human,1,4
815722501,human,0.94,human,1,18
815722503,human,0.956,human,1,22
815722504,human,0.907,human,1,6
815722505,human,0.913,human,1,3
815722508,human,0.94,human,1,19
815722517,human,0.956,non_human,1,22
815722519,human,0.94,human,1,18
815722528,human,0.909,human,1,6
815722531,human,0.909,human,1,6
815722532,human,0.913,human,1,1
815722533,human,0.94,human,1,18
815722536,human,0.907,human,1,5
815722537,non_human,0.913,non_human,1,1
815722541,human,0.907,human,1,2
815722542,human,0.907,human,1,5
815722547,human,0.913,human,1,2
815722553,human,0.936,human,1,6
815722555,human,0.94,human,1,13
815722556,human,0.956,human,1,10
815722558,human,0.938,human,1,7
815722561,human,0.913,human,1,4
815722562,human,0.944,human,1,9
815722563,human,0.956,human,1,31
815722564,human,0.913,human,1,1
815722566,human,0.907,human,1,6
815722574,human,0.956,human,1,22
815722575,human,0.913,human,1,4
815722576,human,0.956,human,1,7
815722580,human,0.907,human,1,5
815722581,human,0.909,human,1,1
815722584,human,0.937,human,1,9
815722587,human,0.94,human,1,13
815722591,human,0.913,human,1,3
815722594,human,0.922,human,1,8
815722596,human,0.956,human,1,8
815722597,human,0.907,human,1,8
815722599,human,0.913,human,1,4
815722601,human,0.907,human,1,5
815722603,human,0.913,human,1,3
815722604,human,0.94,human,1,19
815722605,human,0.956,human,1,20
815722607,human,0.913,human,1,4
815722609,human,0.907,human,1,6
815722611,human,0.956,human,1,33
815722613,human,0.913,human,1,4
815722614,human,0.94,human,1,19
815722616,human,0.94,human,1,18
815722618,human,0.922,human,1,6
815722621,human,0.907,human,1,5
815722622,human,0.907,human,1,6
815722624,human,0.956,human,1,10
815722625,human,0.907,human,1,8
815722626,human,0.913,human,1,2
815722628,human,0.94,human,1,13
815722629,human,0.94,human,1,19
815722630,human,0.956,human,1,12
815722631,human,0.913,human,1,1
815722632,human,0.938,human,1,7
815722635,human,0.937,human,1,7
815722646,human,0.907,human,1,2
815722662,human,0.907,human,1,6
815722663,human,0.94,unknown,1,11
815722664,human,0.94,human,1,13
815722665,human,0.956,human,1,22
815722666,human,0.909,human,1,6
815722670,human,0.94,human,1,21
815722671,human,0.913,human,1,2
815722673,human,0.922,human,1,8
815722675,human,0.94,human,1,19
815722676,human,0.956,human,1,8
815722678,human,0.907,unknown,1,6
815722680,human,0.907,human,1,6
815722681,human,0.956,human,1,20
815722682,human,0.94,human,1,21
815722692,human,0.909,human,1,5
815722696,human,0.907,human,1,6
815722703,non_human,0.959,human,1,2
815722704,non_human,0.924,human,1,1
815722709,human,0.907,human,1,5
815722710,human,0.956,human,1,12
815722711,human,0.907,human,1,6
815722712,non_human,0.901,non_human,1,1
815722714,non_human,0.942,non_human,1,3
815722717,non_human,0.967,non_human,1,46
815722719,human,0.956,human,1,35
815722721,human,0.907,non_human,1,2
815722730,human,0.913,non_human,1,6
815722732,human,0.94,human,1,17
815722735,human,0.94,human,1,20
815722736,human,0.913,human,1,3
815722742,human,0.922,human,1,8
815722743,human,0.944,non_human,1,9
815722746,human,0.956,human,1,22
815722749,non_human,0.901,human,1,1
815722750,human,0.956,human,1,18
815722752,human,0.922,human,1,8
815722755,human,0.913,human,1,5
815722758,human,0.909,non_human,1,1
815722759,human,0.913,human,1,4
815722760,human,0.94,human,1,13
815722763,human,0.94,human,1,15
815722764,human,0.907,human,1,6
815722766,human,0.913,human,1,2
815722767,human,0.956,human,1,29
815722768,human,0.907,human,1,8
815722770,human,0.909,human,1,1
815722772,human,0.909,human,1,1
815722775,human,0.956,human,1,7
815722776,human,0.956,unknown,1,13
815722777,human,0.907,human,1,2
815722778,human,0.937,human,1,7
815722780,human,0.907,human,1,6
815722781,non_human,0.967,unknown,1,46
815722782,human,0.909,unknown,1,6
815722785,human,0.913,non_human,1,4
815722790,human,0.956,human,1,20
815722791,human,0.913,human,1,4
815722795,human,0.922,human,1,8
815722801,human,0.937,human,1,3
815722804,human,0.913,human,1,1
815722807,non_human,0.992,non_human,1,52
815722808,human,0.956,human,1,7
815722811,human,0.909,human,1,6
815722813,human,0.922,human,1,8
815722818,non_human,0.954,non_human,1,37
815722820,human,0.94,human,1,13
815722822,human,0.956,human,1,22
815722823,human,0.94,human,1,20
815722824,human,0.907,human,1,5
815722828,human,0.913,non_human,1,3
815722830,human,0.909,human,1,1
815722836,human,0.913,non_human,1,4
815722837,human,0.936,human,1,8
815722839,human,0.907,human,1,2
815722848,human,0.956,human,1,15
815722850,human,0.956,human,1,29
815722856,human,0.913,human,1,4
815722857,human,0.922,non_human,1,8
815722862,human,0.913,human,1,3
815722863,human,0.956,human,1,16
815722867,human,0.94,human,1,21
815722869,human,0.956,human,1,7
815722874,human,0.907,human,1,6
815722875,human,0.913,human,1,2
815722876,human,0.938,non_human,1,2
815722877,human,0.94,human,1,18
815722878,human,0.937,human,1,7
815722881,human,0.94,human,1,18
815722885,human,0.922,human,1,8
815722887,human,0.907,human,1,2
815722888,human,0.907,human,1,6
815722890,human,0.909,human,1,1
815722893,human,0.947,human,1,7
815722894,human,0.938,human,1,7
815722895,non_human,0.934,non_human,1,7
815722896,human,0.913,human,1,4
815722908,human,0.909,human,1,6
815722912,human,0.907,human,1,2
815722916,human,0.913,human,1,3
815722918,human,0.913,human,1,3
815722921,human,0.913,human,1,2
815722928,human,0.907,non_human,1,2
815722929,human,0.94,non_human,1,19
815722932,human,0.94,human,1,11
815722934,human,0.94,human,1,19
815722936,human,0.94,human,1,17
815722938,human,0.956,human,1,12
815722940,human,0.956,human,1,15
815722941,human,0.913,human,1,2
815722942,human,0.909,human,1,1
815722943,human,0.922,human,1,8
815722944,human,0.956,human,1,16
815722947,human,0.956,human,1,35
815722950,non_human,0.942,human,1,3
815722954,human,0.907,unknown,1,2
815722956,human,0.909,human,1,1
815722957,human,0.922,non_human,1,6
815722959,human,0.907,human,1,6
815722960,human,0.956,human,1,22
815722961,non_human,0.924,non_human,1,1
815722963,human,0.947,human,1,15
815722966,human,0.907,human,1,4
815722968,human,0.956,human,1,21
815722969,human,0.956,human,1,12
815722970,human,0.907,non_human,1,2
815722972,human,0.956,human,1,10
815722973,human,0.907,human,1,5
815722976,human,0.956,non_human,1,10
815722983,human,0.938,human,1,7
815722986,human,0.956,human,1,16
815722988,human,0.907,unknown,1,2
815722989,human,0.913,human,1,4
815722993,human,0.907,human,1,2
815722995,human,0.907,non_human,1,2
815722997,human,0.922,unknown,1,8
815723003,human,0.913,human,1,4
815723004,human,0.937,human,1,7
815723006,human,0.956,human,1,15
815723010,human,0.909,human,1,1
815723014,human,0.913,human,1,3
815723017,human,0.938,human,1,14
815723018,non_human,0.967,human,1,46
815723021,human,0.947,non_human,1,13
815723023,non_human,0.928,human,1,5
815723026,human,0.94,human,1,19
815723027,human,0.922,human,1,6
815723028,human,0.913,non_human,1,4
815723033,human,0.956,human,1,16
815723037,human,0.913,non_human,1,2
815723040,human,0.909,human,1,5
815723041,human,0.94,human,1,19
815723042,human,0.907,human,1,5
815723043,human,0.907,human,1,5
815723047,human,0.922,human,1,8
815723048,human,0.922,human,1,8
815723049,human,0.913,human,1,2
815723056,human,0.94,non_human,1,19
815723063,human,0.907,human,1,5
815723064,human,0.956,human,1,19
815723068,human,0.94,human,1,20
815723069,human,0.956,human,1,29
815723071,human,0.907,human,1,2
815723077,human,0.907,human,1,6
815723078,human,0.909,human,1,1
815723079,human,0.956,human,1,5
815723080,human,0.913,human,1,1
815723082,human,0.94,human,1,17
815723083,human,0.938,non_human,1,7
815723089,human,0.913,human,1,2
815723092,human,0.956,human,1,16
815723093,human,0.913,human,1,1
815723094,human,0.94,human,1,20
815723096,human,0.956,human,1,35
815723097,human,0.94,human,1,19
815723098,human,0.913,human,1,4
815723100,human,0.922,human,1,6
815723101,human,0.909,human,1,6
815723102,human,0.947,non_human,1,13
815723103,human,0.909,human,1,5
815723107,human,0.907,human,1,6
815723109,human,0.94,human,1,17
815723112,human,0.907,human,1,8
815723113,human,0.907,human,1,8
815723116,human,0.933,human,1,3
815723118,human,0.907,unknown,1,6
815723119,human,0.947,human,1,10
815723120,human,0.922,human,1,8
815723122,human,0.907,human,1,6
815723124,human,0.956,human,1,7
815723127,human,0.913,human,1,1
815723128,human,0.913,human,1,4
815723129,non_human,0.924,human,1,1
815723131,human,0.907,human,1,6
815723133,non_human,0.992,unknown,1,71
815723138,non_human,0.954,unknown,1,37
815723139,human,0.913,human,1,4
815723145,human,0.907,unknown,1,6
815723146,human,0.956,human,1,16
815723148,human,0.913,human,1,3
815723150,human,0.913,human,1,1
815723151,human,0.907,human,1,6
815723154,human,0.909,human,1,1
815723156,human,0.907,human,1,8
815723158,human,0.936,human,1,8
815723159,human,0.956,human,1,7
815723160,human,0.913,human,1,2
815723162,human,0.947,unknown,1,13
815723163,human,0.907,non_human,1,2
815723165,human,0.947,human,1,20
815723167,human,0.956,human,1,16
815723168,human,0.94,human,1,17
815723171,non_human,0.958,non_human,1,29
815723173,human,0.913,human,1,2
815723177,human,0.913,human,1,3
815723179,non_human,0.972,human,1,18
815723184,human,0.913,human,1,3
815723186,human,0.936,human,1,8
815723188,human,0.907,non_human,1,2
815723189,human,0.907,human,1,6
815723192,human,0.913,human,1,1
815723195,human,0.956,human,1,9
815723200,human,0.907,human,1,6
815723204,human,0.956,human,1,25
815723206,human,0.907,non_human,1,5
815723207,non_human,0.928,human,1,2
815723208,human,0.913,human,1,4
815723210,human,0.907,human,1,6
815723211,non_human,0.958,unknown,1,16
815723215,human,0.938,human,1,7
815723222,human,0.947,human,1,10
815723224,human,0.956,human,1,22
815723225,human,0.947,human,1,13
815723228,human,0.907,human,1,6
815723232,human,0.956,human,1,7
815723234,non_human,0.901,non_human,1,1
815723237,non_human,0.951,human,1,13
815723240,human,0.947,human,1,13
815723241,human,0.956,human,1,4
815723251,human,0.922,human,1,8
815723252,human,0.94,human,1,19
815723253,human,0.907,human,1,6
815723256,human,0.907,human,1,2
815723258,human,0.913,human,1,4
815723261,human,0.913,human,1,2
815723262,human,0.907,human,1,6
815723264,human,0.907,human,1,2
815723265,human,0.909,non_human,1,6
815723270,human,0.909,human,1,5
815723273,human,0.94,human,1,14
815723294,human,0.94,human,1,19
815723304,human,0.956,human,1,9
815723310,human,0.956,human,1,22
815723312,human,0.94,human,1,20
815723316,human,0.94,human,1,19
815723317,human,0.947,non_human,1,10
815723322,human,0.907,human,1,2
815723323,human,0.956,human,1,18
815723324,human,0.956,non_human,1,16
815723326,human,0.937,human,1,3
815723328,human,0.907,human,1,2
815723329,human,0.94,non_human,1,15
815723331,human,0.913,human,1,3
815723332,human,0.913,human,1,3
815723337,human,0.94,human,1,19
815723339,human,0.94,human,1,19
815723341,human,0.907,human,1,6
815723342,human,0.907,human,1,6
815723343,human,0.94,human,1,15
815723350,human,0.956,human,1,22
815723355,non_human,0.954,non_human,1,37
815723358,human,0.956,human,1,18
815723361,human,0.956,human,1,20
815723362,non_human,0.958,human,1,29
815723364,human,0.909,human,1,6
815723366,human,0.922,human,1,8
815723368,non_human,0.954,human,1,37
815723371,non_human,0.954,non_human,1,37
815723373,human,0.94,human,1,20
815723387,human,0.909,human,1,6
815723389,non_human,0.991,non_human,1,43
815723394,human,0.909,unknown,1,6
815723402,human,0.907,human,1,6
815723403,human,0.938,human,1,7
815723407,non_human,0.991,non_human,1,20
815723419,human,0.956,human,1,25
815723424,human,0.94,human,1,21
815723426,human,0.907,non_human,1,6
815723430,non_human,0.901,non_human,1,1
815723433,human,0.94,human,1,19
815723436,human,0.956,human,1,16
815723437,human,0.909,human,1,6
815723438,human,0.956,human,1,8
815723441,human,0.907,human,1,2
815723442,human,0.956,human,1,15
815723443,human,0.956,unknown,1,9
815723447,human,0.907,human,1,2
815723448,human,0.94,unknown,1,19
815723449,human,0.907,human,1,6
815723453,human,0.956,human,1,22
815723454,human,0.956,human,1,16
815723455,human,0.956,human,1,16
815723458,human,0.913,human,1,3
815723459,human,0.956,human,1,16
815723461,human,0.909,non_human,1,1
815723462,human,0.936,human,1,5
815723464,human,0.956,human,1,16
815723466,human,0.907,human,1,6
815723467,human,0.907,human,1,6
815723468,human,0.956,human,1,24
815723469,human,0.907,human,1,6
815723473,human,0.947,human,1,13
815723474,human,0.909,non_human,1,6
815723477,human,0.94,human,1,18
815723487,human,0.907,human,1,6
815723488,human,0.956,human,1,16
815723493,human,0.922,human,1,8
815723494,human,0.913,human,1,4
815723498,human,0.947,human,1,13
815723499,human,0.909,human,1,5
815723500,human,0.956,human,1,16
815723502,human,0.937,human,1,7
815723503,human,0.956,human,1,12
815723506,human,0.947,human,1,9
815723518,human,0.913,human,1,1
815723520,human,0.907,human,1,6
815723522,human,0.922,human,1,8
815723523,human,0.94,human,1,20
815723524,human,0.936,human,1,6
815723527,non_human,0.901,human,1,1
815723529,human,0.909,human,1,4
815723537,human,0.909,non_human,1,6
815723540,human,0.907,human,1,6
815723545,human,0.956,human,1,9
815723546,human,0.907,human,1,6
815723547,human,0.907,human,1,6
815723552,non_human,0.951,non_human,1,9
815723553,human,0.94,human,1,18
815723554,human,0.907,human,1,6
815723559,human,0.907,human,1,2
815723562,human,0.936,human,1,6
815723563,non_human,0.996,non_human,1,88
815723564,human,0.909,human,1,6
815723565,human,0.907,unknown,1,2
815723570,human,0.909,human,1,6
815723571,non_human,0.992,non_human,1,52
815723578,human,0.947,human,1,13
815723579,human,0.922,human,1,8
815723581,human,0.907,non_human,1,5
815723582,human,0.956,human,1,35
815723586,human,0.956,human,1,16
815723588,non_human,0.942,non_human,1,7
815723591,human,0.94,human,1,18
815723593,human,0.909,non_human,1,6
815723596,human,0.938,human,1,4
815723598,human,0.94,human,1,19
815723600,human,0.956,non_human,1,22
815723601,human,0.909,human,1,6
815723605,human,0.956,human,1,7
815723606,human,0.94,unknown,1,19
815723608,human,0.907,human,1,6
815723609,human,0.947,human,1,15
815723611,human,0.913,non_human,1,1
815723612,human,0.922,human,1,6
815723614,human,0.936,human,1,5
815723615,human,0.907,human,1,5
815723619,human,0.909,human,1,6
815723620,human,0.956,human,1,22
815723625,human,0.956,human,1,4
815723629,human,0.913,human,1,2
815723630,human,0.907,human,1,5
815723633,human,0.94,human,1,21
815723636,human,0.913,human,1,4
815723639,human,0.956,human,1,7
815723643,non_human,0.943,human,1,3
815723646,human,0.94,human,1,12
815723652,human,0.913,human,1,6
815723653,human,0.913,human,1,4
815723654,non_human,0.996,non_human,1,88
815723655,human,0.956,human,1,35
815723657,non_human,0.996,non_human,1,88
815723662,human,0.913,human,1,2
815723666,human,0.956,human,1,35
815723674,human,0.907,non_human,1,2
815723676,human,0.94,human,1,17
815723687,non_human,0.924,human,1,1
815723698,human,0.94,human,1,19
815723704,human,0.947,human,1,13
815723705,human,0.907,human,1,6
815723706,non_human,0.996,non_human,1,96
815723707,human,0.947,human,1,13
815723710,human,0.907,human,1,6
815723711,non_human,0.967,human,1,29
815723717,human,0.936,human,1,8
815723718,human,0.956,human,1,16
815723720,human,0.94,human,1,13
815723721,human,0.913,human,1,1
815723723,human,0.913,human,1,4
815723724,human,0.956,human,1,22
815723727,human,0.956,human,1,8
815723728,non_human,0.924,non_human,1,1
815723729,human,0.907,human,1,5
815723730,non_human,0.924,human,1,1
815723731,human,0.94,human,1,13
815723735,human,0.922,human,1,8
815723737,non_human,0.996,non_human,1,88
815723738,human,0.922,human,1,8
815723740,human,0.922,human,1,6
815723741,human,0.956,human,1,10
815723742,human,0.922,human,1,6
815723743,human,0.913,human,1,1
815723747,human,0.956,human,1,8
815723748,non_human,0.924,non_human,1,1
815723751,human,0.907,unknown,1,6
815723752,human,0.956,human,1,8
815723755,human,0.947,human,1,13
815723756,human,0.956,human,1,8
815723759,human,0.913,human,1,4
815723760,human,0.94,human,1,18
815723761,human,0.956,human,1,4
815723764,human,0.922,unknown,1,7
815723765,human,0.907,human,1,6
815723766,non_human,0.996,unknown,1,61
815723774,human,0.922,human,1,8
815723777,human,0.956,human,1,13
815723778,human,0.936,human,1,6
815723782,non_human,0.996,non_human,1,88
815723785,human,0.909,human,1,6
815723786,human,0.909,human,1,5
815723787,non_human,0.996,non_human,1,88
815723789,non_human,0.996,non_human,1,88
815723791,human,0.956,human,1,22
815723792,human,0.956,human,1,7
815723800,human,0.937,human,1,7
815723801,human,0.907,unknown,1,6
815723802,human,0.909,human,1,6
815723804,human,0.907,human,1,6
815723808,human,0.907,human,1,6
815723810,human,0.922,human,1,7
815723811,human,0.937,human,1,5
815723817,non_human,0.996,non_human,1,88
815723819,human,0.922,human,1,8
815723824,human,0.907,human,1,5
815723826,human,0.94,human,1,18
815723827,human,0.907,non_human,1,6
815723828,human,0.94,human,1,19
815723829,human,0.936,human,1,8
815723830,human,0.938,human,1,4
815723833,human,0.937,human,1,7
815723834,non_human,0.996,non_human,1,88
815723835,non_human,0.954,unknown,1,37
815723837,human,0.922,human,1,8
815723840,non_human,0.991,non_human,1,48
815723844,non_human,0.924,human,1,1
815723847,human,0.956,human,1,20
815723849,non_human,0.996,non_human,1,88
815723850,human,0.94,human,1,17
815723851,human,0.907,human,1,6
815723857,human,0.922,human,1,8
815723858,human,0.913,human,1,4
815723861,human,0.936,human,1,6
815723863,non_human,0.996,unknown,1,96
815723865,non_human,0.996,non_human,1,88
815723869,human,0.936,human,1,6
815723870,human,0.956,human,1,8
815723871,human,0.907,non_human,1,6
815723874,human,0.922,human,1,8
815723880,human,0.947,non_human,1,13
815723882,human,0.94,human,1,17
815723883,human,0.907,human,1,6
815723887,non_human,0.996,non_human,1,96
815723888,human,0.909,non_human,1,6
815723891,human,0.907,human,1,6
815723895,human,0.913,human,1,4
815723897,human,0.922,human,1,8
815723898,human,0.94,human,1,20
815723900,human,0.947,human,1,13
815723905,human,0.913,human,1,3
815723906,non_human,0.996,non_human,1,69
815723913,non_human,0.996,non_human,1,88
815723914,non_human,0.972,human,1,9
815723916,human,0.909,human,1,6
815723923,human,0.907,human,1,5
815723925,non_human,0.996,non_human,1,88
815723927,human,0.933,human,1,3
815723936,non_human,0.996,non_human,1,88
815723938,human,0.937,human,1,7
815723939,non_human,0.996,non_human,1,88
815723941,human,0.913,human,1,1
815723944,non_human,0.996,non_human,1,49
815723946,human,0.913,human,1,4
815723951,non_human,0.996,non_human,1,88
815723952,human,0.907,non_human,1,2
815723953,human,0.938,human,1,4
815723954,human,0.956,human,1,20
815723956,human,0.94,human,1,19
815723963,non_human,0.996,non_human,1,88
815723964,human,0.907,human,1,2
815723965,human,0.913,human,1,3
815723967,non_human,0.996,non_human,1,88
815723972,human,0.907,human,1,8
815723973,human,0.956,human,1,23
815723974,human,0.913,human,1,2
815723975,human,0.909,human,1,8
815723976,non_human,0.924,non_human,1,1
815723983,non_human,0.924,unknown,1,1
815723985,human,0.913,human,1,3
815723986,human,0.956,human,1,16
815723990,human,0.956,human,1,10
815723992,human,0.956,human,1,16
815723995,human,0.956,human,1,21
815723999,non_human,0.996,non_human,1,88
815724000,human,0.909,human,1,6
815724001,human,0.956,human,1,16
815724003,human,0.956,human,1,12
815724004,human,0.956,human,1,25
815724006,non_human,0.996,non_human,1,88
815724007,human,0.907,human,1,6
815724009,human,0.922,human,1,8
815724011,non_human,0.996,non_human,1,61
815724014,non_human,0.996,non_human,1,88
815724016,non_human,0.924,human,1,1
815724017,human,0.94,human,1,19
815724018,non_human,0.996,non_human,1,88
815724019,human,0.956,human,1,8
815724021,human,0.956,human,1,16
815724026,human,0.94,human,1,19
815724027,human,0.947,human,1,13
815724028,human,0.94,human,1,17
815724031,non_human,0.996,non_human,1,61
815724032,non_human,0.996,non_human,1,88
815724033,human,0.909,non_human,1,6
815724034,human,0.922,human,1,10
815724040,human,0.909,unknown,1,1
815724042,human,0.922,human,1,8
815724044,human,0.94,human,1,19
815724045,non_human,0.924,non_human,1,1
815724048,human,0.913,human,1,1
815724049,human,0.94,human,1,13
815724050,human,0.947,human,1,13
815724051,human,0.94,non_human,1,19
815724053,human,0.94,human,1,18
815724055,human,0.956,human,1,35
815724058,human,0.909,human,1,6
815724060,human,0.922,human,1,5
815724062,human,0.907,human,1,6
815724066,non_human,0.996,non_human,1,88
815724067,non_human,0.996,non_human,1,69
815724068,human,0.94,human,1,19
815724069,human,0.956,human,1,16
815724070,human,0.956,human,1,24
815724071,human,0.913,human,1,4
815724074,human,0.907,human,1,5
815724076,human,0.956,human,1,19
815724077,human,0.913,non_human,1,4
815724079,non_human,0.996,unknown,1,88
815724084,non_human,0.996,non_human,1,88
815724085,human,0.938,human,1,7
815724088,non_human,0.996,non_human,1,88
815724092,human,0.922,non_human,1,8
815724093,human,0.907,human,1,6
815724095,human,0.909,human,1,3
815724102,human,0.913,human,1,4
815724107,human,0.907,non_human,1,6
815724109,human,0.947,human,1,20
815724110,human,0.922,non_human,1,6
815724114,human,0.907,unknown,1,6
815724117,human,0.94,human,1,19
815724118,non_human,0.996,non_human,1,88
815724119,human,0.94,human,1,19
815724121,non_human,0.924,non_human,1,1
815724127,human,0.94,human,1,13
815724131,human,0.909,human,1,5
815724132,human,0.936,human,1,9
815724136,human,0.956,human,1,14
815724138,human,0.913,human,1,1
815724140,non_human,0.996,non_human,1,88
815724142,non_human,0.996,non_human,1,88
815724144,human,0.913,non_human,1,2
815724145,human,0.956,human,1,4
815724148,human,0.909,human,1,5
815724149,human,0.937,human,1,9
815724150,human,0.907,human,1,6
815724152,human,0.907,human,1,6
815724154,non_human,0.996,non_human,1,96
815724155,non_human,0.992,non_human,1,63
815724158,human,0.956,human,1,22
815724163,non_human,0.996,non_human,1,61
815724164,human,0.947,human,1,15
815724166,non_human,0.996,non_human,1,88
815724169,human,0.909,human,1,6
815724171,human,0.907,human,1,2
815724172,non_human,0.996,non_human,1,88
815724174,human,0.907,human,1,6
815724175,human,0.907,human,1,6
815724176,human,0.907,human,1,2
815724177,non_human,0.996,non_human,1,96
815724178,non_human,0.906,non_human,1,1
815724182,non_human,0.958,unknown,1,29
815724183,human,0.913,human,1,4
815724188,non_human,0.996,unknown,1,88
815724189,non_human,0.924,non_human,1,1
815724190,non_human,0.996,non_human,1,96
815724192,non_human,0.996,non_human,1,88
815724196,human,0.922,human,1,8
815724197,human,0.956,human,1,21
815724198,human,0.94,human,1,17
815724199,non_human,0.996,non_human,1,88
815724202,non_human,0.996,non_human,1,69
815724203,human,0.956,human,1,12
815724204,human,0.94,human,1,12
815724205,non_human,0.996,non_human,1,96
815724208,human,0.94,human,1,13
815724209,human,0.913,non_human,1,4
815724211,non_human,0.996,non_human,1,96
815724217,human,0.94,human,1,18
815724220,human,0.947,human,1,13
815724222,human,0.94,human,1,13
815724224,human,0.956,human,1,12
815724229,non_human,0.996,non_human,1,88
815724232,human,0.94,human,1,15
815724234,human,0.909,human,1,6
815724239,non_human,0.996,non_human,1,61
815724240,non_human,0.924,human,1,1
815724242,non_human,0.996,non_human,1,96
815724243,non_human,0.996,non_human,1,88
815724247,non_human,0.924,non_human,1,1
815724249,human,0.94,unknown,1,19
815724251,human,0.94,non_human,1,20
815724252,non_human,0.996,non_human,1,88
815724253,human,0.907,human,1,6
815724254,human,0.922,unknown,1,8
815724258,human,0.94,human,1,13
815724261,human,0.907,human,1,2
815724262,human,0.913,human,1,1
815724263,non_human,0.996,non_human,1,88
815724264,non_human,0.996,non_human,1,88
815724265,human,0.94,human,1,19
815724266,human,0.907,human,1,5
815724268,non_human,0.924,human,1,2
815724270,non_human,0.996,unknown,1,74
815724271,non_human,0.996,non_human,1,74
815724272,human,0.913,human,1,2
815724273,human,0.907,human,1,6
815724274,human,0.956,human,1,20
815724275,non_human,0.996,non_human,1,96
815724276,human,0.913,human,1,4
815724278,non_human,0.996,non_human,1,69
815724280,non_human,0.996,non_human,1,96
815724281,non_human,0.996,non_human,1,88
815724282,human,0.913,human,1,3
815724286,human,0.94,human,1,19
815724290,human,0.922,human,1,8
815724293,human,0.94,human,1,19
815724294,human,0.956,human,1,7
815724295,non_human,0.924,non_human,1,1
815724302,human,0.938,non_human,1,7
815724303,non_human,0.996,non_human,1,88
815724305,non_human,0.996,non_human,1,81
815724306,human,0.956,human,1,20
815724307,human,0.922,human,1,8
815724309,non_human,0.996,unknown,1,96
815724311,non_human,0.996,non_human,1,88
815724313,human,0.936,human,1,6
815724314,non_human,0.996,non_human,1,88
815724316,non_human,0.996,non_human,1,88
815724318,human,0.913,human,1,4
815724321,human,0.907,non_human,1,6
815724323,human,0.913,human,1,1
815724325,non_human,0.996,non_human,1,88
815724327,human,0.907,human,1,6
815724328,human,0.94,human,1,19
815724329,human,0.913,human,1,2
815724331,human,0.909,non_human,1,6
815724332,non_human,0.924,non_human,1,1
815724333,non_human,0.996,unknown,1,88
815724334,human,0.913,human,1,3
815724338,non_human,0.996,non_human,1,88
815724341,non_human,0.996,non_human,1,96
815724342,human,0.956,human,1,11
815724343,human,0.913,human,1,1
815724344,human,0.907,human,1,2
815724345,human,0.956,human,1,10
815724347,human,0.956,human,1,16
815724349,human,0.907,human,1,6
815724353,human,0.956,human,1,13
815724355,human,0.907,human,1,6
815724356,non_human,0.996,unknown,1,96
815724357,human,0.956,human,1,22
815724358,human,0.94,non_human,1,19
815724360,non_human,0.996,unknown,1,96
815724362,human,0.956,human,1,22
815724363,human,0.909,human,1,5
815724365,human,0.956,human,1,21
815724366,human,0.922,human,1,10
815724369,non_human,0.996,non_human,1,96
815724370,non_human,0.901,human,1,1
815724371,non_human,0.924,human,1,2
815724375,non_human,0.996,non_human,1,88
815724376,human,0.94,human,1,19
815724377,non_human,0.996,non_human,1,96
815724378,non_human,0.996,non_human,1,88
815724380,non_human,0.996,non_human,1,88
815724381,non_human,0.996,non_human,1,96
815724382,human,0.909,human,1,6
815724383,non_human,0.996,non_human,1,88
815724385,human,0.913,non_human,1,3
815724386,human,0.907,human,1,6
815724387,non_human,0.996,non_human,1,96
815724388,non_human,0.954,unknown,1,22
815724389,non_human,0.996,non_human,1,88
815724392,human,0.909,human,1,6
815724397,non_human,0.996,non_human,1,88
815724398,non_human,0.996,non_human,1,88
815724400,human,0.94,human,1,20
815724403,human,0.907,unknown,1,6
815724404,non_human,0.996,non_human,1,88
815724407,human,0.922,human,1,8
815724408,human,0.907,non_human,1,2
815724410,human,0.907,human,1,7
815724412,non_human,0.996,non_human,1,88
815724414,human,0.922,non_human,1,8
815724419,non_human,0.996,non_human,1,96
815724420,human,0.956,human,1,20
815724421,human,0.907,human,1,5
815724423,human,0.913,human,1,4
815724428,non_human,0.996,non_human,1,88
815724429,non_human,0.958,unknown,1,22
815724430,non_human,0.996,non_human,1,61
815724433,non_human,0.996,unknown,1,96
815724434,non_human,0.996,unknown,1,96
815724435,human,0.909,human,1,6
815724439,human,0.956,human,1,16
815724442,human,0.956,human,1,16
815724444,non_human,0.996,unknown,1,96
815724445,human,0.907,human,1,8
815724447,human,0.913,human,1,4
815724448,human,0.909,human,1,6
815724449,non_human,0.924,non_human,1,1
815724450,non_human,0.996,unknown,1,61
815724451,non_human,0.996,unknown,1,61
815724452,human,0.907,non_human,1,6
815724454,human,0.956,human,1,18
815724456,non_human,0.924,non_human,1,1
815724458,non_human,0.996,unknown,1,88
815724459,human,0.913,human,1,4
815724463,non_human,0.996,non_human,1,96
815724464,human,0.945,human,1,10
815724467,non_human,0.996,unknown,1,96
815724470,human,0.909,human,1,6
815724476,human,0.907,human,1,6
815724477,non_human,0.996,non_human,1,96
815724479,human,0.94,human,1,19
815724481,human,0.94,human,1,20
815724482,non_human,0.901,non_human,1,1
815724483,human,0.907,human,1,6
815724487,human,0.913,human,1,2
815724488,non_human,0.996,non_human,1,88
815724491,non_human,0.996,non_human,1,88
815724492,non_human,0.996,non_human,1,88
815724493,human,0.956,human,1,17
815724498,non_human,0.996,non_human,1,96
815724500,non_human,0.996,non_human,1,88
815724506,human,0.94,unknown,1,20
815724507,human,0.909,human,1,6
815724509,non_human,0.996,non_human,1,96
815724510,non_human,0.996,non_human,1,88
815724511,human,0.922,human,1,8
815724513,human,0.907,human,1,5
815724515,human,0.94,human,1,19
815724517,human,0.907,human,1,6
815724518,human,0.907,non_human,1,6
815724520,non_human,0.996,non_human,1,88
815724522,non_human,0.996,non_human,1,96
815724523,non_human,0.996,non_human,1,88
815724524,non_human,0.996,non_human,1,88
815724526,non_human,0.996,non_human,1,96
815724531,non_human,0.996,non_human,1,96
815724532,non_human,0.996,non_human,1,88
815724534,human,0.913,human,1,2
815724535,human,0.909,human,1,1
815724537,non_human,0.996,non_human,1,88
815724538,non_human,0.996,non_human,1,88
815724539,human,0.94,non_human,1,19
815724542,human,0.913,human,1,4
815724543,human,0.947,unknown,1,13
815724544,non_human,0.996,non_human,1,96
815724545,human,0.956,human,1,33
815724546,human,0.909,human,1,6
815724547,human,0.913,human,1,4
815724548,human,0.956,human,1,16
815724549,non_human,0.996,non_human,1,88
815724551,non_human,0.996,unknown,1,96
815724552,human,0.907,human,1,6
815724554,non_human,0.996,non_human,1,88
815724555,human,0.94,human,1,17
815724557,human,0.907,human,1,6
815724558,human,0.956,human,1,8
815724559,human,0.913,human,1,3
815724561,non_human,0.996,non_human,1,96
815724562,non_human,0.967,non_human,1,46
815724564,non_human,0.996,non_human,1,69
815724565,non_human,0.991,non_human,1,48
815724566,non_human,0.996,non_human,1,96
815724567,non_human,0.996,non_human,1,88
815724568,non_human,0.996,non_human,1,88
815724570,human,0.956,human,1,19
815724571,human,0.94,human,1,19
815724573,human,0.913,human,1,4
815724577,human,0.913,human,1,4
815724578,non_human,0.996,non_human,1,88
815724579,non_human,0.996,non_human,1,88
815724582,non_human,0.996,non_human,1,74
815724584,non_human,0.996,non_human,1,88
815724585,non_human,0.996,non_human,1,88
815724586,human,0.907,unknown,1,5
815724588,non_human,0.996,non_human,1,96
815724590,human,0.956,human,1,25
815724591,non_human,0.996,non_human,1,96
815724592,human,0.909,human,1,1
815724596,non_human,0.996,unknown,1,96
815724598,human,0.909,non_human,1,6
815724599,human,0.913,non_human,1,6
815724601,human,0.909,unknown,1,6
815724603,non_human,0.996,non_human,1,88
815724604,human,0.94,human,1,19
815724605,human,0.907,human,1,6
815724608,human,0.913,human,1,4
815724609,non_human,0.924,human,1,1
815724610,non_human,0.996,non_human,1,96
815724612,human,0.909,human,1,6
815724613,human,0.913,human,1,4
815724615,non_human,0.996,non_human,1,56
815724616,human,0.937,human,1,5
815724617,non_human,0.996,non_human,1,96
815724618,human,0.922,human,1,6
815724619,non_human,0.996,unknown,1,88
815724620,non_human,0.996,non_human,1,88
815724621,human,0.907,human,1,2
815724623,non_human,0.996,non_human,1,96
815724625,human,0.907,human,1,6
815724626,human,0.956,human,1,7
815724628,non_human,0.996,non_human,1,88
815724629,non_human,0.996,non_human,1,61
815724631,human,0.913,human,1,3
815724633,human,0.922,human,1,8
815724635,non_human,0.996,non_human,1,88
815724636,human,0.956,human,1,16
815724637,human,0.907,human,1,6
815724638,non_human,0.996,non_human,1,96
815724642,non_human,0.996,non_human,1,96
815724644,human,0.909,human,1,6
815724645,human,0.913,human,1,2
815724647,human,0.956,human,1,20
815724648,non_human,0.996,non_human,1,96
815724651,non_human,0.996,non_human,1,88
815724662,non_human,0.954,non_human,1,37
815724666,non_human,0.996,non_human,1,61
815724670,human,0.922,human,1,10
815724671,non_human,0.996,non_human,1,88
815724672,non_human,0.996,non_human,1,88
815724674,human,0.94,human,1,19
815724678,human,0.913,unknown,1,1
815724679,human,0.907,human,1,6
815724681,human,0.947,human,1,13
815724682,non_human,0.996,unknown,1,88
815724684,human,0.945,human,1,12
815724685,human,0.907,human,1,6
815724686,non_human,0.996,non_human,1,69
815724687,human,0.937,human,1,3
815724689,human,0.907,unknown,1,2
815724690,non_human,0.996,non_human,1,96
815724693,human,0.956,human,1,37
815724694,non_human,0.996,non_human,1,96
815724695,human,0.94,human,1,19
815724697,human,0.956,human,1,37
815724699,human,0.907,human,1,5
815724700,non_human,0.996,non_human,1,96
815724702,non_human,0.996,non_human,1,69
815724703,human,0.94,human,1,17
815724705,non_human,0.996,non_human,1,61
815724706,human,0.956,human,1,4
815724709,non_human,0.996,non_human,1,96
815724711,non_human,0.996,non_human,1,88
815724713,non_human,0.996,non_human,1,88
815724715,non_human,0.996,non_human,1,96
815724719,non_human,0.996,non_human,1,88
815724720,non_human,0.996,non_human,1,96
815724722,non_human,0.996,non_human,1,88
815724723,human,0.956,human,1,16
815724725,human,0.956,unknown,1,13
815724726,non_human,0.996,non_human,1,96
815724727,non_human,0.954,non_human,1,37
815724728,non_human,0.996,unknown,1,74
815724730,human,0.909,human,1,1
815724732,human,0.909,human,1,1
815724734,human,0.907,human,1,6
815724735,human,0.956,human,1,22
815724736,human,0.956,human,1,10
815724738,non_human,0.996,non_human,1,61
815724739,human,0.956,human,1,15
815724740,human,0.94,unknown,1,19
815724741,human,0.94,non_human,1,13
815724742,human,0.956,human,1,16
815724743,human,0.956,human,1,10
815724744,non_human,0.972,non_human,1,5
815724745,human,0.909,non_human,1,6
815724746,human,0.956,human,1,16
815724747,human,0.94,human,1,21
815724748,non_human,0.996,non_human,1,88
815724749,human,0.956,human,1,27
815724750,human,0.913,human,1,3
815724751,non_human,0.996,non_human,1,88
815724753,human,0.913,human,1,4
815724758,human,0.94,human,1,19
815724761,human,0.956,non_human,1,15
815724763,human,0.907,human,1,6
815724764,human,0.907,human,1,6
815724765,non_human,0.996,non_human,1,88
815724766,non_human,0.996,non_human,1,88
815724768,human,0.933,human,1,3
815724769,human,0.956,human,1,16
815724771,human,0.922,human,1,10
815724772,human,0.907,human,1,6
815724774,non_human,0.924,non_human,1,1
815724775,human,0.956,human,1,23
815724778,non_human,0.996,non_human,1,88
815724779,human,0.909,human,1,6
815724782,non_human,0.996,non_human,1,96
815724785,non_human,0.996,non_human,1,96
815724786,human,0.913,human,1,4
815724788,human,0.909,human,1,1
815724789,non_human,0.954,human,1,16
815724790,non_human,0.996,non_human,1,96
815724791,human,0.94,human,1,18
815724792,non_human,0.996,non_human,1,69
815724797,human,0.956,human,1,35
815724798,human,0.913,non_human,1,2
815724799,non_human,0.996,non_human,1,88
815724801,human,0.907,human,1,5
815724803,human,0.938,human,1,4
815724804,non_human,0.996,non_human,1,88
815724805,non_human,0.996,non_human,1,88
815724810,non_human,0.996,non_human,1,88
815724812,non_human,0.996,non_human,1,88
815724813,non_human,0.996,non_human,1,96
815724815,non_human,0.913,non_human,1,1
815724816,non_human,0.996,non_human,1,88
815724817,human,0.907,human,1,2
815724818,non_human,0.996,non_human,1,96
815724819,human,0.94,non_human,1,17
815724823,non_human,0.996,non_human,1,88
815724827,non_human,0.996,unknown,1,96
815724829,non_human,0.991,non_human,1,48
815724832,non_human,0.996,non_human,1,96
815724834,human,0.913,non_human,1,4
815724835,non_human,0.996,non_human,1,96
815724837,non_human,0.996,non_human,1,88
815724839,human,0.922,human,1,8
815724841,non_human,0.996,non_human,1,88
815724843,non_human,0.996,non_human,1,88
815724845,non_human,0.996,non_human,1,61
815724846,non_human,0.951,non_human,1,13
815724848,human,0.956,human,1,13
815724849,non_human,0.996,non_human,1,96
815724851,non_human,0.991,non_human,1,48
815724853,non_human,0.996,human,1,69
815724854,human,0.922,human,1,6
815724855,human,0.956,human,1,8
815724856,non_human,0.954,non_human,1,16
815724858,non_human,0.992,human,1,71
815724859,human,0.913,human,1,4
815724860,non_human,0.996,non_human,1,96
815724862,non_human,0.996,unknown,1,74
815724863,non_human,0.996,non_human,1,69
815724864,human,0.907,human,1,2
815724865,non_human,0.924,non_human,1,1
815724866,non_human,0.996,non_human,1,88
815724868,non_human,0.996,non_human,1,96
815724870,human,0.907,human,1,6
815724876,non_human,0.996,non_human,1,88
815724880,human,0.907,human,1,4
815724881,human,0.907,human,1,6
815724882,non_human,0.996,unknown,1,96
815724883,human,0.94,human,1,22
815724884,human,0.947,human,1,13
815724885,human,0.936,human,1,6
815724886,human,0.947,human,1,13
815724887,human,0.947,human,1,13
815724889,human,0.907,human,1,6
815724890,non_human,0.996,unknown,1,88
815724891,human,0.909,non_human,1,1
815724892,non_human,0.996,non_human,1,88
815724893,human,0.94,unknown,1,17
815724894,human,0.907,unknown,1,2
815724896,human,0.94,human,1,14
815724897,non_human,0.901,human,1,1
815724900,non_human,0.996,non_human,1,88
815724902,non_human,0.996,non_human,1,96
815724903,non_human,0.996,non_human,1,96
815724904,non_human,0.996,unknown,1,96
815724905,non_human,0.996,non_human,1,88
815724907,human,0.907,human,1,6
815724908,human,0.907,human,1,6
815724909,non_human,0.996,non_human,1,88
815724910,non_human,0.996,non_human,1,88
815724911,non_human,0.996,non_human,1,88
815724912,human,0.907,human,1,6
815724917,human,0.922,human,1,8
815724918,human,0.937,human,1,5
815724919,human,0.913,human,1,3
815724920,non_human,0.996,non_human,1,61
815724921,non_human,0.996,non_human,1,69
815724922,human,0.909,human,1,6
815724923,non_human,0.996,non_human,1,88
815724926,human,0.913,human,1,6
815724928,non_human,0.996,non_human,1,88
815724929,human,0.922,human,1,8
815724930,non_human,0.996,non_human,1,96
815724931,human,0.907,human,1,6
815724932,non_human,0.996,non_human,1,96
815724936,non_human,0.996,non_human,1,88
815724939,human,0.909,human,1,6
815724940,non_human,0.996,non_human,1,69
815724942,non_human,0.996,non_human,1,96
815724943,non_human,0.996,non_human,1,96
815724946,non_human,0.996,unknown,1,96
815724948,human,0.94,human,1,20
815724954,human,0.94,human,1,19
815724956,non_human,0.996,non_human,1,96
815724958,non_human,0.95,human,1,7
815724959,non_human,0.996,unknown,1,88
815724960,non_human,0.996,non_human,1,96
815724961,human,0.94,human,1,19
815724962,human,0.909,human,1,6
815724964,human,0.956,human,1,4
815724965,human,0.956,human,1,18
815724967,non_human,0.996,non_human,1,88
815724969,non_human,0.996,non_human,1,96
815724970,non_human,0.996,non_human,1,96
815724971,human,0.94,human,1,17
815724974,human,0.909,human,1,6
815724978,non_human,0.996,non_human,1,88
815724979,human,0.947,human,1,13
815724980,human,0.909,non_human,1,6
815724985,non_human,0.996,non_human,1,88
815724986,human,0.913,human,1,1
815724989,non_human,0.996,non_human,1,96
815724992,non_human,0.996,non_human,1,96
815724996,non_human,0.996,non_human,1,88
815724997,non_human,0.996,unknown,1,96
815724998,non_human,0.996,non_human,1,88
815724999,non_human,0.996,unknown,1,88
815725002,non_human,0.996,non_human,1,96
815725004,non_human,0.996,unknown,1,96
815725005,human,0.907,human,1,6
815725007,non_human,0.996,non_human,1,96
815725009,non_human,0.996,unknown,1,88
815725010,non_human,0.996,non_human,1,88
815725011,human,0.907,human,1,2
815725012,non_human,0.954,non_human,1,29
815725013,non_human,0.924,human,1,1
815725016,non_human,0.924,non_human,1,1
815725017,non_human,0.996,unknown,1,96
815725018,non_human,0.996,non_human,1,69
815725026,human,0.922,non_human,1,6
815725027,human,0.937,human,1,3
815725030,non_human,0.996,non_human,1,81
815725032,non_human,0.996,non_human,1,88
815725033,non_human,0.996,non_human,1,96
815725034,human,0.907,human,1,2
815725035,non_human,0.996,non_human,1,88
815725038,non_human,0.996,non_human,1,96
815725039,human,0.94,human,1,17
815725041,non_human,0.996,non_human,1,96
815725046,non_human,0.996,non_human,1,88
815725047,non_human,0.996,non_human,1,96
815725049,human,0.913,human,1,4
815725050,human,0.907,human,1,5
815725051,human,0.956,human,1,12
815725053,human,0.909,unknown,1,6
815725054,non_human,0.996,unknown,1,96
815725055,non_human,0.996,non_human,1,96
815725056,non_human,0.996,non_human,1,88
815725057,non_human,0.996,unknown,1,88
815725058,non_human,0.996,non_human,1,96
815725060,human,0.922,human,1,8
815725061,non_human,0.996,non_human,1,96
815725064,non_human,0.996,unknown,1,96
815725065,human,0.94,human,1,20
815725066,human,0.907,human,1,7
815725070,human,0.909,human,1,6
815725072,non_human,0.996,unknown,1,96
815725073,non_human,0.901,human,1,1
815725074,non_human,0.996,unknown,1,96
815725080,non_human,0.996,non_human,1,88
815725082,non_human,0.996,non_human,1,88
815725086,non_human,0.996,non_human,1,88
815725087,non_human,0.996,non_human,1,88
815725089,non_human,0.996,non_human,1,96
815725091,human,0.94,human,1,15
815725093,human,0.907,unknown,1,2
815725094,human,0.94,human,1,19
815725096,human,0.933,unknown,1,3
815725097,non_human,0.996,non_human,1,96
815725098,non_human,0.996,non_human,1,88
815725101,non_human,0.996,non_human,1,96
815725102,non_human,0.996,non_human,1,88
815725103,non_human,0.996,non_human,1,88
815725104,non_human,0.996,non_human,1,96
815725105,human,0.956,human,1,16
815725108,human,0.913,human,1,4
815725110,human,0.956,human,1,4
815725111,non_human,0.996,non_human,1,96
815725112,non_human,0.996,non_human,1,88
815725113,non_human,0.996,unknown,1,96
815725115,non_human,0.996,unknown,1,88
815725117,human,0.913,human,1,1
815725120,human,0.913,human,1,1
815725123,non_human,0.996,non_human,1,96
815725124,human,0.937,human,1,9
815725127,non_human,0.996,non_human,1,96
815725128,non_human,0.996,non_human,1,88
815725129,non_human,0.996,non_human,1,96
815725130,human,0.956,human,1,5
815725132,non_human,0.942,non_human,1,22
815725133,human,0.907,human,1,6
815725134,human,0.909,human,1,6
815725138,non_human,0.996,unknown,1,88
815725139,non_human,0.996,non_human,1,96
815725143,human,0.907,human,1,5
815725144,non_human,0.996,non_human,1,81
815725145,non_human,0.996,non_human,1,96
815725146,non_human,0.996,non_human,1,96
815725148,human,0.94,human,1,19
815725149,non_human,0.996,non_human,1,88
815725150,non_human,0.996,non_human,1,96
815725151,human,0.94,human,1,17
815725152,human,0.956,human,1,12
815725153,non_human,0.924,non_human,1,1
815725154,human,0.909,non_human,1,6
815725158,human,0.907,human,1,6
815725161,non_human,0.996,non_human,1,96
815725165,non_human,0.996,non_human,1,96
815725166,human,0.936,non_human,1,6
815725167,non_human,0.924,human,1,1
815725168,human,0.956,human,1,21
815725169,human,0.94,human,1,19
815725170,non_human,0.996,non_human,1,96
815725173,human,0.936,non_human,1,8
815725175,human,0.956,human,1,9
815725178,human,0.913,human,1,4
815725179,human,0.922,human,1,6
815725181,human,0.913,human,1,4
815725182,human,0.956,human,1,11
815725183,non_human,0.996,non_human,1,96
815725188,human,0.94,unknown,1,19
815725192,human,0.909,non_human,1,6
815725194,non_human,0.996,non_human,1,61
815725195,non_human,0.996,unknown,1,96
815725199,human,0.909,human,1,5
815725204,non_human,0.996,non_human,1,96
815725205,non_human,0.996,non_human,1,96
815725206,human,0.937,human,1,3
815725207,non_human,0.996,non_human,1,96
815725208,non_human,0.996,unknown,1,96
815725211,non_human,0.996,non_human,1,96
815725213,human,0.956,human,1,15
815725217,non_human,0.996,non_human,1,96
815725218,non_human,0.901,non_human,1,1
815725219,human,0.956,unknown,1,10
815725221,human,0.94,human,1,17
815725222,human,0.956,human,1,8
815725224,non_human,0.996,non_human,1,96
815725225,non_human,0.996,non_human,1,88
815725226,non_human,0.996,non_human,1,96
815725227,non_human,0.996,non_human,1,88
815725229,non_human,0.996,non_human,1,96
815725230,non_human,0.996,non_human,1,96
815725231,human,0.913,human,1,4
815725232,non_human,0.996,non_human,1,96
815725233,human,0.907,non_human,1,5
815725235,non_human,0.996,non_human,1,69
815725236,non_human,0.996,non_human,1,96
815725237,non_human,0.924,non_human,1,1
815725238,non_human,0.996,non_human,1,88
815725240,human,0.909,human,1,8
815725241,human,0.913,human,1,6
815725245,non_human,0.996,non_human,1,96
815725246,non_human,0.996,non_human,1,69
815725247,human,0.956,unknown,1,20
815725249,human,0.907,human,1,6
815725250,non_human,0.996,non_human,1,96
815725251,non_human,0.996,non_human,1,96
815725252,non_human,0.996,unknown,1,96
815725254,human,0.956,human,1,20
815725256,human,0.956,unknown,1,16
815725257,non_human,0.996,non_human,1,96
815725259,human,0.956,human,1,22
815725260,human,0.907,human,1,8
815725262,human,0.94,human,1,17
815725264,human,0.907,human,1,6
815725265,non_human,0.996,unknown,1,69
815725266,non_human,0.996,non_human,1,61
815725267,non_human,0.996,non_human,1,96
815725269,non_human,0.996,non_human,1,88
815725272,human,0.938,human,1,7
815725274,human,0.956,human,1,16
815725275,non_human,0.991,non_human,1,56
815725276,non_human,0.996,non_human,1,88
815725282,non_human,0.996,non_human,1,81
815725283,non_human,0.972,non_human,1,13
815725288,non_human,0.996,non_human,1,96
815725291,human,0.913,human,1,4
815725296,human,0.907,human,1,2
815725297,non_human,0.996,non_human,1,96
815725298,non_human,0.996,non_human,1,96
815725299,non_human,0.996,non_human,1,69
815725303,human,0.907,human,1,6
815725304,non_human,0.996,non_human,1,96
815725306,non_human,0.954,non_human,1,37
815725309,human,0.94,human,1,18
815725311,human,0.922,human,1,8
815725313,human,0.909,human,1,1
815725314,human,0.922,human,1,8
815725315,non_human,0.996,non_human,1,96
815725316,non_human,0.996,non_human,1,96
815725319,non_human,0.924,non_human,1,1
815725320,human,0.956,human,1,9
815725321,human,0.913,human,1,4
815725323,human,0.913,human,1,2
815725325,human,0.933,human,1,3
815725327,human,0.956,human,1,4
815725330,human,0.913,non_human,1,4
815725334,non_human,0.996,non_human,1,96
815725335,non_human,0.996,non_human,1,69
815725336,non_human,0.996,unknown,1,96
815725339,non_human,0.996,non_human,1,96
815725340,non_human,0.996,non_human,1,69
815725341,non_human,0.901,non_human,1,1
815725343,non_human,0.996,non_human,1,96
815725344,non_human,0.996,non_human,1,96
815725345,non_human,0.996,non_human,1,96
815725346,non_human,0.996,non_human,1,96
815725347,non_human,0.996,non_human,1,96
815725348,non_human,0.996,non_human,1,96
815725349,non_human,0.996,non_human,1,88
815725352,human,0.907,human,1,6
815725353,non_human,0.996,non_human,1,96
815725355,non_human,0.996,unknown,1,96
815725356,non_human,0.996,non_human,1,96
815725358,non_human,0.996,non_human,1,81
815725360,non_human,0.996,non_human,1,96
815725361,non_human,0.996,non_human,1,96
815725362,non_human,0.996,non_human,1,96
815725364,non_human,0.996,non_human,1,88
815725365,human,0.947,human,1,13
815725366,human,0.922,human,1,8
815725367,human,0.907,human,1,6
815725368,human,0.937,human,1,7
815725371,non_human,0.996,non_human,1,96
815725372,non_human,0.996,unknown,1,69
815725373,non_human,0.996,non_human,1,88
815725375,human,0.913,unknown,1,3
815725376,non_human,0.996,non_human,1,69
815725377,human,0.94,human,1,11
815725379,human,0.909,human,1,6
815725380,human,0.922,human,1,7
815725382,non_human,0.996,non_human,1,96
815725386,non_human,0.996,non_human,1,96
815725387,human,0.907,human,1,5
815725388,non_human,0.996,non_human,1,96
815725389,non_human,0.996,non_human,1,96
815725393,human,0.956,human,1,20
815725394,human,0.94,unknown,1,19
815725396,human,0.956,human,1,35
815725401,non_human,0.996,non_human,1,69
815725402,non_human,0.996,non_human,1,69
815725404,non_human,0.996,unknown,1,96
815725405,non_human,0.996,non_human,1,96
815725409,human,0.94,unknown,1,20
815725411,human,0.956,human,1,10
815725413,human,0.937,human,1,7
815725415,non_human,0.996,unknown,1,96
815725417,human,0.907,human,1,8
815725418,human,0.922,human,1,8
815725419,human,0.913,human,1,6
815725421,non_human,0.924,non_human,1,1
815725423,human,0.907,human,1,2
815725428,non_human,0.996,non_human,1,96
815725433,human,0.913,human,1,3
815725434,non_human,0.996,non_human,1,96
815725435,human,0.913,human,1,4
815725436,non_human,0.996,non_human,1,96
815725437,non_human,0.996,non_human,1,88
815725438,human,0.922,human,1,8
815725439,non_human,0.996,non_human,1,96
815725440,non_human,0.996,unknown,1,96
815725442,non_human,0.996,non_human,1,56
815725444,human,0.913,human,1,2
815725450,non_human,0.996,non_human,1,96
815725451,non_human,0.996,non_human,1,96
815725452,non_human,0.996,non_human,1,96
815725453,human,0.922,human,1,8
815725454,non_human,0.996,non_human,1,96
815725455,non_human,0.996,non_human,1,69
815725457,non_human,0.996,non_human,1,96
815725459,human,0.909,human,1,6
815725460,human,0.913,human,1,1
815725461,non_human,0.996,non_human,1,88
815725463,non_human,0.996,non_human,1,69
815725464,human,0.956,human,1,35
815725466,non_human,0.996,non_human,1,88
815725467,human,0.947,non_human,1,10
815725468,human,0.94,human,1,18
815725469,non_human,0.996,unknown,1,96
815725470,human,0.907,human,1,2
815725471,non_human,0.996,non_human,1,96
815725475,non_human,0.996,non_human,1,96
815725477,non_human,0.996,non_human,1,88
815725478,non_human,0.996,non_human,1,96
815725479,non_human,0.996,non_human,1,96
815725480,human,0.956,human,1,8
815725481,human,0.907,non_human,1,5
815725482,non_human,0.996,non_human,1,69
815725483,non_human,0.996,non_human,1,96
815725485,non_human,0.996,non_human,1,81
815725487,non_human,0.996,unknown,1,96
815725489,human,0.922,human,1,8
815725491,human,0.94,human,1,19
815725493,human,0.913,unknown,1,6
815725494,non_human,0.996,non_human,1,88
815725496,non_human,0.996,non_human,1,88
815725497,non_human,0.967,unknown,1,46
815725498,non_human,0.996,non_human,1,96
815725501,human,0.907,human,1,2
815725503,non_human,0.996,unknown,1,69
815725508,non_human,0.996,non_human,1,96
815725511,non_human,0.996,non_human,1,69
815725517,human,0.938,human,1,6
815725518,human,0.94,human,1,17
815725522,human,0.907,unknown,1,2
815725524,human,0.913,human,1,3
815725526,non_human,0.996,non_human,1,96
815725527,human,0.936,human,1,8
815725528,human,0.913,human,1,3
815725529,non_human,0.996,non_human,1,96
815725530,non_human,0.996,unknown,1,96
815725531,non_human,0.996,unknown,1,96
815725534,non_human,0.996,non_human,1,96
815725535,human,0.907,human,1,5
815725536,non_human,0.996,non_human,1,96
815725537,human,0.909,non_human,1,1
815725538,non_human,0.996,unknown,1,96
815725540,non_human,0.996,non_human,1,96
815725541,non_human,0.991,non_human,1,27
815725542,human,0.907,human,1,2
815725543,non_human,0.996,non_human,1,88
815725548,human,0.956,human,1,6
815725550,human,0.907,non_human,1,6
815725551,human,0.907,non_human,1,6
815725554,non_human,0.996,non_human,1,69
815725556,non_human,0.996,non_human,1,96
815725557,non_human,0.996,non_human,1,96
815725559,human,0.947,non_human,1,13
815725561,non_human,0.996,unknown,1,88
815725564,non_human,0.996,non_human,1,96
815725565,non_human,0.996,non_human,1,96
815725566,non_human,0.996,unknown,1,96
815725568,non_human,0.996,non_human,1,96
815725569,human,0.913,human,1,4
815725573,non_human,0.996,non_human,1,69
815725575,non_human,0.996,non_human,1,88
815725579,non_human,0.996,non_human,1,88
815725581,non_human,0.996,non_human,1,96
815725582,non_human,0.996,unknown,1,69
815725583,non_human,0.924,non_human,1,1
815725584,non_human,0.996,non_human,1,96
815725585,non_human,0.996,non_human,1,96
815725586,human,0.936,human,1,6
815725588,non_human,0.996,non_human,1,69
815725589,human,0.907,human,1,6
815725591,human,0.956,human,1,31
815725594,non_human,0.996,non_human,1,96
815725595,human,0.938,human,1,7
815725596,human,0.913,human,1,3
815725597,human,0.936,unknown,1,8
815725598,human,0.913,human,1,1
815725599,non_human,0.996,non_human,1,96
815725601,human,0.956,human,1,8
815725602,non_human,0.996,non_human,1,96
815725603,non_human,0.996,non_human,1,96
815725604,human,0.956,human,1,33
815725605,non_human,0.996,non_human,1,96
815725606,human,0.907,human,1,2
815725611,non_human,0.996,unknown,1,96
815725612,non_human,0.996,non_human,1,88
815725615,human,0.947,human,1,13
815725617,non_human,0.996,non_human,1,96
815725620,human,0.913,human,1,4
815725621,human,0.956,human,1,7
815725622,non_human,0.996,non_human,1,69
815725624,human,0.956,human,1,16
815725625,human,0.956,human,1,12
815725633,non_human,0.996,non_human,1,96
815725635,non_human,0.996,non_human,1,96
815725637,non_human,0.996,non_human,1,96
815725638,non_human,0.996,non_human,1,96
815725639,non_human,0.996,non_human,1,96
815725640,human,0.956,human,1,22
815725643,human,0.933,human,1,3
815725645,human,0.936,non_human,1,8
815725648,non_human,0.996,non_human,1,96
815725649,non_human,0.996,non_human,1,96
815725655,non_human,0.996,non_human,1,96
815725657,non_human,0.996,non_human,1,96
815725658,non_human,0.996,non_human,1,96
815725659,non_human,0.996,non_human,1,96
815725661,non_human,0.996,non_human,1,96
815725662,human,0.907,human,1,6
815725663,non_human,0.996,non_human,1,69
815725664,non_human,0.996,non_human,1,96
815725665,non_human,0.996,non_human,1,88
815725666,non_human,0.996,non_human,1,96
815725667,non_human,0.996,non_human,1,88
815725668,non_human,0.996,non_human,1,96
815725669,non_human,0.996,non_human,1,96
815725670,human,0.907,human,1,2
815725671,human,0.922,human,1,8
815725677,non_human,0.996,non_human,1,96
815725679,human,0.922,human,1,8
815725680,human,0.956,human,1,7
815725683,non_human,0.996,non_human,1,69
815725685,non_human,0.996,non_human,1,69
815725687,non_human,0.996,unknown,1,96
815725689,human,0.913,human,1,2
815725690,non_human,0.996,non_human,1,69
815725691,non_human,0.996,non_human,1,96
815725693,non_human,0.996,non_human,1,69
815725694,non_human,0.996,non_human,1,96
815725695,non_human,0.996,non_human,1,96
815725698,human,0.956,human,1,18
815725701,human,0.913,human,1,4
815725707,human,0.94,human,1,19
815725708,human,0.956,human,1,14
815725710,human,0.94,human,1,13
815725714,human,0.922,human,1,8
815725719,human,0.913,human,1,4
815725731,human,0.913,human,1,1
815725733,human,0.913,human,1,1
815725735,non_human,0.996,non_human,1,96
815725736,non_human,0.996,non_human,1,96
815725737,non_human,0.996,non_human,1,96
815725739,non_human,0.996,non_human,1,69
815725741,human,0.922,human,1,5
815725742,human,0.956,human,1,18
815725743,non_human,0.996,non_human,1,96
815725745,non_human,0.996,non_human,1,96
815725747,human,0.907,human,1,6
815725751,non_human,0.996,non_human,1,96
815725754,human,0.907,non_human,1,2
815725756,human,0.922,human,1,8
815725759,human,0.909,human,1,6
815725760,human,0.913,human,1,5
815725761,non_human,0.992,non_human,1,57
815725762,non_human,0.996,non_human,1,69
815725763,human,0.913,human,1,2
815725764,human,0.938,human,1,6
815725769,human,0.913,human,1,1
815725770,non_human,0.996,non_human,1,88
815725771,human,0.94,human,1,11
815725773,non_human,0.996,non_human,1,81
815725776,human,0.94,human,1,19
815725777,human,0.956,human,1,27
815725778,non_human,0.996,non_human,1,96
815725783,non_human,0.972,non_human,1,17
815725787,non_human,0.996,non_human,1,96
815725789,non_human,0.996,non_human,1,88
815725794,human,0.947,human,1,13
815725796,non_human,0.996,human,1,96
815725797,human,0.94,human,1,17
815725803,non_human,0.996,non_human,1,96
815725807,human,0.922,human,1,6
815725808,non_human,0.996,non_human,1,96
815725809,non_human,0.996,non_human,1,96
815725810,non_human,0.996,non_human,1,96
815725812,non_human,0.996,unknown,1,96
815725813,human,0.913,human,1,3
815725817,non_human,0.996,non_human,1,96
815725819,human,0.94,human,1,15
815725821,human,0.956,human,1,12
815725823,human,0.907,non_human,1,2
815725824,human,0.922,human,1,8
815725826,human,0.907,human,1,5
815725828,human,0.956,human,1,24
815725830,human,0.913,human,1,4
815725831,non_human,0.996,non_human,1,69
815725832,non_human,0.901,non_human,1,1
815725835,human,0.938,human,1,7
815725836,human,0.907,human,1,6
815725837,non_human,0.996,non_human,1,96
815725839,non_human,0.996,non_human,1,96
815725840,human,0.913,human,1,3
815725841,non_human,0.996,non_human,1,81
815725842,non_human,0.996,non_human,1,96
815725846,non_human,0.996,unknown,1,96
815725847,non_human,0.992,non_human,1,46
815725849,non_human,0.996,unknown,1,96
815725857,non_human,0.996,non_human,1,96
815725859,non_human,0.996,non_human,1,96
815725861,non_human,0.996,non_human,1,96
815725862,human,0.94,human,1,15
815725863,non_human,0.996,unknown,1,96
815725864,human,0.922,human,1,8
815725866,non_human,0.924,human,1,1
815725867,non_human,0.996,non_human,1,96
815725869,non_human,0.996,non_human,1,96
815725870,human,0.909,human,1,6
815725873,non_human,0.996,non_human,1,69
815725874,human,0.956,human,1,16
815725875,non_human,0.996,unknown,1,96
815725876,non_human,0.996,non_human,1,96
815725877,human,0.936,non_human,1,8
815725879,non_human,0.996,non_human,1,96
815725881,non_human,0.996,non_human,1,96
815725885,human,0.907,non_human,1,6
815725887,human,0.936,human,1,8
815725889,non_human,0.996,non_human,1,96
815725890,non_human,0.996,non_human,1,96
815725892,non_human,0.996,non_human,1,96
815725893,human,0.94,human,1,19
815725894,non_human,0.996,unknown,1,96
815725895,human,0.907,non_human,1,5
815725896,human,0.956,human,1,10
815725903,non_human,0.996,non_human,1,96
815725905,non_human,0.996,non_human,1,96
815725906,non_human,0.996,unknown,1,96
815725907,human,0.913,human,1,4
815725908,human,0.922,human,1,8
815725909,human,0.94,human,1,17
815725910,non_human,0.901,human,1,1
815725911,non_human,0.996,non_human,1,96
815725913,non_human,0.996,unknown,1,96
815725916,human,0.913,human,1,4
815725920,non_human,0.996,non_human,1,96
815725922,non_human,0.996,non_human,1,96
815725924,non_human,0.996,non_human,1,69
815725928,non_human,0.996,non_human,1,96
815725929,human,0.94,human,1,19
815725930,non_human,0.996,non_human,1,96
815725934,human,0.913,non_human,1,4
815725936,non_human,0.996,non_human,1,96
815725939,human,0.956,human,1,29
815725943,non_human,0.996,non_human,1,96
815725944,non_human,0.996,non_human,1,96
815725947,non_human,0.967,human,1,46
815725948,human,0.913,human,1,6
815725949,human,0.938,human,1,7
815725950,human,0.907,human,1,6
815725952,non_human,0.996,unknown,1,96
815725954,non_human,0.924,non_human,1,2
815725955,human,0.907,non_human,1,5
815725957,non_human,0.996,unknown,1,96
815725961,human,0.913,human,1,3
815725967,human,0.907,human,1,5
815725968,non_human,0.996,unknown,1,96
815725969,human,0.913,human,1,3
815725971,human,0.907,non_human,1,6
815725972,non_human,0.996,unknown,1,69
815725975,human,0.909,human,1,6
815725980,human,0.945,non_human,1,7
815725986,human,0.947,non_human,1,10
815725994,non_human,0.901,human,1,1
815725996,human,0.956,human,1,27
815725997,human,0.907,human,1,5
815726000,non_human,0.996,unknown,1,69
815726001,non_human,0.996,non_human,1,96
815726003,non_human,0.996,non_human,1,96
815726005,non_human,0.901,non_human,1,1
815726006,human,0.94,unknown,1,19
815726007,non_human,0.996,unknown,1,96
815726008,non_human,0.996,non_human,1,88
815726009,non_human,0.996,non_human,1,56
815726016,non_human,0.996,non_human,1,69
815726019,non_human,0.996,non_human,1,96
815726020,non_human,0.996,non_human,1,96
815726021,non_human,0.996,non_human,1,96
815726022,human,0.907,human,1,6
815726023,non_human,0.996,non_human,1,96
815726024,human,0.907,human,1,2
815726025,non_human,0.996,unknown,1,96
815726028,non_human,0.996,non_human,1,96
815726029,non_human,0.954,non_human,1,37
815726030,non_human,0.996,non_human,1,96
815726031,non_human,0.996,unknown,1,96
815726032,non_human,0.996,unknown,1,96
815726033,non_human,0.996,unknown,1,96
815726034,non_human,0.996,unknown,1,69
815726035,non_human,0.996,non_human,1,96
815726036,human,0.909,non_human,1,6
815726040,human,0.909,human,1,1
815726041,human,0.938,human,1,4
815726043,non_human,0.996,non_human,1,96
815726045,non_human,0.996,non_human,1,96
815726046,human,0.94,human,1,18
815726049,human,0.938,human,1,7
815726052,non_human,0.996,non_human,1,96
815726053,non_human,0.996,non_human,1,96
815726054,non_human,0.996,unknown,1,96
815726057,non_human,0.952,non_human,1,16
815726059,non_human,0.996,non_human,1,88
815726060,human,0.922,human,1,8
815726062,non_human,0.996,non_human,1,96
815726064,human,0.947,human,1,10
815726067,non_human,0.996,non_human,1,96
815726068,human,0.909,human,1,6
815726072,non_human,0.996,non_human,1,69
815726076,human,0.913,human,1,2
815726077,non_human,0.913,non_human,1,1
815726078,human,0.907,human,1,6
815726081,human,0.907,human,1,6
815726082,human,0.907,human,1,6
815726086,human,0.909,non_human,1,1
815726092,human,0.913,human,1,1
815726093,non_human,0.996,non_human,1,96
815726095,non_human,0.992,non_human,1,63
815726096,human,0.909,human,1,5
815726101,non_human,0.996,non_human,1,96
815726104,non_human,0.991,non_human,1,56
815726106,human,0.933,human,1,5
815726107,non_human,0.996,unknown,1,96
815726109,non_human,0.996,non_human,1,96
815726110,non_human,0.996,non_human,1,96
815726111,non_human,0.992,non_human,1,52
815726112,non_human,0.996,non_human,1,96
815726113,non_human,0.996,non_human,1,69
815726114,non_human,0.996,non_human,1,96
815726116,human,0.922,non_human,1,8
815726117,non_human,0.996,non_human,1,96
815726118,non_human,0.996,unknown,1,96
815726120,non_human,0.996,non_human,1,96
815726121,human,0.956,human,1,16
815726123,human,0.913,human,1,3
815726125,human,0.936,human,1,8
815726126,non_human,0.996,non_human,1,96
815726127,non_human,0.996,non_human,1,96
815726128,non_human,0.996,non_human,1,96
815726129,human,0.947,human,1,15
815726130,non_human,0.996,non_human,1,96
815726131,non_human,0.992,non_human,1,57
815726132,non_human,0.996,unknown,1,96
815726133,non_human,0.996,unknown,1,96
815726136,non_human,0.996,non_human,1,96
815726137,non_human,0.996,non_human,1,96
815726138,non_human,0.996,non_human,1,96
815726139,non_human,0.996,non_human,1,96
815726141,non_human,0.996,non_human,1,96
815726142,non_human,0.996,non_human,1,96
815726143,non_human,0.996,non_human,1,88
815726144,non_human,0.996,unknown,1,96
815726148,human,0.913,human,1,4
815726152,human,0.922,unknown,1,8
815726154,human,0.936,human,1,6
815726157,human,0.907,human,1,6
815726160,non_human,0.996,non_human,1,96
815726161,human,0.907,human,1,6
815726165,non_human,0.996,non_human,1,88
815726166,non_human,0.924,non_human,1,2
815726177,human,0.956,human,1,8
815726183,human,0.956,human,1,15
815726185,non_human,0.996,non_human,1,69
815726192,non_human,0.996,unknown,1,96
815726193,human,0.907,human,1,2
815726197,non_human,0.901,human,1,1
815726200,non_human,0.924,non_human,1,1
815726201,non_human,0.996,non_human,1,96
815726205,human,0.94,human,1,18
815726207,non_human,0.996,unknown,1,96
815726210,human,0.956,human,1,12
815726213,human,0.909,human,1,6
815726214,human,0.94,human,1,20
815726217,human,0.956,human,1,27
815726219,non_human,0.996,non_human,1,88
815726221,non_human,0.996,non_human,1,96
815726222,non_human,0.901,human,1,1
815726223,non_human,0.996,non_human,1,96
815726224,non_human,0.996,non_human,1,96
815726226,human,0.937,human,1,7
815726227,non_human,0.996,non_human,1,96
815726230,human,0.907,human,1,2
815726232,human,0.922,unknown,1,8
815726235,human,0.907,human,1,6
815726236,human,0.907,human,1,6
815726238,human,0.909,human,1,6
815726239,human,0.956,human,1,35
815726240,non_human,0.996,non_human,1,69
815726241,human,0.937,non_human,1,7
815726243,non_human,0.996,non_human,1,88
815726244,non_human,0.996,non_human,1,96
815726246,non_human,0.996,non_human,1,96
815726248,non_human,0.913,non_human,1,1
815726249,non_human,0.996,non_human,1,88
815726251,human,0.938,human,1,6
815726254,human,0.956,human,1,16
815726255,human,0.907,human,1,6
815726256,human,0.909,non_human,1,4
815726259,human,0.907,human,1,6
815726260,non_human,0.996,non_human,1,96
815726262,non_human,0.901,human,1,1
815726265,non_human,0.996,non_human,1,96
815726266,human,0.956,human,1,20
815726267,non_human,0.996,non_human,1,96
815726269,human,0.94,non_human,1,19
815726270,human,0.922,human,1,8
815726273,human,0.922,human,1,8
815726276,human,0.909,human,1,6
815726280,non_human,0.924,human,1,1
815726284,human,0.94,unknown,1,20
815726286,non_human,0.996,non_human,1,96
815726295,non_human,0.996,non_human,1,88
815726298,human,0.907,non_human,1,2
815726301,non_human,0.996,non_human,1,88
815726302,non_human,0.996,non_human,1,96
815726304,human,0.94,human,1,19
815726306,human,0.907,unknown,1,2
815726307,non_human,0.996,non_human,1,96
815726308,non_human,0.996,non_human,1,96
815726309,human,0.936,human,1,8
815726312,non_human,0.996,unknown,1,96
815726314,non_human,0.996,non_human,1,96
815726316,non_human,0.996,unknown,1,96
815726317,human,0.945,human,1,10
815726318,non_human,0.996,non_human,1,96
815726319,human,0.922,human,1,8
815726320,non_human,0.996,non_human,1,96
815726324,human,0.907,human,1,2
815726326,non_human,0.996,non_human,1,96
815726327,non_human,0.972,unknown,1,21
815726328,non_human,0.996,non_human,1,96
815726329,non_human,0.996,unknown,1,88
815726331,non_human,0.996,non_human,1,96
815726333,non_human,0.996,non_human,1,96
815726334,non_human,0.996,unknown,1,88
815726335,non_human,0.996,non_human,1,96
815726336,non_human,0.996,non_human,1,96
815726338,non_human,0.996,non_human,1,96
815726339,human,0.947,human,1,9
815726341,non_human,0.942,human,1,3
815726342,human,0.907,human,1,6
815726349,human,0.922,human,1,6
815726351,human,0.937,human,1,7
815726352,non_human,0.996,non_human,1,96
815726353,non_human,0.996,unknown,1,96
815726355,non_human,0.996,unknown,1,96
815726357,non_human,0.996,non_human,1,88
815726358,non_human,0.996,unknown,1,96
815726360,non_human,0.996,non_human,1,69
815726361,human,0.909,human,1,6
815726362,non_human,0.901,human,1,1
815726366,human,0.907,human,1,2
815726371,human,0.907,human,1,6
815726373,non_human,0.901,human,1,1
815726374,non_human,0.901,human,1,1
815726383,human,0.909,human,1,1
815726386,non_human,0.996,non_human,1,96
815726388,non_human,0.924,human,1,2
815726390,non_human,0.996,non_human,1,96
815726394,non_human,0.996,non_human,1,96
815726396,non_human,0.996,unknown,1,81
815726397,human,0.956,human,1,9
815726398,human,0.913,human,1,4
815726400,non_human,0.996,unknown,1,96
815726412,non_human,0.996,non_human,1,56
815726413,non_human,0.996,non_human,1,96
815726414,human,0.94,human,1,15
815726417,non_human,0.996,non_human,1,96
815726419,human,0.913,human,1,1
815726423,non_human,0.996,non_human,1,96
815726424,non_human,0.996,unknown,1,69
815726425,human,0.956,human,1,20
815726426,non_human,0.996,unknown,1,96
815726427,human,0.913,human,1,2
815726429,non_human,0.996,non_human,1,96
815726430,non_human,0.996,non_human,1,96
815726432,human,0.956,human,1,13
815726433,non_human,0.996,non_human,1,96
815726434,non_human,0.996,non_human,1,69
815726435,non_human,0.996,non_human,1,96
815726437,human,0.907,human,1,6
815726440,human,0.913,human,1,1
815726441,non_human,0.991,human,1,21
815726442,human,0.913,human,1,2
815726443,non_human,0.996,non_human,1,96
815726447,human,0.913,human,1,3
815726449,human,0.956,human,1,21
815726450,non_human,0.996,non_human,1,96
815726453,non_human,0.996,unknown,1,96
815726454,non_human,0.996,non_human,1,96
815726457,human,0.913,human,1,4
815726459,non_human,0.996,non_human,1,96
815726460,non_human,0.996,non_human,1,96
815726463,non_human,0.951,human,1,11
815726465,non_human,0.901,non_human,1,1
815726468,non_human,0.996,unknown,1,88
815726470,human,0.956,unknown,1,10
815726471,human,0.94,human,1,19
815726473,non_human,0.996,unknown,1,96
815726475,human,0.913,human,1,3
815726477,human,0.956,human,1,8
815726479,human,0.907,human,1,6
815726480,human,0.909,human,1,5
815726482,non_human,0.924,non_human,1,1
815726489,non_human,0.992,non_human,1,52
815726490,human,0.913,human,1,4
815726491,non_human,0.996,non_human,1,96
815726493,non_human,0.996,non_human,1,69
815726495,non_human,0.996,non_human,1,96
815726497,non_human,0.996,non_human,1,96
815726499,non_human,0.996,non_human,1,96
815726501,non_human,0.996,non_human,1,96
815726504,human,0.907,human,1,6
815726505,non_human,0.996,non_human,1,69
815726507,human,0.913,human,1,2
815726510,non_human,0.996,non_human,1,69
815726511,non_human,0.996,unknown,1,96
815726512,non_human,0.996,non_human,1,96
815726514,human,0.94,human,1,21
815726515,non_human,0.924,non_human,1,1
815726516,non_human,0.996,non_human,1,69
815726518,human,0.907,human,1,5
815726520,human,0.94,unknown,1,19
815726524,human,0.956,human,1,14
815726525,non_human,0.996,unknown,1,96
815726530,human,0.937,human,1,7
815726532,non_human,0.996,non_human,1,96
815726533,non_human,0.996,non_human,1,88
815726535,human,0.913,human,1,4
815726537,human,0.956,human,1,8
815726540,human,0.956,human,1,10
815726542,non_human,0.996,non_human,1,69
815726543,non_human,0.996,unknown,1,96
815726546,human,0.907,human,1,6
815726547,non_human,0.996,non_human,1,96
815726550,human,0.913,human,1,3
815726551,human,0.907,human,1,5
815726556,human,0.922,human,1,8
815726561,human,0.956,human,1,16
815726562,human,0.94,human,1,13
815726563,non_human,0.996,non_human,1,81
815726564,non_human,0.996,non_human,1,96
815726565,non_human,0.996,non_human,1,96
815726566,non_human,0.996,non_human,1,96
815726568,human,0.909,human,1,1
815726571,non_human,0.996,non_human,1,96
815726572,human,0.913,human,1,1
815726573,non_human,0.996,non_human,1,96
815726574,non_human,0.996,unknown,1,96
815726580,non_human,0.996,non_human,1,69
815726581,non_human,0.996,non_human,1,96
815726583,non_human,0.991,non_human,1,27
815726585,human,0.907,human,1,6
815726586,non_human,0.967,unknown,1,46
815726588,human,0.94,human,1,17
815726590,human,0.945,human,1,10
815726591,human,0.913,human,1,4
815726592,non_human,0.996,non_human,1,96
815726593,non_human,0.996,unknown,1,88
815726594,human,0.907,human,1,6
815726595,non_human,0.967,unknown,1,22
815726596,non_human,0.996,non_human,1,96
815726597,non_human,0.996,non_human,1,96
815726598,human,0.94,human,1,13
815726599,non_human,0.996,non_human,1,96
815726602,human,0.956,human,1,16
815726604,non_human,0.996,non_human,1,96
815726608,human,0.936,unknown,1,6
815726611,human,0.913,human,1,4
815726612,human,0.94,human,1,18
815726616,human,0.947,non_human,1,13
815726618,human,0.947,human,1,13
815726622,human,0.913,human,1,3
815726623,human,0.937,non_human,1,7
815726625,human,0.937,human,1,3
815726626,human,0.956,human,1,19
815726627,human,0.956,human,1,16
815726628,non_human,0.996,non_human,1,96
815726635,human,0.94,human,1,13
815726636,human,0.907,human,1,6
815726637,non_human,0.996,unknown,1,96
815726638,non_human,0.901,non_human,1,1
815726641,human,0.907,human,1,5
815726644,non_human,0.996,non_human,1,96
815726647,human,0.907,human,1,6
815726648,non_human,0.954,non_human,1,37
815726649,non_human,0.996,non_human,1,96
815726654,human,0.907,human,1,6
815726657,non_human,0.996,non_human,1,88
815726658,non_human,0.996,unknown,1,96
815726660,non_human,0.996,unknown,1,88
815726661,human,0.907,human,1,2
815726663,non_human,0.996,non_human,1,96
815726664,non_human,0.996,non_human,1,96
815726666,human,0.913,human,1,1
815726667,human,0.936,human,1,8
815726668,human,0.94,human,1,20
815726669,non_human,0.996,non_human,1,96
815726670,non_human,0.996,non_human,1,96
815726671,non_human,0.996,non_human,1,69
815726672,non_human,0.996,unknown,1,88
815726673,non_human,0.996,non_human,1,88
815726674,non_human,0.996,non_human,1,69
815726675,non_human,0.996,non_human,1,69
815726682,human,0.956,human,1,21
815726683,human,0.956,human,1,21
815726685,human,0.907,human,1,2
815726686,non_human,0.924,non_human,1,1
815726687,non_human,0.996,non_human,1,96
815726688,non_human,0.967,non_human,1,46
815726689,human,0.907,non_human,1,6
815726691,non_human,0.996,non_human,1,96
815726692,non_human,0.996,non_human,1,96
815726693,non_human,0.996,non_human,1,96
815726694,non_human,0.996,non_human,1,96
815726695,non_human,0.996,non_human,1,96
815726697,human,0.94,human,1,13
815726698,non_human,0.996,non_human,1,88
815726699,non_human,0.996,non_human,1,96
815726705,human,0.94,human,1,19
815726707,human,0.94,human,1,17
815726709,human,0.956,human,1,35
815726711,human,0.907,human,1,6
815726713,human,0.956,human,1,10
815726716,human,0.936,human,1,8
815726717,human,0.94,human,1,13
815726719,human,0.913,non_human,1,1
815726720,human,0.907,human,1,8
815726721,human,0.909,human,1,6
815726723,human,0.913,human,1,2
815726724,non_human,0.901,non_human,1,1
815726727,human,0.907,human,1,2
815726729,human,0.909,human,1,6
815726734,non_human,0.913,non_human,1,1
815726739,non_human,0.996,non_human,1,88
815726741,human,0.922,human,1,8
815726742,non_human,0.996,unknown,1,96
815726743,non_human,0.996,non_human,1,96
815726745,human,0.922,human,1,8
815726748,non_human,0.996,non_human,1,96
815726749,human,0.956,human,1,20
815726750,human,0.922,unknown,1,10
815726751,human,0.907,human,1,6
815726755,human,0.94,human,1,20
815726756,human,0.94,human,1,16
815726762,human,0.94,human,1,19
815726764,human,0.94,human,1,19
815726767,non_human,0.924,non_human,1,1
815726773,non_human,0.996,non_human,1,96
815726775,non_human,0.996,non_human,1,88
815726779,human,0.907,human,1,6
815726780,non_human,0.913,human,1,1
815726784,non_human,0.996,non_human,1,96
815726788,human,0.956,human,1,21
815726790,non_human,0.996,non_human,1,88
815726793,human,0.922,human,1,6
815726794,non_human,0.996,non_human,1,96
815726796,human,0.907,human,1,2
815726797,human,0.913,human,1,4
815726800,human,0.947,human,1,13
815726803,non_human,0.996,unknown,1,96
815726804,non_human,0.996,non_human,1,96
815726806,non_human,0.996,non_human,1,96
815726809,human,0.913,human,1,1
815726810,non_human,0.996,non_human,1,96
815726812,non_human,0.996,non_human,1,96
815726813,human,0.913,human,1,5
815726815,human,0.922,human,1,8
815726817,human,0.913,non_human,1,3
815726820,human,0.94,human,1,19
815726821,human,0.913,human,1,4
815726822,human,0.907,unknown,1,6
815726825,non_human,0.996,non_human,1,96
815726828,human,0.956,human,1,10
815726829,human,0.913,human,1,3
815726830,non_human,0.996,non_human,1,96
815726834,non_human,0.967,unknown,1,29
815726835,non_human,0.996,non_human,1,96
815726838,non_human,0.996,non_human,1,96
815726839,human,0.94,human,1,19
815726841,human,0.956,unknown,1,16
815726842,non_human,0.996,non_human,1,96
815726847,non_human,0.996,non_human,1,96
815726850,non_human,0.996,non_human,1,69
815726851,non_human,0.996,non_human,1,96
815726852,non_human,0.996,non_human,1,96
815726854,non_human,0.992,non_human,1,42
815726855,human,0.907,non_human,1,6
815726856,human,0.94,human,1,19
815726857,non_human,0.952,unknown,1,7
815726858,non_human,0.996,non_human,1,96
815726860,non_human,0.996,non_human,1,69
815726862,non_human,0.996,non_human,1,96
815726863,human,0.907,human,1,2
815726864,human,0.913,human,1,1
815726865,non_human,0.996,non_human,1,96
815726868,human,0.94,human,1,12
815726876,human,0.913,human,1,3
815726879,human,0.907,human,1,6
815726884,non_human,0.996,non_human,1,96
815726885,non_human,0.996,unknown,1,96
815726888,non_human,0.996,non_human,1,96
815726889,non_human,0.992,non_human,1,71
815726890,human,0.94,human,1,11
815726891,human,0.907,human,1,5
815726892,non_human,0.996,non_human,1,96
815726893,non_human,0.954,non_human,1,37
815726895,non_human,0.996,non_human,1,69
815726896,non_human,0.996,non_human,1,96
815726897,non_human,0.996,non_human,1,88
815726898,non_human,0.996,unknown,1,88
815726899,non_human,0.996,non_human,1,88
815726900,human,0.956,human,1,18
815726903,non_human,0.996,non_human,1,96
815726904,non_human,0.996,non_human,1,96
815726906,human,0.936,human,1,6
815726907,non_human,0.996,non_human,1,96
815726908,human,0.94,human,1,17
815726912,non_human,0.996,non_human,1,96
815726916,non_human,0.996,non_human,1,96
815726918,non_human,0.996,non_human,1,96
815726922,non_human,0.924,human,1,1
815726927,human,0.907,human,1,5
815726928,non_human,0.996,non_human,1,96
815726930,human,0.907,non_human,1,6
815726932,non_human,0.996,unknown,1,96
815726933,non_human,0.996,non_human,1,69
815726934,non_human,0.996,non_human,1,96
815726936,non_human,0.996,non_human,1,96
815726940,human,0.907,human,1,6
815726942,non_human,0.996,non_human,1,96
815726943,human,0.956,human,1,4
815726944,human,0.94,unknown,1,19
815726946,human,0.907,human,1,5
815726950,human,0.947,human,1,15
815726953,human,0.956,human,1,35
815726955,non_human,0.996,non_human,1,96
815726958,human,0.907,human,1,2
815726959,non_human,0.996,non_human,1,96
815726960,non_human,0.996,non_human,1,96
815726965,non_human,0.996,non_human,1,96
815726967,non_human,0.943,human,1,7
815726969,non_human,0.996,non_human,1,96
815726973,non_human,0.996,non_human,1,88
815726977,non_human,0.967,human,1,46
815726980,human,0.922,human,1,10
815726982,human,0.913,human,1,3
815726983,non_human,0.996,unknown,1,88
815726985,non_human,0.996,non_human,1,96
815726987,human,0.907,human,1,2
815726990,human,0.947,human,1,13
815726991,human,0.907,human,1,6
815726993,non_human,0.996,non_human,1,96
815726996,human,0.956,human,1,5
815727001,human,0.956,human,1,18
815727003,human,0.956,human,1,16
815727004,non_human,0.901,non_human,1,1
815727005,human,0.947,human,1,13
815727006,non_human,0.996,non_human,1,69
815727008,human,0.956,human,1,11
815727009,non_human,0.996,unknown,1,96
815727012,non_human,0.996,non_human,1,56
815727013,human,0.907,non_human,1,2
815727016,human,0.94,human,1,9
815727018,non_human,0.996,unknown,1,96
815727020,human,0.947,human,1,7
815727021,non_human,0.996,unknown,1,96
815727022,non_human,0.996,non_human,1,96
815727023,human,0.922,human,1,5
815727024,human,0.922,non_human,1,10
815727027,non_human,0.996,non_human,1,96
815727028,non_human,0.996,non_human,1,96
815727031,human,0.933,unknown,1,2
815727032,non_human,0.924,human,1,1
815727034,human,0.956,human,1,18
815727037,human,0.907,human,1,6
815727038,human,0.907,human,1,6
815727040,human,0.94,human,1,17
815727041,non_human,0.996,non_human,1,96
815727042,non_human,0.996,unknown,1,96
815727043,non_human,0.953,non_human,1,11
815727044,non_human,0.996,non_human,1,96
815727046,human,0.956,non_human,1,20
815727049,non_human,0.996,unknown,1,88
815727050,non_human,0.996,non_human,1,96
815727054,human,0.907,human,1,6
815727055,human,0.94,non_human,1,19
815727056,human,0.922,human,1,6
815727060,human,0.907,human,1,2
815727061,non_human,0.996,unknown,1,96
815727064,human,0.956,non_human,1,10
815727067,non_human,0.996,non_human,1,96
815727074,non_human,0.996,non_human,1,96
815727075,non_human,0.996,non_human,1,96
815727076,non_human,0.996,non_human,1,96
815727077,non_human,0.996,non_human,1,88
815727078,non_human,0.996,non_human,1,69
815727080,human,0.907,non_human,1,6
815727081,human,0.94,human,1,19
815727083,non_human,0.996,non_human,1,96
815727085,human,0.907,human,1,2
815727086,non_human,0.996,non_human,1,96
815727088,human,0.909,human,1,6
815727090,non_human,0.996,non_human,1,96
815727093,non_human,0.996,non_human,1,96
815727094,non_human,0.996,non_human,1,96
815727102,non_human,0.996,non_human,1,96
815727107,non_human,0.996,non_human,1,96
815727108,human,0.907,human,1,2
815727109,human,0.913,non_human,1,3
815727110,non_human,0.996,non_human,1,69
815727111,human,0.907,human,1,5
815727112,human,0.913,human,1,1
815727114,human,0.936,non_human,1,8
815727116,non_human,0.996,non_human,1,96
815727117,human,0.913,non_human,1,2
815727118,non_human,0.996,non_human,1,69
815727119,non_human,0.996,non_human,1,96
815727123,human,0.922,human,1,6
815727124,non_human,0.996,non_human,1,96
815727125,non_human,0.996,non_human,1,81
815727127,non_human,0.996,non_human,1,88
815727130,human,0.956,human,1,10
815727133,human,0.922,non_human,1,8
815727136,human,0.913,non_human,1,1
815727138,non_human,0.954,unknown,1,37
815727140,human,0.94,human,1,19
815727142,human,0.907,human,1,5
815727146,human,0.956,non_human,1,22
815727147,human,0.913,human,1,1
815727149,non_human,0.996,non_human,1,69
815727150,non_human,0.996,unknown,1,96
815727152,human,0.956,human,1,10
815727156,non_human,0.996,non_human,1,96
815727157,human,0.956,non_human,1,22
815727158,human,0.956,human,1,20
815727159,non_human,0.996,non_human,1,96
815727160,non_human,0.996,non_human,1,96
815727161,non_human,0.996,non_human,1,96
815727162,human,0.937,non_human,1,7
815727164,human,0.907,unknown,1,6
815727166,human,0.956,human,1,27
815727168,human,0.956,human,1,16
815727170,human,0.956,human,1,22
815727171,human,0.907,human,1,5
815727174,human,0.913,human,1,3
815727176,non_human,0.942,non_human,1,16
815727178,human,0.938,human,1,7
815727181,non_human,0.996,non_human,1,56
815727182,non_human,0.996,non_human,1,96
815727183,non_human,0.996,non_human,1,96
815727184,human,0.909,human,1,6
815727187,human,0.922,human,1,7
815727190,human,0.936,human,1,5
815727195,human,0.913,human,1,3
815727198,human,0.907,human,1,6
815727202,human,0.947,non_human,1,13
815727204,human,0.94,human,1,19
815727205,human,0.907,human,1,2
815727206,human,0.907,human,1,6
815727210,human,0.907,non_human,1,2
815727217,human,0.907,non_human,1,2
815727221,human,0.907,human,1,6
815727223,human,0.956,unknown,1,10
815727225,non_human,0.901,unknown,1,1
815727227,non_human,0.996,non_human,1,96
815727233,human,0.956,human,1,35
815727234,human,0.94,human,1,19
815727238,human,0.909,human,1,6
815727239,human,0.907,unknown,1,2
815727241,human,0.913,human,1,4
815727242,non_human,0.913,human,1,1
815727245,non_human,0.996,non_human,1,96
815727246,non_human,0.996,non_human,1,96
815727247,non_human,0.996,unknown,1,96
815727248,non_human,0.996,non_human,1,96
815727250,human,0.94,human,1,17
815727251,non_human,0.996,non_human,1,96
815727253,human,0.913,human,1,6
815727254,non_human,0.996,non_human,1,96
815727255,human,0.907,human,1,2
815727259,non_human,0.996,non_human,1,96
815727260,non_human,0.996,non_human,1,96
815727261,human,0.907,non_human,1,2
815727262,non_human,0.996,non_human,1,96
815727263,human,0.94,human,1,20
815727264,non_human,0.996,non_human,1,96
815727266,human,0.936,human,1,6
815727267,human,0.94,non_human,1,20
815727270,non_human,0.996,non_human,1,69
815727271,non_human,0.996,non_human,1,96
815727272,non_human,0.996,non_human,1,81
815727273,non_human,0.996,non_human,1,96
815727274,human,0.913,human,1,1
815727277,human,0.956,human,1,16
815727278,human,0.913,human,1,4
815727280,human,0.937,human,1,7
815727281,human,0.938,human,1,7
815727282,human,0.913,human,1,4
815727288,human,0.94,human,1,19
815727289,non_human,0.996,non_human,1,96
815727290,non_human,0.996,non_human,1,96
815727291,human,0.936,non_human,1,6
815727294,human,0.956,human,1,16
815727296,non_human,0.992,human,1,46
815727298,human,0.922,human,1,8
815727299,human,0.913,non_human,1,4
815727300,human,0.913,human,1,4
815727303,human,0.936,human,1,6
815727309,human,0.956,human,1,20
815727310,human,0.947,human,1,15
815727311,human,0.936,unknown,1,8
815727313,human,0.956,human,1,18
815727316,human,0.913,human,1,4
815727317,human,0.907,non_human,1,6
815727318,human,0.909,human,1,1
815727321,non_human,0.924,non_human,1,1
815727323,non_human,0.996,non_human,1,96
815727324,human,0.913,non_human,1,4
815727327,human,0.913,human,1,3
815727330,non_human,0.996,non_human,1,96
815727331,non_human,0.996,non_human,1,88
815727332,human,0.937,human,1,7
815727334,non_human,0.996,non_human,1,96
815727336,non_human,0.967,unknown,1,46
815727337,non_human,0.996,non_human,1,96
815727338,non_human,0.996,non_human,1,96
815727339,non_human,0.996,non_human,1,69
815727340,non_human,0.996,non_human,1,96
815727342,non_human,0.996,non_human,1,96
815727343,non_human,0.996,non_human,1,88
815727344,non_human,0.996,unknown,1,96
815727345,non_human,0.996,non_human,1,88
815727346,non_human,0.996,non_human,1,81
815727347,non_human,0.996,non_human,1,96
815727348,non_human,0.996,non_human,1,96
815727349,non_human,0.996,non_human,1,96
815727351,human,0.94,human,1,17
815727352,human,0.956,human,1,16
815727355,human,0.907,human,1,2
815727356,human,0.907,human,1,2
815727360,non_human,0.996,non_human,1,96
815727361,human,0.94,human,1,17
815727365,human,0.956,human,1,10
815727366,human,0.909,human,1,6
815727367,human,0.937,human,1,5
815727368,non_human,0.996,non_human,1,96
815727369,non_human,0.996,non_human,1,96
815727370,non_human,0.924,human,1,2
815727371,non_human,0.996,unknown,1,96
815727372,non_human,0.996,non_human,1,96
815727378,human,0.907,human,1,2
815727379,human,0.907,human,1,2
815727381,human,0.922,human,1,8
815727384,human,0.94,human,1,20
815727387,human,0.94,human,1,19
815727388,human,0.922,non_human,1,8
815727391,human,0.956,human,1,23
815727392,human,0.913,human,1,6
815727393,human,0.907,human,1,5
815727394,non_human,0.924,non_human,1,1
815727395,human,0.909,human,1,1
815727396,human,0.936,human,1,8
815727399,human,0.913,human,1,4
815727401,human,0.956,human,1,22
815727407,human,0.909,human,1,1
815727408,human,0.913,human,1,4
815727409,human,0.913,human,1,4
815727411,non_human,0.954,human,1,37
815727413,human,0.907,non_human,1,6
815727414,non_human,0.972,non_human,1,18
815727415,human,0.956,human,1,10
815727416,human,0.956,human,1,13
815727417,human,0.956,human,1,16
815727418,non_human,0.996,non_human,1,96
815727419,human,0.94,human,1,17
815727420,non_human,0.996,non_human,1,96
815727421,human,0.94,human,1,13
815727422,human,0.956,human,1,10
815727423,human,0.907,human,1,5
815727425,non_human,0.996,non_human,1,96
815727428,non_human,0.996,unknown,1,96
815727430,human,0.94,non_human,1,19
815727433,non_human,0.996,non_human,1,96
815727434,human,0.907,human,1,6
815727435,non_human,0.996,non_human,1,88
815727436,human,0.907,human,1,6
815727438,non_human,0.996,non_human,1,88
815727439,non_human,0.996,unknown,1,96
815727440,human,0.913,human,1,2
815727441,non_human,0.996,non_human,1,96
815727442,human,0.913,human,1,3
815727443,non_human,0.996,non_human,1,96
815727444,non_human,0.996,non_human,1,88
815727445,non_human,0.996,non_human,1,69
815727446,human,0.956,human,1,8
815727448,human,0.913,human,1,1
815727454,non_human,0.996,non_human,1,96
815727456,non_human,0.996,non_human,1,96
815727457,non_human,0.996,non_human,1,96
815727458,non_human,0.996,non_human,1,96
815727461,human,0.909,non_human,1,6
815727463,non_human,0.996,non_human,1,96
815727464,non_human,0.996,non_human,1,96
815727465,non_human,0.996,non_human,1,96
815727466,human,0.956,human,1,12
815727469,non_human,0.996,non_human,1,96
815727470,non_human,0.996,non_human,1,96
815727472,non_human,0.996,non_human,1,96
815727475,human,0.913,human,1,3
815727476,non_human,0.996,unknown,1,96
815727482,non_human,0.996,unknown,1,96
815727485,human,0.913,human,1,4
815727486,human,0.909,human,1,1
815727491,human,0.907,human,1,6
815727492,human,0.913,human,1,4
815727493,human,0.922,human,1,6
815727494,human,0.94,human,1,16
815727497,non_human,0.996,non_human,1,88
815727498,human,0.913,human,1,4
815727500,non_human,0.996,non_human,1,96
815727502,human,0.956,human,1,16
815727507,non_human,0.996,non_human,1,96
815727510,non_human,0.996,non_human,1,96
815727512,non_human,0.996,non_human,1,96
815727513,human,0.909,human,1,1
815727514,non_human,0.996,non_human,1,96
815727515,non_human,0.996,non_human,1,88
815727516,human,0.956,human,1,21
815727517,non_human,0.996,non_human,1,88
815727521,non_human,0.996,non_human,1,69
815727526,non_human,0.996,non_human,1,96
815727527,non_human,0.996,non_human,1,96
815727528,non_human,0.996,unknown,1,96
815727529,non_human,0.996,non_human,1,96
815727530,human,0.94,human,1,19
815727531,non_human,0.996,non_human,1,69
815727532,human,0.913,human,1,2
815727534,non_human,0.996,non_human,1,96
815727535,human,0.909,non_human,1,1
815727536,human,0.907,human,1,2
815727537,human,0.922,human,1,8
815727540,non_human,0.996,unknown,1,96
815727541,human,0.907,human,1,6
815727542,human,0.913,non_human,1,1
815727543,non_human,0.996,non_human,1,96
815727544,non_human,0.954,non_human,1,37
815727546,non_human,0.996,non_human,1,96
815727549,human,0.956,human,1,12
815727552,non_human,0.996,non_human,1,69
815727553,non_human,0.996,non_human,1,96
815727554,human,0.956,human,1,7
815727555,non_human,0.996,non_human,1,96
815727557,human,0.907,human,1,2
815727559,human,0.94,human,1,19
815727560,human,0.938,non_human,1,7
815727562,human,0.938,human,1,2
815727565,non_human,0.996,unknown,1,88
815727568,human,0.907,human,1,6
815727570,human,0.907,human,1,6
815727571,human,0.94,human,1,22
815727572,human,0.938,human,1,7
815727573,human,0.909,human,1,1
815727578,non_human,0.996,non_human,1,88
815727580,human,0.913,human,1,3
815727581,human,0.907,human,1,2
815727583,human,0.94,human,1,19
815727584,human,0.956,human,1,18
815727587,human,0.94,human,1,18
815727590,non_human,0.996,non_human,1,96
815727591,human,0.913,human,1,4
815727593,non_human,0.996,unknown,1,96
815727595,non_human,0.996,non_human,1,69
815727596,non_human,0.996,unknown,1,96
815727597,non_human,0.996,non_human,1,69
815727598,non_human,0.996,non_human,1,96
815727600,non_human,0.996,non_human,1,96
815727601,non_human,0.996,non_human,1,96
815727602,non_human,0.996,non_human,1,96
815727603,non_human,0.996,non_human,1,96
815727604,non_human,0.996,unknown,1,96
815727607,non_human,0.996,non_human,1,96
815727608,non_human,0.996,non_human,1,96
815727609,human,0.907,human,1,2
815727612,human,0.907,human,1,2
815727613,non_human,0.996,non_human,1,96
815727614,non_human,0.996,non_human,1,69
815727615,non_human,0.996,unknown,1,96
815727616,non_human,0.996,non_human,1,96
815727617,non_human,0.996,non_human,1,88
815727618,non_human,0.996,non_human,1,96
815727619,human,0.947,human,1,13
815727620,human,0.94,unknown,1,13
815727621,human,0.909,human,1,1
815727622,human,0.907,human,1,4
815727630,human,0.94,human,1,17
815727631,human,0.907,human,1,6
815727633,human,0.937,human,1,7
815727636,non_human,0.996,non_human,1,56
815727638,human,0.913,human,1,2
815727640,human,0.956,human,1,16
815727643,human,0.909,non_human,1,5
815727645,human,0.956,unknown,1,22
815727649,human,0.922,human,1,8
815727653,human,0.913,human,1,1
815727656,human,0.907,human,1,6
815727657,human,0.909,human,1,6
815727659,human,0.913,human,1,4
815727660,non_human,0.996,non_human,1,96
815727661,human,0.956,human,1,16
815727663,human,0.909,non_human,1,1
815727664,non_human,0.996,non_human,1,96
815727667,human,0.956,human,1,10
815727669,human,0.94,non_human,1,13
815727670,human,0.922,human,1,8
815727671,non_human,0.996,non_human,1,96
815727672,human,0.936,human,1,8
815727673,human,0.907,non_human,1,6
815727674,human,0.94,human,1,13
815727677,non_human,0.996,non_human,1,96
815727678,non_human,0.996,non_human,1,96
815727679,non_human,0.996,unknown,1,96
815727680,non_human,0.996,unknown,1,96
815727681,human,0.913,human,1,2
815727683,human,0.909,human,1,6
815727685,human,0.913,human,1,3
815727687,non_human,0.996,non_human,1,96
815727688,human,0.913,human,1,2
815727689,non_human,0.996,non_human,1,96
815727690,non_human,0.996,non_human,1,96
815727691,non_human,0.996,non_human,1,96
815727692,non_human,0.996,non_human,1,88
815727693,non_human,0.996,non_human,1,96
815727694,non_human,0.996,non_human,1,88
815727695,non_human,0.996,non_human,1,96
815727697,non_human,0.996,non_human,1,96
815727698,non_human,0.996,non_human,1,69
815727700,human,0.913,unknown,1,1
815727701,non_human,0.996,non_human,1,96
815727704,non_human,0.996,non_human,1,69
815727705,non_human,0.996,unknown,1,96
815727706,non_human,0.996,unknown,1,96
815727707,human,0.907,human,1,6
815727709,human,0.936,human,1,6
815727711,human,0.913,human,1,2
815727713,human,0.956,human,1,20
815727714,human,0.94,human,1,21
815727716,human,0.94,human,1,17
815727718,human,0.94,human,1,13
815727721,human,0.94,human,1,19
815727722,human,0.907,human,1,6
815727723,human,0.936,human,1,5
815727724,human,0.956,human,1,16
815727725,human,0.907,non_human,1,6
815727727,human,0.907,human,1,2
815727730,human,0.907,human,1,6
815727733,human,0.913,human,1,4
815727734,human,0.907,human,1,5
815727737,human,0.947,human,1,12
815727740,human,0.907,human,1,5
815727741,human,0.907,human,1,2
815727744,human,0.94,human,1,19
815727747,human,0.907,human,1,6
815727750,human,0.956,human,1,10
815727753,human,0.956,human,1,17
815727757,non_human,0.996,non_human,1,96
815727758,human,0.94,human,1,19
815727759,human,0.937,human,1,5
815727760,human,0.94,human,1,13
815727762,human,0.94,human,1,19
815727763,human,0.956,human,1,12
815727764,non_human,0.996,non_human,1,96
815727765,human,0.922,human,1,10
815727766,non_human,0.996,non_human,1,96
815727768,non_human,0.996,non_human,1,96
815727770,non_human,0.996,non_human,1,69
815727772,human,0.922,human,1,7
815727773,non_human,0.996,non_human,1,96
815727774,non_human,0.996,non_human,1,69
815727775,non_human,0.996,non_human,1,96
815727776,non_human,0.996,non_human,1,96
815727777,non_human,0.996,non_human,1,96
815727778,non_human,0.996,non_human,1,69
815727779,non_human,0.996,non_human,1,96
815727781,human,0.94,human,1,13
815727782,human,0.907,human,1,2
815727783,non_human,0.996,unknown,1,96
815727785,non_human,0.996,non_human,1,96
815727786,human,0.913,human,1,3
815727787,non_human,0.996,non_human,1,96
815727789,non_human,0.996,non_human,1,69
815727790,human,0.936,human,1,6
815727791,non_human,0.996,non_human,1,96
815727792,human,0.907,non_human,1,6
815727793,human,0.936,unknown,1,8
815727798,non_human,0.996,unknown,1,96
815727799,human,0.936,human,1,8
815727800,human,0.913,human,1,4
815727805,human,0.956,human,1,22
815727806,human,0.907,human,1,6
815727807,human,0.913,human,1,4
815727810,human,0.907,human,1,6
815727811,human,0.907,human,1,5
815727812,human,0.913,human,1,2
815727813,non_human,0.996,non_human,1,88
815727814,human,0.936,human,1,8
815727815,human,0.922,human,1,6
815727818,human,0.956,human,1,10
815727820,human,0.922,human,1,10
815727821,human,0.938,human,1,7
815727824,human,0.938,non_human,1,7
815727829,human,0.94,human,1,19
815727832,human,0.922,non_human,1,8
815727834,human,0.907,human,1,6
815727835,non_human,0.996,non_human,1,96
815727836,human,0.907,human,1,6
815727838,non_human,0.996,non_human,1,96
815727840,non_human,0.996,non_human,1,96
815727841,non_human,0.996,non_human,1,96
815727842,human,0.938,human,1,9
815727845,non_human,0.996,non_human,1,96
815727846,non_human,0.996,non_human,1,96
815727847,human,0.907,human,1,5
815727848,non_human,0.996,non_human,1,88
815727849,non_human,0.996,non_human,1,96
815727850,non_human,0.996,unknown,1,81
815727851,non_human,0.996,non_human,1,96
815727854,human,0.956,human,1,20
815727855,human,0.913,human,1,4
815727856,non_human,0.996,non_human,1,96
815727857,human,0.94,human,1,17
815727858,non_human,0.996,non_human,1,81
815727859,non_human,0.996,non_human,1,88
815727860,non_human,0.996,non_human,1,81
815727861,human,0.907,human,1,6
815727862,non_human,0.996,non_human,1,69
815727863,non_human,0.996,non_human,1,81
815727864,non_human,0.996,non_human,1,69
815727865,human,0.913,human,1,2
815727868,human,0.956,human,1,15
815727870,non_human,0.996,non_human,1,96
815727872,non_human,0.996,non_human,1,96
815727874,non_human,0.996,non_human,1,88
815727875,human,0.956,human,1,35
815727879,non_human,0.996,non_human,1,69
815727880,human,0.94,human,1,18
815727882,non_human,0.996,non_human,1,88
815727884,human,0.938,human,1,7
815727889,human,0.907,human,1,6
815727890,human,0.94,human,1,17
815727892,human,0.956,human,1,10
815727895,human,0.913,non_human,1,2
815727899,human,0.913,human,1,3
815727903,non_human,0.943,human,1,7
815727907,human,0.913,human,1,4
815727908,non_human,0.996,non_human,1,96
815727910,human,0.947,human,1,16
815727916,non_human,0.924,non_human,1,1
815727917,non_human,0.996,non_human,1,96
815727919,human,0.937,human,1,7
815727921,human,0.922,human,1,8
815727922,non_human,0.967,non_human,1,37
815727923,non_human,0.996,non_human,1,96
815727926,human,0.956,non_human,1,22
815727928,human,0.913,human,1,4
815727933,non_human,0.996,non_human,1,96
815727936,human,0.909,unknown,1,6
815727939,non_human,0.996,non_human,1,88
815727940,human,0.94,human,1,11
815727941,non_human,0.996,non_human,1,96
815727942,human,0.94,human,1,17
815727943,human,0.913,human,1,1
815727944,non_human,0.996,non_human,1,96
815727947,non_human,0.996,non_human,1,96
815727948,non_human,0.996,non_human,1,88
815727949,non_human,0.996,non_human,1,96
815727951,human,0.907,human,1,6
815727952,non_human,0.996,non_human,1,96
815727953,non_human,0.996,non_human,1,96
815727955,non_human,0.996,non_human,1,96
815727956,human,0.94,human,1,15
815727957,non_human,0.996,non_human,1,88
815727958,non_human,0.996,non_human,1,96
815727960,non_human,0.996,non_human,1,88
815727963,non_human,0.996,unknown,1,96
815727964,non_human,0.996,non_human,1,69
815727965,human,0.909,human,1,1
815727966,human,0.907,human,1,6
815727968,human,0.947,human,1,13
815727969,non_human,0.996,non_human,1,88
815727971,human,0.956,human,1,7
815727973,non_human,0.996,non_human,1,81
815727977,non_human,0.996,non_human,1,96
815727978,human,0.913,human,1,1
815727986,non_human,0.996,unknown,1,96
815727987,human,0.947,human,1,10
815727988,human,0.913,human,1,2
815727989,human,0.956,human,1,35
815727990,non_human,0.996,non_human,1,96
815727993,human,0.936,human,1,8
815727996,human,0.956,human,1,15
815727998,human,0.913,human,1,1
815728000,human,0.94,human,1,21
815728002,human,0.938,human,1,6
815728003,non_human,0.996,non_human,1,74
815728004,non_human,0.996,non_human,1,88
815728006,non_human,0.996,non_human,1,88
815728007,non_human,0.996,non_human,1,96
815728010,non_human,0.996,non_human,1,96
815728011,non_human,0.996,non_human,1,69
815728012,non_human,0.996,non_human,1,96
815728013,human,0.913,human,1,1
815728014,non_human,0.996,non_human,1,69
815728016,non_human,0.996,non_human,1,88
815728017,non_human,0.996,non_human,1,96
815728020,human,0.907,non_human,1,6
815728022,non_human,0.996,non_human,1,96
815728023,human,0.956,non_human,1,37
815728024,non_human,0.996,non_human,1,69
815728025,human,0.94,human,1,19
815728026,non_human,0.996,non_human,1,96
815728029,human,0.956,human,1,7
815728042,human,0.956,human,1,18
815728044,non_human,0.996,non_human,1,96
815728046,non_human,0.901,human,1,1
815728049,non_human,0.996,unknown,1,96
815728050,human,0.956,human,1,19
815728055,human,0.913,human,1,1
815728056,human,0.922,human,1,8
815728057,human,0.907,non_human,1,5
815728058,non_human,0.996,non_human,1,69
815728059,non_human,0.996,non_human,1,96
815728063,human,0.956,human,1,13
815728064,human,0.907,human,1,2
815728066,non_human,0.996,non_human,1,96
815728067,non_human,0.901,non_human,1,1
815728068,human,0.913,human,1,2
815728069,human,0.907,human,1,6
815728070,human,0.956,unknown,1,13
815728071,human,0.907,human,1,6
815728073,human,0.937,human,1,7
815728076,human,0.913,human,1,2
815728078,non_human,0.996,non_human,1,96
815728079,non_human,0.996,non_human,1,96
815728080,non_human,0.996,non_human,1,96
815728081,human,0.913,non_human,1,4
815728085,human,0.94,human,1,19
815728087,non_human,0.996,non_human,1,96
815728088,human,0.936,human,1,8
815728090,human,0.922,human,1,8
815728091,non_human,0.996,non_human,1,69
815728092,non_human,0.996,non_human,1,88
815728093,non_human,0.996,unknown,1,96
815728094,non_human,0.996,non_human,1,96
815728095,non_human,0.996,non_human,1,96
815728097,human,0.922,human,1,8
815728098,human,0.913,non_human,1,3
815728101,human,0.936,human,1,5
815728102,non_human,0.996,unknown,1,96
815728103,non_human,0.996,non_human,1,96
815728106,human,0.945,human,1,9
815728107,non_human,0.996,non_human,1,88
815728108,non_human,0.996,non_human,1,96
815728112,non_human,0.996,unknown,1,96
815728113,non_human,0.996,non_human,1,96
815728114,non_human,0.996,non_human,1,69
815728116,human,0.922,human,1,10
815728117,non_human,0.996,non_human,1,69
815728119,human,0.922,human,1,8
815728121,human,0.956,human,1,10
815728122,human,0.956,human,1,35
815728124,human,0.94,human,1,20
815728125,human,0.938,non_human,1,2
815728126,non_human,0.996,unknown,1,96
815728128,human,0.913,human,1,4
815728132,human,0.937,human,1,7
815728133,human,0.936,human,1,6
815728136,human,0.956,human,1,7
815728138,human,0.922,human,1,8
815728139,non_human,0.925,non_human,1,3
815728140,human,0.907,human,1,6
815728141,human,0.907,human,1,6
815728142,human,0.907,human,1,6
815728143,non_human,0.996,non_human,1,96
815728147,human,0.94,human,1,13
815728150,human,0.909,human,1,5
815728151,non_human,0.996,unknown,1,96
815728153,non_human,0.996,non_human,1,69
815728154,non_human,0.996,non_human,1,96
815728155,non_human,0.996,non_human,1,96
815728156,non_human,0.996,unknown,1,96
815728157,non_human,0.996,non_human,1,69
815728158,human,0.936,human,1,8
815728159,non_human,0.996,non_human,1,88
815728160,non_human,0.996,non_human,1,96
815728165,human,0.909,human,1,6
815728170,non_human,0.996,non_human,1,96
815728171,human,0.913,human,1,4
815728172,human,0.909,non_human,1,1
815728174,non_human,0.996,non_human,1,96
815728175,non_human,0.996,non_human,1,88
815728176,human,0.909,human,1,5
815728179,non_human,0.996,non_human,1,88
815728180,non_human,0.996,non_human,1,96
815728181,non_human,0.996,non_human,1,88
815728182,non_human,0.996,non_human,1,96
815728183,non_human,0.996,non_human,1,96
815728185,human,0.922,human,1,8
815728186,human,0.938,human,1,4
815728187,human,0.956,human,1,16
815728191,non_human,0.996,unknown,1,96
815728192,non_human,0.996,non_human,1,96
815728194,non_human,0.996,non_human,1,69
815728195,non_human,0.996,non_human,1,96
815728196,human,0.907,human,1,2
815728199,human,0.907,human,1,2
815728203,non_human,0.996,non_human,1,96
815728204,human,0.907,human,1,5
815728205,non_human,0.951,human,1,2
815728206,non_human,0.996,non_human,1,69
815728208,human,0.94,human,1,20
815728209,human,0.907,human,1,2
815728213,non_human,0.996,non_human,1,96
815728214,human,0.913,human,1,2
815728215,human,0.907,unknown,1,5
815728216,human,0.907,human,1,6
815728218,human,0.913,human,1,4
815728223,human,0.907,human,1,2
815728228,non_human,0.996,non_human,1,88
815728230,non_human,0.996,non_human,1,69
815728232,human,0.907,human,1,5
815728240,non_human,0.996,non_human,1,96
815728241,human,0.956,human,1,7
815728244,human,0.94,human,1,17
815728245,non_human,0.996,non_human,1,96
815728246,human,0.922,human,1,8
815728248,human,0.956,human,1,12
815728249,non_human,0.996,non_human,1,96
815728251,non_human,0.996,non_human,1,96
815728253,human,0.94,human,1,20
815728255,non_human,0.996,unknown,1,96
815728256,non_human,0.996,non_human,1,96
815728257,non_human,0.996,non_human,1,96
815728258,non_human,0.996,non_human,1,88
815728259,non_human,0.996,non_human,1,96
815728260,non_human,0.996,unknown,1,96
815728261,non_human,0.996,non_human,1,96
815728263,human,0.94,human,1,18
815728270,human,0.956,human,1,10
815728271,human,0.956,human,1,12
815728272,human,0.913,human,1,1
815728274,non_human,0.996,non_human,1,88
815728275,human,0.94,human,1,13
815728277,non_human,0.996,non_human,1,96
815728278,non_human,0.996,non_human,1,81
815728279,non_human,0.996,non_human,1,96
815728280,non_human,0.996,non_human,1,69
815728281,non_human,0.996,non_human,1,69
815728284,human,0.922,human,1,7
815728285,human,0.94,non_human,1,19
815728286,human,0.956,non_human,1,7
815728291,human,0.956,human,1,16
815728295,human,0.909,non_human,1,8
815728296,human,0.913,human,1,1
815728297,human,0.909,human,1,5
815728298,human,0.913,human,1,3
815728299,human,0.944,human,1,9
815728300,human,0.956,human,1,16
815728301,human,0.909,human,1,6
815728303,non_human,0.996,non_human,1,69
815728305,non_human,0.996,non_human,1,96
815728306,non_human,0.996,non_human,1,96
815728307,non_human,0.996,non_human,1,96
815728311,non_human,0.942,non_human,1,5
815728312,non_human,0.996,non_human,1,96
815728315,human,0.956,human,1,13
815728318,non_human,0.954,non_human,1,37
815728322,non_human,0.996,non_human,1,96
815728323,non_human,0.996,non_human,1,96
815728324,non_human,0.996,non_human,1,96
815728325,non_human,0.996,non_human,1,69
815728327,human,0.956,human,1,16
815728328,non_human,0.996,non_human,1,96
815728329,non_human,0.996,non_human,1,69
815728330,non_human,0.996,unknown,1,88
815728333,non_human,0.996,non_human,1,96
815728334,non_human,0.996,non_human,1,88
815728335,human,0.956,human,1,16
815728341,human,0.94,human,1,16
815728345,human,0.907,human,1,8
815728349,human,0.956,human,1,8
815728352,human,0.913,human,1,1
815728354,non_human,0.996,human,1,96
815728357,non_human,0.996,non_human,1,69
815728358,human,0.956,human,1,18
815728362,human,0.922,unknown,1,8
815728363,human,0.922,non_human,1,8
815728364,non_human,0.958,human,1,29
815728366,non_human,0.924,non_human,1,1
815728368,human,0.907,human,1,6
815728369,human,0.94,human,1,19
815728376,human,0.956,human,1,16
815728378,human,0.913,human,1,4
815728380,human,0.909,human,1,6
815728382,human,0.947,human,1,13
815728385,human,0.956,human,1,16
815728386,human,0.913,human,1,4
815728387,non_human,0.996,non_human,1,96
815728388,human,0.956,human,1,17
815728390,human,0.94,non_human,1,19
815728391,human,0.922,human,1,8
815728393,non_human,0.996,non_human,1,96
815728394,human,0.94,human,1,19
815728395,human,0.907,human,1,2
815728396,human,0.907,human,1,2
815728397,non_human,0.996,non_human,1,96
815728398,human,0.947,human,1,10
815728399,human,0.94,human,1,19
815728403,human,0.913,human,1,2
815728405,non_human,0.996,non_human,1,88
815728406,non_human,0.996,non_human,1,81
815728407,non_human,0.996,non_human,1,69
815728414,non_human,0.996,unknown,1,96
815728415,non_human,0.996,non_human,1,81
815728416,human,0.907,unknown,1,5
815728418,non_human,0.996,non_human,1,96
815728421,non_human,0.924,human,1,2
815728424,human,0.913,human,1,3
815728425,non_human,0.996,non_human,1,88
815728426,non_human,0.996,non_human,1,96
815728429,non_human,0.996,unknown,1,96
815728430,human,0.936,human,1,6
815728432,non_human,0.996,non_human,1,96
815728433,human,0.913,human,1,4
815728434,human,0.913,human,1,4
815728435,non_human,0.996,non_human,1,96
815728436,non_human,0.996,non_human,1,88
815728437,non_human,0.996,non_human,1,88
815728438,human,0.913,human,1,4
815728444,non_human,0.942,non_human,1,22
815728445,non_human,0.996,unknown,1,96
815728448,non_human,0.954,human,1,37
815728450,human,0.907,human,1,2
815728451,human,0.913,human,1,2
815728452,non_human,0.996,non_human,1,96
815728454,human,0.94,human,1,16
815728457,non_human,0.996,non_human,1,88
815728458,human,0.956,human,1,13
815728460,non_human,0.996,non_human,1,88
815728461,human,0.94,non_human,1,19
815728463,non_human,0.996,non_human,1,88
815728467,non_human,0.996,non_human,1,96
815728472,non_human,0.996,non_human,1,96
815728473,non_human,0.996,non_human,1,96
815728474,non_human,0.996,non_human,1,96
815728476,human,0.909,human,1,6
815728477,human,0.907,human,1,2
815728478,non_human,0.996,non_human,1,96
815728482,human,0.907,human,1,6
815728485,human,0.956,human,1,17
815728486,non_human,0.996,non_human,1,96
815728487,non_human,0.996,non_human,1,96
815728488,non_human,0.996,unknown,1,96
815728489,human,0.909,human,1,8
815728490,human,0.956,human,1,14
815728491,non_human,0.996,non_human,1,81
815728493,human,0.922,human,1,8
815728495,non_human,0.967,human,1,46
815728496,non_human,0.996,non_human,1,96
815728497,non_human,0.996,non_human,1,96
815728498,non_human,0.996,non_human,1,88
815728499,non_human,0.996,non_human,1,96
815728500,human,0.956,human,1,24
815728501,non_human,0.996,non_human,1,96
815728502,non_human,0.996,non_human,1,96
815728503,human,0.913,human,1,2
815728505,human,0.938,unknown,1,7
815728507,human,0.907,human,1,2
815728510,non_human,0.996,unknown,1,88
815728512,human,0.913,human,1,1
815728513,non_human,0.996,non_human,1,69
815728516,non_human,0.996,non_human,1,96
815728517,non_human,0.996,unknown,1,96
815728520,non_human,0.996,non_human,1,96
815728523,human,0.913,human,1,4
815728524,non_human,0.996,non_human,1,88
815728526,non_human,0.954,unknown,1,37
815728527,non_human,0.996,unknown,1,96
815728529,human,0.909,human,1,1
815728530,human,0.956,human,1,21
815728532,human,0.956,human,1,20
815728533,human,0.907,human,1,2
815728534,human,0.913,human,1,3
815728537,human,0.94,human,1,20
815728546,human,0.922,unknown,1,8
815728547,human,0.913,human,1,4
815728548,human,0.913,human,1,3
815728549,non_human,0.996,non_human,1,69
815728550,non_human,0.996,non_human,1,96
815728551,non_human,0.996,non_human,1,69
815728556,non_human,0.996,non_human,1,96
815728558,human,0.922,human,1,8
815728559,non_human,0.996,non_human,1,96
815728560,non_human,0.996,non_human,1,96
815728562,non_human,0.996,unknown,1,96
815728563,non_human,0.996,non_human,1,88
815728564,non_human,0.996,non_human,1,96
815728566,non_human,0.996,unknown,1,96
815728567,non_human,0.996,unknown,1,88
815728568,non_human,0.996,non_human,1,96
815728569,non_human,0.996,non_human,1,96
815728573,non_human,0.996,non_human,1,88
815728578,non_human,0.996,non_human,1,96
815728580,human,0.913,human,1,3
815728581,human,0.947,human,1,13
815728584,non_human,0.996,non_human,1,96
815728585,human,0.909,human,1,6
815728587,non_human,0.996,unknown,1,81
815728588,non_human,0.996,unknown,1,96
815728589,human,0.913,human,1,3
815728590,non_human,0.996,non_human,1,96
815728592,human,0.922,human,1,8
815728593,human,0.956,unknown,1,6
815728594,non_human,0.996,non_human,1,88
815728596,non_human,0.996,non_human,1,96
815728599,human,0.922,human,1,8
815728600,human,0.937,human,1,3
815728604,human,0.913,human,1,1
815728607,human,0.907,human,1,2
815728608,human,0.913,human,1,2
815728612,human,0.913,human,1,4
815728613,human,0.913,human,1,2
815728616,human,0.922,human,1,10
815728617,human,0.94,human,1,17
815728618,human,0.913,human,1,3
815728619,human,0.909,human,1,6
815728620,human,0.956,human,1,23
815728621,human,0.913,human,1,3
815728622,non_human,0.996,non_human,1,69
815728623,human,0.956,human,1,8
815728626,non_human,0.996,non_human,1,96
815728627,non_human,0.996,non_human,1,96
815728628,non_human,0.996,non_human,1,96
815728630,non_human,0.996,non_human,1,96
815728632,non_human,0.996,non_human,1,96
815728633,non_human,0.996,non_human,1,96
815728637,human,0.94,human,1,13
815728640,human,0.936,unknown,1,8
815728641,non_human,0.996,non_human,1,96
815728642,non_human,0.924,non_human,1,1
815728645,non_human,0.996,non_human,1,96
815728646,non_human,0.996,non_human,1,96
815728649,non_human,0.996,non_human,1,88
815728650,non_human,0.996,non_human,1,69
815728654,non_human,0.996,unknown,1,96
815728655,non_human,0.996,non_human,1,88
815728656,non_human,0.996,non_human,1,88
815728658,non_human,0.996,non_human,1,88
815728659,non_human,0.996,unknown,1,96
815728660,non_human,0.954,human,1,37
815728663,non_human,0.996,unknown,1,96
815728667,non_human,0.996,unknown,1,96
815728668,human,0.907,human,1,6
815728669,non_human,0.996,unknown,1,96
815728673,non_human,0.996,non_human,1,88
815728678,human,0.913,human,1,3
815728679,human,0.907,human,1,7
815728680,human,0.94,non_human,1,19
815728681,human,0.909,human,1,6
815728683,human,0.913,human,1,2
815728684,human,0.936,human,1,8
815728685,human,0.907,human,1,6
815728691,non_human,0.996,non_human,1,96
815728692,non_human,0.924,non_human,1,1
815728693,human,0.937,human,1,7
815728694,human,0.907,human,1,5
815728695,non_human,0.996,non_human,1,96
815728698,non_human,0.996,unknown,1,96
815728699,non_human,0.996,unknown,1,96
815728701,human,0.956,human,1,16
815728703,human,0.913,human,1,4
815728705,non_human,0.996,non_human,1,88
815728709,human,0.956,human,1,16
815728710,non_human,0.996,non_human,1,96
815728712,non_human,0.996,unknown,1,69
815728713,human,0.94,unknown,1,19
815728714,non_human,0.996,non_human,1,96
815728715,human,0.913,human,1,2
815728718,human,0.907,human,1,5
815728719,non_human,0.958,human,1,29
815728725,human,0.922,human,1,8
815728726,human,0.907,human,1,6
815728728,non_human,0.996,non_human,1,69
815728730,human,0.907,human,1,5
815728732,non_human,0.996,non_human,1,96
815728733,non_human,0.996,non_human,1,96
815728735,non_human,0.996,non_human,1,96
815728736,non_human,0.996,non_human,1,96
815728737,non_human,0.996,unknown,1,88
815728738,non_human,0.996,non_human,1,88
815728741,non_human,0.996,non_human,1,88
815728743,human,0.922,human,1,7
815728744,human,0.907,human,1,6
815728748,non_human,0.996,non_human,1,96
815728750,non_human,0.996,unknown,1,96
815728751,non_human,0.996,non_human,1,96
815728754,non_human,0.996,non_human,1,96
815728755,non_human,0.996,non_human,1,96
815728756,non_human,0.996,unknown,1,96
815728757,non_human,0.996,unknown,1,96
815728758,non_human,0.954,unknown,1,37
815728759,non_human,0.996,non_human,1,96
815728760,human,0.947,human,1,13
815728762,human,0.956,human,1,27
815728765,human,0.922,non_human,1,8
815728770,human,0.956,human,1,16
815728771,human,0.922,human,1,5
815728774,human,0.956,human,1,16
815728775,human,0.909,human,1,6
815728777,human,0.94,human,1,17
815728778,human,0.94,unknown,1,17
815728779,human,0.907,human,1,2
815728780,non_human,0.996,non_human,1,96
815728785,non_human,0.924,non_human,1,1
815728790,human,0.909,non_human,1,6
815728791,human,0.94,human,1,20
815728792,human,0.922,human,1,8
815728793,human,0.956,human,1,22
815728794,human,0.907,human,1,5
815728795,human,0.909,unknown,1,6
815728798,human,0.909,human,1,6
815728799,human,0.947,human,1,13
815728801,human,0.94,human,1,18
815728803,human,0.94,human,1,13
815728804,human,0.913,human,1,4
815728805,human,0.938,human,1,7
815728807,human,0.94,human,1,19
815728808,human,0.937,human,1,7
815728809,non_human,0.913,human,1,1
815728812,human,0.909,human,1,8
815728813,non_human,0.996,non_human,1,96
815728817,human,0.907,human,1,6
815728818,human,0.933,human,1,3
815728821,human,0.907,human,1,6
815728822,human,0.913,human,1,4
815728823,non_human,0.996,non_human,1,74
815728824,non_human,0.996,non_human,1,96
815728825,human,0.907,human,1,6
815728826,human,0.907,human,1,6
815728827,human,0.956,human,1,10
815728828,human,0.907,human,1,2
815728829,non_human,0.996,non_human,1,88
815728831,human,0.907,human,1,6
815728832,non_human,0.996,non_human,1,96
815728834,non_human,0.996,non_human,1,96
815728835,non_human,0.996,non_human,1,96
815728838,human,0.913,human,1,4
815728839,non_human,0.996,non_human,1,96
815728841,human,0.956,human,1,12
815728845,non_human,0.996,non_human,1,88
815728846,non_human,0.996,non_human,1,88
815728855,non_human,0.996,non_human,1,69
815728856,non_human,0.996,non_human,1,96
815728857,non_human,0.996,unknown,1,69
815728858,non_human,0.996,non_human,1,96
815728861,non_human,0.996,non_human,1,88
815728862,non_human,0.996,unknown,1,88
815728863,non_human,0.996,non_human,1,96
815728864,human,0.956,human,1,14
815728866,non_human,0.996,unknown,1,96
815728867,non_human,0.996,non_human,1,96
815728869,human,0.947,human,1,13
815728870,non_human,0.996,non_human,1,96
815728872,non_human,0.996,non_human,1,88
815728876,human,0.922,human,1,8
815728877,human,0.94,human,1,20
815728878,human,0.956,human,1,16
815728882,non_human,0.924,non_human,1,1
815728884,human,0.944,human,1,6
815728888,human,0.922,human,1,6
815728891,human,0.936,human,1,6
815728897,human,0.907,non_human,1,2
815728898,human,0.94,human,1,20
815728899,human,0.956,human,1,18
815728901,non_human,0.996,non_human,1,69
815728908,human,0.938,human,1,4
815728911,non_human,0.996,non_human,1,88
815728912,human,0.909,non_human,1,6
815728913,non_human,0.996,non_human,1,96
815728914,human,0.907,human,1,2
815728915,non_human,0.996,non_human,1,96
815728916,non_human,0.996,non_human,1,88
815728917,human,0.909,human,1,6
815728918,non_human,0.996,non_human,1,96
815728919,non_human,0.996,unknown,1,96
815728922,non_human,0.996,non_human,1,56
815728924,human,0.922,non_human,1,6
815728925,non_human,0.996,non_human,1,69
815728926,human,0.956,human,1,10
815728927,human,0.922,human,1,8
815728928,human,0.94,human,1,17
815728929,non_human,0.996,non_human,1,96
815728930,human,0.94,human,1,17
815728932,non_human,0.996,non_human,1,96
815728933,non_human,0.996,non_human,1,96
815728936,non_human,0.996,non_human,1,96
815728937,non_human,0.901,human,1,1
815728938,non_human,0.996,non_human,1,96
815728939,non_human,0.996,non_human,1,88
815728940,human,0.907,non_human,1,6
815728941,human,0.956,human,1,29
815728942,non_human,0.996,non_human,1,96
815728943,non_human,0.996,non_human,1,96
815728944,non_human,0.996,non_human,1,96
815728945,non_human,0.996,non_human,1,96
815728947,human,0.913,human,1,6
815728954,human,0.936,unknown,1,8
815728955,human,0.956,human,1,16
815728957,human,0.956,human,1,16
815728959,non_human,0.996,non_human,1,96
815728963,human,0.956,unknown,1,10
815728965,human,0.956,human,1,20
815728966,non_human,0.996,non_human,1,96
815728975,human,0.907,human,1,2
815728976,non_human,0.996,non_human,1,96
815728977,human,0.94,human,1,14
815728979,non_human,0.996,non_human,1,69
815728980,non_human,0.996,unknown,1,96
815728981,non_human,0.996,non_human,1,69
815728983,non_human,0.996,non_human,1,81
815728984,non_human,0.996,unknown,1,96
815728985,non_human,0.996,non_human,1,96
815728986,non_human,0.996,non_human,1,96
815728987,non_human,0.996,non_human,1,96
815728988,non_human,0.996,non_human,1,96
815728989,non_human,0.996,unknown,1,96
815728990,non_human,0.996,non_human,1,96
815728991,human,0.913,human,1,3
815728993,non_human,0.996,non_human,1,96
815728994,human,0.956,human,1,10
815728995,non_human,0.996,non_human,1,88
815728998,human,0.913,human,1,5
815728999,non_human,0.996,non_human,1,96
815729000,human,0.947,human,1,13
815729001,human,0.956,human,1,17
815729006,human,0.907,human,1,5
815729010,human,0.94,human,1,19
815729014,human,0.956,human,1,15
815729017,human,0.907,human,1,6
815729018,non_human,0.996,non_human,1,96
815729019,non_human,0.996,non_human,1,96
815729020,human,0.922,human,1,10
815729022,human,0.907,human,1,2
815729023,human,0.956,human,1,15
815729027,non_human,0.996,non_human,1,81
815729028,human,0.956,human,1,16
815729029,human,0.956,human,1,20
815729030,human,0.913,human,1,3
815729032,non_human,0.996,non_human,1,88
815729033,human,0.947,human,1,13
815729034,non_human,0.996,non_human,1,69
815729037,non_human,0.996,non_human,1,96
815729042,non_human,0.996,non_human,1,88
815729043,human,0.907,unknown,1,6
815729046,non_human,0.996,non_human,1,96
815729047,human,0.907,human,1,5
815729048,human,0.94,human,1,17
815729049,non_human,0.996,unknown,1,96
815729051,non_human,0.924,human,1,3
815729055,non_human,0.996,non_human,1,96
815729056,human,0.936,human,1,8
815729057,non_human,0.996,non_human,1,96
815729058,human,0.909,human,1,6
815729059,non_human,0.996,non_human,1,96
815729060,non_human,0.996,non_human,1,96
815729061,non_human,0.996,non_human,1,88
815729066,non_human,0.996,non_human,1,88
815729067,non_human,0.954,human,1,37
815729069,non_human,0.996,non_human,1,96
815729075,non_human,0.996,human,1,96
815729076,non_human,0.996,non_human,1,81
815729078,non_human,0.996,non_human,1,96
815729079,non_human,0.996,non_human,1,96
815729080,human,0.936,human,1,6
815729081,non_human,0.996,non_human,1,96
815729082,non_human,0.996,non_human,1,96
815729083,human,0.936,human,1,7
815729085,non_human,0.996,non_human,1,96
815729086,non_human,0.996,non_human,1,96
815729087,non_human,0.996,non_human,1,96
815729088,non_human,0.996,non_human,1,96
815729089,non_human,0.996,non_human,1,96
815729090,human,0.956,human,1,10
815729091,human,0.913,human,1,4
815729092,human,0.956,non_human,1,16
815729094,non_human,0.996,non_human,1,69
815729095,non_human,0.996,non_human,1,96
815729097,human,0.956,human,1,21
815729101,human,0.907,human,1,6
815729102,human,0.907,human,1,5
815729103,human,0.907,human,1,5
815729104,human,0.907,human,1,6
815729106,non_human,0.996,non_human,1,69
815729108,human,0.907,non_human,1,5
815729111,non_human,0.996,non_human,1,88
815729112,human,0.94,human,1,18
815729115,non_human,0.996,non_human,1,96
815729117,human,0.94,human,1,19
815729118,human,0.913,unknown,1,3
815729119,non_human,0.996,non_human,1,96
815729120,non_human,0.996,non_human,1,96
815729121,non_human,0.996,unknown,1,96
815729122,human,0.956,human,1,15
815729123,non_human,0.996,non_human,1,88
815729124,human,0.947,human,1,13
815729126,non_human,0.996,non_human,1,96
815729127,human,0.907,human,1,6
815729129,human,0.956,human,1,11
815729131,non_human,0.996,non_human,1,96
815729133,non_human,0.996,non_human,1,88
815729137,human,0.913,non_human,1,3
815729138,human,0.94,unknown,1,17
815729139,non_human,0.996,non_human,1,96
815729140,human,0.907,human,1,6
815729141,non_human,0.996,unknown,1,96
815729142,human,0.945,non_human,1,10
815729143,human,0.907,human,1,2
815729144,human,0.94,human,1,19
815729146,non_human,0.996,non_human,1,96
815729150,human,0.907,human,1,2
815729151,human,0.956,human,1,28
815729154,non_human,0.996,non_human,1,96
815729162,human,0.94,non_human,1,13
815729163,non_human,0.996,non_human,1,96
815729164,non_human,0.996,non_human,1,96
815729165,non_human,0.996,non_human,1,96
815729168,human,0.956,human,1,25
815729170,human,0.913,human,1,5
815729173,human,0.909,human,1,6
815729175,human,0.956,human,1,13
815729176,human,0.909,non_human,1,5
815729178,non_human,0.996,non_human,1,96
815729179,non_human,0.996,non_human,1,96
815729180,human,0.922,human,1,8
815729181,human,0.947,human,1,10
815729183,human,0.909,human,1,1
815729186,human,0.907,human,1,2
815729187,human,0.94,human,1,13
815729188,human,0.94,human,1,16
815729189,human,0.922,human,1,10
815729190,human,0.956,human,1,5
815729191,non_human,0.996,non_human,1,96
815729193,human,0.913,human,1,4
815729195,human,0.956,human,1,33
815729196,human,0.956,human,1,12
815729197,human,0.913,human,1,6
815729199,human,0.907,human,1,6
815729201,human,0.913,non_human,1,2
815729202,human,0.922,human,1,8
815729203,non_human,0.996,non_human,1,88
815729204,non_human,0.996,unknown,1,69
815729205,human,0.956,human,1,35
815729206,human,0.956,human,1,16
815729208,non_human,0.996,non_human,1,88
815729209,non_human,0.996,non_human,1,88
815729210,human,0.907,non_human,1,5
815729212,human,0.913,human,1,4
815729215,human,0.907,human,1,6
815729216,human,0.913,human,1,1
815729217,non_human,0.996,non_human,1,96
815729220,non_human,0.996,unknown,1,69
815729221,non_human,0.996,unknown,1,96
815729222,non_human,0.996,non_human,1,96
815729223,non_human,0.996,non_human,1,96
815729224,non_human,0.996,unknown,1,96
815729225,human,0.94,human,1,19
815729226,human,0.913,human,1,1
815729229,non_human,0.996,non_human,1,96
815729230,human,0.907,human,1,6
815729232,non_human,0.996,non_human,1,96
815729233,non_human,0.996,non_human,1,96
815729234,non_human,0.996,non_human,1,96
815729235,human,0.922,human,1,8
815729236,non_human,0.996,unknown,1,88
815729237,non_human,0.996,non_human,1,96
815729238,non_human,0.996,non_human,1,88
815729239,non_human,0.996,non_human,1,96
815729240,non_human,0.996,unknown,1,96
815729242,human,0.94,human,1,19
815729243,human,0.956,human,1,15
815729244,non_human,0.996,non_human,1,96
815729245,human,0.94,human,1,19
815729247,non_human,0.996,non_human,1,96
815729248,human,0.907,human,1,6
815729251,human,0.909,human,1,6
815729256,human,0.956,human,1,18
815729264,non_human,0.996,non_human,1,96
815729269,human,0.922,human,1,8
815729270,non_human,0.996,non_human,1,96
815729274,non_human,0.996,non_human,1,96
815729275,non_human,0.996,non_human,1,69
815729277,human,0.94,human,1,17
815729279,human,0.936,non_human,1,6
815729284,human,0.907,non_human,1,2
815729291,human,0.907,human,1,6
815729294,human,0.909,human,1,6
815729296,non_human,0.963,human,1,3
815729299,human,0.922,unknown,1,8
815729302,non_human,0.996,non_human,1,96
815729303,human,0.922,non_human,1,8
815729304,non_human,0.996,non_human,1,96
815729307,non_human,0.996,non_human,1,88
815729308,non_human,0.996,non_human,1,69
815729310,human,0.907,non_human,1,5
815729312,human,0.909,human,1,5
815729313,non_human,0.996,non_human,1,81
815729315,non_human,0.996,unknown,1,96
815729316,non_human,0.996,non_human,1,56
815729317,human,0.94,human,1,12
815729318,non_human,0.996,non_human,1,88
815729319,non_human,0.996,non_human,1,96
815729320,human,0.94,human,1,19
815729321,human,0.94,non_human,1,13
815729324,human,0.94,human,1,19
815729328,human,0.913,human,1,4
815729329,human,0.94,human,1,16
815729331,non_human,0.901,human,1,1
815729332,human,0.933,human,1,3
815729335,human,0.907,human,1,6
815729338,non_human,0.996,non_human,1,81
815729339,human,0.909,human,1,6
815729344,human,0.907,human,1,6
815729345,human,0.94,human,1,17
815729346,human,0.907,non_human,1,2
815729347,non_human,0.996,non_human,1,96
815729348,non_human,0.996,non_human,1,96
815729349,non_human,0.996,unknown,1,96
815729351,human,0.907,human,1,6
815729352,non_human,0.996,non_human,1,96
815729353,human,0.94,human,1,18
815729356,human,0.956,human,1,16
815729360,non_human,0.901,non_human,1,1
815729362,human,0.913,human,1,2
815729363,human,0.907,human,1,6
815729365,human,0.956,human,1,29
815729366,human,0.907,human,1,5
815729367,human,0.909,human,1,5
815729369,human,0.922,human,1,8
815729370,human,0.94,human,1,19
815729371,human,0.937,human,1,2
815729374,human,0.909,human,1,1
815729375,human,0.94,human,1,20
815729379,human,0.909,non_human,1,1
815729380,human,0.956,human,1,16
815729381,human,0.947,human,1,13
815729384,human,0.94,human,1,19
815729386,human,0.907,human,1,6
815729388,human,0.94,human,1,14
815729390,human,0.907,human,1,6
815729392,human,0.956,human,1,4
815729393,human,0.913,human,1,4
815729397,human,0.909,human,1,1
815729403,human,0.94,human,1,13
815729404,human,0.956,human,1,25
815729407,non_human,0.942,human,1,3
815729409,human,0.922,non_human,1,8
815729410,human,0.907,human,1,2
815729412,human,0.956,human,1,16
815729413,human,0.94,human,1,19
815729414,human,0.947,human,1,13
815729415,human,0.938,human,1,7
815729425,human,0.956,non_human,1,16
815729430,human,0.909,human,1,6
815729431,human,0.94,human,1,20
815729432,human,0.907,human,1,6
815729433,human,0.936,human,1,6
815729434,human,0.956,human,1,22
815729437,human,0.956,human,1,10
815729440,human,0.956,human,1,4
815729441,non_human,0.913,non_human,1,1
815729445,human,0.94,human,1,20
815729447,human,0.907,human,1,5
815729449,human,0.94,human,1,20
815729451,human,0.913,human,1,4
815729454,human,0.94,human,1,13
815729460,human,0.956,unknown,1,20
815729461,human,0.956,unknown,1,22
815729462,non_human,0.901,non_human,1,1
815729465,human,0.913,unknown,1,1
815729468,human,0.909,human,1,6
815729478,human,0.907,unknown,1,6
815729479,human,0.94,unknown,1,19
815729480,human,0.907,non_human,1,6
815729481,human,0.907,human,1,6
815729483,human,0.94,human,1,17
815729490,human,0.913,human,1,4
815729491,human,0.907,human,1,6
815729492,human,0.913,human,1,1
815729493,human,0.922,human,1,10
815729498,human,0.956,human,1,11
815729499,human,0.94,human,1,19
815729515,human,0.907,human,1,2
815729516,human,0.956,human,1,26
815729517,human,0.913,human,1,3
815729521,human,0.94,human,1,14
815729528,human,0.907,human,1,6
815729529,human,0.94,human,1,19
815729530,human,0.922,human,1,10
815729531,human,0.913,human,1,4
815729533,human,0.956,human,1,20
815729542,human,0.913,human,1,4
815729544,human,0.909,human,1,6
815729545,human,0.913,non_human,1,1
815729548,human,0.956,human,1,16
815729552,human,0.913,human,1,1
815729554,human,0.907,human,1,6
815729559,human,0.909,human,1,6
815729562,human,0.907,human,1,2
815729565,human,0.956,human,1,10
815729567,human,0.913,human,1,4
815729570,human,0.956,human,1,13
815729571,human,0.913,human,1,4
815729575,non_human,0.967,human,1,46
815729577,human,0.947,non_human,1,13
815729585,human,0.913,human,1,2
815729587,human,0.936,human,1,6
815729588,human,0.94,non_human,1,19
815729589,human,0.907,unknown,1,6
815729593,human,0.956,human,1,4
815729595,human,0.907,human,1,2
815729597,human,0.907,non_human,1,2
815729600,human,0.956,human,1,33
815729601,human,0.956,human,1,17
815729602,human,0.922,human,1,8
815729605,non_human,0.954,human,1,37
815729606,human,0.956,human,1,12
815729609,human,0.913,human,1,6
815729612,human,0.956,human,1,16
815729615,human,0.922,human,1,7
815729619,human,0.913,human,1,4
815729622,human,0.907,human,1,7
815729629,human,0.907,human,1,8
815729630,human,0.956,human,1,12
815729632,human,0.909,human,1,1
815729633,human,0.922,non_human,1,10
815729635,human,0.907,human,1,6
815729640,human,0.956,human,1,21
815729641,human,0.938,human,1,4
815729642,human,0.909,human,1,1
815729643,human,0.956,human,1,13
815729644,human,0.956,human,1,18
815729645,human,0.956,human,1,33
815729653,human,0.907,non_human,1,2
815729654,human,0.956,human,1,22
815729657,human,0.913,human,1,1
815729658,human,0.909,human,1,1
815729663,human,0.94,human,1,20
815729668,human,0.907,unknown,1,6
815729669,non_human,0.928,human,1,3
815729670,non_human,0.901,non_human,1,1
815729674,non_human,0.924,non_human,1,1
815729676,human,0.956,human,1,11
815729683,human,0.922,non_human,1,8
815729687,human,0.956,human,1,22
815729688,human,0.907,human,1,6
815729691,human,0.913,non_human,1,2
815729693,human,0.956,human,1,13
815729694,human,0.956,human,1,16
815729696,human,0.922,human,1,8
815729699,human,0.938,human,1,7
815729703,non_human,0.967,human,1,29
815729704,human,0.94,human,1,20
815729707,human,0.94,human,1,19
815729709,human,0.938,non_human,1,7
815729711,human,0.907,human,1,5
815729713,human,0.956,human,1,22
815729715,human,0.947,human,1,13
815729716,human,0.907,non_human,1,2
815729717,human,0.907,human,1,6
815729719,human,0.907,human,1,6
815729721,human,0.913,human,1,4
815729725,human,0.936,human,1,5
815729726,human,0.913,human,1,4
815729732,human,0.909,non_human,1,1
815729735,human,0.94,human,1,19
815729737,human,0.94,human,1,19
815729738,human,0.956,human,1,4
815729742,human,0.922,human,1,8
815729743,non_human,0.901,human,1,1
815729744,human,0.913,human,1,2
815729747,human,0.922,human,1,8
815729751,human,0.907,human,1,5
815729753,human,0.956,human,1,16
815729754,human,0.956,human,1,13
815729756,human,0.907,human,1,5
815729766,human,0.913,human,1,2
815729767,non_human,0.967,human,1,22
815729768,non_human,0.924,non_human,1,1
815729770,human,0.907,non_human,1,6
815729775,human,0.94,human,1,19
815729778,human,0.956,human,1,20
815729781,human,0.94,human,1,11
815729786,non_human,0.901,non_human,1,1
815729804,human,0.922,human,1,8
815729807,human,0.956,human,1,12
815729808,non_human,0.954,human,1,37
815729818,human,0.94,human,1,22
815729819,human,0.94,human,1,17
815729820,human,0.909,unknown,1,6
815729821,human,0.913,human,1,3
815729825,human,0.907,human,1,6
815729826,non_human,0.943,non_human,1,7
815729830,human,0.956,human,1,4
815729831,human,0.907,human,1,2
815729832,human,0.956,human,1,14
815729834,human,0.907,human,1,6
815729836,human,0.945,human,1,6
815729837,human,0.909,human,1,1
815729845,human,0.956,human,1,22
815729847,human,0.938,human,1,9
815729848,human,0.956,human,1,27
815729849,human,0.913,human,1,1
815729854,human,0.909,human,1,1
815729856,human,0.907,non_human,1,2
815729860,human,0.913,human,1,4
815729862,human,0.956,human,1,12
815729867,human,0.94,human,1,18
815729871,human,0.956,human,1,14
815729872,human,0.956,human,1,13
815729878,human,0.922,human,1,10
815729886,human,0.956,human,1,16
815729887,human,0.936,unknown,1,6
815729890,human,0.909,human,1,6
815729892,human,0.94,human,1,20
815729894,human,0.94,human,1,17
815729897,human,0.938,non_human,1,7
815729899,human,0.922,human,1,8
815729904,human,0.956,human,1,16
815729906,human,0.907,human,1,6
815729907,non_human,0.924,non_human,1,1
815729915,human,0.938,human,1,7
815729922,human,0.94,human,1,19
815729924,human,0.909,human,1,6
815729926,non_human,0.992,human,1,53
815729928,human,0.922,human,1,8
815729933,human,0.907,human,1,6
815729935,human,0.922,unknown,1,10
815729937,human,0.907,human,1,5
815729943,human,0.956,human,1,13
815729944,human,0.922,non_human,1,8
815729946,non_human,0.967,human,1,46
815729947,human,0.907,human,1,8
815729951,human,0.922,human,1,8
815729957,human,0.922,human,1,6
815729960,human,0.922,human,1,8
815729963,human,0.937,human,1,7
815729965,human,0.94,non_human,1,19
815729966,human,0.956,human,1,19
815729967,human,0.956,human,1,16
815729969,human,0.938,human,1,7
815729970,human,0.94,human,1,19
815729975,human,0.922,human,1,8
815729976,human,0.907,human,1,6
815729979,human,0.956,human,1,16
815729980,human,0.94,human,1,11
815729981,human,0.909,non_human,1,1
815729982,non_human,0.924,human,1,1
815729983,non_human,0.901,human,1,1
815729984,human,0.907,human,1,6
815729986,human,0.956,human,1,21
815729987,human,0.907,human,1,6
815729988,human,0.922,non_human,1,6
815729989,human,0.913,human,1,1
815729990,human,0.956,human,1,16
815729991,human,0.907,human,1,6
815729997,human,0.907,human,1,5
815729998,human,0.956,human,1,22
815730014,human,0.907,human,1,6
815730016,human,0.913,human,1,4
815730018,human,0.922,human,1,6
815730020,human,0.922,human,1,8
815730025,human,0.956,human,1,22
815730029,human,0.922,unknown,1,6
815730030,human,0.907,human,1,6
815730033,human,0.907,human,1,6
815730036,human,0.907,human,1,6
815730040,human,0.907,human,1,6
815730041,human,0.907,human,1,6
815730044,human,0.922,human,1,10
815730046,human,0.956,human,1,13
815730047,human,0.922,human,1,8
815730048,human,0.94,human,1,20
815730050,human,0.907,human,1,5
815730052,human,0.938,human,1,4
815730053,human,0.913,human,1,3
815730054,human,0.922,unknown,1,8
815730055,human,0.956,human,1,12
815730057,human,0.907,unknown,1,5
815730058,human,0.909,human,1,6
815730060,human,0.956,human,1,10
815730075,human,0.956,human,1,21
815730077,human,0.909,human,1,6
815730078,human,0.956,human,1,22
815730085,human,0.907,human,1,6
815730096,human,0.94,human,1,19
815730100,human,0.907,human,1,6
815730101,human,0.936,human,1,6
815730102,non_human,0.992,human,1,71
815730103,human,0.956,human,1,15
815730107,human,0.909,human,1,6
815730108,human,0.909,non_human,1,6
815730110,human,0.94,human,1,19
815730111,human,0.938,human,1,6
815730115,human,0.922,human,1,8
815730117,human,0.909,human,1,6
815730122,human,0.907,human,1,6
815730124,human,0.956,human,1,16
815730126,non_human,0.901,non_human,1,1
815730127,human,0.947,human,1,13
815730129,human,0.94,human,1,19
815730130,human,0.913,non_human,1,1
815730131,human,0.909,human,1,6
815730132,non_human,0.924,human,1,2
815730133,human,0.907,human,1,6
815730135,human,0.94,human,1,19
815730139,human,0.913,human,1,4
815730145,human,0.907,human,1,6
815730148,human,0.956,human,1,10
815730149,human,0.94,human,1,13
815730151,human,0.907,human,1,6
815730155,human,0.956,human,1,6
815730159,human,0.907,non_human,1,6
815730160,human,0.937,human,1,7
815730161,human,0.956,human,1,22
815730164,human,0.922,human,1,8
815730167,human,0.907,non_human,1,6
815730168,human,0.909,human,1,6
815730176,human,0.913,human,1,1
815730178,human,0.94,human,1,19
815730181,human,0.907,human,1,2
815730182,human,0.907,human,1,2
815730184,human,0.907,human,1,6
815730185,human,0.956,human,1,35
815730186,human,0.907,human,1,5
815730189,human,0.956,human,1,17
815730191,human,0.907,human,1,6
815730195,human,0.956,human,1,15
815730199,human,0.94,human,1,13
815730202,human,0.913,human,1,2
815730203,human,0.936,human,1,8
815730205,human,0.907,human,1,6
815730207,human,0.909,non_human,1,5
815730209,human,0.907,human,1,6
815730210,human,0.94,human,1,21
815730212,human,0.907,human,1,6
815730217,human,0.907,human,1,6
815730222,non_human,0.991,human,1,16
815730226,human,0.913,human,1,3
815730228,human,0.922,human,1,7
815730230,human,0.909,human,1,1
815730235,human,0.94,human,1,20
815730237,human,0.909,human,1,1
815730238,human,0.907,human,1,5
815730242,human,0.913,human,1,2
815730245,non_human,0.954,unknown,1,37
815730251,human,0.94,human,1,19
815730252,human,0.909,human,1,1
815730254,human,0.94,human,1,16
815730262,human,0.913,non_human,1,4
815730268,human,0.907,human,1,2
815730278,human,0.907,human,1,6
815730279,human,0.956,human,1,16
815730283,human,0.913,human,1,2
815730289,non_human,0.967,non_human,1,46
815730290,human,0.913,human,1,2
815730294,human,0.956,human,1,7
815730295,human,0.956,human,1,12
815730296,human,0.907,human,1,6
815730300,human,0.907,human,1,6
815730301,human,0.907,human,1,6
815730302,human,0.907,unknown,1,4
815730305,human,0.936,human,1,7
815730307,human,0.94,human,1,18
815730308,non_human,0.967,human,1,37
815730310,human,0.945,human,1,10
815730313,human,0.907,unknown,1,6
815730314,human,0.956,human,1,20
815730315,human,0.909,human,1,6
815730316,human,0.94,human,1,19
815730317,human,0.956,unknown,1,11
815730318,human,0.956,human,1,15
815730321,non_human,0.924,unknown,1,2
815730322,human,0.907,non_human,1,5
815730324,human,0.909,human,1,1
815730327,human,0.913,human,1,4
815730330,human,0.909,human,1,6
815730332,human,0.956,human,1,33
815730335,human,0.94,human,1,20
815730337,human,0.913,human,1,1
815730338,human,0.907,human,1,2
815730339,human,0.922,non_human,1,8
815730341,human,0.956,human,1,22
815730343,human,0.907,unknown,1,8
815730344,human,0.956,human,1,15
815730347,human,0.907,unknown,1,6
815730348,human,0.913,human,1,1
815730349,human,0.922,non_human,1,8
815730350,non_human,0.924,non_human,1,1
815730356,human,0.956,human,1,10
815730357,human,0.956,human,1,12
815730360,human,0.94,human,1,19
815730362,human,0.909,human,1,1
815730364,human,0.907,human,1,6
815730367,human,0.922,human,1,7
815730368,human,0.909,human,1,1
815730370,human,0.956,human,1,29
815730372,human,0.94,human,1,19
815730373,human,0.913,human,1,4
815730374,non_human,0.928,human,1,4
815730379,human,0.922,human,1,8
815730380,human,0.956,human,1,4
815730382,human,0.913,human,1,4
815730390,human,0.94,human,1,17
815730394,human,0.94,human,1,16
815730402,human,0.922,human,1,8
815730403,human,0.909,human,1,6
815730406,non_human,0.967,unknown,1,37
815730407,human,0.907,human,1,5
815730410,human,0.907,human,1,2
815730412,human,0.913,human,1,3
815730414,non_human,0.958,human,1,29
815730419,human,0.909,non_human,1,1
815730420,non_human,0.924,human,1,1
815730423,human,0.907,human,1,6
815730426,human,0.909,human,1,1
815730427,human,0.922,human,1,8
815730430,human,0.94,non_human,1,13
815730431,human,0.956,human,1,4
815730432,human,0.913,human,1,6
815730433,non_human,0.924,human,1,2
815730438,human,0.907,human,1,6
815730439,human,0.913,human,1,6
815730442,non_human,0.901,human,1,1
815730443,human,0.907,human,1,6
815730444,non_human,0.992,unknown,1,48
815730446,human,0.907,human,1,2
815730449,human,0.907,non_human,1,6
815730450,human,0.937,human,1,7
815730451,non_human,0.924,non_human,1,1
815730452,human,0.922,human,1,8
815730455,human,0.956,non_human,1,10
815730456,human,0.913,human,1,3
815730458,human,0.907,human,1,5
815730459,human,0.907,human,1,2
815730460,human,0.94,unknown,1,19
815730463,human,0.907,human,1,2
815730465,human,0.913,human,1,5
815730467,human,0.937,human,1,7
815730468,human,0.907,human,1,2
815730469,human,0.956,human,1,26
815730473,human,0.94,human,1,19
815730479,human,0.907,human,1,6
815730481,human,0.922,human,1,8
815730482,human,0.913,human,1,3
815730483,human,0.956,human,1,16
815730485,human,0.922,unknown,1,8
815730487,human,0.909,human,1,5
815730489,human,0.956,human,1,13
815730490,human,0.94,human,1,19
815730494,human,0.938,human,1,4
815730497,human,0.907,human,1,6
815730498,human,0.907,human,1,8
815730499,human,0.913,human,1,1
815730500,human,0.907,human,1,6
815730502,human,0.956,human,1,20
815730503,human,0.909,human,1,6
815730504,human,0.956,human,1,26
815730510,human,0.913,human,1,2
815730511,human,0.956,human,1,16
815730512,human,0.956,human,1,11
815730519,human,0.956,human,1,12
815730530,non_human,0.954,human,1,37
815730531,human,0.956,human,1,18
815730533,human,0.913,human,1,3
815730536,human,0.909,non_human,1,6
815730538,non_human,0.992,non_human,1,46
815730540,human,0.907,unknown,1,6
815730543,human,0.907,human,1,6
815730546,human,0.907,human,1,2
815730547,human,0.907,human,1,6
815730549,human,0.909,human,1,5
815730551,human,0.907,non_human,1,2
815730555,human,0.913,non_human,1,4
815730558,human,0.907,human,1,2
815730564,human,0.907,unknown,1,6
815730565,human,0.94,human,1,19
815730568,human,0.922,human,1,7
815730572,human,0.922,human,1,8
815730573,human,0.956,human,1,16
815730581,human,0.913,human,1,4
815730590,human,0.922,human,1,7
815730591,human,0.956,human,1,16
815730595,human,0.909,non_human,1,1
815730597,human,0.956,human,1,16
815730598,human,0.907,human,1,6
815730602,human,0.956,human,1,6
815730604,non_human,0.924,non_human,1,2
815730607,non_human,0.95,unknown,1,7
815730608,human,0.938,human,1,4
815730610,human,0.922,human,1,5
815730615,human,0.907,human,1,2
815730617,human,0.938,human,1,7
815730618,human,0.907,human,1,2
815730620,human,0.947,human,1,13
815730623,human,0.947,human,1,13
815730624,human,0.94,human,1,19
815730626,human,0.909,human,1,7
815730630,human,0.936,human,1,8
815730633,human,0.956,human,1,4
815730635,human,0.94,human,1,19
815730638,human,0.922,human,1,8
815730642,human,0.956,human,1,16
815730644,human,0.956,human,1,16
815730646,human,0.922,human,1,6
815730647,human,0.909,human,1,1
815730649,human,0.956,human,1,11
815730653,human,0.947,non_human,1,13
815730657,human,0.913,human,1,4
815730659,human,0.956,human,1,35
815730661,human,0.956,human,1,4
815730667,human,0.956,human,1,15
815730668,human,0.907,human,1,2
815730669,human,0.907,human,1,6
815730670,human,0.94,human,1,18
815730672,human,0.907,human,1,6
815730673,human,0.907,human,1,5
815730675,human,0.907,human,1,6
815730678,human,0.907,non_human,1,6
815730679,human,0.956,human,1,16
815730684,human,0.956,human,1,13
815730689,human,0.956,human,1,22
815730692,non_human,0.967,human,1,46
815730696,human,0.907,human,1,2
815730699,non_human,0.972,non_human,1,3
815730700,non_human,0.925,non_human,1,3
815730703,human,0.907,human,1,2
815730704,human,0.907,human,1,5
815730705,human,0.94,human,1,17
815730708,human,0.94,human,1,11
815730710,human,0.956,non_human,1,10
815730712,human,0.94,human,1,22
815730714,human,0.907,human,1,6
815730715,human,0.956,human,1,16
815730721,non_human,0.992,non_human,1,63
815730722,human,0.94,human,1,19
815730723,non_human,0.924,non_human,1,1
815730727,human,0.907,unknown,1,6
815730730,human,0.907,human,1,2
815730733,human,0.907,human,1,6
815730735,human,0.94,human,1,19
815730738,human,0.907,non_human,1,6
815730741,human,0.956,human,1,16
815730742,human,0.938,human,1,7
815730745,human,0.909,human,1,6
815730748,human,0.907,human,1,2
815730751,human,0.937,human,1,7
815730754,non_human,0.954,unknown,1,37
815730755,human,0.956,human,1,16
815730758,human,0.956,human,1,16
815730764,non_human,0.924,non_human,1,1
815730766,human,0.907,human,1,6
815730767,human,0.94,unknown,1,18
815730768,human,0.922,human,1,8
815730769,human,0.913,human,1,3
815730773,human,0.933,non_human,1,3
815730776,human,0.913,human,1,6
815730777,human,0.922,non_human,1,6
815730778,human,0.913,human,1,2
815730779,human,0.956,human,1,22
815730786,human,0.913,human,1,4
815730789,human,0.909,human,1,3
815730790,human,0.922,human,1,8
815730791,human,0.937,human,1,7
815730796,human,0.913,non_human,1,2
815730797,human,0.907,human,1,6
815730806,human,0.922,human,1,8
815730808,non_human,0.949,non_human,1,4
815730810,human,0.947,human,1,13
815730814,human,0.913,human,1,3
815730815,non_human,0.924,non_human,1,1
815730816,human,0.922,non_human,1,8
815730817,human,0.907,human,1,2
815730820,human,0.956,non_human,1,22
815730821,human,0.922,human,1,8
815730823,human,0.94,human,1,19
815730825,human,0.956,non_human,1,16
815730826,non_human,0.924,non_human,1,1
815730830,human,0.907,human,1,2
815730831,human,0.94,human,1,18
815730832,human,0.937,human,1,7
815730837,human,0.913,human,1,1
815730838,human,0.909,human,1,5
815730840,non_human,0.924,non_human,1,1
815730841,human,0.907,human,1,6
815730843,human,0.956,human,1,10
815730847,human,0.922,human,1,8
815730849,human,0.907,human,1,8
815730852,human,0.947,human,1,13
815730854,human,0.936,human,1,8
815730856,human,0.913,human,1,3
815730858,human,0.956,human,1,13
815730861,human,0.913,human,1,2
815730862,human,0.922,human,1,10
815730864,human,0.956,human,1,13
815730867,human,0.907,human,1,6
815730868,non_human,0.924,non_human,1,1
815730869,human,0.956,human,1,20
815730870,human,0.956,human,1,20
815730871,human,0.922,human,1,6
815730873,human,0.956,human,1,16
815730875,human,0.907,human,1,6
815730880,non_human,0.901,human,1,1
815730883,human,0.907,human,1,6
815730884,human,0.94,human,1,13
815730885,human,0.907,human,1,6
815730891,human,0.956,human,1,10
815730897,human,0.913,human,1,4
815730899,human,0.913,human,1,1
815730901,human,0.922,human,1,8
815730902,human,0.947,human,1,13
815730903,human,0.938,human,1,4
815730904,human,0.913,human,1,4
815730905,human,0.909,human,1,1
815730907,human,0.913,human,1,2
815730909,human,0.956,human,1,35
815730912,human,0.913,human,1,4
815730914,human,0.913,human,1,4
815730915,human,0.922,human,1,10
815730917,human,0.956,human,1,22
815730918,non_human,0.924,non_human,1,1
815730921,human,0.913,human,1,4
815730924,human,0.907,human,1,2
815730926,human,0.907,human,1,6
815730930,human,0.907,human,1,6
815730935,human,0.956,human,1,15
815730937,human,0.907,human,1,6
815730938,human,0.956,human,1,16
815730943,human,0.913,human,1,1
815730944,human,0.936,human,1,8
815730945,human,0.907,human,1,8
815730946,human,0.956,human,1,16
815730948,human,0.907,human,1,6
815730950,human,0.922,non_human,1,8
815730953,human,0.913,human,1,4
815730959,human,0.947,human,1,13
815730960,human,0.907,human,1,2
815730961,human,0.907,human,1,6
815730962,human,0.938,non_human,1,7
815730963,human,0.922,human,1,6
815730966,human,0.956,human,1,37
815730971,human,0.944,human,1,6
815730974,human,0.94,human,1,13
815730976,human,0.909,human,1,1
815730978,human,0.913,human,1,3
815730980,human,0.907,human,1,2
815730981,human,0.909,human,1,5
815730983,human,0.956,human,1,10
815730985,human,0.907,human,1,6
815730989,non_human,0.967,non_human,1,37
815730992,human,0.907,human,1,6
815730993,human,0.907,human,1,8
815730997,human,0.956,human,1,25
815731002,human,0.907,non_human,1,2
815731005,human,0.907,non_human,1,5
815731009,human,0.907,non_human,1,6
815731011,human,0.907,human,1,5
815731013,human,0.909,human,1,6
815731014,human,0.909,human,1,6
815731015,human,0.909,human,1,6
815731016,human,0.909,human,1,6
815731018,human,0.907,human,1,5
815731019,human,0.909,non_human,1,6
815731020,human,0.94,human,1,19
815731021,human,0.907,human,1,2
815731022,human,0.913,human,1,4
815731023,non_human,0.963,human,1,37
815731024,human,0.956,human,1,16
815731028,non_human,0.924,human,1,1
815731031,human,0.907,human,1,6
815731032,human,0.94,human,1,19
815731035,human,0.938,human,1,7
815731036,human,0.947,non_human,1,7
815731037,human,0.922,human,1,7
815731039,human,0.922,human,1,8
815731040,human,0.909,human,1,6
815731042,human,0.938,human,1,7
815731044,human,0.956,human,1,16
815731045,human,0.913,human,1,3
815731049,non_human,0.954,non_human,1,37
815731059,human,0.956,human,1,13
815731060,human,0.907,human,1,6
815731063,human,0.913,human,1,3
815731064,human,0.913,human,1,1
815731069,human,0.913,human,1,2
815731073,human,0.956,human,1,20
815731074,human,0.956,human,1,33
815731079,human,0.922,human,1,8
815731081,human,0.913,human,1,4
815731082,human,0.956,human,1,7
815731087,human,0.94,human,1,21
815731088,human,0.913,human,1,6
815731090,human,0.907,human,1,6
815731096,human,0.956,human,1,18
815731099,human,0.907,human,1,2
815731102,human,0.922,human,1,8
815731104,non_human,0.924,non_human,1,1
815731110,human,0.907,human,1,2
815731111,human,0.907,human,1,5
815731113,non_human,0.924,non_human,1,2
815731116,human,0.94,human,1,19
815731117,human,0.913,human,1,3
815731118,human,0.947,human,1,13
815731121,human,0.956,non_human,1,15
815731127,human,0.956,human,1,29
815731129,human,0.937,human,1,7
815731132,human,0.956,human,1,35
815731139,human,0.947,human,1,15
815731140,human,0.907,non_human,1,2
815731142,human,0.956,human,1,22
815731144,non_human,0.901,unknown,1,1
815731161,non_human,0.924,non_human,1,1
815731164,human,0.907,human,1,6
815731165,non_human,0.954,non_human,1,37
815731170,human,0.956,human,1,16
815731172,human,0.913,human,1,4
815731173,human,0.956,human,1,14
815731174,human,0.907,human,1,6
815731175,human,0.956,human,1,8
815731176,human,0.909,unknown,1,1
815731179,human,0.907,human,1,5
815731182,human,0.956,human,1,20
815731188,human,0.956,human,1,15
815731189,human,0.956,human,1,16
815731190,human,0.956,human,1,13
815731193,human,0.956,human,1,16
815731198,human,0.936,human,1,10
815731199,human,0.94,human,1,21
815731203,human,0.956,human,1,12
815731204,non_human,0.901,human,1,1
815731205,human,0.956,human,1,19
815731210,human,0.907,unknown,1,5
815731222,human,0.937,human,1,7
815731226,human,0.956,human,1,20
815731227,human,0.909,human,1,6
815731228,human,0.913,human,1,4
815731230,non_human,0.943,human,1,9
815731232,human,0.94,human,1,14
815731236,human,0.94,human,1,19
815731237,human,0.913,human,1,4
815731250,human,0.907,human,1,2
815731252,non_human,0.924,human,1,1
815731255,human,0.956,non_human,1,16
815731256,human,0.956,human,1,21
815731257,human,0.956,human,1,18
815731260,human,0.907,human,1,6
815731261,human,0.913,human,1,4
815731262,human,0.909,human,1,6
815731263,human,0.94,human,1,19
815731264,human,0.956,human,1,8
815731266,human,0.907,human,1,2
815731267,non_human,0.901,human,1,1
815731272,human,0.94,human,1,15
815731273,human,0.94,human,1,20
815731274,human,0.933,human,1,3
815731275,human,0.956,human,1,18
815731276,human,0.913,human,1,4
815731280,human,0.956,human,1,9
815731283,human,0.907,unknown,1,6
815731284,human,0.956,human,1,5
815731290,human,0.909,non_human,1,6
815731292,human,0.909,human,1,1
815731295,human,0.907,human,1,6
815731305,human,0.907,human,1,6
815731308,human,0.907,unknown,1,2
815731309,human,0.937,human,1,7
815731310,human,0.94,human,1,19
815731313,human,0.909,human,1,5
815731314,human,0.909,human,1,1
815731315,human,0.913,human,1,2
815731319,non_human,0.901,human,1,1
815731321,human,0.907,non_human,1,6
815731323,human,0.909,human,1,6
815731325,human,0.94,human,1,17
815731329,human,0.94,human,1,16
815731331,human,0.956,human,1,18
815731333,human,0.956,human,1,24
815731336,non_human,0.943,non_human,1,3
815731337,human,0.907,human,1,2
815731342,human,0.94,human,1,19
815731343,human,0.909,human,1,6
815731344,non_human,0.991,non_human,1,43
815731346,human,0.922,human,1,8
815731348,human,0.907,human,1,6
815731350,human,0.913,human,1,1
815731351,human,0.956,human,1,21
815731352,human,0.909,human,1,6
815731354,human,0.909,human,1,6
815731357,non_human,0.967,human,1,46
815731358,human,0.956,human,1,8
815731359,human,0.922,human,1,8
815731360,non_human,0.924,non_human,1,1
815731365,human,0.947,human,1,13
815731366,human,0.909,human,1,4
815731371,non_human,0.928,human,1,4
815731379,human,0.956,human,1,16
815731382,human,0.909,human,1,3
815731385,human,0.913,human,1,4
815731387,human,0.907,human,1,5
815731393,human,0.909,human,1,6
815731395,human,0.913,human,1,4
815731397,non_human,0.972,non_human,1,15
815731398,human,0.94,non_human,1,19
815731399,human,0.956,non_human,1,16
815731406,human,0.94,human,1,17
815731410,human,0.913,human,1,4
815731414,human,0.907,human,1,2
815731415,human,0.956,human,1,21
815731417,human,0.922,human,1,10
815731421,human,0.956,human,1,22
815731422,human,0.947,human,1,15
815731426,human,0.956,human,1,18
815731427,human,0.956,human,1,15
815731434,human,0.907,human,1,5
815731435,human,0.936,human,1,7
815731436,human,0.922,human,1,8
815731439,human,0.907,human,1,5
815731447,human,0.922,human,1,8
815731448,human,0.907,human,1,6
815731451,human,0.947,human,1,7
815731452,human,0.907,human,1,2
815731455,human,0.94,human,1,21
815731457,human,0.956,human,1,22
815731459,human,0.909,human,1,5
815731460,human,0.907,human,1,2
815731463,human,0.913,human,1,3
815731464,human,0.956,human,1,21
815731465,human,0.909,human,1,6
815731467,human,0.907,human,1,6
815731469,human,0.907,human,1,6
815731470,human,0.913,unknown,1,1
815731473,human,0.94,human,1,19
815731477,human,0.922,non_human,1,8
815731481,human,0.94,human,1,17
815731482,human,0.913,human,1,1
815731485,human,0.956,human,1,16
815731487,human,0.909,human,1,6
815731488,human,0.956,human,1,22
815731491,human,0.907,human,1,6
815731494,human,0.907,human,1,5
815731495,human,0.956,human,1,22
815731497,human,0.907,unknown,1,2
815731501,human,0.907,human,1,6
815731502,human,0.956,human,1,22
815731503,human,0.956,human,1,16
815731504,human,0.907,human,1,5
815731505,human,0.913,human,1,4
815731509,human,0.956,human,1,18
815731512,human,0.907,human,1,6
815731519,human,0.922,human,1,7
815731523,human,0.956,human,1,6
815731524,human,0.956,human,1,17
815731526,human,0.907,non_human,1,5
815731528,human,0.956,human,1,10
815731529,human,0.907,human,1,5
815731530,human,0.936,human,1,6
815731533,human,0.907,human,1,6
815731535,human,0.94,human,1,19
815731536,human,0.956,human,1,18
815731544,non_human,0.924,non_human,1,1
815731545,human,0.913,human,1,2
815731549,human,0.909,non_human,1,6
815731550,human,0.922,human,1,8
815731557,human,0.907,human,1,6
815731559,human,0.913,human,1,4
815731562,human,0.94,human,1,13
815731568,non_human,0.901,non_human,1,1
815731570,human,0.913,human,1,3
815731571,human,0.956,human,1,9
815731572,human,0.907,human,1,6
815731575,human,0.907,human,1,5
815731581,human,0.907,human,1,2
815731587,human,0.907,human,1,5
815731589,human,0.956,human,1,35
815731592,human,0.922,human,1,8
815731598,human,0.937,human,1,7
815731600,human,0.922,human,1,8
815731601,human,0.922,human,1,10
815731607,non_human,0.924,non_human,1,1
815731615,non_human,0.901,human,1,1
815731626,human,0.94,human,1,19
815731628,human,0.922,human,1,10
815731629,human,0.907,human,1,2
815731632,human,0.922,human,1,7
815731633,human,0.922,human,1,8
815731640,human,0.94,human,1,17
815731641,human,0.94,human,1,20
815731643,human,0.922,human,1,8
815731647,human,0.913,human,1,2
815731652,human,0.956,human,1,4
815731653,human,0.956,human,1,16
815731654,human,0.907,human,1,2
815731656,human,0.907,human,1,2
815731658,non_human,0.924,non_human,1,1
815731661,human,0.909,unknown,1,5
815731663,non_human,0.967,human,1,46
815731664,human,0.907,human,1,2
815731665,human,0.922,human,1,8
815731666,non_human,0.958,non_human,1,29
815731667,human,0.907,human,1,2
815731670,human,0.913,human,1,2
815731671,human,0.913,human,1,3
815731673,human,0.907,human,1,5
815731676,human,0.922,human,1,7
815731677,human,0.913,human,1,4
815731678,human,0.922,human,1,8
815731683,human,0.909,human,1,3
815731686,human,0.956,human,1,21
815731688,human,0.956,non_human,1,29
815731689,human,0.909,human,1,6
815731692,human,0.907,non_human,1,6
815731695,human,0.907,human,1,5
815731696,human,0.907,human,1,6
815731698,human,0.907,unknown,1,5
815731701,human,0.956,human,1,21
815731710,non_human,0.941,non_human,1,4
815731714,human,0.94,human,1,13
815731715,human,0.913,human,1,4
815731717,human,0.907,human,1,6
815731718,human,0.913,non_human,1,4
815731719,human,0.907,non_human,1,2
815731722,human,0.907,human,1,6
815731723,human,0.907,human,1,6
815731726,human,0.909,human,1,6
815731729,human,0.94,human,1,13
815731730,human,0.938,human,1,4
815731732,non_human,0.924,human,1,1
815731734,human,0.907,human,1,6
815731738,human,0.922,human,1,8
815731740,non_human,0.924,non_human,1,1
815731741,human,0.944,human,1,9
815731743,human,0.907,human,1,6
815731746,human,0.956,human,1,15
815731747,human,0.956,human,1,16
815731748,human,0.907,human,1,2
815731751,human,0.956,human,1,10
815731753,human,0.913,non_human,1,2
815731756,human,0.94,human,1,18
815731758,human,0.913,human,1,1
815731760,human,0.94,unknown,1,15
815731761,human,0.907,human,1,5
815731764,human,0.909,human,1,8
815731766,human,0.956,human,1,8
815731772,human,0.956,non_human,1,9
815731773,human,0.907,human,1,6
815731774,human,0.909,human,1,5
815731780,human,0.913,human,1,1
815731782,human,0.907,human,1,2
815731783,human,0.913,human,1,2
815731785,human,0.922,human,1,6
815731787,human,0.94,human,1,13
815731791,human,0.947,human,1,13
815731793,human,0.94,human,1,17
815731795,human,0.94,human,1,11
815731799,human,0.913,human,1,4
815731800,human,0.956,human,1,14
815731801,human,0.907,non_human,1,2
815731805,human,0.909,human,1,6
815731808,human,0.956,human,1,16
815731812,human,0.913,human,1,2
815731816,human,0.94,human,1,20
815731817,human,0.956,human,1,20
815731827,human,0.936,human,1,6
815731829,human,0.913,human,1,4
815731830,human,0.956,human,1,13
815731832,human,0.922,unknown,1,6
815731834,human,0.922,human,1,10
815731838,human,0.922,human,1,8
815731840,human,0.909,human,1,6
815731844,human,0.922,non_human,1,7
815731845,human,0.907,non_human,1,6
815731846,human,0.956,human,1,13
815731847,human,0.913,human,1,1
815731848,human,0.913,human,1,2
815731849,human,0.956,human,1,21
815731850,human,0.938,human,1,7
815731852,human,0.909,human,1,1
815731853,human,0.907,human,1,6
815731854,human,0.922,human,1,8
815731859,human,0.956,human,1,21
815731862,human,0.956,human,1,10
815731866,human,0.909,human,1,6
815731868,human,0.922,human,1,7
815731870,human,0.933,human,1,3
815731873,human,0.907,human,1,6
815731875,human,0.909,human,1,1
815731876,non_human,0.924,human,1,2
815731878,human,0.956,human,1,18
815731879,human,0.956,human,1,20
815731884,human,0.956,human,1,15
815731885,human,0.913,human,1,4
815731887,human,0.94,human,1,17
815731889,human,0.913,non_human,1,2
815731893,human,0.907,human,1,2
815731896,non_human,0.992,non_human,1,63
815731898,human,0.907,non_human,1,2
815731899,human,0.909,human,1,5
815731902,human,0.913,human,1,1
815731905,human,0.94,human,1,20
815731908,human,0.956,human,1,8
815731909,human,0.907,human,1,2
815731910,human,0.956,human,1,25
815731919,human,0.907,human,1,6
815731922,non_human,0.901,human,1,1
815731924,human,0.907,human,1,6
815731926,human,0.907,non_human,1,6
815731928,human,0.94,unknown,1,19
815731929,human,0.956,human,1,16
815731930,human,0.956,human,1,35
815731935,human,0.956,human,1,16
815731936,human,0.909,human,1,6
815731940,human,0.936,non_human,1,7
815731942,human,0.909,human,1,1
815731943,human,0.94,human,1,17
815731950,human,0.913,human,1,3
815731951,human,0.913,human,1,6
815731954,human,0.907,human,1,5
815731955,human,0.907,human,1,2
815731962,human,0.913,human,1,4
815731964,human,0.956,human,1,9
815731966,human,0.936,human,1,8
815731969,human,0.956,human,1,13
815731972,human,0.907,human,1,5
815731976,human,0.937,human,1,7
815731979,non_human,0.954,human,1,22
815731986,human,0.937,human,1,9
815731987,human,0.922,human,1,6
815731988,human,0.94,human,1,20
815731993,human,0.922,human,1,8
815731995,human,0.956,human,1,16
815731998,human,0.913,human,1,4
815731999,human,0.937,human,1,7
815732003,human,0.956,human,1,9
815732012,human,0.94,non_human,1,20
815732015,human,0.913,human,1,4
815732017,human,0.947,human,1,10
815732024,human,0.922,non_human,1,8
815732027,non_human,0.931,human,1,4
815732028,human,0.922,human,1,6
815732029,human,0.907,human,1,5
815732030,non_human,0.972,non_human,1,7
815732031,human,0.913,human,1,4
815732032,human,0.907,human,1,6
815732033,human,0.956,human,1,16
815732034,non_human,0.924,non_human,1,1
815732038,human,0.907,human,1,6
815732039,non_human,0.924,non_human,1,1
815732040,human,0.907,human,1,6
815732042,human,0.956,human,1,11
815732043,human,0.956,human,1,13
815732044,human,0.913,human,1,1
815732045,human,0.922,human,1,8
815732046,human,0.907,human,1,6
815732048,human,0.907,human,1,5
815732050,non_human,0.967,human,1,46
815732052,human,0.909,human,1,5
815732054,human,0.956,human,1,16
815732055,human,0.937,human,1,7
815732056,human,0.909,human,1,1
815732061,human,0.907,human,1,5
815732062,human,0.922,human,1,6
815732065,human,0.956,human,1,16
815732068,human,0.913,human,1,1
815732070,non_human,0.967,unknown,1,22
815732073,human,0.956,human,1,16
815732080,non_human,0.951,human,1,11
815732083,human,0.907,human,1,6
815732085,human,0.913,human,1,1
815732087,human,0.956,human,1,16
815732088,human,0.933,human,1,3
815732092,non_human,0.94,human,1,16
815732094,human,0.913,human,1,3
815732095,non_human,0.972,non_human,1,9
815732099,human,0.907,human,1,5
815732117,human,0.956,human,1,16
815732120,human,0.913,human,1,1
815732121,non_human,0.924,non_human,1,1
815732124,human,0.922,human,1,8
815732125,human,0.913,human,1,2
815732126,human,0.913,unknown,1,2
815732128,human,0.937,human,1,7
815732130,human,0.913,human,1,1
815732132,human,0.909,human,1,6
815732133,human,0.913,human,1,3
815732134,human,0.907,human,1,6
815732136,human,0.913,non_human,1,3
815732137,human,0.956,human,1,21
815732139,human,0.907,human,1,6
815732141,human,0.907,human,1,8
815732143,human,0.956,human,1,16
815732146,non_human,0.924,non_human,1,1
815732147,human,0.907,human,1,6
815732159,non_human,0.954,unknown,1,37
815732161,non_human,0.992,unknown,1,52
815732162,human,0.909,human,1,6
815732164,human,0.913,human,1,6
815732166,human,0.956,human,1,12
815732169,human,0.947,human,1,15
815732171,human,0.913,human,1,4
815732172,human,0.956,human,1,22
815732174,human,0.907,human,1,5
815732178,human,0.913,non_human,1,3
815732180,human,0.907,human,1,6
815732182,human,0.909,human,1,1
815732185,human,0.922,human,1,8
815732186,human,0.909,unknown,1,1
815732190,human,0.907,non_human,1,5
815732192,human,0.922,human,1,8
815732197,human,0.94,human,1,20
815732198,human,0.913,human,1,1
815732200,human,0.909,human,1,5
815732202,non_human,0.992,unknown,1,63
815732207,non_human,0.928,non_human,1,5
815732211,human,0.956,human,1,27
815732214,human,0.907,human,1,5
815732217,human,0.907,human,1,6
815732218,human,0.956,human,1,16
815732219,human,0.909,unknown,1,1
815732221,human,0.909,human,1,1
815732229,human,0.94,human,1,22
815732230,non_human,0.972,non_human,1,3
815732231,human,0.94,human,1,20
815732232,human,0.956,human,1,21
815732236,human,0.913,human,1,4
815732240,human,0.922,human,1,8
815732241,human,0.956,human,1,15
815732244,human,0.909,human,1,6
815732245,human,0.907,human,1,5
815732251,human,0.909,human,1,5
815732255,human,0.907,unknown,1,6
815732256,human,0.907,human,1,6
815732257,human,0.913,human,1,4
815732258,human,0.933,human,1,2
815732260,human,0.909,human,1,1
815732261,human,0.907,human,1,5
815732269,human,0.94,human,1,18
815732272,human,0.909,human,1,5
815732274,human,0.956,human,1,16
815732275,human,0.94,unknown,1,22
815732280,human,0.956,human,1,33
815732282,non_human,0.924,non_human,1,1
815732283,human,0.913,human,1,1
815732290,human,0.936,non_human,1,8
815732292,human,0.956,human,1,16
815732293,human,0.956,human,1,10
815732295,human,0.956,human,1,5
815732298,human,0.956,human,1,22
815732300,human,0.909,human,1,6
815732302,human,0.907,human,1,2
815732305,human,0.907,human,1,2
815732306,human,0.907,human,1,8
815732307,human,0.956,non_human,1,22
815732308,human,0.956,human,1,22
815732311,human,0.907,unknown,1,6
815732312,human,0.938,human,1,2
815732317,human,0.907,human,1,6
815732319,human,0.94,human,1,18
815732321,human,0.94,human,1,11
815732324,human,0.956,human,1,6
815732327,human,0.909,human,1,6
815732335,human,0.922,human,1,8
815732336,non_human,0.924,non_human,1,1
815732338,non_human,0.954,non_human,1,37
815732340,human,0.913,human,1,3
815732346,human,0.913,human,1,1
815732347,human,0.922,human,1,8
815732352,human,0.937,human,1,7
815732360,human,0.909,non_human,1,6
815732363,human,0.922,human,1,7
815732365,human,0.907,human,1,5
815732368,human,0.907,human,1,2
815732372,human,0.945,human,1,7
815732373,human,0.947,human,1,13
815732379,human,0.956,human,1,20
815732381,human,0.913,human,1,4
815732382,human,0.907,human,1,5
815732383,non_human,0.901,non_human,1,1
815732384,human,0.956,human,1,10
815732387,human,0.913,human,1,1
815732390,human,0.94,human,1,18
815732392,human,0.922,human,1,8
815732393,human,0.913,human,1,3
815732394,human,0.907,human,1,6
815732398,human,0.909,non_human,1,6
815732402,human,0.94,human,1,19
815732405,human,0.956,unknown,1,13
815732407,human,0.913,non_human,1,4
815732408,human,0.907,human,1,2
815732409,human,0.922,human,1,8
815732410,human,0.907,human,1,2
815732413,human,0.947,human,1,15
815732414,non_human,0.958,non_human,1,11
815732415,human,0.94,non_human,1,19
815732419,non_human,0.924,non_human,1,1
815732421,human,0.909,non_human,1,6
815732422,human,0.913,human,1,1
815732423,human,0.956,human,1,33
815732424,non_human,0.901,non_human,1,1
815732425,human,0.907,human,1,2
815732426,non_human,0.967,human,1,46
815732429,non_human,0.924,human,1,1
815732432,human,0.907,non_human,1,2
815732436,human,0.913,human,1,1
815732438,human,0.922,human,1,8
815732439,human,0.94,human,1,20
815732444,human,0.907,human,1,6
815732446,non_human,0.924,non_human,1,1
815732449,non_human,0.924,non_human,1,1
815732450,human,0.956,human,1,22
815732452,non_human,0.924,non_human,1,1
815732453,non_human,0.924,non_human,1,1
815732454,human,0.956,human,1,13
815732455,human,0.913,human,1,1
815732458,human,0.94,human,1,19
815732459,human,0.907,unknown,1,2
815732461,human,0.907,non_human,1,6
815732464,non_human,0.924,non_human,1,1
815732465,human,0.956,human,1,23
815732466,human,0.956,human,1,20
815732468,non_human,0.924,human,1,1
815732469,human,0.922,human,1,5
815732470,human,0.956,human,1,19
815732472,human,0.913,human,1,2
815732473,human,0.907,human,1,2
815732476,human,0.956,human,1,31
815732478,human,0.956,human,1,12
815732479,human,0.956,human,1,21
815732491,human,0.907,human,1,6
815732492,non_human,0.991,non_human,1,34
815732496,human,0.907,human,1,6
815732497,human,0.94,human,1,17
815732500,human,0.922,human,1,8
815732505,human,0.922,human,1,8
815732506,human,0.907,human,1,6
815732509,human,0.909,human,1,1
815732511,human,0.907,human,1,6
815732515,human,0.956,human,1,22
815732516,human,0.907,human,1,2
815732519,human,0.922,human,1,8
815732522,human,0.907,human,1,2
815732523,human,0.922,human,1,8
815732528,human,0.907,human,1,5
815732531,non_human,0.967,non_human,1,37
815732533,human,0.956,human,1,25
815732540,human,0.907,human,1,6
815732545,human,0.909,human,1,6
815732551,human,0.956,human,1,16
815732552,human,0.913,human,1,6
815732553,human,0.907,human,1,6
815732556,human,0.907,human,1,6
815732563,human,0.947,human,1,13
815732567,human,0.913,non_human,1,2
815732570,human,0.907,human,1,6
815732571,non_human,0.928,human,1,5
815732572,human,0.94,human,1,20
815732573,human,0.938,unknown,1,7
815732575,human,0.907,human,1,2
815732579,human,0.909,human,1,5
815732580,human,0.907,human,1,6
815732581,human,0.909,non_human,1,6
815732587,non_human,0.924,non_human,1,1
815732588,human,0.956,human,1,21
815732589,human,0.913,human,1,2
815732590,human,0.938,human,1,4
815732593,human,0.913,unknown,1,4
815732600,human,0.947,human,1,13
815732601,human,0.907,human,1,5
815732605,human,0.947,human,1,13
815732607,human,0.913,human,1,3
815732609,human,0.94,human,1,17
815732610,human,0.909,human,1,3
815732613,human,0.909,human,1,8
815732620,human,0.94,human,1,17
815732623,non_human,0.924,non_human,1,2
815732624,human,0.956,human,1,15
815732625,non_human,0.913,non_human,1,1
815732628,non_human,0.992,non_human,1,52
815732631,human,0.909,human,1,6
815732634,human,0.956,human,1,7
815732636,human,0.913,human,1,1
815732637,human,0.956,human,1,24
815732640,human,0.94,human,1,18
815732641,human,0.907,non_human,1,2
815732644,human,0.907,human,1,2
815732647,human,0.907,non_human,1,2
815732651,human,0.922,human,1,8
815732652,human,0.956,human,1,16
815732657,non_human,0.924,non_human,1,1
815732661,human,0.907,human,1,6
815732668,human,0.913,human,1,1
815732670,human,0.956,human,1,13
815732671,human,0.922,human,1,8
815732674,non_human,0.913,non_human,1,1
815732676,human,0.913,human,1,1
815732680,human,0.956,human,1,25
815732683,human,0.947,human,1,20
815732684,human,0.947,human,1,17
815732685,human,0.913,human,1,3
815732687,human,0.922,human,1,8
815732689,human,0.907,human,1,6
815732692,human,0.913,human,1,4
815732698,human,0.956,unknown,1,22
815732702,non_human,0.968,human,1,6
815732704,human,0.907,human,1,2
815732705,human,0.922,human,1,8
815732706,non_human,0.901,human,1,1
815732708,human,0.956,human,1,19
815732709,non_human,0.924,non_human,1,1
815732712,human,0.913,human,1,4
815732720,human,0.956,human,1,8
815732721,human,0.907,non_human,1,5
815732724,human,0.945,human,1,10
815732725,human,0.94,human,1,19
815732727,human,0.956,human,1,13
815732729,human,0.907,human,1,5
815732733,human,0.956,unknown,1,10
815732739,human,0.94,human,1,19
815732744,human,0.913,human,1,2
815732747,non_human,0.901,human,1,1
815732749,human,0.922,human,1,7
815732750,human,0.913,human,1,2
815732752,human,0.922,unknown,1,8
815732755,human,0.938,human,1,7
815732757,human,0.907,human,1,6
815732758,human,0.907,human,1,6
815732763,human,0.909,non_human,1,1
815732766,human,0.94,human,1,13
815732771,human,0.94,human,1,21
815732772,human,0.907,human,1,6
815732775,human,0.956,human,1,7
815732778,human,0.947,human,1,13
815732782,non_human,0.991,non_human,1,43
815732793,human,0.933,human,1,3
815732796,human,0.956,human,1,24
815732797,non_human,0.901,non_human,1,1
815732798,human,0.913,human,1,2
815732799,human,0.907,human,1,6
815732806,human,0.913,human,1,4
815732808,human,0.94,human,1,15
815732809,human,0.907,human,1,6
815732812,human,0.909,human,1,6
815732814,non_human,0.928,non_human,1,5
815732818,human,0.947,human,1,13
815732820,non_human,0.924,non_human,1,1
815732821,human,0.913,human,1,4
815732824,human,0.94,human,1,17
815732827,human,0.907,unknown,1,2
815732829,human,0.956,human,1,16
815732830,human,0.907,human,1,6
815732837,human,0.909,human,1,5
815732838,human,0.936,non_human,1,6
815732839,non_human,0.924,non_human,1,1
815732840,human,0.907,human,1,2
815732844,human,0.956,human,1,37
815732852,human,0.947,human,1,13
815732853,human,0.907,human,1,2
815732856,human,0.956,human,1,13
815732857,human,0.94,human,1,20
815732858,human,0.94,human,1,19
815732860,human,0.907,human,1,2
815732862,human,0.913,human,1,2
815732864,human,0.907,human,1,5
815732868,human,0.936,human,1,6
815732869,human,0.956,human,1,16
815732870,human,0.94,human,1,13
815732872,human,0.94,human,1,21
815732874,human,0.94,human,1,19
815732877,human,0.913,human,1,1
815732878,human,0.907,non_human,1,6
815732880,human,0.913,human,1,3
815732881,human,0.956,human,1,16
815732882,human,0.956,human,1,33
815732884,human,0.907,non_human,1,2
815732885,human,0.913,unknown,1,4
815732888,human,0.956,human,1,16
815732889,human,0.94,human,1,19
815732890,human,0.907,human,1,6
815732891,human,0.956,human,1,7
815732893,human,0.922,human,1,10
815732895,human,0.913,human,1,4
815732896,human,0.909,human,1,6
815732897,human,0.956,human,1,10
815732898,human,0.956,human,1,20
815732901,human,0.913,non_human,1,2
815732902,human,0.907,non_human,1,5
815732903,human,0.922,unknown,1,7
815732906,human,0.907,human,1,6
815732907,human,0.933,human,1,3
815732908,human,0.909,human,1,6
815732910,non_human,0.954,unknown,1,16
815732913,human,0.913,human,1,4
815732916,human,0.907,human,1,5
815732919,human,0.956,human,1,16
815732920,human,0.907,non_human,1,6
815732921,human,0.909,human,1,6
815732922,human,0.94,human,1,11
815732926,human,0.956,human,1,20
815732938,human,0.922,human,1,8
815732939,human,0.94,human,1,19
815732940,human,0.907,human,1,6
815732941,non_human,0.924,non_human,1,1
815732942,human,0.956,human,1,13
815732945,human,0.907,human,1,2
815732947,human,0.907,human,1,5
815732949,non_human,0.967,human,1,46
815732953,human,0.913,human,1,4
815732954,non_human,0.924,non_human,1,1
815732957,human,0.907,unknown,1,6
815732958,non_human,0.967,human,1,16
815732960,human,0.907,human,1,6
815732961,human,0.956,human,1,19
815732964,human,0.922,human,1,8
815732967,human,0.907,human,1,2
815732968,human,0.907,human,1,2
815732969,human,0.913,human,1,3
815732970,human,0.913,human,1,3
815732974,human,0.956,human,1,9
815732980,human,0.922,human,1,6
815732983,human,0.938,human,1,6
815732988,human,0.956,human,1,6
815732991,human,0.907,human,1,6
815732992,human,0.907,unknown,1,2
815732995,human,0.936,unknown,1,8
815732999,human,0.956,human,1,20
815733002,human,0.907,non_human,1,6
815733003,human,0.913,human,1,2
815733005,human,0.907,non_human,1,6
815733006,human,0.913,human,1,3
815733013,human,0.956,non_human,1,14
815733014,non_human,0.924,non_human,1,1
815733018,human,0.956,human,1,22
815733020,human,0.94,unknown,1,17
815733021,human,0.94,human,1,19
815733023,human,0.956,human,1,21
815733030,human,0.938,human,1,4
815733031,human,0.94,human,1,19
815733042,human,0.907,non_human,1,2
815733043,human,0.907,human,1,6
815733049,non_human,0.901,human,1,1
815733054,human,0.938,human,1,6
815733056,human,0.913,human,1,3
815733060,human,0.956,human,1,29
815733061,human,0.947,human,1,13
815733064,human,0.913,human,1,2
815733068,human,0.907,human,1,2
815733069,human,0.913,human,1,3
815733075,human,0.909,human,1,6
815733076,non_human,0.967,human,1,46
815733079,human,0.94,human,1,18
815733080,human,0.938,non_human,1,7
815733081,human,0.907,human,1,2
815733083,human,0.909,human,1,6
815733085,human,0.907,human,1,5
815733089,human,0.913,human,1,2
815733098,human,0.907,human,1,5
815733099,human,0.909,human,1,3
815733100,human,0.907,non_human,1,6
815733103,non_human,0.967,unknown,1,46
815733106,human,0.913,human,1,2
815733108,human,0.956,human,1,21
815733110,human,0.907,human,1,6
815733115,human,0.922,human,1,8
815733116,non_human,0.967,unknown,1,46
815733118,human,0.907,human,1,2
815733122,human,0.956,human,1,16
815733124,human,0.956,human,1,12
815733126,human,0.94,human,1,19
815733128,human,0.94,unknown,1,22
815733129,human,0.913,unknown,1,3
815733131,human,0.913,human,1,1
815733132,human,0.947,human,1,13
815733134,human,0.94,human,1,13
815733141,human,0.913,human,1,3
815733142,human,0.922,human,1,8
815733144,human,0.94,human,1,19
815733147,human,0.907,human,1,2
815733152,human,0.956,human,1,10
815733154,human,0.907,human,1,5
815733155,human,0.907,human,1,6
815733156,non_human,0.992,human,1,79
815733158,non_human,0.924,non_human,1,1
815733160,human,0.907,non_human,1,6
815733161,human,0.913,human,1,1
815733162,human,0.913,human,1,5
815733163,human,0.922,human,1,8
815733168,human,0.909,human,1,6
815733169,human,0.907,human,1,2
815733171,human,0.956,non_human,1,10
815733173,human,0.909,unknown,1,1
815733174,human,0.907,non_human,1,7
815733177,human,0.907,human,1,6
815733179,human,0.937,human,1,7
815733180,human,0.956,human,1,16
815733183,human,0.913,human,1,3
815733185,human,0.956,human,1,15
815733186,human,0.956,human,1,22
815733191,human,0.909,human,1,6
815733198,human,0.907,unknown,1,6
815733201,human,0.909,human,1,6
815733202,non_human,0.954,non_human,1,37
815733206,human,0.913,human,1,4
815733207,human,0.907,human,1,7
815733208,human,0.947,human,1,13
815733209,human,0.909,human,1,6
815733210,human,0.956,human,1,7
815733212,human,0.956,human,1,6
815733214,human,0.922,non_human,1,8
815733215,human,0.907,human,1,2
815733216,human,0.94,human,1,19
815733217,human,0.922,human,1,10
815733221,human,0.907,human,1,5
815733222,non_human,0.992,non_human,1,29
815733224,human,0.907,human,1,5
815733225,non_human,0.967,unknown,1,16
815733226,non_human,0.924,non_human,1,1
815733228,non_human,0.901,non_human,1,1
815733233,human,0.94,human,1,19
815733234,human,0.907,unknown,1,2
815733235,human,0.907,human,1,6
815733236,human,0.94,human,1,19
815733237,human,0.907,human,1,6
815733238,human,0.956,human,1,16
815733239,human,0.94,human,1,19
815733240,human,0.94,human,1,19
815733241,non_human,0.924,non_human,1,1
815733242,human,0.956,human,1,13
815733244,human,0.956,human,1,8
815733248,human,0.907,human,1,2
815733250,human,0.947,human,1,13
815733253,human,0.947,human,1,13
815733256,human,0.907,human,1,5
815733259,human,0.956,human,1,23
815733263,human,0.956,human,1,17
815733266,human,0.922,human,1,6
815733268,human,0.907,human,1,2
815733270,non_human,0.924,non_human,1,1
815733273,human,0.909,human,1,8
815733275,human,0.913,human,1,4
815733278,human,0.956,human,1,20
815733279,human,0.907,human,1,2
815733283,human,0.956,human,1,27
815733284,human,0.907,human,1,5
815733285,human,0.913,human,1,4
815733286,human,0.94,human,1,16
815733287,human,0.907,human,1,2
815733290,human,0.909,human,1,8
815733291,non_human,0.901,human,1,1
815733294,human,0.94,human,1,19
815733296,human,0.913,human,1,2
815733298,human,0.94,non_human,1,19
815733303,human,0.909,human,1,6
815733304,human,0.956,human,1,20
815733306,human,0.907,human,1,2
815733307,human,0.907,human,1,2
815733311,non_human,0.924,unknown,1,1
815733313,human,0.907,human,1,6
815733315,human,0.913,human,1,3
815733316,human,0.956,non_human,1,19
815733317,human,0.94,human,1,21
815733321,human,0.913,human,1,4
815733323,human,0.913,human,1,2
815733325,human,0.913,human,1,3
815733327,human,0.907,non_human,1,2
815733331,human,0.956,human,1,22
815733332,human,0.94,human,1,15
815733333,human,0.913,human,1,3
815733334,non_human,0.924,unknown,1,1
815733336,human,0.913,non_human,1,2
815733337,human,0.913,human,1,4
815733339,human,0.909,human,1,1
815733341,human,0.956,human,1,16
815733348,human,0.913,human,1,2
815733351,human,0.909,human,1,1
815733361,human,0.956,human,1,16
815733362,non_human,0.924,human,1,1
815733363,human,0.947,human,1,15
815733364,human,0.956,human,1,15
815733365,human,0.907,human,1,5
815733366,human,0.956,human,1,16
815733369,human,0.907,human,1,6
815733370,human,0.922,human,1,6
815733372,human,0.956,human,1,6
815733374,human,0.922,non_human,1,8
815733375,human,0.909,non_human,1,1
815733376,human,0.907,non_human,1,6
815733377,human,0.909,human,1,6
815733379,human,0.909,human,1,1
815733381,human,0.907,human,1,8
815733382,human,0.956,human,1,20
815733383,human,0.913,human,1,4
815733386,human,0.956,human,1,22
815733387,human,0.94,human,1,19
815733389,human,0.938,human,1,4
815733390,human,0.907,human,1,2
815733391,human,0.956,human,1,15
815733393,non_human,0.924,unknown,1,1
815733398,human,0.907,human,1,6
815733399,human,0.938,unknown,1,7
815733400,human,0.956,human,1,27
815733402,human,0.907,human,1,5
815733403,human,0.913,human,1,4
815733404,human,0.909,human,1,1
815733406,human,0.956,human,1,10
815733411,human,0.94,human,1,13
815733412,human,0.956,human,1,16
815733413,human,0.94,human,1,13
815733416,human,0.956,human,1,24
815733418,non_human,0.928,human,1,4
815733420,human,0.938,human,1,7
815733422,human,0.907,human,1,6
815733425,human,0.94,human,1,13
815733428,human,0.907,unknown,1,6
815733429,non_human,0.924,human,1,1
815733430,human,0.913,human,1,6
815733431,human,0.913,human,1,2
815733433,human,0.907,non_human,1,2
815733434,human,0.947,human,1,13
815733435,human,0.907,human,1,5
815733436,human,0.922,human,1,10
815733437,human,0.922,human,1,8
815733442,human,0.936,human,1,8
815733444,human,0.909,non_human,1,6
815733445,human,0.956,human,1,8
815733447,human,0.922,human,1,10
815733449,human,0.956,human,1,9
815733450,human,0.913,human,1,4
815733452,non_human,0.924,non_human,1,1
815733457,human,0.956,human,1,33
815733460,human,0.909,human,1,6
815733463,human,0.922,human,1,8
815733464,human,0.909,non_human,1,6
815733465,human,0.956,human,1,18
815733466,human,0.94,human,1,20
815733468,human,0.907,non_human,1,2
815733473,human,0.956,human,1,27
815733475,human,0.956,human,1,20
815733476,human,0.907,human,1,2
815733477,human,0.913,human,1,2
815733481,non_human,0.924,non_human,1,1
815733483,human,0.907,human,1,6
815733485,human,0.907,human,1,6
815733486,human,0.907,human,1,6
815733491,human,0.909,non_human,1,1
815733492,human,0.956,human,1,10
815733494,human,0.937,human,1,7
815733495,human,0.94,human,1,17
815733497,human,0.913,human,1,4
815733499,human,0.956,human,1,24
815733503,human,0.907,human,1,6
815733504,human,0.909,non_human,1,6
815733508,human,0.907,human,1,2
815733511,non_human,0.967,human,1,46
815733512,non_human,0.954,human,1,37
815733515,human,0.956,human,1,21
815733517,human,0.913,unknown,1,1
815733519,human,0.956,non_human,1,20
815733520,human,0.956,human,1,18
815733521,human,0.94,human,1,22
815733522,human,0.922,human,1,8
815733524,human,0.913,human,1,2
815733525,human,0.907,unknown,1,5
815733526,human,0.936,human,1,6
815733531,human,0.956,human,1,27
815733532,human,0.94,human,1,20
815733533,non_human,0.992,unknown,1,52
815733534,non_human,0.924,unknown,1,1
815733538,human,0.907,human,1,6
815733539,human,0.956,human,1,16
815733540,human,0.907,human,1,2
815733543,human,0.907,human,1,6
815733544,human,0.907,unknown,1,5
815733548,human,0.956,human,1,16
815733549,human,0.956,human,1,20
815733550,non_human,0.924,non_human,1,1
815733552,human,0.907,human,1,6
815733554,human,0.907,human,1,6
815733559,human,0.913,human,1,2
815733562,human,0.907,non_human,1,6
815733563,human,0.907,human,1,5
815733564,human,0.956,human,1,10
815733565,human,0.907,unknown,1,6
815733568,human,0.913,human,1,2
815733570,human,0.956,human,1,21
815733571,human,0.909,human,1,6
815733573,non_human,0.951,unknown,1,13
815733575,human,0.907,unknown,1,5
815733576,human,0.94,human,1,19
815733577,human,0.936,non_human,1,8
815733578,human,0.956,human,1,20
815733579,human,0.956,human,1,13
815733581,human,0.913,human,1,4
815733585,human,0.94,human,1,17
815733586,non_human,0.924,non_human,1,1
815733590,human,0.956,human,1,16
815733592,human,0.922,human,1,8
815733600,human,0.922,human,1,6
815733610,human,0.956,human,1,9
815733611,human,0.907,human,1,6
815733614,human,0.947,human,1,9
815733619,human,0.907,human,1,6
815733621,non_human,0.924,non_human,1,1
815733623,human,0.907,human,1,6
815733625,human,0.94,human,1,13
815733626,human,0.907,human,1,6
815733627,human,0.913,human,1,4
815733630,human,0.94,human,1,14
815733631,non_human,0.958,unknown,1,16
815733632,human,0.94,human,1,15
815733633,human,0.94,human,1,18
815733634,human,0.938,human,1,7
815733637,human,0.907,non_human,1,6
815733641,human,0.94,human,1,19
815733644,human,0.907,non_human,1,2
815733645,human,0.947,human,1,10
815733647,human,0.907,human,1,2
815733648,human,0.909,human,1,6
815733652,human,0.907,human,1,6
815733653,human,0.936,human,1,5
815733654,human,0.937,human,1,7
815733661,human,0.947,non_human,1,13
815733666,human,0.933,human,1,2
815733667,human,0.913,human,1,4
815733673,human,0.907,non_human,1,2
815733675,human,0.907,non_human,1,6
815733676,human,0.907,human,1,5
815733678,human,0.922,human,1,10
815733680,human,0.947,human,1,15
815733682,human,0.907,human,1,6
815733686,human,0.907,human,1,6
815733687,human,0.907,human,1,5
815733693,non_human,0.992,non_human,1,29
815733695,human,0.909,human,1,1
815733704,human,0.94,human,1,19
815733707,human,0.94,human,1,20
815733713,human,0.907,human,1,6
815733716,human,0.913,non_human,1,4
815733717,human,0.956,human,1,12
815733718,human,0.907,non_human,1,2
815733722,human,0.909,human,1,6
815733723,human,0.922,human,1,8
815733724,human,0.909,human,1,4
815733728,human,0.907,human,1,2
815733731,human,0.909,human,1,6
815733734,non_human,0.967,non_human,1,46
815733735,human,0.907,human,1,6
815733738,human,0.907,human,1,6
815733740,human,0.907,human,1,6
815733742,human,0.913,human,1,3
815733749,human,0.913,human,1,2
815733751,human,0.938,human,1,4
815733752,human,0.907,human,1,6
815733755,human,0.913,unknown,1,4
815733759,human,0.956,human,1,8
815733763,human,0.956,human,1,22
815733764,human,0.922,human,1,10
815733766,human,0.913,human,1,3
815733767,human,0.907,human,1,6
815733770,human,0.907,non_human,1,6
815733771,human,0.909,human,1,5
815733774,human,0.956,human,1,15
815733776,human,0.913,human,1,2
815733778,human,0.907,human,1,6
815733790,human,0.956,human,1,35
815733793,human,0.907,non_human,1,6
815733796,human,0.956,human,1,22
815733797,human,0.909,human,1,6
815733798,human,0.94,human,1,19
815733800,human,0.94,human,1,9
815733802,human,0.956,human,1,13
815733805,human,0.922,human,1,8
815733808,human,0.956,human,1,18
815733809,human,0.907,human,1,2
815733813,human,0.907,human,1,7
815733814,human,0.907,human,1,6
815733815,human,0.907,human,1,8
815733817,human,0.922,human,1,8
815733821,human,0.94,human,1,19
815733824,human,0.913,human,1,4
815733829,human,0.956,human,1,16
815733835,human,0.913,non_human,1,1
815733839,human,0.907,human,1,2
815733842,human,0.94,human,1,17
815733844,human,0.94,human,1,20
815733845,human,0.956,non_human,1,4
815733848,human,0.936,human,1,6
815733849,human,0.907,human,1,2
815733854,non_human,0.992,human,1,63
815733855,human,0.907,human,1,2
815733856,human,0.956,human,1,22
815733857,human,0.909,unknown,1,1
815733859,human,0.937,human,1,7
815733862,human,0.913,human,1,4
815733866,human,0.956,human,1,16
815733867,human,0.94,human,1,15
815733871,human,0.956,human,1,5
815733872,human,0.909,human,1,6
815733873,human,0.922,human,1,8
815733876,human,0.922,human,1,10
815733877,human,0.956,human,1,10
815733880,human,0.907,human,1,2
815733881,human,0.94,human,1,20
815733882,non_human,0.901,human,1,1
815733883,human,0.94,human,1,18
815733884,human,0.956,human,1,33
815733886,human,0.913,human,1,2
815733887,human,0.913,human,1,2
815733890,human,0.94,human,1,13
815733891,human,0.947,non_human,1,13
815733898,non_human,0.958,unknown,1,29
815733899,human,0.907,human,1,6
815733900,human,0.922,human,1,8
815733902,human,0.922,human,1,8
815733906,human,0.922,human,1,8
815733909,human,0.956,human,1,16
815733912,human,0.94,human,1,19
815733914,human,0.913,human,1,4
815733915,human,0.907,human,1,2
815733917,human,0.913,human,1,2
815733918,human,0.909,human,1,5
815733919,human,0.94,human,1,19
815733923,human,0.907,human,1,5
815733924,non_human,0.996,non_human,1,61
815733926,human,0.907,human,1,5
815733928,human,0.907,human,1,6
815733930,human,0.938,human,1,4
815733933,human,0.907,human,1,5
815733934,human,0.956,human,1,16
815733936,human,0.907,human,1,5
815733937,human,0.956,human,1,7
815733939,human,0.913,human,1,2
815733944,human,0.909,human,1,1
815733946,human,0.913,human,1,1
815733951,human,0.907,human,1,2
815733952,human,0.956,human,1,15
815733956,human,0.956,human,1,27
815733959,human,0.907,human,1,6
815733960,human,0.907,non_human,1,5
815733963,human,0.956,human,1,28
815733966,human,0.936,non_human,1,7
815733967,human,0.907,human,1,6
815733968,human,0.907,human,1,6
815733970,human,0.937,human,1,7
815733972,human,0.94,human,1,12
815733974,human,0.956,human,1,9
815733975,human,0.956,human,1,22
815733976,human,0.938,human,1,7
815733979,human,0.956,human,1,20
815733983,human,0.922,human,1,8
815733985,human,0.907,human,1,6
815733988,human,0.956,human,1,14
815733989,human,0.956,human,1,16
815733990,human,0.913,human,1,4
815733991,human,0.907,human,1,6
815733992,human,0.922,non_human,1,8
815733993,human,0.907,human,1,5
815734000,human,0.909,human,1,1
815734001,human,0.907,human,1,6
815734002,human,0.907,human,1,5
815734006,human,0.956,human,1,20
815734008,human,0.907,non_human,1,6
815734010,human,0.907,human,1,5
815734012,human,0.956,human,1,21
815734016,human,0.913,human,1,4
815734017,human,0.907,human,1,6
815734020,human,0.907,human,1,6
815734021,human,0.909,human,1,6
815734026,human,0.956,human,1,5
815734028,human,0.907,human,1,6
815734029,human,0.956,human,1,4
815734030,human,0.907,human,1,2
815734031,human,0.907,unknown,1,2
815734032,human,0.94,human,1,19
815734036,human,0.956,human,1,9
815734038,non_human,0.951,non_human,1,11
815734039,human,0.94,human,1,17
815734041,human,0.907,human,1,6
815734043,human,0.907,human,1,2
815734044,human,0.94,non_human,1,19
815734045,human,0.956,human,1,22
815734046,human,0.956,human,1,16
815734048,human,0.94,human,1,17
815734053,human,0.907,human,1,6
815734060,human,0.956,human,1,10
815734063,human,0.956,human,1,21
815734064,human,0.947,human,1,13
815734068,human,0.956,non_human,1,11
815734069,human,0.956,human,1,35
815734072,human,0.94,human,1,18
815734076,human,0.907,human,1,2
815734077,human,0.922,unknown,1,8
815734078,human,0.907,non_human,1,2
815734086,human,0.909,human,1,1
815734087,human,0.907,human,1,5
815734088,human,0.933,human,1,3
815734090,human,0.907,non_human,1,2
815734091,human,0.907,human,1,5
815734092,human,0.94,human,1,17
815734097,human,0.922,non_human,1,8
815734098,human,0.956,human,1,37
815734099,human,0.909,human,1,3
815734100,human,0.947,human,1,13
815734105,human,0.947,human,1,10
815734107,human,0.956,human,1,20
815734109,human,0.909,human,1,6
815734110,non_human,0.913,non_human,1,1
815734113,human,0.922,human,1,10
815734114,human,0.922,human,1,10
815734117,human,0.956,human,1,19
815734123,human,0.909,human,1,6
815734125,human,0.907,unknown,1,6
815734127,human,0.907,human,1,6
815734131,human,0.94,human,1,17
815734137,human,0.956,human,1,10
815734139,human,0.94,human,1,20
815734141,human,0.907,human,1,5
815734143,human,0.956,human,1,27
815734145,human,0.913,human,1,5
815734148,human,0.907,human,1,6
815734150,human,0.907,human,1,6
815734151,non_human,0.924,human,1,1
815734152,human,0.913,human,1,4
815734153,human,0.956,human,1,19
815734154,non_human,0.991,non_human,1,19
815734155,human,0.956,human,1,10
815734157,human,0.913,human,1,3
815734158,human,0.913,human,1,2
815734164,human,0.909,human,1,6
815734165,human,0.907,human,1,2
815734166,human,0.907,human,1,8
815734175,human,0.945,human,1,4
815734177,non_human,0.924,non_human,1,1
815734180,human,0.907,human,1,7
815734181,human,0.94,non_human,1,17
815734182,human,0.956,human,1,11
815734183,human,0.909,human,1,5
815734184,human,0.907,human,1,2
815734185,human,0.907,human,1,6
815734186,human,0.956,human,1,21
815734189,human,0.907,human,1,6
815734190,human,0.913,human,1,1
815734191,human,0.913,human,1,5
815734193,human,0.907,human,1,6
815734194,human,0.922,non_human,1,8
815734196,human,0.913,human,1,4
815734197,human,0.956,human,1,12
815734199,human,0.907,human,1,6
815734201,human,0.956,human,1,4
815734204,human,0.956,non_human,1,4
815734208,human,0.913,human,1,2
815734209,human,0.956,human,1,12
815734211,human,0.956,human,1,24
815734215,human,0.956,human,1,31
815734216,human,0.956,human,1,22
815734220,human,0.94,human,1,13
815734221,human,0.947,human,1,13
815734232,human,0.907,human,1,2
815734234,human,0.956,human,1,8
815734238,human,0.907,human,1,2
815734240,human,0.913,human,1,3
815734241,human,0.907,human,1,6
815734242,human,0.956,unknown,1,5
815734244,human,0.947,non_human,1,13
815734248,human,0.909,human,1,5
815734250,human,0.956,human,1,4
815734256,human,0.907,human,1,6
815734258,human,0.956,human,1,24
815734261,human,0.913,human,1,1
815734263,human,0.936,human,1,8
815734264,human,0.936,human,1,7
815734265,human,0.907,human,1,6
815734266,human,0.956,human,1,16
815734268,human,0.956,human,1,22
815734274,human,0.907,human,1,6
815734275,human,0.913,human,1,3
815734276,human,0.907,human,1,2
815734278,human,0.956,human,1,20
815734280,human,0.947,human,1,13
815734281,human,0.956,human,1,5
815734282,human,0.956,human,1,18
815734284,human,0.907,human,1,6
815734291,human,0.907,human,1,2
815734297,human,0.907,human,1,6
815734300,human,0.94,human,1,19
815734301,human,0.909,human,1,1
815734309,human,0.956,human,1,10
815734318,human,0.956,human,1,16
815734322,human,0.913,human,1,4
815734323,human,0.907,human,1,2
815734325,human,0.907,human,1,6
815734326,human,0.956,human,1,35
815734330,human,0.956,human,1,12
815734339,human,0.907,human,1,5
815734342,human,0.913,non_human,1,4
815734344,human,0.956,human,1,4
815734347,human,0.922,human,1,6
815734348,human,0.94,human,1,19
815734350,human,0.94,non_human,1,19
815734351,human,0.913,human,1,4
815734352,human,0.956,unknown,1,16
815734354,human,0.907,human,1,2
815734355,human,0.913,human,1,4
815734356,human,0.909,human,1,6
815734360,human,0.922,human,1,8
815734361,human,0.907,human,1,6
815734366,human,0.907,human,1,8
815734367,human,0.909,non_human,1,6
815734368,human,0.913,human,1,2
815734370,human,0.956,human,1,5
815734375,human,0.907,non_human,1,6
815734376,human,0.907,human,1,6
815734378,human,0.94,human,1,19
815734380,human,0.956,non_human,1,13
815734382,human,0.956,human,1,16
815734383,human,0.907,human,1,2
815734386,human,0.907,human,1,5
815734388,human,0.913,human,1,4
815734391,human,0.94,unknown,1,19
815734394,human,0.94,human,1,18
815734395,human,0.907,unknown,1,2
815734396,human,0.922,human,1,7
815734397,human,0.907,non_human,1,5
815734398,human,0.909,non_human,1,6
815734399,human,0.913,human,1,4
815734400,non_human,0.906,human,1,1
815734409,human,0.956,human,1,10
815734411,human,0.956,human,1,21
815734413,human,0.94,human,1,19
815734415,human,0.907,non_human,1,6
815734417,human,0.907,human,1,2
815734420,human,0.907,non_human,1,6
815734422,human,0.956,human,1,16
815734423,human,0.938,human,1,7
815734424,human,0.907,human,1,8
815734425,non_human,0.992,non_human,1,63
815734426,non_human,0.972,human,1,15
815734427,human,0.94,human,1,18
815734428,human,0.956,human,1,23
815734429,human,0.947,human,1,13
815734432,human,0.936,human,1,5
815734434,human,0.907,human,1,6
815734437,human,0.947,non_human,1,13
815734439,human,0.922,human,1,8
815734440,human,0.937,human,1,3
815734445,human,0.94,human,1,17
815734447,human,0.94,human,1,20
815734449,human,0.956,human,1,19
815734451,human,0.922,non_human,1,7
815734453,human,0.922,human,1,8
815734460,human,0.956,human,1,14
815734463,human,0.907,human,1,5
815734466,human,0.922,human,1,8
815734468,human,0.922,human,1,8
815734469,human,0.913,human,1,2
815734471,human,0.907,human,1,6
815734472,human,0.94,human,1,16
815734473,human,0.94,human,1,20
815734482,human,0.907,human,1,5
815734486,human,0.947,human,1,13
815734488,human,0.947,human,1,9
815734492,human,0.907,human,1,6
815734496,human,0.907,human,1,6
815734497,human,0.956,unknown,1,5
815734500,human,0.956,human,1,29
815734501,human,0.909,human,1,5
815734509,human,0.922,human,1,8
815734510,human,0.907,human,1,6
815734513,human,0.913,non_human,1,4
815734514,human,0.922,human,1,8
815734515,human,0.922,human,1,8
815734516,human,0.913,human,1,4
815734519,human,0.907,non_human,1,6
815734521,human,0.907,human,1,2
815734522,human,0.913,human,1,4
815734523,human,0.913,human,1,2
815734524,human,0.907,non_human,1,2
815734526,human,0.956,human,1,33
815734527,human,0.94,human,1,17
815734528,human,0.947,human,1,13
815734529,human,0.94,human,1,19
815734531,human,0.956,human,1,16
815734532,human,0.956,human,1,24
815734533,human,0.907,human,1,2
815734536,human,0.956,human,1,29
815734538,human,0.913,human,1,4
815734539,human,0.907,unknown,1,6
815734540,human,0.913,human,1,2
815734541,human,0.94,human,1,19
815734543,human,0.956,human,1,13
815734544,human,0.956,human,1,16
815734546,human,0.907,human,1,5
815734552,human,0.907,unknown,1,6
815734554,human,0.913,human,1,4
815734558,human,0.94,human,1,19
815734560,human,0.956,human,1,13
815734568,human,0.907,human,1,2
815734570,human,0.909,human,1,1
815734571,human,0.956,human,1,13
815734572,human,0.909,human,1,1
815734573,human,0.922,non_human,1,8
815734575,human,0.956,human,1,4
815734576,human,0.907,human,1,6
815734581,human,0.907,human,1,6
815734582,human,0.94,human,1,18
815734584,human,0.956,human,1,16
815734586,human,0.956,human,1,7
815734588,human,0.913,human,1,3
815734589,human,0.936,human,1,6
815734591,non_human,0.953,human,1,16
815734592,human,0.913,unknown,1,4
815734595,human,0.907,human,1,8
815734596,human,0.956,human,1,9
815734599,human,0.956,human,1,14
815734600,human,0.913,non_human,1,3
815734601,human,0.922,human,1,8
815734602,human,0.913,human,1,3
815734607,human,0.909,human,1,6
815734608,human,0.956,human,1,16
815734610,human,0.94,unknown,1,21
815734612,human,0.94,human,1,11
815734614,human,0.907,human,1,2
815734615,human,0.922,human,1,10
815734616,human,0.907,human,1,5
815734617,human,0.907,human,1,6
815734618,human,0.956,human,1,15
815734619,human,0.913,human,1,4
815734620,non_human,0.958,unknown,1,29
815734623,human,0.922,human,1,8
815734625,human,0.909,human,1,6
815734626,human,0.94,unknown,1,16
815734629,human,0.94,non_human,1,19
815734631,human,0.956,human,1,12
815734632,human,0.907,human,1,2
815734634,non_human,0.901,non_human,1,1
815734636,human,0.907,human,1,6
815734637,non_human,0.954,unknown,1,37
815734638,non_human,0.951,unknown,1,11
815734641,human,0.956,human,1,14
815734642,human,0.956,human,1,16
815734644,non_human,0.924,human,1,1
815734646,human,0.956,unknown,1,27
815734647,human,0.922,human,1,10
815734652,human,0.907,unknown,1,2
815734653,human,0.907,human,1,5
815734654,human,0.907,human,1,2
815734658,human,0.94,human,1,19
815734659,non_human,0.924,non_human,1,2
815734662,human,0.907,human,1,2
815734668,human,0.909,human,1,1
815734669,human,0.909,human,1,1
815734673,human,0.913,human,1,4
815734674,human,0.956,human,1,23
815734677,human,0.922,human,1,8
815734679,human,0.907,human,1,8
815734683,human,0.907,human,1,2
815734684,human,0.922,human,1,7
815734685,human,0.913,unknown,1,4
815734692,human,0.909,human,1,6
815734693,human,0.922,human,1,10
815734695,human,0.922,human,1,8
815734696,human,0.94,unknown,1,19
815734697,human,0.913,human,1,3
815734698,human,0.907,human,1,5
815734699,human,0.94,human,1,16
815734700,human,0.956,human,1,35
815734702,human,0.907,human,1,2
815734704,human,0.956,human,1,10
815734708,human,0.909,human,1,6
815734711,human,0.94,human,1,19
815734712,human,0.922,human,1,8
815734713,human,0.913,human,1,4
815734716,human,0.913,human,1,1
815734721,human,0.913,human,1,2
815734722,human,0.947,human,1,10
815734723,human,0.94,unknown,1,19
815734728,human,0.94,human,1,20
815734731,human,0.922,human,1,7
815734732,human,0.956,human,1,13
815734734,human,0.907,human,1,7
815734738,human,0.956,human,1,4
815734743,human,0.956,human,1,26
815734744,human,0.913,human,1,1
815734745,human,0.909,human,1,6
815734748,human,0.907,human,1,6
815734751,human,0.907,human,1,6
815734753,human,0.956,human,1,22
815734754,human,0.947,human,1,13
815734757,human,0.907,human,1,6
815734759,human,0.907,human,1,2
815734763,non_human,0.992,unknown,1,63
815734764,human,0.956,human,1,7
815734768,non_human,0.901,human,1,1
815734769,human,0.922,human,1,8
815734771,human,0.956,human,1,13
815734772,human,0.907,non_human,1,5
815734780,human,0.907,human,1,6
815734785,human,0.909,human,1,6
815734786,human,0.956,human,1,13
815734788,non_human,0.991,non_human,1,14
815734790,non_human,0.958,non_human,1,11
815734791,human,0.956,human,1,7
815734792,non_human,0.992,non_human,1,63
815734793,human,0.956,human,1,20
815734798,human,0.907,human,1,2
815734799,human,0.907,non_human,1,2
815734800,non_human,0.913,non_human,1,1
815734801,human,0.909,human,1,6
815734803,human,0.913,human,1,6
815734804,human,0.907,human,1,6
815734805,human,0.909,non_human,1,6
815734809,human,0.938,human,1,2
815734810,human,0.913,human,1,2
815734811,human,0.907,unknown,1,6
815734812,human,0.909,unknown,1,6
815734815,human,0.956,human,1,4
815734816,human,0.936,unknown,1,8
815734817,human,0.956,human,1,16
815734818,human,0.938,human,1,7
815734819,human,0.956,human,1,35
815734823,human,0.909,human,1,8
815734824,human,0.909,unknown,1,6
815734825,human,0.907,human,1,6
815734827,human,0.909,non_human,1,3
815734831,human,0.907,human,1,6
815734834,human,0.907,human,1,6
815734837,human,0.922,human,1,8
815734838,human,0.956,human,1,12
815734839,human,0.913,human,1,4
815734842,human,0.936,human,1,8
815734843,human,0.956,human,1,4
815734844,human,0.94,human,1,19
815734846,human,0.937,human,1,7
815734848,human,0.956,human,1,21
815734849,human,0.94,human,1,13
815734853,human,0.938,human,1,4
815734854,human,0.907,human,1,5
815734859,human,0.956,human,1,20
815734861,human,0.922,unknown,1,6
815734862,human,0.945,human,1,4
815734865,human,0.913,human,1,6
815734866,human,0.913,human,1,6
815734867,human,0.94,human,1,16
815734868,human,0.913,human,1,3
815734869,human,0.907,human,1,6
815734873,human,0.909,human,1,6
815734878,human,0.94,human,1,18
815734881,human,0.907,human,1,8
815734888,human,0.922,human,1,6
815734892,human,0.956,human,1,9
815734893,human,0.913,human,1,3
815734894,human,0.956,human,1,18
815734898,human,0.94,human,1,17
815734902,human,0.907,human,1,6
815734906,human,0.913,human,1,2
815734909,human,0.907,human,1,2
815734911,non_human,0.924,non_human,1,1
815734913,human,0.909,non_human,1,1
815734915,human,0.907,human,1,2
815734917,human,0.907,unknown,1,6
815734919,human,0.956,human,1,22
815734920,human,0.907,human,1,5
815734922,human,0.922,human,1,8
815734924,human,0.909,human,1,6
815734926,human,0.907,human,1,6
815734930,human,0.922,human,1,8
815734932,human,0.938,human,1,9
815734934,human,0.956,human,1,16
815734935,non_human,0.992,unknown,1,63
815734936,human,0.937,human,1,7
815734941,human,0.913,human,1,4
815734942,human,0.94,human,1,19
815734943,human,0.922,human,1,6
815734946,human,0.907,human,1,8
815734947,human,0.909,human,1,5
815734949,human,0.956,human,1,15
815734952,human,0.947,human,1,13
815734953,human,0.94,unknown,1,19
815734955,human,0.956,human,1,9
815734956,human,0.94,human,1,15
815734957,human,0.956,human,1,14
815734960,human,0.956,human,1,20
815734963,human,0.922,human,1,8
815734966,human,0.913,human,1,4
815734967,human,0.907,human,1,5
815734968,human,0.94,human,1,19
815734972,human,0.947,human,1,10
815734977,human,0.956,human,1,9
815734979,human,0.956,human,1,23
815734986,human,0.922,human,1,8
815734992,human,0.956,human,1,6
815734994,human,0.909,human,1,6
815734996,human,0.922,non_human,1,10
815734997,human,0.94,human,1,19
815734999,human,0.913,non_human,1,3
815735002,human,0.909,human,1,6
815735003,human,0.907,human,1,6
815735004,human,0.956,human,1,16
815735006,human,0.922,human,1,10
815735007,human,0.956,human,1,18
815735008,human,0.907,non_human,1,6
815735009,human,0.94,human,1,22
815735014,human,0.909,human,1,6
815735016,human,0.907,human,1,5
815735017,human,0.913,human,1,2
815735018,human,0.956,human,1,10
815735019,human,0.922,human,1,8
815735020,human,0.909,human,1,6
815735021,human,0.909,human,1,6
815735024,human,0.938,human,1,9
815735025,human,0.94,human,1,13
815735026,human,0.907,human,1,6
815735027,human,0.922,human,1,8
815735030,human,0.922,human,1,6
815735034,human,0.956,human,1,15
815735035,non_human,0.952,non_human,1,16
815735042,human,0.956,unknown,1,10
815735045,human,0.913,human,1,1
815735049,human,0.94,human,1,21
815735052,non_human,0.924,non_human,1,1
815735055,human,0.907,non_human,1,6
815735056,human,0.94,human,1,18
815735057,human,0.913,human,1,1
815735059,human,0.909,human,1,1
815735066,human,0.909,human,1,6
815735069,human,0.907,human,1,2
815735070,non_human,0.958,unknown,1,29
815735072,human,0.956,human,1,16
815735075,human,0.94,human,1,20
815735076,human,0.913,human,1,4
815735077,human,0.947,human,1,10
815735078,human,0.907,human,1,5
815735082,human,0.907,human,1,5
815735084,human,0.907,human,1,6
815735085,human,0.94,human,1,18
815735089,human,0.909,human,1,1
815735090,human,0.938,human,1,7
815735092,human,0.94,human,1,22
815735093,human,0.922,human,1,8
815735095,human,0.936,human,1,7
815735097,human,0.909,human,1,6
815735100,human,0.956,human,1,8
815735101,human,0.956,human,1,11
815735103,human,0.956,non_human,1,10
815735104,non_human,0.924,non_human,1,1
815735106,non_human,0.924,non_human,1,1
815735107,human,0.947,human,1,13
815735108,human,0.956,human,1,22
815735112,human,0.94,human,1,12
815735119,human,0.936,human,1,5
815735121,human,0.94,human,1,17
815735122,human,0.907,human,1,6
815735124,human,0.922,human,1,7
815735126,human,0.938,human,1,7
815735127,human,0.94,human,1,13
815735130,human,0.956,human,1,16
815735131,human,0.907,human,1,5
815735132,human,0.956,human,1,20
815735134,human,0.956,human,1,24
815735138,human,0.909,non_human,1,6
815735143,human,0.907,unknown,1,2
815735146,human,0.907,non_human,1,5
815735150,human,0.909,human,1,5
815735151,human,0.913,human,1,3
815735155,human,0.94,human,1,21
815735156,non_human,0.901,non_human,1,1
815735160,human,0.956,human,1,22
815735164,human,0.956,human,1,16
815735165,human,0.913,human,1,3
815735166,human,0.94,human,1,18
815735167,non_human,0.967,unknown,1,46
815735172,non_human,0.928,non_human,1,5
815735174,non_human,0.924,human,1,1
815735180,human,0.933,human,1,3
815735183,human,0.956,human,1,7
815735184,human,0.922,human,1,7
815735185,human,0.907,unknown,1,6
815735187,human,0.907,human,1,6
815735189,human,0.907,human,1,2
815735190,human,0.938,human,1,4
815735203,human,0.913,human,1,1
815735206,human,0.907,human,1,6
815735209,human,0.94,human,1,19
815735210,human,0.956,human,1,6
815735211,human,0.956,human,1,10
815735212,human,0.94,human,1,19
815735214,human,0.956,human,1,16
815735215,human,0.913,human,1,4
815735216,human,0.907,human,1,6
815735217,human,0.936,human,1,8
815735219,human,0.913,human,1,4
815735220,human,0.922,human,1,8
815735223,non_human,0.924,non_human,1,1
815735225,human,0.907,non_human,1,6
815735226,human,0.913,human,1,2
815735230,human,0.913,human,1,1
815735231,human,0.909,human,1,1
815735233,non_human,0.943,human,1,3
815735234,human,0.956,human,1,6
815735237,human,0.94,human,1,19
815735238,human,0.956,human,1,23
815735243,human,0.936,human,1,6
815735245,non_human,0.991,human,1,27
815735250,non_human,0.924,human,1,1
815735253,human,0.94,human,1,19
815735255,human,0.956,human,1,10
815735260,human,0.907,human,1,2
815735262,human,0.922,human,1,8
815735264,human,0.937,human,1,3
815735265,human,0.907,human,1,6
815735269,human,0.907,unknown,1,6
815735275,human,0.956,human,1,16
815735276,human,0.913,human,1,4
815735278,human,0.947,human,1,13
815735280,human,0.913,human,1,2
815735282,human,0.94,non_human,1,19
815735283,human,0.913,non_human,1,3
815735285,human,0.913,human,1,4
815735287,human,0.94,human,1,19
815735290,human,0.907,human,1,6
815735292,human,0.956,non_human,1,10
815735294,human,0.909,non_human,1,6
815735301,human,0.913,human,1,4
815735307,human,0.907,human,1,6
815735308,human,0.907,human,1,5
815735313,human,0.913,human,1,6
815735315,human,0.922,human,1,8
815735317,human,0.922,human,1,6
815735320,human,0.956,human,1,15
815735323,human,0.94,human,1,11
815735327,human,0.913,human,1,3
815735328,human,0.922,human,1,8
815735331,human,0.956,human,1,12
815735333,human,0.909,human,1,6
815735334,human,0.947,human,1,13
815735336,human,0.913,human,1,4
815735339,human,0.94,human,1,12
815735341,human,0.913,human,1,4
815735343,human,0.922,human,1,8
815735347,human,0.913,human,1,4
815735348,human,0.956,human,1,13
815735349,human,0.956,non_human,1,10
815735353,human,0.956,human,1,8
815735355,human,0.907,human,1,6
815735358,human,0.922,human,1,6
815735359,human,0.956,human,1,16
815735361,human,0.907,human,1,4
815735365,human,0.907,human,1,5
815735366,human,0.956,human,1,21
815735368,human,0.907,human,1,6
815735371,human,0.922,non_human,1,8
815735376,human,0.913,human,1,3
815735377,human,0.936,human,1,6
815735379,human,0.956,human,1,35
815735380,human,0.94,human,1,18
815735384,human,0.907,human,1,6
815735386,human,0.956,human,1,13
815735387,non_human,0.924,non_human,1,1
815735389,human,0.909,non_human,1,6
815735390,human,0.956,human,1,12
815735392,human,0.913,human,1,2
815735397,human,0.907,human,1,6
815735398,non_human,0.924,non_human,1,1
815735402,human,0.909,human,1,6
815735403,human,0.907,human,1,6
815735405,human,0.907,human,1,8
815735406,human,0.907,human,1,2
815735408,human,0.909,human,1,6
815735409,human,0.907,non_human,1,2
815735414,human,0.94,human,1,13
815735415,human,0.909,human,1,6
815735416,human,0.947,unknown,1,13
815735417,human,0.937,human,1,7
815735418,non_human,0.951,human,1,9
815735421,human,0.907,human,1,6
815735423,human,0.94,human,1,19
815735425,human,0.94,human,1,13
815735428,human,0.956,human,1,11
815735429,human,0.907,human,1,6
815735432,non_human,0.963,non_human,1,37
815735438,human,0.94,human,1,19
815735439,human,0.922,human,1,8
815735443,human,0.909,human,1,6
815735444,human,0.907,human,1,4
815735445,human,0.909,human,1,6
815735447,human,0.956,human,1,8
815735448,human,0.922,human,1,10
815735453,human,0.907,human,1,6
815735454,human,0.956,human,1,28
815735456,non_human,0.992,non_human,1,52
815735459,human,0.909,human,1,1
815735460,human,0.907,unknown,1,6
815735464,human,0.922,human,1,8
815735467,non_human,0.954,human,1,22
815735468,human,0.913,human,1,4
815735469,human,0.922,human,1,6
815735470,human,0.913,human,1,3
815735471,human,0.956,human,1,16
815735472,human,0.956,human,1,29
815735475,human,0.956,human,1,10
815735479,non_human,0.901,human,1,1
815735484,human,0.913,human,1,1
815735489,human,0.956,human,1,9
815735492,human,0.938,human,1,4
815735495,human,0.922,human,1,7
815735499,human,0.94,human,1,18
815735503,human,0.907,human,1,6
815735504,human,0.907,human,1,8
815735506,human,0.956,human,1,13
815735507,human,0.907,human,1,6
815735509,human,0.922,human,1,5
815735512,human,0.907,human,1,6
815735518,human,0.94,human,1,12
815735522,human,0.907,human,1,2
815735528,human,0.922,human,1,10
815735530,human,0.922,human,1,10
815735532,human,0.913,human,1,3
815735533,human,0.909,non_human,1,6
815735535,human,0.913,human,1,1
815735536,human,0.922,human,1,8
815735540,human,0.907,human,1,2
815735541,human,0.956,human,1,21
815735544,human,0.956,human,1,11
815735546,non_human,0.963,non_human,1,3
815735549,human,0.913,human,1,4
815735552,human,0.907,human,1,8
815735553,non_human,0.924,non_human,1,1
815735555,non_human,0.992,human,1,63
815735556,human,0.907,human,1,6
815735557,human,0.913,human,1,2
815735558,human,0.907,human,1,2
815735567,human,0.907,human,1,2
815735569,human,0.94,human,1,17
815735576,human,0.956,human,1,4
815735578,human,0.922,human,1,6
815735581,human,0.907,human,1,6
815735587,human,0.936,unknown,1,8
815735592,human,0.907,human,1,2
815735594,human,0.922,human,1,10
815735599,human,0.956,human,1,16
815735606,human,0.938,unknown,1,7
815735607,human,0.913,non_human,1,3
815735608,human,0.94,human,1,19
815735612,human,0.94,human,1,22
815735615,human,0.922,human,1,8
815735616,human,0.956,human,1,10
815735617,non_human,0.924,non_human,1,1
815735618,human,0.938,human,1,9
815735619,human,0.956,human,1,16
815735620,human,0.907,human,1,6
815735621,human,0.909,human,1,6
815735622,non_human,0.934,human,1,7
815735624,human,0.922,non_human,1,8
815735626,human,0.956,unknown,1,35
815735627,human,0.907,non_human,1,2
815735639,human,0.909,human,1,1
815735641,human,0.922,human,1,8
815735643,human,0.909,human,1,3
815735646,human,0.922,unknown,1,8
815735648,human,0.907,human,1,5
815735650,human,0.922,human,1,8
815735651,non_human,0.958,human,1,2
815735652,human,0.956,human,1,35
815735654,human,0.909,human,1,1
815735659,human,0.907,human,1,6
815735664,human,0.94,human,1,13
815735668,human,0.956,human,1,19
815735669,human,0.94,human,1,9
815735672,human,0.956,human,1,22
815735675,human,0.956,human,1,26
815735676,human,0.947,human,1,7
815735678,human,0.933,human,1,3
815735680,human,0.907,human,1,5
815735681,non_human,0.924,non_human,1,1
815735688,human,0.913,human,1,1
815735690,human,0.907,human,1,6
815735694,human,0.909,non_human,1,6
815735696,human,0.922,human,1,6
815735697,human,0.913,human,1,3
815735702,human,0.956,human,1,18
815735703,human,0.94,human,1,17
815735704,non_human,0.901,non_human,1,1
815735714,human,0.913,human,1,4
815735717,non_human,0.991,non_human,1,27
815735718,non_human,0.924,human,1,1
815735719,human,0.913,human,1,4
815735720,non_human,0.924,non_human,1,1
815735724,human,0.938,human,1,4
815735727,human,0.909,human,1,1
815735729,human,0.956,human,1,18
815735731,human,0.922,human,1,8
815735732,human,0.956,human,1,10
815735733,human,0.947,human,1,13
815735742,human,0.922,non_human,1,10
815735744,human,0.922,human,1,8
815735745,human,0.94,human,1,21
815735746,human,0.922,human,1,8
815735747,human,0.947,human,1,13
815735748,non_human,0.924,non_human,1,1
815735751,human,0.913,unknown,1,4
815735753,human,0.907,human,1,6
815735754,human,0.956,human,1,22
815735756,non_human,0.924,unknown,1,1
815735757,human,0.947,human,1,13
815735760,human,0.909,human,1,6
815735761,human,0.94,human,1,19
815735762,human,0.956,human,1,12
815735765,human,0.936,human,1,8
815735767,human,0.907,non_human,1,6
815735769,non_human,0.992,non_human,1,46
815735770,human,0.909,human,1,6
815735771,human,0.913,human,1,5
815735772,human,0.922,human,1,8
815735774,human,0.907,human,1,2
815735775,human,0.947,human,1,13
815735776,non_human,0.924,non_human,1,1
815735777,human,0.922,human,1,10
815735778,non_human,0.924,human,1,1
815735781,human,0.909,human,1,6
815735785,non_human,0.924,human,1,1
815735786,human,0.913,human,1,4
815735791,non_human,0.924,human,1,1
815735792,human,0.907,unknown,1,2
815735794,human,0.956,human,1,9
815735796,non_human,0.924,non_human,1,2
815735797,human,0.907,human,1,5
815735798,human,0.922,non_human,1,6
815735805,non_human,0.924,non_human,1,1
815735807,non_human,0.924,non_human,1,1
815735810,human,0.94,human,1,17
815735811,non_human,0.924,non_human,1,1
815735823,non_human,0.924,non_human,1,1
815735828,non_human,0.924,human,1,1
815735830,human,0.907,unknown,1,6
815735832,human,0.907,non_human,1,6
815735834,human,0.909,human,1,6
815735836,human,0.922,non_human,1,8
815735844,human,0.907,human,1,5
815735846,non_human,0.924,non_human,1,1
815735847,human,0.913,human,1,3
815735849,human,0.956,human,1,23
815735850,non_human,0.924,non_human,1,1
815735851,human,0.947,human,1,10
815735852,human,0.956,human,1,19
815735853,human,0.922,human,1,7
815735859,non_human,0.963,non_human,1,12
815735860,human,0.913,human,1,4
815735862,human,0.922,human,1,10
815735864,human,0.907,human,1,2
815735865,human,0.907,human,1,6
815735871,human,0.909,non_human,1,5
815735872,human,0.909,human,1,5
815735877,human,0.909,human,1,1
815735878,non_human,0.924,non_human,1,1
815735879,human,0.94,human,1,19
815735881,human,0.909,human,1,5
815735882,human,0.909,human,1,8
815735883,human,0.956,human,1,16
815735889,human,0.922,non_human,1,7
815735892,human,0.907,human,1,6
815735895,human,0.907,human,1,2
815735897,human,0.94,human,1,13
815735901,human,0.94,human,1,19
815735902,non_human,0.954,human,1,37
815735903,human,0.956,human,1,8
815735908,human,0.913,human,1,2
815735912,non_human,0.924,non_human,1,1
815735913,human,0.907,unknown,1,6
815735915,human,0.94,human,1,18
815735918,human,0.907,human,1,2
815735921,human,0.94,human,1,13
815735922,human,0.913,unknown,1,5
815735925,human,0.956,human,1,22
815735930,non_human,0.992,unknown,1,37
815735931,non_human,0.924,non_human,1,1
815735932,human,0.907,human,1,6
815735935,human,0.907,human,1,6
815735936,human,0.922,human,1,8
815735937,human,0.956,human,1,18
815735938,human,0.94,non_human,1,19
815735944,human,0.913,human,1,3
815735949,human,0.907,human,1,2
815735950,human,0.909,human,1,1
815735952,human,0.947,human,1,13
815735954,human,0.907,human,1,2
815735955,human,0.907,human,1,6
815735956,human,0.907,human,1,6
815735962,human,0.909,human,1,1
815735965,human,0.947,human,1,13
815735971,human,0.94,unknown,1,20
815735975,human,0.922,human,1,8
815735978,human,0.956,human,1,4
815735980,human,0.922,non_human,1,8
815735981,human,0.956,human,1,16
815735983,human,0.907,human,1,6
815735986,human,0.907,human,1,5
815735988,non_human,0.954,non_human,1,29
815735994,human,0.907,non_human,1,2
815735995,human,0.956,human,1,16
815735998,human,0.922,human,1,8
815736002,human,0.956,human,1,18
815736004,human,0.922,human,1,6
815736008,human,0.94,human,1,13
815736009,human,0.94,non_human,1,18
815736015,human,0.956,human,1,13
815736018,human,0.922,human,1,8
815736019,human,0.922,human,1,8
815736020,human,0.913,human,1,4
815736021,human,0.956,human,1,16
815736022,human,0.907,human,1,6
815736026,human,0.907,non_human,1,2
815736027,human,0.956,human,1,16
815736029,human,0.913,human,1,3
815736031,human,0.907,unknown,1,6
815736037,human,0.907,human,1,6
815736038,human,0.922,human,1,8
815736041,human,0.936,human,1,5
815736042,human,0.956,human,1,22
815736045,human,0.907,human,1,5
815736050,human,0.909,human,1,6
815736053,human,0.907,human,1,2
815736054,human,0.909,human,1,1
815736055,human,0.94,human,1,11
815736057,human,0.909,human,1,3
815736058,human,0.956,human,1,21
815736059,human,0.907,human,1,6
815736061,human,0.907,human,1,5
815736069,human,0.956,human,1,8
815736073,human,0.907,human,1,6
815736079,human,0.907,human,1,2
815736080,human,0.913,human,1,1
815736081,human,0.956,human,1,22
815736082,human,0.956,unknown,1,10
815736083,human,0.94,human,1,20
815736084,human,0.956,human,1,20
815736088,human,0.956,human,1,16
815736090,human,0.956,human,1,8
815736095,human,0.907,non_human,1,5
815736096,human,0.956,human,1,16
815736097,human,0.907,human,1,5
815736098,human,0.936,human,1,8
815736099,human,0.907,human,1,2
815736100,human,0.947,human,1,13
815736101,human,0.922,human,1,8
815736103,human,0.956,human,1,27
815736104,human,0.94,human,1,19
815736106,human,0.907,non_human,1,2
815736108,human,0.913,human,1,2
815736109,human,0.922,human,1,8
815736112,human,0.94,human,1,17
815736115,human,0.913,human,1,1
815736117,human,0.956,human,1,25
815736118,human,0.907,human,1,6
815736119,human,0.94,human,1,19
815736120,human,0.907,human,1,6
815736124,human,0.938,human,1,7
815736125,human,0.907,human,1,6
815736127,human,0.956,human,1,20
815736131,human,0.94,human,1,18
815736139,non_human,0.901,human,1,1
815736148,human,0.909,human,1,6
815736151,human,0.913,human,1,6
815736152,human,0.956,human,1,22
815736154,human,0.922,non_human,1,8
815736156,non_human,0.901,human,1,1
815736160,human,0.913,human,1,4
815736162,human,0.907,human,1,6
815736168,human,0.907,non_human,1,5
815736169,human,0.907,human,1,5
815736175,non_human,0.924,human,1,1
815736176,human,0.909,human,1,6
815736177,human,0.907,non_human,1,2
815736179,non_human,0.996,non_human,1,96
815736183,human,0.956,human,1,24
815736184,human,0.909,human,1,1
815736185,human,0.907,human,1,6
815736186,human,0.907,human,1,8
815736187,human,0.94,human,1,19
815736188,human,0.913,human,1,2
815736189,human,0.956,human,1,12
815736194,human,0.909,unknown,1,1
815736198,human,0.956,human,1,22
815736201,human,0.913,human,1,2
815736202,human,0.94,human,1,15
815736205,human,0.907,human,1,6
815736209,human,0.909,human,1,6
815736218,human,0.956,unknown,1,15
815736222,human,0.922,unknown,1,7
815736223,human,0.956,human,1,6
815736224,human,0.94,human,1,19
815736229,human,0.922,human,1,8
815736232,human,0.909,human,1,5
815736234,human,0.956,human,1,13
815736240,human,0.907,non_human,1,5
815736247,human,0.956,non_human,1,10
815736251,human,0.913,human,1,4
815736253,human,0.907,human,1,6
815736257,human,0.907,unknown,1,6
815736263,human,0.956,human,1,19
815736265,human,0.907,human,1,5
815736266,human,0.922,human,1,8
815736267,human,0.913,human,1,3
815736281,human,0.907,non_human,1,6
815736287,human,0.956,human,1,18
815736290,human,0.913,human,1,4
815736291,human,0.909,human,1,6
815736293,human,0.956,non_human,1,4
815736295,human,0.922,human,1,8
815736297,human,0.907,non_human,1,2
815736300,human,0.956,human,1,13
815736302,human,0.907,human,1,6
815736305,human,0.947,human,1,7
815736310,human,0.922,human,1,6
815736311,human,0.956,human,1,26
815736314,non_human,0.901,human,1,1
815736315,human,0.909,human,1,1
815736319,human,0.907,human,1,6
815736320,human,0.956,human,1,22
815736323,human,0.909,human,1,1
815736326,human,0.909,human,1,6
815736330,human,0.907,non_human,1,6
815736331,human,0.922,human,1,8
815736334,human,0.94,human,1,19
815736336,human,0.956,human,1,16
815736337,human,0.94,human,1,19
815736338,human,0.913,human,1,5
815736341,human,0.907,human,1,6
815736349,human,0.936,human,1,8
815736352,human,0.909,human,1,5
815736353,human,0.94,human,1,17
815736354,human,0.922,unknown,1,8
815736355,non_human,0.924,non_human,1,1
815736357,human,0.947,human,1,13
815736358,human,0.956,unknown,1,35
815736363,human,0.909,human,1,6
815736367,human,0.922,human,1,6
815736368,human,0.907,human,1,5
815736370,human,0.909,human,1,1
815736374,human,0.913,non_human,1,5
815736375,human,0.94,human,1,14
815736376,human,0.956,human,1,16
815736377,human,0.938,human,1,7
815736378,human,0.956,human,1,15
815736381,human,0.907,human,1,6
815736384,human,0.913,human,1,3
815736391,human,0.907,human,1,2
815736392,human,0.907,human,1,6
815736393,human,0.956,human,1,10
815736398,human,0.94,human,1,15
815736401,human,0.907,human,1,2
815736402,human,0.922,human,1,8
815736403,human,0.907,human,1,2
815736408,human,0.922,non_human,1,8
815736412,human,0.907,non_human,1,6
815736414,human,0.907,human,1,2
815736416,human,0.947,human,1,13
815736417,human,0.94,human,1,20
815736422,human,0.956,human,1,16
815736425,human,0.922,human,1,8
815736426,human,0.947,human,1,12
815736428,human,0.907,human,1,2
815736429,human,0.922,human,1,7
815736433,human,0.947,human,1,13
815736434,human,0.913,human,1,3
815736436,non_human,0.958,non_human,1,29
815736437,non_human,0.954,non_human,1,37
815736438,human,0.938,human,1,13
815736446,human,0.913,human,1,3
815736447,human,0.922,human,1,8
815736450,human,0.947,human,1,13
815736454,human,0.907,human,1,6
815736455,human,0.933,unknown,1,3
815736456,human,0.907,human,1,6
815736459,human,0.909,human,1,6
815736461,human,0.94,non_human,1,19
815736462,human,0.909,non_human,1,6
815736465,non_human,0.954,human,1,37
815736466,non_human,0.954,human,1,22
815736468,non_human,0.992,unknown,1,37
815736470,human,0.956,human,1,7
815736471,human,0.94,human,1,19
815736472,non_human,0.924,non_human,1,1
815736474,human,0.907,non_human,1,2
815736484,human,0.907,human,1,6
815736488,human,0.922,human,1,10
815736489,human,0.909,non_human,1,6
815736496,human,0.913,human,1,3
815736497,human,0.913,human,1,4
815736500,human,0.956,human,1,29
815736501,human,0.922,human,1,5
815736504,human,0.913,human,1,4
815736505,human,0.94,unknown,1,20
815736507,human,0.913,human,1,4
815736508,human,0.913,human,1,6
815736509,human,0.956,human,1,18
815736513,human,0.956,human,1,12
815736516,human,0.913,human,1,1
815736517,human,0.94,unknown,1,18
815736518,human,0.913,human,1,4
815736520,human,0.909,human,1,5
815736523,human,0.907,human,1,8
815736525,human,0.907,human,1,6
815736528,human,0.907,human,1,6
815736529,human,0.922,human,1,7
815736532,human,0.956,human,1,10
815736533,human,0.956,human,1,15
815736534,non_human,0.924,human,1,1
815736535,human,0.94,human,1,20
815736538,human,0.956,human,1,20
815736539,human,0.909,human,1,6
815736540,human,0.94,human,1,17
815736541,human,0.956,human,1,22
815736542,human,0.956,human,1,33
815736543,human,0.922,human,1,10
815736545,human,0.94,human,1,18
815736546,human,0.94,unknown,1,19
815736547,human,0.947,human,1,13
815736548,human,0.907,human,1,2
815736552,human,0.956,human,1,16
815736553,human,0.956,human,1,20
815736554,human,0.907,human,1,6
815736555,human,0.922,non_human,1,8
815736563,human,0.909,human,1,1
815736564,human,0.956,human,1,10
815736565,human,0.956,human,1,20
815736569,human,0.956,human,1,7
815736572,non_human,0.989,non_human,1,6
815736577,human,0.94,human,1,19
815736581,human,0.907,human,1,6
815736582,human,0.938,human,1,7
815736586,human,0.907,human,1,6
815736587,non_human,0.928,human,1,4
815736589,human,0.922,non_human,1,8
815736591,human,0.94,human,1,22
815736595,human,0.936,human,1,5
815736596,human,0.956,human,1,22
815736597,human,0.913,human,1,4
815736601,human,0.907,non_human,1,8
815736603,human,0.907,human,1,2
815736606,human,0.913,human,1,3
815736612,human,0.913,human,1,3
815736615,human,0.907,non_human,1,5
815736616,human,0.956,human,1,15
815736618,human,0.956,human,1,18
815736626,human,0.956,human,1,22
815736627,human,0.956,human,1,15
815736628,human,0.956,human,1,22
815736630,human,0.913,human,1,4
815736634,human,0.956,human,1,4
815736635,human,0.956,human,1,8
815736636,non_human,0.951,human,1,13
815736638,human,0.956,human,1,16
815736642,human,0.956,human,1,7
815736645,human,0.956,human,1,16
815736649,human,0.956,human,1,10
815736655,human,0.922,human,1,7
815736657,human,0.922,human,1,6
815736660,human,0.94,human,1,19
815736661,human,0.913,human,1,2
815736662,human,0.909,human,1,6
815736663,human,0.913,human,1,4
815736671,non_human,0.967,non_human,1,29
815736672,human,0.907,human,1,5
815736675,human,0.936,non_human,1,6
815736676,human,0.922,human,1,8
815736680,human,0.909,human,1,6
815736681,human,0.909,human,1,1
815736682,human,0.956,human,1,20
815736683,human,0.922,unknown,1,6
815736685,non_human,0.963,non_human,1,37
815736686,human,0.956,human,1,7
815736693,human,0.956,non_human,1,10
815736695,human,0.909,human,1,6
815736697,human,0.956,human,1,20
815736699,human,0.94,human,1,19
815736703,human,0.913,human,1,3
815736704,human,0.94,human,1,18
815736705,human,0.94,human,1,17
815736706,human,0.909,unknown,1,5
815736708,human,0.907,human,1,6
815736710,human,0.907,human,1,5
815736712,human,0.909,human,1,8
815736713,human,0.913,human,1,2
815736714,human,0.909,human,1,6
815736715,human,0.907,human,1,6
815736716,human,0.913,human,1,4
815736721,human,0.913,human,1,1
815736723,human,0.922,human,1,8
815736725,human,0.956,human,1,12
815736728,human,0.956,human,1,7
815736731,human,0.937,human,1,7
815736732,human,0.913,human,1,1
815736734,human,0.907,human,1,6
815736737,human,0.907,human,1,6
815736741,human,0.938,human,1,4
815736742,human,0.913,human,1,4
815736745,human,0.94,human,1,19
815736746,human,0.956,human,1,9
815736749,human,0.956,human,1,7
815736752,human,0.956,human,1,6
815736753,human,0.956,human,1,16
815736754,human,0.907,human,1,6
815736757,human,0.94,human,1,13
815736761,human,0.937,human,1,7
815736762,human,0.913,human,1,4
815736763,human,0.909,human,1,5
815736764,human,0.956,human,1,16
815736766,human,0.936,human,1,8
815736768,human,0.936,human,1,8
815736769,human,0.947,human,1,13
815736771,human,0.907,human,1,6
815736772,non_human,0.924,non_human,1,1
815736776,human,0.913,human,1,2
815736779,non_human,0.954,human,1,37
815736784,human,0.913,human,1,5
815736785,human,0.94,human,1,15
815736786,human,0.94,human,1,19
815736787,human,0.956,human,1,20
815736789,human,0.922,human,1,10
815736791,non_human,0.967,human,1,46
815736792,non_human,0.958,human,1,29
815736793,human,0.922,human,1,8
815736801,human,0.907,human,1,6
815736802,human,0.956,human,1,13
815736803,human,0.913,human,1,3
815736804,human,0.909,human,1,6
815736807,human,0.907,human,1,2
815736809,human,0.956,human,1,21
815736810,human,0.938,non_human,1,7
815736812,human,0.907,unknown,1,6
815736814,human,0.94,human,1,15
815736820,human,0.938,human,1,4
815736821,human,0.956,human,1,22
815736825,human,0.956,human,1,13
815736826,human,0.936,human,1,5
815736837,human,0.956,human,1,21
815736838,human,0.937,human,1,7
815736843,human,0.907,human,1,5
815736846,human,0.94,human,1,19
815736847,human,0.937,human,1,3
815736848,human,0.94,human,1,22
815736853,human,0.913,non_human,1,1
815736859,human,0.907,human,1,6
815736861,human,0.907,human,1,6
815736864,human,0.956,human,1,16
815736865,human,0.909,human,1,5
815736866,human,0.907,human,1,6
815736871,human,0.907,human,1,8
815736872,human,0.907,human,1,6
815736873,human,0.907,human,1,5
815736874,human,0.913,human,1,4
815736875,human,0.907,human,1,6
815736876,human,0.907,human,1,5
815736877,human,0.909,human,1,6
815736878,human,0.936,human,1,6
815736880,non_human,0.951,human,1,2
815736884,human,0.909,human,1,6
815736885,human,0.937,human,1,7
815736889,non_human,0.924,human,1,2
815736890,human,0.907,human,1,6
815736891,non_human,0.95,unknown,1,7
815736892,human,0.956,human,1,21
815736895,human,0.956,human,1,4
815736896,human,0.956,human,1,15
815736900,human,0.922,human,1,7
815736902,human,0.913,human,1,1
815736904,human,0.922,human,1,8
815736905,human,0.956,human,1,9
815736906,human,0.956,human,1,11
815736908,human,0.909,human,1,6
815736911,human,0.956,human,1,18
815736912,non_human,0.947,non_human,1,5
815736919,human,0.907,human,1,2
815736921,human,0.909,human,1,6
815736922,human,0.907,human,1,6
815736923,human,0.94,human,1,11
815736924,human,0.909,non_human,1,1
815736925,human,0.907,human,1,6
815736926,human,0.956,human,1,18
815736927,human,0.956,human,1,29
815736928,human,0.913,human,1,4
815736933,human,0.907,human,1,6
815736934,human,0.907,human,1,5
815736935,human,0.956,human,1,22
815736937,human,0.907,human,1,5
815736938,human,0.956,human,1,15
815736940,human,0.907,human,1,2
815736941,human,0.907,human,1,5
815736942,human,0.913,human,1,4
815736943,human,0.907,non_human,1,6
815736946,human,0.94,human,1,17
815736947,non_human,0.924,non_human,1,1
815736951,human,0.937,human,1,3
815736953,human,0.936,human,1,6
815736956,human,0.947,non_human,1,13
815736957,human,0.94,human,1,19
815736961,human,0.913,human,1,1
815736962,human,0.907,non_human,1,8
815736963,human,0.913,human,1,1
815736966,non_human,0.924,non_human,1,1
815736969,human,0.907,unknown,1,6
815736970,human,0.907,human,1,5
815736972,human,0.907,non_human,1,2
815736974,human,0.907,human,1,7
815736975,human,0.956,human,1,10
815736976,non_human,0.924,human,1,1
815736977,human,0.907,human,1,2
815736978,human,0.913,human,1,2
815736979,human,0.94,human,1,11
815736980,human,0.907,human,1,2
815736988,human,0.956,human,1,22
815736992,human,0.907,human,1,5
815737000,human,0.956,human,1,10
815737001,human,0.913,human,1,4
815737003,human,0.922,human,1,8
815737004,human,0.907,non_human,1,2
815737005,human,0.94,unknown,1,13
815737006,human,0.922,unknown,1,8
815737012,human,0.956,human,1,13
815737013,human,0.956,human,1,16
815737015,human,0.913,human,1,2
815737019,human,0.956,human,1,12
815737026,human,0.956,human,1,16
815737027,human,0.922,non_human,1,8
815737028,human,0.938,non_human,1,7
815737030,human,0.956,human,1,10
815737035,non_human,0.967,unknown,1,46
815737036,human,0.907,non_human,1,6
815737039,human,0.922,human,1,7
815737040,human,0.913,human,1,4
815737041,human,0.913,human,1,4
815737042,human,0.922,human,1,8
815737047,non_human,0.901,non_human,1,1
815737049,human,0.922,human,1,8
815737051,human,0.956,human,1,35
815737061,human,0.913,human,1,3
815737065,human,0.913,human,1,4
815737069,human,0.913,human,1,3
815737071,human,0.94,human,1,19
815737074,human,0.956,human,1,27
815737075,human,0.94,human,1,21
815737077,human,0.94,human,1,20
815737086,human,0.922,human,1,8
815737090,human,0.922,human,1,8
815737091,human,0.956,human,1,10
815737095,human,0.907,human,1,6
815737098,human,0.907,human,1,6
815737099,human,0.907,human,1,2
815737101,human,0.907,human,1,6
815737102,human,0.956,human,1,27
815737103,human,0.956,human,1,16
815737108,human,0.922,human,1,8
815737111,human,0.907,non_human,1,6
815737114,human,0.94,human,1,21
815737120,human,0.907,human,1,6
815737122,human,0.907,non_human,1,2
815737124,human,0.907,human,1,6
815737125,human,0.909,human,1,6
815737126,human,0.94,human,1,12
815737127,human,0.938,human,1,7
815737128,human,0.956,human,1,15
815737129,human,0.936,human,1,6
815737130,human,0.947,human,1,13
815737131,human,0.956,human,1,17
815737134,human,0.922,human,1,8
815737142,human,0.907,human,1,6
815737146,human,0.907,unknown,1,6
815737147,human,0.907,human,1,5
815737150,non_human,0.928,non_human,1,5
815737153,human,0.922,human,1,8
815737154,human,0.907,human,1,2
815737160,human,0.956,human,1,9
815737163,human,0.956,human,1,16
815737165,human,0.909,human,1,5
815737166,human,0.944,human,1,12
815737168,human,0.956,human,1,5
815737169,human,0.956,human,1,16
815737174,human,0.956,human,1,4
815737177,human,0.956,human,1,10
815737185,human,0.907,human,1,6
815737188,human,0.907,human,1,6
815737189,human,0.907,human,1,6
815737190,non_human,0.931,non_human,1,4
815737197,human,0.922,human,1,8
815737198,human,0.913,human,1,4
815737200,human,0.94,unknown,1,19
815737201,human,0.94,human,1,19
815737206,human,0.913,human,1,1
815737210,human,0.913,human,1,2
815737211,human,0.907,human,1,2
815737212,human,0.956,human,1,10
815737215,human,0.913,human,1,6
815737216,non_human,0.906,human,1,1
815737225,human,0.922,human,1,8
815737227,human,0.922,human,1,8
815737230,non_human,0.924,non_human,1,1
815737231,human,0.94,human,1,19
815737233,human,0.947,human,1,13
815737234,human,0.907,human,1,6
815737243,human,0.945,human,1,12
815737244,human,0.956,non_human,1,10
815737246,human,0.922,human,1,8
815737247,human,0.922,human,1,8
815737251,human,0.913,human,1,4
815737256,human,0.922,human,1,6
815737258,human,0.909,human,1,1
815737259,human,0.94,human,1,17
815737261,human,0.909,human,1,6
815737262,human,0.956,human,1,21
815737263,human,0.907,human,1,6
815737265,human,0.938,human,1,4
815737266,human,0.907,human,1,6
815737268,human,0.913,human,1,4
815737271,human,0.956,non_human,1,13
815737273,human,0.956,human,1,21
815737274,human,0.922,human,1,8
815737276,human,0.913,human,1,4
815737278,human,0.956,human,1,16
815737280,human,0.907,human,1,2
815737284,human,0.907,human,1,6
815737285,non_human,0.954,non_human,1,37
815737288,human,0.936,human,1,6
815737290,human,0.956,human,1,16
815737291,human,0.945,human,1,10
815737292,non_human,0.942,non_human,1,7
815737293,human,0.907,human,1,6
815737294,human,0.909,human,1,1
815737298,human,0.936,human,1,6
815737301,human,0.909,human,1,6
815737302,human,0.936,human,1,8
815737303,human,0.956,non_human,1,16
815737304,human,0.94,human,1,19
815737305,human,0.909,human,1,4
815737308,non_human,0.992,unknown,1,71
815737310,non_human,0.901,unknown,1,1
815737315,human,0.909,human,1,6
815737317,human,0.956,human,1,7
815737319,human,0.922,human,1,8
815737320,human,0.956,human,1,29
815737330,human,0.956,human,1,12
815737332,human,0.909,human,1,4
815737333,human,0.909,human,1,6
815737336,human,0.907,human,1,6
815737337,human,0.913,non_human,1,2
815737338,human,0.913,human,1,1
815737342,human,0.913,unknown,1,3
815737347,human,0.907,human,1,6
815737348,human,0.907,human,1,5
815737350,human,0.907,human,1,6
815737353,human,0.937,human,1,7
815737354,human,0.907,human,1,8
815737355,human,0.94,human,1,19
815737357,human,0.956,human,1,16
815737359,human,0.909,human,1,1
815737360,human,0.956,human,1,16
815737361,human,0.956,human,1,21
815737362,human,0.922,human,1,6
815737365,human,0.907,non_human,1,2
815737366,human,0.907,human,1,5
815737367,human,0.909,non_human,1,1
815737368,human,0.956,human,1,22
815737369,human,0.956,human,1,8
815737374,human,0.956,human,1,33
815737377,non_human,0.967,human,1,46
815737381,human,0.909,non_human,1,5
815737385,human,0.956,human,1,10
815737386,human,0.947,human,1,18
815737387,human,0.907,human,1,8
815737388,human,0.938,human,1,7
815737389,human,0.956,human,1,20
815737390,human,0.907,human,1,4
815737391,human,0.94,human,1,18
815737396,human,0.956,human,1,16
815737397,human,0.913,unknown,1,1
815737398,human,0.956,human,1,33
815737402,human,0.956,human,1,7
815737403,human,0.956,human,1,20
815737404,human,0.907,non_human,1,5
815737407,human,0.909,human,1,6
815737409,human,0.94,human,1,19
815737413,human,0.938,unknown,1,6
815737414,human,0.909,human,1,6
815737415,human,0.956,human,1,30
815737416,human,0.907,unknown,1,2
815737420,human,0.913,human,1,2
815737423,human,0.94,human,1,19
815737425,human,0.907,human,1,6
815737426,human,0.947,human,1,12
815737428,human,0.956,human,1,15
815737434,human,0.94,human,1,13
815737435,human,0.94,human,1,17
815737439,human,0.909,human,1,6
815737441,human,0.956,human,1,13
815737444,human,0.933,human,1,3
815737445,human,0.907,human,1,6
815737446,human,0.922,unknown,1,5
815737451,human,0.956,unknown,1,16
815737453,human,0.913,human,1,4
815737455,human,0.909,human,1,8
815737458,human,0.94,human,1,19
815737459,human,0.956,human,1,28
815737462,human,0.907,human,1,6
815737463,non_human,0.913,non_human,1,1
815737464,human,0.922,unknown,1,7
815737465,human,0.907,human,1,2
815737466,human,0.956,human,1,21
815737468,human,0.956,human,1,20
815737471,human,0.907,human,1,6
815737472,human,0.956,unknown,1,16
815737473,human,0.956,human,1,16
815737477,human,0.913,human,1,4
815737478,human,0.94,human,1,18
815737480,human,0.94,human,1,19
815737485,human,0.956,human,1,18
815737488,human,0.956,human,1,7
815737494,human,0.956,human,1,27
815737497,human,0.956,human,1,6
815737498,human,0.956,human,1,16
815737502,human,0.956,human,1,18
815737504,human,0.907,human,1,5
815737505,human,0.907,human,1,6
815737507,human,0.947,non_human,1,13
815737509,human,0.907,non_human,1,6
815737511,human,0.956,human,1,21
815737513,human,0.909,non_human,1,1
815737514,human,0.956,human,1,16
815737516,non_human,0.924,non_human,1,2
815737517,human,0.956,human,1,21
815737519,human,0.913,human,1,4
815737520,human,0.909,human,1,1
815737524,human,0.94,human,1,20
815737526,human,0.956,human,1,4
815737528,human,0.94,human,1,19
815737531,human,0.922,human,1,8
815737535,human,0.947,human,1,13
815737536,human,0.956,human,1,9
815737537,human,0.907,human,1,6
815737539,human,0.913,human,1,4
815737543,human,0.956,human,1,16
815737549,human,0.956,human,1,22
815737550,human,0.938,non_human,1,4
815737551,human,0.913,human,1,2
815737552,human,0.907,human,1,2
815737554,human,0.913,non_human,1,4
815737555,human,0.907,human,1,6
815737560,human,0.938,human,1,7
815737562,human,0.913,human,1,4
815737563,human,0.909,human,1,6
815737567,human,0.913,human,1,3
815737568,human,0.94,human,1,18
815737573,human,0.913,human,1,2
815737574,human,0.909,human,1,7
815737575,human,0.913,human,1,1
815737576,human,0.94,human,1,19
815737579,human,0.907,human,1,6
815737584,human,0.907,human,1,2
815737585,human,0.907,human,1,2
815737590,human,0.907,human,1,6
815737594,human,0.922,human,1,8
815737599,human,0.94,human,1,13
815737601,human,0.956,human,1,7
815737604,human,0.938,human,1,4
815737608,human,0.909,human,1,6
815737609,human,0.94,human,1,20
815737612,human,0.956,human,1,4
815737616,human,0.947,human,1,13
815737618,human,0.913,non_human,1,2
815737619,human,0.913,human,1,2
815737620,human,0.94,human,1,19
815737622,human,0.947,human,1,13
815737624,human,0.922,human,1,8
815737628,human,0.94,human,1,19
815737630,human,0.956,human,1,10
815737632,human,0.913,human,1,2
815737633,non_human,0.924,human,1,1
815737634,human,0.913,human,1,1
815737635,human,0.922,human,1,8
815737638,human,0.956,human,1,21
815737640,human,0.956,human,1,13
815737641,human,0.907,human,1,5
815737644,human,0.938,human,1,4
815737646,human,0.909,human,1,1
815737650,human,0.913,human,1,5
815737652,human,0.936,human,1,8
815737655,human,0.907,human,1,6
815737657,human,0.907,human,1,2
815737659,human,0.907,human,1,2
815737661,human,0.909,human,1,5
815737665,human,0.936,human,1,6
815737666,non_human,0.992,non_human,1,37
815737667,human,0.913,human,1,3
815737669,human,0.922,human,1,6
815737673,human,0.94,human,1,20
815737680,non_human,0.953,non_human,1,29
815737681,human,0.922,human,1,7
815737689,non_human,0.967,unknown,1,46
815737692,human,0.956,human,1,20
815737693,human,0.956,human,1,16
815737694,human,0.94,human,1,19
815737695,human,0.909,human,1,6
815737698,human,0.956,non_human,1,31
815737703,non_human,0.952,non_human,1,16
815737704,human,0.907,human,1,6
815737707,human,0.956,human,1,16
815737713,human,0.909,human,1,6
815737716,human,0.913,human,1,2
815737717,human,0.94,unknown,1,19
815737720,human,0.956,human,1,22
815737722,human,0.907,human,1,7
815737724,human,0.94,human,1,13
815737726,human,0.933,human,1,2
815737729,non_human,0.991,human,1,14
815737730,human,0.94,unknown,1,19
815737733,human,0.94,human,1,17
815737735,human,0.913,human,1,4
815737736,human,0.907,unknown,1,5
815737737,human,0.909,human,1,6
815737739,human,0.936,human,1,6
815737741,human,0.94,human,1,12
815737746,human,0.922,human,1,8
815737747,human,0.913,human,1,4
815737748,human,0.909,human,1,6
815737749,human,0.907,human,1,6
815737755,human,0.913,human,1,6
815737756,human,0.913,human,1,3
815737757,human,0.938,human,1,7
815737759,human,0.956,human,1,16
815737765,human,0.907,human,1,6
815737772,human,0.94,human,1,17
815737773,human,0.938,human,1,4
815737777,human,0.907,human,1,2
815737778,human,0.907,human,1,6
815737784,human,0.936,human,1,6
815737787,human,0.956,human,1,16
815737788,human,0.907,human,1,8
815737789,human,0.938,human,1,7
815737792,human,0.907,unknown,1,6
815737800,non_human,0.906,human,1,1
815737801,human,0.913,human,1,3
815737805,human,0.922,human,1,10
815737809,human,0.909,human,1,1
815737812,human,0.909,human,1,6
815737813,human,0.94,human,1,13
815737816,human,0.907,human,1,6
815737818,human,0.956,human,1,10
815737823,human,0.913,human,1,1
815737826,human,0.907,human,1,6
815737830,human,0.913,human,1,1
815737831,human,0.938,human,1,7
815737835,human,0.956,human,1,7
815737837,human,0.94,human,1,21
815737838,human,0.956,human,1,20
815737846,human,0.94,human,1,19
815737848,human,0.956,human,1,4
815737858,human,0.956,human,1,16
815737860,human,0.907,human,1,6
815737861,human,0.922,human,1,8
815737862,human,0.956,human,1,25
815737865,human,0.956,human,1,13
815737867,human,0.956,non_human,1,13
815737873,human,0.907,human,1,6
815737879,non_human,0.924,non_human,1,1
815737880,human,0.907,human,1,2
815737885,human,0.907,human,1,6
815737889,human,0.907,human,1,6
815737890,human,0.913,human,1,3
815737893,human,0.909,human,1,1
815737894,human,0.936,unknown,1,8
815737895,non_human,0.924,non_human,1,1
815737899,human,0.938,human,1,6
815737901,human,0.956,human,1,21
815737902,human,0.909,non_human,1,6
815737904,human,0.947,human,1,13
815737907,human,0.913,human,1,4
815737909,human,0.94,human,1,17
815737911,non_human,0.901,non_human,1,1
815737912,human,0.937,human,1,3
815737915,human,0.922,human,1,8
815737916,human,0.956,human,1,22
815737918,human,0.909,human,1,6
815737921,human,0.956,human,1,4
815737922,human,0.913,human,1,3
815737925,human,0.956,non_human,1,20
815737926,human,0.913,human,1,4
815737932,non_human,0.992,unknown,1,46
815737933,human,0.907,unknown,1,5
815737937,human,0.907,human,1,6
815737938,human,0.922,human,1,8
815737942,human,0.909,human,1,6
815737944,human,0.907,human,1,6
815737947,human,0.956,human,1,29
815737948,human,0.956,human,1,16
815737950,human,0.94,human,1,19
815737951,human,0.956,human,1,13
815737953,human,0.956,human,1,10
815737955,human,0.94,human,1,17
815737960,human,0.94,non_human,1,13
815737962,human,0.913,human,1,3
815737966,human,0.936,human,1,7
815737967,human,0.913,non_human,1,3
815737976,human,0.956,human,1,12
815737980,human,0.913,human,1,3
815737982,human,0.913,human,1,2
815737983,human,0.937,human,1,7
815737984,human,0.907,human,1,5
815737986,human,0.922,human,1,8
815737989,human,0.956,human,1,5
815737990,human,0.956,human,1,16
815737993,human,0.913,human,1,5
815737994,human,0.94,human,1,18
815738004,human,0.94,human,1,12
815738006,human,0.909,human,1,6
815738007,human,0.922,human,1,7
815738010,human,0.94,human,1,19
815738012,human,0.907,non_human,1,6
815738013,human,0.913,human,1,2
815738017,human,0.909,human,1,6
815738018,human,0.907,human,1,6
815738019,human,0.913,human,1,5
815738021,human,0.907,human,1,5
815738022,human,0.907,human,1,6
815738031,human,0.94,human,1,19
815738035,human,0.922,human,1,10
815738038,human,0.922,human,1,10
815738040,human,0.956,human,1,35
815738042,human,0.956,human,1,13
815738047,human,0.947,human,1,13
815738049,human,0.907,human,1,6
815738051,human,0.94,non_human,1,19
815738053,human,0.956,human,1,6
815738059,human,0.907,human,1,7
815738067,non_human,0.963,non_human,1,37
815738068,human,0.909,human,1,6
815738070,human,0.913,non_human,1,4
815738072,human,0.907,human,1,6
815738073,human,0.94,human,1,18
815738075,human,0.922,non_human,1,8
815738080,human,0.913,human,1,4
815738081,human,0.956,human,1,6
815738082,human,0.907,human,1,6
815738083,human,0.913,human,1,2
815738084,human,0.956,human,1,35
815738086,human,0.956,human,1,33
815738087,human,0.913,human,1,4
815738088,human,0.937,human,1,7
815738090,human,0.956,human,1,12
815738093,human,0.922,human,1,8
815738097,non_human,0.967,unknown,1,37
815738098,human,0.956,human,1,12
815738105,human,0.909,human,1,6
815738106,human,0.956,human,1,16
815738110,non_human,0.925,human,1,3
815738112,human,0.956,human,1,13
815738115,human,0.956,human,1,6
815738117,human,0.922,human,1,8
815738118,human,0.94,human,1,19
815738120,non_human,0.924,non_human,1,1
815738123,human,0.956,human,1,13
815738124,human,0.94,human,1,12
815738127,human,0.913,human,1,4
815738128,human,0.94,human,1,17
815738129,human,0.907,human,1,6
815738130,human,0.94,non_human,1,17
815738131,human,0.907,unknown,1,6
815738133,non_human,0.967,non_human,1,46
815738135,human,0.956,human,1,13
815738136,human,0.907,human,1,2
815738138,human,0.913,human,1,3
815738139,human,0.956,human,1,6
815738141,human,0.909,human,1,6
815738143,human,0.907,human,1,6
815738151,human,0.956,human,1,21
815738152,human,0.913,human,1,3
815738156,human,0.907,human,1,2
815738159,human,0.956,human,1,9
815738160,human,0.907,human,1,2
815738168,human,0.907,human,1,6
815738169,human,0.936,human,1,6
815738170,human,0.922,human,1,8
815738171,human,0.922,human,1,8
815738176,human,0.907,human,1,6
815738177,human,0.907,non_human,1,5
815738179,human,0.956,human,1,20
815738182,human,0.938,human,1,7
815738185,human,0.956,human,1,16
815738186,human,0.956,human,1,33
815738188,human,0.956,human,1,15
815738189,human,0.956,human,1,7
815738190,human,0.907,human,1,7
815738192,human,0.922,human,1,8
815738193,human,0.956,human,1,27
815738198,human,0.907,human,1,8
815738200,human,0.907,human,1,6
815738201,human,0.913,human,1,2
815738202,human,0.907,human,1,6
815738203,human,0.956,human,1,12
815738205,human,0.944,non_human,1,9
815738206,human,0.956,human,1,27
815738210,human,0.94,human,1,19
815738211,human,0.907,unknown,1,2
815738216,human,0.913,human,1,4
815738218,human,0.907,human,1,5
815738220,human,0.907,human,1,5
815738221,human,0.907,human,1,2
815738223,human,0.913,human,1,3
815738229,human,0.922,unknown,1,8
815738230,human,0.956,human,1,10
815738235,human,0.956,human,1,11
815738243,human,0.907,human,1,6
815738245,human,0.907,human,1,6
815738247,human,0.922,human,1,8
815738248,non_human,0.963,unknown,1,37
815738251,human,0.956,human,1,4
815738253,human,0.913,non_human,1,2
815738255,human,0.922,unknown,1,8
815738256,human,0.909,human,1,1
815738257,human,0.922,human,1,8
815738259,human,0.907,human,1,7
815738260,human,0.94,human,1,19
815738261,human,0.936,human,1,8
815738263,human,0.909,unknown,1,5
815738268,human,0.907,human,1,2
815738270,human,0.956,human,1,22
815738276,human,0.956,human,1,20
815738277,human,0.938,human,1,4
815738280,human,0.956,human,1,11
815738281,human,0.956,human,1,20
815738283,human,0.922,human,1,8
815738285,human,0.956,human,1,10
815738290,human,0.907,human,1,6
815738298,human,0.922,unknown,1,8
815738299,human,0.956,human,1,21
815738301,human,0.909,human,1,6
815738305,human,0.922,human,1,8
815738307,human,0.907,human,1,8
815738310,human,0.913,human,1,4
815738311,non_human,0.967,non_human,1,29
815738312,human,0.922,human,1,5
815738320,human,0.909,human,1,1
815738321,human,0.907,human,1,6
815738325,human,0.909,human,1,6
815738327,human,0.94,human,1,18
815738330,human,0.907,human,1,6
815738332,human,0.956,human,1,21
815738335,human,0.956,human,1,20
815738337,human,0.907,non_human,1,6
815738339,human,0.956,human,1,10
815738341,human,0.94,human,1,19
815738342,human,0.956,human,1,12
815738347,human,0.913,human,1,5
815738348,human,0.922,human,1,8
815738353,human,0.956,human,1,10
815738359,human,0.909,human,1,5
815738361,human,0.907,non_human,1,6
815738371,human,0.94,human,1,22
815738373,human,0.907,human,1,6
815738375,human,0.94,human,1,15
815738378,human,0.956,human,1,9
815738380,human,0.956,human,1,18
815738383,human,0.947,human,1,10
815738387,human,0.956,human,1,27
815738388,human,0.913,human,1,4
815738390,human,0.94,human,1,20
815738392,non_human,0.924,non_human,1,1
815738394,human,0.956,human,1,7
815738395,human,0.94,human,1,21
815738397,human,0.913,human,1,2
815738399,non_human,0.958,human,1,29
815738400,human,0.94,human,1,18
815738402,human,0.909,human,1,6
815738403,human,0.956,human,1,12
815738404,human,0.907,human,1,5
815738412,human,0.907,non_human,1,6
815738414,human,0.956,human,1,35
815738415,human,0.907,human,1,8
815738420,human,0.907,human,1,5
815738421,human,0.907,human,1,6
815738427,human,0.907,non_human,1,6
815738435,non_human,0.992,non_human,1,42
815738439,human,0.909,human,1,6
815738440,non_human,0.901,non_human,1,1
815738441,non_human,0.901,human,1,1
815738442,non_human,0.901,non_human,1,1
815738447,non_human,0.924,unknown,1,2
815738452,non_human,0.928,non_human,1,4
815738456,human,0.907,non_human,1,2
815738460,human,0.94,human,1,15
815738461,human,0.94,human,1,18
815738465,human,0.913,human,1,4
815738467,human,0.913,non_human,1,1
815738471,non_human,0.901,human,1,1
815738473,non_human,0.901,human,1,1
815738475,non_human,0.992,non_human,1,42
815738480,non_human,0.901,human,1,1
815738484,human,0.956,non_human,1,10
815738486,human,0.94,human,1,19
815738491,human,0.907,human,1,2
815738495,human,0.922,human,1,6
815738500,non_human,0.991,human,1,44
815738501,non_human,0.924,human,1,1
815738504,human,0.922,human,1,8
815738507,human,0.907,human,1,6
815738510,human,0.907,human,1,6
815738512,human,0.909,human,1,6
815738513,human,0.909,human,1,8
815738517,non_human,0.901,non_human,1,1
815738521,human,0.909,human,1,6
815738522,non_human,0.972,non_human,1,7
815738526,human,0.913,human,1,4
815738528,human,0.913,human,1,3
815738530,human,0.922,human,1,8
815738549,non_human,0.992,unknown,1,46
815738554,human,0.956,human,1,27
815738556,human,0.913,human,1,4
815738557,human,0.94,human,1,19
815738559,human,0.956,human,1,8
815738565,human,0.907,human,1,6
815738566,human,0.956,human,1,7
815738567,human,0.909,human,1,6
815738570,human,0.907,human,1,6
815738571,human,0.909,human,1,8
815738574,human,0.922,unknown,1,10
815738576,human,0.956,non_human,1,13
815738579,human,0.956,human,1,15
815738580,human,0.909,human,1,5
815738582,non_human,0.901,non_human,1,1
815738588,non_human,0.901,non_human,1,1
815738600,non_human,0.992,non_human,1,51
815738604,human,0.922,non_human,1,8
815738607,human,0.907,human,1,6
815738608,non_human,0.901,human,1,1
815738612,non_human,0.901,human,1,1
815738614,non_human,0.901,non_human,1,1
815738615,human,0.909,human,1,5
815738616,human,0.907,human,1,2
815738617,non_human,0.901,human,1,1
815738619,non_human,0.992,human,1,57
815738628,human,0.907,human,1,6
815738631,non_human,0.967,human,1,46
815738632,human,0.956,non_human,1,21
815738633,human,0.947,human,1,10
815738634,human,0.907,human,1,5
815738637,human,0.913,human,1,2
815738639,non_human,0.901,human,1,1
815738640,human,0.907,human,1,8
815738642,human,0.956,human,1,18
815738646,human,0.956,human,1,11
815738652,non_human,0.901,human,1,1
815738655,human,0.94,human,1,18
815738658,human,0.909,human,1,5
815738660,human,0.947,human,1,13
815738662,human,0.907,human,1,6
815738672,human,0.956,non_human,1,16
815738676,human,0.922,human,1,8
815738677,human,0.956,human,1,16
815738683,non_human,0.901,human,1,1
815738686,human,0.909,non_human,1,6
815738690,non_human,0.924,human,1,2
815738695,human,0.922,human,1,8
815738697,non_human,0.924,human,1,2
815738701,human,0.907,human,1,6
815738703,human,0.956,human,1,10
815738705,human,0.907,human,1,2
815738709,human,0.907,human,1,6
815738711,human,0.907,human,1,8
815738718,human,0.956,human,1,15
815738722,human,0.913,human,1,4
815738723,human,0.913,human,1,2
815738725,human,0.907,non_human,1,2
815738726,human,0.909,human,1,7
815738727,human,0.907,non_human,1,6
815738732,human,0.956,human,1,13
815738735,human,0.936,human,1,5
815738744,human,0.94,human,1,18
815738746,human,0.913,human,1,1
815738751,human,0.913,human,1,4
815738759,human,0.956,human,1,22
815738761,human,0.913,human,1,4
815738763,human,0.913,human,1,4
815738767,human,0.945,human,1,10
815738768,human,0.956,human,1,16
815738771,non_human,0.901,non_human,1,1
815738772,non_human,0.901,human,1,1
815738776,human,0.913,human,1,4
815738780,non_human,0.901,human,1,1
815738784,non_human,0.991,non_human,1,34
815738795,human,0.956,human,1,8
815738806,human,0.907,human,1,6
815738807,human,0.909,non_human,1,6
815738808,human,0.94,human,1,18
815738809,human,0.922,human,1,8
815738818,non_human,0.924,unknown,1,2
815738820,non_human,0.901,non_human,1,1
815738824,human,0.907,human,1,5
815738829,human,0.922,human,1,6
815738830,human,0.922,human,1,8
815738833,human,0.909,human,1,6
815738834,human,0.956,human,1,22
815738836,human,0.956,human,1,16
815738837,human,0.913,human,1,3
815738838,human,0.913,human,1,5
815738841,human,0.907,human,1,2
815738843,human,0.956,non_human,1,10
815738847,human,0.956,human,1,12
815738850,human,0.936,human,1,10
815738851,human,0.907,non_human,1,5
815738857,human,0.907,human,1,5
815738862,non_human,0.992,human,1,46
815738863,human,0.947,human,1,13
815738871,human,0.956,human,1,22
815738872,human,0.907,human,1,6
815738874,human,0.94,human,1,19
815738879,human,0.94,human,1,15
815738884,human,0.956,human,1,4
815738885,human,0.907,human,1,6
815738891,human,0.907,human,1,5
815738892,human,0.922,unknown,1,10
815738893,human,0.956,human,1,14
815738895,human,0.907,human,1,6
815738898,human,0.909,human,1,5
815738899,human,0.907,human,1,5
815738902,human,0.907,human,1,5
815738905,human,0.913,human,1,4
815738910,non_human,0.901,unknown,1,1
815738914,non_human,0.901,human,1,1
815738916,non_human,0.992,unknown,1,51
815738919,non_human,0.924,unknown,1,2
815738920,human,0.947,non_human,1,13
815738923,human,0.913,human,1,2
815738934,human,0.956,human,1,31
815738936,human,0.947,human,1,13
815738937,human,0.936,human,1,6
815738941,human,0.956,human,1,22
815738942,human,0.956,human,1,18
815738944,human,0.922,human,1,10
815738948,human,0.907,non_human,1,6
815738951,human,0.956,human,1,16
815738954,human,0.956,human,1,15
815738955,human,0.913,human,1,2
815738956,human,0.907,human,1,6
815738958,human,0.913,human,1,4
815738961,non_human,0.901,human,1,1
815738964,human,0.94,human,1,19
815738967,human,0.956,human,1,8
815738969,human,0.922,human,1,8
815738975,non_human,0.901,unknown,1,1
815738985,human,0.907,human,1,6
815738991,human,0.907,human,1,5
815738993,human,0.909,human,1,6
815738994,human,0.956,human,1,16
815738995,human,0.907,unknown,1,2
815738996,human,0.909,human,1,5
815738999,human,0.94,human,1,19
815739003,human,0.913,human,1,2
815739008,human,0.907,human,1,2
815739012,human,0.907,human,1,2
815739026,human,0.907,human,1,6
815739027,human,0.907,human,1,6
815739028,human,0.907,unknown,1,6
815739030,human,0.94,human,1,19
815739036,non_human,0.954,unknown,1,29
815739037,human,0.936,human,1,5
815739038,human,0.922,human,1,6
815739040,human,0.913,human,1,3
815739042,human,0.907,human,1,6
815739043,human,0.909,non_human,1,6
815739045,human,0.936,human,1,8
815739050,human,0.907,human,1,6
815739051,human,0.956,human,1,8
815739053,human,0.947,human,1,13
815739054,human,0.956,human,1,10
815739057,human,0.913,human,1,1
815739060,human,0.913,human,1,4
815739065,human,0.909,human,1,6
815739067,human,0.956,human,1,20
815739068,human,0.947,human,1,13
815739071,human,0.907,human,1,2
815739073,non_human,0.954,non_human,1,37
815739075,human,0.922,human,1,8
815739076,human,0.936,human,1,6
815739077,human,0.956,human,1,16
815739083,human,0.913,human,1,2
815739084,human,0.909,human,1,1
815739089,non_human,0.992,unknown,1,51
815739095,human,0.956,human,1,10
815739096,human,0.956,human,1,27
815739097,human,0.956,human,1,16
815739102,human,0.907,human,1,6
815739106,human,0.913,human,1,4
815739107,human,0.922,human,1,6
815739108,human,0.94,human,1,18
815739117,human,0.909,human,1,6
815739121,human,0.94,human,1,13
815739122,human,0.956,human,1,16
815739123,non_human,0.954,human,1,22
815739127,human,0.922,human,1,8
815739128,non_human,0.924,non_human,1,2
815739130,non_human,0.992,non_human,1,51
815739135,non_human,0.901,human,1,1
815739144,human,0.922,human,1,8
815739145,human,0.907,human,1,6
815739148,human,0.907,human,1,2
815739149,human,0.956,human,1,23
815739152,human,0.956,human,1,20
815739153,human,0.907,human,1,2
815739158,human,0.907,human,1,6
815739160,human,0.956,human,1,27
815739161,non_human,0.954,non_human,1,37
815739166,human,0.913,human,1,4
815739167,human,0.956,human,1,7
815739171,human,0.907,human,1,6
815739172,human,0.938,human,1,2
815739173,human,0.94,human,1,19
815739174,human,0.956,human,1,16
815739180,human,0.956,human,1,15
815739192,human,0.956,human,1,23
815739193,human,0.922,human,1,10
815739194,non_human,0.901,human,1,1
815739201,human,0.907,human,1,6
815739202,human,0.956,non_human,1,12
815739206,human,0.909,human,1,6
815739208,human,0.956,human,1,16
815739212,non_human,0.967,non_human,1,46
815739219,human,0.956,human,1,22
815739223,human,0.956,human,1,15
815739231,human,0.907,non_human,1,6
815739233,human,0.909,human,1,5
815739234,human,0.907,human,1,6
815739238,human,0.94,human,1,18
815739241,human,0.909,non_human,1,1
815739243,human,0.922,human,1,6
815739247,human,0.922,human,1,8
815739250,human,0.956,human,1,22
815739251,non_human,0.924,non_human,1,1
815739252,human,0.907,human,1,5
815739257,human,0.956,human,1,21
815739259,human,0.956,human,1,13
815739261,human,0.907,human,1,7
815739262,human,0.907,human,1,2
815739264,non_human,0.913,human,1,1
815739266,human,0.922,human,1,8
815739270,human,0.909,non_human,1,6
815739271,human,0.907,non_human,1,6
815739272,human,0.947,human,1,20
815739273,human,0.922,unknown,1,8
815739280,human,0.913,human,1,4
815739282,human,0.94,human,1,20
815739301,human,0.94,human,1,19
815739305,human,0.907,human,1,2
815739312,human,0.956,human,1,16
815739314,human,0.956,human,1,16
815739315,human,0.913,human,1,3
815739317,human,0.907,non_human,1,5
815739319,human,0.907,human,1,5
815739320,human,0.956,human,1,21
815739321,human,0.956,human,1,21
815739323,human,0.94,unknown,1,19
815739332,human,0.913,human,1,2
815739333,human,0.907,human,1,6
815739334,human,0.913,human,1,4
815739338,human,0.907,human,1,5
815739340,human,0.94,human,1,19
815739343,human,0.907,human,1,6
815739348,human,0.947,non_human,1,13
815739349,human,0.956,human,1,21
815739350,human,0.956,non_human,1,12
815739351,human,0.936,human,1,5
815739352,human,0.94,human,1,21
815739353,human,0.956,human,1,18
815739354,human,0.907,human,1,7
815739355,human,0.909,human,1,5
815739357,non_human,0.924,non_human,1,1
815739358,human,0.94,human,1,19
815739362,human,0.909,human,1,5
815739365,human,0.956,human,1,13
815739366,human,0.956,human,1,5
815739367,human,0.956,human,1,15
815739369,human,0.907,human,1,2
815739372,human,0.907,human,1,8
815739374,human,0.956,human,1,20
815739375,human,0.938,human,1,2
815739377,human,0.94,non_human,1,12
815739379,human,0.907,human,1,6
815739380,human,0.94,human,1,22
815739382,human,0.94,human,1,18
815739383,human,0.907,human,1,2
815739384,human,0.956,human,1,30
815739386,human,0.956,human,1,16
815739388,human,0.947,human,1,13
815739389,human,0.94,human,1,18
815739390,non_human,0.924,human,1,1
815739394,human,0.913,human,1,1
815739395,human,0.907,human,1,6
815739396,human,0.913,human,1,4
815739400,human,0.956,human,1,21
815739401,human,0.956,unknown,1,6
815739402,human,0.913,non_human,1,2
815739404,human,0.909,human,1,5
815739405,human,0.909,unknown,1,1
815739407,human,0.913,human,1,3
815739408,human,0.956,human,1,21
815739412,human,0.947,human,1,9
815739414,human,0.913,human,1,2
815739415,non_human,0.924,non_human,1,1
815739417,human,0.909,human,1,5
815739419,human,0.907,human,1,8
815739422,human,0.94,unknown,1,12
815739424,human,0.922,human,1,8
815739425,human,0.907,human,1,6
815739429,human,0.909,non_human,1,6
815739430,human,0.94,human,1,18
815739433,human,0.907,human,1,6
815739435,human,0.913,human,1,4
815739436,human,0.907,unknown,1,6
815739438,human,0.956,unknown,1,17
815739439,human,0.913,human,1,3
815739443,human,0.922,human,1,8
815739445,human,0.922,unknown,1,6
815739457,human,0.956,human,1,29
815739460,human,0.956,human,1,16
815739461,human,0.913,human,1,2
815739462,human,0.913,human,1,4
815739464,human,0.922,human,1,6
815739466,human,0.913,human,1,4
815739472,human,0.913,human,1,4
815739474,human,0.94,human,1,19
815739477,human,0.922,human,1,8
815739478,non_human,0.924,non_human,1,1
815739479,human,0.922,unknown,1,8
815739481,human,0.956,human,1,16
815739484,human,0.956,unknown,1,29
815739485,human,0.947,human,1,10
815739487,human,0.907,human,1,6
815739488,human,0.956,human,1,9
815739489,human,0.94,human,1,18
815739490,human,0.907,human,1,6
815739491,human,0.956,human,1,18
815739492,human,0.913,human,1,4
815739493,human,0.956,human,1,22
815739494,human,0.909,human,1,5
815739498,human,0.936,human,1,8
815739499,human,0.907,human,1,6
815739500,human,0.909,human,1,6
815739503,human,0.913,human,1,4
815739507,human,0.922,unknown,1,6
815739509,human,0.956,human,1,16
815739513,human,0.909,human,1,5
815739514,human,0.956,human,1,4
815739515,human,0.956,human,1,16
815739516,human,0.913,human,1,4
815739525,human,0.94,human,1,19
815739526,human,0.922,human,1,8
815739527,human,0.913,human,1,3
815739528,human,0.956,human,1,10
815739530,human,0.907,human,1,6
815739531,human,0.913,human,1,2
815739532,non_human,0.959,human,1,2
815739533,human,0.956,human,1,13
815739537,human,0.937,human,1,7
815739538,human,0.907,human,1,6
815739540,human,0.956,non_human,1,10
815739543,non_human,0.963,unknown,1,22
815739548,non_human,0.972,unknown,1,7
815739550,human,0.909,human,1,5
815739552,human,0.907,human,1,7
815739553,human,0.938,human,1,2
815739555,human,0.907,human,1,5
815739556,human,0.94,human,1,20
815739558,human,0.913,human,1,2
815739563,human,0.907,human,1,2
815739565,human,0.956,human,1,16
815739569,human,0.913,human,1,3
815739570,human,0.956,human,1,16
815739571,human,0.907,human,1,6
815739573,human,0.956,human,1,4
815739575,human,0.94,human,1,19
815739577,human,0.956,human,1,15
815739578,human,0.956,human,1,29
815739580,human,0.909,non_human,1,5
815739581,non_human,0.992,unknown,1,42
815739582,human,0.913,human,1,2
815739585,human,0.907,human,1,6
815739587,human,0.956,human,1,20
815739589,human,0.907,human,1,5
815739590,human,0.907,human,1,8
815739591,human,0.909,human,1,1
815739593,human,0.909,human,1,1
815739594,human,0.922,non_human,1,8
