_unit_id,says,score,recorded,fine_cluster
815719231,human,0.957,human,8
815719234,human,0.917,human,7
815719238,human,0.957,human,8
815719242,human,0.957,human,8
815719247,human,0.957,human,8
815719248,human,0.917,human,7
815719249,human,0.917,human,7
815719251,human,0.917,human,7
815719254,human,0.957,human,8
815719261,human,0.957,human,8
815719263,human,0.957,human,8
815719271,human,0.957,human,8
815719274,human,0.917,human,7
815719280,human,0.957,human,8
815719281,human,0.957,human,8
815719284,human,0.957,human,8
815719287,human,0.957,human,8
815719293,human,0.957,human,8
815719294,human,0.917,human,7
815719298,human,0.917,human,7
815719309,non_human,0.956,human,4
815719318,human,0.917,unknown,7
815719325,human,0.917,human,7
815719326,human,0.917,human,7
815719331,human,0.957,human,8
815719339,human,0.917,human,7
815719340,human,0.957,human,8
815719345,human,0.957,human,8
815719353,human,0.957,human,8
815719356,human,0.957,human,8
815719359,human,0.957,human,8
815719368,human,0.957,human,8
815719385,human,0.957,human,8
815719389,human,0.957,human,8
815719400,human,0.957,non_human,8
815719401,human,0.957,human,8
815719404,human,0.917,human,7
815719410,human,0.957,human,8
815719422,human,0.957,human,8
815719423,human,0.957,unknown,8
815719427,human,0.957,unknown,8
815719439,human,0.957,human,8
815719446,human,0.957,human,8
815719452,human,0.957,human,8
815719456,human,0.917,human,7
815719463,human,0.917,human,7
815719465,human,0.957,human,8
815719472,human,0.917,human,7
815719473,human,0.957,human,8
815719474,human,0.917,human,7
815719500,human,0.957,human,8
815719502,human,0.957,human,8
815719503,human,0.917,human,7
815719509,human,0.917,human,7
815719521,non_human,0.956,non_human,4
815719529,human,0.917,human,7
815719533,human,0.957,human,8
815719535,human,0.957,human,8
815719537,human,0.917,human,7
815719538,human,0.917,human,7
815719539,human,0.957,human,8
815719545,human,0.957,human,8
815719546,human,0.957,human,8
815719547,human,0.917,human,7
815719555,human,0.917,human,7
815719558,human,0.917,human,7
815719559,human,0.957,unknown,8
815719560,human,0.917,human,7
815719563,human,0.917,human,7
815719575,non_human,0.956,human,4
815719591,human,0.957,non_human,8
815719593,human,0.957,human,8
815719594,human,0.957,human,8
815719599,human,0.917,human,7
815719602,human,0.957,human,8
815719607,human,0.957,human,8
815719610,human,0.957,human,8
815719622,human,0.917,human,7
815719624,human,0.917,human,7
815719628,human,0.957,human,8
815719650,human,0.917,human,7
815719663,human,0.957,human,8
815719669,human,0.917,human,7
815719672,human,0.957,human,8
815719674,human,0.957,human,8
815719676,human,0.957,human,8
815719688,human,0.957,human,8
815719689,human,0.917,human,7
815719695,human,0.957,human,8
815719698,human,0.917,human,7
815719699,human,0.917,non_human,7
815719701,human,0.957,human,8
815719715,human,0.957,human,8
815719719,human,0.957,human,8
815719721,human,0.957,human,8
815719725,human,0.917,human,7
815719726,human,0.917,human,7
815719729,human,0.917,human,7
815719734,human,0.957,human,8
815719735,human,0.957,human,8
815719739,human,0.957,human,8
815719743,human,0.917,human,7
815719748,human,0.917,human,7
815719750,human,0.917,human,7
815719753,human,0.957,unknown,8
815719755,non_human,0.956,non_human,4
815719757,human,0.917,human,7
815719761,human,0.917,human,7
815719765,human,0.957,human,8
815719780,human,0.917,human,7
815719781,human,0.917,human,7
815719783,human,0.917,human,7
815719787,human,0.917,human,7
815719788,human,0.917,human,7
815719792,human,0.917,human,7
815719795,human,0.957,human,8
815719803,human,0.917,human,7
815719804,human,0.917,human,7
815719822,human,0.917,human,7
815719826,human,0.917,human,7
815719827,human,0.957,human,8
815719840,human,0.917,human,7
815719852,human,0.957,human,8
815719853,human,0.917,human,7
815719854,human,0.957,human,8
815719855,human,0.917,human,7
815719858,human,0.917,human,7
815719867,human,0.917,human,7
815719872,human,0.957,human,8
815719875,human,0.957,human,8
815719879,human,0.957,human,8
815719892,human,0.957,human,8
815719898,human,0.957,unknown,8
815719899,human,0.957,human,8
815719906,human,0.917,non_human,7
815719910,human,0.957,unknown,8
815719927,human,0.917,human,7
815719931,human,0.957,human,8
815719932,human,0.957,human,8
815719933,human,0.917,human,7
815719941,human,0.957,human,8
815719943,human,0.957,human,8
815719948,human,0.957,human,8
815719950,human,0.957,human,8
815719952,human,0.957,human,8
815719955,human,0.917,human,7
815719962,human,0.917,human,7
815719968,human,0.957,human,8
815719984,human,0.957,human,8
815719986,human,0.917,human,7
815719988,human,0.917,human,7
815719990,human,0.957,human,8
815719995,human,0.917,human,7
815719997,human,0.957,non_human,8
815719999,human,0.917,human,7
815720008,human,0.957,human,8
815720013,human,0.957,human,8
815720018,human,0.917,human,7
815720023,human,0.957,human,8
815720030,human,0.957,human,8
815720031,human,0.917,human,7
815720032,human,0.917,human,7
815720035,human,0.917,human,7
815720036,human,0.917,human,7
815720038,human,0.957,human,8
815720042,human,0.917,human,7
815720056,human,0.917,human,7
815720065,human,0.957,human,8
815720066,human,0.957,human,8
815720070,human,0.917,non_human,7
815720075,human,0.917,unknown,7
815720076,human,0.957,human,8
815720079,human,0.957,human,8
815720081,human,0.917,human,7
815720105,human,0.957,human,8
815720108,human,0.957,human,8
815720110,human,0.957,human,8
815720111,human,0.917,human,7
815720119,human,0.917,human,7
815720126,human,0.957,human,8
815720127,human,0.917,human,7
815720133,human,0.957,human,8
815720136,human,0.957,human,8
815720147,human,0.957,human,8
815720155,human,0.957,human,8
815720160,human,0.957,human,8
815720165,human,0.957,human,8
815720175,human,0.957,human,8
815720179,human,0.957,human,8
815720180,human,0.957,human,8
815720181,human,0.917,human,7
815720186,human,0.917,human,7
815720190,human,0.957,human,8
815720195,human,0.957,human,8
815720200,human,0.917,human,7
815720203,human,0.957,human,8
815720210,human,0.957,human,8
815720219,human,0.917,human,7
815720220,human,0.917,human,7
815720233,human,0.957,unknown,8
815720237,human,0.917,human,7
815720240,human,0.957,human,8
815720241,human,0.957,non_human,8
815720243,human,0.957,human,8
815720250,human,0.917,human,7
815720257,human,0.957,human,8
815720259,human,0.917,human,7
815720261,human,0.917,human,7
815720271,human,0.957,non_human,8
815720273,human,0.957,human,8
815720275,human,0.917,unknown,7
815720283,human,0.917,human,7
815720288,human,0.957,human,8
815720293,human,0.917,human,7
815720294,human,0.957,human,8
815720295,human,0.957,unknown,8
815720302,non_human,0.956,unknown,4
815720308,human,0.917,human,7
815720313,human,0.957,human,8
815720316,human,0.917,human,7
815720322,human,0.917,human,7
815720324,human,0.917,human,7
815720325,human,0.957,human,8
815720326,human,0.957,human,8
815720327,human,0.917,human,7
815720328,human,0.957,human,8
815720331,human,0.917,human,7
815720336,human,0.917,human,7
815720339,human,0.957,human,8
815720346,human,0.957,non_human,8
815720348,human,0.957,human,8
815720367,human,0.957,human,8
815720370,human,0.917,human,7
815720375,human,0.957,human,8
815720376,human,0.917,human,7
815720385,human,0.917,human,7
815720388,human,0.917,human,7
815720390,human,0.957,human,8
815720392,human,0.917,human,7
815720394,human,0.957,human,8
815720397,human,0.917,human,7
815720401,human,0.917,human,7
815720411,human,0.917,human,7
815720420,human,0.917,human,7
815720424,human,0.917,human,7
815720433,human,0.917,human,7
815720442,human,0.917,human,7
815720445,human,0.957,non_human,8
815720448,human,0.957,human,8
815720454,human,0.917,non_human,7
815720455,human,0.917,human,7
815720458,human,0.917,human,7
815720461,human,0.917,human,7
815720468,human,0.957,human,8
815720473,human,0.917,human,7
815720480,human,0.957,human,8
815720486,human,0.917,non_human,7
815720489,human,0.957,human,8
815720492,human,0.957,human,8
815720493,human,0.917,human,7
815720495,human,0.957,human,8
815720498,human,0.917,human,7
815720501,human,0.957,human,8
815720505,human,0.957,human,8
815720506,human,0.917,human,7
815720507,human,0.957,human,8
815720508,human,0.957,non_human,8
815720515,human,0.957,human,8
815720517,non_human,0.956,human,4
815720530,human,0.917,human,7
815720542,human,0.957,human,8
815720546,human,0.957,human,8
815720552,non_human,0.956,human,4
815720553,human,0.957,human,8
815720558,human,0.917,human,7
815720559,human,0.957,human,8
815720562,human,0.917,human,7
815720563,human,0.917,human,7
815720573,human,0.957,human,8
815720574,human,0.917,human,7
815720591,human,0.957,human,8
815720593,human,0.917,human,7
815720594,human,0.957,human,8
815720596,human,0.917,human,7
815720598,human,0.917,unknown,7
815720603,human,0.917,human,7
815720608,human,0.917,human,7
815720609,human,0.957,human,8
815720613,human,0.957,human,8
815720624,human,0.917,unknown,7
815720627,human,0.917,human,7
815720630,human,0.957,human,8
815720640,human,0.957,human,8
815720642,human,0.957,human,8
815720650,human,0.957,human,8
815720652,human,0.957,human,8
815720657,human,0.957,human,8
815720659,human,0.917,human,7
815720666,human,0.957,human,8
815720668,human,0.917,human,7
815720670,human,0.957,human,8
815720671,human,0.917,human,7
815720675,human,0.917,human,7
815720682,human,0.917,unknown,7
815720684,human,0.917,human,7
815720688,human,0.917,human,7
815720692,human,0.917,human,7
815720704,human,0.917,human,7
815720711,human,0.957,human,8
815720715,human,0.917,human,7
815720720,human,0.957,human,8
815720725,human,0.917,non_human,7
815720729,human,0.917,human,7
815720733,human,0.957,unknown,8
815720744,human,0.917,human,7
815720747,human,0.957,human,8
815720756,human,0.957,human,8
815720761,human,0.917,human,7
815720768,human,0.917,non_human,7
815720769,human,0.917,human,7
815720778,human,0.957,human,8
815720780,human,0.957,human,8
815720781,human,0.957,human,8
815720782,human,0.957,human,8
815720801,human,0.917,human,7
815720806,human,0.957,human,8
815720809,human,0.917,human,7
815720810,human,0.957,human,8
815720819,human,0.917,human,7
815720820,human,0.917,human,7
815720822,human,0.917,non_human,7
815720823,human,0.917,human,7
815720826,human,0.957,human,8
815720832,human,0.957,human,8
815720835,human,0.957,human,8
815720837,human,0.957,human,8
815720839,human,0.917,human,7
815720842,human,0.957,human,8
815720843,human,0.957,human,8
815720853,human,0.957,human,8
815720867,human,0.957,human,8
815720870,human,0.957,human,8
815720871,human,0.957,human,8
815720872,human,0.917,human,7
815720877,human,0.917,human,7
815720882,human,0.917,human,7
815720885,human,0.917,human,7
815720889,human,0.917,human,7
815720893,human,0.957,human,8
815720898,human,0.957,human,8
815720909,human,0.917,human,7
815720911,human,0.957,human,8
815720915,human,0.957,human,8
815720919,human,0.917,human,7
815720921,human,0.957,human,8
815720923,human,0.917,unknown,7
815720924,human,0.957,human,8
815720927,human,0.917,non_human,7
815720933,human,0.957,human,8
815720990,human,0.917,human,7
815721000,human,0.917,human,7
815721006,human,0.917,human,7
815721007,human,0.917,human,7
815721008,human,0.917,human,7
815721010,human,0.917,human,7
815721018,human,0.957,human,8
815721024,human,0.957,human,8
815721025,human,0.957,human,8
815721026,human,0.917,human,7
815721031,human,0.957,unknown,8
815721041,human,0.957,human,8
815721045,human,0.957,human,8
815721054,human,0.957,human,8
815721056,human,0.917,human,7
815721057,human,0.957,human,8
815721058,human,0.917,human,7
815721060,human,0.957,human,8
815721067,human,0.917,human,7
815721068,human,0.957,human,8
815721091,human,0.917,human,7
815721098,human,0.957,human,8
815721103,human,0.917,human,7
815721111,human,0.917,human,7
815721112,human,0.957,human,8
815721134,human,0.957,human,8
815721143,human,0.957,human,8
815721144,human,0.917,human,7
815721145,human,0.957,human,8
815721148,human,0.957,human,8
815721150,human,0.917,human,7
815721159,human,0.917,human,7
815721161,human,0.957,human,8
815721162,human,0.957,human,8
815721166,human,0.957,human,8
815721167,human,0.957,human,8
815721171,human,0.957,human,8
815721173,human,0.917,human,7
815721176,human,0.917,human,7
815721180,human,0.957,human,8
815721183,human,0.957,human,8
815721185,human,0.957,human,8
815721186,human,0.917,human,7
815721192,human,0.957,human,8
815721194,human,0.957,human,8
815721199,human,0.957,human,8
815721200,human,0.917,human,7
815721206,human,0.957,human,8
815721210,human,0.917,human,7
815721212,human,0.917,human,7
815721234,human,0.957,human,8
815721236,human,0.957,human,8
815721237,human,0.917,human,7
815721238,human,0.957,human,8
815721239,human,0.917,non_human,7
815721241,human,0.957,human,8
815721245,human,0.917,unknown,7
815721257,human,0.917,human,7
815721266,human,0.917,human,7
815721270,human,0.957,human,8
815721273,human,0.917,human,7
815721279,human,0.917,human,7
815721282,human,0.917,human,7
815721291,human,0.917,human,7
815721293,human,0.957,human,8
815721294,human,0.957,human,8
815721301,human,0.917,human,7
815721308,human,0.957,unknown,8
815721316,human,0.917,human,7
815721320,non_human,0.956,unknown,4
815721321,human,0.917,human,7
815721323,human,0.957,human,8
815721325,human,0.917,human,7
815721326,human,0.917,human,7
815721331,human,0.957,human,8
815721332,human,0.917,unknown,7
815721333,human,0.957,human,8
815721334,human,0.957,human,8
815721345,human,0.957,human,8
815721346,non_human,0.956,human,4
815721367,human,0.957,human,8
815721371,human,0.917,human,7
815721372,non_human,0.956,human,4
815721375,human,0.917,human,7
815721376,human,0.917,human,7
815721381,human,0.917,human,7
815721389,human,0.957,human,8
815721394,human,0.917,human,7
815721398,human,0.917,non_human,7
815721399,human,0.957,human,8
815721401,human,0.957,human,8
815721407,human,0.917,human,7
815721410,non_human,0.956,human,4
815721411,human,0.917,human,7
815721413,human,0.917,human,7
815721416,human,0.917,human,7
815721422,human,0.957,human,8
815721423,human,0.917,human,7
815721425,human,0.957,human,8
815721432,human,0.957,human,8
815721437,human,0.917,human,7
815721443,human,0.957,human,8
815721449,human,0.957,human,8
815721450,human,0.917,human,7
815721451,human,0.917,human,7
815721454,human,0.957,human,8
815721456,human,0.917,human,7
815721460,human,0.917,human,7
815721462,human,0.957,human,8
815721463,human,0.917,human,7
815721467,human,0.917,human,7
815721472,human,0.957,human,8
815721475,human,0.957,human,8
815721483,human,0.917,human,7
815721484,human,0.957,human,8
815721485,human,0.957,human,8
815721489,human,0.957,human,8
815721492,human,0.917,human,7
815721499,human,0.957,human,8
815721502,human,0.917,human,7
815721505,human,0.957,human,8
815721508,human,0.957,human,8
815721509,human,0.957,human,8
815721520,human,0.957,human,8
815721521,human,0.957,human,8
815721529,human,0.957,non_human,8
815721530,human,0.957,human,8
815721534,human,0.957,human,8
815721539,human,0.957,human,8
815721543,human,0.957,human,8
815721544,human,0.957,human,8
815721556,human,0.917,human,7
815721568,non_human,0.956,human,4
815721579,human,0.957,human,8
815721581,human,0.957,human,8
815721583,human,0.957,human,8
815721589,human,0.957,human,8
815721593,human,0.917,human,7
815721595,human,0.957,human,8
815721625,human,0.917,non_human,7
815721627,human,0.957,human,8
815721628,human,0.957,human,8
815721656,non_human,0.956,unknown,4
815721668,human,0.917,human,7
815721674,human,0.957,human,8
815721679,human,0.957,human,8
815721681,human,0.917,human,7
815721685,human,0.917,unknown,7
815721688,human,0.917,human,7
815721699,human,0.917,non_human,7
815721702,human,0.957,human,8
815721703,human,0.957,human,8
815721705,human,0.917,human,7
815721708,human,0.957,unknown,8
815721717,human,0.957,human,8
815721718,human,0.917,human,7
815721722,human,0.917,human,7
815721724,human,0.917,human,7
815721733,human,0.957,human,8
815721739,human,0.957,human,8
815721741,human,0.917,human,7
815721742,human,0.957,human,8
815721743,human,0.917,human,7
815721744,human,0.917,human,7
815721752,human,0.917,human,7
815721753,human,0.917,human,7
815721755,human,0.917,human,7
815721763,human,0.917,human,7
815721771,human,0.917,human,7
815721772,human,0.957,human,8
815721774,human,0.957,human,8
815721777,human,0.957,human,8
815721783,human,0.917,human,7
815721799,human,0.957,human,8
815721801,human,0.957,human,8
815721803,human,0.917,human,7
815721804,human,0.957,human,8
815721805,human,0.957,human,8
815721808,human,0.957,human,8
815721809,human,0.957,human,8
815721813,human,0.957,human,8
815721814,human,0.957,human,8
815721817,human,0.957,human,8
815721818,human,0.917,human,7
815721819,human,0.917,human,7
815721821,human,0.957,human,8
815721836,human,0.917,human,7
815721837,human,0.917,human,7
815721839,human,0.957,human,8
815721841,human,0.917,human,7
815721842,human,0.957,human,8
815721844,human,0.957,human,8
815721845,human,0.957,human,8
815721851,human,0.917,non_human,7
815721852,human,0.957,human,8
815721857,human,0.957,human,8
815721858,human,0.957,human,8
815721862,human,0.957,human,8
815721866,human,0.917,human,7
815721867,human,0.917,human,7
815721869,non_human,0.956,non_human,4
815721875,human,0.957,human,8
815721876,human,0.957,human,8
815721881,human,0.957,human,8
815721885,human,0.917,unknown,7
815721890,human,0.957,human,8
815721896,human,0.957,human,8
815721897,human,0.957,human,8
815721901,human,0.917,human,7
815721902,human,0.957,human,8
815721904,human,0.917,human,7
815721905,human,0.957,human,8
815721911,human,0.957,human,8
815721924,human,0.957,human,8
815721925,human,0.957,human,8
815721929,human,0.917,human,7
815721939,human,0.917,human,7
815721940,human,0.917,human,7
815721941,human,0.957,human,8
815721943,human,0.917,unknown,7
815721944,human,0.957,human,8
815721946,human,0.957,human,8
815721948,human,0.917,human,7
815721961,human,0.917,human,7
815721964,human,0.957,human,8
815721965,human,0.917,human,7
815721966,human,0.917,human,7
815721969,human,0.957,human,8
815721974,human,0.917,human,7
815721975,human,0.957,human,8
815721976,human,0.957,human,8
815721991,human,0.917,non_human,7
815721992,human,0.917,human,7
815721996,human,0.917,human,7
815721997,human,0.917,human,7
815721999,human,0.957,human,8
815722006,human,0.957,human,8
815722010,human,0.957,human,8
815722017,human,0.957,human,8
815722018,human,0.917,human,7
815722021,human,0.917,human,7
815722034,human,0.957,human,8
815722036,human,0.917,human,7
815722037,human,0.917,human,7
815722038,human,0.957,human,8
815722042,human,0.957,human,8
815722048,human,0.957,human,8
815722053,human,0.917,human,7
815722063,human,0.957,human,8
815722067,human,0.917,human,7
815722070,human,0.917,human,7
815722071,human,0.917,human,7
815722075,human,0.957,human,8
815722076,human,0.957,human,8
815722077,human,0.957,human,8
815722079,human,0.917,human,7
815722081,human,0.917,human,7
815722084,human,0.917,human,7
815722086,human,0.917,human,7
815722090,human,0.917,human,7
815722096,human,0.917,human,7
815722098,human,0.917,human,7
815722107,human,0.917,human,7
815722111,human,0.957,human,8
815722115,human,0.917,human,7
815722121,human,0.957,human,8
815722123,human,0.917,human,7
815722124,human,0.917,human,7
815722125,human,0.957,human,8
815722129,human,0.917,human,7
815722134,human,0.917,non_human,7
815722137,human,0.957,non_human,8
815722139,human,0.957,human,8
815722141,human,0.917,human,7
815722142,human,0.917,human,7
815722144,human,0.957,unknown,8
815722154,human,0.957,human,8
815722155,human,0.917,human,7
815722156,human,0.957,human,8
815722160,human,0.957,non_human,8
815722161,human,0.957,human,8
815722174,human,0.957,human,8
815722179,human,0.917,human,7
815722181,human,0.917,human,7
815722185,human,0.957,human,8
815722188,human,0.917,human,7
815722193,human,0.917,human,7
815722200,human,0.917,human,7
815722201,human,0.957,human,8
815722214,human,0.957,human,8
815722215,human,0.957,human,8
815722217,human,0.957,human,8
815722221,human,0.917,human,7
815722225,human,0.917,human,7
815722233,human,0.917,human,7
815722241,human,0.957,human,8
815722243,human,0.957,human,8
815722245,human,0.957,human,8
815722252,human,0.957,human,8
815722253,human,0.957,human,8
815722256,human,0.957,human,8
815722259,human,0.957,human,8
815722261,human,0.917,human,7
815722264,human,0.917,human,7
815722265,human,0.957,human,8
815722266,human,0.957,human,8
815722268,human,0.917,human,7
815722269,human,0.957,human,8
815722272,human,0.917,non_human,7
815722279,human,0.957,human,8
815722284,human,0.957,unknown,8
815722285,human,0.957,human,8
815722289,human,0.917,human,7
815722290,human,0.917,human,7
815722293,human,0.917,human,7
815722295,human,0.957,human,8
815722298,human,0.957,human,8
815722300,human,0.917,non_human,7
815722302,human,0.917,human,7
815722303,human,0.957,human,8
815722308,human,0.957,human,8
815722313,human,0.957,human,8
815722314,human,0.957,human,8
815722315,human,0.957,human,8
815722316,human,0.917,human,7
815722317,human,0.917,human,7
815722328,human,0.957,human,8
815722330,human,0.957,human,8
815722334,human,0.957,human,8
815722335,human,0.957,human,8
815722342,human,0.957,human,8
815722357,human,0.957,human,8
815722360,human,0.957,human,8
815722365,human,0.957,human,8
815722367,human,0.917,human,7
815722372,human,0.917,human,7
815722375,human,0.957,human,8
815722381,human,0.957,human,8
815722383,human,0.957,human,8
815722385,human,0.957,human,8
815722387,human,0.957,human,8
815722392,human,0.957,human,8
815722393,human,0.957,human,8
815722395,human,0.957,human,8
815722406,human,0.957,human,8
815722409,human,0.917,human,7
815722412,human,0.917,unknown,7
815722420,human,0.957,human,8
815722423,human,0.917,human,7
815722426,human,0.957,human,8
815722428,human,0.957,human,8
815722437,human,0.917,human,7
815722438,human,0.957,human,8
815722442,human,0.917,human,7
815722443,human,0.917,human,7
815722445,human,0.957,human,8
815722452,human,0.917,human,7
815722455,human,0.957,human,8
815722456,human,0.917,human,7
815722457,human,0.957,human,8
815722458,human,0.917,human,7
815722460,human,0.957,human,8
815722463,human,0.917,human,7
815722465,human,0.957,human,8
815722466,human,0.917,human,7
815722468,human,0.917,human,7
815722469,human,0.957,human,8
815722470,human,0.917,human,7
815722471,human,0.957,human,8
815722475,human,0.917,human,7
815722477,human,0.917,human,7
815722479,human,0.917,human,7
815722486,human,0.957,human,8
815722498,human,0.917,human,7
815722499,human,0.957,human,8
815722502,human,0.917,human,7
815722504,human,0.917,human,7
815722505,human,0.957,human,8
815722508,human,0.957,human,8
815722519,human,0.917,human,7
815722525,human,0.917,human,7
815722533,human,0.957,human,8
815722534,human,0.917,human,7
815722536,human,0.957,human,8
815722541,human,0.917,human,7
815722546,human,0.917,human,7
815722547,human,0.917,human,7
815722553,human,0.917,human,7
815722555,human,0.957,human,8
815722556,human,0.957,human,8
815722560,human,0.957,human,8
815722561,human,0.957,human,8
815722563,human,0.957,human,8
815722566,human,0.957,human,8
815722567,non_human,0.956,human,4
815722572,human,0.957,human,8
815722581,human,0.917,human,7
815722584,human,0.957,human,8
815722594,human,0.917,human,7
815722596,human,0.917,human,7
815722599,human,0.957,human,8
815722602,human,0.917,non_human,7
815722603,human,0.957,human,8
815722605,human,0.957,human,8
815722613,human,0.957,human,8
815722614,human,0.917,human,7
815722616,human,0.917,human,7
815722625,human,0.957,human,8
815722626,human,0.957,human,8
815722627,human,0.957,human,8
815722628,human,0.957,human,8
815722629,human,0.957,human,8
815722630,human,0.957,human,8
815722651,human,0.957,human,8
815722663,human,0.957,unknown,8
815722664,human,0.957,human,8
815722665,human,0.957,human,8
815722666,human,0.957,human,8
815722670,human,0.957,human,8
815722671,human,0.917,human,7
815722675,human,0.917,human,7
815722676,human,0.957,human,8
815722681,human,0.957,human,8
815722687,human,0.957,human,8
815722696,human,0.957,human,8
815722698,human,0.957,human,8
815722699,human,0.917,human,7
815722703,human,0.957,human,8
815722710,human,0.957,human,8
815722719,human,0.917,human,7
815722730,human,0.957,non_human,8
815722737,human,0.957,human,8
815722749,non_human,0.956,human,4
815722750,human,0.957,human,8
815722755,human,0.917,human,7
815722758,human,0.917,non_human,7
815722759,human,0.917,human,7
815722760,human,0.957,human,8
815722763,human,0.957,human,8
815722766,human,0.917,human,7
815722767,human,0.957,human,8
815722772,human,0.917,human,7
815722773,human,0.957,human,8
815722775,human,0.917,human,7
815722784,human,0.957,human,8
815722788,human,0.917,human,7
815722790,human,0.957,human,8
815722791,human,0.957,human,8
815722794,human,0.917,human,7
815722795,human,0.957,human,8
815722796,human,0.917,human,7
815722801,human,0.957,human,8
815722804,human,0.917,human,7
815722805,human,0.957,human,8
815722808,human,0.917,human,7
815722820,human,0.957,human,8
815722823,human,0.957,human,8
815722828,human,0.957,non_human,8
815722843,human,0.917,human,7
815722850,human,0.957,human,8
815722856,human,0.957,human,8
815722862,human,0.957,human,8
815722863,human,0.957,human,8
815722869,human,0.917,human,7
815722875,human,0.957,human,8
815722877,human,0.957,human,8
815722878,human,0.957,human,8
815722887,human,0.957,human,8
815722890,human,0.917,human,7
815722893,human,0.957,human,8
815722896,human,0.957,human,8
815722918,human,0.957,human,8
815722921,human,0.917,human,7
815722929,human,0.957,non_human,8
815722932,human,0.957,human,8
815722936,human,0.917,human,7
815722938,human,0.917,human,7
815722940,human,0.957,human,8
815722944,human,0.957,human,8
815722947,human,0.957,human,8
815722963,human,0.957,human,8
815722965,human,0.957,human,8
815722973,human,0.957,human,8
815722979,human,0.917,human,7
815722985,human,0.957,human,8
815722986,human,0.917,human,7
815722989,human,0.917,human,7
815722993,human,0.957,human,8
815722995,human,0.957,non_human,8
815723003,human,0.957,human,8
815723006,human,0.917,human,7
815723014,human,0.957,human,8
815723016,human,0.917,human,7
815723017,human,0.957,human,8
815723026,human,0.957,human,8
815723028,human,0.917,non_human,7
815723030,non_human,0.956,human,4
815723033,human,0.957,human,8
815723037,human,0.957,non_human,8
815723040,human,0.957,human,8
815723041,human,0.957,human,8
815723042,human,0.957,human,8
815723049,human,0.957,human,8
815723056,human,0.957,non_human,8
815723064,human,0.917,human,7
815723070,human,0.957,human,8
815723071,human,0.917,human,7
815723078,human,0.917,human,7
815723079,human,0.917,human,7
815723080,human,0.917,human,7
815723082,human,0.957,human,8
815723094,human,0.957,human,8
815723097,human,0.957,human,8
815723098,human,0.957,human,8
815723107,human,0.957,human,8
815723110,human,0.917,human,7
815723111,human,0.917,human,7
815723112,human,0.957,human,8
815723113,human,0.957,human,8
815723116,human,0.917,human,7
815723117,human,0.957,non_human,8
815723119,human,0.917,human,7
815723124,human,0.917,human,7
815723127,human,0.917,human,7
815723128,human,0.957,human,8
815723131,human,0.957,human,8
815723139,human,0.917,human,7
815723148,human,0.917,human,7
815723149,human,0.957,human,8
815723150,human,0.957,human,8
815723154,non_human,0.956,human,4
815723158,human,0.917,human,7
815723159,human,0.957,human,8
815723160,human,0.917,human,7
815723161,human,0.957,unknown,8
815723162,human,0.917,unknown,7
815723168,human,0.917,human,7
815723173,human,0.917,human,7
815723184,human,0.957,human,8
815723186,human,0.917,human,7
815723192,human,0.917,human,7
815723195,human,0.957,human,8
815723197,human,0.917,human,7
815723200,human,0.957,human,8
815723204,human,0.957,human,8
815723206,human,0.957,non_human,8
815723211,human,0.917,unknown,7
815723229,human,0.957,human,8
815723235,human,0.957,non_human,8
815723241,human,0.917,human,7
815723252,human,0.957,human,8
815723257,human,0.917,human,7
815723261,human,0.917,human,7
815723271,human,0.957,human,8
815723273,human,0.957,human,8
815723277,human,0.917,unknown,7
815723279,human,0.957,human,8
815723304,human,0.917,human,7
815723312,human,0.957,human,8
815723316,human,0.957,human,8
815723327,human,0.917,human,7
815723328,human,0.917,human,7
815723329,human,0.957,non_human,8
815723331,human,0.957,human,8
815723332,human,0.917,human,7
815723337,human,0.957,human,8
815723339,human,0.957,human,8
815723345,human,0.917,human,7
815723347,human,0.917,human,7
815723350,human,0.957,human,8
815723358,human,0.917,human,7
815723361,human,0.957,human,8
815723371,non_human,0.956,non_human,4
815723381,human,0.957,human,8
815723403,human,0.917,human,7
815723419,human,0.957,human,8
815723438,human,0.917,human,7
815723445,human,0.917,human,7
815723453,human,0.957,human,8
815723454,human,0.917,human,7
815723455,human,0.957,human,8
815723457,human,0.957,human,8
815723458,human,0.957,human,8
815723459,human,0.917,human,7
815723462,human,0.917,human,7
815723464,human,0.917,human,7
815723467,human,0.957,human,8
815723468,human,0.957,human,8
815723476,human,0.957,human,8
815723478,human,0.917,unknown,7
815723494,human,0.957,human,8
815723503,human,0.957,human,8
815723506,human,0.957,human,8
815723518,human,0.917,human,7
815723522,human,0.957,human,8
815723523,human,0.957,human,8
815723524,human,0.917,human,7
815723526,human,0.917,unknown,7
815723536,human,0.917,human,7
815723545,human,0.957,human,8
815723546,human,0.957,human,8
815723551,human,0.917,human,7
815723559,human,0.957,human,8
815723562,human,0.917,human,7
815723563,non_human,0.956,non_human,4
815723565,human,0.957,unknown,8
815723578,human,0.917,human,7
815723579,human,0.917,human,7
815723582,human,0.957,human,8
815723586,human,0.917,human,7
815723593,human,0.957,non_human,8
815723594,human,0.957,non_human,8
815723596,human,0.957,human,8
815723598,human,0.957,human,8
815723600,human,0.917,non_human,7
815723605,human,0.917,human,7
815723609,human,0.957,human,8
815723611,human,0.917,non_human,7
815723612,human,0.957,human,8
815723614,human,0.917,human,7
815723620,human,0.957,human,8
815723629,human,0.917,human,7
815723633,human,0.957,human,8
815723636,human,0.957,human,8
815723638,human,0.917,human,7
815723646,human,0.957,human,8
815723652,human,0.957,human,8
815723654,non_human,0.956,non_human,4
815723655,human,0.957,human,8
815723657,non_human,0.956,non_human,4
815723662,human,0.957,human,8
815723666,human,0.957,human,8
815723668,human,0.917,unknown,7
815723681,human,0.917,human,7
815723698,human,0.957,human,8
815723703,human,0.917,human,7
815723706,non_human,0.956,non_human,4
815723715,human,0.957,human,8
815723717,human,0.917,human,7
815723718,human,0.917,human,7
815723720,human,0.957,human,8
815723721,human,0.957,human,8
815723723,human,0.957,human,8
815723724,human,0.917,human,7
815723727,human,0.917,human,7
815723731,human,0.957,human,8
815723737,non_human,0.956,non_human,4
815723743,human,0.917,human,7
815723746,human,0.917,human,7
815723747,human,0.917,human,7
815723752,human,0.917,human,7
815723756,human,0.917,human,7
815723758,human,0.917,human,7
815723759,human,0.917,human,7
815723765,human,0.957,human,8
815723766,non_human,0.956,unknown,4
815723772,non_human,0.956,non_human,4
815723778,human,0.917,human,7
815723780,human,0.917,human,7
815723782,non_human,0.956,non_human,4
815723784,human,0.917,human,7
815723787,non_human,0.956,non_human,4
815723789,non_human,0.956,non_human,4
815723792,human,0.917,human,7
815723809,human,0.957,human,8
815723810,human,0.957,human,8
815723817,non_human,0.956,non_human,4
815723824,human,0.957,human,8
815723826,human,0.957,human,8
815723829,human,0.917,human,7
815723830,human,0.917,human,7
815723834,non_human,0.956,non_human,4
815723847,human,0.957,human,8
815723849,non_human,0.956,non_human,4
815723851,human,0.957,human,8
815723857,human,0.917,human,7
815723858,human,0.957,human,8
815723861,human,0.917,human,7
815723863,non_human,0.956,unknown,4
815723865,non_human,0.956,non_human,4
815723868,human,0.957,human,8
815723870,human,0.917,human,7
815723886,human,0.957,human,8
815723887,non_human,0.956,non_human,4
815723895,human,0.917,human,7
815723897,human,0.957,human,8
815723904,human,0.917,human,7
815723905,human,0.917,human,7
815723913,non_human,0.956,non_human,4
815723919,human,0.917,human,7
815723921,human,0.917,human,7
815723925,non_human,0.956,non_human,4
815723927,human,0.917,human,7
815723936,non_human,0.956,non_human,4
815723938,human,0.957,human,8
815723939,non_human,0.956,non_human,4
815723941,human,0.917,human,7
815723944,non_human,0.956,non_human,4
815723945,human,0.917,human,7
815723946,human,0.957,human,8
815723951,non_human,0.956,non_human,4
815723958,human,0.917,unknown,7
815723963,non_human,0.956,non_human,4
815723964,human,0.957,human,8
815723965,human,0.917,human,7
815723967,non_human,0.956,non_human,4
815723973,human,0.957,human,8
815723979,human,0.957,human,8
815723986,human,0.957,human,8
815723991,human,0.957,human,8
815723999,non_human,0.956,non_human,4
815724004,human,0.957,human,8
815724006,non_human,0.956,non_human,4
815724009,human,0.957,human,8
815724014,non_human,0.956,non_human,4
815724018,non_human,0.956,non_human,4
815724021,human,0.957,human,8
815724028,human,0.917,human,7
815724031,non_human,0.956,non_human,4
815724032,non_human,0.956,non_human,4
815724037,human,0.917,human,7
815724040,human,0.917,unknown,7
815724048,human,0.917,human,7
815724049,human,0.957,human,8
815724051,human,0.917,non_human,7
815724055,human,0.957,human,8
815724056,human,0.917,human,7
815724060,human,0.957,human,8
815724066,non_human,0.956,non_human,4
815724070,human,0.957,human,8
815724071,human,0.957,human,8
815724076,human,0.957,human,8
815724079,non_human,0.956,unknown,4
815724084,non_human,0.956,non_human,4
815724088,non_human,0.956,non_human,4
815724095,human,0.917,human,7
815724100,human,0.917,human,7
815724102,human,0.957,human,8
815724109,human,0.957,human,8
815724117,human,0.957,human,8
815724118,non_human,0.956,non_human,4
815724127,human,0.957,human,8
815724132,human,0.917,human,7
815724138,human,0.957,human,8
815724140,non_human,0.956,non_human,4
815724142,non_human,0.956,non_human,4
815724145,human,0.917,human,7
815724149,human,0.957,human,8
815724151,human,0.957,human,8
815724152,human,0.957,human,8
815724154,non_human,0.956,non_human,4
815724166,non_human,0.956,non_human,4
815724171,human,0.957,human,8
815724172,non_human,0.956,non_human,4
815724177,non_human,0.956,non_human,4
815724179,human,0.957,human,8
815724183,human,0.957,human,8
815724186,human,0.917,non_human,7
815724188,non_human,0.956,unknown,4
815724190,non_human,0.956,non_human,4
815724192,non_human,0.956,non_human,4
815724197,human,0.917,human,7
815724198,human,0.917,human,7
815724199,non_human,0.956,non_human,4
815724205,non_human,0.956,non_human,4
815724208,human,0.957,human,8
815724209,human,0.917,non_human,7
815724211,non_human,0.956,non_human,4
815724217,human,0.957,human,8
815724222,human,0.957,human,8
815724224,human,0.917,human,7
815724229,non_human,0.956,non_human,4
815724232,human,0.917,human,7
815724237,human,0.917,non_human,7
815724239,non_human,0.956,non_human,4
815724242,non_human,0.956,non_human,4
815724243,non_human,0.956,non_human,4
815724251,human,0.917,non_human,7
815724252,non_human,0.956,non_human,4
815724258,human,0.957,human,8
815724260,human,0.917,human,7
815724261,human,0.957,human,8
815724262,human,0.917,human,7
815724263,non_human,0.956,non_human,4
815724264,non_human,0.956,non_human,4
815724267,human,0.957,human,8
815724270,non_human,0.956,unknown,4
815724271,non_human,0.956,non_human,4
815724274,human,0.917,human,7
815724275,non_human,0.956,non_human,4
815724277,human,0.917,human,7
815724280,non_human,0.956,non_human,4
815724281,non_human,0.956,non_human,4
815724282,human,0.957,human,8
815724294,human,0.917,human,7
815724296,human,0.917,human,7
815724297,human,0.917,human,7
815724303,non_human,0.956,non_human,4
815724304,human,0.957,human,8
815724305,non_human,0.956,non_human,4
815724306,human,0.957,human,8
815724307,human,0.917,human,7
815724308,human,0.957,human,8
815724309,non_human,0.956,unknown,4
815724311,non_human,0.956,non_human,4
815724313,human,0.917,human,7
815724314,non_human,0.956,non_human,4
815724316,non_human,0.956,non_human,4
815724318,human,0.957,human,8
815724323,human,0.917,human,7
815724325,non_human,0.956,non_human,4
815724329,human,0.957,human,8
815724333,non_human,0.956,unknown,4
815724334,human,0.957,human,8
815724337,human,0.917,human,7
815724338,non_human,0.956,non_human,4
815724341,non_human,0.956,non_human,4
815724342,human,0.917,human,7
815724343,human,0.917,human,7
815724345,human,0.957,human,8
815724353,human,0.957,human,8
815724355,human,0.957,human,8
815724356,non_human,0.956,unknown,4
815724360,non_human,0.956,unknown,4
815724365,human,0.957,human,8
815724366,human,0.957,human,8
815724369,non_human,0.956,non_human,4
815724372,human,0.957,human,8
815724375,non_human,0.956,non_human,4
815724377,non_human,0.956,non_human,4
815724378,non_human,0.956,non_human,4
815724380,non_human,0.956,non_human,4
815724381,non_human,0.956,non_human,4
815724383,non_human,0.956,non_human,4
815724384,human,0.957,human,8
815724385,human,0.957,non_human,8
815724387,non_human,0.956,non_human,4
815724388,non_human,0.956,unknown,4
815724393,human,0.917,human,7
815724397,non_human,0.956,non_human,4
815724398,non_human,0.956,non_human,4
815724404,non_human,0.956,non_human,4
815724405,human,0.917,human,7
815724410,human,0.957,human,8
815724412,non_human,0.956,non_human,4
815724414,human,0.917,non_human,7
815724419,non_human,0.956,non_human,4
815724420,human,0.957,human,8
815724421,human,0.957,human,8
815724423,human,0.957,human,8
815724428,non_human,0.956,non_human,4
815724433,non_human,0.956,unknown,4
815724434,non_human,0.956,unknown,4
815724442,human,0.957,human,8
815724444,non_human,0.956,unknown,4
815724445,human,0.957,human,8
815724447,human,0.957,human,8
815724450,non_human,0.956,unknown,4
815724454,human,0.957,human,8
815724457,human,0.957,human,8
815724458,non_human,0.956,unknown,4
815724459,human,0.957,human,8
815724463,non_human,0.956,non_human,4
815724467,non_human,0.956,unknown,4
815724476,human,0.957,human,8
815724477,non_human,0.956,non_human,4
815724481,human,0.917,human,7
815724483,human,0.957,human,8
815724488,non_human,0.956,non_human,4
815724491,non_human,0.956,non_human,4
815724492,non_human,0.956,non_human,4
815724493,human,0.957,human,8
815724497,human,0.917,human,7
815724498,non_human,0.956,non_human,4
815724500,non_human,0.956,non_human,4
815724502,human,0.917,human,7
815724509,non_human,0.956,non_human,4
815724510,non_human,0.956,non_human,4
815724520,non_human,0.956,non_human,4
815724522,non_human,0.956,non_human,4
815724523,non_human,0.956,non_human,4
815724524,non_human,0.956,non_human,4
815724526,non_human,0.956,non_human,4
815724527,human,0.917,non_human,7
815724531,non_human,0.956,non_human,4
815724532,non_human,0.956,non_human,4
815724534,human,0.917,human,7
815724537,non_human,0.956,non_human,4
815724538,non_human,0.956,non_human,4
815724542,human,0.957,human,8
815724544,non_human,0.956,non_human,4
815724545,human,0.917,human,7
815724547,human,0.957,human,8
815724549,non_human,0.956,non_human,4
815724551,non_human,0.956,unknown,4
815724554,non_human,0.956,non_human,4
815724555,human,0.917,human,7
815724558,human,0.957,human,8
815724559,human,0.957,human,8
815724561,non_human,0.956,non_human,4
815724566,non_human,0.956,non_human,4
815724567,non_human,0.956,non_human,4
815724568,non_human,0.956,non_human,4
815724570,human,0.957,human,8
815724573,human,0.957,human,8
815724575,human,0.957,human,8
815724577,human,0.957,human,8
815724578,non_human,0.956,non_human,4
815724579,non_human,0.956,non_human,4
815724582,non_human,0.956,non_human,4
815724584,non_human,0.956,non_human,4
815724585,non_human,0.956,non_human,4
815724588,non_human,0.956,non_human,4
815724589,human,0.957,human,8
815724590,human,0.957,human,8
815724591,non_human,0.956,non_human,4
815724592,human,0.917,human,7
815724595,human,0.957,human,8
815724596,non_human,0.956,unknown,4
815724599,human,0.917,non_human,7
815724603,non_human,0.956,non_human,4
815724608,human,0.957,human,8
815724610,non_human,0.956,non_human,4
815724615,non_human,0.956,non_human,4
815724616,human,0.957,human,8
815724617,non_human,0.956,non_human,4
815724618,human,0.957,human,8
815724619,non_human,0.956,unknown,4
815724620,non_human,0.956,non_human,4
815724621,human,0.917,human,7
815724623,non_human,0.956,non_human,4
815724626,human,0.957,human,8
815724628,non_human,0.956,non_human,4
815724629,non_human,0.956,non_human,4
815724631,human,0.957,human,8
815724635,non_human,0.956,non_human,4
815724638,non_human,0.956,non_human,4
815724642,non_human,0.956,non_human,4
815724643,human,0.917,human,7
815724645,human,0.957,human,8
815724646,human,0.917,human,7
815724648,non_human,0.956,non_human,4
815724651,non_human,0.956,non_human,4
815724666,non_human,0.956,non_human,4
815724671,non_human,0.956,non_human,4
815724672,non_human,0.956,non_human,4
815724674,human,0.957,human,8
815724678,human,0.917,unknown,7
815724682,non_human,0.956,unknown,4
815724684,human,0.957,human,8
815724690,non_human,0.956,non_human,4
815724692,human,0.957,non_human,8
815724693,human,0.957,human,8
815724694,non_human,0.956,non_human,4
815724695,human,0.917,human,7
815724697,human,0.917,human,7
815724700,non_human,0.956,non_human,4
815724703,human,0.957,human,8
815724706,human,0.917,human,7
815724709,non_human,0.956,non_human,4
815724711,non_human,0.956,non_human,4
815724712,human,0.917,human,7
815724713,non_human,0.956,non_human,4
815724715,non_human,0.956,non_human,4
815724719,non_human,0.956,non_human,4
815724720,non_human,0.956,non_human,4
815724722,non_human,0.956,non_human,4
815724723,human,0.957,human,8
815724726,non_human,0.956,non_human,4
815724728,non_human,0.956,unknown,4
815724736,human,0.917,human,7
815724740,human,0.957,unknown,8
815724741,human,0.957,non_human,8
815724747,human,0.957,human,8
815724748,non_human,0.956,non_human,4
815724749,human,0.917,human,7
815724750,human,0.917,human,7
815724751,non_human,0.956,non_human,4
815724758,human,0.917,human,7
815724763,human,0.917,human,7
815724765,non_human,0.956,non_human,4
815724766,non_human,0.956,non_human,4
815724768,human,0.917,human,7
815724769,human,0.957,human,8
815724771,human,0.917,human,7
815724775,human,0.917,human,7
815724782,non_human,0.956,non_human,4
815724785,non_human,0.956,non_human,4
815724786,human,0.957,human,8
815724790,non_human,0.956,non_human,4
815724791,human,0.957,human,8
815724795,human,0.957,human,8
815724798,human,0.917,non_human,7
815724799,non_human,0.956,non_human,4
815724804,non_human,0.956,non_human,4
815724805,non_human,0.956,non_human,4
815724810,non_human,0.956,non_human,4
815724811,human,0.917,unknown,7
815724812,non_human,0.956,non_human,4
815724813,non_human,0.956,non_human,4
815724816,non_human,0.956,non_human,4
815724817,human,0.957,human,8
815724818,non_human,0.956,non_human,4
815724819,human,0.917,non_human,7
815724823,non_human,0.956,non_human,4
815724827,non_human,0.956,unknown,4
815724832,non_human,0.956,non_human,4
815724834,human,0.917,non_human,7
815724835,non_human,0.956,non_human,4
815724837,non_human,0.956,non_human,4
815724841,non_human,0.956,non_human,4
815724843,non_human,0.956,non_human,4
815724848,human,0.957,human,8
815724849,non_human,0.956,non_human,4
815724853,non_human,0.956,human,4
815724854,human,0.957,human,8
815724859,human,0.957,human,8
815724860,non_human,0.956,non_human,4
815724862,non_human,0.956,unknown,4
815724864,human,0.917,human,7
815724866,non_human,0.956,non_human,4
815724868,non_human,0.956,non_human,4
815724876,non_human,0.956,non_human,4
815724880,human,0.957,human,8
815724882,non_human,0.956,unknown,4
815724883,human,0.957,human,8
815724885,human,0.917,human,7
815724887,human,0.957,human,8
815724890,non_human,0.956,unknown,4
815724892,non_human,0.956,non_human,4
815724896,human,0.917,human,7
815724900,non_human,0.956,non_human,4
815724901,human,0.957,human,8
815724902,non_human,0.956,non_human,4
815724903,non_human,0.956,non_human,4
815724904,non_human,0.956,unknown,4
815724905,non_human,0.956,non_human,4
815724909,non_human,0.956,non_human,4
815724910,non_human,0.956,non_human,4
815724911,non_human,0.956,non_human,4
815724914,human,0.917,human,7
815724917,human,0.917,human,7
815724918,human,0.917,human,7
815724919,human,0.917,human,7
815724923,non_human,0.956,non_human,4
815724926,human,0.957,human,8
815724928,non_human,0.956,non_human,4
815724929,human,0.917,human,7
815724930,non_human,0.956,non_human,4
815724932,non_human,0.956,non_human,4
815724936,non_human,0.956,non_human,4
815724942,non_human,0.956,non_human,4
815724943,non_human,0.956,non_human,4
815724946,non_human,0.956,unknown,4
815724948,human,0.917,human,7
815724955,human,0.957,non_human,8
815724956,non_human,0.956,non_human,4
815724959,non_human,0.956,unknown,4
815724960,non_human,0.956,non_human,4
815724961,human,0.957,human,8
815724967,non_human,0.956,non_human,4
815724969,non_human,0.956,non_human,4
815724970,non_human,0.956,non_human,4
815724971,human,0.957,human,8
815724978,non_human,0.956,non_human,4
815724985,non_human,0.956,non_human,4
815724986,human,0.917,human,7
815724989,non_human,0.956,non_human,4
815724990,human,0.917,human,7
815724992,non_human,0.956,non_human,4
815724996,non_human,0.956,non_human,4
815724997,non_human,0.956,unknown,4
815724998,non_human,0.956,non_human,4
815724999,non_human,0.956,unknown,4
815725002,non_human,0.956,non_human,4
815725004,non_human,0.956,unknown,4
815725007,non_human,0.956,non_human,4
815725009,non_human,0.956,unknown,4
815725010,non_human,0.956,non_human,4
815725017,non_human,0.956,unknown,4
815725018,non_human,0.956,non_human,4
815725027,human,0.957,human,8
815725030,non_human,0.956,non_human,4
815725032,non_human,0.956,non_human,4
815725033,non_human,0.956,non_human,4
815725034,human,0.957,human,8
815725035,non_human,0.956,non_human,4
815725038,non_human,0.956,non_human,4
815725039,human,0.917,human,7
815725041,non_human,0.956,non_human,4
815725046,non_human,0.956,non_human,4
815725047,non_human,0.956,non_human,4
815725049,human,0.957,human,8
815725051,human,0.957,human,8
815725054,non_human,0.956,unknown,4
815725055,non_human,0.956,non_human,4
815725056,non_human,0.956,non_human,4
815725057,non_human,0.956,unknown,4
815725058,non_human,0.956,non_human,4
815725060,human,0.957,human,8
815725061,non_human,0.956,non_human,4
815725064,non_human,0.956,unknown,4
815725065,human,0.957,human,8
815725066,human,0.957,human,8
815725072,non_human,0.956,unknown,4
815725073,non_human,0.956,human,4
815725074,non_human,0.956,unknown,4
815725078,non_human,0.956,human,4
815725080,non_human,0.956,non_human,4
815725082,non_human,0.956,non_human,4
815725086,non_human,0.956,non_human,4
815725087,non_human,0.956,non_human,4
815725089,non_human,0.956,non_human,4
815725091,human,0.957,human,8
815725097,non_human,0.956,non_human,4
815725098,non_human,0.956,non_human,4
815725101,non_human,0.956,non_human,4
815725102,non_human,0.956,non_human,4
815725103,non_human,0.956,non_human,4
815725104,non_human,0.956,non_human,4
815725108,human,0.957,human,8
815725110,human,0.957,human,8
815725111,non_human,0.956,non_human,4
815725112,non_human,0.956,non_human,4
815725113,non_human,0.956,unknown,4
815725115,non_human,0.956,unknown,4
815725117,human,0.917,human,7
815725120,human,0.917,human,7
815725122,human,0.957,human,8
815725123,non_human,0.956,non_human,4
815725124,human,0.917,human,7
815725127,non_human,0.956,non_human,4
815725128,non_human,0.956,non_human,4
815725129,non_human,0.956,non_human,4
815725138,non_human,0.956,unknown,4
815725139,non_human,0.956,non_human,4
815725144,non_human,0.956,non_human,4
815725145,non_human,0.956,non_human,4
815725146,non_human,0.956,non_human,4
815725149,non_human,0.956,non_human,4
815725150,non_human,0.956,non_human,4
815725151,human,0.957,human,8
815725152,non_human,0.956,human,4
815725161,non_human,0.956,non_human,4
815725165,non_human,0.956,non_human,4
815725166,human,0.917,non_human,7
815725169,human,0.957,human,8
815725170,non_human,0.956,non_human,4
815725173,human,0.917,non_human,7
815725176,human,0.917,human,7
815725177,human,0.917,human,7
815725178,human,0.917,human,7
815725183,non_human,0.956,non_human,4
815725188,human,0.957,unknown,8
815725194,non_human,0.956,non_human,4
815725195,non_human,0.956,unknown,4
815725204,non_human,0.956,non_human,4
815725205,non_human,0.956,non_human,4
815725206,human,0.957,human,8
815725207,non_human,0.956,non_human,4
815725208,non_human,0.956,unknown,4
815725211,non_human,0.956,non_human,4
815725217,non_human,0.956,non_human,4
815725219,human,0.917,unknown,7
815725221,human,0.957,human,8
815725222,human,0.957,human,8
815725224,non_human,0.956,non_human,4
815725225,non_human,0.956,non_human,4
815725226,non_human,0.956,non_human,4
815725227,non_human,0.956,non_human,4
815725229,non_human,0.956,non_human,4
815725230,non_human,0.956,non_human,4
815725231,human,0.957,human,8
815725232,non_human,0.956,non_human,4
815725236,non_human,0.956,non_human,4
815725238,non_human,0.956,non_human,4
815725241,human,0.957,human,8
815725245,non_human,0.956,non_human,4
815725246,non_human,0.956,non_human,4
815725250,non_human,0.956,non_human,4
815725251,non_human,0.956,non_human,4
815725252,non_human,0.956,unknown,4
815725254,human,0.957,human,8
815725257,non_human,0.956,non_human,4
815725260,human,0.917,human,7
815725262,human,0.957,human,8
815725264,human,0.957,human,8
815725266,non_human,0.956,non_human,4
815725267,non_human,0.956,non_human,4
815725269,non_human,0.956,non_human,4
815725273,human,0.957,human,8
815725274,human,0.957,human,8
815725276,non_human,0.956,non_human,4
815725282,non_human,0.956,non_human,4
815725284,human,0.957,unknown,8
815725288,non_human,0.956,non_human,4
815725291,human,0.957,human,8
815725297,non_human,0.956,non_human,4
815725298,non_human,0.956,non_human,4
815725299,non_human,0.956,non_human,4
815725303,human,0.957,human,8
815725304,non_human,0.956,non_human,4
815725309,human,0.957,human,8
815725311,human,0.957,human,8
815725313,human,0.917,human,7
815725314,human,0.957,human,8
815725315,non_human,0.956,non_human,4
815725316,non_human,0.956,non_human,4
815725321,human,0.957,human,8
815725325,human,0.917,human,7
815725330,human,0.917,non_human,7
815725334,non_human,0.956,non_human,4
815725335,non_human,0.956,non_human,4
815725336,non_human,0.956,unknown,4
815725337,human,0.957,human,8
815725339,non_human,0.956,non_human,4
815725343,non_human,0.956,non_human,4
815725344,non_human,0.956,non_human,4
815725345,non_human,0.956,non_human,4
815725346,non_human,0.956,non_human,4
815725347,non_human,0.956,non_human,4
815725348,non_human,0.956,non_human,4
815725349,non_human,0.956,non_human,4
815725353,non_human,0.956,non_human,4
815725355,non_human,0.956,unknown,4
815725356,non_human,0.956,non_human,4
815725358,non_human,0.956,non_human,4
815725360,non_human,0.956,non_human,4
815725361,non_human,0.956,non_human,4
815725362,non_human,0.956,non_human,4
815725364,non_human,0.956,non_human,4
815725371,non_human,0.956,non_human,4
815725372,non_human,0.956,unknown,4
815725373,non_human,0.956,non_human,4
815725375,human,0.917,unknown,7
815725377,human,0.957,human,8
815725382,non_human,0.956,non_human,4
815725386,non_human,0.956,non_human,4
815725388,non_human,0.956,non_human,4
815725389,non_human,0.956,non_human,4
815725393,human,0.957,human,8
815725404,non_human,0.956,unknown,4
815725405,non_human,0.956,non_human,4
815725409,human,0.957,unknown,8
815725413,human,0.957,human,8
815725415,non_human,0.956,unknown,4
815725419,human,0.957,human,8
815725428,non_human,0.956,non_human,4
815725433,human,0.957,human,8
815725434,non_human,0.956,non_human,4
815725436,non_human,0.956,non_human,4
815725437,non_human,0.956,non_human,4
815725439,non_human,0.956,non_human,4
815725440,non_human,0.956,unknown,4
815725444,human,0.917,human,7
815725447,human,0.917,non_human,7
815725450,non_human,0.956,non_human,4
815725451,non_human,0.956,non_human,4
815725452,non_human,0.956,non_human,4
815725453,human,0.957,human,8
815725454,non_human,0.956,non_human,4
815725457,non_human,0.956,non_human,4
815725460,human,0.917,human,7
815725461,non_human,0.956,non_human,4
815725462,non_human,0.956,human,4
815725464,human,0.957,human,8
815725466,non_human,0.956,non_human,4
815725469,non_human,0.956,unknown,4
815725471,non_human,0.956,non_human,4
815725475,non_human,0.956,non_human,4
815725477,non_human,0.956,non_human,4
815725478,non_human,0.956,non_human,4
815725479,non_human,0.956,non_human,4
815725480,human,0.917,human,7
815725483,non_human,0.956,non_human,4
815725485,non_human,0.956,non_human,4
815725486,human,0.917,non_human,7
815725487,non_human,0.956,unknown,4
815725490,human,0.957,human,8
815725491,human,0.957,human,8
815725493,human,0.957,unknown,8
815725494,non_human,0.956,non_human,4
815725496,non_human,0.956,non_human,4
815725498,non_human,0.956,non_human,4
815725499,human,0.917,human,7
815725508,non_human,0.956,non_human,4
815725517,human,0.917,human,7
815725518,human,0.917,human,7
815725522,human,0.917,unknown,7
815725526,non_human,0.956,non_human,4
815725527,human,0.917,human,7
815725529,non_human,0.956,non_human,4
815725530,non_human,0.956,unknown,4
815725531,non_human,0.956,unknown,4
815725534,non_human,0.956,non_human,4
815725536,non_human,0.956,non_human,4
815725538,non_human,0.956,unknown,4
815725540,non_human,0.956,non_human,4
815725543,non_human,0.956,non_human,4
815725544,human,0.957,human,8
815725556,non_human,0.956,non_human,4
815725557,non_human,0.956,non_human,4
815725561,non_human,0.956,unknown,4
815725564,non_human,0.956,non_human,4
815725565,non_human,0.956,non_human,4
815725566,non_human,0.956,unknown,4
815725568,non_human,0.956,non_human,4
815725569,human,0.957,human,8
815725575,non_human,0.956,non_human,4
815725579,non_human,0.956,non_human,4
815725581,non_human,0.956,non_human,4
815725582,non_human,0.956,unknown,4
815725584,non_human,0.956,non_human,4
815725585,non_human,0.956,non_human,4
815725586,human,0.917,human,7
815725587,human,0.957,human,8
815725591,human,0.957,human,8
815725594,non_human,0.956,non_human,4
815725597,human,0.917,unknown,7
815725598,human,0.917,human,7
815725599,non_human,0.956,non_human,4
815725601,human,0.957,human,8
815725602,non_human,0.956,non_human,4
815725603,non_human,0.956,non_human,4
815725604,human,0.957,human,8
815725605,non_human,0.956,non_human,4
815725611,non_human,0.956,unknown,4
815725612,non_human,0.956,non_human,4
815725617,non_human,0.956,non_human,4
815725620,human,0.957,human,8
815725621,human,0.957,human,8
815725622,non_human,0.956,non_human,4
815725625,human,0.917,human,7
815725626,human,0.957,human,8
815725633,non_human,0.956,non_human,4
815725635,non_human,0.956,non_human,4
815725637,non_human,0.956,non_human,4
815725638,non_human,0.956,non_human,4
815725639,non_human,0.956,non_human,4
815725643,human,0.917,human,7
815725645,human,0.957,non_human,8
815725648,non_human,0.956,non_human,4
815725649,non_human,0.956,non_human,4
815725655,non_human,0.956,non_human,4
815725657,non_human,0.956,non_human,4
815725658,non_human,0.956,non_human,4
815725659,non_human,0.956,non_human,4
815725661,non_human,0.956,non_human,4
815725664,non_human,0.956,non_human,4
815725665,non_human,0.956,non_human,4
815725666,non_human,0.956,non_human,4
815725667,non_human,0.956,non_human,4
815725668,non_human,0.956,non_human,4
815725669,non_human,0.956,non_human,4
815725677,non_human,0.956,non_human,4
815725687,non_human,0.956,unknown,4
815725688,human,0.957,human,8
815725689,human,0.917,human,7
815725691,non_human,0.956,non_human,4
815725693,non_human,0.956,non_human,4
815725694,non_human,0.956,non_human,4
815725695,non_human,0.956,non_human,4
815725701,human,0.957,human,8
815725707,human,0.957,human,8
815725708,human,0.917,human,7
815725710,human,0.957,human,8
815725716,human,0.957,human,8
815725721,human,0.957,human,8
815725722,human,0.957,human,8
815725731,human,0.957,human,8
815725732,non_human,0.956,human,4
815725733,human,0.917,human,7
815725735,non_human,0.956,non_human,4
815725736,non_human,0.956,non_human,4
815725737,non_human,0.956,non_human,4
815725742,human,0.957,human,8
815725743,non_human,0.956,non_human,4
815725745,non_human,0.956,non_human,4
815725751,non_human,0.956,non_human,4
815725754,human,0.957,non_human,8
815725757,human,0.917,human,7
815725760,human,0.917,human,7
815725763,human,0.957,human,8
815725764,human,0.917,human,7
815725768,human,0.917,human,7
815725769,human,0.957,human,8
815725770,non_human,0.956,non_human,4
815725771,human,0.957,human,8
815725773,non_human,0.956,non_human,4
815725776,human,0.957,human,8
815725777,human,0.957,human,8
815725778,non_human,0.956,non_human,4
815725784,human,0.917,human,7
815725787,non_human,0.956,non_human,4
815725789,non_human,0.956,non_human,4
815725796,non_human,0.956,human,4
815725797,human,0.957,human,8
815725803,non_human,0.956,non_human,4
815725808,non_human,0.956,non_human,4
815725809,non_human,0.956,non_human,4
815725810,non_human,0.956,non_human,4
815725812,non_human,0.956,unknown,4
815725813,human,0.917,human,7
815725814,human,0.957,human,8
815725817,non_human,0.956,non_human,4
815725819,human,0.957,human,8
815725821,human,0.957,human,8
815725830,human,0.957,human,8
815725834,human,0.957,human,8
815725835,human,0.917,human,7
815725837,non_human,0.956,non_human,4
815725839,non_human,0.956,non_human,4
815725840,human,0.917,human,7
815725841,non_human,0.956,non_human,4
815725842,non_human,0.956,non_human,4
815725844,human,0.917,human,7
815725846,non_human,0.956,unknown,4
815725849,non_human,0.956,unknown,4
815725857,non_human,0.956,non_human,4
815725859,non_human,0.956,non_human,4
815725861,non_human,0.956,non_human,4
815725862,human,0.957,human,8
815725863,non_human,0.956,unknown,4
815725867,non_human,0.956,non_human,4
815725869,non_human,0.956,non_human,4
815725875,non_human,0.956,unknown,4
815725876,non_human,0.956,non_human,4
815725879,non_human,0.956,non_human,4
815725881,non_human,0.956,non_human,4
815725887,human,0.917,human,7
815725889,non_human,0.956,non_human,4
815725890,non_human,0.956,non_human,4
815725892,non_human,0.956,non_human,4
815725893,human,0.917,human,7
815725894,non_human,0.956,unknown,4
815725896,human,0.957,human,8
815725903,non_human,0.956,non_human,4
815725905,non_human,0.956,non_human,4
815725906,non_human,0.956,unknown,4
815725907,human,0.917,human,7
815725908,human,0.957,human,8
815725909,human,0.917,human,7
815725911,non_human,0.956,non_human,4
815725913,non_human,0.956,unknown,4
815725916,human,0.917,human,7
815725920,non_human,0.956,non_human,4
815725922,non_human,0.956,non_human,4
815725924,non_human,0.956,non_human,4
815725928,non_human,0.956,non_human,4
815725930,non_human,0.956,non_human,4
815725936,non_human,0.956,non_human,4
815725939,human,0.917,human,7
815725943,non_human,0.956,non_human,4
815725944,non_human,0.956,non_human,4
815725945,human,0.917,human,7
815725948,human,0.957,human,8
815725952,non_human,0.956,unknown,4
815725957,non_human,0.956,unknown,4
815725961,human,0.957,human,8
815725967,human,0.957,human,8
815725968,non_human,0.956,unknown,4
815725969,human,0.957,human,8
815725996,human,0.917,human,7
815725997,human,0.957,human,8
815726001,non_human,0.956,non_human,4
815726003,non_human,0.956,non_human,4
815726006,human,0.957,unknown,8
815726007,non_human,0.956,unknown,4
815726008,non_human,0.956,non_human,4
815726019,non_human,0.956,non_human,4
815726020,non_human,0.956,non_human,4
815726021,non_human,0.956,non_human,4
815726023,non_human,0.956,non_human,4
815726024,human,0.957,human,8
815726025,non_human,0.956,unknown,4
815726028,non_human,0.956,non_human,4
815726030,non_human,0.956,non_human,4
815726031,non_human,0.956,unknown,4
815726032,non_human,0.956,unknown,4
815726033,non_human,0.956,unknown,4
815726034,non_human,0.956,unknown,4
815726035,non_human,0.956,non_human,4
815726040,human,0.917,human,7
815726043,non_human,0.956,non_human,4
815726045,non_human,0.956,non_human,4
815726050,human,0.957,human,8
815726052,non_human,0.956,non_human,4
815726053,non_human,0.956,non_human,4
815726054,non_human,0.956,unknown,4
815726062,non_human,0.956,non_human,4
815726064,human,0.957,human,8
815726067,non_human,0.956,non_human,4
815726071,human,0.957,non_human,8
815726076,non_human,0.956,human,4
815726085,human,0.957,human,8
815726086,non_human,0.956,non_human,4
815726089,human,0.957,human,8
815726093,non_human,0.956,non_human,4
815726101,non_human,0.956,non_human,4
815726106,human,0.917,human,7
815726107,non_human,0.956,unknown,4
815726109,non_human,0.956,non_human,4
815726110,non_human,0.956,non_human,4
815726112,non_human,0.956,non_human,4
815726114,non_human,0.956,non_human,4
815726117,non_human,0.956,non_human,4
815726118,non_human,0.956,unknown,4
815726120,non_human,0.956,non_human,4
815726121,human,0.957,human,8
815726123,human,0.957,human,8
815726126,non_human,0.956,non_human,4
815726127,non_human,0.956,non_human,4
815726128,non_human,0.956,non_human,4
815726130,non_human,0.956,non_human,4
815726132,non_human,0.956,unknown,4
815726133,non_human,0.956,unknown,4
815726135,human,0.917,non_human,7
815726136,non_human,0.956,non_human,4
815726137,non_human,0.956,non_human,4
815726138,non_human,0.956,non_human,4
815726139,non_human,0.956,non_human,4
815726141,non_human,0.956,non_human,4
815726142,non_human,0.956,non_human,4
815726143,non_human,0.956,non_human,4
815726144,non_human,0.956,unknown,4
815726148,human,0.957,human,8
815726151,human,0.957,human,8
815726154,human,0.917,human,7
815726157,human,0.957,human,8
815726160,non_human,0.956,non_human,4
815726175,human,0.957,human,8
815726177,human,0.917,human,7
815726192,non_human,0.956,unknown,4
815726193,human,0.917,human,7
815726196,non_human,0.956,human,4
815726201,non_human,0.956,non_human,4
815726205,human,0.957,human,8
815726207,non_human,0.956,unknown,4
815726208,human,0.957,human,8
815726210,human,0.957,human,8
815726214,human,0.957,human,8
815726216,human,0.917,non_human,7
815726217,human,0.957,human,8
815726219,non_human,0.956,non_human,4
815726221,non_human,0.956,non_human,4
815726223,non_human,0.956,non_human,4
815726224,non_human,0.956,non_human,4
815726227,non_human,0.956,non_human,4
815726236,human,0.917,human,7
815726240,non_human,0.956,non_human,4
815726244,non_human,0.956,non_human,4
815726246,non_human,0.956,non_human,4
815726249,non_human,0.956,non_human,4
815726251,human,0.917,human,7
815726253,human,0.917,non_human,7
815726256,human,0.957,non_human,8
815726257,human,0.957,human,8
815726259,human,0.957,human,8
815726260,non_human,0.956,non_human,4
815726265,non_human,0.956,non_human,4
815726266,human,0.957,human,8
815726267,non_human,0.956,non_human,4
815726283,human,0.957,human,8
815726286,non_human,0.956,non_human,4
815726295,non_human,0.956,non_human,4
815726296,human,0.917,human,7
815726301,non_human,0.956,non_human,4
815726302,non_human,0.956,non_human,4
815726304,human,0.957,human,8
815726306,non_human,0.956,unknown,4
815726307,non_human,0.956,non_human,4
815726308,non_human,0.956,non_human,4
815726309,human,0.917,human,7
815726312,non_human,0.956,unknown,4
815726314,non_human,0.956,non_human,4
815726316,non_human,0.956,unknown,4
815726318,non_human,0.956,non_human,4
815726319,human,0.917,human,7
815726320,non_human,0.956,non_human,4
815726324,human,0.957,human,8
815726326,non_human,0.956,non_human,4
815726328,non_human,0.956,non_human,4
815726329,non_human,0.956,unknown,4
815726331,non_human,0.956,non_human,4
815726333,non_human,0.956,non_human,4
815726335,non_human,0.956,non_human,4
815726336,non_human,0.956,non_human,4
815726338,non_human,0.956,non_human,4
815726339,human,0.957,human,8
815726342,human,0.957,human,8
815726352,non_human,0.956,non_human,4
815726353,non_human,0.956,unknown,4
815726355,non_human,0.956,unknown,4
815726357,non_human,0.956,non_human,4
815726358,non_human,0.956,unknown,4
815726366,human,0.957,human,8
815726373,non_human,0.956,human,4
815726386,non_human,0.956,non_human,4
815726390,non_human,0.956,non_human,4
815726394,non_human,0.956,non_human,4
815726396,non_human,0.956,unknown,4
815726398,human,0.957,human,8
815726400,non_human,0.956,unknown,4
815726407,human,0.917,human,7
815726408,human,0.957,non_human,8
815726413,non_human,0.956,non_human,4
815726414,human,0.917,human,7
815726417,non_human,0.956,non_human,4
815726419,human,0.917,human,7
815726423,non_human,0.956,non_human,4
815726424,non_human,0.956,unknown,4
815726425,human,0.957,human,8
815726426,non_human,0.956,unknown,4
815726427,human,0.957,human,8
815726429,non_human,0.956,non_human,4
815726430,non_human,0.956,non_human,4
815726432,human,0.957,human,8
815726433,non_human,0.956,non_human,4
815726434,non_human,0.956,non_human,4
815726435,non_human,0.956,non_human,4
815726440,human,0.917,human,7
815726442,human,0.917,human,7
815726443,non_human,0.956,non_human,4
815726447,human,0.917,human,7
815726450,non_human,0.956,non_human,4
815726453,non_human,0.956,unknown,4
815726454,non_human,0.956,non_human,4
815726458,human,0.917,human,7
815726459,non_human,0.956,non_human,4
815726460,non_human,0.956,non_human,4
815726468,non_human,0.956,unknown,4
815726470,human,0.957,unknown,8
815726473,non_human,0.956,unknown,4
815726475,human,0.957,human,8
815726477,human,0.917,human,7
815726491,non_human,0.956,non_human,4
815726495,non_human,0.956,non_human,4
815726497,non_human,0.956,non_human,4
815726499,non_human,0.956,non_human,4
815726501,non_human,0.956,non_human,4
815726503,human,0.957,non_human,8
815726507,human,0.957,human,8
815726511,non_human,0.956,unknown,4
815726512,non_human,0.956,non_human,4
815726514,human,0.957,human,8
815726520,human,0.957,unknown,8
815726523,human,0.917,unknown,7
815726524,human,0.917,human,7
815726525,non_human,0.956,unknown,4
815726528,human,0.917,non_human,7
815726530,human,0.957,human,8
815726532,non_human,0.956,non_human,4
815726533,non_human,0.956,non_human,4
815726535,human,0.957,human,8
815726537,human,0.917,human,7
815726539,human,0.957,non_human,8
815726543,non_human,0.956,unknown,4
815726547,non_human,0.956,non_human,4
815726550,human,0.917,human,7
815726561,human,0.957,human,8
815726562,human,0.957,human,8
815726563,non_human,0.956,non_human,4
815726564,non_human,0.956,non_human,4
815726565,non_human,0.956,non_human,4
815726566,non_human,0.956,non_human,4
815726568,human,0.917,human,7
815726571,non_human,0.956,non_human,4
815726572,human,0.917,human,7
815726573,non_human,0.956,non_human,4
815726574,non_human,0.956,unknown,4
815726581,non_human,0.956,non_human,4
815726585,human,0.957,human,8
815726591,human,0.917,human,7
815726592,non_human,0.956,non_human,4
815726593,non_human,0.956,unknown,4
815726596,non_human,0.956,non_human,4
815726597,non_human,0.956,non_human,4
815726598,human,0.957,human,8
815726599,non_human,0.956,non_human,4
815726602,human,0.917,human,7
815726604,non_human,0.956,non_human,4
815726611,human,0.957,human,8
815726612,human,0.917,human,7
815726622,human,0.917,human,7
815726625,human,0.957,human,8
815726628,non_human,0.956,non_human,4
815726630,human,0.957,human,8
815726635,human,0.957,human,8
815726637,non_human,0.956,unknown,4
815726644,non_human,0.956,non_human,4
815726645,human,0.917,human,7
815726649,non_human,0.956,non_human,4
815726657,non_human,0.956,non_human,4
815726658,non_human,0.956,unknown,4
815726659,human,0.957,human,8
815726660,non_human,0.956,unknown,4
815726661,human,0.917,human,7
815726663,non_human,0.956,non_human,4
815726664,non_human,0.956,non_human,4
815726666,human,0.917,human,7
815726667,human,0.917,human,7
815726669,non_human,0.956,non_human,4
815726670,non_human,0.956,non_human,4
815726672,non_human,0.956,unknown,4
815726673,non_human,0.956,non_human,4
815726683,human,0.957,human,8
815726687,non_human,0.956,non_human,4
815726691,non_human,0.956,non_human,4
815726692,non_human,0.956,non_human,4
815726693,non_human,0.956,non_human,4
815726694,non_human,0.956,non_human,4
815726695,non_human,0.956,non_human,4
815726697,human,0.957,human,8
815726698,non_human,0.956,non_human,4
815726699,non_human,0.956,non_human,4
815726701,human,0.917,human,7
815726705,human,0.957,human,8
815726707,human,0.957,human,8
815726709,human,0.957,human,8
815726716,human,0.917,human,7
815726717,human,0.957,human,8
815726719,human,0.917,non_human,7
815726720,human,0.917,human,7
815726739,non_human,0.956,non_human,4
815726741,human,0.917,human,7
815726742,non_human,0.956,unknown,4
815726743,non_human,0.956,non_human,4
815726745,human,0.917,human,7
815726748,non_human,0.956,non_human,4
815726749,human,0.957,human,8
815726756,human,0.957,human,8
815726758,human,0.957,human,8
815726762,human,0.957,human,8
815726764,human,0.957,human,8
815726773,non_human,0.956,non_human,4
815726775,non_human,0.956,non_human,4
815726779,human,0.957,human,8
815726784,non_human,0.956,non_human,4
815726787,human,0.957,human,8
815726788,human,0.957,human,8
815726790,non_human,0.956,non_human,4
815726793,human,0.957,human,8
815726794,non_human,0.956,non_human,4
815726796,human,0.917,human,7
815726797,human,0.957,human,8
815726803,non_human,0.956,unknown,4
815726804,non_human,0.956,non_human,4
815726805,human,0.957,human,8
815726806,non_human,0.956,non_human,4
815726809,human,0.917,human,7
815726810,non_human,0.956,non_human,4
815726811,human,0.917,unknown,7
815726812,non_human,0.956,non_human,4
815726813,human,0.917,human,7
815726821,human,0.957,human,8
815726825,non_human,0.956,non_human,4
815726829,human,0.957,human,8
815726830,non_human,0.956,non_human,4
815726831,human,0.917,human,7
815726832,non_human,0.956,human,4
815726835,non_human,0.956,non_human,4
815726838,non_human,0.956,non_human,4
815726839,human,0.957,human,8
815726842,non_human,0.956,non_human,4
815726847,non_human,0.956,non_human,4
815726851,non_human,0.956,non_human,4
815726852,non_human,0.956,non_human,4
815726856,human,0.957,human,8
815726858,non_human,0.956,non_human,4
815726860,non_human,0.956,non_human,4
815726861,human,0.917,human,7
815726862,non_human,0.956,non_human,4
815726864,human,0.917,human,7
815726865,non_human,0.956,non_human,4
815726867,human,0.957,human,8
815726868,human,0.957,human,8
815726875,human,0.957,non_human,8
815726876,human,0.917,human,7
815726884,non_human,0.956,non_human,4
815726885,non_human,0.956,unknown,4
815726888,non_human,0.956,non_human,4
815726890,human,0.957,human,8
815726892,non_human,0.956,non_human,4
815726896,non_human,0.956,non_human,4
815726897,non_human,0.956,non_human,4
815726898,non_human,0.956,unknown,4
815726899,non_human,0.956,non_human,4
815726900,human,0.957,human,8
815726903,non_human,0.956,non_human,4
815726904,non_human,0.956,non_human,4
815726906,human,0.917,human,7
815726907,non_human,0.956,non_human,4
815726910,human,0.917,unknown,7
815726912,non_human,0.956,non_human,4
815726916,non_human,0.956,non_human,4
815726918,non_human,0.956,non_human,4
815726927,human,0.957,human,8
815726928,non_human,0.956,non_human,4
815726932,non_human,0.956,unknown,4
815726934,non_human,0.956,non_human,4
815726936,non_human,0.956,non_human,4
815726942,non_human,0.956,non_human,4
815726943,human,0.957,human,8
815726950,human,0.957,human,8
815726953,human,0.957,human,8
815726955,non_human,0.956,non_human,4
815726959,non_human,0.956,non_human,4
815726960,non_human,0.956,non_human,4
815726965,non_human,0.956,non_human,4
815726969,non_human,0.956,non_human,4
815726972,human,0.957,human,8
815726973,non_human,0.956,non_human,4
815726980,human,0.957,human,8
815726983,non_human,0.956,unknown,4
815726985,non_human,0.956,non_human,4
815726990,human,0.957,human,8
815726993,non_human,0.956,non_human,4
815727008,human,0.917,human,7
815727009,non_human,0.956,unknown,4
815727016,human,0.957,human,8
815727017,non_human,0.956,human,4
815727018,non_human,0.956,unknown,4
815727020,human,0.917,human,7
815727021,non_human,0.956,unknown,4
815727022,non_human,0.956,non_human,4
815727023,human,0.957,human,8
815727027,non_human,0.956,non_human,4
815727028,non_human,0.956,non_human,4
815727031,human,0.917,unknown,7
815727034,human,0.957,human,8
815727041,non_human,0.956,non_human,4
815727042,non_human,0.956,unknown,4
815727044,non_human,0.956,non_human,4
815727046,human,0.917,non_human,7
815727049,non_human,0.956,unknown,4
815727050,non_human,0.956,non_human,4
815727056,human,0.957,human,8
815727057,human,0.917,human,7
815727059,human,0.957,human,8
815727060,human,0.957,human,8
815727061,non_human,0.956,unknown,4
815727067,non_human,0.956,non_human,4
815727072,human,0.957,human,8
815727074,non_human,0.956,non_human,4
815727075,non_human,0.956,non_human,4
815727076,non_human,0.956,non_human,4
815727077,non_human,0.956,non_human,4
815727078,non_human,0.956,non_human,4
815727083,non_human,0.956,non_human,4
815727085,human,0.957,human,8
815727086,non_human,0.956,non_human,4
815727090,non_human,0.956,non_human,4
815727093,non_human,0.956,non_human,4
815727094,non_human,0.956,non_human,4
815727098,human,0.917,human,7
815727102,non_human,0.956,non_human,4
815727107,non_human,0.956,non_human,4
815727108,human,0.917,human,7
815727109,human,0.957,non_human,8
815727111,human,0.957,human,8
815727112,human,0.917,human,7
815727116,non_human,0.956,non_human,4
815727119,non_human,0.956,non_human,4
815727123,human,0.957,human,8
815727124,non_human,0.956,non_human,4
815727125,non_human,0.956,non_human,4
815727127,non_human,0.956,non_human,4
815727140,human,0.957,human,8
815727147,human,0.957,human,8
815727150,non_human,0.956,unknown,4
815727156,non_human,0.956,non_human,4
815727158,human,0.957,human,8
815727159,non_human,0.956,non_human,4
815727160,non_human,0.956,non_human,4
815727161,non_human,0.956,non_human,4
815727168,human,0.957,human,8
815727174,human,0.957,human,8
815727182,non_human,0.956,non_human,4
815727183,non_human,0.956,non_human,4
815727187,human,0.957,human,8
815727190,human,0.917,human,7
815727195,human,0.917,human,7
815727197,human,0.917,human,7
815727227,non_human,0.956,non_human,4
815727233,human,0.917,human,7
815727241,human,0.957,human,8
815727245,non_human,0.956,non_human,4
815727246,non_human,0.956,non_human,4
815727247,non_human,0.956,unknown,4
815727248,non_human,0.956,non_human,4
815727250,human,0.917,human,7
815727251,non_human,0.956,non_human,4
815727253,human,0.957,human,8
815727254,non_human,0.956,non_human,4
815727259,non_human,0.956,non_human,4
815727260,non_human,0.956,non_human,4
815727262,non_human,0.956,non_human,4
815727263,human,0.917,human,7
815727264,non_human,0.956,non_human,4
815727265,human,0.957,human,8
815727266,human,0.917,human,7
815727267,human,0.957,non_human,8
815727269,human,0.957,unknown,8
815727270,non_human,0.956,non_human,4
815727271,non_human,0.956,non_human,4
815727272,non_human,0.956,non_human,4
815727273,non_human,0.956,non_human,4
815727274,human,0.917,human,7
815727278,human,0.957,human,8
815727279,non_human,0.956,non_human,4
815727282,human,0.917,human,7
815727288,human,0.957,human,8
815727289,non_human,0.956,non_human,4
815727290,non_human,0.956,non_human,4
815727297,human,0.917,human,7
815727299,human,0.957,non_human,8
815727300,human,0.957,human,8
815727303,human,0.917,human,7
815727305,human,0.917,human,7
815727309,human,0.957,human,8
815727311,human,0.917,unknown,7
815727316,human,0.957,human,8
815727318,human,0.917,human,7
815727323,non_human,0.956,non_human,4
815727324,human,0.917,non_human,7
815727325,human,0.917,human,7
815727326,human,0.957,human,8
815727327,human,0.957,human,8
815727330,non_human,0.956,non_human,4
815727331,non_human,0.956,non_human,4
815727333,human,0.957,human,8
815727334,non_human,0.956,non_human,4
815727337,non_human,0.956,non_human,4
815727338,non_human,0.956,non_human,4
815727340,non_human,0.956,non_human,4
815727342,non_human,0.956,non_human,4
815727343,non_human,0.956,non_human,4
815727344,non_human,0.956,unknown,4
815727345,non_human,0.956,non_human,4
815727346,non_human,0.956,non_human,4
815727347,non_human,0.956,non_human,4
815727348,non_human,0.956,non_human,4
815727349,non_human,0.956,non_human,4
815727352,human,0.957,human,8
815727355,human,0.957,human,8
815727359,human,0.957,human,8
815727360,non_human,0.956,non_human,4
815727361,human,0.957,human,8
815727365,human,0.917,human,7
815727366,human,0.957,human,8
815727367,human,0.917,human,7
815727368,non_human,0.956,non_human,4
815727369,non_human,0.956,non_human,4
815727371,non_human,0.956,unknown,4
815727372,non_human,0.956,non_human,4
815727384,human,0.957,human,8
815727386,human,0.917,human,7
815727387,human,0.957,human,8
815727388,human,0.957,non_human,8
815727391,human,0.957,human,8
815727392,human,0.957,human,8
815727393,human,0.957,human,8
815727395,human,0.917,human,7
815727396,human,0.917,human,7
815727399,human,0.917,human,7
815727400,human,0.957,human,8
815727407,human,0.917,human,7
815727408,human,0.957,human,8
815727418,non_human,0.956,non_human,4
815727419,human,0.957,human,8
815727420,non_human,0.956,non_human,4
815727421,human,0.957,human,8
815727423,human,0.957,human,8
815727425,non_human,0.956,non_human,4
815727428,non_human,0.956,unknown,4
815727433,non_human,0.956,non_human,4
815727435,non_human,0.956,non_human,4
815727438,non_human,0.956,non_human,4
815727439,non_human,0.956,unknown,4
815727440,human,0.917,human,7
815727441,non_human,0.956,non_human,4
815727442,human,0.957,human,8
815727443,non_human,0.956,non_human,4
815727444,non_human,0.956,non_human,4
815727446,human,0.957,human,8
815727448,human,0.917,human,7
815727449,non_human,0.956,non_human,4
815727454,non_human,0.956,non_human,4
815727455,human,0.957,human,8
815727456,non_human,0.956,non_human,4
815727457,non_human,0.956,non_human,4
815727458,non_human,0.956,non_human,4
815727463,non_human,0.956,non_human,4
815727464,non_human,0.956,non_human,4
815727465,non_human,0.956,non_human,4
815727466,human,0.957,human,8
815727467,human,0.917,human,7
815727469,non_human,0.956,non_human,4
815727470,non_human,0.956,non_human,4
815727472,non_human,0.956,non_human,4
815727475,human,0.957,human,8
815727476,non_human,0.956,unknown,4
815727479,human,0.957,non_human,8
815727482,non_human,0.956,unknown,4
815727483,human,0.957,human,8
815727485,human,0.957,human,8
815727486,human,0.917,human,7
815727492,human,0.917,human,7
815727494,human,0.957,human,8
815727497,non_human,0.956,non_human,4
815727500,non_human,0.956,non_human,4
815727502,human,0.917,human,7
815727507,non_human,0.956,non_human,4
815727510,non_human,0.956,non_human,4
815727512,non_human,0.956,non_human,4
815727514,non_human,0.956,non_human,4
815727515,non_human,0.956,non_human,4
815727517,non_human,0.956,non_human,4
815727526,non_human,0.956,non_human,4
815727527,non_human,0.956,non_human,4
815727528,non_human,0.956,unknown,4
815727529,non_human,0.956,non_human,4
815727531,non_human,0.956,non_human,4
815727532,human,0.957,human,8
815727534,non_human,0.956,non_human,4
815727535,human,0.917,non_human,7
815727536,human,0.917,human,7
815727540,non_human,0.956,unknown,4
815727541,human,0.957,human,8
815727542,non_human,0.956,non_human,4
815727543,non_human,0.956,non_human,4
815727546,non_human,0.956,non_human,4
815727549,human,0.917,human,7
815727552,non_human,0.956,non_human,4
815727553,non_human,0.956,non_human,4
815727554,human,0.917,human,7
815727555,non_human,0.956,non_human,4
815727559,human,0.917,human,7
815727565,non_human,0.956,unknown,4
815727567,human,0.957,human,8
815727571,human,0.917,human,7
815727573,human,0.917,human,7
815727578,non_human,0.956,non_human,4
815727580,human,0.957,human,8
815727583,human,0.957,human,8
815727586,human,0.957,human,8
815727587,human,0.957,human,8
815727590,non_human,0.956,non_human,4
815727593,non_human,0.956,unknown,4
815727596,non_human,0.956,unknown,4
815727598,non_human,0.956,non_human,4
815727600,non_human,0.956,non_human,4
815727601,non_human,0.956,non_human,4
815727602,non_human,0.956,non_human,4
815727603,non_human,0.956,non_human,4
815727604,non_human,0.956,unknown,4
815727607,non_human,0.956,non_human,4
815727608,non_human,0.956,non_human,4
815727613,non_human,0.956,non_human,4
815727615,non_human,0.956,unknown,4
815727616,non_human,0.956,non_human,4
815727617,non_human,0.956,non_human,4
815727618,non_human,0.956,non_human,4
815727620,human,0.957,unknown,8
815727621,human,0.917,human,7
815727622,human,0.957,human,8
815727636,non_human,0.956,non_human,4
815727638,human,0.957,human,8
815727645,human,0.957,unknown,8
815727649,human,0.917,human,7
815727653,human,0.957,human,8
815727656,human,0.957,human,8
815727660,non_human,0.956,non_human,4
815727663,human,0.917,non_human,7
815727664,non_human,0.956,non_human,4
815727669,human,0.957,non_human,8
815727670,human,0.957,human,8
815727671,non_human,0.956,non_human,4
815727672,human,0.917,human,7
815727674,human,0.957,human,8
815727675,human,0.917,human,7
815727677,non_human,0.956,non_human,4
815727678,non_human,0.956,non_human,4
815727679,non_human,0.956,unknown,4
815727680,non_human,0.956,unknown,4
815727681,human,0.917,human,7
815727685,human,0.917,human,7
815727687,non_human,0.956,non_human,4
815727688,human,0.957,human,8
815727689,non_human,0.956,non_human,4
815727690,non_human,0.956,non_human,4
815727691,non_human,0.956,non_human,4
815727692,non_human,0.956,non_human,4
815727693,non_human,0.956,non_human,4
815727694,non_human,0.956,non_human,4
815727695,non_human,0.956,non_human,4
815727697,non_human,0.956,non_human,4
815727700,human,0.917,unknown,7
815727701,non_human,0.956,non_human,4
815727702,human,0.957,human,8
815727705,non_human,0.956,unknown,4
815727706,non_human,0.956,unknown,4
815727709,non_human,0.956,human,4
815727713,human,0.917,human,7
815727714,human,0.917,human,7
815727716,human,0.957,human,8
815727718,human,0.957,human,8
815727724,human,0.917,human,7
815727733,human,0.917,human,7
815727737,human,0.957,human,8
815727741,human,0.917,human,7
815727746,human,0.917,human,7
815727750,human,0.957,human,8
815727753,human,0.917,human,7
815727757,non_human,0.956,non_human,4
815727758,human,0.957,human,8
815727759,human,0.957,human,8
815727760,human,0.957,human,8
815727763,human,0.917,human,7
815727764,non_human,0.956,non_human,4
815727766,non_human,0.956,non_human,4
815727768,non_human,0.956,non_human,4
815727770,non_human,0.956,non_human,4
815727773,non_human,0.956,non_human,4
815727774,non_human,0.956,non_human,4
815727775,non_human,0.956,non_human,4
815727776,non_human,0.956,non_human,4
815727777,non_human,0.956,non_human,4
815727778,non_human,0.956,non_human,4
815727779,non_human,0.956,non_human,4
815727781,human,0.957,human,8
815727783,non_human,0.956,unknown,4
815727785,non_human,0.956,non_human,4
815727786,human,0.957,human,8
815727787,non_human,0.956,non_human,4
815727790,human,0.917,human,7
815727791,non_human,0.956,non_human,4
815727793,human,0.917,unknown,7
815727798,non_human,0.956,unknown,4
815727799,human,0.917,human,7
815727800,human,0.957,human,8
815727805,human,0.957,human,8
815727807,human,0.957,human,8
815727812,human,0.917,human,7
815727813,non_human,0.956,non_human,4
815727814,human,0.917,human,7
815727818,human,0.957,human,8
815727824,human,0.917,non_human,7
815727827,human,0.917,human,7
815727829,human,0.957,human,8
815727835,non_human,0.956,non_human,4
815727838,non_human,0.956,non_human,4
815727840,non_human,0.956,non_human,4
815727841,non_human,0.956,non_human,4
815727845,non_human,0.956,non_human,4
815727846,non_human,0.956,non_human,4
815727847,human,0.957,human,8
815727848,non_human,0.956,non_human,4
815727849,non_human,0.956,non_human,4
815727850,non_human,0.956,unknown,4
815727851,non_human,0.956,non_human,4
815727854,human,0.957,human,8
815727855,human,0.957,human,8
815727856,non_human,0.956,non_human,4
815727857,human,0.917,human,7
815727858,non_human,0.956,non_human,4
815727859,non_human,0.956,non_human,4
815727860,non_human,0.956,non_human,4
815727863,non_human,0.956,non_human,4
815727868,human,0.957,human,8
815727870,non_human,0.956,non_human,4
815727872,non_human,0.956,non_human,4
815727874,non_human,0.956,non_human,4
815727875,human,0.957,human,8
815727882,non_human,0.956,non_human,4
815727890,human,0.957,human,8
815727894,human,0.957,human,8
815727895,human,0.957,non_human,8
815727899,human,0.957,human,8
815727905,human,0.957,human,8
815727907,human,0.957,human,8
815727908,non_human,0.956,non_human,4
815727910,human,0.957,human,8
815727914,human,0.917,human,7
815727917,non_human,0.956,non_human,4
815727923,non_human,0.956,non_human,4
815727924,human,0.957,human,8
815727928,human,0.957,human,8
815727933,non_human,0.956,non_human,4
815727939,non_human,0.956,non_human,4
815727940,human,0.917,human,7
815727941,non_human,0.956,non_human,4
815727943,human,0.917,human,7
815727944,non_human,0.956,non_human,4
815727947,non_human,0.956,non_human,4
815727948,non_human,0.956,non_human,4
815727949,non_human,0.956,non_human,4
815727952,non_human,0.956,non_human,4
815727953,non_human,0.956,non_human,4
815727955,non_human,0.956,non_human,4
815727956,human,0.957,human,8
815727957,non_human,0.956,non_human,4
815727958,non_human,0.956,non_human,4
815727960,non_human,0.956,non_human,4
815727963,non_human,0.956,unknown,4
815727965,human,0.917,human,7
815727968,human,0.957,human,8
815727969,non_human,0.956,non_human,4
815727973,non_human,0.956,non_human,4
815727977,non_human,0.956,non_human,4
815727978,human,0.917,human,7
815727986,non_human,0.956,unknown,4
815727988,human,0.957,human,8
815727990,non_human,0.956,non_human,4
815727992,human,0.917,human,7
815727993,human,0.917,human,7
815727998,human,0.957,human,8
815728000,human,0.957,human,8
815728003,non_human,0.956,non_human,4
815728004,non_human,0.956,non_human,4
815728007,non_human,0.956,non_human,4
815728009,human,0.917,human,7
815728010,non_human,0.956,non_human,4
815728012,non_human,0.956,non_human,4
815728013,human,0.957,human,8
815728014,non_human,0.956,non_human,4
815728016,non_human,0.956,non_human,4
815728017,non_human,0.956,non_human,4
815728022,non_human,0.956,non_human,4
815728023,human,0.957,non_human,8
815728025,human,0.957,human,8
815728026,non_human,0.956,non_human,4
815728034,human,0.917,unknown,7
815728044,non_human,0.956,non_human,4
815728049,non_human,0.956,unknown,4
815728050,human,0.917,human,7
815728051,human,0.917,human,7
815728055,human,0.917,human,7
815728059,non_human,0.956,non_human,4
815728066,non_human,0.956,non_human,4
815728068,human,0.917,human,7
815728070,human,0.957,unknown,8
815728076,human,0.957,human,8
815728078,non_human,0.956,non_human,4
815728079,non_human,0.956,non_human,4
815728080,non_human,0.956,non_human,4
815728081,human,0.917,non_human,7
815728085,human,0.957,human,8
815728087,non_human,0.956,non_human,4
815728088,human,0.917,human,7
815728092,non_human,0.956,non_human,4
815728093,non_human,0.956,unknown,4
815728094,non_human,0.956,non_human,4
815728095,non_human,0.956,non_human,4
815728098,human,0.957,non_human,8
815728101,human,0.917,human,7
815728102,non_human,0.956,unknown,4
815728103,non_human,0.956,non_human,4
815728107,non_human,0.956,non_human,4
815728108,non_human,0.956,non_human,4
815728111,human,0.917,human,7
815728112,non_human,0.956,unknown,4
815728113,non_human,0.956,non_human,4
815728116,human,0.917,human,7
815728121,human,0.957,human,8
815728122,human,0.957,human,8
815728124,human,0.957,human,8
815728126,non_human,0.956,unknown,4
815728128,human,0.957,human,8
815728133,human,0.917,human,7
815728138,human,0.917,human,7
815728143,non_human,0.956,non_human,4
815728151,non_human,0.956,unknown,4
815728154,non_human,0.956,non_human,4
815728155,non_human,0.956,non_human,4
815728156,non_human,0.956,unknown,4
815728157,non_human,0.956,non_human,4
815728158,human,0.917,human,7
815728159,non_human,0.956,non_human,4
815728160,non_human,0.956,non_human,4
815728165,human,0.957,human,8
815728168,human,0.957,human,8
815728170,non_human,0.956,non_human,4
815728171,human,0.917,human,7
815728174,non_human,0.956,non_human,4
815728175,non_human,0.956,non_human,4
815728179,non_human,0.956,non_human,4
815728180,non_human,0.956,non_human,4
815728181,non_human,0.956,non_human,4
815728182,non_human,0.956,non_human,4
815728183,non_human,0.956,non_human,4
815728185,human,0.957,human,8
815728186,human,0.917,human,7
815728187,human,0.917,human,7
815728191,non_human,0.956,unknown,4
815728192,non_human,0.956,non_human,4
815728195,non_human,0.956,non_human,4
815728196,human,0.957,human,8
815728200,human,0.957,human,8
815728203,non_human,0.956,non_human,4
815728204,human,0.957,human,8
815728205,human,0.957,human,8
815728206,non_human,0.956,non_human,4
815728209,human,0.917,human,7
815728213,non_human,0.956,non_human,4
815728214,human,0.957,human,8
815728217,human,0.917,human,7
815728223,human,0.957,human,8
815728228,non_human,0.956,non_human,4
815728240,non_human,0.956,non_human,4
815728243,human,0.917,human,7
815728245,non_human,0.956,non_human,4
815728246,human,0.957,human,8
815728248,human,0.957,human,8
815728249,non_human,0.956,non_human,4
815728251,non_human,0.956,non_human,4
815728253,human,0.957,human,8
815728255,non_human,0.956,unknown,4
815728256,non_human,0.956,non_human,4
815728257,non_human,0.956,non_human,4
815728258,non_human,0.956,non_human,4
815728259,non_human,0.956,non_human,4
815728260,non_human,0.956,unknown,4
815728261,non_human,0.956,non_human,4
815728270,human,0.917,human,7
815728271,human,0.957,human,8
815728272,human,0.917,human,7
815728274,non_human,0.956,non_human,4
815728275,human,0.957,human,8
815728277,non_human,0.956,non_human,4
815728278,non_human,0.956,non_human,4
815728279,non_human,0.956,non_human,4
815728281,non_human,0.956,non_human,4
815728284,human,0.917,human,7
815728291,human,0.957,human,8
815728296,human,0.957,human,8
815728298,human,0.957,human,8
815728305,non_human,0.956,non_human,4
815728306,non_human,0.956,non_human,4
815728307,non_human,0.956,non_human,4
815728309,human,0.957,human,8
815728312,non_human,0.956,non_human,4
815728313,human,0.957,human,8
815728315,human,0.957,human,8
815728322,non_human,0.956,non_human,4
815728323,non_human,0.956,non_human,4
815728324,non_human,0.956,non_human,4
815728327,human,0.917,human,7
815728328,non_human,0.956,non_human,4
815728329,non_human,0.956,non_human,4
815728330,non_human,0.956,unknown,4
815728333,non_human,0.956,non_human,4
815728334,non_human,0.956,non_human,4
815728337,human,0.917,human,7
815728341,human,0.917,human,7
815728345,human,0.957,human,8
815728349,human,0.917,human,7
815728352,human,0.917,human,7
815728354,non_human,0.956,human,4
815728355,human,0.917,human,7
815728358,human,0.957,human,8
815728361,non_human,0.956,human,4
815728368,human,0.957,human,8
815728369,human,0.957,human,8
815728378,human,0.917,human,7
815728387,non_human,0.956,non_human,4
815728388,human,0.957,human,8
815728391,human,0.957,human,8
815728393,non_human,0.956,non_human,4
815728394,human,0.957,human,8
815728395,human,0.917,human,7
815728396,human,0.917,human,7
815728397,non_human,0.956,non_human,4
815728398,human,0.957,human,8
815728399,human,0.957,human,8
815728403,human,0.917,human,7
815728405,non_human,0.956,non_human,4
815728406,non_human,0.956,non_human,4
815728414,non_human,0.956,unknown,4
815728415,non_human,0.956,non_human,4
815728418,non_human,0.956,non_human,4
815728424,human,0.917,human,7
815728425,non_human,0.956,non_human,4
815728426,non_human,0.956,non_human,4
815728427,non_human,0.956,human,4
815728429,non_human,0.956,unknown,4
815728430,human,0.917,human,7
815728432,non_human,0.956,non_human,4
815728433,human,0.957,human,8
815728434,human,0.957,human,8
815728435,non_human,0.956,non_human,4
815728436,non_human,0.956,non_human,4
815728437,non_human,0.956,non_human,4
815728438,human,0.957,human,8
815728444,non_human,0.956,non_human,4
815728445,non_human,0.956,unknown,4
815728448,non_human,0.956,human,4
815728452,non_human,0.956,non_human,4
815728454,human,0.957,human,8
815728457,non_human,0.956,non_human,4
815728458,human,0.917,human,7
815728460,non_human,0.956,non_human,4
815728463,non_human,0.956,non_human,4
815728466,human,0.957,human,8
815728467,non_human,0.956,non_human,4
815728469,human,0.957,human,8
815728471,human,0.957,human,8
815728472,non_human,0.956,non_human,4
815728473,non_human,0.956,non_human,4
815728474,non_human,0.956,non_human,4
815728477,human,0.917,human,7
815728478,non_human,0.956,non_human,4
815728484,human,0.917,unknown,7
815728486,non_human,0.956,non_human,4
815728487,non_human,0.956,non_human,4
815728488,non_human,0.956,unknown,4
815728491,non_human,0.956,non_human,4
815728496,non_human,0.956,non_human,4
815728497,non_human,0.956,non_human,4
815728498,non_human,0.956,non_human,4
815728499,non_human,0.956,non_human,4
815728500,human,0.917,human,7
815728501,non_human,0.956,non_human,4
815728502,non_human,0.956,non_human,4
815728503,human,0.917,human,7
815728510,non_human,0.956,unknown,4
815728512,human,0.917,human,7
815728514,human,0.957,human,8
815728516,non_human,0.956,non_human,4
815728517,non_human,0.956,unknown,4
815728520,non_human,0.956,non_human,4
815728523,human,0.917,human,7
815728524,non_human,0.956,non_human,4
815728527,non_human,0.956,unknown,4
815728530,human,0.957,human,8
815728532,human,0.957,human,8
815728534,human,0.957,human,8
815728547,human,0.957,human,8
815728548,human,0.917,human,7
815728550,non_human,0.956,non_human,4
815728556,non_human,0.956,non_human,4
815728558,human,0.957,human,8
815728559,non_human,0.956,non_human,4
815728560,non_human,0.956,non_human,4
815728562,non_human,0.956,unknown,4
815728563,non_human,0.956,non_human,4
815728564,non_human,0.956,non_human,4
815728566,non_human,0.956,unknown,4
815728567,non_human,0.956,unknown,4
815728568,non_human,0.956,non_human,4
815728569,non_human,0.956,non_human,4
815728570,non_human,0.956,non_human,4
815728573,non_human,0.956,non_human,4
815728577,human,0.957,human,8
815728578,non_human,0.956,non_human,4
815728580,human,0.957,human,8
815728584,non_human,0.956,non_human,4
815728587,non_human,0.956,unknown,4
815728588,non_human,0.956,unknown,4
815728589,human,0.957,human,8
815728590,non_human,0.956,non_human,4
815728593,human,0.957,unknown,8
815728594,non_human,0.956,non_human,4
815728596,non_human,0.956,non_human,4
815728597,human,0.917,human,7
815728600,human,0.957,human,8
815728601,human,0.917,human,7
815728604,human,0.917,human,7
815728609,human,0.957,unknown,8
815728612,human,0.957,human,8
815728613,human,0.917,human,7
815728617,human,0.957,human,8
815728618,human,0.917,human,7
815728620,human,0.957,human,8
815728621,human,0.917,human,7
815728623,human,0.917,human,7
815728626,non_human,0.956,non_human,4
815728627,non_human,0.956,non_human,4
815728628,non_human,0.956,non_human,4
815728630,non_human,0.956,non_human,4
815728632,non_human,0.956,non_human,4
815728633,non_human,0.956,non_human,4
815728640,human,0.917,unknown,7
815728641,non_human,0.956,non_human,4
815728645,non_human,0.956,non_human,4
815728646,non_human,0.956,non_human,4
815728649,non_human,0.956,non_human,4
815728654,non_human,0.956,unknown,4
815728655,non_human,0.956,non_human,4
815728656,non_human,0.956,non_human,4
815728658,non_human,0.956,non_human,4
815728659,non_human,0.956,unknown,4
815728663,non_human,0.956,unknown,4
815728667,non_human,0.956,unknown,4
815728669,non_human,0.956,unknown,4
815728673,non_human,0.956,non_human,4
815728675,human,0.957,human,8
815728678,human,0.917,human,7
815728683,human,0.957,human,8
815728684,human,0.917,human,7
815728687,human,0.917,human,7
815728688,human,0.957,unknown,8
815728691,non_human,0.956,non_human,4
815728693,human,0.957,human,8
815728695,non_human,0.956,non_human,4
815728698,non_human,0.956,unknown,4
815728699,non_human,0.956,unknown,4
815728705,non_human,0.956,non_human,4
815728710,non_human,0.956,non_human,4
815728714,non_human,0.956,non_human,4
815728715,human,0.917,human,7
815728732,non_human,0.956,non_human,4
815728733,non_human,0.956,non_human,4
815728735,non_human,0.956,non_human,4
815728736,non_human,0.956,non_human,4
815728737,non_human,0.956,unknown,4
815728738,non_human,0.956,non_human,4
815728741,non_human,0.956,non_human,4
815728743,human,0.917,human,7
815728748,non_human,0.956,non_human,4
815728750,non_human,0.956,unknown,4
815728751,non_human,0.956,non_human,4
815728754,non_human,0.956,non_human,4
815728755,non_human,0.956,non_human,4
815728756,non_human,0.956,unknown,4
815728757,non_human,0.956,unknown,4
815728759,non_human,0.956,non_human,4
815728766,human,0.957,human,8
815728777,human,0.917,human,7
815728780,non_human,0.956,non_human,4
815728788,human,0.917,human,7
815728792,human,0.957,human,8
815728802,non_human,0.956,unknown,4
815728803,human,0.957,human,8
815728804,human,0.957,human,8
815728812,human,0.957,human,8
815728813,non_human,0.956,non_human,4
815728818,human,0.917,human,7
815728823,non_human,0.956,non_human,4
815728824,non_human,0.956,non_human,4
815728829,non_human,0.956,non_human,4
815728832,non_human,0.956,non_human,4
815728834,non_human,0.956,non_human,4
815728835,non_human,0.956,non_human,4
815728836,human,0.957,human,8
815728838,human,0.957,human,8
815728839,non_human,0.956,non_human,4
815728844,human,0.957,human,8
815728845,non_human,0.956,non_human,4
815728846,non_human,0.956,non_human,4
815728856,non_human,0.956,non_human,4
815728858,non_human,0.956,non_human,4
815728861,non_human,0.956,non_human,4
815728862,non_human,0.956,unknown,4
815728863,non_human,0.956,non_human,4
815728864,human,0.957,human,8
815728866,non_human,0.956,unknown,4
815728867,non_human,0.956,non_human,4
815728870,non_human,0.956,non_human,4
815728872,non_human,0.956,non_human,4
815728878,human,0.957,human,8
815728887,human,0.957,unknown,8
815728888,human,0.957,human,8
815728890,human,0.917,human,7
815728891,human,0.917,human,7
815728898,human,0.957,human,8
815728908,human,0.957,human,8
815728911,non_human,0.956,non_human,4
815728913,non_human,0.956,non_human,4
815728915,non_human,0.956,non_human,4
815728916,non_human,0.956,non_human,4
815728918,non_human,0.956,non_human,4
815728919,non_human,0.956,unknown,4
815728922,non_human,0.956,non_human,4
815728924,human,0.957,non_human,8
815728929,non_human,0.956,non_human,4
815728930,human,0.957,human,8
815728932,non_human,0.956,non_human,4
815728933,non_human,0.956,non_human,4
815728936,non_human,0.956,non_human,4
815728938,non_human,0.956,non_human,4
815728939,non_human,0.956,non_human,4
815728941,human,0.957,human,8
815728942,non_human,0.956,non_human,4
815728943,non_human,0.956,non_human,4
815728944,non_human,0.956,non_human,4
815728945,non_human,0.956,non_human,4
815728947,human,0.917,human,7
815728948,human,0.957,human,8
815728954,human,0.917,unknown,7
815728956,human,0.957,human,8
815728959,non_human,0.956,non_human,4
815728965,human,0.957,human,8
815728966,non_human,0.956,non_human,4
815728969,human,0.917,human,7
815728976,non_human,0.956,non_human,4
815728977,human,0.957,human,8
815728979,non_human,0.956,non_human,4
815728980,non_human,0.956,unknown,4
815728983,non_human,0.956,non_human,4
815728984,non_human,0.956,unknown,4
815728985,non_human,0.956,non_human,4
815728986,non_human,0.956,non_human,4
815728987,non_human,0.956,non_human,4
815728988,non_human,0.956,non_human,4
815728989,non_human,0.956,unknown,4
815728990,non_human,0.956,non_human,4
815728991,human,0.957,human,8
815728993,non_human,0.956,non_human,4
815728994,human,0.917,human,7
815728995,non_human,0.956,non_human,4
815728998,human,0.957,human,8
815728999,non_human,0.956,non_human,4
815729010,human,0.957,human,8
815729015,human,0.917,human,7
815729018,non_human,0.956,non_human,4
815729019,non_human,0.956,non_human,4
815729020,human,0.957,human,8
815729023,human,0.917,human,7
815729024,human,0.917,non_human,7
815729027,non_human,0.956,non_human,4
815729028,human,0.957,human,8
815729029,human,0.957,human,8
815729030,human,0.957,human,8
815729032,non_human,0.956,non_human,4
815729037,non_human,0.956,non_human,4
815729042,non_human,0.956,non_human,4
815729046,non_human,0.956,non_human,4
815729048,human,0.957,human,8
815729049,non_human,0.956,unknown,4
815729055,non_human,0.956,non_human,4
815729056,human,0.917,human,7
815729057,non_human,0.956,non_human,4
815729059,non_human,0.956,non_human,4
815729060,non_human,0.956,non_human,4
815729061,non_human,0.956,non_human,4
815729066,non_human,0.956,non_human,4
815729069,non_human,0.956,non_human,4
815729075,non_human,0.956,human,4
815729076,non_human,0.956,non_human,4
815729078,non_human,0.956,non_human,4
815729079,non_human,0.956,non_human,4
815729081,non_human,0.956,non_human,4
815729082,non_human,0.956,non_human,4
815729083,human,0.917,human,7
815729085,non_human,0.956,non_human,4
815729086,non_human,0.956,non_human,4
815729087,non_human,0.956,non_human,4
815729088,non_human,0.956,non_human,4
815729089,non_human,0.956,non_human,4
815729090,human,0.917,human,7
815729091,human,0.917,human,7
815729095,non_human,0.956,non_human,4
815729097,human,0.957,human,8
815729106,non_human,0.956,non_human,4
815729111,non_human,0.956,non_human,4
815729112,human,0.917,human,7
815729115,non_human,0.956,non_human,4
815729118,human,0.957,unknown,8
815729119,non_human,0.956,non_human,4
815729120,non_human,0.956,non_human,4
815729121,non_human,0.956,unknown,4
815729122,human,0.917,human,7
815729123,non_human,0.956,non_human,4
815729126,non_human,0.956,non_human,4
815729129,human,0.957,human,8
815729131,non_human,0.956,non_human,4
815729133,non_human,0.956,non_human,4
815729135,human,0.957,human,8
815729137,human,0.917,non_human,7
815729138,human,0.957,unknown,8
815729139,non_human,0.956,non_human,4
815729141,non_human,0.956,unknown,4
815729146,non_human,0.956,non_human,4
815729151,human,0.957,human,8
815729154,non_human,0.956,non_human,4
815729163,non_human,0.956,non_human,4
815729164,non_human,0.956,non_human,4
815729165,non_human,0.956,non_human,4
815729168,human,0.917,human,7
815729169,human,0.957,human,8
815729170,human,0.957,human,8
815729173,human,0.957,human,8
815729174,human,0.957,human,8
815729175,human,0.917,human,7
815729178,non_human,0.956,non_human,4
815729179,non_human,0.956,non_human,4
815729181,human,0.957,human,8
815729182,human,0.957,human,8
815729186,human,0.917,human,7
815729187,human,0.957,human,8
815729188,human,0.957,human,8
815729190,human,0.917,human,7
815729191,non_human,0.956,non_human,4
815729195,human,0.917,human,7
815729196,human,0.957,human,8
815729197,human,0.957,human,8
815729198,human,0.957,human,8
815729201,human,0.957,non_human,8
815729203,non_human,0.956,non_human,4
815729205,human,0.957,human,8
815729207,human,0.957,human,8
815729208,non_human,0.956,non_human,4
815729212,human,0.957,human,8
815729215,human,0.957,human,8
815729216,human,0.917,human,7
815729217,non_human,0.956,non_human,4
815729218,human,0.917,human,7
815729220,non_human,0.956,unknown,4
815729221,non_human,0.956,unknown,4
815729222,non_human,0.956,non_human,4
815729223,non_human,0.956,non_human,4
815729224,non_human,0.956,unknown,4
815729226,human,0.917,human,7
815729227,human,0.957,human,8
815729229,non_human,0.956,non_human,4
815729230,human,0.957,human,8
815729232,non_human,0.956,non_human,4
815729233,non_human,0.956,non_human,4
815729234,non_human,0.956,non_human,4
815729236,non_human,0.956,unknown,4
815729237,non_human,0.956,non_human,4
815729238,non_human,0.956,non_human,4
815729239,non_human,0.956,non_human,4
815729240,non_human,0.956,unknown,4
815729241,human,0.957,human,8
815729242,human,0.957,human,8
815729243,human,0.917,human,7
815729244,non_human,0.956,non_human,4
815729247,non_human,0.956,non_human,4
815729256,human,0.957,human,8
815729261,human,0.917,non_human,7
815729264,non_human,0.956,non_human,4
815729269,human,0.917,human,7
815729270,non_human,0.956,non_human,4
815729274,non_human,0.956,non_human,4
815729277,human,0.917,human,7
815729279,human,0.917,non_human,7
815729285,human,0.917,human,7
815729294,human,0.917,human,7
815729300,human,0.957,human,8
815729302,non_human,0.956,non_human,4
815729304,non_human,0.956,non_human,4
815729307,non_human,0.956,non_human,4
815729313,non_human,0.956,non_human,4
815729315,non_human,0.956,unknown,4
815729318,non_human,0.956,non_human,4
815729319,non_human,0.956,non_human,4
815729321,human,0.957,non_human,8
815729329,human,0.957,human,8
815729332,human,0.917,human,7
815729338,non_human,0.956,non_human,4
815729339,human,0.957,human,8
815729345,human,0.917,human,7
815729347,non_human,0.956,non_human,4
815729348,non_human,0.956,non_human,4
815729349,non_human,0.956,unknown,4
815729352,non_human,0.956,non_human,4
815729355,human,0.917,human,7
815729371,human,0.957,human,8
815729384,human,0.957,human,8
815729388,human,0.957,human,8
815729389,human,0.917,human,7
815729390,human,0.957,human,8
815729392,human,0.917,human,7
815729397,human,0.917,human,7
815729403,human,0.957,human,8
815729408,human,0.957,human,8
815729409,human,0.917,non_human,7
815729413,human,0.957,human,8
815729431,human,0.957,human,8
815729432,human,0.957,human,8
815729433,human,0.917,human,7
815729434,human,0.957,human,8
815729436,human,0.917,human,7
815729443,human,0.957,human,8
815729445,human,0.957,human,8
815729449,human,0.957,human,8
815729451,human,0.957,human,8
815729454,human,0.957,human,8
815729460,human,0.917,unknown,7
815729465,human,0.917,unknown,7
815729472,human,0.917,human,7
815729475,human,0.957,human,8
815729479,human,0.957,unknown,8
815729490,human,0.957,human,8
815729492,human,0.917,human,7
815729493,human,0.957,human,8
815729499,human,0.957,human,8
815729515,human,0.917,human,7
815729516,human,0.957,human,8
815729517,human,0.917,human,7
815729521,human,0.917,human,7
815729530,human,0.957,human,8
815729531,human,0.957,human,8
815729533,human,0.917,human,7
815729542,human,0.957,human,8
815729543,human,0.957,human,8
815729549,human,0.957,human,8
815729552,human,0.917,human,7
815729562,human,0.917,human,7
815729567,human,0.957,human,8
815729569,human,0.957,human,8
815729571,human,0.957,human,8
815729585,human,0.917,human,7
815729587,human,0.917,human,7
815729588,human,0.957,non_human,8
815729591,human,0.917,human,7
815729606,human,0.917,human,7
815729609,human,0.957,human,8
815729613,human,0.917,human,7
815729619,human,0.957,human,8
815729622,human,0.957,human,8
815729629,human,0.957,human,8
815729640,human,0.957,human,8
815729642,human,0.917,human,7
815729644,human,0.957,human,8
815729645,human,0.957,human,8
815729649,human,0.957,human,8
815729653,human,0.957,non_human,8
815729654,human,0.917,human,7
815729657,human,0.957,human,8
815729663,human,0.957,human,8
815729665,human,0.957,human,8
815729676,human,0.917,human,7
815729677,human,0.917,human,7
815729681,human,0.917,non_human,7
815729686,human,0.957,human,8
815729693,human,0.957,human,8
815729694,human,0.917,human,7
815729696,human,0.957,human,8
815729702,human,0.917,human,7
815729720,human,0.917,human,7
815729721,human,0.917,human,7
815729725,human,0.917,human,7
815729726,human,0.957,human,8
815729728,human,0.957,human,8
815729735,human,0.957,human,8
815729744,human,0.957,human,8
815729753,human,0.957,human,8
815729754,human,0.917,human,7
815729766,human,0.957,human,8
815729772,human,0.957,human,8
815729776,human,0.917,non_human,7
815729778,human,0.957,human,8
815729780,human,0.957,non_human,8
815729781,human,0.957,human,8
815729782,human,0.917,human,7
815729807,human,0.917,human,7
815729818,human,0.957,human,8
815729821,human,0.957,human,8
815729830,human,0.917,human,7
815729832,human,0.957,human,8
815729837,human,0.917,human,7
815729845,human,0.957,human,8
815729846,human,0.957,non_human,8
815729849,human,0.957,human,8
815729854,human,0.917,human,7
815729860,human,0.957,human,8
815729861,human,0.917,human,7
815729862,human,0.917,human,7
815729867,human,0.957,human,8
815729871,human,0.957,human,8
815729872,human,0.917,human,7
815729877,human,0.957,human,8
815729899,human,0.957,human,8
815729904,human,0.957,human,8
815729947,human,0.957,human,8
815729952,human,0.917,human,7
815729965,human,0.957,non_human,8
815729966,human,0.957,human,8
815729970,human,0.957,human,8
815729979,human,0.957,human,8
815729980,human,0.957,human,8
815729989,human,0.917,human,7
815729990,human,0.957,human,8
815729997,human,0.957,human,8
815730002,human,0.917,human,7
815730013,human,0.917,human,7
815730025,human,0.957,human,8
815730026,human,0.957,human,8
815730035,human,0.957,human,8
815730041,human,0.957,human,8
815730047,human,0.957,human,8
815730048,human,0.917,human,7
815730053,human,0.957,human,8
815730055,human,0.957,human,8
815730056,human,0.917,human,7
815730060,human,0.917,human,7
815730083,human,0.917,human,7
815730087,human,0.917,human,7
815730096,human,0.917,human,7
815730101,human,0.917,human,7
815730103,human,0.957,human,8
815730115,human,0.957,human,8
815730116,human,0.917,non_human,7
815730129,human,0.957,human,8
815730130,human,0.917,non_human,7
815730139,human,0.957,human,8
815730148,human,0.957,human,8
815730149,human,0.957,human,8
815730155,human,0.917,human,7
815730158,human,0.917,human,7
815730161,human,0.957,human,8
815730163,human,0.917,human,7
815730174,human,0.917,non_human,7
815730176,human,0.957,human,8
815730178,human,0.957,human,8
815730184,human,0.917,human,7
815730189,human,0.917,human,7
815730199,human,0.957,human,8
815730202,human,0.957,human,8
815730203,human,0.917,human,7
815730210,human,0.917,human,7
815730211,human,0.917,human,7
815730212,human,0.957,human,8
815730226,human,0.917,human,7
815730228,human,0.917,human,7
815730235,human,0.957,human,8
815730238,human,0.957,human,8
815730242,human,0.917,human,7
815730251,human,0.957,human,8
815730254,human,0.957,human,8
815730262,human,0.957,non_human,8
815730268,human,0.917,human,7
815730279,human,0.957,human,8
815730283,human,0.917,human,7
815730290,human,0.957,human,8
815730293,human,0.917,human,7
815730294,human,0.917,human,7
815730295,human,0.957,human,8
815730302,human,0.957,unknown,8
815730305,human,0.917,human,7
815730310,human,0.957,human,8
815730314,human,0.957,human,8
815730315,human,0.917,human,7
815730316,human,0.957,human,8
815730318,human,0.917,human,7
815730332,human,0.917,human,7
815730335,human,0.957,human,8
815730337,human,0.917,human,7
815730342,human,0.957,human,8
815730343,human,0.957,unknown,8
815730344,human,0.957,human,8
815730346,human,0.957,unknown,8
815730348,human,0.917,human,7
815730356,human,0.917,human,7
815730357,human,0.917,human,7
815730361,human,0.957,human,8
815730362,human,0.917,human,7
815730365,human,0.917,unknown,7
815730367,human,0.957,human,8
815730368,human,0.917,human,7
815730370,human,0.957,human,8
815730372,human,0.957,human,8
815730373,human,0.917,human,7
815730381,human,0.957,human,8
815730382,human,0.957,human,8
815730383,human,0.917,human,7
815730387,human,0.957,human,8
815730388,human,0.957,human,8
815730390,human,0.917,human,7
815730394,human,0.957,human,8
815730407,human,0.957,human,8
815730408,human,0.917,unknown,7
815730412,human,0.957,human,8
815730426,human,0.917,human,7
815730432,human,0.957,human,8
815730439,human,0.957,human,8
815730443,human,0.917,human,7
815730447,human,0.917,human,7
815730450,human,0.957,human,8
815730456,human,0.957,human,8
815730458,human,0.957,human,8
815730463,human,0.917,human,7
815730465,human,0.957,human,8
815730467,human,0.917,human,7
815730469,human,0.957,human,8
815730471,human,0.917,human,7
815730473,human,0.917,human,7
815730481,human,0.957,human,8
815730482,human,0.917,human,7
815730483,human,0.957,human,8
815730489,human,0.957,human,8
815730490,human,0.917,human,7
815730496,human,0.957,non_human,8
815730497,human,0.957,human,8
815730499,human,0.917,human,7
815730502,human,0.917,human,7
815730504,human,0.957,human,8
815730510,human,0.917,human,7
815730512,human,0.957,human,8
815730519,human,0.957,human,8
815730533,human,0.957,human,8
815730544,human,0.917,human,7
815730549,human,0.957,human,8
815730562,human,0.957,non_human,8
815730568,human,0.957,human,8
815730573,human,0.917,human,7
815730581,human,0.917,human,7
815730582,human,0.957,human,8
815730586,human,0.957,human,8
815730590,human,0.957,human,8
815730594,human,0.917,human,7
815730597,human,0.957,human,8
815730598,human,0.957,human,8
815730610,human,0.957,human,8
815730613,human,0.957,human,8
815730614,human,0.917,human,7
815730615,human,0.957,human,8
815730616,human,0.917,human,7
815730618,human,0.957,human,8
815730622,human,0.917,non_human,7
815730626,human,0.957,human,8
815730627,non_human,0.956,human,4
815730628,human,0.957,human,8
815730629,human,0.917,human,7
815730630,human,0.917,human,7
815730633,human,0.917,human,7
815730635,human,0.957,human,8
815730638,human,0.917,human,7
815730642,human,0.957,human,8
815730644,human,0.917,human,7
815730646,human,0.957,human,8
815730650,human,0.957,human,8
815730657,human,0.957,human,8
815730673,human,0.957,human,8
815730683,human,0.917,human,7
815730704,human,0.957,human,8
815730706,human,0.917,non_human,7
815730710,human,0.917,non_human,7
815730711,human,0.957,human,8
815730712,human,0.917,human,7
815730714,human,0.957,human,8
815730722,human,0.957,human,8
815730730,human,0.917,human,7
815730749,human,0.917,human,7
815730758,human,0.957,human,8
815730766,human,0.957,human,8
815730773,human,0.917,non_human,7
815730775,human,0.917,human,7
815730776,human,0.957,human,8
815730780,human,0.957,human,8
815730786,human,0.957,human,8
815730789,human,0.917,human,7
815730798,human,0.957,human,8
815730817,human,0.917,human,7
815730820,human,0.917,non_human,7
815730823,human,0.957,human,8
815730829,human,0.917,human,7
815730831,human,0.957,human,8
815730837,human,0.917,human,7
815730854,human,0.917,human,7
815730856,human,0.957,human,8
815730858,human,0.957,human,8
815730861,human,0.917,human,7
815730862,human,0.917,human,7
815730869,human,0.917,human,7
815730870,human,0.917,human,7
815730884,human,0.957,human,8
815730891,human,0.917,human,7
815730894,human,0.957,human,8
815730897,human,0.957,human,8
815730898,human,0.917,human,7
815730899,human,0.917,human,7
815730904,human,0.957,human,8
815730905,human,0.917,human,7
815730912,human,0.957,human,8
815730920,human,0.917,human,7
815730921,human,0.957,human,8
815730926,human,0.957,human,8
815730933,human,0.917,human,7
815730938,human,0.957,human,8
815730942,human,0.957,human,8
815730943,human,0.917,human,7
815730944,human,0.917,human,7
815730945,human,0.957,human,8
815730948,human,0.957,human,8
815730953,human,0.957,human,8
815730961,human,0.957,human,8
815730963,human,0.957,human,8
815730966,human,0.957,human,8
815730974,human,0.957,human,8
815730976,human,0.917,human,7
815730978,human,0.917,human,7
815730979,human,0.957,non_human,8
815730980,human,0.917,human,7
815731011,human,0.957,human,8
815731020,human,0.957,human,8
815731021,human,0.957,human,8
815731032,human,0.957,human,8
815731045,human,0.917,human,7
815731047,human,0.957,non_human,8
815731048,human,0.957,human,8
815731064,human,0.957,human,8
815731073,human,0.957,human,8
815731074,human,0.957,human,8
815731075,human,0.957,human,8
815731076,human,0.917,human,7
815731081,human,0.957,human,8
815731082,human,0.917,human,7
815731087,human,0.957,human,8
815731088,human,0.957,human,8
815731096,human,0.957,human,8
815731097,human,0.957,human,8
815731099,human,0.957,human,8
815731112,human,0.917,human,7
815731116,human,0.917,human,7
815731118,human,0.957,human,8
815731127,human,0.957,human,8
815731132,human,0.917,human,7
815731133,human,0.917,non_human,7
815731148,human,0.957,non_human,8
815731152,human,0.957,non_human,8
815731159,human,0.917,human,7
815731170,human,0.957,human,8
815731172,human,0.957,human,8
815731173,human,0.917,human,7
815731175,human,0.917,human,7
815731182,human,0.957,human,8
815731183,human,0.917,human,7
815731184,non_human,0.956,human,4
815731189,human,0.957,human,8
815731190,human,0.917,human,7
815731198,human,0.917,human,7
815731199,human,0.957,human,8
815731206,human,0.957,human,8
815731222,human,0.917,human,7
815731223,human,0.917,human,7
815731226,human,0.957,human,8
815731231,human,0.917,human,7
815731232,human,0.957,human,8
815731236,human,0.957,human,8
815731237,human,0.957,human,8
815731246,human,0.957,human,8
815731256,human,0.917,human,7
815731257,human,0.917,human,7
815731261,human,0.957,human,8
815731263,human,0.957,human,8
815731264,human,0.957,human,8
815731272,human,0.957,human,8
815731274,human,0.917,human,7
815731280,human,0.917,human,7
815731284,human,0.917,human,7
815731304,human,0.957,human,8
815731307,human,0.957,human,8
815731310,human,0.957,human,8
815731315,human,0.917,human,7
815731325,human,0.957,human,8
815731329,human,0.957,human,8
815731332,human,0.917,human,7
815731342,human,0.957,human,8
815731350,human,0.917,human,7
815731351,human,0.957,human,8
815731358,human,0.957,human,8
815731365,human,0.957,human,8
815731366,human,0.957,human,8
815731378,human,0.957,human,8
815731379,human,0.957,human,8
815731382,human,0.917,human,7
815731385,human,0.957,human,8
815731390,human,0.957,non_human,8
815731395,human,0.957,human,8
815731396,human,0.917,human,7
815731407,human,0.917,non_human,7
815731410,human,0.957,human,8
815731415,human,0.957,human,8
815731426,human,0.957,human,8
815731427,human,0.917,human,7
815731433,human,0.917,human,7
815731435,human,0.917,human,7
815731439,human,0.917,human,7
815731444,human,0.957,human,8
815731451,human,0.917,human,7
815731452,human,0.957,human,8
815731455,human,0.957,human,8
815731463,human,0.957,human,8
815731481,human,0.957,human,8
815731482,human,0.917,human,7
815731483,human,0.957,human,8
815731485,human,0.957,human,8
815731487,human,0.917,human,7
815731488,human,0.957,human,8
815731491,human,0.957,human,8
815731503,human,0.917,human,7
815731505,human,0.917,human,7
815731519,human,0.917,human,7
815731524,human,0.957,human,8
815731525,non_human,0.956,non_human,4
815731530,human,0.917,human,7
815731539,human,0.917,non_human,7
815731545,human,0.957,human,8
815731553,human,0.957,human,8
815731554,human,0.917,unknown,7
815731559,human,0.957,human,8
815731571,human,0.957,human,8
815731581,human,0.917,human,7
815731588,human,0.957,human,8
815731589,human,0.917,human,7
815731598,human,0.957,human,8
815731600,human,0.957,human,8
815731602,human,0.917,human,7
815731620,non_human,0.956,human,4
815731621,human,0.957,human,8
815731626,human,0.957,human,8
815731628,human,0.917,human,7
815731629,human,0.957,human,8
815731640,human,0.917,human,7
815731641,human,0.957,human,8
815731647,human,0.957,human,8
815731656,human,0.957,human,8
815731657,human,0.917,human,7
815731666,human,0.917,non_human,7
815731670,human,0.957,human,8
815731671,human,0.957,human,8
815731676,human,0.957,human,8
815731683,human,0.917,human,7
815731684,human,0.957,human,8
815731688,human,0.957,non_human,8
815731714,human,0.957,human,8
815731715,human,0.957,human,8
815731718,human,0.917,non_human,7
815731726,human,0.957,human,8
815731729,human,0.957,human,8
815731737,human,0.917,non_human,7
815731741,human,0.917,human,7
815731746,human,0.917,human,7
815731747,human,0.957,human,8
815731753,human,0.917,non_human,7
815731756,human,0.957,human,8
815731758,human,0.917,human,7
815731760,human,0.957,unknown,8
815731766,human,0.917,human,7
815731780,human,0.917,human,7
815731783,human,0.957,human,8
815731785,human,0.957,human,8
815731787,human,0.957,human,8
815731789,human,0.917,human,7
815731793,human,0.917,human,7
815731795,human,0.957,human,8
815731798,human,0.957,human,8
815731799,human,0.957,human,8
815731800,human,0.917,human,7
815731808,human,0.957,human,8
815731816,human,0.917,human,7
815731817,human,0.957,human,8
815731818,human,0.957,human,8
815731827,human,0.917,human,7
815731829,human,0.957,human,8
815731838,human,0.917,human,7
815731845,human,0.917,non_human,7
815731848,human,0.917,human,7
815731850,human,0.917,human,7
815731862,human,0.917,human,7
815731870,human,0.917,human,7
815731875,human,0.917,human,7
815731878,human,0.917,human,7
815731879,human,0.957,human,8
815731884,human,0.957,human,8
815731885,human,0.957,human,8
815731890,human,0.917,human,7
815731899,human,0.957,human,8
815731902,human,0.957,human,8
815731905,human,0.957,human,8
815731907,human,0.917,human,7
815731908,human,0.917,human,7
815731910,human,0.957,human,8
815731935,human,0.957,human,8
815731942,human,0.917,human,7
815731951,human,0.957,human,8
815731962,human,0.957,human,8
815731966,human,0.917,human,7
815731971,human,0.917,human,7
815731979,human,0.917,human,7
815731982,human,0.957,human,8
815731986,human,0.957,human,8
815731988,human,0.917,human,7
815731993,human,0.917,human,7
815731998,human,0.957,human,8
815732003,human,0.917,human,7
815732012,human,0.957,non_human,8
815732028,human,0.957,human,8
815732029,human,0.917,human,7
815732031,human,0.917,human,7
815732040,human,0.957,human,8
815732055,human,0.917,human,7
815732061,human,0.957,human,8
815732065,human,0.957,human,8
815732075,human,0.957,human,8
815732085,human,0.957,human,8
815732087,human,0.917,human,7
815732088,human,0.917,human,7
815732094,human,0.957,human,8
815732099,human,0.957,human,8
815732103,human,0.917,human,7
815732120,human,0.917,human,7
815732125,human,0.957,human,8
815732126,human,0.957,unknown,8
815732128,human,0.957,human,8
815732130,human,0.917,human,7
815732133,human,0.957,human,8
815732136,human,0.917,non_human,7
815732140,human,0.957,human,8
815732141,human,0.957,human,8
815732157,human,0.957,human,8
815732164,human,0.917,human,7
815732166,human,0.957,human,8
815732169,human,0.917,human,7
815732171,human,0.917,human,7
815732174,human,0.957,human,8
815732178,human,0.917,non_human,7
815732197,human,0.957,human,8
815732199,human,0.957,human,8
815732211,human,0.957,human,8
815732219,human,0.917,unknown,7
815732229,human,0.957,human,8
815732231,human,0.957,human,8
815732257,human,0.957,human,8
815732272,human,0.957,human,8
815732275,human,0.957,unknown,8
815732280,human,0.957,human,8
815732290,human,0.917,non_human,7
815732292,human,0.957,human,8
815732293,human,0.917,human,7
815732295,human,0.917,human,7
815732301,human,0.957,human,8
815732302,human,0.917,human,7
815732319,human,0.917,human,7
815732321,human,0.957,human,8
815732327,human,0.917,human,7
815732340,human,0.957,human,8
815732346,human,0.917,human,7
815732348,human,0.957,human,8
815732352,human,0.917,human,7
815732363,human,0.917,human,7
815732366,non_human,0.956,non_human,4
815732379,human,0.917,human,7
815732381,human,0.957,human,8
815732387,human,0.957,human,8
815732390,human,0.957,human,8
815732391,human,0.917,human,7
815732393,human,0.957,human,8
815732400,human,0.957,human,8
815732402,human,0.957,human,8
815732407,human,0.957,non_human,8
815732413,human,0.957,human,8
815732415,human,0.957,non_human,8
815732422,human,0.917,human,7
815732423,human,0.957,human,8
815732436,human,0.917,human,7
815732442,human,0.957,human,8
815732454,human,0.957,human,8
815732455,human,0.917,human,7
815732459,human,0.917,unknown,7
815732466,human,0.957,human,8
815732469,human,0.957,human,8
815732472,human,0.917,human,7
815732473,human,0.957,human,8
815732476,human,0.957,human,8
815732478,human,0.957,human,8
815732479,human,0.917,human,7
815732480,human,0.917,human,7
815732483,human,0.917,non_human,7
815732491,human,0.957,human,8
815732497,human,0.957,human,8
815732509,human,0.917,human,7
815732515,human,0.957,human,8
815732519,human,0.957,human,8
815732522,human,0.917,human,7
815732528,human,0.957,human,8
815732551,non_human,0.956,human,4
815732552,human,0.957,human,8
815732567,human,0.917,non_human,7
815732570,human,0.957,human,8
815732572,human,0.917,human,7
815732580,human,0.957,human,8
815732588,human,0.957,human,8
815732589,human,0.917,human,7
815732594,human,0.917,non_human,7
815732610,human,0.917,human,7
815732620,human,0.917,human,7
815732624,human,0.917,human,7
815732627,human,0.957,human,8
815732636,human,0.957,human,8
815732637,human,0.957,human,8
815732640,human,0.957,human,8
815732641,non_human,0.956,non_human,4
815732647,human,0.917,non_human,7
815732668,human,0.917,human,7
815732676,human,0.917,human,7
815732680,human,0.917,human,7
815732685,human,0.957,human,8
815732692,human,0.957,human,8
815732695,human,0.917,human,7
815732700,human,0.917,human,7
815732704,human,0.957,human,8
815732707,human,0.957,human,8
815732708,human,0.917,human,7
815732713,human,0.917,human,7
815732720,human,0.917,human,7
815732727,human,0.917,human,7
815732729,human,0.957,human,8
815732744,human,0.917,human,7
815732746,human,0.957,human,8
815732750,human,0.957,human,8
815732766,human,0.957,human,8
815732771,human,0.917,human,7
815732775,human,0.917,human,7
815732784,human,0.957,human,8
815732793,human,0.917,human,7
815732798,human,0.957,human,8
815732806,human,0.957,human,8
815732808,human,0.957,human,8
815732813,human,0.917,human,7
815732814,human,0.917,non_human,7
815732815,human,0.957,human,8
815732824,human,0.957,human,8
815732827,human,0.917,unknown,7
815732828,human,0.957,non_human,8
815732833,human,0.957,human,8
815732838,human,0.917,non_human,7
815732844,human,0.957,human,8
815732856,human,0.957,human,8
815732857,human,0.957,human,8
815732858,human,0.957,human,8
815732859,human,0.917,human,7
815732868,human,0.917,human,7
815732869,human,0.917,human,7
815732870,human,0.957,human,8
815732872,human,0.917,human,7
815732874,human,0.957,human,8
815732877,human,0.917,human,7
815732880,human,0.957,human,8
815732882,human,0.957,human,8
815732891,human,0.917,human,7
815732893,human,0.917,human,7
815732895,human,0.917,human,7
815732898,human,0.957,human,8
815732901,human,0.917,non_human,7
815732910,non_human,0.956,unknown,4
815732912,human,0.917,human,7
815732915,human,0.957,human,8
815732922,human,0.957,human,8
815732925,human,0.917,human,7
815732926,human,0.957,human,8
815732952,human,0.917,human,7
815732953,human,0.957,human,8
815732961,human,0.957,human,8
815732969,human,0.917,human,7
815732970,human,0.957,human,8
815732971,human,0.957,human,8
815732974,human,0.957,human,8
815732980,human,0.957,human,8
815732983,human,0.917,human,7
815732988,human,0.917,human,7
815732995,human,0.917,unknown,7
815732999,human,0.957,human,8
815733000,human,0.917,human,7
815733003,human,0.917,human,7
815733007,human,0.917,human,7
815733051,human,0.957,human,8
815733054,human,0.917,human,7
815733055,human,0.917,non_human,7
815733056,human,0.917,human,7
815733060,human,0.957,human,8
815733064,human,0.957,human,8
815733068,human,0.917,human,7
815733069,human,0.957,human,8
815733079,human,0.957,human,8
815733081,human,0.957,human,8
815733089,human,0.917,human,7
815733096,human,0.917,non_human,7
815733098,human,0.917,human,7
815733099,human,0.917,human,7
815733106,human,0.917,human,7
815733108,human,0.957,human,8
815733117,human,0.917,non_human,7
815733124,human,0.917,human,7
815733126,human,0.957,human,8
815733128,human,0.957,unknown,8
815733129,human,0.957,unknown,8
815733131,human,0.917,human,7
815733134,human,0.957,human,8
815733141,human,0.957,human,8
815733144,human,0.957,human,8
815733145,human,0.957,human,8
815733147,human,0.917,human,7
815733156,non_human,0.956,human,4
815733159,human,0.917,human,7
815733162,human,0.957,human,8
815733166,human,0.917,non_human,7
815733168,human,0.957,human,8
815733169,human,0.917,human,7
815733174,human,0.957,non_human,8
815733179,human,0.917,human,7
815733181,human,0.917,human,7
815733185,human,0.917,human,7
815733186,human,0.957,human,8
815733206,human,0.917,human,7
815733207,human,0.957,human,8
815733208,human,0.957,human,8
815733212,human,0.917,human,7
815733218,human,0.917,human,7
815733220,non_human,0.956,non_human,4
815733222,non_human,0.956,non_human,4
815733227,human,0.957,non_human,8
815733233,human,0.957,human,8
815733234,human,0.917,unknown,7
815733240,human,0.917,human,7
815733255,human,0.957,human,8
815733259,human,0.957,human,8
815733263,human,0.957,human,8
815733267,human,0.917,human,7
815733274,human,0.957,human,8
815733275,human,0.957,human,8
815733278,human,0.917,human,7
815733283,human,0.917,human,7
815733285,human,0.917,human,7
815733286,human,0.957,human,8
815733295,human,0.957,human,8
815733296,human,0.917,human,7
815733302,human,0.957,human,8
815733304,human,0.957,human,8
815733306,human,0.957,human,8
815733308,human,0.957,human,8
815733315,human,0.917,human,7
815733317,human,0.917,human,7
815733321,human,0.957,human,8
815733323,human,0.917,human,7
815733330,human,0.957,human,8
815733331,human,0.957,human,8
815733332,human,0.957,human,8
815733333,human,0.957,human,8
815733335,human,0.957,unknown,8
815733339,human,0.917,human,7
815733346,human,0.957,human,8
815733348,human,0.917,human,7
815733350,human,0.957,human,8
815733364,human,0.917,human,7
815733370,human,0.957,human,8
815733379,human,0.917,human,7
815733381,human,0.957,human,8
815733382,human,0.957,human,8
815733387,human,0.917,human,7
815733390,human,0.957,human,8
815733399,human,0.917,unknown,7
815733403,human,0.957,human,8
815733404,human,0.917,human,7
815733406,human,0.957,human,8
815733413,human,0.957,human,8
815733416,human,0.957,human,8
815733426,human,0.917,human,7
815733430,human,0.917,human,7
815733431,human,0.957,human,8
815733434,human,0.957,human,8
815733436,human,0.957,human,8
815733445,human,0.917,human,7
815733449,human,0.917,human,7
815733450,human,0.957,human,8
815733457,human,0.957,human,8
815733459,human,0.957,human,8
815733466,human,0.957,human,8
815733468,human,0.917,non_human,7
815733473,human,0.957,human,8
815733477,human,0.957,human,8
815733480,non_human,0.956,non_human,4
815733487,human,0.957,human,8
815733495,human,0.957,human,8
815733497,human,0.917,human,7
815733514,non_human,0.956,human,4
815733515,human,0.957,human,8
815733517,human,0.917,unknown,7
815733520,human,0.957,human,8
815733521,human,0.917,human,7
815733524,human,0.917,human,7
815733525,human,0.957,unknown,8
815733526,human,0.917,human,7
815733531,human,0.917,human,7
815733532,human,0.957,human,8
815733536,human,0.917,human,7
815733544,human,0.957,unknown,8
815733549,human,0.957,human,8
815733559,human,0.917,human,7
815733568,human,0.917,human,7
815733574,human,0.917,human,7
815733577,human,0.917,non_human,7
815733578,human,0.957,human,8
815733579,human,0.917,human,7
815733581,human,0.917,human,7
815733582,human,0.917,non_human,7
815733585,human,0.957,human,8
815733590,human,0.957,human,8
815733591,human,0.917,human,7
815733610,human,0.917,human,7
815733625,human,0.957,human,8
815733627,human,0.917,human,7
815733630,human,0.957,human,8
815733632,human,0.957,human,8
815733633,human,0.917,human,7
815733641,human,0.957,human,8
815733642,human,0.957,human,8
815733643,human,0.957,human,8
815733644,human,0.957,non_human,8
815733646,human,0.957,human,8
815733647,human,0.917,human,7
815733648,human,0.957,human,8
815733649,human,0.917,non_human,7
815733652,human,0.957,human,8
815733653,human,0.917,human,7
815733654,human,0.957,human,8
815733664,human,0.957,human,8
815733666,human,0.917,human,7
815733667,human,0.957,human,8
815733670,human,0.917,human,7
815733678,human,0.957,human,8
815733680,human,0.957,human,8
815733693,non_human,0.956,non_human,4
815733699,human,0.957,human,8
815733707,human,0.957,human,8
815733710,human,0.957,human,8
815733714,human,0.957,human,8
815733715,non_human,0.956,human,4
815733717,human,0.917,human,7
815733728,human,0.957,human,8
815733742,human,0.917,human,7
815733748,human,0.957,human,8
815733749,human,0.917,human,7
815733751,human,0.917,human,7
815733752,human,0.957,human,8
815733755,human,0.957,unknown,8
815733759,human,0.917,human,7
815733764,human,0.917,human,7
815733766,human,0.917,human,7
815733769,human,0.957,human,8
815733774,human,0.957,human,8
815733776,human,0.917,human,7
815733788,human,0.917,human,7
815733790,human,0.957,human,8
815733798,human,0.957,human,8
815733800,human,0.957,human,8
815733802,human,0.917,human,7
815733809,human,0.957,human,8
815733813,human,0.957,human,8
815733814,human,0.957,human,8
815733818,human,0.957,human,8
815733824,human,0.957,human,8
815733830,human,0.917,unknown,7
815733835,human,0.957,non_human,8
815733842,human,0.917,human,7
815733844,human,0.957,human,8
815733847,human,0.957,human,8
815733848,human,0.917,human,7
815733849,human,0.917,human,7
815733853,human,0.917,human,7
815733855,human,0.957,human,8
815733859,human,0.957,human,8
815733866,human,0.917,human,7
815733867,human,0.957,human,8
815733869,human,0.917,unknown,7
815733871,human,0.917,human,7
815733876,human,0.917,human,7
815733880,human,0.957,human,8
815733881,human,0.917,human,7
815733883,human,0.957,human,8
815733884,human,0.957,human,8
815733885,human,0.957,human,8
815733886,human,0.917,human,7
815733887,human,0.917,human,7
815733889,human,0.917,human,7
815733898,human,0.917,unknown,7
815733900,human,0.957,human,8
815733912,human,0.957,human,8
815733914,human,0.957,human,8
815733915,human,0.957,human,8
815733916,human,0.917,human,7
815733917,human,0.917,human,7
815733919,human,0.917,human,7
815733921,human,0.917,non_human,7
815733923,human,0.957,human,8
815733926,human,0.957,human,8
815733934,human,0.957,human,8
815733939,human,0.957,human,8
815733940,human,0.917,human,7
815733945,human,0.917,human,7
815733946,human,0.917,human,7
815733951,human,0.917,human,7
815733952,human,0.917,human,7
815733955,human,0.917,human,7
815733959,human,0.957,human,8
815733963,human,0.957,human,8
815733966,human,0.917,non_human,7
815733968,human,0.917,human,7
815733970,human,0.957,human,8
815733972,human,0.957,human,8
815733974,human,0.917,human,7
815733976,human,0.917,human,7
815733977,human,0.917,human,7
815733979,human,0.957,human,8
815733983,human,0.957,human,8
815733988,human,0.917,human,7
815733990,human,0.957,human,8
815734000,human,0.917,human,7
815734004,human,0.957,human,8
815734006,human,0.957,human,8
815734010,human,0.957,human,8
815734012,human,0.957,human,8
815734016,human,0.957,human,8
815734018,human,0.957,human,8
815734019,human,0.957,human,8
815734026,human,0.917,human,7
815734030,human,0.957,human,8
815734036,human,0.917,human,7
815734039,human,0.917,human,7
815734043,human,0.917,human,7
815734046,human,0.917,human,7
815734047,human,0.957,human,8
815734048,human,0.917,human,7
815734049,human,0.917,human,7
815734053,human,0.957,human,8
815734054,human,0.917,human,7
815734057,human,0.917,human,7
815734060,human,0.957,human,8
815734076,human,0.917,human,7
815734077,human,0.957,unknown,8
815734087,human,0.957,human,8
815734091,human,0.957,human,8
815734092,human,0.917,human,7
815734094,human,0.957,human,8
815734096,human,0.957,human,8
815734098,human,0.957,human,8
815734107,human,0.957,human,8
815734113,human,0.957,human,8
815734114,human,0.917,human,7
815734117,human,0.917,human,7
815734139,human,0.917,human,7
815734141,human,0.957,human,8
815734143,human,0.917,human,7
815734145,human,0.957,human,8
815734152,human,0.957,human,8
815734155,human,0.917,human,7
815734158,human,0.917,human,7
815734163,human,0.917,human,7
815734165,human,0.917,human,7
815734174,human,0.957,human,8
815734175,human,0.917,human,7
815734180,human,0.957,human,8
815734182,human,0.917,human,7
815734183,human,0.957,human,8
815734184,human,0.917,human,7
815734186,human,0.957,human,8
815734187,human,0.957,human,8
815734190,human,0.917,human,7
815734191,human,0.957,human,8
815734193,human,0.957,human,8
815734196,human,0.917,human,7
815734197,human,0.917,human,7
815734204,human,0.917,non_human,7
815734205,human,0.957,human,8
815734206,human,0.957,human,8
815734208,human,0.957,human,8
815734209,human,0.917,human,7
815734214,human,0.917,human,7
815734215,human,0.957,human,8
815734220,human,0.957,human,8
815734229,human,0.957,human,8
815734232,human,0.957,human,8
815734234,human,0.917,human,7
815734238,human,0.917,human,7
815734240,human,0.957,human,8
815734242,human,0.917,unknown,7
815734250,human,0.917,human,7
815734256,human,0.917,human,7
815734258,human,0.917,human,7
815734263,human,0.917,human,7
815734264,human,0.917,human,7
815734266,human,0.917,human,7
815734272,human,0.917,human,7
815734278,human,0.957,human,8
815734281,human,0.917,human,7
815734282,human,0.917,human,7
815734286,human,0.917,non_human,7
815734294,human,0.917,human,7
815734295,human,0.917,human,7
815734296,human,0.957,unknown,8
815734298,human,0.957,human,8
815734309,human,0.917,human,7
815734313,human,0.917,human,7
815734322,human,0.917,human,7
815734333,human,0.917,unknown,7
815734339,human,0.957,human,8
815734342,human,0.957,non_human,8
815734348,human,0.957,human,8
815734350,human,0.957,non_human,8
815734351,human,0.957,human,8
815734354,human,0.917,human,7
815734366,human,0.957,human,8
815734370,human,0.917,human,7
815734378,human,0.917,human,7
815734387,human,0.917,unknown,7
815734388,human,0.957,human,8
815734394,human,0.957,human,8
815734396,non_human,0.956,human,4
815734399,human,0.957,human,8
815734400,non_human,0.956,human,4
815734403,human,0.957,human,8
815734411,human,0.957,human,8
815734413,human,0.957,human,8
815734414,human,0.917,human,7
815734428,human,0.957,human,8
815734432,human,0.917,human,7
815734440,human,0.957,human,8
815734443,human,0.917,human,7
815734445,human,0.957,human,8
815734449,human,0.957,human,8
815734453,human,0.917,human,7
815734460,human,0.957,human,8
815734463,human,0.957,human,8
815734468,human,0.917,human,7
815734469,human,0.917,human,7
815734470,human,0.957,human,8
815734472,human,0.957,human,8
815734473,human,0.957,human,8
815734480,human,0.917,human,7
815734482,human,0.957,human,8
815734488,human,0.957,human,8
815734492,human,0.957,human,8
815734493,human,0.917,human,7
815734497,human,0.957,unknown,8
815734500,human,0.957,human,8
815734505,human,0.917,unknown,7
815734506,human,0.917,human,7
815734516,human,0.957,human,8
815734523,human,0.917,human,7
815734526,human,0.957,human,8
815734527,human,0.957,human,8
815734529,human,0.957,human,8
815734532,human,0.917,human,7
815734536,human,0.957,human,8
815734538,human,0.957,human,8
815734540,human,0.957,human,8
815734541,human,0.957,human,8
815734551,human,0.917,human,7
815734554,human,0.917,human,7
815734558,human,0.917,human,7
815734559,human,0.917,non_human,7
815734563,human,0.917,human,7
815734564,human,0.957,non_human,8
815734575,human,0.957,human,8
815734582,human,0.917,human,7
815734587,human,0.917,human,7
815734588,human,0.957,human,8
815734589,human,0.917,human,7
815734592,human,0.957,unknown,8
815734595,human,0.917,human,7
815734596,human,0.957,human,8
815734598,human,0.957,human,8
815734599,human,0.917,human,7
815734602,human,0.957,human,8
815734606,human,0.917,human,7
815734607,human,0.957,human,8
815734608,human,0.917,human,7
815734612,human,0.957,human,8
815734615,human,0.917,human,7
815734621,human,0.917,non_human,7
815734626,human,0.957,unknown,8
815734631,human,0.957,human,8
815734641,human,0.917,human,7
815734646,human,0.957,unknown,8
815734658,human,0.957,human,8
815734661,human,0.917,human,7
815734662,human,0.957,human,8
815734673,human,0.957,human,8
815734674,human,0.957,human,8
815734683,human,0.957,human,8
815734684,human,0.957,human,8
815734685,human,0.957,unknown,8
815734693,human,0.957,human,8
815734697,human,0.957,human,8
815734699,human,0.957,human,8
815734700,human,0.957,human,8
815734702,human,0.957,human,8
815734711,human,0.957,human,8
815734716,human,0.917,human,7
815734721,human,0.957,human,8
815734722,human,0.917,human,7
815734723,human,0.957,unknown,8
815734728,human,0.957,human,8
815734729,human,0.917,human,7
815734731,human,0.957,human,8
815734734,human,0.957,human,8
815734743,human,0.957,human,8
815734744,human,0.917,human,7
815734747,human,0.917,human,7
815734750,human,0.917,human,7
815734759,human,0.957,human,8
815734766,human,0.917,human,7
815734767,human,0.917,non_human,7
815734771,human,0.917,human,7
815734786,human,0.957,human,8
815734793,human,0.917,human,7
815734803,human,0.957,human,8
815734809,human,0.957,human,8
815734810,human,0.957,human,8
815734814,human,0.917,human,7
815734815,human,0.917,human,7
815734817,human,0.917,human,7
815734819,human,0.957,human,8
815734827,human,0.917,non_human,7
815734834,human,0.957,human,8
815734835,human,0.957,human,8
815734837,human,0.957,human,8
815734838,human,0.917,human,7
815734839,human,0.957,human,8
815734842,human,0.917,human,7
815734843,human,0.917,human,7
815734844,human,0.957,human,8
815734849,human,0.957,human,8
815734853,human,0.917,human,7
815734856,human,0.917,human,7
815734858,human,0.957,human,8
815734859,human,0.957,human,8
815734862,human,0.957,human,8
815734865,human,0.957,human,8
815734866,human,0.957,human,8
815734867,human,0.957,human,8
815734868,human,0.957,human,8
815734882,human,0.917,human,7
815734893,human,0.917,human,7
815734894,human,0.917,human,7
815734903,human,0.917,human,7
815734906,human,0.957,human,8
815734910,human,0.957,human,8
815734913,human,0.917,non_human,7
815734931,human,0.917,non_human,7
815734934,human,0.957,human,8
815734941,human,0.957,human,8
815734946,human,0.957,human,8
815734949,human,0.957,human,8
815734952,human,0.957,human,8
815734956,human,0.957,human,8
815734957,human,0.917,human,7
815734960,human,0.957,human,8
815734966,human,0.917,human,7
815734975,human,0.917,human,7
815734984,human,0.957,human,8
815734986,human,0.957,human,8
815734992,human,0.917,human,7
815734998,human,0.917,human,7
815734999,human,0.957,non_human,8
815735005,human,0.917,non_human,7
815735006,human,0.957,human,8
815735009,human,0.917,human,7
815735010,human,0.957,human,8
815735016,human,0.957,human,8
815735017,human,0.957,human,8
815735018,human,0.917,human,7
815735020,human,0.957,human,8
815735025,human,0.957,human,8
815735034,human,0.957,human,8
815735039,human,0.957,human,8
815735042,human,0.917,unknown,7
815735045,human,0.957,human,8
815735046,human,0.957,human,8
815735049,human,0.957,human,8
815735056,human,0.917,human,7
815735057,human,0.917,human,7
815735058,human,0.957,human,8
815735059,human,0.917,human,7
815735069,human,0.917,human,7
815735072,human,0.957,human,8
815735075,human,0.917,human,7
815735076,human,0.957,human,8
815735081,human,0.917,human,7
815735084,human,0.957,human,8
815735085,human,0.917,human,7
815735093,human,0.957,human,8
815735095,human,0.917,human,7
815735097,human,0.957,human,8
815735102,human,0.917,human,7
815735108,human,0.917,human,7
815735112,human,0.957,human,8
815735119,human,0.917,human,7
815735123,human,0.917,non_human,7
815735124,human,0.917,human,7
815735128,human,0.917,non_human,7
815735130,human,0.957,human,8
815735132,human,0.957,human,8
815735143,human,0.917,unknown,7
815735151,human,0.957,human,8
815735154,human,0.957,human,8
815735155,human,0.917,human,7
815735164,human,0.917,human,7
815735180,human,0.917,human,7
815735187,human,0.957,human,8
815735190,human,0.917,human,7
815735203,human,0.917,human,7
815735214,human,0.957,human,8
815735215,human,0.957,human,8
815735217,human,0.957,human,8
815735219,human,0.917,human,7
815735222,human,0.917,non_human,7
815735226,human,0.917,human,7
815735230,human,0.917,human,7
815735231,human,0.917,human,7
815735234,human,0.917,human,7
815735237,human,0.917,human,7
815735243,human,0.917,human,7
815735253,human,0.957,human,8
815735260,human,0.957,human,8
815735268,human,0.957,human,8
815735274,human,0.957,human,8
815735276,human,0.957,human,8
815735280,human,0.957,human,8
815735283,human,0.957,non_human,8
815735287,human,0.957,human,8
815735292,human,0.917,non_human,7
815735301,human,0.957,human,8
815735307,human,0.957,human,8
815735313,human,0.957,human,8
815735317,human,0.957,human,8
815735318,human,0.957,human,8
815735320,human,0.957,human,8
815735323,human,0.957,human,8
815735327,human,0.957,human,8
815735328,human,0.957,human,8
815735329,human,0.917,non_human,7
815735331,human,0.917,human,7
815735339,human,0.957,human,8
815735341,human,0.957,human,8
815735347,human,0.917,human,7
815735350,human,0.917,human,7
815735353,human,0.917,human,7
815735355,human,0.957,human,8
815735358,human,0.917,human,7
815735361,human,0.957,human,8
815735376,human,0.957,human,8
815735377,human,0.917,human,7
815735379,human,0.957,human,8
815735380,human,0.957,human,8
815735383,human,0.957,human,8
815735390,human,0.957,human,8
815735392,human,0.917,human,7
815735393,human,0.917,non_human,7
815735402,human,0.957,human,8
815735407,human,0.957,unknown,8
815735414,human,0.957,human,8
815735417,human,0.957,human,8
815735425,human,0.957,human,8
815735428,human,0.957,human,8
815735429,human,0.957,human,8
815735430,human,0.917,human,7
815735439,human,0.917,human,7
815735440,human,0.917,human,7
815735444,human,0.957,human,8
815735448,human,0.917,human,7
815735454,human,0.957,human,8
815735457,human,0.957,human,8
815735463,human,0.917,human,7
815735468,human,0.957,human,8
815735469,human,0.957,human,8
815735470,human,0.957,human,8
815735472,human,0.957,human,8
815735475,human,0.917,human,7
815735484,human,0.917,human,7
815735492,human,0.957,human,8
815735495,human,0.957,human,8
815735499,human,0.917,human,7
815735504,human,0.957,human,8
815735505,human,0.917,human,7
815735509,human,0.957,human,8
815735518,human,0.957,human,8
815735528,human,0.957,human,8
815735532,human,0.957,human,8
815735535,human,0.917,human,7
815735536,human,0.957,human,8
815735544,human,0.917,human,7
815735550,human,0.957,human,8
815735557,human,0.917,human,7
815735561,human,0.957,human,8
815735563,human,0.957,human,8
815735567,human,0.917,human,7
815735568,human,0.957,human,8
815735569,human,0.917,human,7
815735578,human,0.957,human,8
815735580,human,0.957,human,8
815735592,human,0.917,human,7
815735607,human,0.917,non_human,7
815735608,human,0.957,human,8
815735612,human,0.957,human,8
815735618,human,0.917,human,7
815735620,human,0.957,human,8
815735641,human,0.957,human,8
815735643,human,0.917,human,7
815735646,human,0.917,unknown,7
815735650,human,0.957,human,8
815735654,human,0.917,human,7
815735660,human,0.917,non_human,7
815735664,human,0.957,human,8
815735669,human,0.957,human,8
815735675,human,0.917,human,7
815735676,human,0.957,human,8
815735678,human,0.917,human,7
815735680,human,0.957,human,8
815735687,human,0.957,non_human,8
815735689,human,0.917,non_human,7
815735696,human,0.957,human,8
815735697,human,0.957,human,8
815735702,human,0.957,human,8
815735703,human,0.957,human,8
815735714,human,0.957,human,8
815735719,human,0.957,human,8
815735729,human,0.957,human,8
815735732,human,0.917,human,7
815735740,human,0.917,human,7
815735744,human,0.917,human,7
815735745,human,0.957,human,8
815735747,human,0.917,human,7
815735749,human,0.957,human,8
815735750,human,0.957,human,8
815735751,human,0.917,unknown,7
815735762,human,0.917,human,7
815735771,human,0.957,human,8
815735786,human,0.917,human,7
815735822,human,0.957,human,8
815735844,human,0.957,human,8
815735845,human,0.917,human,7
815735847,human,0.957,human,8
815735849,human,0.957,human,8
815735850,non_human,0.956,non_human,4
815735852,human,0.957,human,8
815735853,human,0.957,human,8
815735860,human,0.917,human,7
815735864,human,0.917,human,7
815735871,human,0.917,non_human,7
815735874,human,0.957,human,8
815735877,human,0.917,human,7
815735882,human,0.957,human,8
815735897,human,0.957,human,8
815735900,human,0.917,human,7
815735915,human,0.957,human,8
815735921,human,0.957,human,8
815735922,human,0.917,unknown,7
815735923,human,0.957,human,8
815735925,human,0.917,human,7
815735935,human,0.957,human,8
815735936,human,0.957,human,8
815735937,human,0.957,human,8
815735950,human,0.917,human,7
815735954,human,0.957,human,8
815735955,human,0.957,human,8
815735968,human,0.917,non_human,7
815736002,human,0.957,human,8
815736004,human,0.957,human,8
815736008,human,0.957,human,8
815736013,human,0.917,non_human,7
815736019,human,0.957,human,8
815736020,human,0.917,human,7
815736023,human,0.917,human,7
815736041,human,0.917,human,7
815736042,human,0.957,human,8
815736045,human,0.957,human,8
815736053,human,0.917,human,7
815736054,human,0.917,human,7
815736055,human,0.957,human,8
815736057,human,0.917,human,7
815736058,human,0.917,human,7
815736064,human,0.917,human,7
815736069,human,0.917,human,7
815736073,human,0.957,human,8
815736078,human,0.917,human,7
815736081,human,0.957,human,8
815736082,human,0.917,unknown,7
815736083,human,0.957,human,8
815736084,human,0.957,human,8
815736087,human,0.957,human,8
815736090,human,0.917,human,7
815736096,human,0.957,human,8
815736098,human,0.917,human,7
815736102,human,0.957,human,8
815736103,human,0.957,human,8
815736104,human,0.957,human,8
815736107,human,0.917,human,7
815736108,human,0.917,human,7
815736115,human,0.917,human,7
815736117,human,0.957,human,8
815736119,human,0.957,human,8
815736131,human,0.917,human,7
815736151,human,0.917,human,7
815736160,human,0.957,human,8
815736161,human,0.957,human,8
815736170,human,0.957,human,8
815736171,human,0.957,human,8
815736179,non_human,0.956,non_human,4
815736180,human,0.957,human,8
815736184,human,0.917,human,7
815736185,human,0.957,human,8
815736187,human,0.957,human,8
815736189,human,0.957,human,8
815736194,human,0.917,unknown,7
815736198,human,0.957,human,8
815736200,human,0.917,human,7
815736202,human,0.957,human,8
815736205,human,0.917,human,7
815736207,human,0.917,human,7
815736218,human,0.917,unknown,7
815736220,human,0.957,human,8
815736224,human,0.957,human,8
815736227,human,0.917,human,7
815736240,human,0.957,non_human,8
815736246,human,0.917,human,7
815736251,human,0.917,human,7
815736255,human,0.957,human,8
815736257,human,0.957,unknown,8
815736260,human,0.917,unknown,7
815736265,human,0.957,human,8
815736267,human,0.917,human,7
815736269,human,0.957,human,8
815736278,human,0.917,human,7
815736287,human,0.957,human,8
815736290,human,0.957,human,8
815736302,human,0.917,human,7
815736305,human,0.957,human,8
815736311,human,0.957,human,8
815736313,human,0.917,human,7
815736320,human,0.957,human,8
815736334,human,0.957,human,8
815736337,human,0.957,human,8
815736338,human,0.957,human,8
815736344,human,0.957,non_human,8
815736349,human,0.917,human,7
815736351,human,0.957,non_human,8
815736352,human,0.957,human,8
815736368,human,0.957,human,8
815736370,human,0.917,human,7
815736374,human,0.917,non_human,7
815736375,human,0.917,human,7
815736376,human,0.957,human,8
815736378,human,0.917,human,7
815736382,human,0.917,human,7
815736384,human,0.957,human,8
815736392,human,0.957,human,8
815736398,human,0.957,human,8
815736401,human,0.917,human,7
815736402,human,0.917,human,7
815736404,human,0.917,human,7
815736410,human,0.917,human,7
815736414,human,0.917,human,7
815736426,human,0.917,human,7
815736429,human,0.957,human,8
815736434,human,0.957,human,8
815736438,human,0.957,human,8
815736454,human,0.957,human,8
815736461,human,0.957,non_human,8
815736468,human,0.917,unknown,7
815736475,human,0.957,human,8
815736486,human,0.917,human,7
815736495,human,0.957,human,8
815736496,human,0.917,human,7
815736497,human,0.957,human,8
815736500,human,0.957,human,8
815736501,human,0.957,human,8
815736504,human,0.917,human,7
815736506,human,0.917,human,7
815736508,human,0.957,human,8
815736509,human,0.957,human,8
815736516,human,0.917,human,7
815736517,human,0.917,unknown,7
815736518,human,0.957,human,8
815736523,human,0.957,human,8
815736529,human,0.957,human,8
815736531,human,0.917,human,7
815736533,human,0.957,human,8
815736535,human,0.957,human,8
815736538,human,0.957,human,8
815736545,human,0.957,human,8
815736546,human,0.957,unknown,8
815736553,human,0.957,human,8
815736563,human,0.917,human,7
815736565,human,0.957,human,8
815736569,human,0.917,human,7
815736571,human,0.917,human,7
815736581,human,0.957,human,8
815736590,human,0.917,unknown,7
815736591,human,0.957,human,8
815736595,human,0.917,human,7
815736596,human,0.917,human,7
815736597,human,0.957,human,8
815736606,human,0.957,human,8
815736610,human,0.917,unknown,7
815736612,human,0.957,human,8
815736618,human,0.917,human,7
815736627,human,0.957,human,8
815736629,human,0.957,human,8
815736630,human,0.957,human,8
815736632,human,0.957,human,8
815736633,human,0.917,human,7
815736655,human,0.957,human,8
815736656,human,0.957,human,8
815736657,human,0.957,human,8
815736661,human,0.917,human,7
815736663,human,0.957,human,8
815736675,human,0.917,non_human,7
815736677,human,0.917,human,7
815736679,human,0.917,human,7
815736681,human,0.917,human,7
815736682,human,0.957,human,8
815736686,non_human,0.956,human,4
815736697,human,0.957,human,8
815736699,human,0.957,human,8
815736703,human,0.957,human,8
815736705,human,0.957,human,8
815736708,human,0.957,human,8
815736712,human,0.917,human,7
815736713,human,0.957,human,8
815736716,human,0.957,human,8
815736721,human,0.957,human,8
815736722,human,0.917,non_human,7
815736723,human,0.957,human,8
815736725,human,0.957,human,8
815736732,human,0.957,human,8
815736739,human,0.917,human,7
815736741,human,0.917,human,7
815736742,human,0.917,human,7
815736743,human,0.917,human,7
815736746,human,0.917,human,7
815736749,human,0.917,human,7
815736753,human,0.957,human,8
815736754,human,0.957,human,8
815736757,human,0.957,human,8
815736758,human,0.957,human,8
815736762,human,0.957,human,8
815736763,human,0.917,human,7
815736766,human,0.917,human,7
815736768,human,0.917,human,7
815736776,human,0.917,human,7
815736784,human,0.957,human,8
815736785,human,0.917,human,7
815736786,human,0.957,human,8
815736787,human,0.957,human,8
815736789,human,0.957,human,8
815736803,human,0.957,human,8
815736809,human,0.957,human,8
815736814,human,0.957,human,8
815736819,non_human,0.956,human,4
815736824,human,0.957,human,8
815736825,human,0.957,human,8
815736826,human,0.917,human,7
815736838,human,0.957,human,8
815736846,human,0.957,human,8
815736847,human,0.957,human,8
815736848,human,0.917,human,7
815736849,non_human,0.956,human,4
815736853,human,0.917,non_human,7
815736865,human,0.957,human,8
815736866,human,0.917,human,7
815736871,human,0.957,human,8
815736874,human,0.917,human,7
815736878,human,0.917,human,7
815736879,human,0.917,human,7
815736883,non_human,0.956,human,4
815736892,human,0.957,human,8
815736897,human,0.917,human,7
815736902,human,0.917,human,7
815736905,human,0.957,human,8
815736906,human,0.957,human,8
815736917,human,0.917,unknown,7
815736919,human,0.957,human,8
815736923,human,0.957,human,8
815736926,human,0.957,human,8
815736927,human,0.957,human,8
815736928,human,0.917,human,7
815736935,human,0.957,human,8
815736938,human,0.957,human,8
815736940,human,0.957,human,8
815736941,human,0.957,human,8
815736946,human,0.917,human,7
815736951,human,0.957,human,8
815736952,human,0.957,human,8
815736953,human,0.917,human,7
815736957,human,0.957,human,8
815736961,human,0.917,human,7
815736962,human,0.917,non_human,7
815736963,human,0.917,human,7
815736971,human,0.917,unknown,7
815736979,human,0.957,human,8
815736984,human,0.917,human,7
815736991,human,0.917,human,7
815737000,human,0.917,human,7
815737004,human,0.957,non_human,8
815737005,human,0.957,unknown,8
815737008,human,0.957,human,8
815737012,human,0.917,human,7
815737015,human,0.957,human,8
815737019,human,0.957,human,8
815737026,human,0.957,human,8
815737041,human,0.957,human,8
815737050,human,0.917,non_human,7
815737051,human,0.957,human,8
815737061,human,0.917,human,7
815737065,human,0.957,human,8
815737066,human,0.917,human,7
815737069,human,0.957,human,8
815737071,human,0.957,human,8
815737072,non_human,0.956,human,4
815737077,human,0.957,human,8
815737079,human,0.917,human,7
815737081,human,0.917,human,7
815737098,human,0.957,human,8
815737114,human,0.957,human,8
815737131,human,0.917,human,7
815737151,human,0.917,human,7
815737166,human,0.957,human,8
815737168,human,0.917,human,7
815737169,human,0.957,human,8
815737177,human,0.917,human,7
815737180,human,0.917,human,7
815737181,human,0.917,non_human,7
815737186,human,0.917,non_human,7
815737195,human,0.957,human,8
815737198,human,0.917,human,7
815737200,human,0.957,unknown,8
815737206,human,0.917,human,7
815737210,human,0.917,human,7
815737211,human,0.917,human,7
815737212,human,0.917,human,7
815737215,human,0.917,human,7
815737233,human,0.957,human,8
815737256,human,0.957,human,8
815737258,human,0.917,human,7
815737268,human,0.917,human,7
815737273,human,0.917,human,7
815737288,human,0.917,human,7
815737295,human,0.957,human,8
815737298,human,0.917,human,7
815737302,human,0.917,human,7
815737303,human,0.957,non_human,8
815737318,human,0.957,human,8
815737319,human,0.957,human,8
815737320,human,0.917,human,7
815737324,human,0.957,human,8
815737330,human,0.957,human,8
815737335,human,0.917,human,7
815737338,human,0.917,human,7
815737342,human,0.917,unknown,7
815737345,human,0.957,human,8
815737346,human,0.917,non_human,7
815737351,human,0.957,human,8
815737354,human,0.957,human,8
815737361,human,0.957,human,8
815737362,human,0.957,human,8
815737369,human,0.957,human,8
815737372,human,0.957,human,8
815737374,human,0.957,human,8
815737375,human,0.957,human,8
815737386,human,0.957,human,8
815737389,human,0.957,human,8
815737390,human,0.957,human,8
815737391,human,0.957,human,8
815737394,human,0.957,human,8
815737398,human,0.957,human,8
815737402,human,0.917,human,7
815737409,human,0.957,human,8
815737415,human,0.957,human,8
815737420,human,0.917,human,7
815737421,human,0.917,human,7
815737426,human,0.957,human,8
815737428,human,0.957,human,8
815737435,human,0.957,human,8
815737441,human,0.957,human,8
815737451,non_human,0.956,unknown,4
815737453,human,0.957,human,8
815737465,human,0.917,human,7
815737466,human,0.957,human,8
815737467,human,0.917,human,7
815737468,human,0.957,human,8
815737473,human,0.917,human,7
815737477,human,0.917,human,7
815737478,human,0.917,human,7
815737490,human,0.917,non_human,7
815737502,human,0.957,human,8
815737503,human,0.957,human,8
815737509,human,0.917,non_human,7
815737513,human,0.917,non_human,7
815737514,human,0.957,human,8
815737517,human,0.957,human,8
815737519,human,0.957,human,8
815737520,human,0.917,human,7
815737525,human,0.957,human,8
815737526,human,0.957,human,8
815737529,human,0.917,human,7
815737536,human,0.957,human,8
815737539,human,0.957,human,8
815737543,human,0.957,human,8
815737551,human,0.917,human,7
815737554,human,0.957,non_human,8
815737561,human,0.917,human,7
815737562,human,0.957,human,8
815737565,human,0.917,human,7
815737568,human,0.917,human,7
815737573,human,0.917,human,7
815737575,human,0.917,human,7
815737585,human,0.917,human,7
815737586,human,0.917,human,7
815737592,human,0.957,human,8
815737594,human,0.957,human,8
815737598,human,0.917,human,7
815737599,human,0.957,human,8
815737601,human,0.917,human,7
815737609,human,0.917,human,7
815737613,human,0.957,non_human,8
815737618,human,0.917,non_human,7
815737619,human,0.917,human,7
815737620,human,0.957,human,8
815737623,human,0.917,human,7
815737624,human,0.957,human,8
815737628,human,0.917,human,7
815737630,human,0.917,human,7
815737634,human,0.917,human,7
815737639,human,0.917,human,7
815737641,human,0.957,human,8
815737646,human,0.917,human,7
815737650,human,0.957,human,8
815737654,human,0.957,human,8
815737656,human,0.957,human,8
815737657,human,0.917,human,7
815737658,human,0.957,human,8
815737665,human,0.917,human,7
815737667,human,0.917,human,7
815737668,human,0.957,human,8
815737673,human,0.917,human,7
815737681,human,0.957,human,8
815737683,human,0.957,human,8
815737688,human,0.917,human,7
815737692,human,0.957,human,8
815737693,human,0.957,human,8
815737695,human,0.917,human,7
815737702,human,0.957,human,8
815737706,human,0.917,human,7
815737707,human,0.957,human,8
815737716,human,0.957,human,8
815737719,human,0.957,human,8
815737721,human,0.917,human,7
815737722,human,0.957,human,8
815737724,human,0.957,human,8
815737726,human,0.917,human,7
815737734,human,0.917,human,7
815737735,human,0.917,human,7
815737738,human,0.957,unknown,8
815737739,human,0.917,human,7
815737741,human,0.957,human,8
815737747,human,0.957,human,8
815737755,human,0.957,human,8
815737772,human,0.957,human,8
815737784,human,0.917,human,7
815737788,human,0.957,human,8
815737789,human,0.917,human,7
815737805,human,0.917,human,7
815737808,human,0.917,unknown,7
815737813,human,0.957,human,8
815737818,human,0.917,human,7
815737823,human,0.917,human,7
815737829,human,0.957,human,8
815737830,human,0.957,human,8
815737837,human,0.957,human,8
815737838,human,0.957,human,8
815737843,human,0.957,human,8
815737846,human,0.957,human,8
815737867,human,0.957,non_human,8
815737869,human,0.957,human,8
815737872,human,0.957,human,8
815737887,human,0.917,human,7
815737890,human,0.917,human,7
815737894,human,0.917,unknown,7
815737896,human,0.957,human,8
815737901,human,0.917,human,7
815737907,human,0.957,human,8
815737909,human,0.957,human,8
815737910,human,0.957,human,8
815737912,human,0.957,human,8
815737913,human,0.917,human,7
815737914,human,0.957,human,8
815737915,human,0.917,human,7
815737921,human,0.917,human,7
815737922,human,0.957,human,8
815737925,human,0.917,non_human,7
815737926,human,0.957,human,8
815737936,human,0.917,human,7
815737942,human,0.957,human,8
815737947,human,0.957,human,8
815737950,human,0.957,human,8
815737960,human,0.957,non_human,8
815737962,human,0.957,human,8
815737963,human,0.957,human,8
815737966,human,0.917,human,7
815737967,human,0.957,non_human,8
815737976,human,0.917,human,7
815737980,human,0.917,human,7
815737982,human,0.957,human,8
815737989,human,0.917,human,7
815737993,human,0.957,human,8
815737994,human,0.957,human,8
815738004,human,0.957,human,8
815738007,human,0.957,human,8
815738009,human,0.917,non_human,7
815738010,human,0.957,human,8
815738013,human,0.917,human,7
815738019,human,0.917,human,7
815738020,human,0.917,human,7
815738026,human,0.917,human,7
815738038,human,0.917,human,7
815738046,human,0.957,human,8
815738053,human,0.917,human,7
815738054,human,0.917,human,7
815738059,human,0.957,human,8
815738068,human,0.917,human,7
815738070,human,0.917,non_human,7
815738080,human,0.957,human,8
815738083,human,0.917,human,7
815738084,human,0.957,human,8
815738086,human,0.957,human,8
815738087,human,0.957,human,8
815738090,human,0.917,human,7
815738098,human,0.917,human,7
815738101,human,0.917,human,7
815738103,human,0.917,human,7
815738106,human,0.957,human,8
815738117,human,0.957,human,8
815738123,human,0.917,human,7
815738124,human,0.917,human,7
815738128,human,0.957,human,8
815738130,human,0.957,non_human,8
815738136,human,0.917,human,7
815738138,human,0.917,human,7
815738139,human,0.917,human,7
815738140,human,0.917,unknown,7
815738145,human,0.917,human,7
815738151,human,0.957,human,8
815738169,human,0.917,human,7
815738170,human,0.917,human,7
815738179,human,0.957,human,8
815738182,human,0.957,human,8
815738186,human,0.957,human,8
815738189,human,0.917,human,7
815738198,human,0.957,human,8
815738200,human,0.957,human,8
815738203,human,0.957,human,8
815738216,human,0.957,human,8
815738221,human,0.917,human,7
815738223,human,0.957,human,8
815738230,human,0.917,human,7
815738235,human,0.957,human,8
815738242,human,0.917,unknown,7
815738243,human,0.957,human,8
815738246,human,0.917,human,7
815738253,human,0.957,non_human,8
815738255,human,0.917,unknown,7
815738256,human,0.917,human,7
815738258,human,0.917,human,7
815738261,human,0.917,human,7
815738276,human,0.957,human,8
815738280,human,0.957,human,8
815738281,human,0.957,human,8
815738283,human,0.917,human,7
815738285,human,0.917,human,7
815738290,human,0.957,human,8
815738294,human,0.917,unknown,7
815738297,human,0.957,human,8
815738299,human,0.917,human,7
815738310,human,0.957,human,8
815738312,human,0.917,human,7
815738319,human,0.917,human,7
815738320,human,0.917,human,7
815738322,human,0.917,human,7
815738327,human,0.957,human,8
815738328,human,0.917,human,7
815738331,human,0.957,human,8
815738335,human,0.957,human,8
815738341,human,0.957,human,8
815738342,human,0.957,human,8
815738347,human,0.917,human,7
815738348,human,0.917,human,7
815738353,human,0.957,human,8
815738359,human,0.957,human,8
815738360,human,0.957,human,8
815738361,human,0.917,non_human,7
815738368,human,0.957,human,8
815738371,human,0.957,human,8
815738388,human,0.917,human,7
815738395,human,0.957,human,8
815738397,human,0.917,human,7
815738403,human,0.917,human,7
815738410,human,0.957,human,8
815738412,human,0.957,non_human,8
815738414,human,0.957,human,8
815738415,human,0.957,human,8
815738456,human,0.917,non_human,7
815738465,human,0.957,human,8
815738486,human,0.957,human,8
815738488,human,0.917,non_human,7
815738491,human,0.917,human,7
815738495,human,0.957,human,8
815738509,human,0.917,unknown,7
815738513,human,0.957,human,8
815738514,non_human,0.956,human,4
815738516,non_human,0.956,human,4
815738526,human,0.957,human,8
815738528,human,0.917,human,7
815738530,human,0.957,human,8
815738556,human,0.957,human,8
815738557,human,0.917,human,7
815738559,human,0.917,human,7
815738576,human,0.957,non_human,8
815738630,human,0.917,human,7
815738637,human,0.917,human,7
815738642,human,0.917,human,7
815738645,human,0.957,human,8
815738646,human,0.957,human,8
815738655,human,0.957,human,8
815738658,human,0.957,human,8
815738663,human,0.917,human,7
815738667,human,0.917,human,7
815738680,human,0.957,human,8
815738694,human,0.917,human,7
815738722,human,0.957,human,8
815738723,human,0.957,human,8
815738726,human,0.957,human,8
815738735,human,0.917,human,7
815738743,human,0.917,human,7
815738746,human,0.917,human,7
815738751,human,0.957,human,8
815738757,human,0.957,human,8
815738761,human,0.957,human,8
815738763,human,0.917,human,7
815738764,human,0.917,human,7
815738766,human,0.917,human,7
815738768,human,0.957,human,8
815738776,human,0.957,human,8
815738795,human,0.917,human,7
815738808,human,0.957,human,8
815738824,human,0.957,human,8
815738828,human,0.917,human,7
815738829,human,0.957,human,8
815738836,human,0.917,human,7
815738837,human,0.957,human,8
815738838,human,0.957,human,8
815738847,human,0.957,human,8
815738850,human,0.917,human,7
815738868,human,0.957,human,8
815738871,human,0.957,human,8
815738874,human,0.917,human,7
815738879,human,0.957,human,8
815738884,human,0.917,human,7
815738893,human,0.917,human,7
815738898,human,0.957,human,8
815738923,human,0.957,human,8
815738934,human,0.957,human,8
815738937,human,0.917,human,7
815738942,human,0.957,human,8
815738943,human,0.917,human,7
815738951,human,0.917,human,7
815738954,human,0.917,human,7
815738955,human,0.917,human,7
815738958,human,0.957,human,8
815738964,human,0.957,human,8
815738967,human,0.917,human,7
815738999,human,0.957,human,8
815739002,human,0.917,human,7
815739003,human,0.957,human,8
815739008,human,0.917,human,7
815739020,human,0.917,human,7
815739022,human,0.917,non_human,7
815739034,human,0.917,unknown,7
815739037,human,0.917,human,7
815739040,human,0.957,human,8
815739042,human,0.957,human,8
815739045,human,0.917,human,7
815739051,human,0.917,human,7
815739060,human,0.957,human,8
815739066,human,0.957,human,8
815739067,human,0.957,human,8
815739069,human,0.957,human,8
815739076,human,0.917,human,7
815739083,human,0.917,human,7
815739089,non_human,0.956,unknown,4
815739095,human,0.917,human,7
815739096,human,0.957,human,8
815739097,human,0.917,human,7
815739106,human,0.917,human,7
815739111,human,0.917,human,7
815739121,human,0.957,human,8
815739122,human,0.917,human,7
815739127,human,0.917,human,7
815739130,non_human,0.956,non_human,4
815739152,human,0.957,human,8
815739160,human,0.917,human,7
815739166,human,0.957,human,8
815739173,human,0.957,human,8
815739174,human,0.957,human,8
815739192,human,0.957,human,8
815739196,non_human,0.956,human,4
815739219,human,0.957,human,8
815739222,human,0.917,human,7
815739228,human,0.917,human,7
815739233,human,0.917,human,7
815739238,human,0.917,human,7
815739240,human,0.957,human,8
815739242,human,0.957,human,8
815739243,human,0.957,human,8
815739250,human,0.917,human,7
815739257,human,0.957,human,8
815739258,human,0.917,human,7
815739269,human,0.957,human,8
815739272,human,0.957,human,8
815739276,human,0.917,human,7
815739280,human,0.917,human,7
815739281,human,0.957,human,8
815739282,human,0.957,human,8
815739297,human,0.917,human,7
815739299,human,0.957,human,8
815739301,human,0.957,human,8
815739304,human,0.917,human,7
815739305,human,0.957,human,8
815739306,human,0.957,human,8
815739314,human,0.957,human,8
815739315,human,0.957,human,8
815739318,human,0.917,non_human,7
815739324,human,0.957,human,8
815739326,human,0.917,human,7
815739332,human,0.917,human,7
815739333,human,0.957,human,8
815739334,human,0.957,human,8
815739337,human,0.917,human,7
815739338,human,0.957,human,8
815739339,human,0.917,human,7
815739342,human,0.957,human,8
815739347,human,0.917,human,7
815739350,human,0.917,non_human,7
815739352,human,0.957,human,8
815739353,human,0.917,human,7
815739355,human,0.957,human,8
815739358,human,0.957,human,8
815739361,non_human,0.956,human,4
815739365,human,0.957,human,8
815739366,human,0.917,human,7
815739367,human,0.917,human,7
815739369,human,0.957,human,8
815739372,human,0.957,human,8
815739377,human,0.957,non_human,8
815739378,human,0.957,human,8
815739380,human,0.957,human,8
815739382,human,0.917,human,7
815739384,human,0.917,human,7
815739385,human,0.917,human,7
815739388,human,0.957,human,8
815739389,human,0.957,human,8
815739394,human,0.917,human,7
815739396,human,0.957,human,8
815739398,human,0.917,human,7
815739402,human,0.957,non_human,8
815739413,human,0.917,unknown,7
815739414,human,0.917,human,7
815739422,human,0.957,unknown,8
815739425,human,0.957,human,8
815739426,human,0.917,human,7
815739430,human,0.957,human,8
815739431,human,0.917,human,7
815739435,human,0.917,human,7
815739439,human,0.917,human,7
815739450,human,0.957,human,8
815739457,human,0.957,human,8
815739461,human,0.917,human,7
815739463,human,0.957,unknown,8
815739465,human,0.917,human,7
815739466,human,0.917,human,7
815739469,human,0.957,human,8
815739472,human,0.917,human,7
815739473,human,0.957,human,8
815739477,human,0.957,human,8
815739484,human,0.957,unknown,8
815739488,human,0.917,human,7
815739491,human,0.957,human,8
815739492,human,0.917,human,7
815739496,human,0.917,human,7
815739498,human,0.917,human,7
815739503,human,0.957,human,8
815739513,human,0.957,human,8
815739515,human,0.957,human,8
815739516,human,0.917,human,7
815739528,human,0.957,human,8
815739531,human,0.957,human,8
815739535,human,0.917,human,7
815739536,human,0.917,non_human,7
815739540,human,0.957,non_human,8
815739550,human,0.957,human,8
815739556,human,0.917,human,7
815739558,human,0.917,human,7
815739564,human,0.957,human,8
815739569,human,0.917,human,7
815739577,human,0.957,human,8
815739578,human,0.957,human,8
815739580,human,0.957,non_human,8
815739582,human,0.917,human,7
815739585,human,0.957,human,8
815739587,human,0.917,human,7
815739589,human,0.957,human,8
