_unit_id,name,gender,is_human,cluster,fine_cluster
815719226,sheezy0,male,1.0,1,9
815719227,DavdBurnett,male,1.0,1,1
815719228,lwtprettylaugh,male,1.0,3,2
815719229,douggarland,male,1.0,0,0
815719230,WilfordGemma,female,1.0,3,2
815719231,monroevicious,female,1.0,3,8
815719232,Shutterstock,brand,0.0,3,10
815719233,RobinMeske,male,1.0,1,9
815719234,pigzilla_,female,1.0,3,7
815719235,GabrieleNeher,female,1.0,3,10
815719236,Blissful_Eats,brand,0.0,1,1
815719237,eliseotecleo,brand,0.0,1,9
815719238,kaylanabrewer_,female,1.0,3,8
815719239,americacredit,brand,0.0,1,9
815719240,cheyflan,female,1.0,3,2
815719241,Ayu7sith4,female,1.0,2,9
815719242,Toucaan_Samm,female,1.0,3,8
815719243,SSmyth2010,male,1.0,0,5
815719244,DarkToonsGaming,male,1.0,0,3
815719245,GourlayLynn,unknown,,0,3
815719246,jlpeter37,female,1.0,3,2
815719247,SarahMaddry,female,1.0,3,8
815719248,bethleia,female,1.0,0,7
815719249,StrictlyAri,male,1.0,0,7
815719250,JHurkett,male,1.0,0,0
815719251,karenhbullard,female,1.0,0,7
815719252,1oneonlyone1,brand,0.0,1,11
815719253,the_offical_ios,brand,0.0,3,2
815719254,DearMoonshine__,female,1.0,3,8
815719255,RinCutie,male,1.0,3,2
815719256,TV_Trax,brand,0.0,1,1
815719257,HalRappaport,male,1.0,1,9
815719258,sarahamiels,female,1.0,0,5
815719259,TB12ForPrez,male,1.0,1,10
815719260,click88sure,brand,0.0,1,9
815719261,300Stain,male,1.0,2,8
815719262,USAChildCare,brand,0.0,1,1
815719263,__amira_,female,1.0,3,8
815719264,lifessubatomic,brand,0.0,3,2
815719265,brandonpattrson,male,1.0,3,0
815719266,Geek_Initiative,brand,0.0,1,9
815719267,danydifazio,male,1.0,1,1
815719268,fetchfind,brand,0.0,1,11
815719269,mrshoran_girl,male,1.0,3,2
815719270,KABULALA,male,1.0,0,5
815719271,DJKRO,male,1.0,3,8
815719272,alexandraalice,female,1.0,0,5
815719273,OllieC9897,male,1.0,3,2
815719274,sfwhmnzne,female,1.0,0,7
815719275,HighTechPlanet,brand,0.0,1,6
815719276,home8biz,male,1.0,1,9
815719277,llIUMINATlRESMl,female,1.0,1,9
815719278,GamasutraGirl,brand,0.0,1,11
815719279,sh6ne,male,1.0,0,5
815719280,Joohnlennon3,male,1.0,0,8
815719281,Scott_Ryan_,male,1.0,3,8
815719282,Zoe_o_Ebot,female,1.0,0,6
815719283,CaronHohner,brand,0.0,1,9
815719284,manikarthik,male,1.0,1,8
815719285,NichelleIraheta,brand,0.0,1,9
815719286,SML2020,brand,0.0,1,1
815719287,cheer_diva97,female,1.0,3,8
815719288,BURNSlVAN,female,1.0,3,2
815719289,MrABPhotog,male,1.0,3,6
815719290,Moonfell44,female,1.0,3,1
815719292,alanhudson1,male,1.0,1,0
815719293,Miss_Masaya,female,1.0,3,8
815719294,RAEHEREEEE,female,1.0,0,7
815719295,Ilse_Futbolista,female,1.0,3,10
815719296,ShitApolloYells,male,1.0,0,6
815719297,MIASkateShop,brand,0.0,1,1
815719298,butkick2000,male,1.0,0,7
815719299,Odi_SH,male,1.0,3,10
815719300,WFWildcats,brand,0.0,1,1
815719301,AngieMozart,female,1.0,0,5
815719302,starsjournal,brand,0.0,1,9
815719303,BuzzellNatalie,female,1.0,1,6
815719304,cyrusodessa,male,1.0,0,5
815719305,WisemanKayo,male,1.0,3,10
815719306,YemiSureGirl,female,1.0,1,9
815719307,smizz,female,1.0,3,10
815719308,TCGJobs,brand,0.0,1,11
815719309,angie48534918,female,1.0,0,4
815719310,thebiglead,brand,0.0,1,9
815719311,techcheckrepair,male,1.0,0,3
815719312,JakeElman,male,1.0,3,10
815719313,Madelineh28,female,1.0,3,2
815719314,WonderRhythm,brand,0.0,1,1
815719315,anneaviel,brand,0.0,1,10
815719316,NotNuttyKarl,female,1.0,0,3
815719317,AraHelvie,brand,0.0,1,9
815719318,ashcfc17,unknown,,0,7
815719319,DallasTX_News,brand,0.0,1,9
815719320,Adrien_RG,male,1.0,1,1
815719321,Marit433,brand,0.0,0,3
815719322,ClemsonJohn,male,1.0,0,5
815719323,movieskink,female,1.0,1,1
815719324,MSSociety_Brant,brand,0.0,1,1
815719325,Shady1277,male,1.0,3,7
815719326,ilovegiraffes_,female,1.0,3,7
815719327,oddbennett,male,1.0,3,2
815719328,AGROWN1,brand,0.0,1,11
815719329,LmarieAsad,female,1.0,1,11
815719330,AliciaVRuiz,female,1.0,1,9
815719331,KingClay__,male,1.0,3,8
815719332,thepanda_karina,female,1.0,3,2
815719333,EMA_radio1,brand,0.0,1,1
815719334,sh4nnonmiller,female,1.0,3,2
815719337,DrRockt0pus,male,1.0,3,0
815719338,buomar94,male,1.0,0,3
815719339,mill_isit,female,1.0,3,7
815719340,Mydickboyyy,female,1.0,3,8
815719341,Onmeed,unknown,,3,2
815719342,johnnywhygull,unknown,,2,6
815719343,ArdithBordonaro,female,1.0,1,9
815719344,spikenewlyn,male,1.0,0,1
815719345,fuckgivenchy,male,1.0,3,8
815719346,mickbk,male,1.0,1,1
815719347,PaloAltoNews,brand,0.0,1,9
815719348,rorylitwin,male,1.0,0,5
815719349,SndtrcksForever,brand,0.0,1,1
815719350,DianaTsang1,female,1.0,1,9
815719351,iSpeak9ja,female,1.0,1,9
815719352,AussiBodySecret,brand,0.0,1,6
815719353,downeysmile,male,1.0,3,8
815719354,kilpatrickeolue,female,1.0,1,11
815719355,NewsNewark,brand,0.0,1,9
815719356,POWERPUFFBROOKE,female,1.0,3,8
815719357,mirakyun,male,1.0,3,2
815719358,kayadfi,female,1.0,3,2
815719359,6SEISS6,female,1.0,3,8
815719360,lesatorr,male,1.0,3,2
815719362,EdmHoneys,brand,0.0,1,11
815719364,CharaRicken,brand,0.0,1,9
815719365,SouthAfricanEQ,female,1.0,3,0
815719366,Aethylred,male,1.0,1,10
815719367,yananues,female,1.0,0,5
815719368,constanshow,female,1.0,3,8
815719369,coloredcharms,male,1.0,3,2
815719370,topDTigers,brand,0.0,2,6
815719371,sevpiehl,unknown,,1,1
815719372,TRSMRyersonU,brand,0.0,1,0
815719373,ponder76,female,1.0,0,5
815719374,CAFBTX,brand,0.0,1,1
815719375,msrainerain,female,1.0,1,9
815719376,AceValour,brand,0.0,0,5
815719377,LouanneGaffe,female,1.0,0,3
815719378,jenkoons,female,1.0,1,0
815719379,newyorkbuzztap,brand,0.0,1,1
815719380,colltreese,female,1.0,0,0
815719381,4qhks,brand,0.0,2,6
815719382,RoastmeisterLLC,male,1.0,1,1
815719383,TomOrr777,male,1.0,1,10
815719385,_paassiioonn,female,1.0,3,8
815719386,SixtaTaraborell,brand,0.0,1,9
815719387,bIuesavages,male,1.0,3,2
815719388,jessicayounis,female,1.0,0,3
815719389,_ThatkidZach,male,1.0,3,8
815719390,tslong2108,unknown,,0,3
815719391,PennTweetz,male,1.0,1,9
815719392,RetiredTeacherD,male,1.0,1,10
815719393,Kingabdul07,male,1.0,1,9
815719394,EmpireGameNews,brand,0.0,1,9
815719395,BTLRadioNews,brand,0.0,1,0
815719396,MightyMoose3,brand,0.0,0,1
815719397,BI_Strategy,brand,0.0,1,1
815719398,dam3_un_beso,female,1.0,3,10
815719399,KimesRanchJeans,brand,0.0,1,1
815719400,WarOnTheRocks,brand,0.0,3,8
815719401,kweenaj_____,female,1.0,3,8
815719402,breakingclenews,brand,0.0,1,9
815719403,JLJ167,male,1.0,0,1
815719404,ellpennerz,female,1.0,3,7
815719405,dirthelmet,male,1.0,0,5
815719406,brxwnlouise,female,1.0,3,5
815719409,Coralville_IA,brand,0.0,1,1
815719410,TMT_French,female,1.0,3,8
815719411,ArcticFox2016,brand,0.0,1,10
815719412,NaughtyBeyotch,female,1.0,1,9
815719413,briteveprice,female,1.0,3,0
815719414,SteidlSteinberg,male,1.0,1,1
815719415,CristyMandy,female,1.0,0,1
815719416,QueensofDeen,brand,0.0,3,0
815719417,BraveConWarrior,brand,0.0,1,9
815719418,clrdougherty,male,1.0,1,9
815719419,TexasCruzn,male,1.0,1,9
815719420,StripDeals,brand,0.0,1,1
815719421,taylorsuggxxxxx,male,1.0,3,2
815719422,bambamschoker,male,1.0,3,8
815719423,YaldaaOmar,unknown,,3,8
815719424,OnLocationEd,male,1.0,1,1
815719425,PegueroM,female,1.0,3,2
815719426,JonellChamness,brand,0.0,1,9
815719427,valharryo,unknown,,3,8
815719428,think8healthy,brand,0.0,1,9
815719429,sydeischens,female,1.0,3,5
815719430,martmns,female,1.0,3,10
815719431,English_Cocker,brand,0.0,3,10
815719432,SpaceGodfather,male,1.0,3,2
815719433,JFedinPhilly,brand,0.0,1,1
815719434,ReggieThompson1,male,1.0,0,5
815719435,click89sure,brand,0.0,1,9
815719436,realtimesydney,brand,0.0,1,9
815719437,RamTechVCU,brand,0.0,0,1
815719438,Ashlee35900,female,1.0,1,9
815719439,cxntlaura,female,1.0,3,8
815719440,KevinWGrossman,male,1.0,1,11
815719441,blaaaakey,female,1.0,1,1
815719442,noragamis,female,1.0,3,2
815719443,ATriptoArete,female,1.0,0,3
815719444,TFYouWant,male,1.0,0,1
815719445,TheBrandonShire,male,1.0,1,10
815719446,bob_ide,male,1.0,3,8
815719447,AdrianaDuji,female,1.0,3,2
815719448,Samkrazzzy,male,1.0,3,10
815719449,aozora_always,unknown,,3,2
815719450,StephenLockPA,male,1.0,1,1
815719451,Kris_Knox,male,1.0,0,5
815719452,andymather88,male,1.0,0,8
815719453,inGagasHeart,female,1.0,3,10
815719454,PhoenixCP,brand,0.0,1,9
815719455,iAm_Makhubu,male,1.0,3,10
815719456,P_Kindilien,female,1.0,0,7
815719457,Varsha_Nair_,female,1.0,0,3
815719458,iamgabbalitaan,male,1.0,0,3
815719459,reginadailynews,brand,0.0,1,9
815719460,ruhtyt,female,1.0,3,2
815719461,LacreshaHoggle,brand,0.0,1,9
815719462,BN3WS,brand,0.0,2,9
815719463,Jazzy0_8,male,1.0,0,7
815719464,AltarOfTheCowl,male,1.0,3,2
815719465,too_blunted23,female,1.0,3,8
815719466,bretmulligan,male,1.0,0,1
815719467,Y2k87_,male,1.0,0,3
815719468,NancyDewees,brand,0.0,1,9
815719469,BobKnightTweet,male,1.0,1,1
815719470,ThoughtsByLydia,unknown,,0,3
815719471,scandaryl,female,1.0,3,2
815719472,oliviamockford_,female,1.0,0,7
815719473,sighs4l,female,1.0,3,8
815719474,micewithcigars,female,1.0,3,7
815719475,florrie1234,brand,0.0,3,10
815719476,IndianapolisCP,brand,0.0,1,9
815719477,TheBigBunBun,male,1.0,3,2
815719478,UrbanPlanRR,brand,0.0,1,9
815719479,rooksfeather,female,1.0,3,2
815719480,MidAtlantcWoman,unknown,,1,1
815719481,dxniellejean,female,1.0,1,10
815719482,TempieLanehart,brand,0.0,1,9
815719483,_azieyazieyzah,female,1.0,3,2
815719484,leafsbuzztap,brand,0.0,1,1
815719485,dreamteamfc,brand,0.0,1,1
815719486,LeeAdamWilshier,male,1.0,1,1
815719487,JaclynAnneD,female,1.0,3,0
815719488,KingJique,male,1.0,3,10
815719489,LanitaWildey,male,1.0,1,9
815719490,WesleyLowery,male,1.0,3,10
815719491,Speratti1D,male,1.0,3,2
815719492,oceantay,female,1.0,3,2
815719493,3IRIS6Miranda19,female,1.0,2,9
815719495,BeardedReds,brand,0.0,0,5
815719496,hodgmik1,male,1.0,0,5
815719497,normaniser,female,1.0,3,2
815719498,belmontnews,brand,0.0,1,9
815719499,TehProGamer,brand,0.0,1,9
815719500,pacoschroeder,male,1.0,3,8
815719501,ericf_7,male,1.0,0,3
815719502,RhiannonDarling,female,1.0,3,8
815719503,abz_absz,female,1.0,3,7
815719504,BumpinUglies,brand,0.0,1,1
815719505,Circa33,brand,0.0,0,1
815719506,tmckenney203,male,1.0,1,11
815719507,petergrossman,male,1.0,0,5
815719508,cemberlii,female,1.0,0,5
815719509,ce_2chocolate,female,1.0,0,7
815719510,kathniel_ivy,female,1.0,2,6
815719511,Mr_CaptnObvious,male,1.0,1,11
815719512,SPORTalkEagles,brand,0.0,0,1
815719513,JRaquell_,female,1.0,3,5
815719514,theawalton18,female,1.0,0,5
815719515,ghazyIM98,male,1.0,1,10
815719517,kellycarberry,female,1.0,3,10
815719518,MrColtEdwards,male,1.0,0,5
815719519,Atrapa_cocos,male,1.0,1,1
815719520,Qrelur,brand,0.0,0,3
815719521,lllll71884119,brand,0.0,2,4
815719522,MaryanneBigTi,female,1.0,1,11
815719523,Lea_Maria__,female,1.0,0,5
815719524,calyqabupal,brand,0.0,3,2
815719525,leechjgena,female,1.0,1,11
815719527,NewsNeedNow,brand,0.0,1,9
815719528,CoryBalducci,brand,0.0,1,9
815719529,Savvyheiden,female,1.0,3,7
815719531,GeorgeCochrane1,male,1.0,3,2
815719532,hcarecomply,male,1.0,0,1
815719533,mellymel5_,female,1.0,3,8
815719534,createdrumbeats,male,1.0,1,9
815719535,RayWills_4,female,1.0,3,8
815719536,smartopian,male,1.0,1,1
815719537,Bambino_302,male,1.0,3,7
815719538,jdowns15,male,1.0,3,7
815719539,NotAnthrFangirl,female,1.0,3,8
815719540,Riski11000,unknown,,0,3
815719541,paul_hembo,male,1.0,3,5
815719542,MassimoLandi7,male,1.0,1,11
815719543,allthelowex,female,1.0,3,2
815719544,THE__ARAB,male,1.0,0,1
815719545,dinahsthot,female,1.0,3,8
815719546,guy_someone69,male,1.0,3,8
815719547,ibeast2014,male,1.0,0,7
815719548,yskBaltimore,brand,0.0,1,9
815719549,seomarket1388,brand,0.0,2,9
815719551,Leeiaah_,female,1.0,0,3
815719553,ewclayton,female,1.0,3,2
815719554,n8taki,female,1.0,3,2
815719555,feminist_ghost,female,1.0,3,7
815719556,ConciergeVacSer,brand,0.0,0,3
815719557,ECTritons,brand,0.0,1,5
815719558,rama_beba,male,1.0,3,7
815719559,_skybee,unknown,,3,8
815719560,BrianFrmThe5th,male,1.0,0,7
815719561,Chargers_NEFL,brand,0.0,0,3
815719562,bjbernstein,female,1.0,1,1
815719563,PFC_Williams,male,1.0,3,7
815719564,definitemutter,female,1.0,0,5
815719565,tikaudzu,female,1.0,3,2
815719566,usa_ella,female,1.0,3,2
815719567,West_Stand_O,male,1.0,3,10
815719568,RichardsBirch,female,1.0,2,6
815719570,horannotyou,male,1.0,3,2
815719571,_allisoonn_,female,1.0,1,1
815719572,AndreaM1969,female,1.0,0,1
815719573,HomeinHalifax,brand,0.0,1,1
815719574,iansuth,male,1.0,1,11
815719575,HaileyW22810137,female,1.0,2,4
815719576,snowalps,brand,0.0,1,1
815719577,knarkse_flac,brand,0.0,1,9
815719579,ed1aniia,female,1.0,3,2
815719580,TheRealPianoBoy,male,1.0,3,10
815719581,IgniteMeRiRi,brand,0.0,3,2
815719582,bainenathan,male,1.0,1,1
815719583,Merl_Hammer,male,1.0,1,10
815719584,SharonMichaelso,female,1.0,2,6
815719585,NewsViewsWorld,brand,0.0,1,9
815719587,AmazonLaunch,brand,0.0,1,9
815719588,HoneyTeta,male,1.0,0,3
815719589,Albertkeyn,male,1.0,1,11
815719590,Istanbull,brand,0.0,1,10
815719591,sufurkater,brand,0.0,3,8
815719592,templefareast,male,1.0,1,1
815719593,DraftRyan2016,male,1.0,3,8
815719594,MissBTC2015,female,1.0,3,8
815719595,WarrenColton1,female,1.0,2,6
815719596,DMirayes,male,1.0,1,1
815719597,DenmattdomR,brand,0.0,3,6
815719598,cintaselalu21,female,1.0,2,6
815719599,AlvesCristiano7,male,1.0,3,7
815719600,diyfeed,brand,0.0,1,1
815719601,Rachel1D2010,male,1.0,3,2
815719602,PhineasAndFerg,male,1.0,3,8
815719603,redwoodcitynow,brand,0.0,1,1
815719604,Kar_M12,female,1.0,3,2
815719605,SRHSNJ,brand,0.0,1,1
815719607,carol_kawira,male,1.0,3,8
815719608,roseaffair,brand,0.0,1,9
815719609,ideagirlmedia,brand,0.0,1,10
815719610,Tyfrm910,male,1.0,3,8
815719611,BI_contributors,brand,0.0,1,9
815719612,Modo0007,male,1.0,3,10
815719613,AmzonBestseller,brand,0.0,1,9
815719614,SianChristinaK,female,1.0,3,2
815719615,HelenLuvsVSPink,female,1.0,1,10
815719616,declanmurney,unknown,,3,2
815719617,pixiemama100,female,1.0,3,0
815719618,SKJtraveler,female,1.0,1,5
815719619,Pixelfish,brand,0.0,3,10
815719620,WatchFiendNatey,male,1.0,3,10
815719621,murthy1983,male,1.0,1,1
815719622,iam_mbonisi,male,1.0,3,7
815719623,LeveragYourBook,female,1.0,1,9
815719624,ACbrd21,male,1.0,3,7
815719625,demilouhazz,male,1.0,3,2
815719626,OfficeSupport,brand,0.0,0,5
815719627,CramerRonald1,female,1.0,2,6
815719628,_laaumake,female,1.0,3,8
815719629,kaebitb,female,1.0,3,2
815719630,HYOSlCA,female,1.0,3,2
815719631,Mvni__,male,1.0,3,10
815719632,RepentforJesus,male,1.0,0,1
815719633,CursedUHC,unknown,,2,6
815719634,GemaVanbelle,male,1.0,1,9
815719635,icanbeyourruler,female,1.0,3,2
815719636,snlz0,female,1.0,3,2
815719637,FlightsAndHotel,brand,0.0,1,1
815719638,shirleyymoo,female,1.0,3,2
815719639,lilMan_Blair,male,1.0,3,2
815719640,jamaal_greene,male,1.0,0,3
815719641,SayAbd,unknown,,3,5
815719642,BestBookPromos1,brand,0.0,1,9
815719643,RCDSB,brand,0.0,1,1
815719644,IainMenzies2,male,1.0,3,5
815719645,Buzzalog,brand,0.0,1,9
815719646,DeniseCassino,female,1.0,1,9
815719647,PikePodcasting,brand,0.0,1,2
815719648,EastPublic143,brand,0.0,0,3
815719649,graceconnectus,brand,0.0,1,1
815719650,LewisThompson_8,male,1.0,0,7
815719651,FDD_Iran,brand,0.0,0,5
815719652,surzro,male,1.0,3,2
815719653,parrythehoot,brand,0.0,1,10
815719654,rabah_wael,male,1.0,1,9
815719656,amandacleghorn,female,1.0,0,5
815719657,MacTrast,brand,0.0,1,1
815719658,MattMcNeilAM950,male,1.0,1,1
815719659,octaviaaash,male,1.0,3,2
815719660,treeanglecoid,brand,0.0,1,1
815719662,SherryBabie,female,1.0,1,5
815719663,steph_the_sloth,female,1.0,3,8
815719664,Bstbookpromos,brand,0.0,1,9
815719665,BestsellerSvcs,brand,0.0,1,9
815719666,spiritualcatalg,brand,0.0,1,9
815719667,LiverpoolSailor,male,1.0,1,9
815719668,janinenatt,female,1.0,3,2
815719669,Tblow21,female,1.0,0,7
815719670,Rajna_Hussain,female,1.0,0,5
815719671,josealvarado213,male,1.0,0,1
815719672,KirstenKxOxO,female,1.0,3,8
815719673,TopBookPromos,brand,0.0,1,9
815719674,___mixedbeauty,female,1.0,3,8
815719675,AssystemJobs,brand,0.0,1,1
815719676,damronburgundy,female,1.0,0,8
815719677,luisalberto71,male,1.0,0,1
815719678,mriannaburrayxo,female,1.0,3,2
815719679,hhughes0320,male,1.0,0,3
815719680,DysonAmanda1,female,1.0,2,6
815719683,zoevpope,brand,0.0,1,1
815719684,GlobeMetro,brand,0.0,1,10
815719685,Southridge300,brand,0.0,0,3
815719686,SchuckJH,brand,0.0,3,2
815719687,GreekCimPromo,brand,0.0,1,1
815719688,shanoeliz,female,1.0,0,8
815719689,DoltonTV,male,1.0,3,7
815719690,MobiHealthNews,brand,0.0,1,1
815719691,NodeAstrology,brand,0.0,1,9
815719692,etsyaddict2,brand,0.0,1,9
815719693,TreJinkins,brand,0.0,0,0
815719694,TopTenListsshow,brand,0.0,1,9
815719695,PAT_My_DICK,male,1.0,3,8
815719696,HuuKiwi,male,1.0,1,5
815719697,PhiladelphiaCP,brand,0.0,1,9
815719698,tipsaaaynicki,male,1.0,3,7
815719699,inimba,brand,0.0,3,7
815719700,NationRadio,brand,0.0,3,10
815719701,jb_winchester,female,1.0,1,8
815719702,KitsonLA,brand,0.0,1,1
815719703,StreetFur,unknown,,1,10
815719704,princetonherald,brand,0.0,1,1
815719705,sileaswarwick,female,1.0,1,1
815719706,pesamo188,brand,0.0,1,9
815719708,DzifaJ,female,1.0,3,10
815719709,UnwrittenPix,brand,0.0,0,1
815719711,shrewsweb,brand,0.0,1,1
815719712,PearcyAdam,female,1.0,1,9
815719713,WomensTimeNet,brand,0.0,3,2
815719714,johnstownhawks,brand,0.0,0,5
815719715,kjllianjones,male,1.0,3,8
815719716,steve1ellen,male,1.0,3,2
815719717,Tiramiswhat,unknown,,3,2
815719718,ink_dr0pl3ts,unknown,,3,2
815719719,JuniorChirino1,male,1.0,3,8
815719720,breakingstlnews,brand,0.0,1,9
815719721,mkayla_bayla,female,1.0,3,8
815719722,calverthall,brand,0.0,0,0
815719724,Munkychunky6,male,1.0,0,1
815719725,Fizell,female,1.0,0,7
815719726,matt_b84,male,1.0,0,7
815719728,briankrowland,male,1.0,0,0
815719729,Next_Game_Bro,male,1.0,0,7
815719730,JETROCKETSKATES,male,1.0,0,5
815719731,TheNinjaMax,male,1.0,3,10
815719732,SemajZachary,male,1.0,3,2
815719733,ashalizir,unknown,,1,11
815719734,MADIEXGUILLEN,female,1.0,3,8
815719735,dianagoodmans,female,1.0,3,8
815719736,Perksofbeeing,female,1.0,3,2
815719737,meashy_c,female,1.0,0,5
815719738,__Blest,male,1.0,1,9
815719739,ogreen32,male,1.0,2,8
815719740,iEPAclimate,brand,0.0,1,9
815719741,Union_Network,brand,0.0,1,1
815719742,RandyHolbrook,male,1.0,3,10
815719743,Iaurensmith,female,1.0,3,7
815719744,All_Ways_Apples,brand,0.0,0,1
815719745,iAmRoxyAyala,female,1.0,3,10
815719746,Hedi_Bb,male,1.0,3,5
815719747,lifemotivatn,unknown,,0,5
815719748,Tangent_Grunt,male,1.0,0,7
815719749,RogerKatherine,female,1.0,1,9
815719750,gothharrystyles,male,1.0,0,7
815719751,OneRxApp,brand,0.0,0,3
815719752,clark_garrison4,male,1.0,3,5
815719753,dangzb,unknown,,3,8
815719754,stevieD321,male,1.0,0,5
815719755,Urmum95040765,brand,0.0,2,4
815719756,KathrynKolasa,brand,0.0,1,9
815719757,Julez_afrique,female,1.0,0,7
815719758,FostersDailyDem,brand,0.0,1,1
815719759,Mr_Franks,male,1.0,1,1
815719760,PSA_Advisors,male,1.0,0,3
815719761,Sammy_Jenkins,female,1.0,0,7
815719762,Binkenstein,unknown,,1,10
815719763,DaMidnighter,unknown,,3,10
815719764,allaboutdigifun,brand,0.0,1,9
815719765,tippszaay,male,1.0,3,8
815719766,Cafferine,female,1.0,0,1
815719767,osijek69,unknown,,0,11
815719769,blankyhanky9,male,1.0,0,3
815719770,blankyhanky5,brand,0.0,0,3
815719771,The_Official_TW,female,1.0,3,5
815719772,ML_M_hunter,unknown,,0,0
815719773,julieweigley,female,1.0,3,5
815719774,mrsvwashington,female,1.0,3,10
815719775,Free_Martinis,male,1.0,3,2
815719776,Rampantredlion1,brand,0.0,3,2
815719777,blankyhanky4,brand,0.0,0,3
815719778,SailingFansclub,brand,0.0,1,9
815719779,ElvisAndPodcast,brand,0.0,0,3
815719780,_scoper_xX,female,1.0,3,7
815719781,htx3_,male,1.0,0,7
815719782,nouisftangels,male,1.0,3,2
815719783,rconley95,male,1.0,0,7
815719784,Peter100147,male,1.0,2,9
815719785,MyHerbalGarden,male,1.0,1,9
815719786,yeg_nerd,male,1.0,1,9
815719787,thisdreamsalive,female,1.0,0,7
815719788,charliarceo,female,1.0,3,7
815719790,YoderS719,female,1.0,0,5
815719791,KristoferMJones,male,1.0,3,5
815719792,anabellxox,female,1.0,3,7
815719793,anayeli_garfias,female,1.0,3,5
815719794,MsBrooke_Lynn,brand,0.0,3,5
815719795,royalty1214,female,1.0,3,8
815719796,maryjewellmtr,female,1.0,0,5
815719797,LoneOakRanch,brand,0.0,0,1
815719798,MiwanakamuraEBS,brand,0.0,1,9
815719799,AlNorii29,unknown,,3,5
815719800,KeizerCyrus,brand,0.0,3,10
815719801,Clockwerk95M,unknown,,0,3
815719802,YA_Environment,brand,0.0,1,9
815719803,__leo97,male,1.0,0,7
815719804,theunrulyboy,male,1.0,0,7
815719805,OHS_SRC,brand,0.0,0,5
815719806,Roxy__Foxy_,female,1.0,1,9
815719807,BarbecueFresh,brand,0.0,1,9
815719808,HallmarkBiz,brand,0.0,1,1
815719809,HunnidRoundz,male,1.0,3,2
815719811,blankyhanky3,unknown,,0,3
815719812,Boeingpro,male,1.0,1,1
815719813,little__nialler,unknown,,0,3
815719814,ACMEBodyPaint,brand,0.0,0,3
815719815,blankyhanky22,unknown,,0,3
815719816,blankyhanky21,male,1.0,0,3
815719817,blankyhanky15,brand,0.0,0,3
815719818,blankyhanky19,brand,0.0,0,3
815719819,blankyhanky16,male,1.0,0,3
815719820,blankyhanky17,brand,0.0,0,3
815719821,R_Parmley,male,1.0,0,3
815719822,JackTownNoah,male,1.0,3,7
815719823,blankyhanky2,male,1.0,0,3
815719824,sosocy,female,1.0,0,0
815719825,blankyhanky20,unknown,,0,3
815719826,QueeenPeach,female,1.0,3,7
815719827,MeganGilbertt,female,1.0,3,8
815719829,blankyhanky12,male,1.0,0,3
815719830,blankyhanky10,brand,0.0,0,3
815719831,blankyhanky11,brand,0.0,0,3
815719832,DeadlyRave,brand,0.0,3,10
815719833,Fahima90,female,1.0,0,5
815719834,austin7175,male,1.0,3,10
815719835,CherishR1,female,1.0,3,0
815719836,VorongoUSA,brand,0.0,0,3
815719837,TheBibliolater,female,1.0,0,1
815719838,SamuelBass,unknown,,3,10
815719839,Italiataff,female,1.0,1,10
815719840,Richhomiedk,male,1.0,3,7
815719841,Iindaikeji,female,1.0,1,9
815719842,blankyhanky1,unknown,,0,3
815719843,Stevebucky_lilo,male,1.0,3,2
815719844,blankyhanky,female,1.0,0,3
815719845,chadtrawick2012,brand,0.0,0,3
815719846,disownedlrh,female,1.0,3,2
815719847,DrBBahrami,male,1.0,1,1
815719848,totally_tay113,female,1.0,3,2
815719849,NancyLei,female,1.0,0,5
815719850,dmack_,unknown,,0,5
815719851,dilop10,male,1.0,3,2
815719852,AsianSweet_,female,1.0,3,8
815719853,G_The_Prodigy,male,1.0,0,7
815719854,sydneyaweaver,female,1.0,3,8
815719855,MaliciousWitchy,female,1.0,3,7
815719856,WZBC_Live,brand,0.0,2,6
815719857,SunMusicNet,brand,0.0,1,9
815719858,xtnjav,female,1.0,0,7
815719860,priyesh_lad,male,1.0,0,5
815719861,lyrusi,unknown,,3,2
815719862,AltPress,brand,0.0,1,10
815719863,microdile,brand,0.0,3,0
815719864,wootannnnn,female,1.0,3,2
815719865,BlaCaSSo,male,1.0,3,10
815719866,klewisd3,female,1.0,0,1
815719867,Ckaaay__,female,1.0,0,7
815719869,Georgiann3990,female,1.0,1,9
815719870,cassiejimenez_,female,1.0,3,5
815719871,Sabatto24,brand,0.0,0,3
815719872,dollyymangoo,female,1.0,3,8
815719873,MichealDayoung,male,1.0,1,1
815719874,courserepfelix,male,1.0,0,3
815719875,LindaRamnarine,female,1.0,3,8
815719876,n1faping,male,1.0,0,5
815719877,4BestHerbs,brand,0.0,1,9
815719878,BarbaraJoScott,female,1.0,0,0
815719879,Kerry_Louise993,female,1.0,3,8
815719880,patriciabragg,female,1.0,1,1
815719881,D__REEZY,male,1.0,3,10
815719882,bootsiealert,male,1.0,0,0
815719883,esmeraldaoldfi1,female,1.0,2,9
815719884,guruchelles,female,1.0,0,5
815719885,CraigRobinson93,male,1.0,3,2
815719886,AngryBlkManDC,male,1.0,1,10
815719888,scmmag,brand,0.0,1,1
815719889,imyoungsaiah,male,1.0,3,10
815719890,PastorMatthewO,male,1.0,0,1
815719891,JoeRoth19,male,1.0,0,3
815719892,IrvinDahvee,male,1.0,3,8
815719893,saladino29,male,1.0,0,3
815719894,DetroitJobs3,brand,0.0,1,9
815719895,TheUnits,male,1.0,1,1
815719896,GQ_GiftedQueen,female,1.0,1,11
815719897,doingerins,male,1.0,3,2
815719898,Odd_Hack,unknown,,3,8
815719899,notcunterino,female,1.0,3,8
815719900,cgnetwork,male,1.0,1,9
815719901,abdulahbolakale,male,1.0,1,1
815719902,OrganicExpert,female,1.0,1,1
815719903,CoGeous831,female,1.0,3,10
815719904,SusieCumberland,female,1.0,1,11
815719906,TwistandSports,brand,0.0,0,7
815719907,flotsamfiles,brand,0.0,0,5
815719909,izzyhardisty1,female,1.0,3,2
815719910,Eribott,unknown,,3,8
815719911,SpiritOfEnLes,brand,0.0,3,2
815719912,Seth51102,male,1.0,1,9
815719913,Harbi_jama,male,1.0,0,5
815719914,scarydrew86,male,1.0,3,0
815719915,firmly_grasp_it,unknown,,3,5
815719916,BHoffmann_,male,1.0,0,3
815719917,defencelessliam,unknown,,3,2
815719918,besnik139,brand,0.0,0,3
815719919,Eustache_D,male,1.0,1,9
815719920,prudenciolegaza,brand,0.0,1,9
815719921,Poeish,male,1.0,3,10
815719922,Donald_Mmola,male,1.0,1,5
815719923,Marcel_The_Nerd,male,1.0,3,10
815719924,kdollaaaz,female,1.0,3,2
815719925,LyteFX_,brand,0.0,0,5
815719926,King_Osafo,male,1.0,3,5
815719927,OffandOn13,male,1.0,3,7
815719928,gureshincrisis,unknown,,3,2
815719929,HMIbuzzOfficial,brand,0.0,1,1
815719930,StevePowellUKIP,brand,0.0,3,0
815719931,caryanne_,female,1.0,3,8
815719932,Daisy_child,female,1.0,3,8
815719933,breeeannep,female,1.0,3,7
815719934,CricketCareers,brand,0.0,1,11
815719935,jaygetsweird,female,1.0,3,2
815719936,Esther_Kores,female,1.0,3,5
815719937,Knightrrrider,brand,0.0,0,5
815719938,Con_Lemxnnn,male,1.0,3,2
815719939,whoknowstv,female,1.0,0,5
815719940,Nebachudrezzar,brand,0.0,3,2
815719941,Bulo_TheAfrican,male,1.0,3,8
815719943,ihateColt45,female,1.0,3,8
815719944,BossmanfRobert,male,1.0,0,3
815719945,JimmyJazz1968,male,1.0,3,2
815719946,BestBuySupport,brand,0.0,1,9
815719947,bestbitesblog,brand,0.0,1,1
815719948,CharismaTheKing,male,1.0,3,8
815719949,GirlOnUtd,brand,0.0,3,10
815719950,theylovintea_,female,1.0,3,8
815719951,robert_stock7,male,1.0,0,6
815719952,osnapitzgracey,female,1.0,3,8
815719953,BaileysEZPicks,female,1.0,1,11
815719954,rizeiz,male,1.0,1,6
815719955,Beverley3918,female,1.0,2,7
815719957,joshgbrown19,male,1.0,0,0
815719958,KristineWyllys,female,1.0,3,2
815719959,Ninami2525,male,1.0,0,0
815719960,leener76,female,1.0,0,5
815719961,iwannaniallshug,male,1.0,3,2
815719962,Bulah957,female,1.0,3,7
815719963,sXeBatpunk,male,1.0,0,0
815719964,mitsuxtsuba,unknown,,3,2
815719965,_McKnightsSL,brand,0.0,1,1
815719966,ProcorePT,brand,0.0,0,3
815719967,JLenniDorner,female,1.0,3,10
815719968,illyill,female,1.0,3,8
815719969,ghost22sas,male,1.0,1,9
815719970,EvntsPromo,brand,0.0,1,9
815719971,mennace,male,1.0,0,1
815719972,SAVALIIII,male,1.0,3,2
815719973,hanlon_keith,female,1.0,1,9
815719974,HemiGoesHam,unknown,,3,0
815719975,Hope4Siblings,female,1.0,1,9
815719976,JaneDoe023,female,1.0,0,3
815719977,serenefrancesca,female,1.0,3,2
815719979,arianapeaceful,female,1.0,3,2
815719980,marinrancul,brand,0.0,1,9
815719981,STLAbuBadu,male,1.0,3,2
815719982,le_millionaire,brand,0.0,1,10
815719983,connor2110,male,1.0,0,0
815719984,SarahMarie0605,female,1.0,3,8
815719985,RyanMTracey,male,1.0,0,1
815719986,peaparker_,female,1.0,0,7
815719987,loriewalker,female,1.0,0,1
815719988,INSPlRATIONS,male,1.0,3,7
815719989,Jls_ca,female,1.0,3,2
815719990,Phuck__Up,male,1.0,3,8
815719991,317TeamIndy,brand,0.0,0,1
815719992,Heefosaurus,brand,0.0,3,0
815719994,sorayagarcia85,female,1.0,1,9
815719995,brians62,male,1.0,0,7
815719996,MericasCaptain,male,1.0,0,5
815719997,AudreyEnjoyLife,brand,0.0,3,8
815719999,YUNGHOMIE_KEYON,male,1.0,0,7
815720000,IsMiseBrendan,male,1.0,3,0
815720001,A_its_AC,male,1.0,3,10
815720002,t_thombs,female,1.0,3,2
815720003,NotLikeFreddy,brand,0.0,3,10
815720004,SamSouthpaw,unknown,,1,10
815720005,retailsalesjobs,brand,0.0,1,11
815720006,youngali1864,male,1.0,0,3
815720007,shalltear_enbot,female,1.0,0,6
815720008,FaheemCFC,male,1.0,3,8
815720009,BurfordCarlton,female,1.0,1,9
815720010,mindyvonelling,female,1.0,0,0
815720011,TerryNova_,female,1.0,1,9
815720012,ElMacDeville,male,1.0,0,3
815720013,paulwesleyshair,male,1.0,3,8
815720014,DJ_UnDisTone,brand,0.0,0,1
815720015,Trel67,male,1.0,0,5
815720016,tonyy_davis,male,1.0,3,2
815720017,DenuuSanchezzzz,female,1.0,3,1
815720018,mukesmadness,male,1.0,3,7
815720019,DolphinMick,male,1.0,3,10
815720020,AdamHtheBlade27,male,1.0,0,5
815720021,pride_purple,brand,0.0,0,3
815720022,lilstu76,female,1.0,1,1
815720023,katheyy_,female,1.0,3,8
815720024,ValPopescu,male,1.0,1,1
815720025,NewsFromTheSky,brand,0.0,1,9
815720026,Criss16_,female,1.0,1,10
815720027,RobbyPaseky,male,1.0,1,1
815720028,NotI_SaidTheCat,female,1.0,1,10
815720029,ckeogh1971,male,1.0,3,5
815720030,intunes1,male,1.0,0,8
815720031,sgraver13,female,1.0,3,7
815720032,17LUCASx,male,1.0,3,7
815720033,PoliticalTom,male,1.0,1,1
815720034,PesadeliBot,brand,0.0,2,6
815720035,beccagraceface,female,1.0,0,7
815720036,cassaaandraa_,female,1.0,3,7
815720037,DavidThinkr,male,1.0,1,10
815720038,just_playsoccer,female,1.0,3,8
815720039,KirstynBerkey90,female,1.0,0,5
815720040,RajveerRawlin,brand,0.0,1,1
815720041,dazM33,brand,0.0,3,10
815720042,CoolJazFae,female,1.0,0,7
815720043,LisaMcCall,female,1.0,0,5
815720044,Khetha,male,1.0,1,10
815720045,DigitalMumsHQ,brand,0.0,3,0
815720046,5HUPDATES_5H,brand,0.0,1,9
815720047,MP3AzUK,brand,0.0,1,9
815720048,vladest_,male,1.0,1,10
815720049,Raza_Lala_Khan,male,1.0,3,2
815720050,jaredkimball,male,1.0,0,5
815720051,GioffryStyle,male,1.0,0,3
815720052,EchoPressBooks,brand,0.0,1,11
815720053,ChelseaWrenArt,brand,0.0,3,2
815720054,DataFlowLabs,brand,0.0,0,3
815720055,CoolWhipIV,male,1.0,3,10
815720056,chipndale_,male,1.0,3,7
815720057,commendchat,male,1.0,0,3
815720058,JayFromAvo,male,1.0,3,2
815720059,DD621,male,1.0,0,5
815720060,srzjwalters,female,1.0,3,2
815720061,j_alex_9,male,1.0,0,5
815720063,Keepontruckin71,male,1.0,2,6
815720064,DavidDavidjh14,male,1.0,0,11
815720065,EmilyBaptista96,female,1.0,3,8
815720066,chefyazzy,female,1.0,3,8
815720067,cyberwuff,brand,0.0,3,10
815720068,YusufMoneer,brand,0.0,1,10
815720069,andrademoctezu4,brand,0.0,1,9
815720070,CyberneticPym,brand,0.0,0,7
815720071,IncitatusSwift,male,1.0,0,0
815720072,ckcucco,brand,0.0,3,2
815720073,mattfink8,male,1.0,0,5
815720074,SLukitomo,female,1.0,1,10
815720075,mendesislife2,unknown,,3,7
815720076,KarinaSanz07,female,1.0,3,8
815720077,KeneAmazu,male,1.0,3,0
815720078,godtributes,brand,0.0,2,6
815720079,heather_wicker,female,1.0,3,8
815720080,DanSimsonAT,male,1.0,0,3
815720081,watermeIonqueen,female,1.0,3,7
815720082,JohnJohndel2,male,1.0,0,3
815720083,ronzonipasta,brand,0.0,1,11
815720084,Venue578,brand,0.0,1,1
815720085,EricBooth,male,1.0,3,0
815720086,bbhNYC,brand,0.0,1,1
815720087,ekyaplugi,brand,0.0,1,9
815720088,RONAinc,brand,0.0,0,5
815720089,RockAveRecords,brand,0.0,1,1
815720090,eriiikkact,female,1.0,0,3
815720091,campertodd,male,1.0,1,11
815720092,PreachySnow,female,1.0,3,2
815720093,NouisBums,female,1.0,3,2
815720094,Smilodon48,female,1.0,3,0
815720095,tzvikapo,male,1.0,0,5
815720096,DianneDyconte,female,1.0,3,0
815720097,James004James,male,1.0,3,2
815720098,Puk3stigate,male,1.0,3,2
815720099,l0venadaya,female,1.0,0,1
815720100,mikster,female,1.0,1,0
815720101,cliffordsIwt,female,1.0,3,2
815720102,Raya__Lovers,female,1.0,0,3
815720103,9020Salman,male,1.0,3,2
815720104,GlobalGlory3,brand,0.0,0,3
815720105,TreaTrizzy_,female,1.0,3,8
815720106,hangingsliders,female,1.0,3,10
815720107,RidgeWorld,brand,0.0,1,10
815720108,lizzyschultz98,female,1.0,3,8
815720110,dimplesdiaries,female,1.0,3,8
815720111,omgitscharms,male,1.0,0,7
815720112,4totera,male,1.0,0,5
815720113,Phil_Cosby_,male,1.0,3,10
815720114,DCDouchbag,brand,0.0,3,2
815720115,RouseEcho,brand,0.0,1,9
815720116,AliasCane,male,1.0,3,10
815720118,davelackie,male,1.0,1,10
815720119,Justbelarry91,male,1.0,3,7
815720120,ScomAviation,brand,0.0,1,1
815720121,ge2015bot,brand,0.0,2,9
815720122,nightmareinpink,female,1.0,3,5
815720123,DaveyBenny,female,1.0,1,9
815720124,bgg2wl,female,1.0,3,10
815720125,newsom95,male,1.0,0,3
815720126,YeahDirectioner,female,1.0,3,8
815720127,lil_brown_italo,male,1.0,0,7
815720128,Rasmika7,female,1.0,0,0
815720131,3DSReddit,brand,0.0,3,2
815720132,_1tyren,male,1.0,0,3
815720133,LawrenceMorgan_,male,1.0,3,8
815720134,MsAdlerIPresume,female,1.0,3,2
815720135,ramomann,male,1.0,0,1
815720136,MisBritBrit,female,1.0,0,8
815720137,felix_simonds,male,1.0,3,0
815720138,SexyCandyAngel,male,1.0,3,2
815720139,gamesin,male,1.0,1,9
815720140,bscav96,female,1.0,0,3
815720141,visit_benicia,brand,0.0,0,1
815720142,PAllenSmith,male,1.0,1,1
815720143,_NancyG_,female,1.0,3,2
815720144,demabogari,female,1.0,3,2
815720145,rashkislibrary,brand,0.0,0,3
815720146,15HUNTERC,male,1.0,3,5
815720147,iamsrksDon,male,1.0,3,8
815720148,adrianarraquel,female,1.0,3,10
815720149,MonicaKoch18,female,1.0,2,9
815720150,VusiKManana,male,1.0,3,10
815720151,xoxo11_asuka,female,1.0,0,1
815720153,MsCoMpliCaTeDTK,female,1.0,3,0
815720154,BlueRedcloud,brand,0.0,0,5
815720155,Eternity9,female,1.0,3,8
815720156,rockandpink4u,brand,0.0,0,1
815720158,haydnsym,male,1.0,1,1
815720159,42HERMINIA_Hail,female,1.0,2,6
815720160,Irakiennex,female,1.0,3,8
815720161,agapedominion,male,1.0,3,10
815720162,pinknbluesocks,female,1.0,0,0
815720163,AaronWayman,male,1.0,3,2
815720164,timhyjek,male,1.0,0,1
815720165,_PrettyDessiy,female,1.0,3,8
815720166,iamarux,unknown,,0,3
815720167,LissaChaos,male,1.0,3,2
815720168,drewfoundland,male,1.0,3,10
815720169,Rob_Aitchison,male,1.0,1,9
815720170,geekpryde,male,1.0,1,1
815720171,kungfudagreat1,male,1.0,0,0
815720172,newsciencetoday,brand,0.0,0,3
815720173,ORARiccardo,male,1.0,1,1
815720174,cmstenko,female,1.0,0,5
815720175,RayahsWorld,female,1.0,3,8
815720176,EkkoSys,brand,0.0,1,9
815720177,BlueCollarDrWho,brand,0.0,3,2
815720178,Primeonly27,brand,0.0,1,10
815720179,Paw_Online,male,1.0,3,8
815720180,mtrychon,female,1.0,3,8
815720181,LeeKenny95,male,1.0,3,7
815720182,PRP_Sports,male,1.0,1,5
815720183,NadiasArtistry,female,1.0,3,10
815720184,dlDominican,unknown,,1,9
815720185,riestraleoncio,brand,0.0,1,9
815720186,milesdavix,male,1.0,3,7
815720187,ElizabethApril_,female,1.0,1,11
815720188,averytheloser,female,1.0,3,2
815720189,alessia_bosch,female,1.0,3,2
815720190,Troy__Jr,male,1.0,3,8
815720191,Kaelath_The_Red,unknown,,0,0
815720192,herphomes,brand,0.0,3,2
815720193,AssassinReddit,brand,0.0,3,2
815720194,freebitcoins4u2,brand,0.0,1,9
815720195,EmilyKitchingx,female,1.0,3,8
815720196,matthewdykstra,male,1.0,1,1
815720197,TrainingMindful,brand,0.0,1,9
815720198,kennethtrujillo,male,1.0,0,0
815720199,LeeLambchop,brand,0.0,3,2
815720200,spotlessmindd_,female,1.0,0,7
815720201,loveahappyend,brand,0.0,1,9
815720202,OldTownGal,female,1.0,0,1
815720203,therealbink_,female,1.0,3,8
815720204,xAigueMarinex,female,1.0,1,10
815720205,DebnHairGornal,brand,0.0,0,1
815720206,SharmarkeAhmed4,brand,0.0,3,2
815720207,SindyOriginal,female,1.0,1,1
815720208,CBoC_Events,brand,0.0,0,0
815720209,LLmAuthorsCafe,brand,0.0,1,9
815720210,sabryvassao,female,1.0,3,8
815720212,noscriptomylife,female,1.0,3,10
815720213,thebeeofficial,brand,0.0,1,1
815720214,little_army_guy,female,1.0,0,3
815720215,sin_thetique,female,1.0,0,0
815720216,dennis5926,male,1.0,0,1
815720217,TweetyBirdStars,brand,0.0,0,3
815720218,LinksAR_360,male,1.0,0,3
815720219,malayy___,female,1.0,3,7
815720220,DonKeeeem,male,1.0,3,7
815720221,xxxhoz,female,1.0,0,0
815720222,tknolan,female,1.0,0,5
815720223,AlexCena_TX,male,1.0,1,9
815720224,SquirtleSquad7,male,1.0,3,10
815720225,KevinMercuri,male,1.0,1,10
815720226,lsperoni96,unknown,,0,3
815720227,Ogbanje_,brand,0.0,3,2
815720228,bearaboi,brand,0.0,3,10
815720229,StPancrasInt,brand,0.0,0,5
815720230,Muthoga_Jay,male,1.0,3,10
815720233,forceohwakens,unknown,,3,8
815720234,theFINND,brand,0.0,0,1
815720235,tahylerin,female,1.0,0,0
815720236,euanspc,male,1.0,3,5
815720237,JMW2906,male,1.0,0,7
815720238,craigsmithim,male,1.0,1,1
815720239,Butcherr666,brand,0.0,3,10
815720240,peggy_04,male,1.0,3,8
815720241,kubidyza,brand,0.0,3,8
815720242,lastrolo90,male,1.0,0,5
815720243,KidKeeble,male,1.0,3,8
815720244,laniebug62,female,1.0,3,2
815720245,FlHospVF,brand,0.0,1,1
815720246,icybomb_,male,1.0,3,2
815720247,Size_OG,male,1.0,0,5
815720248,chazaustin9,male,1.0,0,0
815720249,Freak4Harvick,male,1.0,1,10
815720250,HeatherMallick,female,1.0,3,7
815720251,UtdMahon,male,1.0,3,2
815720252,Samajra,female,1.0,0,1
815720253,PWeilert,brand,0.0,0,3
815720254,jmhomeniuk1,female,1.0,3,0
815720255,Ms_Kushington,female,1.0,3,10
815720256,tobitac,male,1.0,1,5
815720257,iKeen4n,male,1.0,3,8
815720258,mpigliucci,male,1.0,1,1
815720259,scott94delaney,male,1.0,0,7
815720260,GovWin,brand,0.0,1,1
815720261,courts_fellows1,female,1.0,3,7
815720262,thecoolnoodle,male,1.0,3,10
815720263,operationcatnip,brand,0.0,1,1
815720264,QuotesByRichard,male,1.0,0,3
815720265,RiverCityMC,brand,0.0,0,5
815720266,DolphinDivePro,brand,0.0,3,2
815720267,EverjoiceWin,female,1.0,1,1
815720268,MegMckly,female,1.0,1,1
815720269,IBMSystems,brand,0.0,1,11
815720270,paynescupcake,male,1.0,3,2
815720271,Dragon_Ball_S_,brand,0.0,1,8
815720272,FresaLinda_,female,1.0,0,5
815720273,ashleyy_morrris,female,1.0,3,8
815720274,elainechilversn,female,1.0,1,9
815720275,iBearHD,unknown,,3,7
815720276,Be_Xfitness,brand,0.0,0,3
815720277,Helyoz1,unknown,,0,3
815720278,GermanWizard11,brand,0.0,3,2
815720279,strngwys,male,1.0,3,10
815720280,straffordhs,brand,0.0,0,3
815720281,kodalinarry,female,1.0,3,2
815720282,winterstole,female,1.0,3,2
815720283,kylerbourque,male,1.0,0,7
815720284,LifeAtPurdue,brand,0.0,3,10
815720285,mrssavageangel,female,1.0,1,1
815720287,queenkandis,female,1.0,3,10
815720288,Viviantino_,male,1.0,3,8
815720289,subredditsbot,brand,0.0,1,9
815720290,WilliamandSon,female,1.0,1,1
815720291,FaithfulFeat,female,1.0,0,0
815720292,cyli,unknown,,0,0
815720293,Bad_Myungsoo7,male,1.0,3,7
815720294,Charlietrypsin,male,1.0,3,8
815720295,dablecis,unknown,,3,8
815720296,khunt69,male,1.0,0,5
815720297,maddoxbrookes,female,1.0,3,5
815720298,GovWinBoy,male,1.0,1,1
815720299,WSRArecycle,brand,0.0,1,1
815720300,Atelie_do_Vitz,brand,0.0,0,1
815720301,irisannwests,brand,0.0,3,2
815720302,marco99724962,unknown,,2,4
815720303,sebulskyfarms,male,1.0,0,5
815720304,GothamsQueenB,brand,0.0,0,3
815720305,Divy045brizzy,male,1.0,0,3
815720307,hill_013,male,1.0,0,3
815720308,__TrulyBlessed_,female,1.0,3,7
815720309,izzyortiz211,male,1.0,0,3
815720310,a7wright,female,1.0,3,5
815720311,KillaCam141,male,1.0,0,5
815720312,RunningChics,brand,0.0,0,1
815720313,BeckieNye,female,1.0,3,8
815720314,mxringring,female,1.0,0,3
815720315,ThePopZone,brand,0.0,1,1
815720316,hannahfalsen2,female,1.0,0,7
815720317,Bees_Circus,female,1.0,1,1
815720319,Ryan_Cheek,male,1.0,0,1
815720320,_DarkOne,female,1.0,0,5
815720321,stfrancisP1and2,brand,0.0,0,3
815720322,smoosh_xo,female,1.0,3,7
815720323,helenelafleche,female,1.0,1,11
815720324,retroafter,female,1.0,0,7
815720325,otraparade,male,1.0,3,8
815720326,rossdallas1995,male,1.0,0,8
815720327,xlyssawho,female,1.0,3,7
815720328,RyFairfax,female,1.0,3,8
815720329,Odin_Kieran,male,1.0,3,2
815720330,robotnik,male,1.0,1,5
815720331,jjaye507,male,1.0,0,7
815720332,tdemers7,male,1.0,0,0
815720335,lsukayleelsu,female,1.0,0,5
815720336,_chriscotton12,male,1.0,3,7
815720338,Ashlee_Ketchum_,female,1.0,0,5
815720339,SierrasSL,female,1.0,3,8
815720340,etailPR,brand,0.0,3,10
815720341,kimberlyvelasc7,unknown,,3,2
815720342,OstapKohlstein,male,1.0,0,3
815720343,HopeQuen3,female,1.0,2,6
815720344,marrrriisoll,female,1.0,3,2
815720345,Rombaart,brand,0.0,0,3
815720346,HogwartsCitou,brand,0.0,3,8
815720347,rtc855,brand,0.0,2,6
815720348,OhThatsCAMP,female,1.0,3,8
815720349,liz_quen2,female,1.0,2,6
815720350,HopeeQuen,female,1.0,2,6
815720351,DestinyRDT,brand,0.0,3,2
815720353,TechBazar,brand,0.0,1,9
815720354,OfficialSCrosby,male,1.0,3,5
815720355,trice_bhelle,unknown,,2,6
815720356,biz_uncle,male,1.0,3,10
815720357,estrus_bunny,brand,0.0,1,9
815720358,MichellePhan,female,1.0,3,10
815720359,carlybaby,male,1.0,3,10
815720360,HopeeQuen2,brand,0.0,2,6
815720361,LearnDreams,brand,0.0,1,9
815720362,Bolivia4x4,brand,0.0,1,10
815720363,quen4_liz,female,1.0,2,6
815720365,localsexdating,brand,0.0,1,11
815720366,shypunks,female,1.0,3,2
815720367,whoajordie,female,1.0,3,8
815720368,donorhut,brand,0.0,0,3
815720369,LyricBelfast,brand,0.0,1,1
815720370,FinnWathan,male,1.0,0,7
815720371,NorthWellandBIA,brand,0.0,0,1
815720372,allenpeacock,male,1.0,3,2
815720373,almawari,brand,0.0,0,3
815720374,TheOffer,brand,0.0,0,1
815720375,Sergio_R_19,male,1.0,3,8
815720376,Dayanarrecheaa,female,1.0,0,7
815720377,BigEarsFestival,brand,0.0,1,1
815720378,genemarks,male,1.0,1,10
815720379,E_FillingaHole,female,1.0,3,2
815720380,947Star,brand,0.0,2,9
815720381,intermtnsports,brand,0.0,3,2
815720382,Khalifist,male,1.0,3,2
815720383,ROYelHassan,brand,0.0,3,10
815720384,Dre162,male,1.0,1,1
815720385,xobrisaxo17,female,1.0,0,7
815720386,kmullins93,female,1.0,0,5
815720387,TheRealDogecoin,brand,0.0,1,11
815720388,Troubled_Ink,female,1.0,0,7
815720389,TerryMitts,brand,0.0,1,6
815720390,KingOGDope,male,1.0,3,8
815720392,B_blagowsky15,female,1.0,3,7
815720393,wosolaurmani,female,1.0,3,2
815720394,nourryz,male,1.0,3,8
815720395,BookStannis,unknown,,3,2
815720396,CEHealthCareers,brand,0.0,1,11
815720397,iPaul34,male,1.0,0,7
815720398,NavinKnowsBest,male,1.0,3,10
815720399,TracyWhittam,female,1.0,1,9
815720401,seanmarsdentv,male,1.0,3,7
815720402,Cerys_Ruth,female,1.0,0,5
815720404,SimcoeRedcoats,brand,0.0,0,5
815720405,northernrailorg,brand,0.0,3,10
815720406,All_Hail_The_V,male,1.0,3,10
815720407,tymajestic,male,1.0,1,11
815720408,PornGaIleries,female,1.0,1,9
815720409,CushWakeUS,brand,0.0,1,1
815720410,ClintScoles,male,1.0,3,10
815720411,J_DXWG,male,1.0,3,7
815720412,imadamsavage,male,1.0,1,1
815720413,IamSophieLee93,female,1.0,1,10
815720415,10stopphoto,male,1.0,0,0
815720416,DrunkGing,male,1.0,3,2
815720417,KyleSPowell,male,1.0,0,5
815720418,winkyhowell,male,1.0,3,0
815720420,Naosouaines,female,1.0,3,7
815720421,suptine,female,1.0,0,3
815720422,silverkranch,male,1.0,3,2
815720423,jMcConnico,male,1.0,1,11
815720424,AVO600,male,1.0,0,7
815720425,DashsKouture,female,1.0,3,0
815720426,mikeal,male,1.0,3,10
815720427,alit_en,unknown,,3,6
815720428,JermaBot,unknown,,0,6
815720429,TheAppleForest,brand,0.0,1,9
815720430,AndresNewsStand,brand,0.0,1,1
815720431,ortuist,male,1.0,3,2
815720432,bails_420,female,1.0,3,2
815720433,Krabby_PATty22,male,1.0,3,7
815720434,Gary_W3106,male,1.0,0,5
815720436,AmberMariee22,female,1.0,0,3
815720437,khushbu84,female,1.0,0,5
815720438,EdnaFitzgerald8,female,1.0,2,6
815720439,GardnerBetty2,female,1.0,2,6
815720440,xTordX,unknown,,3,2
815720441,MichaelScarlett,male,1.0,1,11
815720442,LonMaurice,male,1.0,0,7
815720443,always_vote,brand,0.0,3,0
815720444,roybickley,male,1.0,0,0
815720445,LittleMix,brand,0.0,3,8
815720446,RapAquila,brand,0.0,3,2
815720447,StelenCovel,male,1.0,0,5
815720448,gabbiwilliams9,female,1.0,3,8
815720449,Begaria,unknown,,1,1
815720450,AFlyswatter,brand,0.0,0,3
815720451,Dem5SOS_Updates,brand,0.0,3,2
815720452,Copypasteadscom,female,1.0,2,6
815720453,The_BenMears,male,1.0,3,5
815720454,BrandsKingdom,brand,0.0,0,7
815720455,bjcdias,male,1.0,3,7
815720456,BigDaddy_MO_,male,1.0,3,10
815720457,LaudrupsHair,unknown,,0,5
815720458,dayveedomooba,male,1.0,0,7
815720459,AndyCavster,male,1.0,3,0
815720460,maggiedavies,female,1.0,1,1
815720461,brittevvv,female,1.0,3,7
815720462,MoM_Mastering,brand,0.0,1,9
815720463,YLlUTA,male,1.0,0,3
815720464,TotalLacrosse,brand,0.0,1,1
815720465,SizzleHouston,brand,0.0,0,3
815720466,MichelleKIRO7,female,1.0,1,10
815720467,naysayermdzvyt4,brand,0.0,0,6
815720468,kfanning44,female,1.0,3,8
815720469,mazymixer,male,1.0,3,10
815720470,CampbellDerric1,female,1.0,2,6
815720472,COLDExtremities,female,1.0,0,3
815720473,Jeaanetted,female,1.0,3,7
815720474,gnerCadwel,brand,0.0,1,9
815720475,terrydactylp,male,1.0,0,5
815720476,omahasmokers,female,1.0,3,2
815720477,dianasdaily,female,1.0,1,9
815720478,jharrisfootball,male,1.0,1,10
815720479,SalesForceReal,male,1.0,1,11
815720480,LordeBethGrande,female,1.0,3,8
815720481,seansramblings,brand,0.0,1,5
815720482,BostonRDT,brand,0.0,3,2
815720483,TheJenMoody,female,1.0,0,5
815720484,Kablappy,female,1.0,3,10
815720485,cyberwolf1655,unknown,,3,2
815720486,_LHS_Leadership,brand,0.0,0,7
815720487,ayalamoriel,female,1.0,1,1
815720488,MarkEOrtega,male,1.0,1,10
815720489,ariellee___,female,1.0,3,8
815720490,denidtigner,male,1.0,1,11
815720491,DebbyCrane,female,1.0,0,3
815720492,Litwerally,female,1.0,0,8
815720493,AmberKeaton912,female,1.0,3,7
815720494,Guyism,brand,0.0,1,10
815720495,BrandonJmMason,male,1.0,3,8
815720496,CPacelli,male,1.0,0,11
815720497,15MBcn_int,brand,0.0,1,10
815720498,HannahSowders,female,1.0,0,7
815720499,macteeth,male,1.0,1,5
815720500,hawkgirl_kane,female,1.0,1,10
815720501,_VaroTamez7,male,1.0,3,8
815720503,TechDonors,male,1.0,0,3
815720504,DellCares,brand,0.0,3,10
815720505,megan_memo,female,1.0,3,8
815720506,romain_mark,male,1.0,0,7
815720507,kushLOVER_xo,female,1.0,3,8
815720508,kgon,brand,0.0,0,8
815720509,samwagik,male,1.0,3,5
815720510,MrTell_Me,brand,0.0,1,9
815720511,TraceyRobert1,male,1.0,2,6
815720512,tmj_cao_hrta,brand,0.0,1,11
815720513,BayAreaData,male,1.0,0,5
815720514,AliceMagee,female,1.0,3,5
815720515,Matthew_Scott12,male,1.0,3,8
815720516,mary6god,female,1.0,3,2
815720517,PamelaW76653339,female,1.0,2,4
815720518,bex_eli9297,female,1.0,0,11
815720519,KatelynAlyssa5,female,1.0,2,6
815720520,danielschwab_10,male,1.0,3,2
815720521,giulia_venir,female,1.0,3,2
815720522,jazziesmile,female,1.0,0,5
815720523,DailyCupOfMoe,male,1.0,1,9
815720524,JuliaAdamson4,female,1.0,2,6
815720525,reisakuma,brand,0.0,3,2
815720526,dave_wigz,male,1.0,0,5
815720527,philipkdick_,male,1.0,0,3
815720528,happygame49,brand,0.0,0,1
815720529,Startup_Canada,brand,0.0,3,2
815720530,m_mawiskiee,female,1.0,3,7
815720531,DesiChumbak,male,1.0,3,0
815720532,samberlyy,female,1.0,3,10
815720533,mattgross,male,1.0,0,5
815720534,PorterAutumn,male,1.0,2,6
815720535,mamdouh733,male,1.0,1,1
815720536,TatumMiranda,female,1.0,1,1
815720537,MsBetsyRoss,brand,0.0,1,9
815720538,zherayw,unknown,,0,3
815720539,lilanotlila,female,1.0,0,3
815720540,dean_mohr,male,1.0,0,0
815720542,JessicaErevia,female,1.0,3,8
815720543,TimaBdair,female,1.0,0,5
815720544,Gervercom,male,1.0,1,1
815720545,stockholms94,male,1.0,0,5
815720546,delalinme,female,1.0,3,8
815720547,aprilmacie,female,1.0,3,5
815720548,ConnectAU1,brand,0.0,0,3
815720549,thegoodstore,brand,0.0,1,1
815720550,or_shamai,unknown,,3,2
815720551,tmj_mn_health,brand,0.0,1,11
815720552,35JOAN_Ansley02,female,1.0,2,4
815720553,grvnch,female,1.0,3,8
815720554,Sensbabe55,female,1.0,3,2
815720555,LabourSource,brand,0.0,1,11
815720556,The_Tiders,brand,0.0,3,2
815720557,nosnhojn,male,1.0,0,5
815720558,Espinoza_Abby13,female,1.0,3,7
815720559,bossychick87,female,1.0,3,8
815720560,rekkanoken,brand,0.0,0,6
815720561,SonnyFromTacoma,male,1.0,1,10
815720562,03Aisla,female,1.0,3,7
815720563,happykortney,female,1.0,3,7
815720564,vvoigt,female,1.0,0,3
815720566,hiugozepeda,male,1.0,0,3
815720567,VV_RY_VD,female,1.0,1,11
815720568,BobStump,male,1.0,0,1
815720569,matthewEherold,male,1.0,0,3
815720570,ReflexionHealth,brand,0.0,1,11
815720571,abc15,brand,0.0,1,10
815720572,Peggy_Kittyxxx,female,1.0,1,9
815720573,1_NewarkOutlaw,male,1.0,3,8
815720574,BriansDTD,male,1.0,3,7
815720575,chrissyATC,female,1.0,3,10
815720577,tylerheaphy,male,1.0,3,10
815720578,chawklatygirl,female,1.0,0,5
815720580,VICTORHH2,male,1.0,0,1
815720581,RozayyASnob,female,1.0,3,10
815720582,Almaz_Khaltamze,unknown,,0,5
815720583,PbhahnPaula,female,1.0,0,3
815720584,JKLUV1987,male,1.0,0,1
815720585,funaabgottalen1,male,1.0,1,9
815720586,EconomyWorld,brand,0.0,1,9
815720587,mistahphil,male,1.0,0,5
815720588,tomlinsgomez,brand,0.0,3,2
815720589,cupcakecliffrd,male,1.0,1,10
815720590,DonaldMick,male,1.0,1,1
815720591,danabgirl,female,1.0,0,8
815720592,Merwanbuckets,male,1.0,0,3
815720593,Birneyyyy01,female,1.0,3,7
815720594,sydneyhope1206,female,1.0,3,8
815720595,kurasamesgrave,female,1.0,0,6
815720596,Kahrinnn,female,1.0,3,7
815720597,ellsinator,female,1.0,0,5
815720598,pootcha2108,unknown,,0,7
815720599,Dis3rOll,brand,0.0,0,3
815720600,iownakumal,male,1.0,1,9
815720601,beckynoone,female,1.0,0,5
815720602,PlankCenterPR,brand,0.0,1,0
815720603,Valeria_1215,female,1.0,0,7
815720604,angeldeloceano,unknown,,0,0
815720605,CABS_REPORTS,brand,0.0,1,1
815720606,EYTOuk,brand,0.0,0,3
815720607,JazzaJewelz,female,1.0,1,1
815720608,JacobHastings1,male,1.0,0,7
815720609,meirelav,male,1.0,3,8
815720610,andyhartleyuk,male,1.0,1,9
815720611,emmagreenmodel,female,1.0,3,10
815720612,LeonardoSkylar,male,1.0,1,10
815720613,KelseyHagg,female,1.0,3,8
815720614,intotheleader,brand,0.0,2,6
815720615,Jus2Precious,female,1.0,1,10
815720616,JerryHarte,male,1.0,1,1
815720617,masslivenews,brand,0.0,1,1
815720618,djsherman,male,1.0,3,10
815720619,WGVUPublicMedia,brand,0.0,1,1
815720620,manillarainero,brand,0.0,1,9
815720621,vampswiftie,female,1.0,3,2
815720623,brownbuzztap,brand,0.0,1,1
815720624,o0SLAVIK0o1,unknown,,0,7
815720625,sexualshaw,female,1.0,3,2
815720626,GFGshow,brand,0.0,1,0
815720627,MJDonnchadh,male,1.0,0,7
815720628,hopecoyne_,female,1.0,1,1
815720629,MilesHardman,male,1.0,0,5
815720630,KeepnUpWith_JYK,female,1.0,3,8
815720631,TheRoyalExpert,female,1.0,3,10
815720632,disbxtchnat,female,1.0,0,3
815720633,2ndOpinionPro,brand,0.0,1,11
815720634,chaosmagician97,male,1.0,3,10
815720637,_TeeeempleBoiii,male,1.0,3,2
815720638,1Head_Honcho4,male,1.0,0,5
815720640,xx_beayoutiful,female,1.0,3,8
815720641,TF2SoldierBot,male,1.0,2,6
815720642,ReadyToProwl,male,1.0,3,8
815720643,FilmDetective,brand,0.0,0,1
815720644,DVSCNT,male,1.0,0,5
815720645,Raziel_646,male,1.0,3,2
815720646,obroseybitches,male,1.0,1,10
815720647,rahdoo,male,1.0,3,0
815720648,georgechris24,male,1.0,1,11
815720649,Moonthralling,unknown,,0,3
815720650,krisTINCHIE,female,1.0,0,8
815720652,halansantana,male,1.0,3,8
815720653,MissJW77,female,1.0,0,0
815720654,wellmemedsir,brand,0.0,0,3
815720655,SEBTSLibrary,brand,0.0,0,5
815720656,Mr_Ndilula_JR,male,1.0,3,10
815720657,NWsidhe,male,1.0,3,8
815720658,martiraulmartin,female,1.0,1,9
815720659,TCook77,female,1.0,0,7
815720660,sturquhart9,male,1.0,0,5
815720661,aminusania,male,1.0,1,1
815720662,NASCAR_BRETT,male,1.0,1,10
815720663,miyeonlegs,female,1.0,3,6
815720664,jiucker,male,1.0,0,5
815720665,dark_latara,male,1.0,1,1
815720666,Btw_Im_PNastii,female,1.0,0,8
815720667,othsawyerscott,female,1.0,3,2
815720668,ScxJess,female,1.0,0,7
815720669,DiCoach,female,1.0,1,1
815720670,michaelaedson,female,1.0,3,8
815720671,juliaxwhite,female,1.0,0,7
815720672,HarvestRadioNet,brand,0.0,1,9
815720673,Hudzilla_,male,1.0,3,10
815720675,thatsvannessa,female,1.0,3,7
815720676,KZOEisLife,brand,0.0,1,9
815720677,KerriBacchanal,female,1.0,3,5
815720679,Rift_Revolt,male,1.0,3,2
815720680,RickyJarman1,male,1.0,1,10
815720681,MuddzAhmed,male,1.0,1,11
815720682,anovicekong,unknown,,0,7
815720683,Baldsaint,unknown,,0,5
815720684,TSxBigworm,male,1.0,3,7
815720685,LionheartMattT,male,1.0,0,5
815720686,FroMan74,male,1.0,0,3
815720688,The_Prodigee,male,1.0,0,7
815720689,emilybrickards,female,1.0,1,1
815720690,FrankWutje,male,1.0,3,0
815720691,_EarlTrancy,unknown,,3,2
815720692,liddozulux,female,1.0,3,7
815720693,easykudu4u,male,1.0,0,3
815720694,_ad0nai_,male,1.0,0,3
815720695,WiregrassHFH,brand,0.0,0,3
815720696,RightOfCenterNC,male,1.0,1,9
815720697,theMLStone,female,1.0,0,5
815720698,Dscin_9510,female,1.0,0,3
815720699,AberJohnny,brand,0.0,3,0
815720700,MarleneAgency,brand,0.0,0,5
815720701,jvngwheein,brand,0.0,3,2
815720702,danisnotadj,male,1.0,3,10
815720703,caseymagnesium,male,1.0,3,10
815720704,uncle_chen_,male,1.0,3,7
815720705,ReBourneAgain,male,1.0,3,10
815720706,ThePageantSTL,brand,0.0,1,0
815720708,stewpotfan,female,1.0,3,10
815720709,GaryAllan,male,1.0,1,1
815720710,PlayBookGroup,brand,0.0,0,1
815720711,Emarged,female,1.0,3,8
815720712,ALRAC30,brand,0.0,1,10
815720713,seducemymind,female,1.0,3,2
815720714,simcoecountyEDO,brand,0.0,1,5
815720715,HerDopeeDynasty,female,1.0,0,7
815720716,AskPlayStation,brand,0.0,1,10
815720717,SynergyFinGrp,brand,0.0,1,1
815720718,FocusGroupATLCM,brand,0.0,0,1
815720719,demigoddante,male,1.0,3,5
815720720,JoshuaGreen,male,1.0,3,8
815720721,VFNorthampton,brand,0.0,1,1
815720722,CitizensUnTied,brand,0.0,3,2
815720724,daphneallen,female,1.0,1,1
815720725,partmentalsoul,brand,0.0,0,7
815720726,InternetsBroken,brand,0.0,1,9
815720727,chafos,male,1.0,3,2
815720728,aoimedia,female,1.0,3,10
815720729,ruizdaniel2497,male,1.0,3,7
815720730,jedibootyah,male,1.0,1,10
815720731,Andrea_RuizSol,female,1.0,0,3
815720732,iamcalebcompton,male,1.0,0,3
815720733,louskir,unknown,,0,8
815720735,W_S__,male,1.0,3,5
815720736,FootyRss,brand,0.0,1,9
815720739,Noodles105,brand,0.0,3,0
815720740,BigBootyJudyOO,female,1.0,3,5
815720741,i_Know_First,brand,0.0,1,11
815720742,Gold_prediction,brand,0.0,1,11
815720743,Cprediction,brand,0.0,1,11
815720744,celinabecxo,female,1.0,0,7
815720745,KashwekaNyambe,unknown,,0,3
815720746,patfc91,male,1.0,3,10
815720747,lillyvgp,female,1.0,3,8
815720748,SWaltersTV,female,1.0,3,5
815720749,foxmar320,male,1.0,3,0
815720750,ILKidsCampaign,brand,0.0,0,1
815720751,OJDBROWN,male,1.0,1,10
815720753,aaplstocknews,brand,0.0,1,11
815720754,woontienwei,male,1.0,1,1
815720755,LFCinfinite,brand,0.0,1,9
815720756,Dsalgado15,male,1.0,3,8
815720757,hello_titty23,female,1.0,3,2
815720758,Alan_R_Clark,male,1.0,0,5
815720759,tonino26,male,1.0,0,3
815720760,QuintetLive,brand,0.0,1,6
815720761,SelenaWeheartit,female,1.0,0,7
815720762,CIHAcademy,brand,0.0,0,5
815720763,IKFResearch,brand,0.0,1,11
815720764,LoweElectrical,brand,0.0,1,1
815720765,OopsHiWeMet,female,1.0,3,2
815720767,GrowMyRevenue,male,1.0,3,0
815720768,COGICgopChica,brand,0.0,3,7
815720769,alsoknownasjb_,male,1.0,3,7
815720770,psychichic,female,1.0,3,2
815720771,davidbaxter58,male,1.0,0,1
815720772,utau_gyuhwa,female,1.0,1,6
815720773,sylahj,female,1.0,3,2
815720774,IKnowFirstUK,brand,0.0,1,11
815720775,TheSpectralVoid,brand,0.0,0,3
815720776,kipbot,male,1.0,1,1
815720777,BitchImMikeB,male,1.0,1,10
815720778,TMS_tev1,male,1.0,3,8
815720779,pdacosta,male,1.0,1,10
815720780,AffieJam,female,1.0,3,8
815720781,evelinav,female,1.0,3,8
815720782,JairoPeralta94,male,1.0,3,8
815720783,48GWMtraveler,male,1.0,0,1
815720784,FacesOutTV,brand,0.0,1,9
815720785,JackyParker93,male,1.0,0,5
815720786,chocoalisha,female,1.0,0,3
815720787,Dropgist,female,1.0,1,1
815720788,CallMarcus,male,1.0,0,0
815720789,Nagaland_Post,brand,0.0,1,1
815720790,micicnorman,male,1.0,0,3
815720791,Nuechella_,female,1.0,1,10
815720792,RujeenAljabar,female,1.0,1,1
815720793,glenichinosebot,brand,0.0,0,6
815720794,TimeOutNewYork,brand,0.0,1,1
815720795,ENT_GISTS,brand,0.0,1,9
815720796,EmilyIHILL,female,1.0,0,3
815720797,arachnocadia,male,1.0,0,6
815720798,WrayYes,brand,0.0,0,3
815720799,microstrat,brand,0.0,1,1
815720800,waveridercd,male,1.0,3,2
815720801,mikeygcliffo95,male,1.0,3,7
815720802,CursedByNature_,female,1.0,1,1
815720805,chreriksen,male,1.0,0,5
815720806,Dangwang1,female,1.0,3,8
815720807,OccuWorld,brand,0.0,1,9
815720808,fyleouoj,brand,0.0,1,9
815720809,_erinty,female,1.0,3,7
815720810,Abdul_aleem11,male,1.0,3,8
815720811,muggy817,male,1.0,3,10
815720812,_Neverm1nd24,female,1.0,3,5
815720813,mrk1xv1,female,1.0,0,3
815720814,iamakhilsharmaa,male,1.0,1,10
815720815,MrsAnahata,female,1.0,3,10
815720816,ZeroMkay_,brand,0.0,0,3
815720817,eschmidtwrites,male,1.0,0,3
815720818,mousseley,female,1.0,0,3
815720819,marlett_xo,female,1.0,3,7
815720820,joanamarim_,female,1.0,3,7
815720821,EstraLavery,female,1.0,1,9
815720822,WorcsFaithful,brand,0.0,0,7
815720823,moiragraham25,female,1.0,0,7
815720824,BragNRightsENT,brand,0.0,0,3
815720825,DataCoalition,brand,0.0,0,0
815720826,Caty77Makayla,female,1.0,3,8
815720827,usacomputertec,male,1.0,1,1
815720828,ItsChino__,male,1.0,3,5
815720830,MacJoFit,female,1.0,1,10
815720831,hellofashion_uk,brand,0.0,1,1
815720832,__carinax,female,1.0,3,8
815720833,adhipolice881,brand,0.0,0,1
815720834,hveris,female,1.0,3,2
815720835,Sidanddu,male,1.0,3,8
815720836,schillerberg,male,1.0,0,0
815720837,Only1Bree,female,1.0,3,8
815720838,om2kool,male,1.0,1,1
815720839,mccabe_shannon,female,1.0,0,7
815720840,KYC_2020,brand,0.0,0,3
815720841,AcessAllNASCAR,brand,0.0,1,9
815720842,Max_Hutchins,male,1.0,3,8
815720843,P_SmoovE_,male,1.0,3,8
815720844,TradexFoods,brand,0.0,1,10
815720845,OwlerCompetitor,brand,0.0,0,3
815720846,_ratoxx,female,1.0,0,0
815720847,StemCellMarket,unknown,,1,1
815720848,aphrodi_en,unknown,,0,6
815720849,JamesMaloneyVDC,male,1.0,0,1
815720850,photosbyjwarb,male,1.0,3,2
815720851,iHEMM0,female,1.0,3,2
815720852,MBGov,brand,0.0,1,1
815720853,SirJoshuaBurns,male,1.0,3,8
815720854,TopGistNG,brand,0.0,1,1
815720855,CultBoxTV,brand,0.0,1,0
815720856,johnmickgee,male,1.0,0,5
815720857,annaercilla,female,1.0,1,9
815720858,Wolf_2015_,female,1.0,0,3
815720859,ahtziry_correaa,female,1.0,3,2
815720860,polexa,male,1.0,1,10
815720861,Maiyannah,female,1.0,3,2
815720862,candraprabha,female,1.0,0,1
815720863,higheredrachel,female,1.0,1,1
815720864,cathyspartanj,female,1.0,3,10
815720865,TechNAssets,brand,0.0,1,9
815720866,pmusesya,female,1.0,3,10
815720867,erin_lehrer,female,1.0,3,8
815720868,VanityGames,unknown,,1,10
815720869,LadySpeech,female,1.0,1,10
815720870,bethanymatchett,female,1.0,3,8
815720871,0nlyonthursdays,female,1.0,3,8
815720872,DADDYSP00K,male,1.0,3,7
815720873,OPElementary,brand,0.0,0,3
815720875,TimP704,male,1.0,0,1
815720876,TavernOnRush,brand,0.0,1,1
815720877,KimJongCamerUn,male,1.0,0,7
815720878,GinaScarfuto,female,1.0,3,2
815720879,93Usroman,male,1.0,0,3
815720880,aestrad57512644,male,1.0,0,3
815720881,erikabeanerinos,female,1.0,3,2
815720882,RedCocaina,female,1.0,3,7
815720883,obbarey2,unknown,,1,1
815720884,1Antyou,male,1.0,0,5
815720885,blavejr,male,1.0,1,7
815720886,arianaj03,female,1.0,3,2
815720887,JonnySderlund,male,1.0,0,3
815720888,Isolated_Shadow,brand,0.0,3,2
815720889,namjjih91,female,1.0,0,7
815720890,twain_86,male,1.0,1,1
815720891,Lockhart717,male,1.0,0,5
815720892,cdmeade426,female,1.0,0,0
815720893,Kristine_Muhree,female,1.0,3,8
815720895,whatkind_Ki,female,1.0,0,3
815720896,RunzaDana,female,1.0,0,3
815720897,bulexmagazine,brand,0.0,1,9
815720898,mckenziemckayla,female,1.0,3,8
815720899,posperity,brand,0.0,1,5
815720900,infoartblog,male,1.0,1,1
815720901,Beximus,female,1.0,1,10
815720902,luchi7,male,1.0,1,10
815720904,stockschamp,brand,0.0,1,9
815720905,Yung_Zoro93,male,1.0,1,10
815720906,MReyes53,male,1.0,0,0
815720907,dkernohan,male,1.0,1,10
815720908,TommyfromMalden,male,1.0,3,2
815720909,stownsend_2,female,1.0,3,7
815720910,BigRMV,male,1.0,3,10
815720911,mazinmadness,male,1.0,3,8
815720912,LUCYrk78,female,1.0,3,10
815720914,ReasonableFruit,brand,0.0,0,3
815720915,isabellareanna,female,1.0,3,8
815720916,MalenaPeaks,female,1.0,0,5
815720917,SNVredcross,brand,0.0,1,1
815720918,BobsBicycles,brand,0.0,0,1
815720919,Sarou_Rim,male,1.0,0,7
815720920,Mr_bluesky87,male,1.0,0,5
815720921,blueboxparadox,female,1.0,3,8
815720922,viralmedialife,brand,0.0,1,9
815720923,_Youngnigga13,unknown,,2,7
815720924,dellamariaa,female,1.0,3,8
815720925,kalmichael,male,1.0,3,10
815720926,A_LooseEnd,male,1.0,3,2
815720927,GalaxyRemix922,brand,0.0,3,7
815720928,a1a_Islam,brand,0.0,1,11
815720929,WUSTLGephardt,brand,0.0,0,5
815720930,MrPryority,male,1.0,3,10
815720931,markforza,brand,0.0,1,10
815720932,methingxdrew,male,1.0,3,2
815720933,Zaka757,male,1.0,3,8
815720934,SportsMotto,brand,0.0,0,5
815720935,chicagomedic,male,1.0,1,10
815720936,realmusicnetph,brand,0.0,1,9
815720938,StupidPoison,female,1.0,3,2
815720989,iamdonchinex,male,1.0,1,9
815720990,alcorcoran_,female,1.0,3,7
815720991,DaRealKhefner,male,1.0,3,2
815720992,rogerluethy,male,1.0,1,1
815720993,DekoTehDragon,brand,0.0,0,3
815720994,stevehollis75,male,1.0,1,5
815720995,theprosen1,brand,0.0,1,11
815720996,darklands23,brand,0.0,3,10
815720997,The_Sweeper999,brand,0.0,0,3
815720998,LetterboxJunk,brand,0.0,3,2
815720999,kumamoto_chan,brand,0.0,1,9
815721000,darkhellx,female,1.0,3,7
815721001,swapdl,female,1.0,3,9
815721004,MSIdeaLab,brand,0.0,1,10
815721005,JezzBear,unknown,,3,2
815721006,moolahoop14,female,1.0,0,7
815721007,j_nine889,female,1.0,0,7
815721008,7777aah,female,1.0,3,7
815721009,wgemechu,male,1.0,0,3
815721010,TayloredTyler,male,1.0,0,7
815721011,VergneFan,unknown,,0,3
815721012,SJRTooting,female,1.0,3,0
815721013,pueblakin,unknown,,1,9
815721014,GeorgetownMoxie,brand,0.0,1,1
815721015,pwnage314,male,1.0,3,2
815721016,MikeHughesUK,male,1.0,0,1
815721017,techweev,brand,0.0,1,10
815721018,BaileyDada1,female,1.0,3,8
815721019,ZeAv_Gems,female,1.0,3,2
815721020,liredbone,male,1.0,1,11
815721021,funkynessa,brand,0.0,3,10
815721022,ThirdEyeYoukai,female,1.0,3,2
815721023,Helen__Burton,female,1.0,0,0
815721024,HaseColsen,male,1.0,3,8
815721025,IGiveGoodNooch,female,1.0,3,8
815721026,joblinganne,female,1.0,0,7
815721027,bigdemonskull,male,1.0,1,9
815721028,ZaynTTT,male,1.0,3,10
815721029,BUCKETLISTNJH,male,1.0,3,2
815721030,KimoForce,male,1.0,3,2
815721031,Hanan_05,unknown,,3,8
815721032,OneOfTheDingoes,brand,0.0,3,10
815721033,PatrickPARAMAN,male,1.0,3,2
815721034,MISSBLOSSOM9210,female,1.0,0,5
815721035,This_is_Audrey,male,1.0,0,0
815721036,BlameEbro,unknown,,1,1
815721037,business,brand,0.0,1,9
815721038,omgmadihasaleh,male,1.0,3,2
815721039,yetzenia000,female,1.0,0,1
815721040,Coco_4711,unknown,,0,0
815721041,Empress_Skye,female,1.0,3,8
815721042,TheTeacherTom,male,1.0,1,1
815721043,stevienaeyaert,male,1.0,1,1
815721044,Rae15Joni,female,1.0,3,0
815721045,karinemonteiro,female,1.0,3,8
815721046,MarianHarkin,female,1.0,0,5
815721047,loop243,male,1.0,0,1
815721048,raseneisenstein,male,1.0,0,3
815721049,Louis_Stylesxx,male,1.0,3,2
815721050,ChiMetroBugle,brand,0.0,1,9
815721051,Tresilaze,brand,0.0,0,5
815721052,lizwiztheshiz,female,1.0,3,2
815721053,10MinDQ,brand,0.0,3,2
815721054,hjinri,female,1.0,3,8
815721056,_baiibai,female,1.0,0,7
815721057,UnitedOnes,male,1.0,3,8
815721058,Moran_2497,male,1.0,3,7
815721059,HendrixTrog,male,1.0,3,10
815721060,sunshineaston,female,1.0,3,8
815721061,SamyaSarfaraz,brand,0.0,0,3
815721062,tinkerbelll21,female,1.0,3,0
815721063,adimendoza8,female,1.0,3,9
815721064,appsoncampus,brand,0.0,3,9
815721066,MovesLikeJigga,male,1.0,0,5
815721067,kkopacz1,female,1.0,3,7
815721068,Dessstoni,female,1.0,3,8
815721069,Cryptoreps1,male,1.0,0,3
815721070,Brit_Baby091,female,1.0,1,11
815721071,DaleksGamertag,male,1.0,3,2
815721072,DaniellaVent,female,1.0,1,1
815721073,afarran08,male,1.0,0,3
815721074,livin_the_life5,brand,0.0,0,3
815721075,trentoncole31,male,1.0,3,0
815721076,abimwachi,male,1.0,0,5
815721077,delfquin,brand,0.0,1,9
815721078,DarrenLangley74,male,1.0,0,5
815721079,jotdragon,unknown,,0,3
815721080,berryliciousguy,male,1.0,3,10
815721081,H4RRYCHUP4M3L4,male,1.0,3,0
815721082,econet_support,brand,0.0,0,5
815721083,SlabberCart,female,1.0,3,2
815721084,Mccxck,male,1.0,3,2
815721085,rhondajjwright,female,1.0,1,9
815721086,JesiWrites,female,1.0,0,3
815721087,VandeirGontijo,male,1.0,3,10
815721088,TRUMPVICTORY16,brand,0.0,0,1
815721089,totalkillton,brand,0.0,3,2
815721090,AdamMar20192838,male,1.0,0,3
815721091,SitchelMC,male,1.0,0,7
815721092,dntsqzthchrmn,brand,0.0,3,2
815721093,smokedream_69_,male,1.0,3,2
815721094,gusXbus,male,1.0,0,5
815721097,carlyboy9,male,1.0,3,2
815721098,lukepickard94,male,1.0,3,8
815721099,grannygettnwise,unknown,,0,3
815721100,heatherxwatson,female,1.0,3,9
815721101,TheSoulFM1,brand,0.0,1,11
815721102,itsDeedles,female,1.0,1,11
815721103,awkxrdgirl,female,1.0,0,7
815721104,urbansoulz,unknown,,1,11
815721105,gabrielRam07,male,1.0,1,9
815721106,JAYDOTLIAS,male,1.0,1,1
815721107,TheDamnedReport,brand,0.0,3,0
815721108,roobiebot,brand,0.0,2,6
815721110,drksportsnews,brand,0.0,3,2
815721111,Bearlampp,female,1.0,3,7
815721112,hiphipHara,female,1.0,3,8
815721113,thelastsouthpaw,male,1.0,3,2
815721114,ChrisAdamTweets,male,1.0,1,9
815721115,MommaThatsQuis,male,1.0,3,2
815721116,Bhillyfitch,male,1.0,3,0
815721117,PrentoniaPSV,male,1.0,1,1
815721118,brookesberrys,female,1.0,0,5
815721119,ayushkigf,female,1.0,3,2
815721120,OwenWHU,male,1.0,3,2
815721122,reverse_ball,male,1.0,1,9
815721124,fernandlopez,male,1.0,1,1
815721125,CatawbaWorm,male,1.0,1,11
815721126,Discoveringme40,female,1.0,1,11
815721127,KearnyMesaFIAT,brand,0.0,3,5
815721128,faria1109,male,1.0,3,0
815721129,paceacademy,brand,0.0,1,1
815721130,Twitrelitre,female,1.0,0,3
815721131,krsafc,male,1.0,1,1
815721132,lilylulufashion,brand,0.0,1,1
815721133,VitalSource_,brand,0.0,1,11
815721134,lilyyyyyc,female,1.0,3,8
815721135,KatieLoscher,female,1.0,0,5
815721136,mejashtv,unknown,,0,5
815721137,obantweet,brand,0.0,1,0
815721138,primewritingsnt,brand,0.0,0,3
815721139,sabrinaporter07,female,1.0,3,9
815721140,FTStruwwelpeter,brand,0.0,1,10
815721141,Meowl69,female,1.0,0,3
815721142,johnmcilvanney,male,1.0,0,3
815721143,SashaLeahyKP,female,1.0,3,8
815721144,india_zazzi,female,1.0,3,7
815721145,yuliamrln,female,1.0,3,8
815721146,tsull5150,brand,0.0,3,2
815721147,jarianadeluxed,female,1.0,3,2
815721148,__tiink,female,1.0,3,8
815721150,billinghurt,female,1.0,0,7
815721151,jonaskills,male,1.0,3,0
815721152,ayudaespiritual,brand,0.0,1,1
815721153,downtheroadshow,brand,0.0,1,10
815721154,ryanrod42,male,1.0,1,9
815721155,robertjan888,male,1.0,0,5
815721156,Djkatunez,male,1.0,1,9
815721157,FlyGuy1887,male,1.0,0,3
815721158,Omega_Zay,male,1.0,0,5
815721159,PowerfulMight,male,1.0,3,7
815721160,RedditDesign,brand,0.0,3,2
815721161,chitoo98,male,1.0,3,8
815721162,jennamedinaxo,female,1.0,3,8
815721164,themikkimystic,female,1.0,3,2
815721165,CoolFMKano,brand,0.0,1,0
815721166,Nanda__x,female,1.0,3,8
815721167,austenisabelle,female,1.0,3,8
815721168,tristanbaileyyy,male,1.0,3,9
815721169,ZappaJuanita,female,1.0,2,6
815721170,KuzeHibiki_AR,male,1.0,1,9
815721171,_sheonmyJohnson,male,1.0,3,8
815721173,saracuevas_,female,1.0,0,7
815721174,Crystal_Hilton,female,1.0,0,5
815721175,bettyandbee,brand,0.0,0,1
815721176,White_as_snowTG,female,1.0,3,7
815721177,CowgirlSB,brand,0.0,1,1
815721178,TheQuse,brand,0.0,1,5
815721179,lsoffer,male,1.0,0,1
815721180,AsToldByMaggie,male,1.0,3,8
815721181,martghogan,male,1.0,1,1
815721182,cricketengland3,brand,0.0,1,9
815721183,Tayayayaylor,female,1.0,3,8
815721185,claudiataggart,female,1.0,3,8
815721186,Vina305f,female,1.0,0,7
815721187,hinton_0,male,1.0,0,3
815721188,mrLethario,male,1.0,1,10
815721191,Someone_Good,male,1.0,3,10
815721192,HerFavFlower,female,1.0,3,8
815721193,LaPetitHayley,female,1.0,3,2
815721194,kayyfiree,female,1.0,3,8
815721195,NicoleJJessie,female,1.0,3,10
815721196,heyimnayah,female,1.0,3,2
815721197,Youjizz_free,brand,0.0,1,9
815721198,MCgodard22,female,1.0,3,0
815721199,KassieGarwood,female,1.0,3,8
815721200,Supreme_Cae,male,1.0,0,7
815721201,Volleybirb,unknown,,3,2
815721202,Sickafox,brand,0.0,0,5
815721203,totalfinchelfan,female,1.0,3,2
815721206,HerveyChris,male,1.0,3,8
815721207,Helloiammarine,female,1.0,3,10
815721208,kathleen_ditton,female,1.0,3,0
815721209,chanyeorrr,female,1.0,0,5
815721210,whitakerhunt,male,1.0,3,7
815721211,AyoRahji,male,1.0,1,9
815721212,kiosjonok,female,1.0,0,7
815721213,_SiempreAmor,female,1.0,3,10
815721214,awilson7662,male,1.0,0,0
815721215,WilliamTeles1,male,1.0,0,3
815721216,VanBashir,female,1.0,0,0
815721217,BJMinoski,male,1.0,0,5
815721218,LuluMendy,male,1.0,0,5
815721219,JennieCruz085,female,1.0,1,5
815721220,nishaisfake,female,1.0,3,10
815721221,xTheMeanDadx,male,1.0,3,5
815721222,doufous,male,1.0,3,0
815721223,emmaprew,female,1.0,3,10
815721224,sam_lilywhite,male,1.0,3,5
815721225,FitzroviaW1,unknown,,1,9
815721226,mutsunba_ebot,brand,0.0,0,5
815721227,RedneckHQ,male,1.0,2,6
815721228,OxPolBlog,brand,0.0,0,1
815721229,CNBC,brand,0.0,1,1
815721230,BenTunes,brand,0.0,1,5
815721231,FX_Gaub,brand,0.0,1,9
815721232,bbyadult,male,1.0,3,2
815721234,The_Whip_Hand,female,1.0,3,8
815721235,BecauseImMom,brand,0.0,2,6
815721236,iBlowCashDaily,male,1.0,3,8
815721237,KevinGQuinn1,male,1.0,0,7
815721238,ddubsbirdybirdt,female,1.0,3,8
815721239,RedLineCommuter,brand,0.0,0,7
815721240,jstoner35,male,1.0,0,0
815721241,kokongmayuga,male,1.0,3,8
815721242,LizzybellGaming,female,1.0,3,5
815721243,JudusMaximus,male,1.0,3,10
815721244,DecentRidwan,male,1.0,1,9
815721245,MadMistB,unknown,,3,7
815721246,jadespr1te,brand,0.0,3,2
815721247,prede89,brand,0.0,0,3
815721248,KailashPandiyan,male,1.0,1,1
815721249,superanne,female,1.0,3,10
815721250,kaibacest_txt,unknown,,0,6
815721251,sianfreyaxo,female,1.0,3,2
815721253,01LBrown,female,1.0,3,5
815721255,Giannalynnxxx,female,1.0,0,3
815721256,BreathingHell1,unknown,,3,10
815721257,LittlemoreJB,male,1.0,0,7
815721258,HerrinAlison,female,1.0,2,6
815721259,929TheBull,brand,0.0,1,1
815721260,DJBooth,brand,0.0,1,10
815721261,4WALLSALBUM,female,1.0,3,2
815721262,AmberFolino,female,1.0,3,2
815721263,itsbloodybroken,female,1.0,3,2
815721264,GallifreyFallen,male,1.0,0,3
815721265,GStuedler,male,1.0,1,9
815721266,tooolitt,male,1.0,3,7
815721267,1outside,female,1.0,3,10
815721268,chicdecorstyles,brand,0.0,0,11
815721269,bohemiotx,male,1.0,1,0
815721270,ARNAYE_,female,1.0,3,8
815721271,HappyCitySJ,brand,0.0,0,5
815721272,frecksyclan,male,1.0,3,2
815721273,diaz16_alannys,female,1.0,0,7
815721274,Foxiify,female,1.0,3,2
815721275,BestNaira,brand,0.0,1,9
815721276,957ThePanther,brand,0.0,1,9
815721277,AceMediaService,brand,0.0,1,1
815721278,fergusonjanette,female,1.0,3,0
815721279,JalynnQuarello,female,1.0,0,7
815721280,2cameras1bucket,brand,0.0,0,3
815721281,teddy__harry,male,1.0,3,2
815721282,juicyshaye_ek,female,1.0,0,7
815721283,PopItForRoy_,male,1.0,3,2
815721284,MizzleLive,unknown,,1,1
815721285,HarisBrutalo,male,1.0,0,3
815721286,phenokage,brand,0.0,3,5
815721287,Jwood907,male,1.0,0,3
815721288,7clarkyred,male,1.0,3,2
815721289,LeeEliz,female,1.0,1,5
815721290,amberclivery,female,1.0,0,3
815721291,Flores50C,male,1.0,0,7
815721292,Calgor_Blackpaw,unknown,,0,1
815721293,vanitysdiamond,male,1.0,3,8
815721294,Chase_Landon,male,1.0,3,8
815721295,riordanluna,brand,0.0,0,3
815721296,dell_b,male,1.0,1,1
815721297,RedSox730,brand,0.0,3,10
815721298,TLMRadioNL,brand,0.0,2,6
815721299,Mastercej,male,1.0,0,1
815721300,PreferToText,male,1.0,3,10
815721301,swaggersohigh74,male,1.0,0,7
815721302,MikeandPattys,brand,0.0,0,5
815721303,roxane_mariee,female,1.0,3,2
815721304,annasleypark_1,female,1.0,0,0
815721305,HealthItCaucus,brand,0.0,1,11
815721306,Falcon_WWE_Girl,female,1.0,3,2
815721307,the_author_,female,1.0,3,10
815721308,elbertos,unknown,,0,8
815721309,TheJuanAndOn1y,male,1.0,3,2
815721310,Temple_State,male,1.0,0,5
815721311,juwster,female,1.0,0,1
815721312,Sana_NY,female,1.0,1,1
815721313,SafiraEvents,female,1.0,0,3
815721314,TechnoHornist,unknown,,3,5
815721315,KEVlNOWENS,male,1.0,3,2
815721316,AJeffers999,male,1.0,0,7
815721317,RebekahMacd,unknown,,1,5
815721318,Matt_SxE,male,1.0,0,3
815721319,FYFFEST,brand,0.0,1,1
815721320,followback642,unknown,,2,4
815721321,itsmendesheart,female,1.0,3,7
815721322,Mattytillman24,male,1.0,3,10
815721323,thyvixen_tumii,female,1.0,3,8
815721324,anneissassy,female,1.0,2,6
815721325,Her2015_,female,1.0,2,7
815721326,AntViola23,male,1.0,0,7
815721327,KillsForLove,unknown,,0,6
815721328,rae_romero,female,1.0,1,1
815721329,Emilykh12,female,1.0,3,5
815721330,freetosave,female,1.0,0,5
815721331,stamoszayn,male,1.0,3,8
815721332,Perpetual_Khaos,unknown,,0,7
815721333,ShoWontStop,male,1.0,3,8
815721334,HarryDeer_com,female,1.0,3,8
815721335,ImLexiBelle,female,1.0,1,9
815721336,prosperityfm,brand,0.0,1,5
815721337,postpunkdad,male,1.0,3,2
815721338,felicisfox7,male,1.0,0,3
815721339,ChanceAustin,male,1.0,1,1
815721340,MarcVegan,male,1.0,3,2
815721341,sjbxtr,female,1.0,3,2
815721342,DoodleCraftie,female,1.0,3,2
815721343,cfc_cf4,male,1.0,3,2
815721344,tuningpills,female,1.0,1,9
815721345,__TheYoungin,male,1.0,3,8
815721346,Chloe051581,male,1.0,3,4
815721347,cgiridhar,male,1.0,1,10
815721348,nighttime_lies,unknown,,1,10
815721349,williamle8300,male,1.0,0,5
815721350,typhoonfilsy,unknown,,0,0
815721351,knicksnjh,male,1.0,1,9
815721352,deatsyy,female,1.0,0,3
815721353,RodneyKendell1,male,1.0,3,10
815721354,GerryTokar,male,1.0,0,1
815721355,2Miudinha0,female,1.0,3,2
815721356,heaaheri,female,1.0,3,2
815721357,KithinjiKinoti,unknown,,0,5
815721358,11thEarl,male,1.0,0,5
815721359,CoolWeddingPics,brand,0.0,1,9
815721360,MahGill,male,1.0,3,10
815721361,CloverVettel,female,1.0,0,3
815721362,FloatSixty,brand,0.0,0,3
815721363,SycamorePC,brand,0.0,0,1
815721364,snppoliticsnews,brand,0.0,1,9
815721365,SaidDineo,female,1.0,3,10
815721366,Ismou008,male,1.0,0,5
815721367,Th3Anaesthetist,male,1.0,3,8
815721368,Chris_Wilde,unknown,,0,0
815721369,Blue66uk,female,1.0,1,10
815721370,hapstablook,male,1.0,3,2
815721371,_littleally,female,1.0,0,7
815721372,debbie18051978,female,1.0,0,4
815721373,superflycook,brand,0.0,0,5
815721375,jerseyherb1,male,1.0,0,7
815721376,Carolina_596,female,1.0,0,7
815721377,linhtropy,female,1.0,3,2
815721378,nonkina_tousan,brand,0.0,1,9
815721379,jtlejeune4,male,1.0,0,3
815721380,badlandsprepon,female,1.0,3,2
815721381,alagada_,female,1.0,0,7
815721382,PaulTonkinson,male,1.0,0,5
815721383,kmkash,unknown,,0,5
815721384,TheScreechOwl1,brand,0.0,0,1
815721385,heatherg33k,female,1.0,3,10
815721386,RendonMLB,brand,0.0,1,1
815721387,mricciardi4,male,1.0,0,5
815721388,Smoothamy,female,1.0,0,5
815721389,tattookidlouis,male,1.0,3,8
815721390,BIG_SEXXYY,male,1.0,3,2
815721391,kxmnmjns,female,1.0,3,2
815721392,AlanCarrLAD,male,1.0,3,5
815721393,carlyvanheerden,male,1.0,1,2
815721394,IamEdisonA,male,1.0,3,7
815721396,Carlfletcher15,male,1.0,3,2
815721397,prosumer_report,brand,0.0,1,1
815721398,348255gbabies,brand,0.0,3,7
815721399,_Juanito__,male,1.0,3,8
815721400,gokotai_eng,brand,0.0,3,2
815721401,gaaaaaby___,female,1.0,3,8
815721402,lilysnuckinfuts,female,1.0,1,1
815721403,sarebstare,unknown,,1,1
815721405,SIUECougars,brand,0.0,1,5
815721406,johnIaurens,male,1.0,3,2
815721407,JBell94,male,1.0,3,7
815721408,stephaniepnix,female,1.0,1,1
815721410,Mohamed80570137,male,1.0,2,4
815721411,_litchic,female,1.0,3,7
815721412,simontilley1,male,1.0,0,5
815721413,mfc_missv,female,1.0,0,7
815721414,jenbelowzero,female,1.0,0,0
815721415,221_b_Sherlock,brand,0.0,3,2
815721416,CourtneyCourt__,female,1.0,0,7
815721417,simonspecial,male,1.0,0,5
815721418,4XTradeIdeas,brand,0.0,1,9
815721419,book_tribe,brand,0.0,1,10
815721420,Frowniebrown86,female,1.0,0,1
815721421,morfiller,female,1.0,0,3
815721422,mtloridon,male,1.0,3,8
815721423,Shuhniece,female,1.0,0,7
815721424,carouselworld,brand,0.0,1,11
815721425,expinosasbieber,male,1.0,3,8
815721426,PeanutsPretzels,brand,0.0,1,9
815721427,RoseGoldNairad,male,1.0,3,10
815721428,MLBpostseasoner,brand,0.0,1,9
815721429,BombAss_Nee,female,1.0,0,3
815721430,hesinloundon,female,1.0,3,2
815721431,ul_tridelta,brand,0.0,0,3
815721432,courtsssrxo,female,1.0,3,8
815721433,DoubleDumas,male,1.0,3,2
815721434,kalynmd,female,1.0,0,5
815721435,onefitmom_,female,1.0,0,5
815721436,MrAitch451,male,1.0,0,0
815721437,toridipinto,female,1.0,3,7
815721438,LilSpeedy_Abby,female,1.0,3,2
815721439,Mathilde_Clt,female,1.0,0,1
815721440,EstelleFrith,female,1.0,1,9
815721441,SoundCheckInc,brand,0.0,1,9
815721442,m_rtv,unknown,,3,0
815721443,Prettyl0u,male,1.0,3,8
815721444,double_cheese,female,1.0,1,1
815721446,katelynvinh,female,1.0,0,5
815721447,Deckle_Edge,male,1.0,3,10
815721448,djdugchant,unknown,,3,2
815721449,Villawase,female,1.0,3,8
815721450,neubefelma1980,female,1.0,3,7
815721451,vawf0604,female,1.0,0,7
815721452,_CreativeNation,brand,0.0,1,0
815721453,EeshiO,male,1.0,1,9
815721454,torihariton,female,1.0,3,8
815721455,statweestics,brand,0.0,1,9
815721456,Ron_San93,male,1.0,3,7
815721457,circa3005,female,1.0,3,2
815721458,kenjunebugz,male,1.0,0,5
815721459,Aranel91,male,1.0,0,3
815721460,GinnyGoodwinIT,female,1.0,0,7
815721461,VogelPaula,female,1.0,0,3
815721462,brooookeashley,female,1.0,3,8
815721463,MohamedHebela,male,1.0,0,7
815721464,larrypetal,unknown,,3,2
815721465,THahnBurkett,female,1.0,1,1
815721467,meganator98,female,1.0,0,7
815721468,NROcorner,brand,0.0,1,1
815721469,MostDieHatin,male,1.0,0,3
815721470,paulrogers002,male,1.0,3,0
815721471,_Hillfiger,male,1.0,3,10
815721472,trohnam,female,1.0,3,8
815721473,IlIIlllIIIllIlI,brand,0.0,3,0
815721474,adambrabbin,male,1.0,0,5
815721475,xoHALEYTAYLOR,female,1.0,0,8
815721476,JP_Izzzz_Me,male,1.0,3,6
815721477,LavetteSlater,male,1.0,1,1
815721478,niurka1019,female,1.0,1,9
815721479,FatedHorizon,brand,0.0,0,3
815721480,moodforlcve,male,1.0,3,2
815721481,always_chloe,female,1.0,1,5
815721482,Will_khalifa,male,1.0,0,3
815721483,melisasejdic1,female,1.0,0,7
815721484,ANNIEMOHO,female,1.0,3,8
815721485,TiffanyFullwood,female,1.0,0,8
815721486,BernardMcCarty,male,1.0,3,1
815721487,dorothyandalice,female,1.0,1,1
815721488,Trade_Snipers,male,1.0,1,9
815721489,_jords,male,1.0,3,8
815721490,CHICKENFlLLET,male,1.0,3,2
815721492,901_maun,male,1.0,3,7
815721493,RBHorseRacing,brand,0.0,3,2
815721494,activistHistori,female,1.0,3,5
815721495,ileventeen,male,1.0,3,2
815721496,revivaIpurpose,female,1.0,3,2
815721497,Kenshi_the_Bahb,male,1.0,3,2
815721498,RosscarberyReci,female,1.0,3,10
815721499,r0bynjayne,female,1.0,3,8
815721500,HowardsHungry,unknown,,0,3
815721501,martha_mayyyy,female,1.0,3,2
815721502,FatimaME_,female,1.0,3,7
815721503,TheCyberMax,male,1.0,1,1
815721504,RothmanBob,male,1.0,1,11
815721505,JayFromTGF,male,1.0,3,8
815721506,RandomNobody86,unknown,,3,2
815721507,VanTillasQUEEN,female,1.0,3,2
815721508,JUARASCIOpark,female,1.0,3,8
815721509,voidwinchesters,female,1.0,3,8
815721510,CPMacL2008,unknown,,3,0
815721511,RepublicanDojo,brand,0.0,1,1
815721512,nia_daddys_girl,female,1.0,3,2
815721513,DaveWuzzHere,unknown,,3,2
815721514,_gypsyjas,female,1.0,3,2
815721515,BeautifulGame15,brand,0.0,3,2
815721517,JoArdell,male,1.0,1,9
815721518,brandon4hand,male,1.0,3,0
815721519,MrsWhappas,female,1.0,1,1
815721520,That1GuyJeremy,male,1.0,3,8
815721521,_brendadeleon,female,1.0,3,8
815721522,EW,brand,0.0,1,10
815721523,CharlotteView,brand,0.0,1,1
815721524,deanethridge,male,1.0,1,1
815721525,Stock_Smack,male,1.0,1,11
815721526,WINTERGENOMICS,brand,0.0,1,1
815721528,MorgauRachel,male,1.0,0,0
815721529,GrizzleBF,brand,0.0,3,8
815721530,cassidyshawty,female,1.0,3,8
815721531,dave4raywick,male,1.0,0,5
815721532,EricElizondo8,male,1.0,3,10
815721533,Nummer4,male,1.0,1,1
815721534,HoorAlsomali,female,1.0,3,8
815721535,chesterfielduk,brand,0.0,1,1
815721536,Brkn_Dark_Angel,male,1.0,3,2
815721538,WildcatsCreate,female,1.0,1,1
815721539,MikeSquillo,male,1.0,3,8
815721540,raabulls,male,1.0,0,3
815721541,inkasent58,male,1.0,0,1
815721542,tmj_phl_retail,brand,0.0,1,11
815721543,Mirrzy,male,1.0,3,8
815721544,letjiminknow,female,1.0,3,8
815721545,iam_tomilade,female,1.0,3,10
815721546,seriouslycrowen,brand,0.0,0,5
815721547,The_Bizzz,male,1.0,1,1
815721548,MATTtheMATguy,male,1.0,0,3
815721549,Briccyardlilyo,male,1.0,3,10
815721550,CentralFlJwJ,brand,0.0,1,1
815721551,JungIeBot,brand,0.0,2,6
815721553,pillgoat,female,1.0,3,2
815721554,_BumWine,brand,0.0,3,2
815721555,akhileshppp,brand,0.0,3,2
815721556,aniqamirrudin,male,1.0,3,7
815721557,AddieJosh,male,1.0,3,2
815721558,LAMALO3_DDD,male,1.0,1,1
815721559,TheStossa,unknown,,1,1
815721560,kodienthusiasts,brand,0.0,3,0
815721561,seattledot,brand,0.0,3,10
815721562,31victoriahogue,female,1.0,3,2
815721565,TinyYoshikage,male,1.0,2,6
815721566,wyliehartzog,male,1.0,0,3
815721567,SayWellness15,brand,0.0,1,11
815721568,45674x,female,1.0,2,4
815721569,WhyRyerson,brand,0.0,1,1
815721570,AmnahThunyan,unknown,,0,5
815721571,larryntelectual,female,1.0,3,0
815721572,RT1959,male,1.0,3,10
815721573,Smell_W,female,1.0,0,5
815721574,mike1404,brand,0.0,1,10
815721575,SayWellness18,brand,0.0,1,11
815721576,SayWellness17,brand,0.0,1,11
815721577,SayWellness23,brand,0.0,1,11
815721578,SayWellness24,brand,0.0,1,11
815721579,dan_spaceman,male,1.0,3,8
815721580,phanfrick,female,1.0,3,2
815721581,BeandipLangston,male,1.0,3,8
815721582,randikappes,female,1.0,3,2
815721583,Alejand_job,male,1.0,3,8
815721584,cutestcurly,female,1.0,3,2
815721585,lgeffre4,male,1.0,3,2
815721586,SayWellness21,brand,0.0,1,11
815721587,SayWellness29,brand,0.0,1,11
815721588,MarkCarcGlobal,male,1.0,1,5
815721589,tmhype,male,1.0,3,8
815721590,SpeightVera,female,1.0,3,2
815721591,hollistermendes,female,1.0,3,2
815721592,ggnewsus,brand,0.0,1,9
815721593,flomfladfield,male,1.0,3,7
815721594,NormalLass,brand,0.0,0,5
815721595,TylerMoustache,male,1.0,3,8
815721596,SayWellness19,brand,0.0,1,11
815721597,LT_Mizzou19,male,1.0,3,2
815721598,SayWellness30,brand,0.0,1,11
815721599,SayWellness32,brand,0.0,1,11
815721600,DMurrayinSurrey,female,1.0,0,11
815721601,SayWellness26,brand,0.0,1,11
815721602,SayWellness3,brand,0.0,1,11
815721603,SayWellness35,brand,0.0,1,11
815721604,NadiaKEYE,female,1.0,1,5
815721605,AshyGod,female,1.0,3,2
815721606,ThatKidLihle,female,1.0,0,5
815721607,ThunderWolfST,male,1.0,0,0
815721608,aminorjourney,female,1.0,1,10
815721610,Joy_Behar_Swagg,male,1.0,3,2
815721611,saraclarkee,female,1.0,3,2
815721612,SayWellness4,brand,0.0,1,11
815721613,atomowiski,male,1.0,3,2
815721614,Grog5958,male,1.0,0,3
815721615,SayWellness13,brand,0.0,1,11
815721616,SayWellness39,brand,0.0,1,11
815721617,SayWellness12,brand,0.0,1,11
815721618,SayWellness27,brand,0.0,1,11
815721619,SayWellness11,brand,0.0,1,11
815721620,JSavoly,brand,0.0,1,11
815721621,SayWellness7,brand,0.0,1,11
815721622,rubydrm4,male,1.0,3,0
815721623,Avalonw1tch,female,1.0,3,2
815721624,SayWellness20,brand,0.0,1,11
815721625,LosHalepenos,brand,0.0,0,7
815721626,SayWellness22,brand,0.0,1,11
815721627,Call_me_TAJ,male,1.0,3,8
815721628,IamDaQuan_,male,1.0,1,8
815721630,TicketsBro,brand,0.0,1,11
815721631,islamchechen12,unknown,,0,3
815721632,DaCapCityPrinze,unknown,,0,0
815721633,S0yboobs,female,1.0,3,2
815721634,Kilameri1,male,1.0,3,0
815721635,Sashakazansky,female,1.0,0,3
815721636,JimODonnell2,male,1.0,1,10
815721637,SayWellness25,brand,0.0,1,11
815721638,SayWellness16,brand,0.0,1,11
815721639,SayWellness,brand,0.0,1,11
815721640,SayWellness10,brand,0.0,1,11
815721641,Rauss_Mc,male,1.0,3,10
815721642,havens_mary,female,1.0,3,5
815721643,SayWellness36,brand,0.0,1,11
815721644,johnmicol3,male,1.0,1,9
815721645,anthonypkay,male,1.0,0,0
815721646,The_Stefster,female,1.0,3,0
815721647,Agent_L_,female,1.0,1,5
815721648,andrew_topley,male,1.0,1,1
815721649,SayWellness28,brand,0.0,1,11
815721650,SayWellness14,brand,0.0,1,11
815721651,SayWellness33,brand,0.0,1,11
815721652,SamCEllis,male,1.0,1,10
815721653,SayWellness1,brand,0.0,1,11
815721654,SayWellness6,brand,0.0,1,11
815721655,radioguyderek,male,1.0,0,3
815721656,Ace_999666,unknown,,2,4
815721657,SayWellness8,brand,0.0,1,11
815721658,Gnarly_Tango,brand,0.0,0,5
815721659,FAESLLC,male,1.0,1,11
815721660,fortyninegiants,male,1.0,0,1
815721662,TheDooliverse,male,1.0,0,3
815721663,jjgold38,brand,0.0,3,10
815721664,PassTimothy,female,1.0,2,6
815721665,JonMartin68,male,1.0,1,1
815721666,PatrickMuston,male,1.0,1,1
815721667,itruthman1,male,1.0,1,0
815721668,16MaineDen,female,1.0,3,7
815721670,Helen_Jonsen,female,1.0,1,1
815721671,amandacasarez8,female,1.0,3,5
815721672,jennagurley,male,1.0,0,5
815721673,BenNight41,male,1.0,3,5
815721674,_megann33,female,1.0,3,8
815721675,malandarras,male,1.0,1,1
815721676,Ericahyde_,female,1.0,1,1
815721677,MartyDoran1,male,1.0,0,1
815721678,babewharry,male,1.0,3,5
815721679,DejaH726,female,1.0,3,8
815721680,lillysabri,female,1.0,1,1
815721681,tayloralyssum,female,1.0,3,7
815721682,HotelCrow,brand,0.0,1,9
815721683,juandoming,male,1.0,1,10
815721684,sportridermag,brand,0.0,1,1
815721685,sandyphysics,unknown,,3,7
815721686,midlandroc,unknown,,0,0
815721687,_regenboogvlies,female,1.0,1,5
815721688,alexdutt11,male,1.0,3,7
815721689,Arie_Rukmana,male,1.0,1,9
815721690,SergiRamirez88,male,1.0,1,11
815721691,dukpond,brand,0.0,1,11
815721692,ZekesPGH,brand,0.0,0,1
815721693,Revarien,male,1.0,3,10
815721695,KurtRiley2,male,1.0,0,0
815721696,nicholemcburney,female,1.0,3,5
815721697,princesaxcoco,female,1.0,3,10
815721698,Darkdrome7,unknown,,3,10
815721699,MetalFortressCT,brand,0.0,3,7
815721700,tvdh_3,male,1.0,0,5
815721702,little_lizette,female,1.0,3,8
815721703,twunts,male,1.0,0,8
815721704,Unilag2Funaab,male,1.0,1,9
815721705,AnnnaJo24,female,1.0,3,7
815721706,NepentheRay,male,1.0,3,5
815721707,GAVINOTTS,male,1.0,1,0
815721708,ricky_raw,unknown,,3,8
815721709,InstaDresden,brand,0.0,1,11
815721710,thegrid,brand,0.0,3,2
815721711,ReCoNIiiZe1,male,1.0,0,0
815721712,TeddyBlue0127,male,1.0,0,3
815721714,Kievjoy,female,1.0,1,10
815721715,AtchesonRiley,male,1.0,2,6
815721716,skipdykoski,male,1.0,0,1
815721717,PDXIrish,female,1.0,3,8
815721718,LoZmY1,female,1.0,3,7
815721719,ishgotswagg,female,1.0,3,10
815721720,boobslikeari,female,1.0,3,2
815721721,Badruddeen,male,1.0,3,10
815721722,LydiaOBrien1_,female,1.0,3,7
815721723,bama_ar,brand,0.0,0,3
815721724,qdawggass,male,1.0,0,7
815721725,PtBoardgames,brand,0.0,3,5
815721726,labelsforlunch,brand,0.0,3,2
815721727,sam1opez,male,1.0,0,5
815721728,bkasure,male,1.0,0,3
815721729,OlivierSeca,male,1.0,0,3
815721730,bassem_masri,male,1.0,3,2
815721731,kristinamallari,female,1.0,3,2
815721732,the_dirty_ho,brand,0.0,3,0
815721733,kaycolligan,female,1.0,3,8
815721734,rmoneymanagers,brand,0.0,1,9
815721735,SiamDualScreen,brand,0.0,0,3
815721736,JBEddison,male,1.0,3,5
815721737,batyachanna,female,1.0,1,11
815721738,MissPiercing22,female,1.0,3,5
815721739,JSpiffyDunkin,male,1.0,3,8
815721740,ThorndikeSalisb,female,1.0,2,6
815721741,JanyahSymone_,female,1.0,3,7
815721742,RobNaranjo,male,1.0,3,8
815721743,xsammiesammie,female,1.0,3,7
815721744,NapierZoey,female,1.0,3,7
815721745,Ksouthern19,male,1.0,3,10
815721746,Spandavia,female,1.0,1,5
815721747,Onikosi_Pedro,male,1.0,1,9
815721748,Thesigan_Raju,unknown,,0,1
815721749,GWIS_LLC,brand,0.0,1,6
815721750,loriloriCM,female,1.0,3,1
815721751,puggles_102,female,1.0,3,2
815721752,MarqelleH,male,1.0,0,7
815721753,evanswithbeard,male,1.0,0,7
815721754,spperfaact,brand,0.0,0,5
815721755,tfwdelanie,female,1.0,0,7
815721756,jamieellmore,male,1.0,1,11
815721757,cedric_A,male,1.0,0,5
815721758,kevrei2000,male,1.0,3,1
815721759,HedAfee6,female,1.0,0,3
815721760,Noor_Nadal,unknown,,3,2
815721761,miami_bikinis5,brand,0.0,1,9
815721762,Caruso_liv,female,1.0,0,3
815721763,Cody_Gerhart20,male,1.0,3,7
815721764,Godsh0t,unknown,,0,5
815721765,steffss_x,female,1.0,3,2
815721766,katja_anderson,female,1.0,3,2
815721767,buffdada,male,1.0,3,0
815721769,lootcrate,brand,0.0,3,2
815721770,ReditalGroup,brand,0.0,0,1
815721771,LovelyThaliaa,female,1.0,3,7
815721772,SheldieDerival,female,1.0,3,8
815721773,henrylauws,male,1.0,2,6
815721774,AnnaJadie,female,1.0,3,8
815721775,ziteboard,brand,0.0,0,5
815721776,ladypirn,brand,0.0,3,2
815721777,_PINKBodyBagg,female,1.0,3,8
815721778,piousRimando,male,1.0,1,1
815721780,GrubWriters,brand,0.0,1,1
815721781,Nanashrew,male,1.0,3,10
815721782,Adel_Chamber,brand,0.0,0,3
815721783,JamiEllaG,female,1.0,3,7
815721784,EdWoodsonshow,male,1.0,1,1
815721785,TheOfficialPBTH,female,1.0,1,1
815721786,ClassicQuirkySG,female,1.0,3,5
815721787,UW_iSchool,brand,0.0,1,1
815721789,cesarmunozn,male,1.0,0,3
815721791,TwerkMasterX,female,1.0,3,2
815721792,MeetheGeek,female,1.0,0,5
815721793,psu4joe,female,1.0,0,3
815721794,kindlovelyniall,male,1.0,3,2
815721795,UPSPolicy,brand,0.0,1,11
815721796,TheTimeBot,brand,0.0,2,6
815721797,jconline,brand,0.0,1,1
815721798,tushwijeratne,male,1.0,0,1
815721799,ElisaLissette_,female,1.0,3,8
815721800,ChrisWalley01,male,1.0,0,5
815721801,kyliyah_c,female,1.0,3,8
815721802,Softpedia,brand,0.0,1,1
815721803,___jeremiah__,male,1.0,3,7
815721804,bnmace,female,1.0,3,8
815721805,2minaTheGooner,female,1.0,0,8
815721806,660NEWSTraffic,brand,0.0,3,10
815721807,kellyplym80,female,1.0,0,0
815721808,_Mosssss,female,1.0,3,8
815721809,ummxggie,female,1.0,3,8
815721810,monicackua,female,1.0,0,3
815721811,elo1617,female,1.0,1,11
815721812,big_business_,male,1.0,1,10
815721813,TheNorthTe_,male,1.0,3,8
815721814,NoChillsTim,male,1.0,3,8
815721815,xonecole,brand,0.0,1,10
815721816,stxledwards,male,1.0,3,2
815721817,lovatodownunder,female,1.0,3,8
815721818,Ayaal3thmanii,female,1.0,3,7
815721819,ChantelleHxxx,female,1.0,0,7
815721820,clint_tweets_4u,male,1.0,0,5
815721821,MaroofButt1,male,1.0,3,8
815721822,emilylou18,female,1.0,1,1
815721823,LoveIsLove92,male,1.0,3,2
815721824,tmj_phl_edu,brand,0.0,1,11
815721825,sprinklofstyles,female,1.0,3,2
815721826,AmelahG,female,1.0,3,10
815721827,ENdoba,male,1.0,0,5
815721828,msmadisonashley,female,1.0,3,2
815721830,jayman2145,male,1.0,0,0
815721832,creepyy_cutiee,female,1.0,3,10
815721833,AGPartnership,brand,0.0,1,1
815721835,Bigsauceboss,male,1.0,3,10
815721836,iliannaaaaa,female,1.0,3,7
815721837,socute1D,male,1.0,0,7
815721838,diabetesalish,female,1.0,1,10
815721839,_napoleangreen,male,1.0,3,8
815721840,Br0ly__,unknown,,3,5
815721841,HannahLehkyj,female,1.0,0,7
815721842,lesbalren,female,1.0,3,8
815721843,Alex1Pellegrino,female,1.0,0,5
815721844,_____QueenKunta,female,1.0,3,8
815721845,Jon_Clabo,male,1.0,3,8
815721846,cmrwdk,unknown,,3,2
815721847,framebridgeinc,brand,0.0,0,3
815721848,Yiveldda,unknown,,3,2
815721849,KamuiSongstress,unknown,,0,3
815721850,kjagradio,brand,0.0,1,1
815721851,zAcquired,brand,0.0,0,7
815721852,kehjones1,female,1.0,3,8
815721853,busha69,male,1.0,3,10
815721854,Msstre_Maak,male,1.0,1,9
815721855,GVDance,male,1.0,0,0
815721856,RoDeezieYak,female,1.0,0,5
815721857,Marissa5763,female,1.0,3,8
815721858,latchingonto,male,1.0,3,8
815721859,Bizz408,male,1.0,3,2
815721860,Saraa_Lynnn,female,1.0,3,2
815721861,BHollandSports,male,1.0,3,10
815721862,donna_fatale_,female,1.0,3,8
815721863,NazBalochPTII,female,1.0,3,2
815721864,gabbyholly00,female,1.0,3,2
815721865,mommemay1,female,1.0,1,1
815721866,Marilynn_31,female,1.0,0,7
815721867,r_penny16,male,1.0,3,7
815721868,AneelaAwann,female,1.0,1,11
815721869,101918171615aa,brand,0.0,2,4
815721870,dsantamaria626,female,1.0,0,3
815721871,alexisthovgdr,female,1.0,0,3
815721872,ChernayaBridal,brand,0.0,0,3
815721873,irekishu,female,1.0,3,6
815721874,kinndani,female,1.0,2,6
815721875,ClitorisWarrior,male,1.0,3,8
815721876,davideaves1971,male,1.0,3,8
815721877,DareToJamie,male,1.0,0,5
815721878,andyfury,male,1.0,1,1
815721879,frankp316,male,1.0,1,10
815721880,PssDiMA,female,1.0,0,0
815721881,ItsStinha,female,1.0,3,8
815721882,BstCosmeticSurg,male,1.0,1,1
815721883,Disco_77,male,1.0,1,10
815721884,CTLTran,female,1.0,3,5
815721885,Dstaoirs,unknown,,3,7
815721886,Athena_Franco,female,1.0,0,5
815721887,VivaLaCag_,male,1.0,3,10
815721889,jazzfabrik,brand,0.0,1,1
815721890,ItsMorphinTime_,male,1.0,3,8
815721891,GrCheeseSamurai,unknown,,3,1
815721894,MacAdamOwen2,male,1.0,2,6
815721895,gluepiece,male,1.0,0,5
815721896,luqmanzulkurnin,male,1.0,3,8
815721897,Trappin_Bricks,male,1.0,3,8
815721898,TheRealDanny24x,male,1.0,3,0
815721899,Daiz11,female,1.0,3,10
815721900,dannyrees1886,male,1.0,0,11
815721901,snokoplosm,female,1.0,0,7
815721902,AmeganJ,female,1.0,3,8
815721903,MegShorette,female,1.0,3,10
815721904,arianasballs,female,1.0,3,7
815721905,WhiskeeDickee,female,1.0,3,8
815721906,MZ_R0ZA,female,1.0,3,2
815721907,det_sports_nut,male,1.0,1,10
815721908,Omodohyean,female,1.0,3,0
815721909,Dessy_Dragon,brand,0.0,3,2
815721910,nikeblog,brand,0.0,1,1
815721911,sedatey_sh,male,1.0,3,8
815721912,MAworkwellness,brand,0.0,0,3
815721913,_dom4,male,1.0,3,2
815721914,mart3r,male,1.0,0,0
815721915,derhulla,male,1.0,1,1
815721916,Fulham09,male,1.0,3,0
815721917,Chris_Roling,male,1.0,3,10
815721918,maaakstiles,brand,0.0,0,0
815721919,usumtwit,brand,0.0,1,9
815721920,ICMeltdown,female,1.0,3,0
815721921,JJComment,male,1.0,1,1
815721922,KimberlyRules,brand,0.0,1,10
815721923,LondonNewsDaily,brand,0.0,1,9
815721924,choledeez,male,1.0,3,8
815721925,gisellexx6,female,1.0,3,8
815721926,Sinstar33,female,1.0,3,10
815721927,MarinaVotyakova,female,1.0,0,1
815721928,ncaabpickexpert,brand,0.0,1,11
815721929,lindsay_mariah9,female,1.0,3,7
815721931,ITCLuxuryTravel,brand,0.0,1,11
815721932,MDB_Beats,brand,0.0,0,3
815721933,RichardDA82,male,1.0,3,10
815721934,OurMendesArmy08,female,1.0,3,0
815721935,cherin155,female,1.0,0,5
815721937,UsanewsPolitics,brand,0.0,2,6
815721938,yesiluvmcds,female,1.0,2,6
815721939,sooopretttyyy,female,1.0,3,7
815721940,Grace_Lohman,female,1.0,0,7
815721941,wulphstein,male,1.0,3,8
815721942,TinaRose_,female,1.0,3,10
815721943,TeddyMisog,unknown,,3,7
815721944,ByBarnsey,male,1.0,3,8
815721945,obviousstalker_,unknown,,0,3
815721946,confessionkills,male,1.0,3,8
815721947,joannecanderson,female,1.0,0,5
815721948,alanvoldozer,female,1.0,3,7
815721949,CJRucker,male,1.0,1,1
815721950,RajAjayVermaa,male,1.0,3,2
815721951,tps_news,brand,0.0,0,0
815721952,floydianist,female,1.0,3,5
815721953,artstudio99,female,1.0,1,1
815721954,z_ahmeds,male,1.0,0,3
815721955,etdrmz121,brand,0.0,0,3
815721956,ML04orange,brand,0.0,2,6
815721957,maxurilife,brand,0.0,1,9
815721958,Syl_Cooper,female,1.0,1,10
815721959,_mollyharries,female,1.0,3,2
815721960,GracingTheStage,male,1.0,3,2
815721961,gabbistanishx,female,1.0,3,7
815721962,Ahmet911,male,1.0,3,0
815721963,hipsterrhoran,male,1.0,1,9
815721964,ThatsMyNiggaGee,female,1.0,3,8
815721965,Carley_elliss,female,1.0,3,7
815721966,TeenUrie,male,1.0,3,7
815721967,OvidiuMUCA,brand,0.0,1,1
815721968,Statto1927,male,1.0,3,10
815721969,drmelf,male,1.0,3,8
815721970,IntrepidAaron,male,1.0,0,5
815721971,EdelineMcauley,male,1.0,1,9
815721972,AMCx32,brand,0.0,3,0
815721973,NeverAnother1,brand,0.0,1,10
815721974,egspoony_ebooks,male,1.0,3,7
815721975,The_chosenone94,male,1.0,3,8
815721976,Lindso2Trill,female,1.0,3,8
815721977,tiamailenani,female,1.0,0,5
815721978,ntfc_trust,brand,0.0,0,5
815721979,biIIielurk,brand,0.0,3,0
815721980,Njeanous,female,1.0,3,0
815721981,nativedanji,male,1.0,0,0
815721983,XyanHeiress,unknown,,0,5
815721984,RichardDavid_1,male,1.0,3,2
815721985,omgits_alexx,female,1.0,3,5
815721986,TwitlessConnie,female,1.0,3,0
815721987,focusakridge,female,1.0,3,2
815721988,TammaraMaiden1,female,1.0,3,2
815721989,LorenJJohnson,male,1.0,0,5
815721990,RUWSoccer,brand,0.0,0,1
815721991,HadTwpSports,brand,0.0,0,7
815721992,fygulikemuxu,female,1.0,0,7
815721993,tundesoge,male,1.0,1,1
815721994,ReickoA,male,1.0,0,1
815721995,RepCom1140,male,1.0,0,5
815721996,KurmasDeb,female,1.0,0,7
815721997,kingcatnap,male,1.0,3,7
815721998,SwannyMediaMan,male,1.0,3,10
815721999,W0lfLouie,male,1.0,3,8
815722000,jtownporter,male,1.0,0,5
815722001,ChanningKing,male,1.0,0,0
815722002,the_gail_butler,female,1.0,0,3
815722003,yattermang,female,1.0,1,5
815722004,designingdarlin,female,1.0,0,3
815722005,NoordAfrikandel,female,1.0,1,2
815722006,Tjones5,male,1.0,3,8
815722007,MarcStevenPhoto,male,1.0,0,3
815722008,RosalynAlberts1,female,1.0,2,6
815722009,MissionVaoDmC,male,1.0,0,5
815722010,Dani_Bths,female,1.0,3,8
815722012,BinaryeProfit,male,1.0,0,6
815722014,edthompsn,male,1.0,0,5
815722015,KimFrancis367,brand,0.0,0,3
815722016,GoalsOfIBFs,female,1.0,0,3
815722017,Lauren_sophiaa,female,1.0,3,8
815722018,AllySaurousRex,female,1.0,0,7
815722019,dukeroufus,male,1.0,1,1
815722020,Hamza_SA_,male,1.0,0,5
815722021,ULTRAVlOLUKE,male,1.0,3,7
815722022,rocco_the_pug,brand,0.0,0,1
815722023,Front__Lines,brand,0.0,1,1
815722024,PattysHeart7,female,1.0,0,3
815722025,NWMAR,brand,0.0,0,1
815722026,CollyPUG,brand,0.0,3,2
815722027,IAmDavidOsborn,male,1.0,1,1
815722028,leopozos,male,1.0,0,3
815722029,amy123tommo,female,1.0,0,0
815722030,NeilaK20,brand,0.0,3,10
815722031,naomiacbeckett,female,1.0,0,3
815722032,DianaCanovas,female,1.0,1,9
815722033,PrestoVivace,female,1.0,1,10
815722034,JonesMichael23,male,1.0,3,8
815722036,angelofpax,female,1.0,3,7
815722037,Goddess_Poca,female,1.0,0,7
815722038,pop_HOESdrop,female,1.0,3,8
815722039,OpenSourceVAR,brand,0.0,0,0
815722040,mariamnearria,female,1.0,1,2
815722041,guscraw,brand,0.0,3,2
815722042,Kretz44,male,1.0,3,8
815722043,AsxireGaming,brand,0.0,0,3
815722044,Sidragon1,male,1.0,0,1
815722046,MCJAMTAA,male,1.0,1,5
815722047,Top_Notched,brand,0.0,1,9
815722048,ohdamnabby_,female,1.0,3,8
815722049,Priscil1995,female,1.0,0,3
815722050,SarahAveryBooks,female,1.0,0,1
815722051,EspinosaSavy,male,1.0,3,2
815722052,KenyaTST,male,1.0,1,10
815722053,OAOjacksonbFAF,male,1.0,0,7
815722054,dbasolved,male,1.0,1,11
815722055,Rillivid,male,1.0,0,5
815722056,Leversity,brand,0.0,3,2
815722057,goldensuggy,male,1.0,3,2
815722058,DebianBug,brand,0.0,1,9
815722060,SarahWhe78,female,1.0,0,5
815722061,mooooody_,female,1.0,3,10
815722062,XSTROLOGY,brand,0.0,1,10
815722063,winvest2311,male,1.0,1,8
815722064,Verbzz,male,1.0,1,1
815722065,Mystical_Voyage,male,1.0,3,10
815722067,salma_1008,male,1.0,0,7
815722068,MeepleWatcher,female,1.0,0,5
815722069,photobyesanchez,brand,0.0,1,1
815722070,popcorn38,male,1.0,0,7
815722071,alina5222,female,1.0,0,7
815722072,drewlivingston,male,1.0,1,1
815722073,Marri,female,1.0,3,10
815722074,lynn_davy,female,1.0,1,1
815722075,dgiudice88,male,1.0,0,8
815722076,heyyWill,female,1.0,3,8
815722077,parkerpointer,female,1.0,1,8
815722078,pseudojustin,brand,0.0,3,5
815722079,Yule_Mpitse,male,1.0,0,7
815722080,its1kibet,male,1.0,0,3
815722081,gejacksonn,female,1.0,3,7
815722082,grierchampagne,female,1.0,3,2
815722083,GuNiT_Metro,male,1.0,0,0
815722084,Hayxworld,female,1.0,3,7
815722085,BleesusCrice,female,1.0,1,10
815722086,ScottWyllie2,male,1.0,0,7
815722087,DeansOfCardiff,male,1.0,3,10
815722088,kwoodhouse13,female,1.0,0,3
815722089,SupergiantStarr,male,1.0,3,2
815722090,punkman761,female,1.0,0,7
815722091,Bobby9527,male,1.0,3,2
815722092,Its_ayejay,female,1.0,0,5
815722093,TicToc_rtym,brand,0.0,0,3
815722094,pbumpnet,brand,0.0,1,1
815722095,KingFelixB,male,1.0,0,5
815722096,lakencostello,female,1.0,0,7
815722097,BrokerageTOMO,brand,0.0,1,9
815722098,lalalourdes,female,1.0,3,7
815722099,GrahamBM,male,1.0,1,10
815722101,honestbetting,brand,0.0,1,11
815722102,BeauDowns51,male,1.0,0,3
815722103,abundance4unow,female,1.0,0,6
815722104,BasuAshis,male,1.0,1,9
815722105,C_Mbadu,male,1.0,3,10
815722106,Estetica_Yaneth,female,1.0,1,9
815722107,seiarramadison,female,1.0,0,7
815722108,ChizobaObiefula,unknown,,0,0
815722110,jamo16golf,male,1.0,0,5
815722111,amxdecano,female,1.0,3,8
815722112,TalkinBoxing,brand,0.0,1,1
815722113,AnilSequeira_1,male,1.0,0,3
815722114,ZoeyMarieCyrus,female,1.0,0,3
815722115,the_ss_khan,female,1.0,0,7
815722116,saranicolejones,female,1.0,0,5
815722117,TCfromMKE,male,1.0,0,5
815722118,McDebida,brand,0.0,3,5
815722119,shiaunaa_,female,1.0,0,5
815722120,MNI_Dee,female,1.0,0,3
815722121,NikBerends,male,1.0,3,8
815722122,fishballxz,male,1.0,0,0
815722123,Plasmapie,male,1.0,0,7
815722124,averidyer_,female,1.0,0,7
815722125,CoolStoryWill,male,1.0,3,8
815722126,terralightfoot,female,1.0,0,0
815722127,anthropobiology,male,1.0,2,6
815722128,beardyben36,male,1.0,0,3
815722129,tannerhumann,male,1.0,3,7
815722130,NeilBakersDozen,male,1.0,3,10
815722131,rWritingPrompts,brand,0.0,1,9
815722132,trismorphew,male,1.0,1,11
815722133,mylolatweet,brand,0.0,0,3
815722134,ArticBleu,brand,0.0,3,7
815722136,tomascdiaz,male,1.0,0,3
815722137,Cekeshe,brand,0.0,3,8
815722138,UnluckyblokeJoe,male,1.0,1,10
815722139,rinaapatell,female,1.0,3,8
815722140,6secondreviews,male,1.0,1,1
815722141,_fucckkennsasha,female,1.0,3,7
815722142,rex121j1,male,1.0,0,7
815722143,_BlackerMamba,male,1.0,1,10
815722144,khari_lemuel,unknown,,0,8
815722146,Kemfon_U,male,1.0,3,10
815722147,biggordz_,male,1.0,0,3
815722148,ayelukestfu,male,1.0,3,5
815722149,Makavelix95,male,1.0,0,5
815722150,cows94,male,1.0,3,2
815722151,TOMOPortfolio,brand,0.0,1,9
815722152,Phislash,brand,0.0,3,0
815722153,gorillaads1,male,1.0,0,1
815722154,JordenEdwards,male,1.0,3,8
815722155,RealJohnAbbott,male,1.0,0,7
815722156,Jamie_Begeman,male,1.0,3,8
815722157,dimpleftreid,male,1.0,3,2
815722158,VGApprentice,brand,0.0,0,1
815722159,Yaneth1326,female,1.0,1,9
815722160,sigmacoder,brand,0.0,0,8
815722161,queenzingha,female,1.0,3,8
815722162,Jmiller0sgo1992,unknown,,3,0
815722163,commonpatriot,brand,0.0,3,10
815722164,oCruiise,brand,0.0,3,2
815722166,cgiller,male,1.0,1,1
815722168,HFMike,unknown,,0,5
815722169,Theatregleek1,female,1.0,3,2
815722170,MoreFunz,brand,0.0,1,9
815722171,jensy_flores,female,1.0,0,5
815722172,TownleyIns,male,1.0,1,1
815722173,allurephoto,male,1.0,0,5
815722174,ItsElmosWorld,male,1.0,3,8
815722175,takerumin,female,1.0,3,2
815722176,brentcsutoras,male,1.0,1,10
815722177,Startup124,brand,0.0,1,9
815722178,seIenadeluxe,female,1.0,3,5
815722179,hii_kristin,female,1.0,0,7
815722181,motormouthanna,female,1.0,0,7
815722182,AdamDechanel,male,1.0,1,10
815722183,bodyfitSol,brand,0.0,1,1
815722184,rnrnhs_memo_5,male,1.0,1,6
815722185,The_Hair_Plug,female,1.0,3,8
815722186,CWert41,brand,0.0,0,0
815722187,swansea_spider,brand,0.0,1,9
815722188,18CARMELA69WEBS,female,1.0,3,7
815722189,CigarObsessed,male,1.0,3,2
815722190,robertrotifer,male,1.0,3,10
815722191,snapchatsupport,brand,0.0,1,9
815722192,SIX1DS,male,1.0,3,10
815722193,FVLLWEATHER,male,1.0,0,7
815722195,rodrigo,male,1.0,1,1
815722196,DancAnyway,brand,0.0,1,1
815722197,dens1984,female,1.0,3,0
815722198,Lindsay944,female,1.0,1,5
815722199,YBG_USA,brand,0.0,1,9
815722200,madisoncallas,female,1.0,3,7
815722201,Karchswag,male,1.0,3,8
815722202,MauiSmart,brand,0.0,1,10
815722203,gracenuggets,brand,0.0,0,5
815722204,Rachelinezlane,female,1.0,1,1
815722205,mozak74,male,1.0,3,10
815722206,NotJustAThief,female,1.0,3,2
815722207,TeamGalaxyZA,brand,0.0,0,3
815722209,purrposex,female,1.0,3,2
815722210,Cre8KidsCouture,brand,0.0,0,1
815722211,TheLeakedTruth,male,1.0,3,10
815722212,NCSUStudyAbroad,brand,0.0,3,5
815722213,DumpStreet_Juju,male,1.0,3,2
815722214,tanxiuling,female,1.0,3,8
815722215,dudenamedharry,male,1.0,3,8
815722216,Mancman10,male,1.0,3,10
815722217,haliehewitt,female,1.0,3,8
815722218,Gary_R_Walker,male,1.0,3,2
815722220,SamuelBoisrond,male,1.0,0,1
815722221,alana_rose1226,female,1.0,3,7
815722222,BackwoodzHipHop,brand,0.0,3,5
815722223,AMightyLamb,brand,0.0,1,11
815722224,MarkAHFearnall,male,1.0,0,0
815722225,skenney_23,female,1.0,0,7
815722226,_zammyy,female,1.0,0,0
815722227,cloudniah,female,1.0,3,5
815722228,n_c_kan,male,1.0,1,5
815722229,MrMalky,male,1.0,3,10
815722230,KlausStei,brand,0.0,0,3
815722231,ISOTONIX187,male,1.0,0,1
815722233,a_bayy_bayy_,female,1.0,0,7
815722235,teamstersonline,brand,0.0,1,9
815722236,RayWarnerShow,brand,0.0,1,1
815722237,Phillip_D_Jones,male,1.0,3,10
815722238,ricecracker,female,1.0,0,3
815722239,twin_ec_,male,1.0,1,5
815722240,aarojames,male,1.0,0,5
815722241,hyukr,male,1.0,3,8
815722242,myhyuniverse,male,1.0,3,2
815722243,Her_Diamond,female,1.0,3,8
815722244,Chelsea8Riley,female,1.0,0,3
815722245,LazynGent,male,1.0,3,8
815722246,rickeybot,male,1.0,1,9
815722247,Zuasibel,unknown,,0,0
815722248,chloedonald_,female,1.0,3,0
815722250,sisa_coach,male,1.0,0,3
815722251,AlexandraTeenx,female,1.0,1,9
815722252,IsThatNumber5_,female,1.0,3,8
815722253,carlyy_taylorr,female,1.0,3,8
815722254,WorcesterHour,brand,0.0,3,10
815722255,MariaGaravuso,female,1.0,0,5
815722256,si_white,male,1.0,3,8
815722257,dysphasiatic,male,1.0,3,2
815722258,beginnerquad,unknown,,1,9
815722259,trillllnye,female,1.0,3,8
815722260,mrchristr,male,1.0,3,10
815722261,HunterMightFly,male,1.0,0,7
815722262,AhoyImHarker,male,1.0,0,0
815722264,Annnanielsen,female,1.0,3,7
815722265,White23Mike,male,1.0,3,8
815722266,rubakaay,female,1.0,3,8
815722267,KayakKenneth,female,1.0,1,1
815722268,penoytebby,male,1.0,0,7
815722269,1anndonnlyCp,female,1.0,3,8
815722270,LilBossIsLife,unknown,,0,3
815722271,SDent75,male,1.0,0,3
815722272,FoComcfc,brand,0.0,0,7
815722273,atmosudirdjo,female,1.0,0,5
815722274,DeborahAlsina,female,1.0,3,10
815722276,brittybap,female,1.0,1,10
815722277,c1a3m1,female,1.0,0,3
815722278,FrankDio,male,1.0,1,10
815722279,MaceyJaime,female,1.0,3,8
815722280,johnmknox,male,1.0,3,2
815722281,JonathanCohn,male,1.0,3,2
815722282,NLSMonarch9,male,1.0,0,3
815722283,_jesssirwin,female,1.0,3,2
815722284,tinyjems,unknown,,3,8
815722285,_DavidJoel,male,1.0,3,8
815722286,owarinodungeon,female,1.0,0,1
815722287,SouthernMalachi,male,1.0,3,10
815722288,dirtydanielaxo,unknown,,3,2
815722289,Annaa00124,female,1.0,2,7
815722290,kaylalauver_,female,1.0,0,7
815722291,elissaians,female,1.0,1,2
815722293,goshikito,female,1.0,3,7
815722294,mqisie,female,1.0,3,2
815722295,Go_GetterSlim,female,1.0,3,8
815722296,buzzingnews,brand,0.0,1,9
815722297,_liyaaaaaaa,female,1.0,0,3
815722298,gabriela_nzo,female,1.0,3,8
815722299,UTAUGizmoBot,unknown,,2,6
815722300,RC_Allaince,brand,0.0,0,7
815722301,vjbooks,brand,0.0,1,1
815722302,gnilaehsol,female,1.0,3,7
815722303,ohheylottiehill,female,1.0,3,8
815722304,pineapplecakes,unknown,,3,10
815722305,TrudeStoll,female,1.0,1,11
815722306,GWIS__LLC,unknown,,1,6
815722307,kenziemaurer,female,1.0,3,2
815722308,the_CHOPE,male,1.0,3,8
815722309,K00K_twt,male,1.0,0,6
815722310,annie_timotheou,female,1.0,1,1
815722311,simplycubes,male,1.0,1,1
815722312,hartman39,male,1.0,1,1
815722313,DaylanGreen,male,1.0,3,8
815722314,Bushid0_Br0wn,male,1.0,3,8
815722315,Laceeeymarie,female,1.0,3,8
815722316,userKings,male,1.0,0,7
815722317,BlondSquat,female,1.0,3,7
815722318,stevegannon2014,male,1.0,0,3
815722319,ChloeGilchrist1,brand,0.0,0,3
815722320,ariel_thethird,female,1.0,3,2
815722321,richmk01,male,1.0,1,9
815722322,ItsJustChurchy,male,1.0,3,2
815722323,danhowlterphil,unknown,,3,2
815722324,BulelaniMfaco,male,1.0,1,10
815722325,DanuchisOtero,female,1.0,3,10
815722326,parentbuzzz,brand,0.0,2,6
815722327,hulk4477,brand,0.0,0,1
815722328,dogielus,male,1.0,3,8
815722329,KillaKill88,male,1.0,0,5
815722330,MEH0986,female,1.0,0,8
815722331,atrudituo,female,1.0,3,10
815722332,___Karma,male,1.0,1,1
815722333,MHenn07,male,1.0,0,3
815722334,Juicyass_mathew,male,1.0,3,8
815722335,dehzmason,female,1.0,3,8
815722337,ciarasworld,female,1.0,1,10
815722338,SitUpfront,brand,0.0,1,9
815722340,adrianadarling8,female,1.0,3,2
815722342,_batyfelicity,female,1.0,3,8
815722343,Quen2Liz,brand,0.0,2,6
815722345,KCerioAuthor,female,1.0,0,5
815722346,lopezquintilia2,brand,0.0,1,9
815722347,prslava15,female,1.0,2,6
815722348,SpartanGrp,brand,0.0,3,5
815722349,slimeshark,unknown,,3,5
815722351,liz_quen3,female,1.0,2,6
815722352,ra_playing,brand,0.0,1,1
815722354,MonkShouts,brand,0.0,1,9
815722357,TheEpicStache24,male,1.0,3,8
815722358,zkict,male,1.0,1,1
815722359,teamswurv,brand,0.0,1,11
815722360,alexvndrv_,female,1.0,3,8
815722361,drewtheglue,male,1.0,0,5
815722362,nas162010,brand,0.0,0,0
815722363,cmwealth,male,1.0,1,11
815722364,ALAHLI_FCEN,brand,0.0,0,3
815722365,GekyGumus,female,1.0,3,8
815722366,bwregency,brand,0.0,1,1
815722367,Ahhm_edAdeel,male,1.0,0,7
815722368,bisialimi,male,1.0,1,10
815722369,_TheKhanArtist,male,1.0,3,5
815722370,mimlea,male,1.0,0,0
815722371,KRRTX,female,1.0,0,1
815722372,9ISABEL7Lacey00,female,1.0,3,7
815722373,SMF_Scoob_8,male,1.0,3,2
815722374,SocialKickme,brand,0.0,1,9
815722375,RobinP2,female,1.0,3,8
815722376,MyJourneyin1D,brand,0.0,3,2
815722377,sageusa,brand,0.0,1,1
815722378,Japan_Here,brand,0.0,1,9
815722379,Chris_xamoyelaa,female,1.0,0,1
815722381,Ferb_17,male,1.0,3,8
815722382,YesImTCurryyy,male,1.0,3,2
815722383,badboicasey,male,1.0,3,8
815722384,MGullatta,male,1.0,3,5
815722385,Mr_LV_WhozThat,male,1.0,3,8
815722386,Marcoborri3,brand,0.0,0,3
815722387,HazyDream_,male,1.0,3,8
815722388,harvesttimenet,brand,0.0,1,1
815722389,rantypete,male,1.0,0,5
815722390,phyrandria,brand,0.0,0,3
815722392,i_hate_tattoos,male,1.0,3,8
815722393,bornunprepared,female,1.0,3,8
815722394,SailorPlutoid,female,1.0,3,10
815722395,BenjyHimmel,male,1.0,3,8
815722396,eleanor_morton,female,1.0,0,5
815722397,Kevin_Schex,male,1.0,1,11
815722398,OnlineBookFair,brand,0.0,1,9
815722399,ItsHumanity,brand,0.0,3,10
815722400,joowuntbuttah,female,1.0,0,5
815722401,TaibaDXB,brand,0.0,2,6
815722402,WorshipEGoddess,female,1.0,3,2
815722403,UcheIsClown,male,1.0,3,0
815722404,paezdanielaA,female,1.0,1,1
815722405,castlextown,unknown,,1,1
815722406,JunKet_,male,1.0,3,8
815722407,HugginsUrsa,brand,0.0,1,9
815722408,igraysscale,male,1.0,0,1
815722409,Sherry_FG,female,1.0,0,7
815722410,FLSouljas_5,brand,0.0,0,1
815722412,kiraactus,unknown,,3,7
815722413,luhyouari,female,1.0,3,2
815722414,ShiftedX1,brand,0.0,0,3
815722415,kostpech,male,1.0,0,3
815722416,enakibot,unknown,,2,6
815722417,Mysti_Eyes,female,1.0,3,2
815722418,JVCrum,male,1.0,1,11
815722419,SeraphinTravail,brand,0.0,0,1
815722420,Ramosjoar,male,1.0,3,8
815722421,Mr2tal,male,1.0,0,3
815722422,yskAlbuquerque,brand,0.0,1,9
815722423,miltonboidrew,male,1.0,0,7
815722424,jacksmith23456,male,1.0,3,2
815722425,nofate1991,male,1.0,3,0
815722426,djstephfloss,male,1.0,3,8
815722427,SteveBurr,male,1.0,0,0
815722428,Trap_Pop,male,1.0,3,8
815722429,LosingMuke,female,1.0,3,2
815722430,creeper32605,brand,0.0,3,2
815722431,IsabellaGourmet,brand,0.0,0,0
815722432,lowkeyoutlaw,male,1.0,1,1
815722433,frederi1150,male,1.0,0,3
815722434,X9_DP_71,brand,0.0,2,9
815722435,poopheadakridge,male,1.0,0,3
815722436,BELFORGroup,brand,0.0,1,1
815722437,theskyisgrey_,female,1.0,3,7
815722438,gothpixie73,female,1.0,3,8
815722439,Greg_Richman_,male,1.0,0,11
815722440,branduncare,male,1.0,3,2
815722441,fernandez_jfm,male,1.0,1,3
815722442,britkloepfer,female,1.0,3,7
815722443,partyontheweekn,female,1.0,0,7
815722444,iansgallgher,male,1.0,3,2
815722445,dnorri17,male,1.0,3,8
815722446,who_cody_carter,male,1.0,0,5
815722447,Iy_zham,male,1.0,1,9
815722448,Wonkaflocka,male,1.0,0,5
815722449,soduch,male,1.0,1,1
815722452,DTcnnant,male,1.0,0,7
815722453,goverment_q,brand,0.0,0,3
815722454,LevityNYC,male,1.0,3,10
815722455,VertigoOfCal,male,1.0,3,8
815722456,9DEBORA5Tracy05,female,1.0,3,7
815722457,karlee_lewis,female,1.0,3,8
815722458,marcilesm,male,1.0,0,7
815722459,mermaidfestas,male,1.0,3,2
815722460,fiftharirection,female,1.0,3,8
815722461,DominationTos,brand,0.0,3,2
815722462,NHMS,brand,0.0,3,10
815722463,sumeyrahx,female,1.0,0,7
815722464,NewsNeus,female,1.0,3,10
815722465,tiredjinki,male,1.0,3,8
815722466,wat_wood,female,1.0,0,7
815722467,feminist_trash,female,1.0,3,2
815722468,Arrowhead_JL,male,1.0,0,7
815722469,justicecw,female,1.0,3,8
815722470,josepaz481,male,1.0,3,7
815722471,JeffAiken,male,1.0,0,8
815722472,ASVPzayn,male,1.0,3,2
815722473,jazzmits,brand,0.0,0,3
815722474,bpeculiarmusic,brand,0.0,0,5
815722475,JerikaInez,female,1.0,3,7
815722476,RomyWij,female,1.0,3,0
815722477,FlowerChildJasz,female,1.0,0,7
815722478,patduremdes,female,1.0,0,3
815722479,Bignastier2015,male,1.0,3,7
815722480,nonmaayo,female,1.0,1,1
815722481,expoMgurk,male,1.0,0,3
815722482,portvale,brand,0.0,1,1
815722483,SurvivalSelene,female,1.0,0,1
815722484,eduabraza,unknown,,0,1
815722486,aleehsun,female,1.0,3,8
815722487,JubEatsBare,male,1.0,3,10
815722488,OBrien_IPH,brand,0.0,0,5
815722489,RogersKaitlyn,female,1.0,3,10
815722491,moxie86,female,1.0,3,0
815722492,armsfalloffboy,male,1.0,0,5
815722493,_johnburrows,male,1.0,0,5
815722494,WTF_5sauce_,male,1.0,3,2
815722495,IAmCWest,male,1.0,0,5
815722496,Idixt_Jess_,female,1.0,3,0
815722497,mommyofvillains,female,1.0,1,1
815722498,spencer_warezak,male,1.0,0,7
815722499,irfrazer,male,1.0,3,8
815722500,EJBusch,male,1.0,3,0
815722501,Sing_u_larity,male,1.0,3,2
815722502,dadhikes,male,1.0,0,7
815722503,Nliddle16,male,1.0,3,2
815722504,Et3rnalHero,male,1.0,3,7
815722505,Atlegang_M_,female,1.0,3,8
815722506,gooftrupe,brand,0.0,0,0
815722507,aashaydalvi,male,1.0,1,11
815722508,NickMakhoul,male,1.0,3,8
815722509,RealMsP_53,female,1.0,0,3
815722510,BingosResale,brand,0.0,3,2
815722511,DougBuenro,male,1.0,1,1
815722512,youngglobal,male,1.0,1,1
815722513,onefabulousmama,female,1.0,0,1
815722515,jdgamerboy,male,1.0,0,3
815722516,BBDBasketball,brand,0.0,0,1
815722517,ghostofjohanna,brand,0.0,3,2
815722518,ChristBusChamb,brand,0.0,1,11
815722519,RMAFG10,male,1.0,3,7
815722520,HayleyJDunne,female,1.0,0,0
815722521,markoos16,male,1.0,0,3
815722522,GeoramaTravel,brand,0.0,0,1
815722523,CatAnne19,female,1.0,1,1
815722524,bodmond,male,1.0,3,5
815722525,desireeliotti30,male,1.0,3,7
815722526,xBDOT,male,1.0,3,10
815722527,sodamn_arrogant,female,1.0,1,5
815722528,Sasslikeme,male,1.0,3,2
815722529,HappinessInHD,brand,0.0,3,0
815722530,playfulpupsomd,brand,0.0,1,1
815722531,RKWinvisibleman,male,1.0,3,2
815722532,James32770299,male,1.0,0,3
815722533,RaniyahD_,female,1.0,3,8
815722534,sypozybopyt,female,1.0,0,7
815722535,TopMass,male,1.0,3,5
815722536,evelynmvaldez,female,1.0,3,8
815722537,OurCommonRoots,brand,0.0,0,1
815722538,lemonsale,brand,0.0,1,9
815722539,SpearsMagazine,brand,0.0,0,5
815722540,hannahkeenan11,female,1.0,0,1
815722541,EmilyOrr016,female,1.0,0,7
815722542,swwfu_,female,1.0,3,2
815722543,RMVonTwit,brand,0.0,3,10
815722544,ScreenRelish,brand,0.0,3,2
815722545,podnosh,male,1.0,1,0
815722546,__SlimJim,female,1.0,0,7
815722547,johnneezzyy,male,1.0,3,7
815722548,agentlinton,male,1.0,3,10
815722549,YogurtNutrition,brand,0.0,1,1
815722550,johnniestone5s,male,1.0,3,2
815722551,PSABritishness,brand,0.0,0,1
815722553,CarolLake918,female,1.0,3,7
815722554,Joe_Erhet,male,1.0,1,1
815722555,emilymorri,female,1.0,3,8
815722556,loooceh,female,1.0,3,8
815722557,RamasScreen,brand,0.0,1,10
815722558,_BlueDot,male,1.0,1,1
815722559,Jenner757,unknown,,0,1
815722560,ultraviolince,female,1.0,3,8
815722561,iamQueeeeeeny,female,1.0,3,8
815722562,calii___born,male,1.0,0,1
815722563,FunSizeHaitian_,female,1.0,3,8
815722564,the_sloth_queen,female,1.0,0,3
815722565,CarlosLove4Life,male,1.0,1,11
815722566,_EJJ,female,1.0,3,8
815722567,166HAZEL51,female,1.0,2,4
815722568,trebor_guk,male,1.0,3,10
815722569,authorLTReece,male,1.0,1,11
815722570,AyeshaRpk,female,1.0,0,3
815722571,Allie_pops,female,1.0,1,11
815722572,DopeDavis_251,male,1.0,3,8
815722573,Trist_Chi,female,1.0,0,5
815722574,happyprincessj,female,1.0,3,2
815722575,BVDTVSTE,male,1.0,0,5
815722576,__swankin,male,1.0,0,5
815722577,bohyungg,male,1.0,3,2
815722578,ChepstowChamber,brand,0.0,1,1
815722579,tonguesintrees,brand,0.0,0,5
815722580,SpiveyShouts,female,1.0,3,10
815722581,Logicswiftz,male,1.0,0,7
815722582,TheImitatingOne,unknown,,0,5
815722583,starrFMonline,brand,0.0,1,11
815722584,ivyjordan_,female,1.0,3,8
815722585,paul18280,male,1.0,1,5
815722586,965TheFox,brand,0.0,0,0
815722587,niallwxthcalum,male,1.0,3,10
815722588,Ratman46,male,1.0,0,0
815722590,riley9311,male,1.0,0,3
815722591,JoseJmfathens,male,1.0,3,0
815722592,PS2TAN,male,1.0,0,5
815722593,crmitsolutions,brand,0.0,1,11
815722594,chrismix5,male,1.0,3,7
815722596,THE_Lakoa,female,1.0,3,7
815722597,JhonRules,male,1.0,3,2
815722598,sciordia,male,1.0,0,1
815722599,triaticr,male,1.0,3,8
815722600,LeedsMods,brand,0.0,0,1
815722601,Kialna,female,1.0,3,10
815722602,SteinbeckCenter,brand,0.0,1,7
815722603,ashleynoellex3,female,1.0,3,8
815722604,Endraxial,male,1.0,3,10
815722605,Kennadian_,female,1.0,3,8
815722606,pintvancouver,brand,0.0,1,1
815722607,pareayh,female,1.0,3,10
815722608,jjkrakow,brand,0.0,0,3
815722609,broadcastlwt,male,1.0,3,2
815722611,Markie___mark,male,1.0,3,2
815722612,maffagafo,male,1.0,3,10
815722613,SassySausage1,female,1.0,3,8
815722614,Dozie,male,1.0,3,7
815722615,davidinalmeria,male,1.0,1,1
815722616,704jthomas,male,1.0,3,7
815722617,bertodiplo,male,1.0,0,0
815722618,Zelle1985,female,1.0,0,0
815722619,GrahamDAragon,male,1.0,0,5
815722620,Ateraether,unknown,,0,3
815722621,JeffreyCamp,male,1.0,3,0
815722622,gasparlanca,male,1.0,3,2
815722623,MarkSanders1978,male,1.0,0,3
815722624,KeleMars,female,1.0,0,3
815722625,HausOfSavannah,female,1.0,3,8
815722626,AL_Write,male,1.0,3,8
815722627,_amxlia_,female,1.0,3,8
815722628,caitlinnicole46,female,1.0,3,8
815722629,torianosecret,female,1.0,3,8
815722630,xdeontewilliams,male,1.0,3,8
815722631,AlexWeronski,male,1.0,0,3
815722632,LilTayyDaDon,male,1.0,1,1
815722635,lifeofjoshleen,female,1.0,3,2
815722637,LisaMargonelli,female,1.0,0,1
815722638,EasyShift,brand,0.0,0,5
815722639,NSFWJonathan,male,1.0,0,5
815722640,HeroesBeatZeros,brand,0.0,1,11
815722641,Anywiebs,female,1.0,1,11
815722642,danielgykim,male,1.0,0,3
815722644,xxx44static,unknown,,0,5
815722645,asnorton,male,1.0,1,0
815722646,GaGaAwesomeLady,female,1.0,1,9
815722647,thepoliticogal,female,1.0,0,0
815722648,adriannaq,female,1.0,0,0
815722649,ald0elridge,male,1.0,0,3
815722650,AngieWagg,female,1.0,1,10
815722651,RubieTheBeauty,female,1.0,1,8
815722652,TomasZabransky,male,1.0,1,1
815722653,Kevin1MacMillan,male,1.0,1,1
815722654,TheStrategic0ne,male,1.0,1,2
815722655,BNN_Television,brand,0.0,1,1
815722656,eaumosaique,female,1.0,0,3
815722657,SteveWithaB,male,1.0,0,5
815722658,stevejbicknell,male,1.0,1,1
815722659,SaraLUckelman,female,1.0,0,5
815722660,Jak3B3n93,male,1.0,0,1
815722661,Gideon_Boots,unknown,,0,3
815722662,OlaMishamigo,male,1.0,3,0
815722663,Cobi_Jon,unknown,,3,8
815722664,truthtrebles,female,1.0,3,8
815722665,getlykme103,female,1.0,3,8
815722666,Orangutan_Tits,male,1.0,3,8
815722667,PrincipalUMS,male,1.0,1,1
815722668,philmuziqAfrica,male,1.0,0,5
815722669,ElinaTrance,female,1.0,0,1
815722670,__Pelaez,female,1.0,3,8
815722671,newfreshtshirt,female,1.0,0,7
815722672,caroline_cherop,female,1.0,0,3
815722673,j3ssicaamber,female,1.0,3,2
815722674,les_booby,brand,0.0,1,11
815722675,ChristianAcuna_,male,1.0,3,7
815722676,Chloe_Hartleyxo,female,1.0,3,8
815722678,JrWarwick,unknown,,3,2
815722680,josefoshea,male,1.0,3,10
815722681,iTEE_RRIFIC,female,1.0,3,8
815722682,milakoalahugs,female,1.0,3,2
815722683,brileereif,unknown,,0,3
815722684,QUHawks,brand,0.0,1,1
815722685,StephanieRalls,female,1.0,0,3
815722687,HaroldMeneses,male,1.0,3,8
815722688,imLuna_thecat,unknown,,0,3
815722689,Jessi4PTX,female,1.0,0,0
815722690,Fraeulein_Lucy,female,1.0,0,5
815722691,BalbirJudge,male,1.0,1,11
815722692,CBLJ12,female,1.0,0,0
815722693,Yung_Gosling,male,1.0,1,1
815722694,04_11_08,brand,0.0,1,1
815722695,glenysfurness,male,1.0,3,10
815722696,babisofia,female,1.0,3,8
815722697,itutorial_yt,brand,0.0,1,9
815722698,horny4jye,male,1.0,3,8
815722699,ivory_SoAmazing,male,1.0,3,7
815722700,ArnoldRonald1,female,1.0,1,9
815722701,plmnkoijbhu,female,1.0,3,10
815722702,class317,male,1.0,1,5
815722703,robinlynnemabin,female,1.0,3,8
815722704,UntzUntzWubWub,male,1.0,1,9
815722705,mike_merlino,male,1.0,1,9
815722706,GhostlyPublish,brand,0.0,1,1
815722707,robdempsey,male,1.0,1,11
815722708,RainBloggedIt,female,1.0,3,10
815722709,AprilAubade,female,1.0,3,0
815722710,Based_Benjamin,male,1.0,3,8
815722711,ithinkurkewl,male,1.0,3,2
815722712,_BuddhaQuotes,brand,0.0,1,6
815722713,CustomCookieCo,brand,0.0,1,1
815722714,undolock,brand,0.0,1,1
815722715,a5unlock,brand,0.0,1,1
815722716,LeslieLindsay1,female,1.0,1,1
815722717,WkdStepMum,brand,0.0,0,3
815722718,VetPetNews,male,1.0,1,1
815722719,ChemistryFiend,male,1.0,3,7
815722721,leahanneta,brand,0.0,1,9
815722722,candxtommo,unknown,,3,2
815722723,rainbovideo,unknown,,1,0
815722724,gakonovalova892,brand,0.0,0,3
815722725,iMugeh,male,1.0,3,10
815722726,pbump,male,1.0,3,10
815722729,RickyBerry123,male,1.0,2,6
815722730,naegisnaegi,brand,0.0,3,8
815722731,kadams190,male,1.0,0,3
815722732,JoshFin,male,1.0,3,10
815722733,unlockboot,brand,0.0,1,1
815722734,Meganova_Gv,brand,0.0,0,3
815722735,_LoveYouDearly,female,1.0,3,10
815722736,ericjboyd,male,1.0,0,5
815722737,nicoballonn,male,1.0,1,8
815722738,dgambacorta,male,1.0,3,5
815722739,wwp,brand,0.0,3,10
815722740,Maggie_xotwod,female,1.0,3,10
815722741,atknbck,male,1.0,0,3
815722742,ukulelezell,male,1.0,3,2
815722743,iamtwine,brand,0.0,3,10
815722744,HawickRemember,brand,0.0,1,1
815722745,mraaronharley,male,1.0,0,3
815722746,amyin613,female,1.0,3,10
815722747,GenusUnknown,male,1.0,0,3
815722748,DIABLOCDT,male,1.0,3,0
815722749,ThomasH29137281,female,1.0,2,4
815722750,Laish_Baish,female,1.0,3,8
815722751,LesothoJohn,male,1.0,1,1
815722752,Jake_Vig,male,1.0,3,2
815722753,ChigTheStiG,male,1.0,1,11
815722754,dorset_golf,brand,0.0,1,1
815722755,Beauutyy_queeen,female,1.0,0,7
815722756,losangeles_p,brand,0.0,1,9
815722757,UBtalkin,male,1.0,3,10
815722758,polwrestling,brand,0.0,0,7
815722759,EmberQuartz_mfc,female,1.0,3,7
815722760,w0nderwallhes,male,1.0,3,8
815722762,therealmoment,male,1.0,0,5
815722763,brandonandin,male,1.0,3,8
815722764,That_SPIFFguy,male,1.0,3,2
815722765,NicheMarketway,unknown,,1,1
815722766,its_cookie03,female,1.0,0,7
815722767,meganpower97,female,1.0,3,8
815722768,stephhh0601,male,1.0,3,0
815722769,Its_Jackyboiii,male,1.0,0,5
815722770,Macudoshis,male,1.0,3,2
815722771,CJFlavell,male,1.0,0,5
815722772,MJEANS99,male,1.0,0,7
815722773,Varnel_Hill,male,1.0,3,8
815722774,CVSHealthJobs,brand,0.0,1,11
815722775,applejoetweets,male,1.0,0,7
815722776,OreoPurr,unknown,,0,5
815722777,itsChrispino,male,1.0,0,3
815722778,Claire_Reynics,female,1.0,3,2
815722779,ConArtCritic,unknown,,3,10
815722780,Pat_Bren,male,1.0,3,2
815722781,MacylainAlfred,unknown,,0,6
815722782,MissMyrtle2,unknown,,3,11
815722783,engeljen,female,1.0,1,1
815722784,bossci__,female,1.0,3,8
815722785,CentralValleyTV,brand,0.0,3,10
815722786,thisiswales,brand,0.0,1,10
815722787,RossanaReggio,female,1.0,0,3
815722788,One1directiona1,female,1.0,3,7
815722789,IanQuod,male,1.0,0,3
815722790,xReceex,female,1.0,3,8
815722791,FrankHorowitz,male,1.0,0,8
815722792,JKamens,female,1.0,0,5
815722794,9BRENDA1Brooke0,female,1.0,3,7
815722795,Supr3meLord,male,1.0,3,8
815722796,count_vacula,male,1.0,0,7
815722797,CoralReefFish,male,1.0,3,0
815722798,MSU_CFR,brand,0.0,0,0
815722799,Ohhhdats_zutta,female,1.0,3,2
815722800,QueenieBlu,female,1.0,1,1
815722801,BiebersFuture,male,1.0,3,8
815722802,MLMMOS,brand,0.0,1,1
815722803,MJIannelli,male,1.0,1,1
815722804,NoCheeeeeks,female,1.0,0,7
815722805,MsNae_2U,female,1.0,3,8
815722806,CateAdair,female,1.0,1,11
815722807,ShareThisNews,brand,0.0,2,6
815722808,ellwood9000,male,1.0,0,7
815722809,coventrycity,brand,0.0,1,1
815722810,batchild100,female,1.0,2,9
815722811,ukulelerapgirl,female,1.0,3,2
815722812,InclusiveMU,brand,0.0,0,0
815722813,iamtenseven,male,1.0,3,10
815722814,henwinters,male,1.0,3,10
815722815,alharstone,male,1.0,0,3
815722816,ManufacturingOD,male,1.0,1,9
815722817,Naija247new,brand,0.0,1,9
815722818,mancinidaniele2,brand,0.0,0,3
815722819,Kachi_Gele,male,1.0,1,10
815722820,ExtaticEmily,female,1.0,3,8
815722821,MartynWDesigns,male,1.0,1,11
815722822,MsGamerSE,female,1.0,3,5
815722823,justonetae_,female,1.0,3,8
815722824,chrgra,male,1.0,3,10
815722825,HedonistShednst,brand,0.0,1,0
815722826,joinupdotsdaily,brand,0.0,1,9
815722827,RyanPadgham,male,1.0,1,1
815722828,JKE_G,brand,0.0,3,8
815722829,AriJBiebTaySwft,unknown,,3,6
815722830,dcsniper187,male,1.0,3,5
815722831,nancy_martira,female,1.0,1,10
815722832,amanda_normalik,male,1.0,3,5
815722833,jamasoftware,brand,0.0,0,5
815722834,alphabetdomains,brand,0.0,0,6
815722835,CRSrecruitment,brand,0.0,1,1
815722836,handbuiltcity,brand,0.0,0,5
815722837,amarrateuponei,female,1.0,3,2
815722838,St8edge4life88,brand,0.0,0,5
815722839,gdotlee,male,1.0,1,0
815722840,ScrippsHealth,brand,0.0,1,1
815722841,Volkamar,male,1.0,0,5
815722842,MixTapeFM,brand,0.0,1,9
815722843,GinhaGinhaa,male,1.0,3,7
815722844,fistelhelena,female,1.0,0,3
815722845,youngtre_ygk,male,1.0,1,11
815722846,HotTusker,male,1.0,0,6
815722847,LyndseyLouBR,female,1.0,0,3
815722848,karlita56,female,1.0,3,5
815722850,MeganSheeran7,female,1.0,3,8
815722851,MretweetTrain,brand,0.0,1,11
815722852,mikewilsonia,male,1.0,0,1
815722854,AfrikasPoet,female,1.0,3,2
815722855,JAG3RJAY,male,1.0,0,3
815722856,putA_PRICEonit,female,1.0,3,8
815722857,ThatBoysGood,brand,0.0,3,2
815722858,johnortegon,male,1.0,0,3
815722860,Henrietta683A,female,1.0,1,9
815722862,xprettyy,female,1.0,3,8
815722863,Bri_Nicole321,female,1.0,3,8
815722864,EsteemedKompany,male,1.0,0,0
815722867,placedenergy,male,1.0,3,2
815722868,mohalemamarara,male,1.0,0,1
815722869,hannah_divine3,female,1.0,3,7
815722870,chadfishburne,male,1.0,3,0
815722871,kuhrizma_ime,male,1.0,0,1
815722873,SwordsCPFC,male,1.0,3,10
815722874,KButter_22,male,1.0,3,2
815722875,RealRossBailey,male,1.0,3,8
815722876,FemaIeFltness,brand,0.0,0,3
815722877,JPadmore92,male,1.0,3,8
815722878,alliemelissinos,female,1.0,3,8
815722879,Louthdog,male,1.0,1,11
815722880,VolcanoEdmonton,brand,0.0,0,5
815722881,Banwell01,female,1.0,3,2
815722882,peugeot82,male,1.0,0,1
815722883,CardiffSkateCo,brand,0.0,1,11
815722884,Incdraw,male,1.0,0,5
815722885,hardROClife,male,1.0,3,10
815722887,Jon_Stegall,male,1.0,3,8
815722888,CAZ_Lawrence,male,1.0,3,2
815722889,pinkandtweed,male,1.0,3,10
815722890,Hmwills27,female,1.0,0,7
815722891,GavinWSewell,male,1.0,1,11
815722892,Afremov_Artist,male,1.0,3,2
815722893,_Bousquet_,female,1.0,3,8
815722894,piercedmgcx,male,1.0,3,2
815722895,devils201,brand,0.0,1,1
815722896,isimplytessa,male,1.0,3,8
815722897,TheRealDeeKay86,unknown,,0,0
815722898,naijama,female,1.0,1,10
815722902,Porketh,male,1.0,0,0
815722903,LaineyGillon,female,1.0,1,5
815722905,krggddn,brand,0.0,0,5
815722908,trebletotheclef,female,1.0,3,10
815722912,DevonMcQuillan1,female,1.0,0,3
815722916,lisamoser15,female,1.0,0,3
815722917,Dhealthstore,male,1.0,1,10
815722918,rooneygyamfi,male,1.0,0,8
815722921,RajahnF,male,1.0,0,7
815722922,itsgood2beking,male,1.0,1,1
815722923,sooze44,brand,0.0,1,1
815722927,Melikeu,female,1.0,0,5
815722928,KenyaCrazyMedia,brand,0.0,1,9
815722929,fosteravepro,brand,0.0,3,8
815722930,henry_the_hippo,male,1.0,1,5
815722931,SadikiBakari,male,1.0,1,1
815722932,musk75,male,1.0,3,8
815722933,KnoxSportsGuy,male,1.0,3,5
815722934,wocmelanie,male,1.0,3,2
815722935,620wdae,brand,0.0,1,10
815722936,EllieHarding98,female,1.0,3,7
815722937,QueenKali_J,female,1.0,3,2
815722938,tee_sanford14,female,1.0,0,7
815722939,KendraBryson,female,1.0,1,9
815722940,alexnicolaides,female,1.0,0,8
815722941,EMMIIILLLLYYYYY,female,1.0,0,3
815722942,fatdaddygrump,male,1.0,3,2
815722943,The_Real_Neon,male,1.0,3,2
815722944,Derrick______,male,1.0,0,8
815722945,JonesCal2001,male,1.0,0,3
815722946,JustIsFashion,brand,0.0,3,2
815722947,_LSurge,male,1.0,3,8
815722948,barnsleyfc,brand,0.0,1,1
815722949,GangstarYagunda,male,1.0,2,6
815722950,BenoistDaily,female,1.0,0,3
815722951,cynthia_marie79,female,1.0,0,3
815722952,celbhoy67,male,1.0,0,5
815722954,TwirrahEmpire,unknown,,0,6
815722955,A_Felz,female,1.0,3,10
815722956,johnwayneburrr,male,1.0,3,2
815722957,VirginActiveUK,brand,0.0,3,0
815722958,silverfox2,male,1.0,1,11
815722959,Queen_VicTURRIa,female,1.0,3,2
815722960,zoellaoml,female,1.0,3,2
815722961,manteconramiro,brand,0.0,1,9
815722962,VISTAbuzz,brand,0.0,1,10
815722963,HoneyBadger10,female,1.0,3,8
815722964,paulkennedy171,male,1.0,0,3
815722965,TalkLFC07,male,1.0,3,8
815722966,lisadawkins1997,female,1.0,3,5
815722967,WunderMundus,brand,0.0,1,1
815722968,BiboEnVivo,male,1.0,3,2
815722969,_Caitlin2,female,1.0,0,5
815722970,MathPowerPoints,brand,0.0,1,6
815722971,TheTeflon_VON,brand,0.0,3,5
815722972,LiyemaNosipho,female,1.0,0,3
815722973,moosebumpin,male,1.0,3,8
815722974,Dfitz9477,brand,0.0,3,2
815722975,NcusheClothing,brand,0.0,0,3
815722976,WelcomDog,brand,0.0,3,2
815722977,greenforestsoap,brand,0.0,3,2
815722978,realjwin,male,1.0,0,5
815722979,lubwubs,male,1.0,3,7
815722981,KarlLimpert,male,1.0,0,5
815722982,Skinny_guyy,male,1.0,1,1
815722983,xxD_girlxx,female,1.0,1,1
815722984,miyat28,female,1.0,0,1
815722985,Zinzielynne,female,1.0,3,8
815722986,realLegitt,female,1.0,3,7
815722987,BenjmnEst,male,1.0,1,11
815722988,sefdsx,unknown,,0,1
815722989,hedhouseman,female,1.0,3,7
815722990,newslock_uknews,brand,0.0,1,9
815722991,Elliebelle,female,1.0,0,5
815722992,D_duran2015,male,1.0,0,3
815722993,JGoogleplex,male,1.0,3,8
815722995,C_S__,brand,0.0,3,8
815722997,FavMeRyuko,unknown,,3,2
815722998,bizzyboneee,male,1.0,1,9
815722999,ADrovetta,male,1.0,3,5
815723000,dannecorrigan,female,1.0,1,1
815723001,pinheadsgrvyard,brand,0.0,0,3
815723003,Ghandii_,male,1.0,3,8
815723004,halexswift,female,1.0,3,2
815723005,SportsMasterDan,male,1.0,1,1
815723006,gxldviibes,female,1.0,3,7
815723007,InstaTweep,unknown,,0,6
815723008,MikeParrActor,male,1.0,1,1
815723009,edot__,male,1.0,1,10
815723010,chellerabou,female,1.0,0,3
815723011,91Laty,female,1.0,0,5
815723012,andrewgodwin,male,1.0,0,5
815723013,BrandonEvrs,male,1.0,3,2
815723014,Treilluminati,male,1.0,3,8
815723015,SoleNSons,male,1.0,0,0
815723016,ThePrideDaniels,male,1.0,3,7
815723017,candicemarie32,female,1.0,3,8
815723018,cathytofine,female,1.0,0,3
815723020,NicolaTallis,female,1.0,0,5
815723021,CosmopolitanNG,brand,0.0,1,1
815723022,FrauRabeFoto,female,1.0,0,3
815723023,preilly,male,1.0,0,1
815723024,lawyerishnyc,female,1.0,3,5
815723025,ncaatourney,brand,0.0,1,1
815723026,JusCallMeMONEY_,female,1.0,3,8
815723027,GrumpyYid,male,1.0,3,0
815723028,inthebarberry,brand,0.0,0,7
815723029,cynthiacorneli5,female,1.0,0,3
815723030,thomasjones9000,male,1.0,2,4
815723031,TheWhiskyMiss,female,1.0,0,1
815723032,ElfyJunk,brand,0.0,3,9
815723033,lelyn_candace,female,1.0,3,8
815723034,EhMuai,brand,0.0,0,3
815723035,HollyMorwenna,female,1.0,1,10
815723037,My1Universe,brand,0.0,3,8
815723038,eleid,female,1.0,0,0
815723039,SuzanneShaffer,female,1.0,1,10
815723040,Tis_Beaty_San,male,1.0,3,8
815723041,mroselli13,male,1.0,3,8
815723042,emiiilyskirr,female,1.0,3,8
815723043,LeylandLeader,male,1.0,3,0
815723045,KardashianLizer,brand,0.0,1,9
815723046,yknot_eli,male,1.0,1,10
815723047,Chrizamo,male,1.0,3,10
815723048,lindseyvalvoda,female,1.0,3,2
815723049,etherealhyuk,female,1.0,3,8
815723050,merlinwebwizard,unknown,,3,10
815723051,davemint,male,1.0,3,10
815723052,southwalesargus,brand,0.0,1,1
815723053,UMNHistory,brand,0.0,0,3
815723054,keanerie,brand,0.0,1,1
815723056,byediva,brand,0.0,3,8
815723057,marketingkelly,female,1.0,1,1
815723058,dread8484,male,1.0,0,5
815723059,meredithnico,male,1.0,1,1
815723060,LOLOTheFox,female,1.0,1,1
815723061,AmNewsWatch,brand,0.0,1,9
815723062,troysworktable,male,1.0,0,1
815723063,Kite_Tales,female,1.0,0,5
815723064,madihill7,female,1.0,3,7
815723065,dustbury,male,1.0,3,10
815723066,FFGC_SMatthews,brand,0.0,3,2
815723067,jonopritch,male,1.0,1,11
815723068,lilennario_,male,1.0,3,2
815723069,HillanaKodi,female,1.0,3,2
815723070,OMGiTz_Cee,male,1.0,3,8
815723071,CookeLuke,male,1.0,0,7
815723072,ArchiJake,male,1.0,1,10
815723073,Tloves2cheer,female,1.0,0,1
815723074,GreatNegrodamus,unknown,,1,10
815723075,LeedsRhinosApp,brand,0.0,1,9
815723076,Angel_J_Collins,female,1.0,0,5
815723077,nucfootball,male,1.0,3,10
815723078,FrankieSaysRun,male,1.0,3,7
815723079,301ree,male,1.0,2,7
815723080,TimothyTower,male,1.0,0,7
815723081,ApostilleDoc,brand,0.0,0,3
815723082,skatetochurch,male,1.0,3,8
815723083,NHCUpdatesWW,brand,0.0,0,3
815723084,ErenTheBrat,male,1.0,3,6
815723085,dornan_shades,male,1.0,1,1
815723086,Tony_Hodson,male,1.0,1,10
815723087,aroraanant,male,1.0,0,5
815723089,davUnderGround,male,1.0,0,3
815723090,WorldRadioNet,female,1.0,1,9
815723091,DirectorySootle,brand,0.0,1,9
815723092,MissyXMartinez,female,1.0,3,10
815723093,Ramuno,male,1.0,0,5
815723094,almondmlkpapi,male,1.0,3,8
815723095,Websand,brand,0.0,1,1
815723096,gracie_scanga,female,1.0,3,2
815723097,JayDailey_252,male,1.0,3,8
815723098,nn8__,male,1.0,3,8
815723099,lills_baby,female,1.0,0,3
815723100,SwopeDza,male,1.0,3,10
815723101,hotjamalle,male,1.0,3,2
815723102,aSEATaxiCab,brand,0.0,1,9
815723103,LeeNicholson11,male,1.0,3,0
815723104,kayotunde,male,1.0,1,5
815723105,TransMenScot,brand,0.0,0,3
815723106,salescreative1,brand,0.0,1,5
815723107,LauraGraceeM,female,1.0,3,8
815723108,CasinoMgtReview,brand,0.0,0,3
815723109,durrantee,male,1.0,3,2
815723110,MKarbat,male,1.0,0,7
815723111,jordan_harmston,male,1.0,3,7
815723112,marleyhatesu,female,1.0,3,8
815723113,sam0ns,female,1.0,3,8
815723114,twentylem,male,1.0,0,3
815723115,FalconsFanApp,brand,0.0,1,9
815723116,delarosa_ruby,female,1.0,3,7
815723117,GQMagazine,brand,0.0,1,8
815723118,bangtanbitch,unknown,,3,2
815723119,kbelanger716,male,1.0,3,7
815723120,inrcle,male,1.0,3,2
815723121,NaomiFaithH,female,1.0,0,5
815723122,lisatalley045,female,1.0,3,2
815723123,TAPIntoTravel,brand,0.0,0,1
815723124,flockaa_birdss,male,1.0,3,7
815723125,Joshua_Newman,male,1.0,1,10
815723127,shakur_de,male,1.0,0,7
815723128,Beenn_Livee,male,1.0,3,8
815723129,SHP_Balance,male,1.0,1,9
815723130,MerseysideLab,brand,0.0,1,1
815723131,mafferodrii,female,1.0,3,8
815723132,FundaCastro,female,1.0,1,1
815723133,isentoisento1,unknown,,0,3
815723134,ambreignsalways,male,1.0,3,10
815723135,WindsorBoysSocc,brand,0.0,0,3
815723136,kimsheehan32,female,1.0,0,5
815723137,survive2thrive1,brand,0.0,3,10
815723138,b1dina,unknown,,1,9
815723139,WilbertWestonJr,male,1.0,0,7
815723140,Sh_fzs_01,brand,0.0,1,9
815723141,ChrisAlan28,male,1.0,0,3
815723142,ryeo58,female,1.0,0,1
815723143,Oob_bgark,female,1.0,1,10
815723144,VJB_Live,brand,0.0,1,9
815723145,AWDtwit,unknown,,3,10
815723146,JadoreAGB,female,1.0,0,5
815723147,Jake_morrissey8,male,1.0,0,3
815723148,JackBugeja15,male,1.0,0,7
815723149,AlexClegg93,male,1.0,3,8
815723150,ohamira,female,1.0,3,8
815723151,siradinalina,female,1.0,3,2
815723152,videodred,male,1.0,1,1
815723154,BharatP95362736,female,1.0,3,4
815723155,dustbunniesblog,female,1.0,1,2
815723156,_DirtyBirdJulio,male,1.0,3,2
815723157,jzheel,male,1.0,0,0
815723158,bigboytwan,male,1.0,3,7
815723159,b_w_a_p_shuuz,female,1.0,3,8
815723160,Mos_Yize,male,1.0,0,7
815723161,PeeZ_NutZ,unknown,,3,8
815723162,gleecatsversion,unknown,,0,7
815723163,E9_UP_K8,brand,0.0,1,9
815723164,Sportys,brand,0.0,1,1
815723165,ddemslovatoo,female,1.0,3,2
815723166,OnScenesTv,brand,0.0,1,10
815723167,Yolandae_ZAR,female,1.0,3,0
815723168,JakeGeezus,male,1.0,3,7
815723169,derekmills1,brand,0.0,1,1
815723170,craigieee,male,1.0,0,1
815723171,keirhardie47d,brand,0.0,0,0
815723172,ASAP_Nico5,male,1.0,0,0
815723173,GlitterBill,female,1.0,0,7
815723174,CortenEditorial,female,1.0,0,5
815723175,JPosnanski,male,1.0,1,5
815723176,maystrop,brand,0.0,0,3
815723177,NiallKennedy,male,1.0,3,10
815723178,Pooja991,unknown,,0,5
815723179,trapking_P4L,male,1.0,2,6
815723180,NerfMagnetic,unknown,,0,3
815723181,rlkant18,male,1.0,0,3
815723182,TKinBA21,unknown,,0,5
815723183,vintagebooks,brand,0.0,3,10
815723184,torrymartins,female,1.0,3,8
815723186,AnnikaSofieBee,male,1.0,3,7
815723187,VeryOldPics,brand,0.0,3,9
815723188,DY_IO_23,brand,0.0,1,9
815723189,JesseLynnFoster,female,1.0,3,2
815723190,DoctorOfFizz,unknown,,3,5
815723191,kzenor,female,1.0,1,1
815723192,chemicalburnout,female,1.0,0,7
815723193,evolvesustain,brand,0.0,1,10
815723194,rhexsus,unknown,,3,2
815723195,TCHANCEEE,male,1.0,3,8
815723196,nomadartdesign,brand,0.0,1,5
815723197,shan_rochelle,female,1.0,3,7
815723198,Sylverspooncc,male,1.0,0,5
815723199,LisaRBriscoe,female,1.0,3,10
815723200,notthefakeRed,male,1.0,3,8
815723202,JasonAbbruzzese,male,1.0,1,10
815723203,hotwifemadison,female,1.0,3,2
815723204,stephaniieleee,female,1.0,3,8
815723205,uzu_ebooks,brand,0.0,3,6
815723206,ChayseFox,brand,0.0,3,8
815723207,singinsagg,male,1.0,1,1
815723208,SheHatesJacoby,male,1.0,3,10
815723209,Solitairystorm,female,1.0,3,2
815723210,lmack_12,female,1.0,3,0
815723211,dekisa23,unknown,,0,7
815723212,latimes,brand,0.0,1,1
815723213,USMCareerSrvcs,brand,0.0,0,5
815723215,KorKorMichelle,female,1.0,0,0
815723216,imlouisenriquez,female,1.0,0,1
815723217,LoyaltyTruth,male,1.0,1,11
815723218,perepereden,female,1.0,3,2
815723219,uwsph,brand,0.0,1,1
815723220,elizabethmiko,female,1.0,0,3
815723221,esasahara,brand,0.0,1,10
815723222,Dani_nanonino,female,1.0,0,1
815723223,DJG831,male,1.0,1,1
815723224,scriptlirry,male,1.0,3,2
815723225,Krystaalized,female,1.0,1,1
815723226,JJonesUCD,female,1.0,0,1
815723227,AlbuuSang,male,1.0,0,6
815723228,DanielleSky5SOS,male,1.0,3,2
815723229,domilen_,female,1.0,3,8
815723230,NotiSportsVe,brand,0.0,1,9
815723231,FateApollyon,brand,0.0,0,3
815723232,kary13__,female,1.0,0,3
815723233,JobsinSeattle1,brand,0.0,1,9
815723234,SpookyPotatoe,brand,0.0,1,6
815723235,THE_HOEOLOGIST,brand,0.0,3,8
815723236,BELUTHAHATCHIE,male,1.0,1,1
815723237,MohammadNeshat,male,1.0,0,3
815723240,JosefinePraline,female,1.0,1,1
815723241,fuckupthe_world,female,1.0,3,7
815723242,stocksguru99,brand,0.0,1,9
815723243,MNetKatie,female,1.0,0,3
815723244,samrye_enspiral,male,1.0,1,10
815723246,NotAdric,male,1.0,1,9
815723247,skepticgiraffe,brand,0.0,0,3
815723250,andrealstanton,female,1.0,0,5
815723251,mynameisgone,male,1.0,3,5
815723252,janii_bones,female,1.0,3,8
815723253,kevinmenzel,male,1.0,3,10
815723254,CherylRainfield,female,1.0,1,10
815723255,Beatsonii,male,1.0,0,5
815723256,EmilyJkinsey,female,1.0,0,1
815723257,EAPR2001,male,1.0,0,7
815723258,awthentik,male,1.0,3,10
815723259,JoeFreedomLove,brand,0.0,1,2
815723260,TheNewsMalaysia,brand,0.0,1,9
815723261,IAm_Kemar,male,1.0,0,7
815723262,RalphieeLove,male,1.0,3,2
815723263,Amadeusivan,brand,0.0,3,10
815723264,Salopian_Sam,male,1.0,3,11
815723265,AstroAthene,brand,0.0,3,10
815723266,newyork_news9,brand,0.0,1,9
815723267,CKDOGG_,brand,0.0,1,9
815723268,najinhas,female,1.0,3,2
815723269,DJMikeMoore86,male,1.0,0,3
815723270,JamesGIS,male,1.0,1,10
815723271,JustinWoelk,male,1.0,3,8
815723272,JonesAljones425,female,1.0,0,3
815723273,ericatorresss,female,1.0,3,8
815723274,DrTomDePaoli,male,1.0,1,1
815723275,PROMO4LIFE_BIZ,female,1.0,1,9
815723276,sassysam8,male,1.0,3,2
815723277,luke_berlioux,unknown,,0,7
815723278,Philamode,male,1.0,0,3
815723279,battlethetide,female,1.0,3,8
815723280,Map_Game,brand,0.0,1,9
815723281,dogHeadquartrs,female,1.0,0,5
815723282,Aaran_Grizzey,male,1.0,0,3
815723283,Official_MJG,male,1.0,0,1
815723284,nicole_scantlin,female,1.0,0,3
815723285,nationalrailenq,brand,0.0,1,10
815723286,JasonTheInfamus,male,1.0,1,1
815723287,LunaAmatheia,brand,0.0,0,5
815723288,cprm013113,brand,0.0,1,10
815723289,DJ_C_DOG,male,1.0,0,5
815723290,artscamerasplus,brand,0.0,1,1
815723291,premierflyer,female,1.0,0,1
815723293,billcroninwrite,male,1.0,1,10
815723294,kiaspeaks,female,1.0,3,10
815723295,OurParents,brand,0.0,1,11
815723296,brighterkashmir,brand,0.0,1,1
815723298,hamza3x,male,1.0,0,11
815723299,davidsitton,male,1.0,0,5
815723301,78skies,female,1.0,3,2
815723302,Venom_Kidman,male,1.0,0,1
815723303,TrueCOT,brand,0.0,1,11
815723304,OneTrill_Pill,female,1.0,0,7
815723305,fireboy333,male,1.0,1,1
815723307,GreenVodka,female,1.0,1,1
815723308,Kenaaan_,male,1.0,0,3
815723309,ejleindecker,female,1.0,0,5
815723310,caleighmcderm1,female,1.0,3,2
815723311,astateofsundays,brand,0.0,1,1
815723312,hannah_madison_,female,1.0,3,8
815723313,michaelattackzo,male,1.0,0,3
815723314,kirkburgess,male,1.0,3,5
815723315,zombienativity,brand,0.0,1,11
815723316,sighmack,female,1.0,3,8
815723317,CosmopolitanUK,brand,0.0,1,1
815723318,OCBallistics,brand,0.0,1,1
815723319,ImpartnerPRM,brand,0.0,1,5
815723320,LasellAthletics,brand,0.0,1,1
815723321,HeitorLM,male,1.0,1,9
815723322,hanan_alsanan,female,1.0,1,1
815723323,KayySlayy0x,female,1.0,3,2
815723324,LukeIsASequin,brand,0.0,3,2
815723325,IAmYourConnect,female,1.0,1,9
815723326,onyxspartan,male,1.0,1,10
815723327,saddergraham,female,1.0,0,7
815723328,TheLydiaVein,female,1.0,0,7
815723329,SketchMasterMJH,brand,0.0,3,8
815723330,WavePIlls,female,1.0,1,9
815723331,V23___,female,1.0,3,8
815723332,gatitadelrey,female,1.0,3,7
815723334,ImProccyy,male,1.0,3,6
815723335,tasteofassam,brand,0.0,0,6
815723336,AaronBScrolled,male,1.0,0,5
815723337,raviolisloth,female,1.0,3,8
815723338,1DennisHemmo,male,1.0,1,1
815723339,RyanWKnapp,male,1.0,3,8
815723340,funcatss,brand,0.0,1,9
815723341,dailykaroline,female,1.0,3,2
815723342,ChinoChinako,female,1.0,3,10
815723343,jasminesweetx,female,1.0,3,2
815723344,Jantxnc,male,1.0,3,10
815723345,_tommyosullivan,male,1.0,0,7
815723346,caballist69,unknown,,0,3
815723347,Ryan__Hyman,male,1.0,3,7
815723348,threeamp1,male,1.0,0,5
815723350,RomiePlates,male,1.0,3,8
815723351,themillshouse,brand,0.0,1,1
815723352,RumpyDog,brand,0.0,3,10
815723353,jdmccartney,male,1.0,0,1
815723354,PhilKinzler,male,1.0,1,5
815723355,allen_bragg,brand,0.0,0,3
815723356,swarmchan,brand,0.0,3,0
815723357,smoothjazztampa,brand,0.0,1,1
815723358,emztb,female,1.0,0,7
815723359,mcgoughmorgan,female,1.0,0,3
815723360,Debkrol,female,1.0,1,1
815723361,_juicyjenny,female,1.0,3,8
815723362,BenWarrener,male,1.0,0,3
815723363,POTUSPressPool,brand,0.0,3,0
815723364,tamrynseale,female,1.0,3,2
815723365,Music_Reddit,brand,0.0,1,9
815723366,MapleLeafBaby,male,1.0,3,2
815723367,vambenepe,male,1.0,1,1
815723368,JudyLocal,female,1.0,0,3
815723369,bagged_blaine,female,1.0,0,0
815723371,frances89690999,brand,0.0,2,4
815723372,MissMBelieber,brand,0.0,1,10
815723373,mansaenchill,male,1.0,3,2
815723374,GlenBikes,male,1.0,3,0
815723375,flew72,brand,0.0,2,9
815723376,AmirPaiss,male,1.0,0,1
815723377,freebetshome,brand,0.0,1,9
815723378,Mattiecooper,male,1.0,1,1
815723379,HolsteinUSA,brand,0.0,1,1
815723380,BeEtLjOoZ,brand,0.0,1,10
815723381,maliki_loven,male,1.0,0,8
815723382,Blessman239,brand,0.0,0,0
815723383,katrinamason84,female,1.0,1,9
815723384,yessinya_lh,male,1.0,0,5
815723385,Shaydoeshair,female,1.0,1,11
815723387,freejoshgordon_,male,1.0,3,2
815723388,TamraPhe,female,1.0,1,9
815723389,walesnews,brand,0.0,1,9
815723390,uzpinto,male,1.0,3,10
815723391,JediNewsUK,brand,0.0,1,1
815723392,WashPostVA,brand,0.0,1,1
815723393,le_debut,female,1.0,3,2
815723394,RahmanNoodle66,unknown,,3,10
815723395,StevenKilsdonk,male,1.0,0,5
815723396,YorkyPuds,male,1.0,1,10
815723397,shonkerr,male,1.0,3,0
815723399,HeroSportsNews,brand,0.0,1,11
815723400,johnrtworld,male,1.0,1,1
815723401,debtclear,brand,0.0,1,1
815723402,sweethart963,female,1.0,3,10
815723403,Ohska_,female,1.0,0,7
815723404,40billion,brand,0.0,1,10
815723405,CityClubRaleigh,brand,0.0,0,1
815723406,sickpiledrivers,male,1.0,0,3
815723407,oker59,brand,0.0,3,10
815723408,PodcastsInColor,brand,0.0,1,9
815723409,Marietta_Slutzx,brand,0.0,1,9
815723410,mbrollcake,brand,0.0,1,11
815723411,Entrepre_Loser,brand,0.0,1,9
815723412,vill_genevieve,female,1.0,3,2
815723413,Queen_AgnezMo,female,1.0,1,9
815723414,KILLA_KLEA,female,1.0,1,9
815723415,TNFOF,female,1.0,1,1
815723416,cducksbury,male,1.0,3,10
815723417,HamsterManOtaku,male,1.0,3,5
815723418,Indy_Events,male,1.0,1,11
815723419,Almigh_Bobby,male,1.0,3,8
815723420,juniorvalero151,male,1.0,3,5
815723421,CLoprestiWFAN,male,1.0,1,10
815723422,emile1973,female,1.0,0,3
815723423,KarenLMcHale,female,1.0,1,11
815723424,gnarlyorion,female,1.0,3,2
815723425,JenWilcoxphotog,female,1.0,0,5
815723426,Torbay_Hour,brand,0.0,3,0
815723428,SantaCsWorkshop,brand,0.0,1,11
815723429,PresHodge,male,1.0,0,5
815723430,smxmagazin,brand,0.0,1,6
815723431,nherfi,brand,0.0,2,6
815723432,PatrioticGeek,male,1.0,1,9
815723433,Zackfig,male,1.0,3,10
815723434,kamran5461,male,1.0,0,0
815723435,qdeagles,brand,0.0,1,1
815723436,st_helens_lass,female,1.0,3,10
815723437,MikeGormanHFX,male,1.0,3,10
815723438,kakakan12021,male,1.0,2,7
815723439,beITresourcing,brand,0.0,1,1
815723440,robinnico71,brand,0.0,2,6
815723441,GboruM,male,1.0,1,9
815723442,bullDOELZEr,female,1.0,3,10
815723443,Kanderia_Ku,unknown,,0,3
815723444,IDS_BroncoBeat,male,1.0,1,5
815723445,AlphaOwenJW,male,1.0,3,7
815723446,TISDTES,brand,0.0,0,1
815723447,AvraCaro,female,1.0,0,5
815723448,VoidlesSoul,unknown,,3,2
815723449,UltimatelyUrie,female,1.0,3,2
815723450,Abu_Marwan_8,brand,0.0,1,11
815723452,JonBsmoov,male,1.0,1,10
815723453,ampleflower,female,1.0,3,8
815723454,aed053e8db554ed,female,1.0,0,7
815723455,hunter__tyson,female,1.0,3,8
815723457,AUgetoffmygold,male,1.0,0,8
815723458,Realphildiago,male,1.0,3,8
815723459,ricea_roni,female,1.0,0,7
815723460,RaymondB__,male,1.0,1,11
815723461,RevoLouTiontalk,brand,0.0,3,2
815723462,eib96_,female,1.0,3,7
815723464,HakunaMaKerby17,male,1.0,3,7
815723465,CactusJack166,brand,0.0,1,11
815723466,Sky59650,female,1.0,3,10
815723467,KaraCartrette,female,1.0,3,8
815723468,k_imberlyc,female,1.0,3,8
815723469,dani_martiiinez,male,1.0,3,2
815723470,MinxCouture,female,1.0,3,10
815723471,PLURL1FE,male,1.0,0,3
815723473,sammyshep18,female,1.0,3,5
815723474,MrMoustacheCat,brand,0.0,3,0
815723475,used2bnew,female,1.0,1,1
815723476,tittycityaustin,male,1.0,3,8
815723477,megan_sebastian,female,1.0,3,2
815723478,sugardadpxyne,unknown,,0,7
815723479,CallBoys4Rent_,brand,0.0,1,9
815723480,KaitlinEWagner,female,1.0,0,5
815723481,MfAhmd,male,1.0,0,3
815723483,beechmoregossip,female,1.0,0,3
815723485,CHANIAVALE46,male,1.0,0,5
815723486,drex_hoople,unknown,,0,3
815723487,silentrex,male,1.0,3,0
815723488,dakedohappy,female,1.0,3,10
815723489,MtnDewFan69,brand,0.0,0,3
815723490,calgarystampede,brand,0.0,1,1
815723491,DAB2LIVE,male,1.0,1,10
815723492,BarryBergGroup,brand,0.0,3,0
815723493,brfoooer,female,1.0,3,2
815723494,FaithIsHer,female,1.0,3,8
815723495,Wiemdi__Biivgi,brand,0.0,1,9
815723496,MrModzoRajzin,male,1.0,3,2
815723497,NakedGambling,brand,0.0,3,0
815723498,21_Ambitions_,male,1.0,3,10
815723499,themmmgirl6126,female,1.0,0,5
815723500,Cecile_Green,female,1.0,3,10
815723501,manuthebest58,male,1.0,1,1
815723502,MissAnneDastood,female,1.0,3,10
815723503,farahhanunzb,female,1.0,3,8
815723504,PittCareers,brand,0.0,1,1
815723505,Mitch_D_Baker,male,1.0,0,3
815723506,x_DiamondMarie,female,1.0,3,8
815723508,BecAstleyClarke,female,1.0,0,1
815723509,darmeemati,brand,0.0,1,9
815723510,debilzangallery,male,1.0,0,5
815723511,freid4inn23,female,1.0,1,9
815723512,RuthSherman,female,1.0,1,1
815723513,bethysheppard,female,1.0,0,1
815723514,uxdiogenes,male,1.0,1,1
815723515,erskinechilders,male,1.0,0,0
815723516,harrysadhuguna,male,1.0,0,5
815723517,8JAMI7Hanna33,female,1.0,3,2
815723518,DaVinman421,male,1.0,0,7
815723519,Lavenia18502,female,1.0,1,9
815723520,antimonycarvers,female,1.0,3,2
815723522,YungPapiZay,male,1.0,3,8
815723523,CliickClackBANG,male,1.0,3,8
815723524,ScottiTW,male,1.0,3,7
815723525,ntvkenya,brand,0.0,1,10
815723526,angahith,unknown,,0,7
815723527,CampbellAustin4,female,1.0,2,6
815723528,iGODWINi,male,1.0,1,1
815723529,merlinthered,male,1.0,3,5
815723530,Coach_Rick57,male,1.0,3,10
815723531,TalkRadioImpact,female,1.0,1,9
815723532,SonnyinScotland,female,1.0,0,0
815723533,P4L_Princess,female,1.0,1,9
815723534,Government_Law,brand,0.0,1,1
815723535,cocoandghosty3h,brand,0.0,1,10
815723536,VCCoulter,female,1.0,3,7
815723537,BlackTopMediaUK,brand,0.0,3,10
815723538,tmj_sea_health,brand,0.0,1,11
815723539,Jtamez13,male,1.0,3,10
815723540,tracymbauman,female,1.0,3,10
815723541,Weepuls,brand,0.0,0,3
815723542,whatalves,female,1.0,0,1
815723543,amajorpain,brand,0.0,1,10
815723545,ThatGuyDarrin_,male,1.0,3,8
815723546,leDASHann,female,1.0,3,8
815723547,420azusa,female,1.0,3,10
815723548,LTamaca,female,1.0,3,2
815723549,Jhumybabe,female,1.0,1,1
815723550,starchaser57,brand,0.0,1,5
815723551,LytleMeghan,female,1.0,0,7
815723552,WaXPorno,brand,0.0,0,3
815723553,wokecutie,female,1.0,3,2
815723554,hxrmonyxx,female,1.0,3,2
815723555,GamsizYoutube,male,1.0,0,3
815723556,sexysleepwear,female,1.0,1,9
815723557,Lightcaster88,male,1.0,0,5
815723559,ziams_perfect,female,1.0,3,8
815723560,ImproveBrain,female,1.0,1,1
815723561,z4nd4r,unknown,,0,0
815723562,CMacedo1999,female,1.0,3,7
815723563,05405lktb,brand,0.0,2,4
815723564,LouMcham12,female,1.0,0,0
815723565,babyrosehs,unknown,,3,8
815723566,Pigmentaotq,brand,0.0,0,5
815723567,stevis78,male,1.0,3,10
815723568,jphanned,male,1.0,0,1
815723569,Gigadome,brand,0.0,1,1
815723570,Justin_SofOK,male,1.0,3,0
815723571,GWISLLC,brand,0.0,1,6
815723573,IMeanW3ll,male,1.0,3,10
815723574,reps_t,brand,0.0,0,3
815723575,ArtsJournalNews,brand,0.0,1,1
815723576,amanda_thomas10,female,1.0,1,9
815723577,mjsmcd,male,1.0,3,0
815723578,neydalove_,female,1.0,0,7
815723579,mirandalebrooo,female,1.0,3,7
815723580,davidjones720,male,1.0,3,10
815723581,judyleajackson,brand,0.0,3,2
815723582,diina23,female,1.0,3,8
815723584,COURTESYONWHEEL,unknown,,1,1
815723585,SteveKingBB,brand,0.0,1,11
815723586,xbreanna_,female,1.0,3,7
815723587,RZI96,male,1.0,0,3
815723588,DavidWestNews,brand,0.0,0,1
815723589,obxBrew,brand,0.0,1,1
815723590,Garen_bot,brand,0.0,0,6
815723591,justinbarragan3,male,1.0,3,2
815723592,TheRedElm,brand,0.0,1,10
815723593,spazil,brand,0.0,3,8
815723594,ranveersbabe,brand,0.0,3,8
815723596,MandiLynnOgle,female,1.0,3,8
815723598,helontak,female,1.0,3,8
815723600,AlboSwagger,brand,0.0,0,7
815723601,rainydaylarry_,male,1.0,3,2
815723602,molala_thommy,male,1.0,1,5
815723603,wayneradcliffe,male,1.0,1,10
815723604,MilMomTalkRadio,brand,0.0,1,9
815723605,BrennaZito,female,1.0,3,7
815723606,DillyDivine,unknown,,3,2
815723608,fauxkaycee,female,1.0,3,0
815723609,IAmAru,male,1.0,3,8
815723610,turntsad,brand,0.0,3,5
815723611,vitalninjaYT,brand,0.0,0,7
815723612,SayNoMisha,female,1.0,3,8
815723614,kellerrhammann,male,1.0,3,7
815723615,dizzybrunette3,female,1.0,3,10
815723616,NedKellysPubGB,brand,0.0,0,3
815723617,FLAWLESSIRENE91,female,1.0,2,6
815723618,ChristyUrsula,female,1.0,1,9
815723619,JayWolfeAuthor,male,1.0,3,0
815723620,MsICarmelBunny,female,1.0,0,8
815723621,SteamDB,brand,0.0,0,1
815723622,HartleysRooms,brand,0.0,1,11
815723623,PROMO_4_LIFE,brand,0.0,1,9
815723624,petermartindk,male,1.0,1,1
815723625,martincox78,male,1.0,0,0
815723626,Poneve413,female,1.0,1,9
815723629,agnestooturnt,female,1.0,3,7
815723630,DOCisChief,male,1.0,3,10
815723631,Ferney_Munoz,male,1.0,1,11
815723632,CromwellStuff,unknown,,1,6
815723633,justcallmebrice,female,1.0,3,8
815723634,TheFxla__,male,1.0,1,10
815723635,astroz10,male,1.0,0,5
815723636,montblanccoward,male,1.0,3,8
815723637,TheTandav,brand,0.0,0,0
815723638,nolimitjess_,female,1.0,3,7
815723639,Justinsc95,male,1.0,0,5
815723640,Ms__Kittens,female,1.0,3,10
815723641,shannerterman,male,1.0,0,5
815723642,DaneWoll,male,1.0,0,1
815723643,imjustalive,male,1.0,0,1
815723644,kommud,brand,0.0,1,9
815723645,NuORDER_,brand,0.0,1,11
815723646,mattstat,male,1.0,3,8
815723647,BroncoP3t3_,male,1.0,1,0
815723648,Chexoid,brand,0.0,0,5
815723649,unclebolu,male,1.0,1,1
815723651,pathew1,male,1.0,0,5
815723652,ivanvidarte,male,1.0,3,8
815723653,esolutions_nm,female,1.0,3,6
815723654,04684lktc,brand,0.0,2,4
815723655,annamariejanesx,female,1.0,3,8
815723657,02760gnla,brand,0.0,2,4
815723658,aatoo,male,1.0,1,1
815723659,BaggaleyAnne,female,1.0,1,9
815723660,missionchurchkc,brand,0.0,0,5
815723661,Writing_Jobs,brand,0.0,1,9
815723662,nyfetty,female,1.0,3,8
815723663,CanucksViews,brand,0.0,0,3
815723664,Ethel_Nedu,male,1.0,1,1
815723665,Chaamawar,male,1.0,0,3
815723666,MelanieMills1,female,1.0,3,8
815723667,Andrews10424,male,1.0,0,3
815723668,Twillz6,unknown,,3,7
815723669,ISUPKCA,male,1.0,0,3
815723670,JORDNMOODY,male,1.0,3,5
815723671,GiftofGod89,brand,0.0,0,3
815723672,Imadyashar,male,1.0,1,10
815723673,StationarySpace,brand,0.0,3,10
815723674,ISUPK_OREGON,brand,0.0,0,3
815723675,ISUPK_DETROIT,male,1.0,0,3
815723676,TheNicholson80,male,1.0,3,2
815723677,Marketrobots,brand,0.0,1,9
815723678,FlorentinaTapuc,female,1.0,0,3
815723679,ISUPK_STLOUIS,male,1.0,0,3
815723680,Warriors3MI,brand,0.0,1,1
815723681,vaneciashantee,female,1.0,3,7
815723683,JuJuBabyWorld,female,1.0,1,1
815723684,TheBIF,brand,0.0,1,0
815723685,MichealSwift6,male,1.0,3,5
815723686,MahaNaeem,male,1.0,1,10
815723687,bouncestyle1,female,1.0,1,9
815723688,ShuyaAragaki,male,1.0,1,5
815723689,erinmander,female,1.0,0,5
815723690,SchmidtKeenan,male,1.0,0,3
815723691,AboutSepsis,brand,0.0,0,5
815723692,Qabalahmath,male,1.0,1,1
815723693,Israelite_Vibez,brand,0.0,0,3
815723694,ISUPK_NAPTOWN,brand,0.0,0,3
815723695,ISUPK_UK,brand,0.0,0,3
815723696,ISUPK_NO,male,1.0,0,3
815723697,madscape,male,1.0,3,0
815723698,charlymorganx,female,1.0,3,8
815723699,thelumberjac,brand,0.0,1,1
815723702,Fendrake,brand,0.0,3,2
815723703,JSJREDS,female,1.0,3,7
815723704,LeiiSykes,male,1.0,0,1
815723705,luminousljp,male,1.0,3,2
815723706,dmfa26206,brand,0.0,2,4
815723707,TaschaSaunders,female,1.0,1,1
815723708,heykmae,female,1.0,0,5
815723709,AnglosearchNews,brand,0.0,1,9
815723710,honeytheist,male,1.0,3,2
815723711,niceindieman,male,1.0,0,6
815723712,AhzanayahJudah,brand,0.0,0,3
815723713,IsupkBmore,brand,0.0,0,3
815723714,1WEST_ISUPK,brand,0.0,0,3
815723715,iamghost17,female,1.0,1,8
815723717,LaparisB_,female,1.0,3,7
815723718,Tiaracohen1,female,1.0,3,7
815723719,PULPperson,male,1.0,0,0
815723720,paigie_kp,female,1.0,3,8
815723721,corewhen,male,1.0,0,8
815723722,socialismical,brand,0.0,3,10
815723723,DidiCahya,female,1.0,3,8
815723724,Obey_Kayleigh,female,1.0,0,7
815723725,TopDawg_C,male,1.0,3,10
815723727,emmleary_,female,1.0,0,7
815723728,TheClimateCult,brand,0.0,1,9
815723729,Daniel_Joseph,male,1.0,3,10
815723730,InspireBeck,female,1.0,1,11
815723731,GponJay,male,1.0,3,8
815723732,OrangeKing26,male,1.0,0,1
815723733,ReadySetStartup,female,1.0,1,1
815723734,BABOONI420I,male,1.0,0,1
815723735,Hayleyjuustine,female,1.0,3,2
815723736,jesswardenbrown,female,1.0,0,3
815723737,04093trda,brand,0.0,2,4
815723738,troianslay,female,1.0,3,2
815723739,AnimeRFC,male,1.0,1,1
815723740,werkvato,female,1.0,3,0
815723741,sssahhbreena,female,1.0,3,5
815723742,AlexReadsStuff,male,1.0,3,5
815723743,MurphyKerissa,female,1.0,0,7
815723745,411wrestling,brand,0.0,1,11
815723746,Codman36,male,1.0,3,7
815723747,Lambert10Erika,female,1.0,0,7
815723748,lizamaquerubin,brand,0.0,1,9
815723749,ianwolf,male,1.0,1,10
815723750,ArmyTalkRadio,female,1.0,1,11
815723751,Otter_Silly,unknown,,3,2
815723752,_alexis_ikia,female,1.0,0,7
815723753,HumberToday,brand,0.0,0,1
815723754,Scarlettsnave,female,1.0,3,10
815723755,JumpMyShoulders,male,1.0,1,9
815723756,SweetHarts_21,female,1.0,0,7
815723757,violetRebellion,female,1.0,1,10
815723758,libbica,female,1.0,0,7
815723759,heey_its_casey,female,1.0,0,7
815723760,frequcnts,male,1.0,3,2
815723761,Lindseyyyy1733,female,1.0,0,3
815723762,AgnezMoFC_ID,brand,0.0,1,10
815723763,xxlawlor,female,1.0,0,3
815723764,Grimreaper8814,unknown,,3,0
815723765,c_stephrun,male,1.0,3,8
815723766,01905gnlb,unknown,,2,4
815723767,haptter,brand,0.0,1,0
815723768,Detox_n_Reboot,brand,0.0,0,3
815723769,PTAlanSwann,brand,0.0,1,10
815723771,ggreenwald,male,1.0,1,10
815723772,Prostar84381634,brand,0.0,2,4
815723774,HatTrickHumzah,male,1.0,3,10
815723776,patriciaquigle8,female,1.0,2,9
815723777,ark2153,female,1.0,0,3
815723778,soniaxalexis,female,1.0,0,7
815723779,My_MetroBank,brand,0.0,1,1
815723780,JayViibe,male,1.0,3,7
815723781,AidEvans95,male,1.0,3,5
815723782,06108jcsa,brand,0.0,2,4
815723784,curlergirl44,female,1.0,0,7
815723785,RefinedFashi0n,female,1.0,3,2
815723786,TheShieldsOne,male,1.0,3,10
815723787,lumb31549,brand,0.0,2,4
815723789,07513jcsc,brand,0.0,2,4
815723790,PunkSpider4,male,1.0,3,2
815723791,WhippinDaLexus,female,1.0,3,2
815723792,clark_nathan990,male,1.0,0,7
815723793,TrtlTot,female,1.0,1,1
815723794,aditya_wings,brand,0.0,1,9
815723795,tunes_will,male,1.0,0,3
815723796,sa_norris,male,1.0,0,1
815723797,iROCK109,brand,0.0,2,10
815723798,ebooks_chevaux,brand,0.0,0,6
815723799,carloslopezink,male,1.0,0,1
815723800,withuhs,male,1.0,3,2
815723801,MrRupertBear,unknown,,3,2
815723802,jul_ayy,female,1.0,3,2
815723804,arburnside,male,1.0,3,2
815723805,falconsbuzztap,brand,0.0,1,1
815723806,HaileyNigel,male,1.0,0,3
815723807,IILGlobal,brand,0.0,1,1
815723808,HealeyParera,male,1.0,3,2
815723809,bacon_roll,female,1.0,3,8
815723810,ivoryharing,female,1.0,3,8
815723811,SincereRL,male,1.0,3,2
815723812,msuredhawks,brand,0.0,1,1
815723813,Ticci_Toby0_0,male,1.0,0,3
815723814,isaacghosh,male,1.0,1,1
815723815,breakingtonews,brand,0.0,1,9
815723816,BlackPearl_MSM,brand,0.0,1,9
815723817,04095trda,brand,0.0,2,4
815723818,SLEEPYLABEEF47,brand,0.0,0,3
815723819,ConorMWalsh,male,1.0,3,2
815723820,kenspellman,male,1.0,1,10
815723821,SanFranRadio,female,1.0,1,11
815723822,MsWilliams831,female,1.0,0,5
815723824,matthew_dewyse,male,1.0,3,8
815723825,ukwarmachine,brand,0.0,3,0
815723826,forrest_ricks,male,1.0,3,8
815723827,Dewhz,brand,0.0,3,2
815723828,troyeshappiness,male,1.0,3,2
815723829,aaaliyahx0,female,1.0,3,7
815723830,giuseppeguari17,male,1.0,3,7
815723832,CaGardenas,brand,0.0,0,3
815723833,Audi_tsunami,male,1.0,3,2
815723834,03255trdb,brand,0.0,2,4
815723835,PapoCircular,unknown,,0,3
815723836,BaoQuocNguyen2,male,1.0,0,3
815723837,Iehtonen,female,1.0,3,2
815723839,Hachiee,female,1.0,3,10
815723840,DTLKgtbt,brand,0.0,2,6
815723841,GabrielleForex,female,1.0,1,9
815723842,manmortaly,male,1.0,0,3
815723844,sandrabeckfit,female,1.0,1,9
815723845,User1stDotCom,brand,0.0,1,1
815723846,BillCoxCoaching,male,1.0,0,1
815723847,_GorgeousssGirl,female,1.0,3,8
815723848,morning_glory9,female,1.0,1,1
815723849,05441lktb,brand,0.0,2,4
815723850,Jus_Talent,male,1.0,3,2
815723851,saggyasssadgurl,female,1.0,3,8
815723852,MonsterConTX,brand,0.0,1,1
815723853,IreneddwhiteDd,female,1.0,1,9
815723854,DoctaCosmic,brand,0.0,1,10
815723855,Rotary,brand,0.0,1,10
815723856,GoToGate12,male,1.0,0,1
815723857,Itzfknkels,female,1.0,3,7
815723858,kenzoverstreet,female,1.0,0,8
815723859,SeanMcGrady,male,1.0,1,1
815723860,BusDirecto,brand,0.0,0,3
815723861,Poegressive,female,1.0,3,7
815723862,2011Philippe,male,1.0,0,5
815723863,dmfa21114,unknown,,2,4
815723864,Integro,brand,0.0,0,5
815723865,06720jcsb,brand,0.0,2,4
815723866,arodark,male,1.0,1,10
815723868,YesImKayla,female,1.0,3,8
815723869,jioshuadun,male,1.0,3,2
815723870,Amyymcsweeneyy,female,1.0,0,7
815723871,Iouvinglwt,brand,0.0,3,2
815723872,LePwnerer,male,1.0,0,3
815723873,honesttruth08,male,1.0,0,5
815723874,aftenbrook,female,1.0,3,2
815723875,MyAlliesTrading,brand,0.0,1,9
815723876,carolacampero,female,1.0,1,10
815723877,IntrepidTheatre,brand,0.0,1,1
815723878,plake777,male,1.0,1,1
815723879,SEXY_P4L,unknown,,1,9
815723880,TCultureVulture,brand,0.0,3,0
815723882,6ftcalum,male,1.0,3,2
815723883,courfeyrads,female,1.0,3,2
815723884,SexyTromboner,male,1.0,0,5
815723885,RCA_Academy,brand,0.0,0,1
815723886,samdzimmerman,male,1.0,3,8
815723887,dmfa20891,brand,0.0,2,4
815723888,DubbzBear,brand,0.0,3,2
815723889,Jordan_Ireland8,male,1.0,3,5
815723890,toristeam,female,1.0,2,6
815723891,blessulli,female,1.0,3,10
815723893,limamarine93,male,1.0,0,3
815723894,PatrickZircher,male,1.0,3,2
815723895,vserrano_,female,1.0,0,7
815723896,JonFreier,male,1.0,0,5
815723897,Williams_Autumn,female,1.0,3,8
815723898,calumsturtle,male,1.0,3,2
815723900,slayerudloff,male,1.0,3,0
815723901,Lexi_BoBexi,female,1.0,0,5
815723902,iKryse,female,1.0,3,10
815723903,timmywest,male,1.0,1,1
815723904,DaeDaeSSS,female,1.0,0,7
815723905,leahclevengerr,female,1.0,0,7
815723906,GLTgtbt,brand,0.0,2,6
815723907,FLUKESIVAN,male,1.0,3,2
815723908,bjarnekim,male,1.0,1,1
815723910,CUinsight,male,1.0,1,10
815723912,Sportingstables,brand,0.0,0,1
815723913,03257trdb,brand,0.0,2,4
815723914,khcsportsman85,male,1.0,1,9
815723915,DustinDastrup,male,1.0,0,2
815723916,FoxHedgehog,male,1.0,3,0
815723917,ZeusMadness,brand,0.0,0,5
815723918,BarbieBitchNM,brand,0.0,3,10
815723919,airmax_tuhh,male,1.0,0,7
815723920,Good_Life_Group,brand,0.0,0,1
815723921,inheritthesand,female,1.0,3,7
815723922,luddub,male,1.0,1,5
815723923,AwesomeBioTA,female,1.0,3,0
815723924,Africa_Gossip,brand,0.0,1,9
815723925,02920trdc,brand,0.0,2,4
815723926,RadioNetHawaii,brand,0.0,1,9
815723927,7FRIEDA6Victori,female,1.0,3,7
815723928,AuxEpices,brand,0.0,0,1
815723929,greendiaperstor,brand,0.0,0,3
815723931,TFDWofficial,brand,0.0,1,11
815723932,JohnnyTheNic,male,1.0,3,5
815723933,RoryTDC,brand,0.0,1,9
815723934,KSBDCBIM,brand,0.0,1,1
815723935,wsuksbdc,brand,0.0,1,1
815723936,04693lktc,brand,0.0,2,4
815723937,HiboWardere,female,1.0,3,2
815723938,kriegsjauregui,female,1.0,3,8
815723939,02744gnla,brand,0.0,2,4
815723940,Ihatethisugh1,male,1.0,0,5
815723941,JZarrindast,male,1.0,0,7
815723942,POLSStLouis,brand,0.0,1,9
815723944,02131gnlb,brand,0.0,2,4
815723945,sabrymahmoud20,male,1.0,0,7
815723946,Macd_Thobang,male,1.0,0,8
815723947,ColonialBicycle,brand,0.0,1,1
815723948,wheelerdeeler,male,1.0,1,10
815723949,3345Live,brand,0.0,1,9
815723950,steveocook,male,1.0,1,0
815723951,08053gnla,brand,0.0,2,4
815723952,mom2yahoos,brand,0.0,0,3
815723953,Deonnathoee,female,1.0,3,2
815723954,OSODIVA,female,1.0,3,10
815723955,classic_chevy,brand,0.0,1,1
815723956,WutSoulzDidNext,male,1.0,3,2
815723957,ifjdbfeels,female,1.0,3,2
815723958,Dzasta_1,unknown,,0,7
815723959,Pr0gression,brand,0.0,1,1
815723960,Buzz_Spot,brand,0.0,1,9
815723961,glenchamberlain,male,1.0,3,5
815723963,cadw31009,brand,0.0,2,4
815723964,sckstyles,female,1.0,3,8
815723965,emilymel123,female,1.0,0,7
815723966,itisyaya,female,1.0,3,10
815723967,06088jcsa,brand,0.0,2,4
815723968,ravenationmusic,brand,0.0,0,11
815723970,ruizluca5,brand,0.0,1,9
815723971,TennTalkRadio,brand,0.0,1,9
815723972,kimsunggyou,female,1.0,3,2
815723973,Zaikir__,male,1.0,3,8
815723974,IcebergAk,male,1.0,3,10
815723975,meghavyas1995,male,1.0,3,2
815723976,FLGM_AL_news,brand,0.0,1,9
815723977,EINMiningNews,brand,0.0,1,1
815723978,ZebraSnik,brand,0.0,3,2
815723979,Maela_Fenty,female,1.0,3,8
815723980,QueensLibrary,brand,0.0,1,0
815723982,Lilamedusa,unknown,,1,1
815723983,NoJihad,unknown,,1,9
815723984,KaraboAdvocate,male,1.0,1,11
815723985,syedalizia1992,male,1.0,3,10
815723986,cocoxpufff,female,1.0,3,8
815723987,inflamescrime,brand,0.0,1,9
815723988,madsencycles,brand,0.0,1,1
815723989,RejoiceAmerica,brand,0.0,1,10
815723990,demileigh_CB,female,1.0,0,5
815723991,simonchji1D,female,1.0,3,8
815723992,robertlounds,male,1.0,3,2
815723993,muy_handsome,male,1.0,0,5
815723994,ayo_chaaaaachi,female,1.0,1,11
815723995,jpjdawg777,female,1.0,3,0
815723997,OWORUTIMILEHIN,male,1.0,1,1
815723998,timkawakami,male,1.0,1,9
815723999,02746gnla,brand,0.0,2,4
815724000,brookeschneid21,female,1.0,3,2
815724001,ruchasharma,female,1.0,1,10
815724003,sammi_hendry,female,1.0,0,3
815724004,_okayyitsTJ,male,1.0,3,8
815724005,WhenDeadSpeak,female,1.0,1,9
815724006,04096trda,brand,0.0,2,4
815724007,n1allhorann,male,1.0,3,0
815724008,LibertyUnyieldi,brand,0.0,1,9
815724009,yojohnwhatsup,male,1.0,3,8
815724010,City_O_Industry,male,1.0,0,0
815724011,GHLgtbt,brand,0.0,2,6
815724012,KidsOf16,brand,0.0,1,1
815724013,KatonaHamletHub,brand,0.0,1,1
815724014,04572lktc,brand,0.0,2,4
815724015,IanJCullen,male,1.0,1,5
815724016,PrettyHomeOff,female,1.0,1,11
815724017,inexprymable,female,1.0,3,2
815724018,03469trdb,brand,0.0,2,4
815724019,mommiebonez,female,1.0,3,2
815724020,PromoEvnts,brand,0.0,1,9
815724021,nicoli0o_,female,1.0,3,8
815724022,Stockphoto3,brand,0.0,1,9
815724023,Satellite_board,brand,0.0,1,1
815724024,rosatock,female,1.0,1,1
815724025,Matt_HeSays,brand,0.0,1,11
815724026,Rabbia_Z,female,1.0,3,2
815724027,EllRojas,female,1.0,0,1
815724028,The_Champyon,male,1.0,3,7
815724029,KingGalaxxy,unknown,,1,1
815724030,stretchd,brand,0.0,3,10
815724031,01901gnlb,brand,0.0,2,4
815724032,05407lktb,brand,0.0,2,4
815724033,ssnaqi,brand,0.0,3,2
815724034,baekhybiscus,female,1.0,3,2
815724035,kampoilinifunza,female,1.0,1,9
815724036,bonniehart1,female,1.0,1,1
815724037,_lillyyu,female,1.0,0,7
815724038,KidsOf17,brand,0.0,1,9
815724039,LawScribes,brand,0.0,1,10
815724040,mygrls7,unknown,,0,7
815724041,UnderPeep,female,1.0,1,1
815724042,gnardyke,male,1.0,3,2
815724043,design2host,male,1.0,1,10
815724044,alexdelbarrio,male,1.0,3,10
815724045,GhJokes_News,brand,0.0,1,9
815724047,JodiesJumpsuit,female,1.0,3,2
815724048,mickyjess37,male,1.0,0,7
815724049,samifocarino,female,1.0,3,8
815724050,Charniicee,female,1.0,3,10
815724051,bonfiresband,brand,0.0,3,7
815724053,craejep,female,1.0,3,2
815724054,lukeshyness,female,1.0,3,2
815724055,brightlights333,female,1.0,3,8
815724056,Nunuluquish,male,1.0,0,7
815724057,CapDemo,brand,0.0,1,5
815724058,meljocar,female,1.0,3,5
815724059,RSENFrank,male,1.0,3,10
815724060,KayFrenchh,female,1.0,3,8
815724061,BoomersUltimate,brand,0.0,1,1
815724062,sunnydayhs,female,1.0,3,2
815724063,TShut77,male,1.0,0,5
815724064,Emily11949309,female,1.0,0,1
815724066,03258trdb,brand,0.0,2,4
815724067,CRVLgtbt,brand,0.0,2,6
815724068,sarahminda,female,1.0,3,2
815724069,LaLaTheBeauty,female,1.0,3,10
815724070,AllySzczur,female,1.0,3,8
815724071,_Aciid_,male,1.0,3,8
815724072,Photuts,brand,0.0,1,9
815724073,LarryWilliamson,male,1.0,1,1
815724074,MoElnadi,male,1.0,1,10
815724075,clientspot,brand,0.0,0,1
815724076,thisisanayin,female,1.0,3,8
815724077,vBubblez,brand,0.0,0,0
815724078,andreanoricel,female,1.0,0,5
815724079,jasp32052,unknown,,2,4
815724080,mirianagallo51,male,1.0,3,2
815724081,AmethystPrude,female,1.0,1,5
815724082,Harmelodic,male,1.0,0,5
815724083,FlyersViews,brand,0.0,1,11
815724084,stwf29925,brand,0.0,2,4
815724085,p666chy,female,1.0,0,1
815724087,Trix174,male,1.0,0,3
815724088,stwd29639,brand,0.0,2,4
815724089,Pimps4U,female,1.0,3,10
815724090,LisaClosson,female,1.0,1,1
815724091,libertytin,brand,0.0,0,3
815724092,RoloEdits,brand,0.0,3,5
815724093,sarinibanini,female,1.0,3,10
815724094,_Merilyn69,male,1.0,0,5
815724095,ren2492,male,1.0,3,7
815724096,rachel_wurzel,female,1.0,0,3
815724097,csmdc87,male,1.0,3,10
815724098,Paul_HKR,male,1.0,0,0
815724099,FarRightBlight,male,1.0,0,0
815724100,mrs_blurryface,female,1.0,3,7
815724101,MBTA_CR,brand,0.0,3,5
815724102,zish1994,male,1.0,2,8
815724106,Geology_topics,brand,0.0,3,2
815724107,MTVBrasil,brand,0.0,3,11
815724108,bubzTheSensei,male,1.0,0,5
815724109,_mackSHAAD4,female,1.0,3,8
815724110,MochaLattePanda,brand,0.0,3,10
815724112,stephieestie,female,1.0,0,3
815724113,desinasim,female,1.0,0,3
815724114,DeviantGoddess,unknown,,3,2
815724115,yourpotofgold,female,1.0,1,11
815724117,FirstKnivesClub,male,1.0,3,8
815724118,04685lktc,brand,0.0,2,4
815724119,Calfreezy,male,1.0,3,10
815724120,CSISFood,brand,0.0,1,11
815724121,PodcastingGroup,brand,0.0,1,9
815724122,Khwabdeeda,female,1.0,3,0
815724123,Munsroe,male,1.0,3,6
815724124,bikini_celebs1,brand,0.0,1,9
815724125,BruceLesley,male,1.0,3,10
815724127,_George_Jung,male,1.0,3,8
815724128,victoriacha,female,1.0,1,10
815724129,CQoffice,brand,0.0,1,11
815724130,nikulak,male,1.0,0,3
815724131,newsmulg,male,1.0,3,10
815724132,Angela_Horan2,female,1.0,3,7
815724133,stroute,male,1.0,0,1
815724134,yell999,brand,0.0,0,3
815724136,MerAhmad_,female,1.0,3,2
815724137,jiggyjaguar,male,1.0,1,10
815724138,AndyFTM1981,male,1.0,3,8
815724140,gnlc21622,brand,0.0,2,4
815724141,CtrSocialPolicy,brand,0.0,1,1
815724142,83854slhd,brand,0.0,2,4
815724143,CaliSkinArt,female,1.0,1,1
815724144,PopKarma,brand,0.0,0,5
815724145,DevineeGee,female,1.0,0,7
815724146,newsmls1,brand,0.0,1,9
815724147,SanchezUpdate,brand,0.0,1,1
815724148,TheWilderThings,female,1.0,3,10
815724149,shayvunburen,female,1.0,3,8
815724150,GoddessAiden,female,1.0,3,0
815724151,Toriaaa__,female,1.0,3,8
815724152,brianshall,male,1.0,3,8
815724153,Croon4music,brand,0.0,0,3
815724154,06010lkta,brand,0.0,2,4
815724155,LQForever5,brand,0.0,2,6
815724156,rkdwilson,male,1.0,0,5
815724158,heatherhollaa,female,1.0,3,2
815724159,PepeLarraz,male,1.0,0,5
815724160,timothypmurphy,male,1.0,3,10
815724161,hecavanagh,brand,0.0,3,2
815724162,Gpaul_SA,male,1.0,1,1
815724163,HEROgtbt,brand,0.0,2,6
815724164,TreyGibz,male,1.0,1,1
815724165,USATODAY,brand,0.0,1,10
815724166,02747gnla,brand,0.0,2,4
815724167,LolaandPenelope,brand,0.0,0,0
815724168,copiersolutions,brand,0.0,0,11
815724169,lexorcist666,female,1.0,3,2
815724170,ThaCaptnMorgan,male,1.0,0,5
815724171,_keator,male,1.0,3,8
815724172,05665lkta,brand,0.0,2,4
815724173,The_Dude_Razor,brand,0.0,0,1
815724174,DebIllustration,female,1.0,3,2
815724175,harryrises,male,1.0,3,2
815724176,tobruckave,female,1.0,1,1
815724177,08059gnlb,brand,0.0,2,4
815724178,CCBDeal,brand,0.0,1,9
815724179,Trigelow,male,1.0,3,8
815724180,wildmayan,male,1.0,0,3
815724181,3Bladesio,brand,0.0,1,1
815724182,aydoganyusuf953,unknown,,0,3
815724183,QuiannaPaulina,female,1.0,0,8
815724184,RhodeIslandEMA,brand,0.0,1,1
815724185,OlaSanya3,female,1.0,1,9
815724186,macuskeli,brand,0.0,0,7
815724187,affiliate11244,brand,0.0,2,9
815724188,83708slhd,unknown,,2,4
815724189,fleetdjmangers,brand,0.0,1,9
815724190,07702jcsc,brand,0.0,2,4
815724191,Crushboy31,male,1.0,0,0
815724192,83712slhd,brand,0.0,2,4
815724193,treyreeder,male,1.0,0,5
815724194,tpartywithalice,female,1.0,1,1
815724195,abby_maine,female,1.0,3,2
815724196,CarstenGauslow,male,1.0,3,5
815724197,sydbowling_22,female,1.0,3,7
815724198,briston_j,male,1.0,3,7
815724199,04094trda,brand,0.0,2,4
815724200,JaguarPF,male,1.0,1,10
815724201,_savedinthecity,brand,0.0,1,1
815724202,CUZgtbt,brand,0.0,2,6
815724203,skitzKIGfamily,male,1.0,3,10
815724204,ccfcfan,male,1.0,3,10
815724205,83706slhd,brand,0.0,2,4
815724206,helenfowler1,female,1.0,1,1
815724207,LVPhotos,brand,0.0,0,1
815724208,DylanByers,male,1.0,3,8
815724209,brewerpackaging,brand,0.0,0,7
815724210,Mr_akintan,male,1.0,0,3
815724211,25906stwa,brand,0.0,2,4
815724213,stilllife4life,brand,0.0,1,1
815724214,decellr1988,male,1.0,3,0
815724216,happywaffle,male,1.0,3,10
815724217,TaniaLasagna,female,1.0,3,8
815724218,HGillisNTV,female,1.0,0,5
815724219,cescacostello,female,1.0,0,3
815724220,dandersontyler,female,1.0,1,11
815724221,KeikoTakamura,unknown,,1,10
815724222,mariafromdabloc,female,1.0,3,8
815724223,SanAntonioTalks,female,1.0,1,9
815724224,tiggerballer4,male,1.0,3,7
815724226,djmilok,male,1.0,1,1
815724228,COOLinLowell,brand,0.0,1,1
815724229,02180gnlc,brand,0.0,2,4
815724231,kaiaw,female,1.0,0,5
815724232,kenn072,male,1.0,3,7
815724233,Amazing_Planet,brand,0.0,1,9
815724234,wambam5361,male,1.0,3,0
815724235,MeJessicaJaymes,female,1.0,1,9
815724237,wiml2,brand,0.0,3,7
815724238,shaneheneghan,male,1.0,1,11
815724239,01904gnlb,brand,0.0,2,4
815724240,PhoenixTalkRad,female,1.0,1,9
815724241,MercianRockyRex,brand,0.0,3,2
815724242,05604lkta,brand,0.0,2,4
815724243,stwc29544,brand,0.0,2,4
815724244,laytonpaul,male,1.0,1,1
815724245,RadissonBluAqua,brand,0.0,1,1
815724246,TRUMPFORALL,brand,0.0,3,2
815724247,Media1Lessons,brand,0.0,1,9
815724248,MinivanMojo,unknown,,3,5
815724249,The301st,unknown,,3,10
815724250,CheerWorldxo,female,1.0,1,9
815724251,kamyb22,brand,0.0,3,7
815724252,08048gnla,brand,0.0,2,4
815724253,bootymeats,female,1.0,3,2
815724254,ZulaikhaAriff,unknown,,3,2
815724255,StorageStations,brand,0.0,1,1
815724256,taborchloe,female,1.0,3,5
815724257,CameronLinda1,female,1.0,1,9
815724258,keyherbo__,female,1.0,3,8
815724259,Installite,brand,0.0,0,1
815724260,Roccy_BalBoa,male,1.0,3,7
815724261,GabbyColasurdo,female,1.0,3,8
815724262,hannahdomo123,female,1.0,0,7
815724263,slhd28616,brand,0.0,2,4
815724264,82933slhb,brand,0.0,2,4
815724265,Chops_Top_Fives,male,1.0,3,10
815724266,morgann0,female,1.0,3,5
815724267,markhaastv,male,1.0,3,8
815724268,LizQuenKingdom4,female,1.0,2,6
815724269,ColleagueDan,male,1.0,0,1
815724270,82937slhb,unknown,,2,4
815724271,82938slhb,brand,0.0,2,4
815724272,irunbrooklyn,male,1.0,0,3
815724273,paully_eFFerson,male,1.0,3,10
815724274,jaseeeyyy,female,1.0,0,7
815724275,82932slhb,brand,0.0,2,4
815724276,brazildrums,male,1.0,1,5
815724277,Theonly__Mama,female,1.0,3,7
815724278,BERKgtbt,brand,0.0,2,6
815724279,YIF_JAK,female,1.0,0,5
815724280,26184stwa,brand,0.0,2,4
815724281,03256trdb,brand,0.0,2,4
815724282,SmittyErr,male,1.0,3,8
815724283,goodvibes_MT,brand,0.0,0,3
815724285,DCTalkRadio,brand,0.0,1,9
815724286,dd_biebz,female,1.0,3,2
815724287,HomerOpines,unknown,,0,0
815724288,Ronnie8man,male,1.0,1,0
815724289,r60451,unknown,,0,3
815724290,tonysaliba11,male,1.0,3,2
815724291,The2019Seniors,brand,0.0,1,1
815724292,TurbulenTakeova,male,1.0,1,1
815724293,AlexHH25,male,1.0,3,2
815724294,molly_steinkopf,female,1.0,0,7
815724295,alchemyfornow,brand,0.0,1,9
815724296,ninawang_,female,1.0,3,7
815724297,M0reThanFriends,male,1.0,0,7
815724298,KidsOf2018,brand,0.0,1,1
815724299,Incalex_,brand,0.0,3,5
815724300,theCheerBook,brand,0.0,1,9
815724301,CoIIegeBound,brand,0.0,1,9
815724302,CorsoDavidEd,brand,0.0,0,3
815724303,04262trda,brand,0.0,2,4
815724304,KenYeBlessed,male,1.0,3,8
815724305,07709jcsc,brand,0.0,2,4
815724306,SophGorman,female,1.0,3,8
815724307,drephe95,male,1.0,3,7
815724308,anamagalhaesb,female,1.0,1,8
815724309,27258stwd,unknown,,2,4
815724310,DMKettlewell,female,1.0,0,3
815724311,lars31408,brand,0.0,2,4
815724312,jonylubulyt,female,1.0,0,5
815724313,tooodopee__,male,1.0,3,7
815724314,elle31807,brand,0.0,2,4
815724315,JuniataEagles,brand,0.0,1,1
815724316,04680lktc,brand,0.0,2,4
815724317,GoldOnion,brand,0.0,3,10
815724318,diaryofli,female,1.0,3,8
815724319,lindsaylynch,female,1.0,1,1
815724320,kristenelsmore_,female,1.0,3,10
815724321,TrickyBee,brand,0.0,3,10
815724322,wilkesathletics,brand,0.0,1,1
815724323,Zachbeckum13,male,1.0,0,7
815724324,Purple_Worship,female,1.0,1,5
815724325,bost32007,brand,0.0,2,4
815724326,Science_Reddit,brand,0.0,1,9
815724327,webinista,female,1.0,3,10
815724328,sadisticxkisses,female,1.0,3,2
815724329,EvilMarsupials,male,1.0,3,8
815724331,Zachs_A_Million,brand,0.0,3,2
815724332,bestoraclecards,brand,0.0,2,6
815724333,08003jcsc,unknown,,2,4
815724334,nellydrakesmith,female,1.0,3,8
815724335,FAIRx818x,male,1.0,3,10
815724336,Forbes_Entrepre,male,1.0,1,9
815724337,jade_jameela,female,1.0,0,7
815724338,08006jcsc,brand,0.0,2,4
815724339,1HCCA,brand,0.0,0,3
815724340,SergeyIRL,male,1.0,1,1
815724341,05059lktb,brand,0.0,2,4
815724342,Zoe_Hickson606,female,1.0,0,7
815724343,SIRaja98,male,1.0,0,7
815724344,TaeyeonsoIo,female,1.0,3,2
815724345,Saudalhussaini1,male,1.0,3,8
815724346,__StevenUnivers,male,1.0,3,2
815724347,mopmoppy,female,1.0,3,5
815724348,UCLAAthletics,brand,0.0,1,1
815724349,Bronia_Richards,female,1.0,3,10
815724351,aerosmith071,male,1.0,1,1
815724352,IncomeTalkRadio,brand,0.0,1,11
815724353,kirakeeton,female,1.0,3,8
815724354,KelenHeller,brand,0.0,1,1
815724355,kjanderson_,female,1.0,3,8
815724356,06510jcsb,unknown,,2,4
815724357,genius_forte,male,1.0,3,2
815724358,JesTr0n,brand,0.0,3,2
815724359,LauroErica,female,1.0,3,6
815724360,26155stwa,unknown,,2,4
815724361,TownhillStudio,female,1.0,0,3
815724362,BilbyBaggins_,female,1.0,3,5
815724363,mvvnchild,female,1.0,3,2
815724364,austeragency,brand,0.0,1,1
815724365,YadHamawe,male,1.0,3,8
815724366,dianavaldes96,female,1.0,3,8
815724367,Myrtle_NC,brand,0.0,1,1
815724368,paramourcat,male,1.0,0,5
815724369,hammel143,brand,0.0,2,4
815724370,AlbertLeah1,male,1.0,2,6
815724371,AnnieAldridge3,female,1.0,2,6
815724372,LaylaNatalie,female,1.0,3,8
815724374,mariamdena,female,1.0,3,10
815724375,08084gnlb,brand,0.0,2,4
815724376,dorkyshane,male,1.0,3,2
815724377,07999jcsc,brand,0.0,2,4
815724378,02745gnla,brand,0.0,2,4
815724380,83711slhd,brand,0.0,2,4
815724381,05073lktb,brand,0.0,2,4
815724382,Diddley_Squat,male,1.0,3,2
815724383,08007jcsc,brand,0.0,2,4
815724384,angelarryy,male,1.0,3,8
815724385,afscot,brand,0.0,3,8
815724386,Stoney_ATA,male,1.0,3,2
815724387,27233stwd,brand,0.0,2,4
815724388,JamesSm33040861,unknown,,2,4
815724389,ramirezan35,brand,0.0,2,6
815724390,EscapeVelo,brand,0.0,3,2
815724391,allislandinsur,brand,0.0,1,9
815724392,JimW_in_NM,male,1.0,3,10
815724393,_sina93,male,1.0,0,7
815724394,LIJLRadio,brand,0.0,1,11
815724395,Brewery_Square,brand,0.0,1,1
815724396,JanesVanity,brand,0.0,1,10
815724397,02670gnlc,brand,0.0,2,4
815724398,04090trda,brand,0.0,2,4
815724400,VOSTRlKOV,female,1.0,3,2
815724401,UCLA_Powell,brand,0.0,1,1
815724402,WDWNTNow,brand,0.0,3,6
815724403,dawnjerrene,unknown,,3,0
815724404,07191jcsc,brand,0.0,2,4
815724405,_M_Gog_na_,female,1.0,3,7
815724407,JChrxs,male,1.0,3,2
815724408,keystomarketing,brand,0.0,1,9
815724409,am_yungpayne,male,1.0,1,9
815724410,elysialauraa,female,1.0,3,8
815724411,bllyrush,male,1.0,0,0
815724412,07184jcsc,brand,0.0,2,4
815724413,Mondaq,brand,0.0,1,10
815724414,mike_brach,brand,0.0,3,7
815724415,YBG_Spain,brand,0.0,1,9
815724416,RozarioGm,male,1.0,0,0
815724417,DominicOliver82,male,1.0,0,0
815724419,07302jcsc,brand,0.0,2,4
815724420,ZoralysMontes,female,1.0,3,8
815724421,AndrewClemens_,male,1.0,3,8
815724422,MrBrightside_32,male,1.0,1,1
815724423,HWE_Amanda,female,1.0,3,8
815724424,PRIZMATICGLASS,female,1.0,1,1
815724425,ScorBoar,brand,0.0,1,9
815724426,Postmates_Help,brand,0.0,0,6
815724427,billboard,brand,0.0,1,10
815724428,dmfa26273,brand,0.0,2,4
815724429,Masada1948,unknown,,0,3
815724430,GLPWgtbt,brand,0.0,2,6
815724431,TechFishNews,brand,0.0,1,9
815724432,Hawkfeather13,male,1.0,3,5
815724433,04775lktc,unknown,,2,4
815724434,26141stwa,unknown,,2,4
815724435,HazelezaH777,female,1.0,3,2
815724436,SteamGameUpdate,brand,0.0,1,9
815724437,Fit88guru,brand,0.0,1,9
815724438,ThatJoshGuy05,brand,0.0,0,3
815724439,GeenaInit,female,1.0,3,5
815724440,Hierkaufich,brand,0.0,3,10
815724441,yskElPaso,brand,0.0,1,9
815724442,vajingles,female,1.0,3,8
815724443,mlmnewsusa,male,1.0,1,9
815724444,27208stwd,unknown,,2,4
815724445,icewrist,male,1.0,3,8
815724447,maddiethomas143,female,1.0,0,8
815724448,CarrieM__,male,1.0,3,2
815724449,usafestival,brand,0.0,1,9
815724450,01902gnlb,unknown,,2,4
815724451,GKSRgtbt,unknown,,2,6
815724452,michaelcoyote,brand,0.0,3,10
815724453,BtGbtex,unknown,,0,3
815724454,Jae_baeee,female,1.0,3,8
815724455,Tronictweet,brand,0.0,1,1
815724456,TheDJWire,brand,0.0,1,9
815724457,dhaase19,male,1.0,2,8
815724458,82936slhb,unknown,,2,4
815724459,HerGraceAna,female,1.0,0,8
815724460,harry_f0ols,brand,0.0,3,2
815724461,FinanzCashFlow,brand,0.0,1,9
815724462,taehgyo,female,1.0,3,2
815724463,valak231,brand,0.0,2,4
815724464,Thato_twigglez,male,1.0,1,10
815724465,mikemadura,male,1.0,1,1
815724466,BretVonDehl,male,1.0,1,1
815724467,04865lktb,unknown,,2,4
815724468,TimHMsocial,male,1.0,3,2
815724469,chromaticrose,female,1.0,3,10
815724470,erlking,male,1.0,3,10
815724471,PrestonEhrler,male,1.0,1,1
815724473,thennb,brand,0.0,0,6
815724474,Alexis_Toler,female,1.0,3,5
815724475,jac_naylor22,female,1.0,3,2
815724476,eeericca,female,1.0,3,8
815724477,07182jcsc,brand,0.0,2,4
815724478,potterscarniall,male,1.0,1,9
815724479,Millerita,female,1.0,3,10
815724480,Lundin77,unknown,,1,1
815724481,Briaan_x,male,1.0,3,7
815724482,5MinTweets,brand,0.0,2,6
815724483,annadavey_,female,1.0,3,8
815724484,marta_malik99,female,1.0,0,1
815724485,pompomflipflop,female,1.0,0,5
815724486,The_IT_Nerd,brand,0.0,1,1
815724487,adablinkz,female,1.0,0,5
815724488,83253slhb,brand,0.0,2,4
815724489,ThePsion,male,1.0,1,1
815724490,therealKSCM,brand,0.0,0,1
815724491,poul31780,brand,0.0,2,4
815724492,03243trdc,brand,0.0,2,4
815724493,_AustinCyr_,male,1.0,3,8
815724494,DanaUnleashed,male,1.0,3,2
815724496,BlueRocVII,brand,0.0,0,3
815724497,GeorgePannell3,male,1.0,0,7
815724498,06354jcsa,brand,0.0,2,4
815724500,82944slhb,brand,0.0,2,4
815724501,NOidaProtested,male,1.0,3,2
815724502,4JEANNINE137,female,1.0,3,7
815724503,DalterWunphy,male,1.0,0,3
815724504,evelynbradburyv,female,1.0,1,9
815724505,DoctorTweetz,brand,0.0,1,1
815724506,WWEJPDiamond,unknown,,3,2
815724507,stylescareful,male,1.0,3,2
815724508,fpresources,male,1.0,1,1
815724509,06461jcsb,brand,0.0,2,4
815724510,04918lktb,brand,0.0,2,4
815724511,lindabelgrove,female,1.0,3,5
815724512,cytotodulupa,female,1.0,1,9
815724513,parthaskar,female,1.0,3,0
815724514,gracieopulanza,female,1.0,1,1
815724515,BevinWarren,male,1.0,3,2
815724516,AndyC_88,male,1.0,0,3
815724517,cejarvis,female,1.0,3,10
815724518,100trains,brand,0.0,3,2
815724519,Mo09,male,1.0,1,11
815724520,wood31836,brand,0.0,2,4
815724522,06926jcsb,brand,0.0,2,4
815724523,03252trdb,brand,0.0,2,4
815724524,07511jcsc,brand,0.0,2,4
815724525,regan_terry,male,1.0,0,5
815724526,26101stwa,brand,0.0,2,4
815724527,vote41dbro,brand,0.0,0,7
815724529,STLDPolitics,brand,0.0,0,3
815724530,a1_carinsurance,brand,0.0,1,9
815724531,27151stwd,brand,0.0,2,4
815724532,06710jcsb,brand,0.0,2,4
815724533,dnttouch_my_hat,male,1.0,3,10
815724534,stuspanks,male,1.0,0,7
815724535,OverturnDebbie,female,1.0,3,2
815724536,cocogawdess,female,1.0,3,10
815724537,08005jcsc,brand,0.0,2,4
815724538,83617slhb,brand,0.0,2,4
815724539,SoddersLiger,brand,0.0,3,10
815724540,BunnyCatLady,female,1.0,0,1
815724541,davyc1976,male,1.0,0,0
815724542,emsuckle,female,1.0,3,8
815724543,AoAvessu,unknown,,1,9
815724544,26560stwb,brand,0.0,2,4
815724545,BoydHal,male,1.0,3,7
815724546,essencialll,female,1.0,3,2
815724547,nyasiamarie_,female,1.0,3,8
815724548,Laurrennn__xo,female,1.0,3,0
815724549,82410slha,brand,0.0,2,4
815724550,ClarissaClemens,female,1.0,1,2
815724551,06258jcsa,unknown,,2,4
815724552,Mededitor,male,1.0,3,10
815724554,06723jcsb,brand,0.0,2,4
815724555,calebthompson05,male,1.0,3,7
815724556,Hollliee_ox,female,1.0,0,5
815724557,MariamFenty_,female,1.0,3,2
815724558,yeaitstitus,male,1.0,3,8
815724559,DeltaReaper,male,1.0,3,8
815724560,Mathematics1001,brand,0.0,2,9
815724561,04624lktc,brand,0.0,2,4
815724562,ORJICONFIDENCE4,brand,0.0,0,3
815724563,YourBanRadio,brand,0.0,1,9
815724564,DCOMgtbt,brand,0.0,2,6
815724565,CPLAgtbt,brand,0.0,2,6
815724566,27108stwd,brand,0.0,2,4
815724567,02538gnlc,brand,0.0,2,4
815724568,enig31749,brand,0.0,2,4
815724569,MastaBruce_,male,1.0,1,10
815724570,lockegilmour,male,1.0,3,8
815724571,YazbeckMaria,female,1.0,3,2
815724572,Spareshirt,male,1.0,1,1
815724573,Kd_Thee_Virgo,female,1.0,0,8
815724574,VibeHi,male,1.0,1,10
815724575,benjhunt,male,1.0,3,8
815724576,PlymouthSport,brand,0.0,1,1
815724577,abazzaba5,female,1.0,3,8
815724578,04256trda,brand,0.0,2,4
815724579,07801jcsc,brand,0.0,2,4
815724580,miami_bikini6,brand,0.0,0,6
815724581,PyrexChank,female,1.0,3,6
815724582,08011gnla,brand,0.0,2,4
815724583,meldouglass,male,1.0,0,1
815724584,02743gnla,brand,0.0,2,4
815724585,06083jcsa,brand,0.0,2,4
815724586,emmybeezyk,unknown,,3,10
815724587,FortWorthTalks,brand,0.0,1,11
815724588,07495jcsc,brand,0.0,2,4
815724589,TRICKIMEENAJ,female,1.0,3,8
815724590,chrisedward4L,male,1.0,3,8
815724591,06530jcsb,brand,0.0,2,4
815724592,BananaGhostie,female,1.0,3,7
815724593,MoroseCrow,male,1.0,0,5
815724594,Join_RAGE,brand,0.0,1,10
815724595,SeityMusic,male,1.0,3,8
815724596,06080jcsa,unknown,,2,4
815724597,danrainey,male,1.0,0,1
815724598,Mrs_SamusAran,brand,0.0,3,2
815724599,d_michaelsatele,brand,0.0,0,7
815724600,homotears,female,1.0,3,5
815724601,maxqnz,unknown,,3,10
815724602,danie1028,female,1.0,1,11
815724603,dayt32114,brand,0.0,2,4
815724604,yixingsolos,male,1.0,3,2
815724605,KyleBoulwareBSM,male,1.0,3,2
815724606,RowenaYeatman,female,1.0,1,9
815724607,DanielOCL,male,1.0,3,2
815724608,kimchijigaee,female,1.0,3,8
815724609,ManaGallis1,male,1.0,1,9
815724610,26506stwb,brand,0.0,2,4
815724611,BoombahInc,brand,0.0,1,1
815724612,MichaelSheehyJr,male,1.0,3,0
815724613,justinesones,female,1.0,0,5
815724614,BallerinaAmanda,female,1.0,3,2
815724615,02114gnlb,brand,0.0,2,4
815724616,noffmutairi,female,1.0,3,8
815724617,04773lktc,brand,0.0,2,4
815724618,electricceleste,female,1.0,3,8
815724619,06712jcsb,unknown,,2,4
815724620,06109jcsa,brand,0.0,2,4
815724621,itshleezy,female,1.0,0,7
815724622,InstanttaxSoln,brand,0.0,1,1
815724623,03867trdb,brand,0.0,2,4
815724624,DarkLore_AE,male,1.0,0,0
815724625,rosscolquhoun,male,1.0,3,10
815724626,Bella_Babyy,female,1.0,3,8
815724627,Winniewinkle1,female,1.0,0,1
815724628,slha28277,brand,0.0,2,4
815724629,01571gnla,brand,0.0,2,4
815724630,Gossip9aija1,brand,0.0,1,9
815724631,lilykristiansen,female,1.0,0,8
815724632,Havik_k_geminis,male,1.0,1,1
815724633,marylener9,female,1.0,3,0
815724634,GaryJMcLaren,male,1.0,1,1
815724635,83714slhd,brand,0.0,2,4
815724636,lxxus,male,1.0,3,10
815724637,quintalpaulson,male,1.0,3,2
815724638,06079jcsa,brand,0.0,2,4
815724639,Nellie_XIX,female,1.0,0,0
815724640,njoelharris,male,1.0,0,5
815724641,RecoveryWraps,brand,0.0,0,5
815724642,04348trda,brand,0.0,2,4
815724643,Irishoreo_24,female,1.0,0,7
815724644,Vicky__Horan,female,1.0,3,2
815724645,silviochef,male,1.0,0,8
815724646,ontothelex,female,1.0,0,7
815724647,Cerys2Cerys,female,1.0,0,5
815724648,27053stwd,brand,0.0,2,4
815724649,WillemMulder,male,1.0,0,5
815724650,FCOCGIRL,female,1.0,1,5
815724651,03462trdb,brand,0.0,2,4
815724652,DCFC_FanApp,brand,0.0,1,9
815724653,Tucker_Cowden,male,1.0,0,5
815724654,wazoowazny,male,1.0,1,10
815724655,VantyInt,brand,0.0,1,1
815724656,Phil_Newman_,male,1.0,0,0
815724657,snobbishlyfe,brand,0.0,1,11
815724658,Lbczmusicjunky,unknown,,3,10
815724659,chaosmap,male,1.0,1,1
815724660,marianrasfeld,female,1.0,0,3
815724661,NewsYorkshire,brand,0.0,1,9
815724662,manol_manolin,brand,0.0,0,3
815724663,StoneMaximilian,male,1.0,0,5
815724664,dBdaSportsGuru,male,1.0,1,10
815724666,01864gnlb,brand,0.0,2,4
815724667,Totalbiscuit,brand,0.0,1,10
815724668,CynicalBrit,brand,0.0,1,1
815724669,DavidOswaldRp,male,1.0,0,0
815724670,RitchessJ,female,1.0,3,0
815724671,83717slhd,brand,0.0,2,4
815724672,05153lktb,brand,0.0,2,4
815724673,RshadJoh,male,1.0,1,10
815724674,ONLINEPR1NCESS,female,1.0,3,8
815724675,avivdc,male,1.0,0,1
815724676,SRLV1,brand,0.0,0,1
815724677,iam_Trena,female,1.0,1,9
815724678,__wrxsub__,unknown,,0,7
815724679,Moaandaa,female,1.0,3,0
815724680,EastMidlandNews,brand,0.0,1,9
815724681,andityasurya,male,1.0,1,1
815724682,05403lktb,unknown,,2,4
815724683,djdoublej919,male,1.0,1,1
815724684,_annyhs,female,1.0,3,8
815724685,AthertonKD,male,1.0,3,10
815724686,CIXgtbt,brand,0.0,2,6
815724687,TheMightyEROCK,male,1.0,3,10
815724688,StephenSweitzer,male,1.0,0,3
815724689,mudebenufyce,unknown,,1,9
815724690,05836lkta,brand,0.0,2,4
815724691,TreatsTrinkets,brand,0.0,1,1
815724692,_wonderfrankie,brand,0.0,3,8
815724693,Kawserinho,male,1.0,3,8
815724694,04487lktc,brand,0.0,2,4
815724695,AhnalieseAult,female,1.0,3,7
815724696,Clarawreckinbar,female,1.0,0,5
815724697,Serena_Ledwith,female,1.0,3,7
815724698,Troptraditions,brand,0.0,3,10
815724699,awceal,female,1.0,0,5
815724700,26440stwb,brand,0.0,2,4
815724701,OSUCrush,brand,0.0,3,10
815724702,HTgtbt,brand,0.0,2,6
815724703,ginabarbaglia,female,1.0,3,8
815724704,OnCapsRight,male,1.0,0,3
815724705,GLUUgtbt,brand,0.0,2,6
815724706,desihova,female,1.0,0,7
815724708,dannydimarino,male,1.0,0,5
815724709,26040stwa,brand,0.0,2,4
815724710,2susanparker1,female,1.0,0,0
815724711,04001trda,brand,0.0,2,4
815724712,antal_hunter,female,1.0,3,7
815724713,amer31709,brand,0.0,2,4
815724714,sportssupplier1,brand,0.0,1,9
815724715,07401jcsc,brand,0.0,2,4
815724716,uifellows,brand,0.0,0,0
815724717,CharlesAM,male,1.0,0,0
815724718,feednews,brand,0.0,1,9
815724719,slhd28606,brand,0.0,2,4
815724720,05363lktb,brand,0.0,2,4
815724721,ClaretandH,brand,0.0,1,10
815724722,05442lktb,brand,0.0,2,4
815724723,Leeleeinphilly,female,1.0,3,8
815724724,m1ttyc,female,1.0,3,2
815724725,Zallah__,unknown,,3,10
815724726,05362lktb,brand,0.0,2,4
815724727,satuduaplanning,brand,0.0,1,9
815724728,82939slhb,unknown,,2,4
815724730,70pog,male,1.0,3,0
815724731,FailingHomeEc,female,1.0,0,5
815724732,IanPAMacDonald,male,1.0,3,5
815724733,SirLovelly,male,1.0,0,5
815724734,philanthroupic,female,1.0,3,10
815724735,angienvance,female,1.0,3,2
815724736,PaydirtSteve,male,1.0,0,7
815724737,bennettrfisher,male,1.0,0,1
815724738,GLADgtbt,brand,0.0,2,6
815724739,ellie_hairsine,female,1.0,3,2
815724740,Rxbun,unknown,,3,8
815724741,daejones,brand,0.0,3,8
815724742,mommyweirdo,female,1.0,0,0
815724743,JonMoulds,male,1.0,0,0
815724744,RPi31,brand,0.0,2,6
815724745,deacon_smith,brand,0.0,3,2
815724746,sexycrystal_c,female,1.0,3,2
815724747,kaylareshelle,female,1.0,3,8
815724748,08004jcsc,brand,0.0,2,4
815724749,_____leslie,female,1.0,3,7
815724750,snxzzystyles,female,1.0,0,7
815724751,06085jcsa,brand,0.0,2,4
815724752,StrategIQCom,brand,0.0,1,9
815724753,stevealvarez,male,1.0,3,10
815724754,beep_roadrunner,unknown,,1,9
815724755,EliseRasha,female,1.0,0,1
815724757,SugdenDonna,female,1.0,1,9
815724758,860MBowes,male,1.0,3,7
815724759,fkntroye,male,1.0,3,2
815724760,TheWalkingFled,brand,0.0,0,3
815724761,sthrob77,brand,0.0,3,0
815724762,amJustSaleem,brand,0.0,1,9
815724763,genericgillian,female,1.0,3,7
815724764,sundaygavin,male,1.0,3,2
815724765,82945slhb,brand,0.0,2,4
815724766,06721jcsb,brand,0.0,2,4
815724767,iona543,female,1.0,3,2
815724768,cecilia_fardoux,female,1.0,3,7
815724769,eLEAN0RIgBY,female,1.0,3,8
815724770,TheRivermanRuns,brand,0.0,0,5
815724771,SayJ16,female,1.0,3,7
815724772,destineegaines7,female,1.0,3,10
815724773,megantoole,female,1.0,0,3
815724774,OrangeCal,brand,0.0,1,9
815724775,arianarosas007,female,1.0,3,7
815724776,May4everLQ,female,1.0,3,2
815724777,KEGS59,brand,0.0,0,1
815724778,kateles03,brand,0.0,2,6
815724779,JohnLaurich,male,1.0,3,2
815724780,DMcKinson,male,1.0,3,5
815724781,MrJWells619,male,1.0,3,10
815724782,83626slhb,brand,0.0,2,4
815724783,LIVVBUTLER,female,1.0,0,5
815724784,psigensoftware,brand,0.0,1,1
815724785,83814slhd,brand,0.0,2,4
815724786,Only_1_Michelle,female,1.0,3,8
815724788,queencreosote,female,1.0,0,5
815724789,1001coupons,male,1.0,1,1
815724790,83703slhd,brand,0.0,2,4
815724791,HOU__STONer,female,1.0,3,8
815724792,FCFgtbt,brand,0.0,2,6
815724794,NoePulido_,female,1.0,0,1
815724795,fijiiwolf,female,1.0,3,8
815724796,shelbyfm28,female,1.0,0,5
815724797,Jenni_Rod17,female,1.0,3,2
815724798,BognorRegisHour,brand,0.0,3,7
815724799,82435slha,brand,0.0,2,4
815724800,Symbiosyssol,brand,0.0,0,1
815724801,standupfalldown,male,1.0,3,10
815724803,BarbazonHayley,female,1.0,3,2
815724804,04681lktc,brand,0.0,2,4
815724805,02637gnlc,brand,0.0,2,4
815724806,NicheHacks,male,1.0,1,9
815724807,ungasper,male,1.0,1,0
815724809,storacle,female,1.0,1,10
815724810,83605slhb,brand,0.0,2,4
815724811,sous_hassoun,unknown,,0,7
815724812,04694lktc,brand,0.0,2,4
815724813,05474lkta,brand,0.0,2,4
815724814,Kelly62u,male,1.0,0,0
815724815,russellshih,brand,0.0,1,1
815724816,augu32080,brand,0.0,2,4
815724817,RachelCourtneyW,female,1.0,3,8
815724818,06101jcsa,brand,0.0,2,4
815724819,Barokoru,brand,0.0,3,7
815724820,Really_Leah,female,1.0,0,5
815724821,Xplore_In,brand,0.0,1,9
815724822,paulrot8,male,1.0,0,5
815724823,slha28323,brand,0.0,2,4
815724824,Ed4Ed4All,brand,0.0,1,1
815724825,LHowlettODPrism,male,1.0,0,1
815724827,26003stwa,unknown,,2,4
815724828,AnderlechtRSS,brand,0.0,1,9
815724829,CPSTgtbt,brand,0.0,2,6
815724830,mrspixelwife,female,1.0,3,10
815724831,samsonofsam,male,1.0,3,2
815724832,04939lktb,brand,0.0,2,4
815724833,theprophetv,male,1.0,3,10
815724834,meekjr_,brand,0.0,3,7
815724835,04676lktc,brand,0.0,2,4
815724836,ielester,male,1.0,0,0
815724837,06708jcsb,brand,0.0,2,4
815724838,RSQXE,brand,0.0,1,9
815724839,JacobTorres02,male,1.0,0,0
815724840,TheIsaacOla,male,1.0,1,1
815724841,08009jcsc,brand,0.0,2,4
815724842,bgmplus,brand,0.0,1,1
815724843,08083gnlb,brand,0.0,2,4
815724844,SkyBetChamp,brand,0.0,1,0
815724845,GGSgtbt,brand,0.0,2,6
815724846,AndradeTherapy,brand,0.0,0,3
815724847,belgianbeerday,brand,0.0,1,1
815724848,_nyyyyah,female,1.0,3,8
815724849,26419stwb,brand,0.0,2,4
815724850,dmak555,male,1.0,1,1
815724851,DVRgtbt,brand,0.0,2,6
815724853,01808gnlb,female,1.0,2,4
815724854,mikiayafe,female,1.0,3,8
815724855,e_rky,female,1.0,3,2
815724856,lotsahockeyleft,brand,0.0,0,3
815724857,Counterintuity,brand,0.0,1,1
815724858,missaquarius20c,female,1.0,0,3
815724859,Lettelle,female,1.0,3,8
815724860,83464slhb,brand,0.0,2,4
815724861,crimzonegaming,brand,0.0,1,9
815724862,06107jcsa,unknown,,2,4
815724863,DWgtbt,brand,0.0,2,6
815724864,adamkeatingbud,male,1.0,0,7
815724865,billrunroad,brand,0.0,1,9
815724866,05401lktb,brand,0.0,2,4
815724867,NewRepublic,brand,0.0,1,1
815724868,82929slhb,brand,0.0,2,4
815724869,Gingerw1970,female,1.0,0,5
815724870,uoluntatis,male,1.0,3,2
815724871,1970sBOY,male,1.0,3,0
815724874,bizluxuryhomes,brand,0.0,1,1
815724875,realbabes824,female,1.0,1,1
815724876,03887trdb,brand,0.0,2,4
815724877,BoneKnightmare,male,1.0,1,10
815724878,CandyRandy_DJ,male,1.0,1,1
815724879,SBOBETweets,brand,0.0,1,10
815724880,sarrrrahhhh,female,1.0,3,8
815724881,kahmil_,female,1.0,3,10
815724882,26178stwa,unknown,,2,4
815724883,rjxok,female,1.0,3,8
815724884,RayDimaano,male,1.0,0,1
815724885,Loirinhadevdd,female,1.0,3,7
815724886,Bully_Dont,female,1.0,3,10
815724887,heartless_amy,female,1.0,3,8
815724888,CloseTheDealTV,female,1.0,3,10
815724889,DellMayTell,male,1.0,3,0
815724890,04091trda,unknown,,2,4
815724891,feedingjoy,brand,0.0,3,2
815724892,04555lktc,brand,0.0,2,4
815724893,_Helst_,unknown,,3,2
815724894,Maskinen92,unknown,,0,0
815724895,westhamfootball,brand,0.0,1,10
815724896,captainknucklez,male,1.0,3,7
815724897,chzbizman,male,1.0,3,6
815724898,am640,brand,0.0,1,10
815724900,05404lktb,brand,0.0,2,4
815724901,sheerluke,female,1.0,3,8
815724902,03826trdb,brand,0.0,2,4
815724903,04631lktc,brand,0.0,2,4
815724904,06912jcsb,unknown,,2,4
815724905,83715slhd,brand,0.0,2,4
815724906,PeahnutsZSS,male,1.0,0,5
815724907,Michaelcx,male,1.0,3,5
815724908,AlukardNY,male,1.0,3,0
815724909,04101trda,brand,0.0,2,4
815724910,83719slhd,brand,0.0,2,4
815724911,83850slhd,brand,0.0,2,4
815724912,AnthonyWayne80,male,1.0,3,5
815724913,common_since123,male,1.0,1,1
815724914,inibtego1981,female,1.0,3,7
815724915,jadutogabek,male,1.0,1,9
815724916,Breezylovininwv,female,1.0,1,11
815724917,jmilladatrilla,female,1.0,3,7
815724918,LoneWolverine69,male,1.0,3,7
815724919,ASVP__RUSS,male,1.0,0,7
815724920,GHMgtbt,brand,0.0,2,6
815724921,CBNJgtbt,brand,0.0,2,6
815724922,Love_bug1016,female,1.0,3,2
815724923,07522jcsc,brand,0.0,2,4
815724924,NHLFlames,brand,0.0,1,10
815724925,TVnewsreligion,brand,0.0,0,3
815724926,Smurfitt_16,female,1.0,3,8
815724927,saidtaybae,female,1.0,0,3
815724928,07512jcsc,brand,0.0,2,4
815724929,TaylorMcKinley5,female,1.0,3,7
815724930,05070lktb,brand,0.0,2,4
815724931,CataclysmGames,male,1.0,3,2
815724932,83704slhd,brand,0.0,2,4
815724933,TheMFamous,brand,0.0,0,5
815724934,dtracy2,male,1.0,0,5
815724935,loudobbsnews,brand,0.0,0,0
815724936,06082jcsa,brand,0.0,2,4
815724937,Lex_Kids,brand,0.0,0,5
815724938,CopyrightGroup,brand,0.0,0,1
815724939,LizDeepDown,female,1.0,3,2
815724940,BNCLgtbt,brand,0.0,2,6
815724941,AudioBookRadio,brand,0.0,0,1
815724942,04087trda,brand,0.0,2,4
815724943,25966stwa,brand,0.0,2,4
815724945,About_Art_,brand,0.0,1,9
815724946,04489lktc,unknown,,2,4
815724947,TimothytHaines,brand,0.0,1,1
815724948,wolfinator12,male,1.0,3,7
815724949,BluntyboyJeff,male,1.0,0,3
815724950,DemBoyzNation,brand,0.0,0,3
815724951,PapaESoCo,male,1.0,3,2
815724952,sabbatical,male,1.0,3,10
815724953,BrittnieWard,female,1.0,0,5
815724954,CanadianInTexas,male,1.0,3,2
815724955,TheEscapistMag,brand,0.0,1,8
815724956,04086trda,brand,0.0,2,4
815724957,JesseASweeney,male,1.0,0,5
815724958,carolannbagan,female,1.0,1,5
815724959,02917trdc,unknown,,2,4
815724960,83116slhb,brand,0.0,2,4
815724961,Janbaby_10,female,1.0,3,8
815724962,patkirchsucks,female,1.0,3,2
815724963,BrettLeeRetired,male,1.0,3,2
815724964,AliceBoore,female,1.0,0,3
815724965,CarolGuedes9,female,1.0,3,2
815724967,03246trdb,brand,0.0,2,4
815724968,kaitlynspotts,female,1.0,3,10
815724969,82633slha,brand,0.0,2,4
815724970,02652gnlc,brand,0.0,2,4
815724971,emybabby,female,1.0,3,8
815724972,casadecampo,brand,0.0,1,1
815724973,wildnfreeaffirm,brand,0.0,1,9
815724974,JudeMal,female,1.0,3,2
815724975,shanenyman,male,1.0,3,10
815724976,SimplyAmVanessa,female,1.0,1,1
815724977,iamPopCee,male,1.0,1,1
815724978,82942slhb,brand,0.0,2,4
815724979,jamirodr_,female,1.0,3,2
815724980,ARIZONATWEETZ,brand,0.0,3,2
815724981,RedBreakingNews,brand,0.0,1,9
815724982,KevinGLowery,male,1.0,1,10
815724983,homehelpers4you,female,1.0,0,5
815724984,electriccloud,brand,0.0,1,0
815724985,07436jcsc,brand,0.0,2,4
815724986,montgomery44,female,1.0,0,7
815724987,ceoguts,male,1.0,3,5
815724988,airbiotics,brand,0.0,1,9
815724989,07838jcsc,brand,0.0,2,4
815724990,valeriaa__96,female,1.0,3,7
815724991,FlatsLDS,brand,0.0,1,1
815724992,04284trda,brand,0.0,2,4
815724993,pogue53,brand,0.0,1,1
815724994,Gaeem9Gyuu,male,1.0,0,5
815724995,UnleashedElite,brand,0.0,0,5
815724996,02170gnlc,brand,0.0,2,4
815724997,05839lkta,unknown,,2,4
815724998,03259trdb,brand,0.0,2,4
815724999,83322slhb,unknown,,2,4
815725000,AOAConnect,brand,0.0,1,1
815725001,AmericanIndian8,brand,0.0,1,2
815725002,07980jcsc,brand,0.0,2,4
815725003,ZOOGirls,brand,0.0,1,11
815725004,06518jcsb,unknown,,2,4
815725005,woeissylar,male,1.0,3,2
815725006,DRANKSINATRAA,male,1.0,1,10
815725007,04862lktb,brand,0.0,2,4
815725008,BillyRussel55,male,1.0,1,9
815725009,06716jcsb,unknown,,2,4
815725010,leno31637,brand,0.0,2,4
815725011,yusdibbs,male,1.0,3,5
815725012,howik12345,brand,0.0,0,3
815725013,BookTalkRadio,female,1.0,1,11
815725014,powerpostpartum,female,1.0,0,3
815725015,AgentShawnee,female,1.0,1,10
815725016,TalkRadBusiness,brand,0.0,1,9
815725017,06888jcsb,unknown,,2,4
815725018,01752gnlb,brand,0.0,2,4
815725019,MyBeautyDish,brand,0.0,1,5
815725020,ConstitutionCtr,brand,0.0,1,1
815725021,ConstanceDeidre,female,1.0,1,5
815725022,IanAlanPaul,male,1.0,0,5
815725023,ILoveMusic_USA,brand,0.0,1,10
815725024,Nightbreed1984,male,1.0,3,10
815725025,melbournesnews,brand,0.0,1,11
815725026,Marlnnn,brand,0.0,3,0
815725027,fimjay,male,1.0,3,8
815725028,IanJenney,male,1.0,0,3
815725030,03241trdc,brand,0.0,2,4
815725031,speed_racer2002,male,1.0,0,5
815725032,07821jcsc,brand,0.0,2,4
815725033,06504jcsb,brand,0.0,2,4
815725034,B3NSQUIAT,male,1.0,3,8
815725035,06722jcsb,brand,0.0,2,4
815725036,GrassValleyPD,brand,0.0,0,1
815725037,peterfig,male,1.0,0,5
815725038,06059jcsa,brand,0.0,2,4
815725039,AliSaabary,male,1.0,3,7
815725040,BazaarUK,brand,0.0,1,0
815725041,27111stwd,brand,0.0,2,4
815725042,verypink,female,1.0,0,1
815725043,annargriff,female,1.0,1,0
815725044,Bookatable,brand,0.0,0,0
815725045,SortSeparation,brand,0.0,0,1
815725046,82421slha,brand,0.0,2,4
815725047,04014trda,brand,0.0,2,4
815725048,Spellingqueen25,female,1.0,1,10
815725049,MsMahGrr,female,1.0,3,8
815725050,MaxwellGregson,male,1.0,3,10
815725051,PUFCHaribo,male,1.0,3,8
815725052,RockieShifah,female,1.0,1,9
815725053,DomainerAnon,unknown,,3,2
815725054,82930slhb,unknown,,2,4
815725055,03240trdc,brand,0.0,2,4
815725056,05402lktb,brand,0.0,2,4
815725057,zandrac274,unknown,,2,4
815725058,26106stwa,brand,0.0,2,4
815725059,LyricalPoet87,male,1.0,1,9
815725060,RoadWarriorBud,male,1.0,3,8
815725061,25922stwa,brand,0.0,2,4
815725062,The_Moran_Group,brand,0.0,1,1
815725063,RabinaChoudhry,female,1.0,0,3
815725064,82229slha,unknown,,2,4
815725065,DoperByDesign,male,1.0,3,8
815725066,rhea__george,female,1.0,3,8
815725067,MikeRiggs,male,1.0,1,1
815725068,evankirstel,male,1.0,3,2
815725070,Sheehands_,female,1.0,3,2
815725071,HouselectaFM,brand,0.0,1,9
815725072,07932jcsc,unknown,,2,4
815725073,Charlot02798732,female,1.0,2,4
815725074,08070gnlb,unknown,,2,4
815725075,SlateMoneybox,brand,0.0,1,1
815725076,ZOO,brand,0.0,1,1
815725078,AudreyS23511436,male,1.0,2,4
815725079,PRSAPgh,brand,0.0,1,1
815725080,02539gnlc,brand,0.0,2,4
815725081,flozimoet,female,1.0,1,6
815725082,04691lktc,brand,0.0,2,4
815725083,musicregistry,brand,0.0,1,10
815725084,EmericVictor,male,1.0,0,3
815725085,LunarDaily,brand,0.0,0,5
815725086,08010jcsc,brand,0.0,2,4
815725087,04679lktc,brand,0.0,2,4
815725088,DuqCareer,brand,0.0,0,1
815725089,03275trdb,brand,0.0,2,4
815725090,uisadvising,brand,0.0,0,1
815725091,xvbrenda,female,1.0,3,8
815725092,UsAndStyles,brand,0.0,1,2
815725093,cacucaladip,unknown,,1,9
815725094,Fanta4Banta,female,1.0,3,2
815725095,dancehallflex1,brand,0.0,1,9
815725096,laurxstyles,unknown,,3,2
815725097,04619lktc,brand,0.0,2,4
815725098,06087jcsa,brand,0.0,2,4
815725099,TnessPrince,male,1.0,0,3
815725100,iam_almiskin,female,1.0,1,9
815725101,03875trdb,brand,0.0,2,4
815725102,83713slhd,brand,0.0,2,4
815725103,02537gnlc,brand,0.0,2,4
815725104,06350jcsa,brand,0.0,2,4
815725105,Andrea_Michele,female,1.0,3,10
815725107,World_News_N1,brand,0.0,1,9
815725108,JBfrmDC,male,1.0,3,8
815725109,mz_ASB,female,1.0,1,9
815725110,FlySociety_Tone,male,1.0,3,8
815725111,83813slhd,brand,0.0,2,4
815725112,04092trda,brand,0.0,2,4
815725113,27331stwd,unknown,,2,4
815725114,_iamextra,male,1.0,3,10
815725115,02667gnlc,unknown,,2,4
815725116,Ms_Hilz,female,1.0,3,10
815725117,ElmerRaymnchamp,male,1.0,0,7
815725119,Google_My_Boobx,female,1.0,1,9
815725120,andywilsonpne,male,1.0,0,7
815725121,BEROKKOXXX,male,1.0,3,2
815725122,King_The_Ruler,male,1.0,3,8
815725123,05150lktb,brand,0.0,2,4
815725124,Erin_Taylor98,female,1.0,3,7
815725125,TechGeekness,brand,0.0,1,9
815725126,queenkara3,male,1.0,3,2
815725127,03590trdb,brand,0.0,2,4
815725128,stwc29582,brand,0.0,2,4
815725129,07112jcsc,brand,0.0,2,4
815725130,Richieoreilly1,male,1.0,0,3
815725131,reyeuro,male,1.0,1,10
815725132,lokarlobaat,brand,0.0,0,1
815725133,israxm,female,1.0,3,2
815725134,RejectsDaughter,female,1.0,3,2
815725135,MrMenziN,male,1.0,3,10
815725136,mbabva,unknown,,0,3
815725138,03904trdb,unknown,,2,4
815725139,26346stwb,brand,0.0,2,4
815725140,prayforpasserby,female,1.0,0,3
815725141,supra_nevermind,male,1.0,3,10
815725142,WorldNetTime,brand,0.0,3,9
815725143,JessicaDavis136,female,1.0,3,5
815725144,07040jcsb,brand,0.0,2,4
815725145,07981jcsc,brand,0.0,2,4
815725146,02535gnlc,brand,0.0,2,4
815725147,233Hype,brand,0.0,2,9
815725148,hartsyouu,female,1.0,3,2
815725149,muse31066,brand,0.0,2,4
815725150,83728slhd,brand,0.0,2,4
815725151,ABoyce_02,male,1.0,3,8
815725152,will70204,male,1.0,2,4
815725153,ToledoTalkRadio,brand,0.0,1,9
815725154,SMACKHighWA,brand,0.0,3,2
815725155,lsupofficial,brand,0.0,1,11
815725157,YahooCelebUK,brand,0.0,1,9
815725158,dreamscapenjh,male,1.0,3,2
815725159,stockmaster101,brand,0.0,1,9
815725160,kaaliajay,female,1.0,3,2
815725161,05355lktb,brand,0.0,2,4
815725162,WTF301071,brand,0.0,3,2
815725163,POLSNewark,brand,0.0,1,9
815725164,FinishedZine,male,1.0,0,5
815725165,27261stwd,brand,0.0,2,4
815725166,lrhstereo,brand,0.0,3,7
815725167,josewhales,male,1.0,1,9
815725168,happilygemgem,female,1.0,3,2
815725169,Woundylan,female,1.0,3,8
815725170,08027gnla,brand,0.0,2,4
815725171,DrJimboNHS,male,1.0,1,11
815725172,RosellMartin88,brand,0.0,1,9
815725173,powderballcp,brand,0.0,0,7
815725175,JakeTooFADED,male,1.0,0,5
815725176,guesswhomatthew,male,1.0,3,7
815725177,gailyn_enos,female,1.0,3,7
815725178,sashaapieterseP,female,1.0,0,7
815725179,martynpeel,male,1.0,3,10
815725180,SianPrime,female,1.0,0,5
815725181,The_Big_Fella,male,1.0,3,0
815725182,okcelllll,female,1.0,3,2
815725183,02215gnlc,brand,0.0,2,4
815725184,CallumHeinrich,male,1.0,0,5
815725185,aron_pauler,male,1.0,1,9
815725186,cyndihardyphoto,female,1.0,0,5
815725188,Hakunamavodka_,unknown,,3,8
815725189,giuseppeazzaro,male,1.0,1,1
815725190,animoid_row,brand,0.0,1,6
815725192,fact275,brand,0.0,3,2
815725193,TaraBecker_QCT,female,1.0,1,5
815725194,01865gnlb,brand,0.0,2,4
815725195,83262slhb,unknown,,2,4
815725196,danielbfreed,male,1.0,0,3
815725197,TradersStream,brand,0.0,2,6
815725198,jibixuwyjuva,brand,0.0,1,9
815725199,kdubsss17,female,1.0,3,2
815725200,Tallguyalec,male,1.0,0,5
815725201,xukolaxekuza,unknown,,1,9
815725202,BLACK_HAYCE,male,1.0,1,9
815725203,YoungJulian2,female,1.0,1,9
815725204,83463slhb,brand,0.0,2,4
815725205,26136stwa,brand,0.0,2,4
815725206,youngsinick,male,1.0,3,8
815725207,04344trda,brand,0.0,2,4
815725208,06091jcsa,unknown,,2,4
815725210,ProducersWEB,female,1.0,1,1
815725211,slhd28575,brand,0.0,2,4
815725212,FreddieDreamer,male,1.0,1,10
815725213,melodisthes,male,1.0,3,2
815725214,wallybock,male,1.0,1,9
815725215,LegislationLab,brand,0.0,0,3
815725216,patrick_kidd,male,1.0,3,10
815725217,06883jcsb,brand,0.0,2,4
815725218,fxtrace,brand,0.0,1,11
815725219,SnejaTheKing,unknown,,0,7
815725220,kismetceo,male,1.0,1,1
815725221,RichardBynoe_,male,1.0,3,8
815725222,MaryArredia,female,1.0,0,8
815725223,andrealanis,female,1.0,1,10
815725224,07308jcsc,brand,0.0,2,4
815725225,02911trdc,brand,0.0,2,4
815725226,02649gnlc,brand,0.0,2,4
815725227,stwa29177,brand,0.0,2,4
815725228,EssenceCartoon,brand,0.0,1,1
815725229,27094stwd,brand,0.0,2,4
815725230,04667lktc,brand,0.0,2,4
815725231,francescafloris,female,1.0,3,8
815725232,27312stwd,brand,0.0,2,4
815725233,WhatMaffTweets,brand,0.0,3,10
815725234,capitolfax,brand,0.0,1,1
815725235,ESCgtbt,brand,0.0,2,6
815725236,83523slhb,brand,0.0,2,4
815725237,sapphiremounty,brand,0.0,2,9
815725238,slhf29009,brand,0.0,2,4
815725239,PattySomlo,female,1.0,0,1
815725240,kanworu,male,1.0,3,2
815725241,joselinnnx,female,1.0,3,8
815725242,asapmartins,male,1.0,1,1
815725243,MisterLassiter,male,1.0,3,10
815725244,madefromvietnam,brand,0.0,1,9
815725245,06455jcsb,brand,0.0,2,4
815725246,01851gnlb,brand,0.0,2,4
815725247,Mpumi_Dope,unknown,,3,0
815725249,BrittanyyDevies,female,1.0,3,10
815725250,26302stwb,brand,0.0,2,4
815725251,05479lkta,brand,0.0,2,4
815725252,27239stwd,unknown,,2,4
815725253,SmackHighVT,brand,0.0,3,5
815725254,Lara7058,female,1.0,3,8
815725255,VMICareers,brand,0.0,0,3
815725256,elfpupy,unknown,,3,2
815725257,04671lktc,brand,0.0,2,4
815725259,docandjohn4ever,female,1.0,3,2
815725260,Alissamarie_56,female,1.0,3,7
815725262,BobMarleyRaised,male,1.0,3,8
815725263,lojikil,brand,0.0,3,2
815725264,MarcRelph,male,1.0,3,8
815725265,BKIgtbt,unknown,,2,6
815725266,01853gnlb,brand,0.0,2,4
815725267,06880jcsb,brand,0.0,2,4
815725268,lostinmyminds,unknown,,3,10
815725269,slha28253,brand,0.0,2,4
815725270,SanFranTalkRad,brand,0.0,1,9
815725271,SyscoUSFworkers,brand,0.0,0,0
815725272,Loveable7lerato,female,1.0,0,1
815725273,Mr___Spacely,male,1.0,3,8
815725274,justxwella,female,1.0,0,8
815725275,DGITgtbt,brand,0.0,2,6
815725276,06706jcsb,brand,0.0,2,4
815725277,FactsOnClimate,brand,0.0,0,3
815725278,BillyTorain,brand,0.0,0,3
815725279,gotocontrol,brand,0.0,3,1
815725280,TheLipBar,brand,0.0,3,5
815725281,JulianMegan,female,1.0,1,9
815725282,83115slhb,brand,0.0,2,4
815725283,Eating4Energy,brand,0.0,2,6
815725284,louirrie,unknown,,3,8
815725285,DannytheInfidel,male,1.0,3,5
815725286,_BrodieGuwop,male,1.0,3,2
815725287,OnAirMemphis,brand,0.0,1,9
815725288,07747jcsc,brand,0.0,2,4
815725289,NewsUSElections,brand,0.0,1,9
815725290,adamhepkin,male,1.0,0,5
815725291,holisoyanni,female,1.0,3,8
815725292,kellyanntrace,female,1.0,1,1
815725293,prettybirdsam,female,1.0,3,10
815725294,iamdarrenhall,male,1.0,1,5
815725295,NorthBendBandit,brand,0.0,3,0
815725296,cuvarigalaksije,male,1.0,0,3
815725297,05262lktb,brand,0.0,2,4
815725298,82902slha,brand,0.0,2,4
815725299,01784gnlb,brand,0.0,2,4
815725300,DjShegzy1,male,1.0,1,10
815725302,OVOPhantuums,male,1.0,1,1
815725303,indiemuke,female,1.0,3,8
815725304,06608jcsb,brand,0.0,2,4
815725305,colstud,male,1.0,0,5
815725306,2006carstent,brand,0.0,0,3
815725307,maxbanner17,male,1.0,3,10
815725308,Lauriehp3,female,1.0,0,5
815725309,Djninja116,male,1.0,3,8
815725310,KeepItKiss,brand,0.0,3,0
815725311,MaddyCote13,female,1.0,3,8
815725313,ShawmarLynch,male,1.0,0,7
815725314,sayingsforgirls,female,1.0,3,8
815725315,05830lkta,brand,0.0,2,4
815725316,slha28281,brand,0.0,2,4
815725317,Lonzawood,male,1.0,3,5
815725318,cskolnick1,female,1.0,0,1
815725319,MarketManLive,brand,0.0,1,11
815725320,dee_ai89,male,1.0,0,5
815725321,kaymsee,female,1.0,0,8
815725323,Conoyy,male,1.0,3,10
815725324,xBenJamminx,male,1.0,0,5
815725325,MDNAQuestions,female,1.0,3,7
815725326,gctogethernews,brand,0.0,1,9
815725327,destiny_janosko,female,1.0,0,0
815725328,comicsalliance,brand,0.0,1,1
815725329,CharlesRoseWine,brand,0.0,1,11
815725330,nuki_shitposts,brand,0.0,3,7
815725332,DailyFXTeam,brand,0.0,1,10
815725334,06266jcsa,brand,0.0,2,4
815725335,01302gnla,brand,0.0,2,4
815725336,04062trda,unknown,,2,4
815725337,SDMaundu,male,1.0,3,8
815725338,Cecez_Daughter,female,1.0,3,10
815725339,02896trdc,brand,0.0,2,4
815725340,CRAIgtbt,brand,0.0,2,6
815725341,rhymingbot,brand,0.0,2,6
815725342,GladysWinter1,female,1.0,2,9
815725343,07006jcsb,brand,0.0,2,4
815725344,05871lkta,brand,0.0,2,4
815725345,jackson175x,brand,0.0,2,4
815725346,82225slha,brand,0.0,2,4
815725347,07465jcsc,brand,0.0,2,4
815725348,04224trda,brand,0.0,2,4
815725349,04088trda,brand,0.0,2,4
815725350,EvaDema13,female,1.0,3,10
815725351,JohnGray35,male,1.0,1,1
815725352,dreamy773,female,1.0,3,2
815725353,83237slhb,brand,0.0,2,4
815725354,CAPCarrollMD,brand,0.0,0,1
815725355,dmfa26205,unknown,,2,4
815725356,04077trda,brand,0.0,2,4
815725357,Ephraim1968,male,1.0,1,1
815725358,82931slhb,brand,0.0,2,4
815725359,Ms_Terree,female,1.0,1,10
815725360,02205gnlc,brand,0.0,2,4
815725361,02883trdc,brand,0.0,2,4
815725362,06457jcsb,brand,0.0,2,4
815725363,steveneary66,male,1.0,3,0
815725364,08063gnlb,brand,0.0,2,4
815725365,elijgc18,female,1.0,0,3
815725366,AlmostNotReally,male,1.0,3,5
815725367,cush42,male,1.0,3,0
815725368,SidneyO99,male,1.0,3,2
815725369,MikeTNelson,male,1.0,1,1
815725370,SheldonMichael4,female,1.0,1,9
815725371,27291stwd,brand,0.0,2,4
815725372,01852gnlb,unknown,,2,4
815725373,83709slhd,brand,0.0,2,4
815725374,facultimedia,female,1.0,0,3
815725375,jamiet_afc,unknown,,0,7
815725376,GAINgtbt,brand,0.0,2,6
815725377,EsmarlyneG,female,1.0,3,8
815725378,LandsEndTours,brand,0.0,0,1
815725379,AamirChock,male,1.0,3,2
815725380,brittanynd71,female,1.0,3,5
815725381,wayoftheaviator,brand,0.0,0,3
815725382,06006lkta,brand,0.0,2,4
815725383,teambeckett1,brand,0.0,1,1
815725384,ShawnKing,male,1.0,1,10
815725385,MyLiveGirl,female,1.0,3,2
815725386,27213stwd,brand,0.0,2,4
815725387,filmnoirx,female,1.0,3,10
815725388,06480jcsb,brand,0.0,2,4
815725389,03037trdc,brand,0.0,2,4
815725390,merylalper,female,1.0,0,0
815725391,HUDAFUNK,brand,0.0,3,5
815725393,XUD_L,female,1.0,3,8
815725394,alsoMike,unknown,,3,2
815725395,JonathanTurf,male,1.0,0,0
815725396,FranciscoG_Jr,male,1.0,3,2
815725397,NJOblivian,brand,0.0,0,1
815725400,BalladOfDiaries,brand,0.0,1,6
815725401,BHEgtbt,brand,0.0,2,6
815725402,FBPgtbt,brand,0.0,2,6
815725404,07976jcsc,unknown,,2,4
815725405,08026gnla,brand,0.0,2,4
815725406,SudupeReviewer,unknown,,1,1
815725408,EERCANE,male,1.0,1,5
815725409,savage_twelvie,unknown,,3,8
815725410,RansomGardiner,male,1.0,0,5
815725411,julietfanik,female,1.0,0,5
815725412,sexygodDamon,male,1.0,3,10
815725413,Phoreign,male,1.0,3,8
815725414,Gpaper304,male,1.0,0,5
815725415,05470lkta,unknown,,2,4
815725416,Kagethewarrior,male,1.0,3,10
815725417,uselessqueenx,female,1.0,3,2
815725418,ProfChalmers,male,1.0,3,2
815725419,xphylez,male,1.0,3,8
815725420,gjohnson2009,female,1.0,1,1
815725421,gaynewsnet,brand,0.0,1,9
815725422,dereklwalker,male,1.0,0,5
815725423,Tasha23Sexy,female,1.0,3,6
815725424,MoangH,female,1.0,0,3
815725425,trumanaoconnor,male,1.0,1,9
815725426,Deemabdulsamad,female,1.0,0,5
815725427,ChrisCorbellini,male,1.0,1,1
815725428,03822trdb,brand,0.0,2,4
815725429,GlobalGrind,brand,0.0,1,10
815725430,davispg,male,1.0,1,0
815725432,iamTyphus,brand,0.0,1,5
815725433,trueprototype,female,1.0,3,8
815725434,82523slha,brand,0.0,2,4
815725435,aidan_efc,male,1.0,0,0
815725436,05358lktb,brand,0.0,2,4
815725437,02661gnlc,brand,0.0,2,4
815725438,thesupremecount,male,1.0,3,2
815725439,83842slhd,brand,0.0,2,4
815725440,03230trdc,unknown,,2,4
815725441,0N1K6,male,1.0,1,10
815725442,CASSgtbt,brand,0.0,2,6
815725444,Jwynne15,male,1.0,0,7
815725445,Edge1A,unknown,,0,3
815725446,GirlsNotebook,female,1.0,1,10
815725447,Zinxii_FFA,brand,0.0,3,7
815725448,Tw_Debi,brand,0.0,1,9
815725449,Jackson_Veloza,male,1.0,0,3
815725450,06052jcsa,brand,0.0,2,4
815725451,82430slha,brand,0.0,2,4
815725452,25985stwa,brand,0.0,2,4
815725453,maddy_Ch0,female,1.0,3,8
815725454,26282stwb,brand,0.0,2,4
815725455,GDOTgtbt,brand,0.0,2,6
815725456,skajingo,female,1.0,0,5
815725457,06534jcsb,brand,0.0,2,4
815725458,urbanexpressive,female,1.0,3,10
815725459,supashosh90,male,1.0,3,5
815725460,m_cannon25,male,1.0,3,7
815725461,06081jcsa,brand,0.0,2,4
815725462,Sameer32160106,male,1.0,2,4
815725463,BELFBgtbt,brand,0.0,2,6
815725464,daniellep__,female,1.0,3,8
815725465,jnolos0708,female,1.0,1,1
815725466,stwj30536,brand,0.0,2,4
815725467,80slukeftharry,brand,0.0,3,2
815725468,twoshadesofhope,female,1.0,3,10
815725469,02630gnlc,unknown,,2,4
815725470,tpamungkas90,male,1.0,2,6
815725471,05872lkta,brand,0.0,2,4
815725472,liliju_lauks,female,1.0,3,5
815725473,tom4liberty,male,1.0,0,0
815725474,sindisiwecndy26,female,1.0,0,3
815725475,kalish248,brand,0.0,2,4
815725476,FT,brand,0.0,1,9
815725477,atls31107,brand,0.0,2,4
815725478,06482jcsb,brand,0.0,2,4
815725479,03108trdc,brand,0.0,2,4
815725480,rachelwinter20,female,1.0,3,7
815725481,LAKERFANATICS,brand,0.0,3,10
815725482,DSPGgtbt,brand,0.0,2,6
815725483,05603lkta,brand,0.0,2,4
815725484,_SwifT_Blazee_,brand,0.0,0,0
815725485,07983jcsc,brand,0.0,2,4
815725486,c0l5hy69,brand,0.0,1,7
815725487,26534stwb,unknown,,2,4
815725488,SierraPeacock,female,1.0,1,9
815725489,BradleyKragen,male,1.0,3,10
815725490,JaclynPratt,female,1.0,3,8
815725491,dioplaflare,female,1.0,3,8
815725492,BenVolin,male,1.0,1,11
815725493,Awennn,unknown,,3,8
815725494,dmfa26271,brand,0.0,2,4
815725495,CPojero,female,1.0,0,3
815725496,82935slhb,brand,0.0,2,4
815725497,queen_sams,unknown,,0,3
815725498,26451stwb,brand,0.0,2,4
815725499,Rhaenyra24,female,1.0,0,7
815725500,Bettsy139,male,1.0,1,1
815725501,soursparks,female,1.0,3,6
815725503,GBCIgtbt,unknown,,2,6
815725504,TuftsAthletics,brand,0.0,1,1
815725505,ghostlyminded,male,1.0,3,2
815725506,JoseHarris32,male,1.0,1,1
815725507,AdeleNorthman,female,1.0,1,11
815725508,05067lktb,brand,0.0,2,4
815725509,LeytonTechnical,brand,0.0,1,1
815725511,GSMgtbt,brand,0.0,2,6
815725512,Isaac_MVZ,male,1.0,0,1
815725513,AMummysLifeNZ,female,1.0,1,10
815725514,boatint,brand,0.0,1,1
815725515,Tallex1,male,1.0,1,1
815725516,martingilbraith,male,1.0,1,10
815725517,Drecka_Mia,female,1.0,3,7
815725518,evelynlovessss,female,1.0,3,7
815725519,readrantreview,female,1.0,0,1
815725520,19Barbara57,female,1.0,1,10
815725521,NLeufven,male,1.0,3,0
815725522,natangram,unknown,,0,7
815725523,spaulding97,male,1.0,0,3
815725524,GradyBiggs,male,1.0,3,10
815725525,vegan_delicious,brand,0.0,1,1
815725526,07029jcsb,brand,0.0,2,4
815725527,GheiForTae,female,1.0,3,7
815725528,theMuse_,male,1.0,3,0
815725529,07746jcsc,brand,0.0,2,4
815725530,03302trdb,unknown,,2,4
815725531,25958stwa,unknown,,2,4
815725532,LUBelleville_AT,brand,0.0,0,1
815725534,07109jcsc,brand,0.0,2,4
815725535,LBacon34,male,1.0,3,0
815725536,03269trdb,brand,0.0,2,4
815725537,iambnoone,brand,0.0,3,2
815725538,02472gnlc,unknown,,2,4
815725539,HamisWise,male,1.0,0,5
815725540,04774lktc,brand,0.0,2,4
815725541,Twamebor,brand,0.0,1,9
815725542,Peter_Binary,male,1.0,1,9
815725543,03242trdc,brand,0.0,2,4
815725544,pericolleen,female,1.0,3,8
815725545,AshleyEadie,female,1.0,0,3
815725546,charteralliance,brand,0.0,1,10
815725547,RyunaSiege,female,1.0,1,2
815725548,_laticfanatic,male,1.0,0,5
815725549,TheChristie,brand,0.0,1,1
815725550,SMACKHighCT,brand,0.0,3,2
815725551,pesra01,brand,0.0,3,2
815725553,commiemjp,unknown,,3,10
815725554,BLXgtbt,brand,0.0,2,6
815725555,new_york__news,brand,0.0,1,9
815725556,06373jcsa,brand,0.0,2,4
815725557,07832jcsc,brand,0.0,2,4
815725558,VernonCrawfor13,male,1.0,3,2
815725559,MSK_ISU,brand,0.0,1,11
815725560,McDreamy_22,male,1.0,1,5
815725561,stwa29218,unknown,,2,4
815725563,espn1300,brand,0.0,0,3
815725564,83607slhb,brand,0.0,2,4
815725565,26263stwb,brand,0.0,2,4
815725566,06235jcsa,unknown,,2,4
815725567,Lethal_Chef,unknown,,1,5
815725568,04673lktc,brand,0.0,2,4
815725569,_JoshBAFC,male,1.0,3,8
815725570,carbonmotion,male,1.0,1,9
815725571,paul8ar,brand,0.0,3,2
815725572,Dan_Dashly,brand,0.0,0,0
815725573,EPLgtbt,brand,0.0,2,6
815725574,IndustryEars,male,1.0,1,10
815725575,stwa29202,brand,0.0,2,4
815725576,numin_a,female,1.0,1,1
815725577,everything_jays,brand,0.0,0,3
815725578,sallysizzle,female,1.0,0,5
815725579,83686slhd,brand,0.0,2,4
815725580,ListeningMaster,male,1.0,1,5
815725581,02715gnlc,brand,0.0,2,4
815725582,01036gnla,unknown,,2,4
815725583,wotanonymous,brand,0.0,1,9
815725584,gnlb26615,brand,0.0,2,4
815725585,02467gnlc,brand,0.0,2,4
815725586,yannaluv_,female,1.0,3,7
815725587,unkindhorizon,female,1.0,3,8
815725588,EXPgtbt,brand,0.0,2,6
815725589,BearingMoon,male,1.0,3,2
815725591,rikisquire,male,1.0,3,8
815725592,caitlyn_gillie,female,1.0,0,3
815725593,PeterTaliangis,male,1.0,3,0
815725594,04859lktb,brand,0.0,2,4
815725595,VyRTMe,female,1.0,0,3
815725596,srdocherty,male,1.0,3,0
815725597,6tripe,unknown,,3,7
815725598,reillystevens_,male,1.0,0,7
815725599,25870stwa,brand,0.0,2,4
815725600,OneSmallSavage,female,1.0,0,3
815725601,_itsjustceedie,female,1.0,3,8
815725602,26561stwb,brand,0.0,2,4
815725603,05360lktb,brand,0.0,2,4
815725604,Natetimm,male,1.0,3,8
815725605,06237jcsa,brand,0.0,2,4
815725606,MorrisPartyof6,female,1.0,1,11
815725607,The_Duddha,male,1.0,1,11
815725608,TriNet,brand,0.0,3,0
815725609,Travesham,male,1.0,3,10
815725610,harry_the_hound,male,1.0,0,0
815725611,06607jcsb,unknown,,2,4
815725612,83612slhb,brand,0.0,2,4
815725613,world_knews,brand,0.0,1,9
815725614,MultiGameFreakz,brand,0.0,0,5
815725615,itsme_dee,female,1.0,0,1
815725617,04675lktc,brand,0.0,2,4
815725618,wearemagicuk,brand,0.0,0,3
815725619,MexicoInstitute,brand,0.0,1,10
815725620,xCrazyCarolx,female,1.0,3,8
815725621,jessicagordon16,female,1.0,3,8
815725622,01701gnlb,brand,0.0,2,4
815725623,LABconsignment,brand,0.0,0,10
815725624,Shes_Adriannaaa,female,1.0,3,2
815725625,DatBoy_1745,male,1.0,0,7
815725626,Zappabeefheart,male,1.0,0,8
815725627,tonyklarc,male,1.0,0,5
815725628,SoulSonnet,brand,0.0,0,5
815725629,TaniaOnTheScene,female,1.0,1,10
815725630,JaymOnI_Swaggz,male,1.0,1,11
815725631,SWSG_Tweets,brand,0.0,1,1
815725632,KurtGugg32,male,1.0,1,1
815725633,05735lkta,brand,0.0,2,4
815725634,RealRoyalBoy,male,1.0,1,9
815725635,07175jcsc,brand,0.0,2,4
815725636,homebusiness2K,male,1.0,1,1
815725637,26228stwa,brand,0.0,2,4
815725638,06447jcsb,brand,0.0,2,4
815725639,02136gnlc,brand,0.0,2,4
815725640,MandaFizzy,female,1.0,3,10
815725641,XeroxGovService,brand,0.0,1,1
815725642,Independent,brand,0.0,1,10
815725643,BUDDHAXII,male,1.0,3,7
815725644,RealSaipan,male,1.0,3,5
815725645,SMACKHighNY,brand,0.0,3,8
815725646,RougeHealth,brand,0.0,0,3
815725648,02880trdc,brand,0.0,2,4
815725649,26502stwb,brand,0.0,2,4
815725650,JC_SAKSNY,male,1.0,0,3
815725651,KPMG_US,brand,0.0,1,1
815725652,wavaxukufari,brand,0.0,1,11
815725653,isaacwmiller,male,1.0,1,1
815725655,dmfa26294,brand,0.0,2,4
815725656,DebraFoxx,female,1.0,3,10
815725657,03864trdb,brand,0.0,2,4
815725658,02495gnlc,brand,0.0,2,4
815725659,83725slhd,brand,0.0,2,4
815725661,07927jcsc,brand,0.0,2,4
815725662,argumatronic,female,1.0,3,2
815725663,CECgtbt,brand,0.0,2,6
815725664,04082trda,brand,0.0,2,4
815725665,stwj30523,brand,0.0,2,4
815725666,05667lkta,brand,0.0,2,4
815725667,stwh30236,brand,0.0,2,4
815725668,83548slhb,brand,0.0,2,4
815725669,lopez182x,brand,0.0,2,4
815725670,linddss4,female,1.0,3,0
815725671,Kiley_J_Medler,female,1.0,3,5
815725672,ccminer_cf,brand,0.0,1,9
815725674,SafiArts,brand,0.0,1,1
815725675,Blazing_Glaceon,unknown,,0,5
815725676,Jenniphr,female,1.0,3,10
815725677,06064jcsa,brand,0.0,2,4
815725678,nationaljournal,brand,0.0,1,1
815725679,angelicurIs,female,1.0,3,2
815725680,laura_brooke10,female,1.0,0,3
815725681,chabela447,female,1.0,0,5
815725683,BSTCgtbt,brand,0.0,2,6
815725684,naijatalk247,brand,0.0,1,11
815725685,BWSgtbt,brand,0.0,2,6
815725687,82901slha,unknown,,2,4
815725688,spookycala,female,1.0,3,8
815725689,usmanakbar07,male,1.0,0,7
815725690,CWTgtbt,brand,0.0,2,6
815725691,04083trda,brand,0.0,2,4
815725693,02125gnlb,brand,0.0,2,4
815725694,04613lktc,brand,0.0,2,4
815725695,04607lktc,brand,0.0,2,4
815725697,rolldInfinity,brand,0.0,1,11
815725698,Bonga_Z,male,1.0,0,5
815725699,tmj_orl_health,brand,0.0,1,11
815725700,BoogsGotBangers,male,1.0,1,9
815725701,Jigga_OnHisLips,female,1.0,3,8
815725703,dlusstnews,brand,0.0,1,9
815725704,hooplove215,brand,0.0,1,1
815725706,dailynation,brand,0.0,1,10
815725707,TheRealGP_,male,1.0,3,8
815725708,AmberWhiteside,female,1.0,0,7
815725709,700wlw,brand,0.0,1,10
815725710,karlibunch,female,1.0,3,8
815725712,RENewsDallas,brand,0.0,1,9
815725713,ayattali,female,1.0,3,0
815725714,BaewonDanillo,male,1.0,3,10
815725715,GullCottageSand,brand,0.0,1,1
815725716,b_charpentier,female,1.0,3,8
815725717,LaceyvanderHarg,female,1.0,3,5
815725718,iamEngnrDre,male,1.0,1,10
815725719,324LilKelow,male,1.0,3,10
815725720,BoBUFORD,male,1.0,0,3
815725721,DaveTodayFM,male,1.0,3,8
815725722,its_melissa13,female,1.0,3,8
815725723,fisyfibebala,male,1.0,1,9
815725724,Blueindy_us,brand,0.0,0,5
815725725,ndjtamtam,brand,0.0,1,1
815725726,SMACKHighNJ,brand,0.0,3,10
815725728,Daily_Express,brand,0.0,1,9
815725730,nutrageus,male,1.0,1,0
815725731,redfonehen,female,1.0,3,8
815725732,karenfl79070153,female,1.0,2,4
815725733,aakashdurai23,male,1.0,0,7
815725734,os4185,brand,0.0,1,1
815725735,05866lkta,brand,0.0,2,4
815725736,06078jcsa,brand,0.0,2,4
815725737,05843lkta,brand,0.0,2,4
815725739,CDZIgtbt,brand,0.0,2,6
815725740,crayonx3,female,1.0,0,3
815725741,GlosCityCyclist,male,1.0,0,0
815725742,Louiseandrews18,female,1.0,3,8
815725743,83285slhb,brand,0.0,2,4
815725745,05731lkta,brand,0.0,2,4
815725746,wuhobitoqoj,female,1.0,0,6
815725747,DrPalutena,female,1.0,3,10
815725748,HYFR_tz_Rusty,male,1.0,1,9
815725749,Florri_mua,female,1.0,0,5
815725751,83501slhb,brand,0.0,2,4
815725752,scarybotsla,brand,0.0,2,6
815725753,PrasadSebas,male,1.0,0,3
815725754,K1LLz_,brand,0.0,3,8
815725756,undovictoria,female,1.0,3,2
815725757,carol_shamel123,female,1.0,0,7
815725758,McK_Trainor,male,1.0,0,3
815725759,Romariolorenzo1,male,1.0,3,2
815725760,CCCwright2,female,1.0,0,7
815725761,wanderthinkbot,brand,0.0,2,6
815725762,CMOgtbt,brand,0.0,2,6
815725763,GrandMasterKelz,female,1.0,3,8
815725764,emmaabossaert,female,1.0,0,7
815725765,Fiq007_,male,1.0,2,6
815725766,AaronWilson_NFL,male,1.0,1,10
815725767,Marga_M_R,female,1.0,0,3
815725768,aliasjonburrows,male,1.0,0,7
815725769,Sneak_Dissin_,male,1.0,3,8
815725770,stwb29360,brand,0.0,2,4
815725771,TrapLordJose,male,1.0,3,8
815725773,06928jcsb,brand,0.0,2,4
815725774,BestofPretoria,brand,0.0,0,3
815725775,ChloePratt11,female,1.0,0,3
815725776,shoujowife,female,1.0,3,8
815725777,iTY17_,male,1.0,3,8
815725778,05738lkta,brand,0.0,2,4
815725779,K9Dogsecrets,brand,0.0,1,9
815725781,Chloeprotz,female,1.0,1,9
815725782,_SoundAround_,brand,0.0,1,9
815725783,USAProSALE,brand,0.0,2,6
815725784,WhoaItsMeee,female,1.0,0,7
815725785,JustAboutDorset,brand,0.0,1,1
815725786,godwinmrjesser,male,1.0,0,3
815725787,82322slha,brand,0.0,2,4
815725788,JavierSolutions,male,1.0,0,3
815725789,slhf29037,brand,0.0,2,4
815725790,SuchBadDogs,brand,0.0,2,6
815725791,UnrealFitness,brand,0.0,0,3
815725792,ShannonScheff32,male,1.0,0,1
815725794,Christine_Sheaa,female,1.0,3,2
815725795,swank_ZA,female,1.0,1,2
815725796,27349stwd,female,1.0,2,4
815725797,Mbrew87,male,1.0,3,8
815725798,rapshack_co_uk,brand,0.0,1,1
815725799,theScienceTV,brand,0.0,1,9
815725801,hbmutungi,male,1.0,1,5
815725803,04674lktc,brand,0.0,2,4
815725804,KoolFMBarrie,brand,0.0,1,0
815725805,dvdinfatuation,male,1.0,1,10
815725806,karenstrunks,female,1.0,1,10
815725807,mcd0n4lds_,female,1.0,3,10
815725808,26521stwb,brand,0.0,2,4
815725809,05058lktb,brand,0.0,2,4
815725810,03235trdc,brand,0.0,2,4
815725811,AndertonLift,brand,0.0,1,1
815725812,ruggi281,unknown,,2,4
815725813,joshdundundunnn,male,1.0,3,7
815725814,Runn_GMC,male,1.0,3,8
815725817,03874trdb,brand,0.0,2,4
815725818,nickieohara,female,1.0,1,10
815725819,TheHollyJayne,female,1.0,3,8
815725820,bensebrex,male,1.0,3,10
815725821,Mr_Grubbles,male,1.0,3,8
815725822,luv_2mise,female,1.0,1,10
815725823,real_x_medium,brand,0.0,1,9
815725824,mennohulshof,male,1.0,3,2
815725825,high_on_glitter,brand,0.0,3,10
815725826,sneeuw_hart,female,1.0,3,5
815725827,MarsChampion21,male,1.0,0,5
815725828,GuillenCarlosV,male,1.0,3,2
815725829,AHA1R,male,1.0,1,9
815725830,Jade_DappysGirl,female,1.0,3,8
815725831,GCOMgtbt,brand,0.0,2,6
815725832,LegendGenerator,brand,0.0,2,6
815725833,TheCharacterCon,brand,0.0,0,1
815725834,Link1429,male,1.0,3,8
815725835,jenniferheu,female,1.0,0,7
815725836,Lesism,male,1.0,3,2
815725837,05354lktb,brand,0.0,2,4
815725838,ogynog,male,1.0,0,0
815725839,02241gnlc,brand,0.0,2,4
815725840,01paigee,female,1.0,0,7
815725841,schlit1000,brand,0.0,2,4
815725842,07974jcsc,brand,0.0,2,4
815725843,ChinaBootik,brand,0.0,1,9
815725844,KhasinLopez,male,1.0,0,7
815725845,ashNFFChall,male,1.0,0,5
815725846,27306stwd,unknown,,2,4
815725847,mechanicalcora,brand,0.0,2,6
815725848,JakeLaperruque,male,1.0,3,10
815725849,27325stwd,unknown,,2,4
815725851,usxtron,brand,0.0,1,6
815725852,LyricsHip_Hop,brand,0.0,1,5
815725853,myBekins,brand,0.0,1,1
815725854,barbjp2015,female,1.0,0,3
815725855,nthewoods,male,1.0,0,5
815725856,LarryThornton6,male,1.0,2,9
815725857,06459jcsb,brand,0.0,2,4
815725858,passion4savings,female,1.0,1,11
815725859,26269stwb,brand,0.0,2,4
815725860,derekd,male,1.0,1,1
815725861,06233jcsa,brand,0.0,2,4
815725862,LidbergTori,female,1.0,3,8
815725863,83233slhb,unknown,,2,4
815725864,Alfaro_Kevin,male,1.0,3,0
815725866,LeadWithVideo,female,1.0,1,11
815725867,83113slhb,brand,0.0,2,4
815725868,SXYVS,female,1.0,1,9
815725869,07979jcsc,brand,0.0,2,4
815725870,PhoneEatingBear,male,1.0,3,2
815725873,GEOYgtbt,brand,0.0,2,6
815725874,JanjetovicBojan,male,1.0,3,5
815725875,04932lktb,unknown,,2,4
815725876,06601jcsb,brand,0.0,2,4
815725877,RaiderDelta,brand,0.0,3,2
815725878,CNTraveler,brand,0.0,1,1
815725879,06536jcsb,brand,0.0,2,4
815725880,Dunsindunxon,male,1.0,1,1
815725881,06532jcsb,brand,0.0,2,4
815725882,fitboar,brand,0.0,0,3
815725883,TheHockeyWriter,brand,0.0,1,1
815725884,telfordkev,male,1.0,0,5
815725885,breebird33,brand,0.0,3,2
815725887,tawny_ashworth,female,1.0,0,7
815725888,SecAmWorcTea,brand,0.0,1,9
815725889,27252stwd,brand,0.0,2,4
815725890,83705slhd,brand,0.0,2,4
815725891,RichandGod,brand,0.0,3,10
815725892,27285stwd,brand,0.0,2,4
815725893,dionneomahony_,female,1.0,3,7
815725894,83601slhb,unknown,,2,4
815725895,spoon9z,brand,0.0,3,5
815725896,johnnykayyyyy,male,1.0,3,8
815725897,lachingonadeTX,female,1.0,3,2
815725898,SACanHelp,brand,0.0,0,1
815725899,FLMomNYGirl,female,1.0,1,10
815725900,NensiPepsi,female,1.0,3,2
815725902,tblack,male,1.0,3,10
815725903,04056trda,brand,0.0,2,4
815725904,sanjanettiz,female,1.0,0,3
815725905,03237trdc,brand,0.0,2,4
815725906,02475gnlc,unknown,,2,4
815725907,ImDutchessDUH,female,1.0,0,7
815725908,K3lllllyyy_,female,1.0,3,8
815725909,ashleighcaniff_,female,1.0,3,7
815725910,RhemaVerses,female,1.0,2,6
815725911,82513slha,brand,0.0,2,4
815725913,04669lktc,unknown,,2,4
815725914,Milford_Now,brand,0.0,0,3
815725915,mujtaba2k8,male,1.0,1,0
815725916,reyyneyy,female,1.0,0,7
815725917,BantersaurusDev,female,1.0,3,5
815725918,Comics_Un,brand,0.0,1,9
815725920,05077lktb,brand,0.0,2,4
815725921,Jimbo_Simpson,brand,0.0,3,5
815725922,coghlan283,brand,0.0,2,4
815725923,Cnverg,brand,0.0,0,0
815725924,01653gnlb,brand,0.0,2,4
815725925,KPMGUSCareers,brand,0.0,1,1
815725926,sosofreshuk,brand,0.0,1,9
815725928,05361lktb,brand,0.0,2,4
815725929,yetnaleci,female,1.0,3,2
815725930,26404stwb,brand,0.0,2,4
815725931,topnewscenter,brand,0.0,1,9
815725932,minnieminzyminx,female,1.0,1,1
815725933,meteo_leb,brand,0.0,1,11
815725934,erynies,brand,0.0,3,10
815725935,azvibesports,male,1.0,1,0
815725936,07108jcsc,brand,0.0,2,4
815725937,securenet,brand,0.0,1,9
815725938,AkiaJonesML,male,1.0,0,5
815725939,alexandria_x0xo,female,1.0,3,7
815725941,__AmorFiel,female,1.0,3,5
815725943,06002lkta,brand,0.0,2,4
815725944,03298trdb,brand,0.0,2,4
815725945,BPedlar19,female,1.0,0,7
815725946,Applebome,male,1.0,1,1
815725947,BARBARASCULLY2,female,1.0,0,3
815725948,lucyandersen_x,female,1.0,3,8
815725949,AmyWelshxx,female,1.0,0,1
815725950,KayleighEU,female,1.0,3,2
815725951,AFactorFitness,female,1.0,0,1
815725952,slhb28444,unknown,,2,4
815725953,westdupontwines,brand,0.0,0,5
815725954,FortuneMod_,brand,0.0,1,6
815725955,99designs,brand,0.0,3,10
815725956,NollyFamily,brand,0.0,1,9
815725957,07111jcsc,unknown,,2,4
815725958,SassyNinjaGuru,brand,0.0,3,5
815725959,iAmJeffSledge,brand,0.0,1,9
815725960,bzatrok,male,1.0,0,3
815725961,PapiDelGuapo,male,1.0,3,8
815725962,nasheTL,female,1.0,3,5
815725963,darwinsnews,brand,0.0,1,11
815725965,SpaceMousey,brand,0.0,3,5
815725966,btsteelcurtain,brand,0.0,1,1
815725967,JoleenAckerleyx,female,1.0,3,8
815725968,26238stwa,unknown,,2,4
815725969,petermfc,male,1.0,3,8
815725970,getnuggetapp,brand,0.0,1,11
815725971,TheTodayShow,brand,0.0,3,10
815725972,CAVMgtbt,unknown,,2,6
815725973,CCWestPulaski,brand,0.0,1,1
815725974,BathSpaDent,brand,0.0,1,1
815725975,tulip_jenkins,male,1.0,3,2
815725976,EdwynaCES,female,1.0,1,1
815725977,Samsungsphones,brand,0.0,1,9
815725978,harriet_grose,female,1.0,1,11
815725979,redcarpetcrash,brand,0.0,1,9
815725980,7digital_UK,brand,0.0,1,1
815725981,goldsmithh66,male,1.0,0,0
815725982,MisterIyanu,male,1.0,1,9
815725983,T_Urness,male,1.0,0,5
815725984,RENewsFortWorth,brand,0.0,1,9
815725985,evepaludan,female,1.0,1,11
815725986,LibromusicaIES,brand,0.0,3,1
815725987,northernersrock,male,1.0,3,10
815725988,ryanswanstrom,male,1.0,1,1
815725989,zaloxypazife,unknown,,0,3
815725990,GoodmanGilmore,female,1.0,1,9
815725991,khel___,female,1.0,0,1
815725992,lezizukyxody,female,1.0,1,9
815725993,olufemisp,unknown,,0,5
815725994,GilmoreRalphs,female,1.0,2,6
815725995,SimonGalbraith2,female,1.0,2,9
815725996,GlizzyLanie,female,1.0,3,7
815725997,jsoupzzz,male,1.0,3,8
815725998,RasheedaLedet,brand,0.0,1,9
815725999,AwesomeJenn11,brand,0.0,3,0
815726000,BKEgtbt,unknown,,2,6
815726001,dmfa20866,brand,0.0,2,4
815726002,NazaribabersadF,female,1.0,0,3
815726003,06371jcsa,brand,0.0,2,4
815726004,attidon,male,1.0,1,11
815726005,lyriczbot,brand,0.0,2,6
815726006,GiveBackMySkull,unknown,,3,8
815726007,04488lktc,unknown,,2,4
815726008,knap31708,brand,0.0,2,4
815726009,CBSTgtbt,brand,0.0,2,6
815726010,Spronks1,brand,0.0,0,3
815726011,MiersSavannah1,female,1.0,2,6
815726012,Paul0970,male,1.0,1,10
815726016,HSIIgtbt,brand,0.0,2,6
815726017,IB_GIST,female,1.0,1,9
815726018,KingGStringG,male,1.0,1,9
815726019,04915lktb,brand,0.0,2,4
815726020,26175stwa,brand,0.0,2,4
815726021,03865trdb,brand,0.0,2,4
815726022,SamSykesSwears,male,1.0,3,10
815726023,27229stwd,brand,0.0,2,4
815726024,SwissRoll1,male,1.0,3,8
815726025,04076trda,unknown,,2,4
815726026,radio_apa,brand,0.0,0,6
815726027,mucivyraqeke,male,1.0,1,9
815726028,03819trdb,brand,0.0,2,4
815726029,f2p_pirates,brand,0.0,0,3
815726030,03238trdc,brand,0.0,2,4
815726031,07827jcsc,unknown,,2,4
815726032,04085trda,unknown,,2,4
815726033,05055lktb,unknown,,2,4
815726034,01810gnlb,unknown,,2,4
815726035,06444jcsb,brand,0.0,2,4
815726036,crushthebookie,brand,0.0,3,2
815726037,cabEYomyeggo,female,1.0,3,2
815726038,WilliamReid32,male,1.0,1,1
815726039,IAmKotah,female,1.0,3,2
815726040,marcieher04,female,1.0,3,7
815726041,JMHaltom,male,1.0,0,11
815726043,02861trdc,brand,0.0,2,4
815726044,thesolescoop,brand,0.0,0,3
815726045,83701slhd,brand,0.0,2,4
815726046,RorsDM,male,1.0,3,2
815726048,NikkoleonWorld,female,1.0,0,3
815726049,idIehypocrate,female,1.0,0,3
815726050,Zaney120,male,1.0,0,8
815726052,06454jcsb,brand,0.0,2,4
815726053,26354stwb,brand,0.0,2,4
815726054,07755jcsc,unknown,,2,4
815726055,briannaoftarth,female,1.0,3,5
815726056,logo8guru,brand,0.0,1,9
815726057,SherwoodSysAZ,brand,0.0,0,1
815726058,podDVR,brand,0.0,1,1
815726059,toynamerbot,brand,0.0,2,6
815726060,RosesAndRellos,female,1.0,3,2
815726062,83860slhd,brand,0.0,2,4
815726063,birdemily_,female,1.0,3,10
815726064,lalenamonica,female,1.0,3,8
815726065,Pegasus_Cindy,female,1.0,1,10
815726067,06606jcsb,brand,0.0,2,4
815726068,Rich_893,male,1.0,3,2
815726069,LousieAgnes,female,1.0,1,11
815726070,luv_oyin,female,1.0,1,9
815726071,Freudianslipz,brand,0.0,3,8
815726072,FXCMgtbt,brand,0.0,2,6
815726073,RPMDocumentary,male,1.0,0,1
815726075,SEETEK_AU,male,1.0,1,2
815726076,Kat134569,female,1.0,2,4
815726077,Egyptouring,brand,0.0,1,11
815726078,CharlieSlang,male,1.0,3,10
815726079,1034SunFM,brand,0.0,1,1
815726080,planetgoldilock,brand,0.0,1,11
815726081,LatterDayOtaku,female,1.0,3,2
815726082,polyglotbraids,female,1.0,3,2
815726083,stationerylovr,brand,0.0,0,3
815726084,5rivers,brand,0.0,1,0
815726085,kairosgomez,female,1.0,3,8
815726086,250thouin365,brand,0.0,2,4
815726088,USAcitizenship,brand,0.0,1,1
815726089,TheGunnerfly,female,1.0,3,8
815726090,Ambernoel1211,female,1.0,0,5
815726091,Umuvugakuri,female,1.0,3,2
815726092,jorgearangure,male,1.0,1,10
815726093,08043gnla,brand,0.0,2,4
815726094,erinhemlin,female,1.0,1,11
815726095,LQForever3,brand,0.0,2,6
815726096,jamesgerrard,male,1.0,3,10
815726097,KeepCaImTweets,brand,0.0,1,9
815726098,DIYDI_Tweets,brand,0.0,1,9
815726099,TennisAcademy01,brand,0.0,1,1
815726100,Barney174,male,1.0,0,5
815726101,26443stwb,brand,0.0,2,4
815726102,AAAOregonIdaho,brand,0.0,1,1
815726103,Convert,brand,0.0,1,10
815726104,DINgtbt,brand,0.0,2,6
815726105,Nickolas9800,male,1.0,0,5
815726106,CptDRE,male,1.0,3,7
815726107,06042jcsa,unknown,,2,4
815726108,rumucijaseho,female,1.0,0,3
815726109,02532gnlc,brand,0.0,2,4
815726110,stwc29530,brand,0.0,2,4
815726111,NYDailyNewsFeed,brand,0.0,2,6
815726112,04072trda,brand,0.0,2,4
815726113,BOLTgtbt,brand,0.0,2,6
815726114,03110trdc,brand,0.0,2,4
815726115,ddinnawi,female,1.0,0,1
815726116,lonhro,brand,0.0,3,2
815726117,03441trdb,brand,0.0,2,4
815726118,83812slhd,unknown,,2,4
815726120,08088gnlb,brand,0.0,2,4
815726121,_Pappi__Chulo,female,1.0,3,8
815726122,SISHorseRacing,brand,0.0,2,6
815726123,Nick_thedopeman,male,1.0,3,8
815726125,cytaoplasm,female,1.0,3,2
815726126,26149stwa,brand,0.0,2,4
815726127,07419jcsc,brand,0.0,2,4
815726128,stwd29647,brand,0.0,2,4
815726129,courtsapenguin,female,1.0,3,2
815726130,05868lkta,brand,0.0,2,4
815726131,SprtOfHalloween,brand,0.0,2,6
815726132,26327stwb,unknown,,2,4
815726133,02714gnlc,unknown,,2,4
815726134,HxMETOWNImagine,brand,0.0,3,2
815726135,smashb1,brand,0.0,3,7
815726136,07043jcsc,brand,0.0,2,4
815726137,26289stwb,brand,0.0,2,4
815726138,06282jcsa,brand,0.0,2,4
815726139,83286slhb,brand,0.0,2,4
815726140,FLeagueWorld,brand,0.0,1,9
815726141,82923slhb,brand,0.0,2,4
815726142,02562gnlc,brand,0.0,2,4
815726143,wesp31833,brand,0.0,2,4
815726144,05862lkta,unknown,,2,4
815726145,aglawpaul,male,1.0,1,11
815726146,simonbrown,male,1.0,1,10
815726147,midastouchwebs,brand,0.0,0,3
815726148,Gabeepie,female,1.0,3,8
815726151,karleighblaise,female,1.0,3,8
815726152,pellicott1,unknown,,3,2
815726154,_CelesteMonae,female,1.0,3,7
815726155,UFO_RESEARCH,brand,0.0,1,1
815726156,TScpSagittarius,brand,0.0,1,1
815726157,AmyCrowex,female,1.0,3,8
815726158,Kay__Hennessey,male,1.0,1,1
815726160,26531stwb,brand,0.0,2,4
815726161,13spencer,male,1.0,3,2
815726162,RamaceyJeff,female,1.0,1,9
815726163,celest_chart_in,brand,0.0,1,9
815726164,angelagarryuk,female,1.0,1,5
815726165,shrubbinatorbot,brand,0.0,2,6
815726166,WMUL_Live,brand,0.0,2,6
815726167,Animabotics,brand,0.0,0,3
815726168,Matts_Up_Lift3D,male,1.0,3,10
815726169,pj6969pj,brand,0.0,1,11
815726170,shika32,male,1.0,3,10
815726171,kingqueenfeed,brand,0.0,1,9
815726172,SamSketchbook,female,1.0,0,5
815726173,JADESWISSROLL,female,1.0,3,5
815726174,StereoBlogging,brand,0.0,1,9
815726175,maxi_chad,male,1.0,0,8
815726176,AlabamaNews1,brand,0.0,1,9
815726177,ItsMauraaaa,female,1.0,0,7
815726179,martinemartin87,female,1.0,0,5
815726180,JROlsonEnt,male,1.0,1,1
815726182,pjongup,female,1.0,1,9
815726183,KimberLofgren,female,1.0,3,0
815726184,TJA_evonet,male,1.0,0,5
815726185,FXENgtbt,brand,0.0,2,6
815726187,AlisonCooperVA,female,1.0,1,1
815726188,zapsgoId,male,1.0,3,2
815726189,JonMillerXX,male,1.0,0,0
815726190,visualcraft,brand,0.0,0,3
815726191,griffinhickman,male,1.0,1,10
815726192,04772lktc,unknown,,2,4
815726193,Morgan_Larry43,female,1.0,0,7
815726194,mckbirdbks,male,1.0,1,9
815726195,musicnews_daily,brand,0.0,1,9
815726196,KaylaAr09739181,female,1.0,2,4
815726197,BenjaminHayden3,male,1.0,2,6
815726198,jamrockjammie,male,1.0,1,9
815726200,eng_footy_news,brand,0.0,1,9
815726201,02471gnlc,brand,0.0,2,4
815726202,FireFistE,brand,0.0,0,3
815726203,RedHeadedFanboy,male,1.0,3,10
815726204,Diomoglass,brand,0.0,1,1
815726205,4200FINEST,male,1.0,3,8
815726206,CarolynTina2,female,1.0,1,9
815726207,07051jcsc,unknown,,2,4
815726208,jojoseames,female,1.0,3,8
815726209,gucezulaqut,brand,0.0,1,9
815726210,CallMeConn,male,1.0,3,8
815726211,Nae_Folarin,female,1.0,1,1
815726212,JacobsonConors,male,1.0,1,9
815726213,MagdaLenA_JT,female,1.0,3,10
815726214,KeepUpThe_Pace,female,1.0,3,8
815726215,Tojo_1888,male,1.0,3,0
815726216,SaleSafari,brand,0.0,3,7
815726217,NenRosee,female,1.0,3,8
815726218,shorttalesbot,brand,0.0,2,6
815726219,stwe29680,brand,0.0,2,4
815726220,Ahmed_Mohiuddin,male,1.0,1,5
815726221,05841lkta,brand,0.0,2,4
815726222,CampbellNevill,male,1.0,2,6
815726223,07738jcsc,brand,0.0,2,4
815726224,26134stwa,brand,0.0,2,4
815726226,stefanboom73,male,1.0,3,10
815726227,02873trdc,brand,0.0,2,4
815726228,letsgodogging,brand,0.0,1,9
815726229,Roxyfighter,female,1.0,1,10
815726230,Craigr25,male,1.0,0,0
815726231,BnGBlitz,male,1.0,1,9
815726232,chaliceoftears,unknown,,3,2
815726234,Randy_sV12,brand,0.0,1,9
815726235,A_manK001,male,1.0,3,5
815726236,LynnGay11,female,1.0,3,7
815726237,ECNashville,male,1.0,1,1
815726238,MiVidaSeattle,male,1.0,3,0
815726239,AlhenaSmile,female,1.0,3,2
815726240,02112gnlb,brand,0.0,2,4
815726241,BigBoxRadio,brand,0.0,1,10
815726242,sydenhamtown,brand,0.0,1,9
815726243,rossbrail,brand,0.0,2,6
815726244,05737lkta,brand,0.0,2,4
815726245,1THERESE064,female,1.0,3,2
815726246,02895trdc,brand,0.0,2,4
815726247,xxxmicahcxxx,male,1.0,0,5
815726248,PetConciergePls,brand,0.0,0,1
815726249,slhf29040,brand,0.0,2,4
815726250,NE_Happening,brand,0.0,0,1
815726251,Tirah_Gaines,female,1.0,0,7
815726253,Lucius_C_Sulla,brand,0.0,0,7
815726254,everlark4evaaaa,male,1.0,3,2
815726255,fatinizuki,female,1.0,3,2
815726256,ltmcdies,brand,0.0,3,8
815726257,eyeisrobin,female,1.0,3,8
815726259,KatieReeed,female,1.0,3,8
815726260,05602lkta,brand,0.0,2,4
815726261,mypageboy,brand,0.0,0,11
815726262,MasculineGamer,male,1.0,2,6
815726263,EHarrisonAuthor,female,1.0,1,11
815726264,rpcodefree,brand,0.0,1,1
815726265,07461jcsc,brand,0.0,2,4
815726266,HannahhMartinn1,female,1.0,3,8
815726267,06034jcsa,brand,0.0,2,4
815726269,wandarection_,brand,0.0,3,2
815726270,Jeans_for2,male,1.0,3,0
815726271,violotto,unknown,,0,3
815726272,Miskellys,brand,0.0,1,1
815726273,HopeAshleyWall,female,1.0,3,2
815726275,MoAnsar,male,1.0,1,10
815726276,PandaPSU,male,1.0,3,10
815726277,PeterPetersenab,male,1.0,1,2
815726278,RadioTimes,brand,0.0,1,1
815726279,LuisJeffrey1,female,1.0,1,9
815726280,AddisonMorgan2,female,1.0,2,9
815726281,SamTheMailman,male,1.0,1,9
815726282,DAndraMc,female,1.0,0,3
815726283,LouCocks,male,1.0,0,8
815726284,addictofmatt,unknown,,3,2
815726285,lconnectnet,brand,0.0,1,1
815726286,07978jcsc,brand,0.0,2,4
815726287,YarmButchers,brand,0.0,0,3
815726288,drewdaviy,female,1.0,0,3
815726289,BikeSmut,brand,0.0,3,10
815726291,morebrides,brand,0.0,1,1
815726292,booktitlebot,brand,0.0,2,6
815726293,Chrispy0515,male,1.0,0,5
815726294,CarterGilbert1,female,1.0,2,6
815726295,ella31806,brand,0.0,2,4
815726296,_DanielFraser,male,1.0,0,7
815726297,WalterJames32,male,1.0,1,1
815726298,Koran_Inggris,brand,0.0,2,9
815726299,Steve_Szeliga,male,1.0,0,0
815726301,citr32113,brand,0.0,2,4
815726302,04672lktc,brand,0.0,2,4
815726304,EarthquakeJo,female,1.0,3,8
815726306,Marduk021374,unknown,,2,4
815726307,83462slhb,brand,0.0,2,4
815726308,07676jcsc,brand,0.0,2,4
815726309,carlla_XOXO,female,1.0,3,7
815726311,alakazamblog,brand,0.0,3,2
815726312,25979stwa,unknown,,2,4
815726313,ReadIt_Son,brand,0.0,0,6
815726314,02646gnlc,brand,0.0,2,4
815726316,05482lkta,unknown,,2,4
815726317,ParkersRoom94,female,1.0,1,10
815726318,07395jcsc,brand,0.0,2,4
815726319,Michelle_cilley,female,1.0,3,7
815726320,83857slhd,brand,0.0,2,4
815726321,dlPhilippines,brand,0.0,1,9
815726322,BrianWhitehurst,male,1.0,1,10
815726323,nkrentz,female,1.0,0,5
815726324,Vidhya92,female,1.0,0,8
815726325,MelissaThelma,female,1.0,1,9
815726326,05257lktb,brand,0.0,2,4
815726327,b0redb0t,unknown,,2,6
815726328,07418jcsc,brand,0.0,2,4
815726329,stwa29166,unknown,,2,4
815726330,ChristianArth13,unknown,,2,6
815726331,02563gnlc,brand,0.0,2,4
815726332,flrocker83,male,1.0,0,5
815726333,05301lktb,brand,0.0,2,4
815726334,janepet35,unknown,,2,6
815726335,02601gnlc,brand,0.0,2,4
815726336,26206stwa,brand,0.0,2,4
815726337,violentdaylight,female,1.0,1,9
815726338,04485lktc,brand,0.0,2,4
815726339,KingWorld_,male,1.0,3,8
815726340,WalterJocelyn1,female,1.0,1,9
815726341,OluIsaacTayo,male,1.0,0,1
815726342,SIGRID_LAUREN,female,1.0,3,8
815726343,MarketMan4Us,brand,0.0,1,11
815726344,7XH3qd1pAPZQOX1,unknown,,0,3
815726345,JS_NiceEyes,male,1.0,0,0
815726346,NashArchibald,female,1.0,1,6
815726347,GrazVegas80,male,1.0,0,5
815726348,Ceyda_Ramadan,female,1.0,0,0
815726349,MayceeSteele,female,1.0,0,5
815726350,F1_Madness,brand,0.0,1,10
815726351,gzbchrist,female,1.0,3,2
815726352,03281trdb,brand,0.0,2,4
815726353,gnlc21638,unknown,,2,4
815726354,LouieLuceyXWOQ,female,1.0,0,3
815726355,26501stwb,unknown,,2,4
815726356,MasonGabrielle2,female,1.0,2,9
815726357,slhb28459,brand,0.0,2,4
815726358,05651lkta,unknown,,2,4
815726360,GDPgtbt,brand,0.0,2,6
815726361,TheRussoKid,male,1.0,3,2
815726362,FaberLayla,female,1.0,2,6
815726364,bazys_com,brand,0.0,1,11
815726365,DrEdwardG,male,1.0,3,0
815726366,Chill_May,male,1.0,3,8
815726367,alansphotos,male,1.0,1,1
815726368,en_iyi_vine,brand,0.0,0,3
815726369,RacingReform,brand,0.0,1,1
815726370,bluesatin,brand,0.0,0,5
815726371,Khaleesi420,female,1.0,3,5
815726372,vtoast3,male,1.0,0,0
815726373,AdamCoo64216897,female,1.0,2,4
815726374,PatersonJoan,female,1.0,2,6
815726377,DataIsBeautifuI,brand,0.0,1,9
815726378,JohnPAtkinson,male,1.0,3,10
815726380,EightBitBurrito,brand,0.0,3,0
815726381,TopTradersLive,brand,0.0,1,11
815726382,BigTopApps,brand,0.0,1,9
815726383,elchapo1210,male,1.0,0,3
815726384,virginmedia,brand,0.0,1,10
815726385,BicyclingTV,brand,0.0,1,9
815726386,06879jcsb,brand,0.0,2,4
815726388,DonnaIsaiah,female,1.0,2,6
815726389,SoggyHunger,unknown,,1,9
815726390,07203jcsc,brand,0.0,2,4
815726391,AllNews_24,brand,0.0,2,9
815726392,cannedallison,female,1.0,0,3
815726393,reut899,female,1.0,0,11
815726394,04221trda,brand,0.0,2,4
815726395,awwoa,brand,0.0,1,1
815726396,02190gnlc,unknown,,2,4
815726397,nabilahendricks,female,1.0,0,0
815726398,sweetestghada,female,1.0,3,8
815726399,qwkslvrcat,brand,0.0,0,1
815726400,07110jcsc,unknown,,2,4
815726401,celeBRITTi_,female,1.0,3,10
815726402,MrAJMcQueen,male,1.0,1,1
815726405,MeloniFulvio,male,1.0,3,2
815726406,Al_Cooper7,male,1.0,3,0
815726407,IronBonesX,female,1.0,0,7
815726408,Legna989,brand,0.0,3,8
815726409,one_more_fool,female,1.0,1,1
815726410,LTownUTE,male,1.0,0,5
815726411,Mediabistro,brand,0.0,1,1
815726412,DELgtbt,brand,0.0,2,6
815726413,26151stwa,brand,0.0,2,4
815726414,anahimonntes,female,1.0,3,7
815726415,MSFT_Daan,male,1.0,1,5
815726416,SavoyConsulting,brand,0.0,0,3
815726417,05252lktb,brand,0.0,2,4
815726418,astro_jje,male,1.0,3,5
815726419,12_6x,female,1.0,0,7
815726421,JordanYelland,male,1.0,3,5
815726422,art1col,brand,0.0,0,3
815726423,83677slhd,brand,0.0,2,4
815726424,02113gnlb,unknown,,2,4
815726425,ObsessionOfMe_,female,1.0,3,8
815726426,83114slhb,unknown,,2,4
815726427,_NevaSatisfied_,male,1.0,3,8
815726428,fryof_thecurlys,female,1.0,1,10
815726429,06904jcsb,brand,0.0,2,4
815726430,83206slhb,brand,0.0,2,4
815726431,krakzus,male,1.0,0,5
815726432,Ty_kay,female,1.0,3,8
815726433,05075lktb,brand,0.0,2,4
815726434,02122gnlb,brand,0.0,2,4
815726435,06065jcsa,brand,0.0,2,4
815726437,ChadDaBear28,male,1.0,3,10
815726438,RedRiverChamber,brand,0.0,0,3
815726439,KPWChris,male,1.0,0,0
815726440,Brown_Bear50,male,1.0,0,7
815726441,dcgblog,female,1.0,0,9
815726442,blackgirldoctor,female,1.0,3,7
815726443,04629lktc,brand,0.0,2,4
815726444,SarjanaGalau_ID,brand,0.0,0,1
815726445,fdgifford,male,1.0,3,0
815726446,HalleyConsults,brand,0.0,0,1
815726447,KatieReau,female,1.0,0,7
815726448,_DJMIG,male,1.0,0,0
815726449,FadeOnSightBruh,male,1.0,3,10
815726450,06905jcsb,brand,0.0,2,4
815726451,marifleischman,female,1.0,0,3
815726452,TheFallynAngel,female,1.0,0,5
815726453,26062stwa,unknown,,2,4
815726454,slhd28602,brand,0.0,2,4
815726455,COOK1EMNSTR,male,1.0,0,5
815726456,simonpimenta,male,1.0,1,11
815726457,SpireAd,male,1.0,0,5
815726458,megmac0714,female,1.0,0,7
815726459,02889trdc,brand,0.0,2,4
815726460,82450slha,brand,0.0,2,4
815726461,TurningGreenOrg,brand,0.0,1,10
815726462,JasonCampbellx,male,1.0,0,3
815726463,MarydeVille1,female,1.0,0,5
815726464,mfrager,male,1.0,0,0
815726465,games_ideas_bot,brand,0.0,2,6
815726466,Battsby,male,1.0,3,0
815726467,GladysBryan10,female,1.0,2,6
815726468,slhd28581,unknown,,2,4
815726469,EiseleKaren,female,1.0,1,9
815726470,yeahitsmario,unknown,,3,8
815726471,AnnaellYon,female,1.0,3,2
815726473,05091lktb,unknown,,2,4
815726475,jayyalexis_,female,1.0,3,8
815726476,EU_FIFA_news,brand,0.0,0,3
815726477,1RIEMEJ,male,1.0,3,7
815726478,MeganAbridged,female,1.0,0,3
815726479,swwaldie,male,1.0,3,5
815726480,ericlalor,male,1.0,3,10
815726481,ogobogocom,brand,0.0,1,6
815726482,walkops,brand,0.0,1,11
815726483,timdogg98,male,1.0,1,10
815726484,tjfuchs,male,1.0,0,1
815726485,kazeugma,male,1.0,1,5
815726486,pinto740TheFan,male,1.0,1,10
815726487,RochesterREBlog,brand,0.0,1,11
815726488,MLBPittsburgh,brand,0.0,1,9
815726489,YAATAB,brand,0.0,2,6
815726490,MusicBoardAlex,female,1.0,0,5
815726491,04075trda,brand,0.0,2,4
815726492,vanitynosin,female,1.0,1,9
815726493,HVTgtbt,brand,0.0,2,6
815726495,03231trdc,brand,0.0,2,4
815726496,ShaneTrain23,male,1.0,1,1
815726497,82224slha,brand,0.0,2,4
815726498,WVON1690,brand,0.0,1,1
815726499,06450jcsb,brand,0.0,2,4
815726500,Melodic_live,brand,0.0,0,3
815726501,dmfa26103,brand,0.0,2,4
815726502,StrictlyUG,male,1.0,3,0
815726503,Gargamelkiller,brand,0.0,3,8
815726504,Reallifee_Jamie,female,1.0,3,2
815726505,DANgtbt,brand,0.0,2,6
815726506,phoebemakeup,female,1.0,1,1
815726507,Boogie_Biggavel,female,1.0,3,8
815726508,CLMcGillicutty,brand,0.0,0,3
815726509,JuJu205,female,1.0,0,5
815726510,GBLIgtbt,brand,0.0,2,6
815726511,07704jcsc,unknown,,2,4
815726512,82845slha,brand,0.0,2,4
815726513,Sn3akers78,male,1.0,0,3
815726514,dancleverley,male,1.0,3,8
815726515,LAMetroBugle,brand,0.0,2,6
815726516,HTWRgtbt,brand,0.0,2,6
815726517,ColorFunFest,brand,0.0,0,5
815726518,chrismpeters,male,1.0,3,10
815726519,chaska_nyawi,unknown,,0,3
815726520,celsxo,unknown,,3,8
815726522,sonyxperia,brand,0.0,3,10
815726523,roolbrittania,unknown,,0,7
815726524,unicornashtonn,female,1.0,0,7
815726525,04220trda,unknown,,2,4
815726526,NigelBarrage,male,1.0,0,3
815726527,MashUpplusEn,brand,0.0,1,9
815726528,vaetasMKTG,brand,0.0,0,7
815726529,ABBUKA,male,1.0,1,9
815726530,xtommyplz,male,1.0,3,8
815726532,05056lktb,brand,0.0,2,4
815726533,plai31780,brand,0.0,2,4
815726534,WomenPowerCode,brand,0.0,0,6
815726535,jadequeenxo,female,1.0,3,8
815726536,janewheeeler,female,1.0,0,3
815726537,cee_thesailor,female,1.0,3,7
815726538,BuddigLunchClub,brand,0.0,0,1
815726539,BI_Europe,brand,0.0,1,8
815726540,carlton_lacey,female,1.0,0,5
815726541,gonkulator2,male,1.0,0,3
815726542,FELEgtbt,brand,0.0,2,6
815726543,83281slhb,unknown,,2,4
815726544,tradingproverbs,brand,0.0,3,5
815726545,BIZwebradioPlay,brand,0.0,1,9
815726546,loraniemckk,female,1.0,3,2
815726547,stwd29671,brand,0.0,2,4
815726549,weirdboo,female,1.0,1,1
815726550,don67428,male,1.0,0,7
815726551,hatwell,female,1.0,3,10
815726552,AndreaStiff,female,1.0,0,3
815726553,DaveOnContent,male,1.0,0,3
815726554,paul_sweb,male,1.0,3,5
815726555,mimisbitch,brand,0.0,3,0
815726556,1underthesun11,male,1.0,3,0
815726557,Stray__Cat,male,1.0,1,1
815726558,Spats07,unknown,,1,10
815726559,mondinion,brand,0.0,1,10
815726561,PotentialModel_,female,1.0,3,8
815726562,khendricksss,female,1.0,3,8
815726563,08025gnla,brand,0.0,2,4
815726564,83847slhd,brand,0.0,2,4
815726565,03109trdc,brand,0.0,2,4
815726566,06491jcsb,brand,0.0,2,4
815726567,Splurgehub,brand,0.0,2,6
815726568,Onetrueclassact,male,1.0,3,7
815726569,00_tube8,unknown,,2,9
815726570,FLTRANSFERSs,male,1.0,0,0
815726571,06479jcsb,brand,0.0,2,4
815726572,LishaLynz,female,1.0,0,7
815726573,07963jcsc,brand,0.0,2,4
815726574,27278stwd,unknown,,2,4
815726576,nanexllc,male,1.0,1,10
815726578,stevefreeth,male,1.0,3,10
815726579,DreamPsychic,brand,0.0,1,1
815726580,HTBKgtbt,brand,0.0,2,6
815726581,07208jcsc,brand,0.0,2,4
815726582,thrilljill,female,1.0,0,3
815726583,TreehouseSongs,brand,0.0,1,9
815726584,pricearmstrong,male,1.0,0,5
815726585,AlysaARice,female,1.0,3,8
815726586,unknown_nichole,unknown,,0,3
815726587,oksandf,brand,0.0,1,1
815726588,evil_matriarch,female,1.0,3,2
815726589,QTPoC,brand,0.0,0,1
815726590,VickyGShore,female,1.0,1,1
815726591,aardema_andrew,male,1.0,0,7
815726592,02713gnlc,brand,0.0,2,4
815726593,stwd29673,unknown,,2,4
815726594,Ijustfangirl,male,1.0,3,2
815726595,TumCollow,unknown,,0,3
815726596,stwd29613,brand,0.0,2,4
815726597,05867lkta,brand,0.0,2,4
815726598,LaShaunLuv,male,1.0,3,8
815726599,04011trda,brand,0.0,2,4
815726600,np_denis,male,1.0,0,3
815726601,GerryCollins32,male,1.0,0,1
815726602,so0fetch,female,1.0,0,7
815726603,SPORTSMANchnl,brand,0.0,1,1
815726604,04626lktc,brand,0.0,2,4
815726605,DiagnosticsDocs,brand,0.0,0,3
815726606,Capp00,male,1.0,3,10
815726607,TulaDyer,female,1.0,0,3
815726608,BronyDestined,unknown,,3,2
815726610,vibesNgistsHQ,brand,0.0,1,9
815726611,xKumosha_,female,1.0,3,8
815726612,AmazingKiera_,female,1.0,3,7
815726613,guntruth,brand,0.0,1,1
815726614,perfectmanbot,brand,0.0,3,6
815726615,The_Alex,male,1.0,0,0
815726616,MejoresLook,brand,0.0,0,1
815726618,NathanIsLife1,female,1.0,3,2
815726619,JFKShopsAt8,brand,0.0,1,1
815726620,Kent_Mark1992,male,1.0,0,3
815726621,luest3,unknown,,3,2
815726622,aleyda_mejia,female,1.0,0,7
815726623,ZOANTHROPOLOGY,brand,0.0,3,2
815726624,JenneySandy,female,1.0,1,11
815726625,Philip____Swann,male,1.0,3,8
815726626,SkylarSkyy__,female,1.0,3,2
815726627,HarrdiiiK,male,1.0,3,10
815726628,83246slhb,brand,0.0,2,4
815726629,SuperBudCom,brand,0.0,1,11
815726630,HennessyNC,male,1.0,3,8
815726631,ManikDepresif,male,1.0,1,10
815726632,TheATMGlobal,brand,0.0,1,9
815726633,coachmansholcot,brand,0.0,0,3
815726634,colleen_hoffman,female,1.0,1,1
815726635,MisisipJns,female,1.0,3,8
815726636,Wokker1,male,1.0,3,2
815726637,02659gnlc,unknown,,2,4
815726638,LTCartoons,brand,0.0,1,9
815726639,CourVO,male,1.0,1,10
815726640,RotoLegends,brand,0.0,0,6
815726641,kristiagraham,female,1.0,3,10
815726643,Breezzy90s,male,1.0,0,5
815726644,06246jcsa,brand,0.0,2,4
815726645,harleygreen6,male,1.0,3,7
815726646,TheCdnCat,male,1.0,3,10
815726647,JayYTGamer,male,1.0,3,2
815726648,teciiiii,brand,0.0,0,3
815726649,07739jcsc,brand,0.0,2,4
815726650,jessichurts,brand,0.0,0,3
815726651,RSMUSLLP,brand,0.0,1,1
815726652,lemonconcepts,brand,0.0,0,3
815726653,CharBotGreen2,female,1.0,1,9
815726654,Robohaven,female,1.0,3,5
815726655,AOL,brand,0.0,1,10
815726656,iboobah,male,1.0,0,3
815726657,byro31008,brand,0.0,2,4
815726658,27248stwd,unknown,,2,4
815726659,starrygogh,female,1.0,3,8
815726660,slha28265,unknown,,2,4
815726661,shelby_1018,female,1.0,0,7
815726663,07046jcsc,brand,0.0,2,4
815726664,06245jcsa,brand,0.0,2,4
815726665,M4RYDELAMARE,female,1.0,3,0
815726666,Aewallace8,female,1.0,3,7
815726667,Tony_Cushe,male,1.0,3,7
815726668,CheesiestNinjy,male,1.0,3,2
815726669,07105jcsc,brand,0.0,2,4
815726670,stwc29569,brand,0.0,2,4
815726671,BTXgtbt,brand,0.0,2,6
815726672,penn32079,unknown,,2,4
815726673,kasa30683,brand,0.0,2,4
815726674,GCAPgtbt,brand,0.0,2,6
815726675,FFgtbt,brand,0.0,2,6
815726676,softpediagames,brand,0.0,1,9
815726677,Audioslave1974,female,1.0,0,3
815726678,MPTrending,brand,0.0,3,2
815726679,RichmondCheer,brand,0.0,1,1
815726680,teatreeman,brand,0.0,1,9
815726681,khalaf_basil,male,1.0,0,3
815726682,TinaCamp444,female,1.0,3,2
815726683,KaileaHarrod,female,1.0,3,8
815726684,NMDmarketing,brand,0.0,1,9
815726685,Dina_Barakatt,female,1.0,0,5
815726686,995KFUNMusic,brand,0.0,2,9
815726687,02468gnlc,brand,0.0,2,4
815726688,W2BAP_SKYWARN,brand,0.0,0,3
815726689,Gh0st2126,brand,0.0,3,2
815726690,abdoabdelatiff,male,1.0,0,5
815726691,26259stwb,brand,0.0,2,4
815726692,02724gnla,brand,0.0,2,4
815726693,stwc29461,brand,0.0,2,4
815726694,06925jcsb,brand,0.0,2,4
815726695,83687slhd,brand,0.0,2,4
815726696,GOSchToyotaCA,brand,0.0,1,1
815726697,jesseds,male,1.0,3,8
815726698,laue31407,brand,0.0,2,4
815726699,26229stwa,brand,0.0,2,4
815726701,Jelleezus,female,1.0,3,7
815726703,mooglemeg,female,1.0,0,5
815726705,mfcfrankos,male,1.0,3,8
815726706,JihanFY_,female,1.0,2,6
815726707,Big_TyniSF,male,1.0,3,8
815726708,ARTsamgladiator,brand,0.0,3,6
815726709,mackentosh5,female,1.0,3,8
815726711,tristranthorne,male,1.0,3,2
815726712,jakeksutton,male,1.0,1,1
815726713,KEVIIN_LXXXVIII,male,1.0,3,10
815726714,UCVQ_COM,brand,0.0,1,11
815726715,meganguzaTrib,female,1.0,0,5
815726716,CianaMileah,female,1.0,3,7
815726717,pequenaribeira,male,1.0,3,8
815726718,TalkPoverty,brand,0.0,1,1
815726719,Shutter_Lense,brand,0.0,3,7
815726720,abgailvictoria,female,1.0,3,7
815726721,HansmoothV,male,1.0,3,0
815726722,nowplayxmusic,brand,0.0,1,9
815726723,tlOtliso1999,female,1.0,0,3
815726724,weirdiest,brand,0.0,0,6
815726725,anahansentweets,female,1.0,0,3
815726726,thechicagolite,female,1.0,0,5
815726727,Bogelicious1,male,1.0,0,5
815726728,Mia_theGreat,female,1.0,3,10
815726729,TheeMikeyJ,male,1.0,3,2
815726730,Rafurl,brand,0.0,3,0
815726731,PMouseyCards,female,1.0,1,11
815726732,WHSCoyotes,brand,0.0,0,3
815726733,eminemmquotess,male,1.0,1,6
815726734,AllPetDogs,brand,0.0,1,1
815726735,kcbeasley1,female,1.0,0,3
815726736,lawmixx,brand,0.0,1,1
815726737,philipoconnor,male,1.0,3,0
815726738,TheKatyNews,brand,0.0,1,1
815726739,dreflahill067,brand,0.0,2,4
815726740,manick62,male,1.0,3,0
815726741,_dxcabrera,female,1.0,3,7
815726742,06020lkta,unknown,,2,4
815726743,27220stwd,brand,0.0,2,4
815726744,WVPugMom,female,1.0,0,5
815726745,nicklovin__,male,1.0,3,7
815726746,HometownClique,brand,0.0,3,2
815726747,WarriorDJs,brand,0.0,1,9
815726748,25977stwa,brand,0.0,2,4
815726749,Trill_On_Molly,female,1.0,3,8
815726750,ghost___cat,unknown,,3,2
815726751,anaisnin,female,1.0,3,10
815726752,TrisysInc,brand,0.0,1,11
815726753,LadyLucilleS,female,1.0,0,5
815726755,voidmox,male,1.0,3,2
815726756,NickHintonn,male,1.0,3,8
815726757,lemonsforhands,male,1.0,0,5
815726758,SupaDaddario,male,1.0,3,8
815726759,kimmybanks16,female,1.0,0,1
815726760,ForexBestRobot,brand,0.0,0,3
815726761,teamASAP,male,1.0,3,10
815726762,Zelakto,male,1.0,3,8
815726764,blasian1nvasion,male,1.0,3,8
815726765,springsteen923,brand,0.0,1,9
815726766,McClain_on_NFL,male,1.0,1,10
815726767,myvotefactor,brand,0.0,1,9
815726768,itmejeremiah,male,1.0,0,3
815726769,Rebelguy2003,male,1.0,0,5
815726770,MIXFARGO,brand,0.0,0,3
815726771,RDTopp,brand,0.0,1,10
815726772,AthenaGrand_,brand,0.0,1,1
815726773,27340stwd,brand,0.0,2,4
815726774,LionsLair_Keys,brand,0.0,1,1
815726775,stwb29379,brand,0.0,2,4
815726776,lazertagextreme,brand,0.0,0,1
815726777,WorldEricCarle,brand,0.0,1,1
815726778,katiecontests,female,1.0,1,9
815726779,TheRachelHonza,female,1.0,3,8
815726780,BadCornstick,male,1.0,0,1
815726781,SekgobolaT,brand,0.0,0,0
815726782,RootMarketing_,brand,0.0,1,1
815726783,KISSmyMAC,female,1.0,1,1
815726784,04537lktc,brand,0.0,2,4
815726785,FreedomBot,brand,0.0,1,10
815726786,rigb,male,1.0,3,10
815726787,shhmata,male,1.0,3,8
815726788,dreavelithedon,female,1.0,3,8
815726789,RealPrincipe01,male,1.0,1,1
815726790,kind31548,brand,0.0,2,4
815726791,Lotte_IWill,female,1.0,1,0
815726792,itsisabelldiaz,brand,0.0,1,1
815726793,krys_maniscalco,female,1.0,3,8
815726794,83822slhd,brand,0.0,2,4
815726795,mayowajr,male,1.0,1,9
815726796,V_e_e_e,female,1.0,3,7
815726797,thegirlontop,female,1.0,0,8
815726798,livesexsniper,brand,0.0,1,9
815726799,Moam_x,male,1.0,3,6
815726800,CUFCalways,female,1.0,3,10
815726801,Sandeep132,male,1.0,0,5
815726802,cgchanespinal,male,1.0,0,3
815726803,05086lktb,unknown,,2,4
815726804,03034trdc,brand,0.0,2,4
815726805,georgebost,male,1.0,3,8
815726806,06334jcsa,brand,0.0,2,4
815726807,Le_Musician,unknown,,0,5
815726808,HaloTwister,male,1.0,0,3
815726809,CeltsteveSr,male,1.0,0,7
815726810,08031gnla,brand,0.0,2,4
815726811,EddieSlain,unknown,,3,7
815726812,04936lktb,brand,0.0,2,4
815726813,MadelineClarice,female,1.0,3,7
815726814,UniversityMars,brand,0.0,1,9
815726815,todd_divinus,male,1.0,3,2
815726816,FX1019,brand,0.0,1,1
815726817,ZeusCarver,brand,0.0,0,5
815726820,The_RyanJBerry,male,1.0,3,2
815726821,diamxnddoll,female,1.0,3,8
815726822,Turbo9879,unknown,,3,2
815726823,wapfreezy,brand,0.0,1,9
815726824,vaibhavsimlote,male,1.0,0,11
815726825,26219stwa,brand,0.0,2,4
815726826,wiskey1249,male,1.0,1,9
815726828,Claire_Limbert,female,1.0,0,3
815726829,artStuvsSeaton,male,1.0,3,8
815726830,26120stwa,brand,0.0,2,4
815726831,kimichuu_,female,1.0,3,7
815726832,Simoj1958James,male,1.0,2,4
815726834,DIWAKARDIXIT9,unknown,,0,0
815726835,26201stwa,brand,0.0,2,4
815726836,RebelRamon,male,1.0,3,10
815726838,05647lkta,brand,0.0,2,4
815726839,TennoLeno,male,1.0,3,8
815726840,AkuaAllrich,female,1.0,1,11
815726841,LaytonNZA,unknown,,3,10
815726842,06021lkta,brand,0.0,2,4
815726843,MolefeNthabs,female,1.0,0,5
815726844,Patriots,brand,0.0,1,1
815726845,SimplyVille,brand,0.0,1,10
815726846,Jakub_IT,male,1.0,0,11
815726847,07715jcsc,brand,0.0,2,4
815726848,ChiefFrugalista,female,1.0,3,10
815726850,BMTCgtbt,brand,0.0,2,6
815726851,83244slhb,brand,0.0,2,4
815726852,06443jcsb,brand,0.0,2,4
815726853,ReadersGazette,brand,0.0,3,2
815726854,with_images,brand,0.0,2,9
815726855,AsdaServiceTeam,brand,0.0,3,10
815726856,sammbett,female,1.0,3,8
815726857,kampalaSqoop,unknown,,1,1
815726858,03279trdb,brand,0.0,2,4
815726859,CCG_RXS,male,1.0,0,5
815726860,01806gnlb,brand,0.0,2,4
815726861,jacob_maciel24,male,1.0,3,7
815726862,06232jcsa,brand,0.0,2,4
815726863,MbathaTyza,male,1.0,0,6
815726864,sean_moberly,male,1.0,0,7
815726865,04781lktc,brand,0.0,2,4
815726866,HollywoodJunket,brand,0.0,1,10
815726867,_insideout_oreo,female,1.0,3,8
815726868,txylorbaker,female,1.0,3,8
815726869,shinygroudon1,brand,0.0,3,2
815726870,joecam79,male,1.0,1,1
815726871,ltsRealWords,brand,0.0,0,6
815726873,DermottReport,male,1.0,1,1
815726874,MMMPublications,brand,0.0,1,9
815726875,noquestions,brand,0.0,1,8
815726876,Magileti,male,1.0,0,7
815726877,juliarraymond,female,1.0,0,0
815726878,sharpeswans,female,1.0,0,3
815726879,loveIyljp,male,1.0,3,2
815726880,A1_BookTweeters,brand,0.0,1,9
815726882,gabriellemgray,female,1.0,0,5
815726883,HustleNaija,brand,0.0,1,1
815726884,slha28301,brand,0.0,2,4
815726885,06359jcsa,unknown,,2,4
815726886,IanBealio,male,1.0,1,1
815726887,moonlitebuterax,female,1.0,0,3
815726888,27343stwd,brand,0.0,2,4
815726889,ktweets18,brand,0.0,0,3
815726890,DanielSBunce,male,1.0,3,8
815726891,riprap007,male,1.0,3,10
815726892,83823slhd,brand,0.0,2,4
815726893,TRNAGervais,brand,0.0,1,3
815726894,genisfbrnocrew,brand,0.0,1,1
815726895,CATMgtbt,brand,0.0,2,6
815726896,83536slhb,brand,0.0,2,4
815726897,sten31315,brand,0.0,2,4
815726898,lakl31636,unknown,,2,4
815726899,midd32050,brand,0.0,2,4
815726900,laurenhalteman,female,1.0,3,8
815726901,social_rosie,brand,0.0,1,9
815726902,NCJ1988,male,1.0,0,3
815726903,83825slhd,brand,0.0,2,4
815726904,05473lkta,brand,0.0,2,4
815726905,PoketKrAk,male,1.0,1,1
815726906,Johns0n_Aust1n,male,1.0,3,7
815726907,26159stwa,brand,0.0,2,4
815726908,FlyOSUBuckeye1,male,1.0,3,2
815726910,kmillermaster,unknown,,3,7
815726911,JJJ_SB,male,1.0,0,3
815726912,05650lkta,brand,0.0,2,4
815726914,DJ_PhatBoi,male,1.0,0,11
815726915,jakepoore,male,1.0,1,1
815726916,83449slhb,brand,0.0,2,4
815726917,KDLOCountry,brand,0.0,1,1
815726918,82615slha,brand,0.0,2,4
815726920,johnb27021965,male,1.0,0,3
815726921,shibeboy,brand,0.0,3,10
815726922,femmyoju,male,1.0,1,9
815726924,foodpornism,unknown,,1,6
815726925,eyelash410,male,1.0,3,10
815726926,trendymojo,male,1.0,1,9
815726927,RachyyJ_,female,1.0,3,8
815726928,07837jcsc,brand,0.0,2,4
815726929,USTrenders,brand,0.0,1,9
815726930,sensualsehun,brand,0.0,3,2
815726931,adidhazz,male,1.0,3,2
815726932,04785lktc,unknown,,2,4
815726933,CASYgtbt,brand,0.0,2,6
815726934,05861lkta,brand,0.0,2,4
815726935,AOsbeorht,brand,0.0,1,11
815726936,02886trdc,brand,0.0,2,4
815726937,vaporware,male,1.0,1,9
815726938,__nishaaaaa,female,1.0,3,2
815726939,AskCapitalOne,brand,0.0,1,10
815726940,MaryHartmanx2,female,1.0,3,2
815726941,ToniHalleen,female,1.0,0,3
815726942,27263stwd,brand,0.0,2,4
815726943,kyla_shay,female,1.0,3,8
815726944,Anonsayshi,unknown,,3,2
815726945,DarkoStateNews,male,1.0,3,5
815726946,Jbroks86,male,1.0,3,10
815726948,legant66,male,1.0,3,10
815726949,TPVIndependent,brand,0.0,1,1
815726950,pAris_intheFall,female,1.0,1,8
815726952,0154_GUTIERREZ,female,1.0,3,2
815726953,_iamToto,female,1.0,3,8
815726954,Laaaamar,male,1.0,3,10
815726955,04495lktc,brand,0.0,2,4
815726956,LLisaMcCarthy,brand,0.0,1,10
815726957,WriteIntoPrint,brand,0.0,1,10
815726958,94hesflawless,female,1.0,3,6
815726959,06096jcsa,brand,0.0,2,4
815726960,82223slha,brand,0.0,2,4
815726961,Fantasy43LLC,brand,0.0,1,9
815726962,MichaelKellyIC,male,1.0,3,10
815726963,samike1995,male,1.0,0,3
815726964,Aurorazsy76,female,1.0,0,3
815726965,26437stwb,brand,0.0,2,4
815726966,brightlypainted,female,1.0,1,1
815726967,44LETHARosa9,female,1.0,2,6
815726968,WDCGardener,brand,0.0,1,10
815726969,83537slhb,brand,0.0,2,4
815726970,OrganicCupcakes,female,1.0,1,11
815726971,gothalbinoange1,male,1.0,0,3
815726972,_SamLDN,male,1.0,3,8
815726973,atla31106,brand,0.0,2,4
815726974,FMmoms,brand,0.0,1,1
815726975,inspiredFIT,female,1.0,0,3
815726976,BCmoney805,brand,0.0,0,3
815726977,bose_58,female,1.0,0,3
815726978,WKNC881Playlist,brand,0.0,2,6
815726979,uncle2u,unknown,,0,5
815726980,Ashtooo_,male,1.0,3,8
815726981,Djphilgood2,brand,0.0,1,1
815726982,Mendonca98,male,1.0,0,5
815726983,stwg30085,unknown,,2,4
815726984,pmontoro,male,1.0,1,5
815726985,05069lktb,brand,0.0,2,4
815726987,IamJoeyJacobs,male,1.0,0,3
815726988,grierbursts,male,1.0,3,2
815726989,TheDrawShop,brand,0.0,1,11
815726990,HOUSESOFGOLD,female,1.0,3,8
815726991,xCutecumber,female,1.0,3,2
815726992,mobfranklintn,brand,0.0,0,3
815726993,83824slhd,brand,0.0,2,4
815726994,Simon_Lucy,male,1.0,0,0
815726995,eatajs,brand,0.0,0,5
815726996,DonnydaJeweler,male,1.0,0,3
815726997,NicolaYeager,female,1.0,1,9
815726998,FA,brand,0.0,1,10
815727000,BexvanKoot,female,1.0,1,1
815727001,_aireeeeee,female,1.0,3,2
815727002,realdealdanny,male,1.0,3,2
815727003,tweet_michele,female,1.0,3,5
815727004,twitraffic_,brand,0.0,1,10
815727005,HaydenPaddon,male,1.0,1,1
815727006,NPOgtbt,brand,0.0,2,6
815727007,KlokeGroup,brand,0.0,0,1
815727008,tamnewtonn,female,1.0,3,7
815727009,07934jcsc,unknown,,2,4
815727010,SempreSki,brand,0.0,1,11
815727011,StreetSeekerPR,brand,0.0,1,9
815727012,HLXgtbt,brand,0.0,2,6
815727013,FollowingjobCom,brand,0.0,1,11
815727014,TOPinScience,brand,0.0,1,9
815727015,40WANDARuby3,female,1.0,2,6
815727016,kerminiooo,female,1.0,3,8
815727017,4f8e24939bf9431,female,1.0,2,4
815727018,04530lktc,unknown,,2,4
815727020,Ingrid_Garciar,female,1.0,3,7
815727021,83540slhb,unknown,,2,4
815727022,02655gnlc,brand,0.0,2,4
815727023,caitlynboyd1,female,1.0,3,8
815727024,loseyourself235,brand,0.0,3,2
815727025,Az_The_Enigma,female,1.0,1,5
815727026,BimaAlt95,brand,0.0,2,6
815727027,26142stwa,brand,0.0,2,4
815727028,83124slhb,brand,0.0,2,4
815727029,WelcomeMeBack,brand,0.0,1,9
815727030,RachelDePompa,female,1.0,1,10
815727031,hayalidny,unknown,,3,7
815727032,wilkinsonpaul4,male,1.0,2,9
815727033,enRoutemag,brand,0.0,1,1
815727034,ShillyMingz,male,1.0,3,8
815727035,justahallcall,brand,0.0,3,5
815727037,taehyungstars,male,1.0,3,2
815727038,brucecrystaljd,female,1.0,3,2
815727039,Life_Cheatings,brand,0.0,0,5
815727040,mlorkiplier,male,1.0,3,2
815727041,05838lkta,brand,0.0,2,4
815727042,26058stwa,unknown,,2,4
815727043,BACCInfo,brand,0.0,1,1
815727044,27243stwd,brand,0.0,2,4
815727045,GunenaChristian,unknown,,3,6
815727046,DiamondDawit,brand,0.0,0,7
815727047,shelter_house,brand,0.0,0,3
815727048,APlaceForMom,brand,0.0,1,1
815727049,stwc29516,unknown,,2,4
815727050,83811slhd,brand,0.0,2,4
815727051,ToriKellyFrance,female,1.0,1,1
815727052,HPAlliances,brand,0.0,0,3
815727053,TodayILearn,brand,0.0,1,9
815727054,problackpoet,female,1.0,3,2
815727055,EventopediaUK,brand,0.0,3,2
815727056,_complexgirl,female,1.0,3,8
815727057,3WELLS3,male,1.0,3,7
815727058,SOGROsm,brand,0.0,3,2
815727059,jackiepatie,female,1.0,3,8
815727060,GETtoasted,female,1.0,3,8
815727061,26257stwb,unknown,,2,4
815727062,jvogler,male,1.0,1,9
815727063,SfMeMinistries,male,1.0,1,1
815727064,BanJen15,brand,0.0,0,0
815727065,Amy62697,female,1.0,0,1
815727066,CHIRPPlaylist,brand,0.0,2,6
815727067,83126slhb,brand,0.0,2,4
815727068,AmazonAutoNatn,brand,0.0,0,3
815727070,Kam_Ivan,male,1.0,0,0
815727071,GROWNkIDSX,brand,0.0,1,11
815727072,sunshineHoshi,female,1.0,1,8
815727073,louehisart,brand,0.0,3,2
815727074,04228trda,brand,0.0,2,4
815727075,04938lktb,brand,0.0,2,4
815727076,04861lktb,brand,0.0,2,4
815727077,flem32006,brand,0.0,2,4
815727078,01704gnlb,brand,0.0,2,4
815727079,TheBarlowSaints,brand,0.0,1,1
815727080,TakeThatDarwin,brand,0.0,3,2
815727081,ladyfox14,female,1.0,3,10
815727082,Kelsey_Tenney,female,1.0,0,1
815727083,26562stwb,brand,0.0,2,4
815727084,mattyprice1991,male,1.0,0,5
815727085,Wear_chelsie,female,1.0,3,8
815727086,04783lktc,brand,0.0,2,4
815727087,HaileeMartinez1,female,1.0,0,3
815727088,MissNellyNels,female,1.0,3,10
815727089,odegaardlibrary,brand,0.0,0,0
815727090,04231trda,brand,0.0,2,4
815727093,07410jcsc,brand,0.0,2,4
815727094,07711jcsc,brand,0.0,2,4
815727095,RLSELFMADEBOSS,male,1.0,3,10
815727096,CoreySnowden1,male,1.0,1,11
815727097,LearnEarnRetire,brand,0.0,1,1
815727098,hiyaahan,female,1.0,3,7
815727099,MozzeyFlaco,male,1.0,0,5
815727100,cnettles2k12,unknown,,0,3
815727101,kgallacher,male,1.0,0,1
815727102,83460slhb,brand,0.0,2,4
815727104,ExchangeCBC,brand,0.0,0,0
815727105,AllNikeTweets,brand,0.0,1,9
815727106,800edu,brand,0.0,0,3
815727107,olt160,brand,0.0,2,4
815727108,_The_Slayer,female,1.0,0,7
815727109,loookapanda,brand,0.0,0,8
815727110,CBOUgtbt,brand,0.0,2,6
815727111,_mir628,female,1.0,3,8
815727112,oboeflex,male,1.0,0,7
815727113,SamNovacek,male,1.0,0,3
815727114,Mythical_Skrub,brand,0.0,3,2
815727115,faedoccubus,female,1.0,3,2
815727116,08074gnlb,brand,0.0,2,4
815727117,Hobie_Dog,brand,0.0,3,10
815727118,CSHgtbt,brand,0.0,2,6
815727119,05478lkta,brand,0.0,2,4
815727122,IAmDaBaller,male,1.0,2,6
815727123,QueeenElizbeth,female,1.0,3,8
815727124,05089lktb,brand,0.0,2,4
815727125,05907lkta,brand,0.0,2,4
815727126,barkingbabs1971,female,1.0,3,10
815727127,kasa30725,brand,0.0,2,4
815727128,EbookPromoTeam,brand,0.0,1,9
815727130,alltheothers526,male,1.0,0,5
815727131,justoneindie,brand,0.0,1,9
815727132,NowOnMKEOldies,brand,0.0,2,6
815727133,Tawa8_12,brand,0.0,3,2
815727135,Philrocious,male,1.0,3,10
815727136,Ididntfart,brand,0.0,0,0
815727137,CmdrTye,male,1.0,0,5
815727138,JonathonPearso3,unknown,,0,3
815727139,RandallSteven,male,1.0,3,5
815727140,jareauslovato,female,1.0,3,8
815727141,TWEETORAKLE,male,1.0,1,10
815727142,billbennettnz,male,1.0,3,10
815727143,AlineSupreme,brand,0.0,0,1
815727144,ForbesTech,brand,0.0,1,9
815727146,FightOn2Victory,brand,0.0,3,2
815727147,mynameisjarr0d,male,1.0,3,8
815727148,MeticulousPaul,male,1.0,3,0
815727149,BFINgtbt,brand,0.0,2,6
815727150,03871trdb,unknown,,2,4
815727151,_RetRow_,brand,0.0,1,11
815727152,liasophia2012,female,1.0,0,5
815727153,AFP_Utah,brand,0.0,1,1
815727154,NkenjikaC,male,1.0,0,3
815727155,96Nellis,male,1.0,1,0
815727156,02222gnlc,brand,0.0,2,4
815727157,in_the_bagPR,brand,0.0,3,5
815727158,Stanners4,male,1.0,3,8
815727159,08023gnla,brand,0.0,2,4
815727160,06702jcsb,brand,0.0,2,4
815727161,04061trda,brand,0.0,2,4
815727162,observer,brand,0.0,3,10
815727163,StringLeague,brand,0.0,1,11
815727164,Knightsexual,unknown,,3,2
815727165,IrishSunOnline,brand,0.0,1,9
815727166,glen76stephens,male,1.0,3,2
815727167,EricColossal,male,1.0,1,10
815727168,MthoBiyela,male,1.0,3,8
815727169,HateOnRo,female,1.0,3,6
815727170,ErinShoupp,female,1.0,3,2
815727171,HBfromKC,female,1.0,3,10
815727173,LittleRedWitchH,female,1.0,3,2
815727174,m00rawr,female,1.0,3,8
815727175,BornAsAimeeBeth,female,1.0,3,10
815727176,AshlieLSmith89,brand,0.0,0,3
815727177,The_Only_Scott,male,1.0,1,5
815727178,Bianca_Minnie5,female,1.0,1,11
815727180,ReformNetwork,brand,0.0,1,1
815727181,GIFIgtbt,brand,0.0,2,6
815727182,06067jcsa,brand,0.0,2,4
815727183,83127slhb,brand,0.0,2,4
815727184,Smiffy54AC,male,1.0,3,2
815727185,chrisbihary,male,1.0,0,3
815727186,HunterSwift,male,1.0,1,0
815727187,shanny_1x,female,1.0,3,8
815727188,erike1615,male,1.0,0,1
815727189,katastrophi3,male,1.0,1,10
815727190,sterlingcheryl1,female,1.0,0,7
815727192,AFP_NewJersey,brand,0.0,0,0
815727193,tyPeaceOfficers,brand,0.0,1,1
815727194,ibiebprofen,female,1.0,3,2
815727195,dylandeems_23,male,1.0,3,7
815727197,yzamnzz,female,1.0,3,7
815727198,fennekki_,male,1.0,3,10
815727199,HackReactor,brand,0.0,1,1
815727200,keithodwa,male,1.0,0,5
815727201,hilarityensues,female,1.0,1,1
815727202,Ticketmaster,brand,0.0,3,10
815727203,dadofdivas,male,1.0,1,10
815727204,seokminsthetic,male,1.0,3,2
815727205,DemonicFrost,male,1.0,0,5
815727206,intothecrevasse,male,1.0,3,10
815727207,TudoSobreQuase,brand,0.0,2,9
815727208,celkristal,female,1.0,3,2
815727209,sandyhook,brand,0.0,1,1
815727210,haineystuart,brand,0.0,0,5
815727211,MCLchevrolet,brand,0.0,0,1
815727212,highlandtirese,brand,0.0,0,11
815727213,Lillian_Too_,female,1.0,1,1
815727214,AragonResearch1,brand,0.0,1,1
815727215,WestMonroe,brand,0.0,1,0
815727216,oceanbcake,male,1.0,1,9
815727217,lynx_3053,brand,0.0,1,3
815727218,MyTexasTreasure,brand,0.0,1,9
815727219,presidentdiary,male,1.0,1,9
815727220,ScottishSun,brand,0.0,1,1
815727221,radakal,female,1.0,3,0
815727222,MLPFIMTPM,brand,0.0,0,0
815727223,kirstyhall01,unknown,,0,5
815727224,StephenMykal,male,1.0,1,5
815727225,dryborg,unknown,,0,6
815727227,04496lktc,brand,0.0,2,4
815727228,IPinsheKory,male,1.0,0,3
815727229,DTNAviation,brand,0.0,1,9
815727230,ossiainc,brand,0.0,0,1
815727231,Rich_west,male,1.0,1,10
815727232,ZEROCancer,brand,0.0,1,11
815727233,EleanorQueen92,female,1.0,3,7
815727234,chauhdrii,male,1.0,3,2
815727237,accelerance,brand,0.0,1,1
815727238,atheist_andy,male,1.0,3,2
815727239,abufayezm,unknown,,0,1
815727240,grbj,brand,0.0,1,1
815727241,laurenkace,female,1.0,0,8
815727242,MveliManyatsi,male,1.0,0,1
815727243,ApplusRTD,brand,0.0,0,1
815727244,nikesoccer,brand,0.0,1,1
815727245,07305jcsc,brand,0.0,2,4
815727246,05072lktb,brand,0.0,2,4
815727247,05544lkta,unknown,,2,4
815727248,82244slha,brand,0.0,2,4
815727249,xandermosko,male,1.0,0,3
815727250,JairedGaring,male,1.0,3,7
815727251,04786lktc,brand,0.0,2,4
815727252,SpeakServeGrow,female,1.0,1,1
815727253,countryyyyygirl,female,1.0,3,8
815727254,25989stwa,brand,0.0,2,4
815727255,SultryCyn,female,1.0,0,3
815727256,UrsinusCollege,brand,0.0,1,1
815727257,ohiscot21,male,1.0,2,9
815727258,ErinWrightt,female,1.0,0,5
815727259,07843jcsc,brand,0.0,2,4
815727260,05155lktb,brand,0.0,2,4
815727261,dBlackHiPPyfan,brand,0.0,1,9
815727262,06878jcsb,brand,0.0,2,4
815727263,goatlordfarquad,male,1.0,3,7
815727264,stwa29303,brand,0.0,2,4
815727265,manicholasii,male,1.0,3,8
815727266,domsowa_,female,1.0,3,7
815727267,bobcatarts,brand,0.0,3,8
815727268,meanbarb,female,1.0,1,1
815727269,Original310h,unknown,,3,8
815727270,01803gnlb,brand,0.0,2,4
815727271,03307trdb,brand,0.0,2,4
815727272,03862trdb,brand,0.0,2,4
815727273,26524stwb,brand,0.0,2,4
815727274,aDORAble_2014,female,1.0,3,7
815727275,ItsMePonyBoy,male,1.0,3,2
815727276,ktoddhouston,male,1.0,1,1
815727277,_MyNigggaaa_,male,1.0,3,5
815727278,StaceAileen,female,1.0,3,8
815727279,jesu31598,brand,0.0,2,4
815727280,SaraLang,female,1.0,3,10
815727281,GoodKnightMN,male,1.0,3,2
815727282,WillCooke236,male,1.0,0,7
815727283,YouHoldTheCards,male,1.0,1,1
815727285,AllTheNewsIsNow,brand,0.0,1,9
815727286,190Manhattan,brand,0.0,0,3
815727287,misselenamarie1,female,1.0,0,3
815727288,bingsubang,male,1.0,3,8
815727289,83128slhb,brand,0.0,2,4
815727290,82222slha,brand,0.0,2,4
815727291,iglvzx_ebooks,brand,0.0,3,2
815727292,BostonIrishBlog,male,1.0,1,10
815727293,CyclingSurgeon,brand,0.0,1,10
815727294,Shockproof1976,male,1.0,3,10
815727295,D3khna,male,1.0,3,2
815727296,Eddki885Mohamm,male,1.0,2,6
815727297,DartboardR,male,1.0,3,7
815727298,Currtis25Harr,male,1.0,3,2
815727299,BIRP,brand,0.0,3,8
815727300,fxo_Ana,female,1.0,3,8
815727302,ShutterTech,brand,0.0,0,5
815727303,EJPH23,male,1.0,3,7
815727304,kendralynnedra,female,1.0,0,1
815727305,laceyvandyke,female,1.0,0,7
815727306,NnennaYvonneC,brand,0.0,0,5
815727308,MyFNWA,male,1.0,0,3
815727309,Yante_Montana,male,1.0,3,8
815727310,Lounye,female,1.0,3,1
815727311,jill_royson,unknown,,3,7
815727312,MarkForrestShow,male,1.0,1,10
815727313,missleahmayx,female,1.0,3,2
815727314,ashleyhollyyoga,female,1.0,1,11
815727315,ShaneSaunders88,unknown,,1,10
815727316,Aaronshane2,male,1.0,3,8
815727317,TVRepublik,brand,0.0,3,2
815727318,Larnthelion,female,1.0,0,7
815727319,russfeed,brand,0.0,1,9
815727320,InmanNews,brand,0.0,1,10
815727321,lightbulbr_com,brand,0.0,1,9
815727322,northassoc,brand,0.0,1,1
815727323,dmfa21158,brand,0.0,2,4
815727324,MrmappyINOF,brand,0.0,0,7
815727325,kidakunz,male,1.0,0,7
815727326,marcus_lliurps,male,1.0,3,8
815727327,brianlkimich,male,1.0,3,8
815727328,MackDaddyWill,male,1.0,3,5
815727329,BabyBeazle,female,1.0,3,10
815727330,82310slha,brand,0.0,2,4
815727331,slhf29129,brand,0.0,2,4
815727332,sahylle,female,1.0,3,2
815727333,smokintiger,male,1.0,1,8
815727334,07503jcsc,brand,0.0,2,4
815727335,Onizehh,female,1.0,0,3
815727336,5yellowdogdem,unknown,,0,3
815727337,04864lktb,brand,0.0,2,4
815727338,stwc29551,brand,0.0,2,4
815727339,EIGgtbt,brand,0.0,2,6
815727340,08034gnla,brand,0.0,2,4
815727341,Nayo_Howard,female,1.0,0,3
815727342,03821trdb,brand,0.0,2,4
815727343,stwd29669,brand,0.0,2,4
815727344,03293trdb,unknown,,2,4
815727345,stwd29610,brand,0.0,2,4
815727346,04535lktc,brand,0.0,2,4
815727347,83727slhd,brand,0.0,2,4
815727348,08032gnla,brand,0.0,2,4
815727349,05260lktb,brand,0.0,2,4
815727350,dr_lovelee,female,1.0,1,10
815727351,brazil_loveOTY,female,1.0,3,2
815727352,_risegrindshine,female,1.0,3,8
815727353,jewontheright,brand,0.0,0,3
815727354,Daud_Mazhar,male,1.0,0,0
815727355,Maaitha_x7,male,1.0,3,8
815727356,leonjose_,male,1.0,1,9
815727358,GideonResnick,male,1.0,1,10
815727359,NickyParish_,male,1.0,3,8
815727360,26102stwa,brand,0.0,2,4
815727361,HarleyKraus,female,1.0,3,8
815727363,subw00ter,brand,0.0,0,5
815727364,ItsAboutTimeEDU,brand,0.0,1,11
815727365,justxxce,female,1.0,3,7
815727366,JustinTheBased,male,1.0,3,8
815727367,GAF_Hoje0308,male,1.0,0,7
815727368,ramirez0004,brand,0.0,2,4
815727369,04630lktc,brand,0.0,2,4
815727370,Ellenvindyy,female,1.0,2,6
815727371,02891trdc,unknown,,2,4
815727372,07477jcsc,brand,0.0,2,4
815727373,daqy,male,1.0,0,5
815727374,FerrymanThe,male,1.0,0,5
815727375,hirst_peter,male,1.0,0,5
815727376,GabriellaCeresa,female,1.0,1,9
815727377,TimHickman1994,male,1.0,3,10
815727378,_Euijin,female,1.0,1,9
815727379,aubjenkins,female,1.0,0,3
815727381,priyachanel,female,1.0,3,2
815727382,StephanieDiN,female,1.0,0,5
815727383,CellyD5,female,1.0,1,11
815727384,annicameade,female,1.0,3,8
815727385,emmalynch14,female,1.0,0,5
815727386,koringriffin,female,1.0,3,7
815727387,JadeVictoria94,female,1.0,3,8
815727388,mojo_YOjo,brand,0.0,3,8
815727389,xtinasvenue,brand,0.0,0,5
815727390,TAZZY_S0NY,female,1.0,3,5
815727391,kettlerkid,female,1.0,3,8
815727392,_ShariElizabeth,female,1.0,3,8
815727393,cillaaMarieee,female,1.0,3,8
815727394,ufciq,brand,0.0,1,9
815727395,Itsame10,male,1.0,0,7
815727396,huyton97_,male,1.0,0,7
815727397,Robi2184,male,1.0,1,10
815727398,Mcfarlmo,female,1.0,3,10
815727399,FFW_FutureShock,male,1.0,0,7
815727400,onedaboii,male,1.0,3,8
815727401,Daniel_Slaney,male,1.0,3,11
815727402,fuxxkking,male,1.0,1,6
815727403,hashtagthatnow,brand,0.0,1,9
815727404,CValenti11,brand,0.0,0,3
815727405,katieann1020,female,1.0,0,5
815727406,idawhannadoyou,unknown,,3,0
815727407,mitcharper,male,1.0,3,7
815727408,mexicanmissie,female,1.0,3,8
815727409,NioveIArmitage,female,1.0,0,5
815727410,UH_MVP,brand,0.0,0,5
815727411,louis_singha,male,1.0,0,3
815727412,HilaryNews,brand,0.0,1,1
815727413,combeferretxt,brand,0.0,3,0
815727414,OceanShipping,brand,0.0,2,6
815727415,Lauren_salinas2,female,1.0,3,5
815727416,Jamsa72,male,1.0,3,10
815727417,TheRealFRZA,male,1.0,3,2
815727418,08035gnla,brand,0.0,2,4
815727419,SteezyFuck,male,1.0,3,8
815727420,04230trda,brand,0.0,2,4
815727421,diego_maufdez,male,1.0,3,8
815727422,FJaudat,female,1.0,0,0
815727423,johr3y,male,1.0,3,8
815727425,06901jcsb,brand,0.0,2,4
815727426,freshw0ntdefine,female,1.0,1,5
815727427,yeptrade,unknown,,1,9
815727428,07753jcsc,unknown,,2,4
815727429,Anthony_Gd_up,male,1.0,0,5
815727430,aceIucy,brand,0.0,3,2
815727431,SissyFoster,female,1.0,1,1
815727432,Shamalamal,unknown,,1,1
815727433,03268trdb,brand,0.0,2,4
815727434,KramYessev,male,1.0,3,2
815727435,slhf29150,brand,0.0,2,4
815727436,hazmatt72,male,1.0,3,2
815727437,Vikaslamba19,male,1.0,0,1
815727438,slha28271,brand,0.0,2,4
815727439,83236slhb,unknown,,2,4
815727440,unattached_,female,1.0,3,7
815727441,26254stwb,brand,0.0,2,4
815727442,maddie_son,female,1.0,3,8
815727443,05742lkta,brand,0.0,2,4
815727444,pelh31779,brand,0.0,2,4
815727445,BHBgtbt,brand,0.0,2,6
815727446,Brown98Jacob,male,1.0,3,8
815727448,KingBaraan,male,1.0,3,7
815727449,Radio1063FM,brand,0.0,2,4
815727450,TheRealBatman89,male,1.0,0,0
815727451,FRPSL_Commish,brand,0.0,0,3
815727452,flash33c,brand,0.0,1,1
815727454,07752jcsc,brand,0.0,2,4
815727455,Mallyman72,male,1.0,3,8
815727456,02878trdc,brand,0.0,2,4
815727457,04236trda,brand,0.0,2,4
815727458,02556gnlc,brand,0.0,2,4
815727461,antelopeezer,brand,0.0,3,0
815727462,FishNribs,brand,0.0,0,3
815727463,02718gnlc,brand,0.0,2,4
815727464,07057jcsc,brand,0.0,2,4
815727465,02575gnlc,brand,0.0,2,4
815727466,Phuongiie253,female,1.0,3,8
815727467,KaitlynAmendola,female,1.0,0,7
815727469,02893trdc,brand,0.0,2,4
815727470,26452stwb,brand,0.0,2,4
815727471,PureBarre_TTown,brand,0.0,0,1
815727472,26222stwa,brand,0.0,2,4
815727473,gender_bender_,brand,0.0,0,1
815727474,ronaldnzimora,male,1.0,3,0
815727475,_PipeDown,female,1.0,3,8
815727476,27351stwd,unknown,,2,4
815727478,greigo_uk,male,1.0,1,11
815727479,_MyDemons__,brand,0.0,3,8
815727480,derekrobertson,male,1.0,3,10
815727482,03872trdb,unknown,,2,4
815727483,candlepeppers,female,1.0,3,8
815727484,harleystretens,male,1.0,3,2
815727485,hoorooluke,male,1.0,3,8
815727486,vivalajessiexo,female,1.0,3,7
815727487,BD3CEO,male,1.0,0,5
815727489,LifthouseSports,brand,0.0,1,5
815727490,ZydanEzra,male,1.0,0,1
815727491,Jerrie_LFC,male,1.0,3,2
815727492,hatrosalina,female,1.0,0,7
815727493,paudenise97,female,1.0,3,10
815727494,apsnicks,female,1.0,3,8
815727495,camdez,male,1.0,1,1
815727497,slhb28449,brand,0.0,2,4
815727498,thealeyaaah,female,1.0,3,5
815727499,TyphoonWatch,brand,0.0,1,9
815727500,06487jcsb,brand,0.0,2,4
815727501,TheCJMorgan,male,1.0,1,10
815727502,_SacconeJoly,female,1.0,0,7
815727503,JustinBielski13,male,1.0,0,5
815727504,professorNerdMD,male,1.0,0,3
815727505,365Archaeology,brand,0.0,0,3
815727506,Gutis,male,1.0,3,10
815727507,stwb29374,brand,0.0,2,4
815727509,Zoom808,brand,0.0,0,3
815727510,08067gnlb,brand,0.0,2,4
815727511,vofnmalawi,brand,0.0,1,9
815727512,05303lktb,brand,0.0,2,4
815727513,a_sandstorm,female,1.0,3,2
815727514,07416jcsc,brand,0.0,2,4
815727515,kasa30705,brand,0.0,2,4
815727516,mirahwood,female,1.0,3,0
815727517,bris31518,brand,0.0,2,4
815727518,grnlrn,male,1.0,1,1
815727519,MarklandRobert,male,1.0,0,3
815727521,BCOgtbt,brand,0.0,2,6
815727523,IAMTRUM11,male,1.0,1,1
815727524,BrettPats,male,1.0,3,2
815727526,07754jcsc,brand,0.0,2,4
815727527,06332jcsa,brand,0.0,2,4
815727528,06612jcsb,unknown,,2,4
815727529,04282trda,brand,0.0,2,4
815727530,revivaImj,female,1.0,3,2
815727531,02110gnlb,brand,0.0,2,4
815727532,bear_lopez,male,1.0,3,8
815727533,AnttiJPeltonen,male,1.0,1,10
815727534,82520slha,brand,0.0,2,4
815727535,ottawaclique,brand,0.0,0,7
815727536,esca411,male,1.0,0,7
815727537,Call_Me_Papi53,male,1.0,3,10
815727538,jewelrytothesea,female,1.0,3,2
815727539,bowserfan331,brand,0.0,0,5
815727540,02584gnlc,unknown,,2,4
815727541,AvivOr,female,1.0,3,8
815727542,gene14800846,brand,0.0,2,4
815727543,04281trda,brand,0.0,2,4
815727544,barnold841,brand,0.0,0,3
815727545,TaylorDavenport,female,1.0,1,1
815727546,27256stwd,brand,0.0,2,4
815727547,YalunVidicLin,male,1.0,0,3
815727548,MAGNAFitness,female,1.0,1,11
815727549,324Assassin,male,1.0,2,7
815727550,gruntmaster6000,unknown,,0,0
815727551,UIWAthletics,brand,0.0,1,1
815727552,02118gnlb,brand,0.0,2,4
815727553,03036trdc,brand,0.0,2,4
815727554,thetwinanthony,male,1.0,3,7
815727555,03431trdb,brand,0.0,2,4
815727556,kartikyadav91,male,1.0,1,1
815727557,alanlovelife,female,1.0,0,3
815727558,Genevievedvz,female,1.0,0,5
815727559,gavin_thomp23,male,1.0,3,7
815727560,beautybydavinia,brand,0.0,1,1
815727561,LogoTV,brand,0.0,1,1
815727562,sumayahusse,female,1.0,0,3
815727563,PaigePayton1,brand,0.0,1,11
815727564,NCYBA,brand,0.0,0,1
815727565,stwd29601,unknown,,2,4
815727566,JTudisca,male,1.0,0,3
815727567,KaraArnett,female,1.0,3,8
815727568,Gonzaxtuteconte,female,1.0,3,2
815727569,obsessivity,brand,0.0,0,0
815727570,turntttttt,female,1.0,3,2
815727571,idcmadelyn,female,1.0,3,7
815727572,Ozzy_bby,female,1.0,1,1
815727573,94sfairylights,female,1.0,0,7
815727574,RaheelShareefFC,male,1.0,1,9
815727575,Marc_Meyer,male,1.0,1,10
815727576,TheLibLibrary,brand,0.0,1,9
815727577,JDC99,male,1.0,3,5
815727578,doer31744,brand,0.0,2,4
815727579,hi_videogamers,brand,0.0,1,9
815727580,Lanttee_,female,1.0,3,8
815727581,CarsonTim,male,1.0,0,0
815727582,TP158,male,1.0,0,5
815727583,pinkxcodeine,female,1.0,3,8
815727584,_vicbaby22_,female,1.0,3,2
815727585,GiGiCapone,brand,0.0,1,10
815727586,__tylerjames,female,1.0,3,8
815727587,taselyom,male,1.0,3,8
815727588,dahmartins,unknown,,0,5
815727589,clappinghand,male,1.0,0,1
815727590,02648gnlc,brand,0.0,2,4
815727591,Gareth_Davey11,male,1.0,0,3
815727592,elzuhieri,male,1.0,0,3
815727593,07417jcsc,unknown,,2,4
815727594,dietrick,unknown,,1,11
815727595,HBHCgtbt,brand,0.0,2,6
815727596,russell000x,unknown,,2,4
815727597,BGGgtbt,brand,0.0,2,6
815727598,82331slha,brand,0.0,2,4
815727600,slha28320,brand,0.0,2,4
815727601,83865slhd,brand,0.0,2,4
815727602,26430stwb,brand,0.0,2,4
815727603,83827slhd,brand,0.0,2,4
815727604,08090gnlb,unknown,,2,4
815727606,Leonar3do,brand,0.0,1,1
815727607,03825trdb,brand,0.0,2,4
815727608,02557gnlc,brand,0.0,2,4
815727609,Mrletmefindout8,male,1.0,0,5
815727610,MrFilmReview,brand,0.0,1,9
815727611,SLUFieldHockey,brand,0.0,0,1
815727612,YesKis4king,male,1.0,0,11
815727613,02892trdc,brand,0.0,2,4
815727614,HEKgtbt,brand,0.0,2,6
815727615,26041stwa,unknown,,2,4
815727616,27231stwd,brand,0.0,2,4
815727617,dmfa26270,brand,0.0,2,4
815727618,26507stwb,brand,0.0,2,4
815727619,TiestoTalk,male,1.0,3,2
815727620,_SVNORITA,unknown,,3,8
815727621,Mimitostwit,female,1.0,3,7
815727622,meghanscurti,female,1.0,3,8
815727629,BNshizzle,unknown,,0,5
815727630,The_Loofa,male,1.0,3,2
815727631,grimesdarren,male,1.0,3,10
815727632,Cyberghetto,brand,0.0,3,5
815727633,HAVWKEYE,male,1.0,3,2
815727634,thewasabiman,brand,0.0,3,2
815727636,02121gnlb,brand,0.0,2,4
815727637,PestHelpLtdUK,brand,0.0,1,9
815727638,SheaTheAthlete,male,1.0,3,8
815727639,AlexisGlick,female,1.0,1,1
815727640,SuzanneMB20,female,1.0,0,3
815727641,listentomusic69,male,1.0,2,6
815727642,WarrenHorak,male,1.0,1,1
815727643,MartyMcTweet,brand,0.0,3,10
815727644,oliviazepp,female,1.0,3,5
815727645,VicClassified,unknown,,3,8
815727646,LydiaGreatrix,female,1.0,3,0
815727647,rhuid,unknown,,1,9
815727648,thecolliderfilm,brand,0.0,0,3
815727649,emilyvincenttt,female,1.0,3,7
815727650,UFOHUNTERORGUK,brand,0.0,3,10
815727651,OriginalOffers,female,1.0,1,9
815727652,Dreamlines,female,1.0,1,1
815727653,RADMASTERG,male,1.0,3,8
815727654,AdamKingXV,male,1.0,0,0
815727656,TheThugDuck,male,1.0,3,8
815727657,DwayneDavidPaul,male,1.0,3,2
815727658,Suave_TV,brand,0.0,1,9
815727659,ChrisJohnson_,male,1.0,0,0
815727660,06241jcsa,brand,0.0,2,4
815727661,TheOrator_UK,male,1.0,1,5
815727663,Brandonuts_Game,brand,0.0,0,7
815727664,03588trdb,brand,0.0,2,4
815727665,GenuineMeera,female,1.0,3,2
815727666,DianePKennedy,female,1.0,1,1
815727667,mensahelijah4,male,1.0,0,3
815727669,_shunsou,brand,0.0,3,8
815727670,beelindyy,female,1.0,3,8
815727671,04635lktc,brand,0.0,2,4
815727672,LlNDSAYLCHAN,female,1.0,3,7
815727673,waddledeequeen,brand,0.0,3,2
815727674,drewmyersss,male,1.0,3,8
815727675,NakiyaMilanf4m,female,1.0,0,7
815727677,07834jcsc,brand,0.0,2,4
815727678,dmfa26160,brand,0.0,2,4
815727679,07423jcsc,unknown,,2,4
815727680,26180stwa,unknown,,2,4
815727681,Thabangmmola,male,1.0,0,7
815727682,juhasaarinen,brand,0.0,1,10
815727683,1DRealityCheck,male,1.0,3,5
815727684,BeresfordBobbie,brand,0.0,1,9
815727685,ym_babie,female,1.0,3,7
815727686,SL4V4Z4R,unknown,,0,3
815727687,06902jcsb,brand,0.0,2,4
815727688,NasLala17,male,1.0,3,8
815727689,07421jcsc,brand,0.0,2,4
815727690,02576gnlc,brand,0.0,2,4
815727691,07701jcsc,brand,0.0,2,4
815727692,stwi30355,brand,0.0,2,4
815727693,26031stwa,brand,0.0,2,4
815727694,neilallen510,brand,0.0,2,4
815727695,06068jcsa,brand,0.0,2,4
815727696,IndPac_news,brand,0.0,1,9
815727697,06903jcsb,brand,0.0,2,4
815727698,FFNWgtbt,brand,0.0,2,6
815727699,AlanFitzpatrick,male,1.0,3,5
815727700,9tjones9,unknown,,3,7
815727701,02204gnlc,brand,0.0,2,4
815727702,boii_Geniuz,male,1.0,1,8
815727703,casersatz,male,1.0,0,5
815727704,FCNgtbt,brand,0.0,2,6
815727705,03274trdb,unknown,,2,4
815727706,83239slhb,unknown,,2,4
815727707,that_JD,male,1.0,3,0
815727708,SirKoech,male,1.0,1,10
815727709,josh111222333_,male,1.0,2,4
815727710,Lingeriedunet,female,1.0,1,1
815727711,Shofuego,male,1.0,0,5
815727712,tbhhkayyy,female,1.0,3,2
815727713,RyanWolfChong,male,1.0,0,7
815727714,ohcaelah,female,1.0,3,7
815727716,brittsyerfav,female,1.0,3,8
815727718,Always_AdmireME,female,1.0,3,8
815727719,JasminaCuk,female,1.0,0,9
815727720,ralphieaversa,male,1.0,1,10
815727721,emsauceee,female,1.0,3,2
815727722,ChillRuben,male,1.0,3,2
815727723,Rhurtado_19,male,1.0,0,3
815727724,r_kayli,female,1.0,3,7
815727725,tomlinflows,brand,0.0,3,2
815727726,lili_fabulous,brand,0.0,1,1
815727727,wongbanglean,female,1.0,1,11
815727728,amberbrown97,female,1.0,0,1
815727729,willknitforwine,female,1.0,3,2
815727730,damone1799,male,1.0,3,2
815727731,AlpineAV,brand,0.0,1,5
815727733,sarah_thomsenn,female,1.0,0,7
815727734,bhip,male,1.0,3,5
815727735,danstrutz,male,1.0,1,1
815727736,truaccess,male,1.0,1,0
815727737,SIRBIRD100,male,1.0,3,8
815727739,NowOnWHUS,brand,0.0,2,6
815727740,courtneydidit88,female,1.0,0,0
815727741,itsAkbotaBiebs,female,1.0,0,7
815727742,bradpitt1111111,female,1.0,0,1
815727743,diffdaysame,male,1.0,1,10
815727744,dddlovatoxoxoxo,female,1.0,3,2
815727746,WakelinTom,male,1.0,0,7
815727747,Lying2yourselfe,male,1.0,3,2
815727748,mab8663Panto,unknown,,0,3
815727749,lanespannagel,female,1.0,3,10
815727750,DreamChaserKiye,male,1.0,3,8
815727751,BarreLab,brand,0.0,0,0
815727752,Markgatiss,male,1.0,0,5
815727753,sarahrrossi,female,1.0,0,7
815727754,AnteMemoriam,brand,0.0,1,10
815727755,BooksandBills,male,1.0,3,5
815727756,MysticSwan,female,1.0,1,1
815727757,04013trda,brand,0.0,2,4
815727758,aamyferguson,female,1.0,3,8
815727759,randocuningham,male,1.0,3,8
815727760,iamdejikamson,male,1.0,3,8
815727762,BellsIsMine,female,1.0,3,2
815727763,QprColin,male,1.0,3,7
815727764,06016lkta,brand,0.0,2,4
815727765,zaynharoId,male,1.0,3,2
815727766,04286trda,brand,0.0,2,4
815727767,DinoSpeaks,male,1.0,1,1
815727768,07205jcsc,brand,0.0,2,4
815727770,02111gnlb,brand,0.0,2,4
815727772,kebazer,female,1.0,3,2
815727773,06489jcsb,brand,0.0,2,4
815727774,02119gnlb,brand,0.0,2,4
815727775,83629slhb,brand,0.0,2,4
815727776,03448trdb,brand,0.0,2,4
815727777,08022gnla,brand,0.0,2,4
815727778,01756gnlb,brand,0.0,2,4
815727779,03886trdb,brand,0.0,2,4
815727780,vofnslovakia,brand,0.0,1,1
815727781,jvjr123,male,1.0,3,8
815727782,futuresight,female,1.0,0,0
815727783,05744lkta,unknown,,2,4
815727784,datafrancois,male,1.0,1,9
815727785,02882trdc,brand,0.0,2,4
815727786,wantsofazombie,male,1.0,3,8
815727787,slhf29127,brand,0.0,2,4
815727788,LuciferDarkness,male,1.0,3,5
815727789,DCTgtbt,brand,0.0,2,6
815727790,sicayn9,male,1.0,3,7
815727791,82604slha,brand,0.0,2,4
815727792,locatheshowgirl,brand,0.0,3,2
815727793,VeryPhanny,unknown,,3,7
815727794,IPOSniffer,male,1.0,1,9
815727795,CB23,male,1.0,1,1
815727796,GHoundBusHelp,brand,0.0,1,5
815727797,PKMNTownsBot,brand,0.0,0,6
815727798,06488jcsb,unknown,,2,4
815727799,pxreya,female,1.0,3,7
815727800,Shmaymee,female,1.0,3,8
815727801,pmmd,female,1.0,1,1
815727802,LewdFucker,male,1.0,3,2
815727803,MSKShepard,female,1.0,1,11
815727804,MattLune,unknown,,1,1
815727805,T1mmy_W3st,male,1.0,3,8
815727806,biarine3,female,1.0,3,5
815727807,Thavarnithan,male,1.0,3,8
815727809,Boricuabebi,female,1.0,1,1
815727810,jibjaneen,female,1.0,3,2
815727811,13yourmom,female,1.0,3,2
815727812,siobhanharvey_,female,1.0,3,7
815727813,pirk32073,brand,0.0,2,4
815727814,Con_Te_Sempre,male,1.0,3,7
815727815,GreenClouds4,female,1.0,3,10
815727816,AyodeleAlli,male,1.0,0,3
815727817,youngbryant424,female,1.0,3,2
815727818,felipe92lopez,male,1.0,3,8
815727819,xTHOUTRANCYx,unknown,,0,3
815727820,juniordisney14,female,1.0,3,2
815727821,WooziStrawburry,female,1.0,3,2
815727822,theChrisDobson,male,1.0,0,5
815727823,WeMaketheSound,brand,0.0,0,1
815727824,Foothill_Dance,brand,0.0,0,7
815727825,RobindraMohar,male,1.0,1,0
815727826,walktherotties,unknown,,3,10
815727827,brosephdye,male,1.0,0,7
815727829,maureensheeran,female,1.0,3,8
815727830,ChildsMclutchen,male,1.0,1,1
815727831,MillwallFC,brand,0.0,1,1
815727832,EdelmanGOAT,brand,0.0,3,2
815727833,Unity3Dscripts,brand,0.0,1,11
815727834,kimme_47,female,1.0,3,2
815727835,27330stwd,brand,0.0,2,4
815727836,GinoMatt,male,1.0,3,2
815727837,itstimetobloom,female,1.0,0,0
815727838,26143stwa,brand,0.0,2,4
815727839,GrindHardRashad,male,1.0,1,9
815727840,06248jcsa,brand,0.0,2,4
815727841,06244jcsa,brand,0.0,2,4
815727842,sarahfenn16,female,1.0,0,3
815727844,DaBryceIsRightt,male,1.0,0,3
815727845,05340lktb,brand,0.0,2,4
815727846,83302slhb,brand,0.0,2,4
815727847,lilmissireland,female,1.0,3,8
815727848,slha28337,brand,0.0,2,4
815727849,04016trda,brand,0.0,2,4
815727850,05633lkta,unknown,,2,4
815727851,02633gnlc,brand,0.0,2,4
815727852,SparVolltreffer,brand,0.0,1,10
815727854,bradams92,male,1.0,3,8
815727855,Thato_Smal,male,1.0,3,8
815727856,07480jcsc,brand,0.0,2,4
815727857,_franchelleee,female,1.0,3,7
815727858,05906lkta,brand,0.0,2,4
815727859,froilan568,brand,0.0,2,4
815727860,26137stwa,brand,0.0,2,4
815727861,EllisClark7,female,1.0,3,2
815727862,CFNLgtbt,brand,0.0,2,6
815727863,02651gnlc,brand,0.0,2,4
815727864,GBLgtbt,brand,0.0,2,6
815727865,TheWendyAllen,female,1.0,0,0
815727866,ThusoMmolawa,male,1.0,0,3
815727867,MagAwards,brand,0.0,1,1
815727868,Oshea_Adero,female,1.0,3,8
815727869,KitchenDechefs,brand,0.0,0,3
815727870,02212gnlc,brand,0.0,2,4
815727871,tmj_vt_retail,brand,0.0,1,11
815727872,06242jcsa,brand,0.0,2,4
815727873,HarrisonAmy,female,1.0,1,1
815727874,mont31064,brand,0.0,2,4
815727875,kmkissel,female,1.0,3,8
815727876,Sierra_Magazine,brand,0.0,1,1
815727879,BGCPgtbt,brand,0.0,2,6
815727880,yuri_slut,female,1.0,3,2
815727882,hill32046,brand,0.0,2,4
815727883,Ray_Aronds,male,1.0,1,1
815727884,Elli3_White_14,female,1.0,0,3
815727885,bamakid2327,male,1.0,0,0
815727886,SimonG4all,male,1.0,0,0
815727887,V4d3r_0f_3ng3l,male,1.0,0,5
815727888,nobismedia,brand,0.0,0,0
815727889,dancingofpens,female,1.0,3,10
815727890,alex_lastkings,male,1.0,3,8
815727891,TimMcKenna5,male,1.0,0,1
815727892,Misssnowdonx,female,1.0,3,5
815727894,BbyQuag,male,1.0,3,8
815727895,_Turntway,brand,0.0,0,8
815727897,TECHVIXEN,female,1.0,1,9
815727898,GinaMalloy,female,1.0,1,1
815727899,DaisyMay_Webb,female,1.0,3,8
815727900,WEAREMANDOWN,male,1.0,0,3
815727901,wccls,brand,0.0,1,1
815727902,WackoTimo,male,1.0,0,5
815727903,92CYNTHIAPiper4,female,1.0,2,6
815727904,corinatfh45,female,1.0,1,9
815727905,djthedj69,female,1.0,3,8
815727906,samiran1109,male,1.0,1,9
815727907,KEACAAKEZ,female,1.0,3,8
815727908,06520jcsb,brand,0.0,2,4
815727909,acrossUpdate,brand,0.0,1,9
815727910,Coffeeeeee__,female,1.0,3,8
815727911,ymcanyc,brand,0.0,1,1
815727912,curtishoneycutt,male,1.0,0,5
815727913,schwarten_m,male,1.0,0,3
815727914,larahmed22,female,1.0,3,7
815727916,TodayILearnd,brand,0.0,1,9
815727917,06019lkta,brand,0.0,2,4
815727918,YieldHome,brand,0.0,0,3
815727919,DrrewskiDrew,male,1.0,3,2
815727920,NzMorningReport,brand,0.0,1,10
815727921,maria_rizwan84,female,1.0,3,2
815727922,La89421,brand,0.0,0,3
815727923,27260stwd,brand,0.0,2,4
815727924,secondzeit,male,1.0,1,8
815727925,SANTINI_SMS,brand,0.0,1,1
815727926,facepaulmrevere,brand,0.0,3,2
815727927,fdalawblog,brand,0.0,1,1
815727928,BITCH_IM_JUNE,male,1.0,3,8
815727932,The_CP_Swagger,brand,0.0,0,0
815727933,05501lkta,brand,0.0,2,4
815727934,MattMonge,male,1.0,3,10
815727935,amdxo_,female,1.0,3,10
815727936,DoubleDiggur,unknown,,3,2
815727939,slhb28430,brand,0.0,2,4
815727940,nobulltexan,male,1.0,0,7
815727941,82501slha,brand,0.0,2,4
815727942,cdcoldplay1,male,1.0,3,2
815727943,scott_the_dj,male,1.0,3,7
815727944,02571gnlc,brand,0.0,2,4
815727945,loveofmaroon5,brand,0.0,1,1
815727946,That_One_Werido,unknown,,0,3
815727947,04942lktb,brand,0.0,2,4
815727948,wrig31707,brand,0.0,2,4
815727949,04841lktc,brand,0.0,2,4
815727951,hcrzan,male,1.0,3,2
815727952,05083lktb,brand,0.0,2,4
815727953,83821slhd,brand,0.0,2,4
815727954,ignacionesbet,male,1.0,1,5
815727955,82638slha,brand,0.0,2,4
815727956,caraleveinx,female,1.0,3,8
815727957,cata31804,brand,0.0,2,4
815727958,05146lktb,brand,0.0,2,4
815727960,hawk31036,brand,0.0,2,4
815727961,tmj_VA_transp,brand,0.0,1,11
815727963,03589trdb,unknown,,2,4
815727964,EVCgtbt,brand,0.0,2,6
815727965,AishaaMonet,female,1.0,0,7
815727966,jamesperfmaslow,female,1.0,3,2
815727967,psalmist90,male,1.0,1,9
815727968,Mrs_Rager_Abb,female,1.0,3,8
815727969,pont32004,brand,0.0,2,4
815727970,DotComCTO,male,1.0,0,5
815727971,issystyles1919,female,1.0,0,0
815727972,bonnievanak,unknown,,1,1
815727973,06018lkta,brand,0.0,2,4
815727974,jljaina,brand,0.0,3,5
815727975,Man2Bar,brand,0.0,1,9
815727976,paris6666,male,1.0,0,5
815727977,06353jcsa,brand,0.0,2,4
815727978,Chambo_MLG,male,1.0,0,7
815727979,SEO_SERP_SEM,brand,0.0,1,1
815727980,GorgeusPeyPey,female,1.0,0,0
815727981,SkiWoodyVail,male,1.0,1,1
815727982,mon3stacks,male,1.0,3,6
815727983,black2_Bot,brand,0.0,2,6
815727984,xXDarknessBRXx,male,1.0,0,3
815727985,BlairRIVALS,male,1.0,1,1
815727986,27237stwd,unknown,,2,4
815727987,_ellajane,female,1.0,1,10
815727988,SirBoostsALot,male,1.0,0,8
815727989,ILoveEnrique16,female,1.0,3,2
815727990,06497jcsb,brand,0.0,2,4
815727991,btheoret,male,1.0,1,1
815727992,amayapapaya_st,female,1.0,0,7
815727993,ConnieBBCrp,female,1.0,3,7
815727994,VoteDNA,male,1.0,0,5
815727995,rico____,unknown,,0,6
815727996,parkerdp99,male,1.0,0,3
815727997,asoapstar,brand,0.0,1,0
815727998,tomchekw,male,1.0,3,8
815727999,IslaRoe,female,1.0,0,3
815728000,phoward99,male,1.0,3,8
815728001,JADe_Games,male,1.0,0,5
815728002,jessejiang248,female,1.0,0,3
815728003,hadd31033,brand,0.0,2,4
815728004,stwb29424,brand,0.0,2,4
815728005,electricgherkin,brand,0.0,1,9
815728006,ianjosh63,brand,0.0,2,6
815728007,83314slhb,brand,0.0,2,4
815728008,bernardinefham,female,1.0,1,1
815728009,W130SN,male,1.0,0,7
815728010,03602trdb,brand,0.0,2,4
815728011,CYTXgtbt,brand,0.0,2,6
815728012,05641lkta,brand,0.0,2,4
815728013,_TalkTooMee,male,1.0,3,8
815728014,02117gnlb,brand,0.0,2,4
815728016,stwi30368,brand,0.0,2,4
815728017,26167stwa,brand,0.0,2,4
815728018,AllisonMarchet1,female,1.0,1,11
815728020,sungohst,brand,0.0,3,2
815728021,uberhaxor_aleks,female,1.0,0,3
815728022,04637lktc,brand,0.0,2,4
815728023,lowkeylwt_,brand,0.0,3,8
815728024,DLLRgtbt,brand,0.0,2,6
815728025,jaycgallagher,male,1.0,3,8
815728026,gnlc21649,brand,0.0,2,4
815728027,Richards101RBLX,brand,0.0,1,5
815728028,jammybitch1,female,1.0,3,10
815728029,beeutyful_soul,female,1.0,0,3
815728030,SylliWekesa,male,1.0,1,10
815728031,GOFORTHE2,male,1.0,0,5
815728034,Ohwaawaa,unknown,,0,7
815728035,HindErnestine,female,1.0,1,9
815728036,Highlandchancer,male,1.0,0,5
815728037,TheatreVCU,brand,0.0,0,1
815728038,Gameority,brand,0.0,1,9
815728039,ileola_k,male,1.0,1,1
815728041,EricYesyev,male,1.0,3,2
815728042,teammehealani_,male,1.0,3,2
815728043,jusonlovely,female,1.0,1,5
815728044,03878trdb,brand,0.0,2,4
815728045,979ESPN,brand,0.0,0,1
815728046,TYdaSHIT,male,1.0,1,10
815728048,kimcyu,unknown,,0,3
815728049,04780lktc,unknown,,2,4
815728050,caitlintaylor15,female,1.0,3,7
815728051,Yep_ItsBRIANA,female,1.0,3,7
815728052,Azzric,brand,0.0,3,10
815728054,marthamhyde,female,1.0,1,9
815728055,giustiniani123,male,1.0,0,7
815728056,Frankeyz,male,1.0,3,2
815728057,JustEatUK,brand,0.0,3,10
815728058,CAPgtbt,brand,0.0,2,6
815728059,dmfa26253,brand,0.0,2,4
815728060,clt45billyd,male,1.0,1,10
815728061,RobDibbleShow,brand,0.0,1,1
815728062,GregBailey13,male,1.0,1,5
815728063,rachelmsbyrne,female,1.0,0,5
815728064,ushelias,male,1.0,0,1
815728065,CasterImhotep,unknown,,0,3
815728066,06093jcsa,brand,0.0,2,4
815728067,RalphEvan1,brand,0.0,2,6
815728068,d_broocks,male,1.0,0,7
815728069,oralwithricky,female,1.0,3,2
815728070,edam74,unknown,,3,8
815728071,Thadudej_,male,1.0,3,5
815728072,jobsmit,male,1.0,1,1
815728073,HorsePajamas,male,1.0,3,10
815728074,BlakeDeveraux90,male,1.0,0,5
815728075,kdstarbux,female,1.0,1,10
815728076,Stroke804,male,1.0,3,8
815728077,HannisElephants,brand,0.0,3,2
815728078,08073gnlb,brand,0.0,2,4
815728079,05640lkta,brand,0.0,2,4
815728080,02739gnla,brand,0.0,2,4
815728081,The_Kohinoor,brand,0.0,0,7
815728084,AbramsonAlexand,female,1.0,2,6
815728085,zlipp,male,1.0,3,8
815728086,cloudycunt,female,1.0,3,2
815728087,05054lktb,brand,0.0,2,4
815728088,pizbreezy,female,1.0,3,7
815728089,GombosTennis,male,1.0,0,5
815728090,meghangrannan,female,1.0,3,10
815728091,FRMEgtbt,brand,0.0,2,6
815728092,west31832,brand,0.0,2,4
815728093,26537stwb,unknown,,2,4
815728094,slhf22627,brand,0.0,2,4
815728095,83809slhd,brand,0.0,2,4
815728096,hvidmag,brand,0.0,1,9
815728097,metalfabgirl,female,1.0,3,2
815728098,Hollyoakslover3,brand,0.0,3,8
815728100,uclubhm,brand,0.0,0,3
815728101,senior_chechis,male,1.0,3,7
815728102,04287trda,unknown,,2,4
815728103,83122slhb,brand,0.0,2,4
815728104,GameUpdateHaven,brand,0.0,1,1
815728105,RunningHeroesUK,brand,0.0,0,1
815728106,Bassmaazz,male,1.0,0,11
815728107,slhb28572,brand,0.0,2,4
815728108,83301slhb,brand,0.0,2,4
815728109,mobilepers,female,1.0,1,9
815728110,JoBlack668,brand,0.0,0,3
815728111,Jerebear_K,male,1.0,0,7
815728112,83830slhd,unknown,,2,4
815728113,02631gnlc,brand,0.0,2,4
815728114,BKYFgtbt,brand,0.0,2,6
815728115,Afterlife_kid,male,1.0,0,5
815728116,madelineffitch,female,1.0,3,7
815728117,HRGgtbt,brand,0.0,2,6
815728118,DevilsTerrace,brand,0.0,3,10
815728119,lauracortes_6,female,1.0,3,0
815728121,CB0BMARLEY,female,1.0,3,8
815728122,Gypsylife13,male,1.0,3,8
815728124,captainaudri,female,1.0,3,8
815728125,OnefaststasisS5,brand,0.0,3,2
815728126,04492lktc,unknown,,2,4
815728127,LadySG,female,1.0,3,0
815728128,rosewal,female,1.0,3,8
815728129,DoD_EHR,brand,0.0,0,3
815728130,JuanConde11,male,1.0,3,0
815728131,BAMMbitch_,female,1.0,3,10
815728132,ChristineMatch1,female,1.0,3,2
815728133,walbinatxr,female,1.0,3,7
815728135,clarerington,female,1.0,0,5
815728136,ujjainihalim,female,1.0,3,0
815728137,waynecountytn,brand,0.0,0,1
815728138,JhonAwesome1,male,1.0,3,7
815728139,JacksonAcura,brand,0.0,1,1
815728140,1D__IS_MY_WORLD,female,1.0,3,11
815728141,caitlinocoilean,female,1.0,3,2
815728142,SaraSoueidan,female,1.0,3,2
815728143,smard176,brand,0.0,2,4
815728144,thefeelosopher,male,1.0,1,1
815728145,MarcusButler,male,1.0,3,10
815728146,silverranger1,male,1.0,0,0
815728147,sueeves,female,1.0,3,10
815728148,DietNNutrition,female,1.0,1,9
815728150,CiaraCobb,female,1.0,3,10
815728151,07733jcsc,unknown,,2,4
815728152,saavedrajj,male,1.0,1,1
815728153,DAKTgtbt,brand,0.0,2,6
815728154,06478jcsb,brand,0.0,2,4
815728155,07842jcsc,brand,0.0,2,4
815728156,04478lktc,unknown,,2,4
815728157,02127gnlb,brand,0.0,2,4
815728158,RiotLouisM,male,1.0,3,7
815728159,lake31635,brand,0.0,2,4
815728160,05084lktb,brand,0.0,2,4
815728161,BrentScriver,male,1.0,0,5
815728163,Mourtiffi,male,1.0,3,0
815728164,maxxbsj,male,1.0,1,1
815728165,Obey_Fabio,male,1.0,3,8
815728167,WereNIEA,brand,0.0,1,1
815728168,TheRevTastic,male,1.0,3,8
815728169,MizzouWIM,brand,0.0,0,3
815728170,04017trda,brand,0.0,2,4
815728171,xdylanflxwersx,male,1.0,0,7
815728172,Re_lDonaldTrump,brand,0.0,0,0
815728174,05833lkta,brand,0.0,2,4
815728175,byro31007,brand,0.0,2,4
815728176,RushellTuggle,female,1.0,3,2
815728177,WKYCSports,brand,0.0,1,5
815728178,skyddX,male,1.0,0,3
815728179,slhf29002,brand,0.0,2,4
815728180,07758jcsc,brand,0.0,2,4
815728181,stwb29351,brand,0.0,2,4
815728182,82636slha,brand,0.0,2,4
815728183,slhf22718,brand,0.0,2,4
815728184,krugerrc,male,1.0,0,5
815728185,daegusoul,male,1.0,3,8
815728186,ajahlexi,female,1.0,3,7
815728187,ImDeJuan_11,male,1.0,3,7
815728188,cselley,male,1.0,1,10
815728189,TedFasano,male,1.0,0,3
815728190,tamochii,female,1.0,3,10
815728191,82243slha,unknown,,2,4
815728192,04769lktc,brand,0.0,2,4
815728194,FFINgtbt,brand,0.0,2,6
815728195,83228slhb,brand,0.0,2,4
815728196,ju_bernards,female,1.0,3,8
815728197,Its_Wikipedia,male,1.0,0,5
815728198,soundhunterweb,male,1.0,0,3
815728199,fusqmusic,male,1.0,0,3
815728200,azanian_pulse,female,1.0,3,8
815728201,SpecSamTraynor,female,1.0,3,10
815728202,SayanSarkar95,male,1.0,3,10
815728203,04227trda,brand,0.0,2,4
815728204,BenTormey,male,1.0,3,8
815728205,cityguyusa,male,1.0,1,8
815728206,02128gnlb,brand,0.0,2,4
815728207,openn_world,brand,0.0,1,9
815728208,GJH40,male,1.0,3,2
815728209,DaniMarie31500,female,1.0,0,7
815728210,tickingoxon,brand,0.0,0,5
815728213,valbuena2491,brand,0.0,2,4
815728214,sdensmore88,male,1.0,0,8
815728215,Tekin0816,unknown,,3,5
815728216,ThomasEvansUKIP,male,1.0,3,10
815728217,trippayjays,male,1.0,0,7
815728218,lauralippay,female,1.0,3,10
815728219,malomaal,female,1.0,1,1
815728220,robertschwinn,male,1.0,0,0
815728221,OKStateProbs,brand,0.0,3,0
815728222,motoroscoe,male,1.0,0,5
815728223,montherwahbeh,male,1.0,3,8
815728224,pbarone,male,1.0,1,10
815728225,Gaming_Area,brand,0.0,1,9
815728226,5TatemScholars,female,1.0,0,3
815728227,Alisair17,unknown,,0,3
815728228,slhf29044,brand,0.0,2,4
815728229,DRKSKNDKING,male,1.0,1,10
815728230,HTGCgtbt,brand,0.0,2,6
815728231,asialanay,female,1.0,0,5
815728232,Louisealpha1,female,1.0,3,5
815728234,naggerpagger,male,1.0,3,10
815728238,fellowshiphair,brand,0.0,1,0
815728239,AKB48Fans2,brand,0.0,2,6
815728240,83202slhb,brand,0.0,2,4
815728241,orellana_emilia,female,1.0,3,5
815728242,Aldo_Amato,male,1.0,0,5
815728243,volcanope,female,1.0,3,7
815728244,big_badwolf34,female,1.0,3,2
815728245,07502jcsc,brand,0.0,2,4
815728246,GatsGee,male,1.0,3,8
815728247,QabaleD,female,1.0,0,3
815728248,Luyolo_Paliso,male,1.0,0,8
815728249,dmfa26254,brand,0.0,2,4
815728250,kempadimes,male,1.0,0,0
815728251,26504stwb,brand,0.0,2,4
815728253,StuartKratz,male,1.0,3,8
815728255,stwb29409,unknown,,2,4
815728256,06026jcsa,brand,0.0,2,4
815728257,08072gnlb,brand,0.0,2,4
815728258,stwj30539,brand,0.0,2,4
815728259,dmfa26259,brand,0.0,2,4
815728260,dmfa26263,unknown,,2,4
815728261,04216trda,brand,0.0,2,4
815728262,ffemt8024,male,1.0,0,11
815728263,TheeEdge,male,1.0,3,0
815728264,daemon_hitman,female,1.0,0,3
815728265,_Sandra_R_,female,1.0,1,9
815728266,feros_vazquez,unknown,,0,1
815728269,spikesmag,brand,0.0,1,1
815728270,Kathebert,female,1.0,0,7
815728271,VintageAnnie11,female,1.0,3,8
815728272,nic_boatman,male,1.0,3,7
815728273,survivalgal,brand,0.0,1,1
815728274,slhf28814,brand,0.0,2,4
815728275,travishuggett,male,1.0,3,8
815728276,Naijadailyfeed,female,1.0,1,9
815728277,04022trda,brand,0.0,2,4
815728278,03604trdb,brand,0.0,2,4
815728279,04853lktb,brand,0.0,2,4
815728280,DGIIgtbt,brand,0.0,2,6
815728281,01703gnlb,brand,0.0,2,4
815728282,onsmikaela,brand,0.0,3,10
815728283,bikemule,male,1.0,0,3
815728284,lexi_wexii,female,1.0,3,7
815728285,Cellusious,brand,0.0,3,2
815728286,SJ_Press,brand,0.0,0,3
815728287,lifeisawildidea,brand,0.0,1,9
815728288,Ittledeaths,brand,0.0,3,2
815728289,Major_Pickle,male,1.0,0,5
815728290,Breezy_Bwoi,female,1.0,0,0
815728291,___PINKK__,female,1.0,3,8
815728292,UFS_SRC,brand,0.0,0,5
815728294,law_attraction2,brand,0.0,1,9
815728295,superwomanchick,brand,0.0,3,5
815728296,A3_Martinez,male,1.0,0,8
815728297,KimNarry,female,1.0,3,10
815728298,persievere,male,1.0,3,8
815728299,Florals_corals,female,1.0,3,2
815728300,StoNNNey,female,1.0,3,10
815728301,Chicaned02,male,1.0,3,2
815728302,kdeen360,male,1.0,0,0
815728303,CFNBgtbt,brand,0.0,2,6
815728304,DevFoodie,male,1.0,0,5
815728305,06494jcsb,brand,0.0,2,4
815728306,03870trdb,brand,0.0,2,4
815728307,06247jcsa,brand,0.0,2,4
815728308,Pat0_Keane,male,1.0,3,10
815728309,margeincharge,female,1.0,3,8
815728310,devboles69,male,1.0,3,2
815728311,ThoroughProcess,brand,0.0,0,1
815728312,83810slhd,brand,0.0,2,4
815728313,ladylalax33,female,1.0,3,8
815728314,Hannah_Pollard_,female,1.0,3,2
815728315,do502_amelia,female,1.0,0,8
815728317,healey_1,male,1.0,0,3
815728318,GolD_Ace_RHP,brand,0.0,0,3
815728319,bangslarue,female,1.0,3,1
815728320,MarioLovesTacos,male,1.0,3,10
815728321,JJDacotah,male,1.0,1,10
815728322,stwd29589,brand,0.0,2,4
815728323,03041trdc,brand,0.0,2,4
815728324,07054jcsc,brand,0.0,2,4
815728325,CECOgtbt,brand,0.0,2,6
815728326,Nikhil_s147,male,1.0,0,5
815728327,anexx_,female,1.0,3,7
815728328,03860trdb,brand,0.0,2,4
815728329,02090gnlb,brand,0.0,2,4
815728330,cuss31805,unknown,,2,4
815728331,NewstalkZB,brand,0.0,1,10
815728332,AlexPaul,male,1.0,1,0
815728333,04937lktb,brand,0.0,2,4
815728334,slha28303,brand,0.0,2,4
815728335,monkeydloser,male,1.0,3,10
815728336,zruxmusic,male,1.0,3,0
815728337,LustyPoison,male,1.0,0,7
815728341,__bonnieparkrr,female,1.0,3,7
815728342,girlsredheels,female,1.0,1,1
815728343,Birtalan,female,1.0,0,3
815728344,thefashiondollz,male,1.0,0,3
815728345,Steph_Akselrod,female,1.0,3,8
815728346,UTRonSchindler,male,1.0,1,10
815728347,handymanCT,male,1.0,1,5
815728348,WagsDogDaycare1,brand,0.0,1,11
815728349,rangahse7,male,1.0,0,7
815728350,xGamingShot,brand,0.0,1,9
815728351,CueroPesado1,brand,0.0,1,1
815728352,Natorade123,male,1.0,0,7
815728353,allan5oh,male,1.0,0,1
815728354,07199jcsc,female,1.0,2,4
815728355,ptrckstumped,male,1.0,0,7
815728356,SAatSU,brand,0.0,1,5
815728357,DEPOgtbt,brand,0.0,2,6
815728358,RizzyRamz,female,1.0,3,8
815728359,BastardSonVan,male,1.0,3,5
815728360,graveyardjpg,unknown,,3,2
815728361,Derrick79588764,male,1.0,2,4
815728362,babyfrills,unknown,,3,0
815728363,Unitedinprayer1,brand,0.0,3,2
815728364,StylesDiana145,female,1.0,0,3
815728365,PLTWMidwest,brand,0.0,0,1
815728366,lozanoquirino3,brand,0.0,1,9
815728367,jeremaineone,male,1.0,0,3
815728368,lynseykabat,female,1.0,3,8
815728369,yuriscience,female,1.0,3,8
815728370,DJPauliee3,male,1.0,1,11
815728371,BBayliss2015,female,1.0,0,3
815728372,letsallcook,brand,0.0,1,1
815728374,sagarYshah,male,1.0,0,3
815728375,JennaDugray,female,1.0,1,9
815728376,dannyxprice,male,1.0,3,2
815728377,PrezidentYoung,male,1.0,3,10
815728378,caroline__1107,female,1.0,3,7
815728379,liamsotherlover,female,1.0,3,2
815728380,FlyMatador,female,1.0,3,2
815728381,TonyMackGD,male,1.0,1,10
815728382,Meghan_Trainor,female,1.0,3,0
815728383,aliceiona_xx,female,1.0,3,5
815728384,CarolineJuskus,female,1.0,1,11
815728385,EatitB4_UBeatit,female,1.0,3,10
815728386,xcrushlarry,female,1.0,0,5
815728387,07424jcsc,brand,0.0,2,4
815728388,allykoltunchik,female,1.0,3,8
815728390,PixelSSB,brand,0.0,3,2
815728391,megcole12,female,1.0,3,8
815728392,ParadeMagazine,brand,0.0,1,1
815728393,07763jcsc,brand,0.0,2,4
815728394,ritateixeira20,female,1.0,3,8
815728395,marieecl,female,1.0,3,7
815728396,DiamondSims7,female,1.0,3,7
815728397,03305trdb,brand,0.0,2,4
815728398,kass_the_sass,female,1.0,3,8
815728399,ConnorBhoy88,male,1.0,3,8
815728400,ABootlegger,brand,0.0,0,1
815728401,AaronsArcade,brand,0.0,1,1
815728402,Vlamgat007,male,1.0,0,5
815728403,caitslouise14x,female,1.0,0,7
815728405,stwc29565,brand,0.0,2,4
815728406,03042trdc,brand,0.0,2,4
815728407,HFgtbt,brand,0.0,2,6
815728408,paeyc,brand,0.0,1,1
815728409,overdog22,male,1.0,0,3
815728410,Silken_ebooks,brand,0.0,3,2
815728411,AndrewHasCats,male,1.0,3,2
815728412,AperInvestments,brand,0.0,1,1
815728413,praisecampers,female,1.0,1,0
815728414,07052jcsc,unknown,,2,4
815728415,abex26617,brand,0.0,2,4
815728416,Camalange,unknown,,3,10
815728417,Stmotivationmag,brand,0.0,1,10
815728418,dmfa26155,brand,0.0,2,4
815728419,heynerpacheco,male,1.0,1,1
815728421,KuruC_ebooks,female,1.0,2,6
815728422,elJGY,male,1.0,3,0
815728423,CPAdraftman,male,1.0,0,0
815728424,xdylangaudet,male,1.0,0,7
815728425,king31547,brand,0.0,2,4
815728426,04239trda,brand,0.0,2,4
815728427,475a97b4b7714c5,female,1.0,2,4
815728428,Shoals_Realtor,female,1.0,1,1
815728429,06611jcsb,unknown,,2,4
815728430,Ms_SomALI,female,1.0,3,7
815728432,83547slhb,brand,0.0,2,4
815728433,Hloniee_,female,1.0,3,8
815728434,Side_Nigga_Leek,male,1.0,3,8
815728435,dmfa26237,brand,0.0,2,4
815728436,stwh30240,brand,0.0,2,4
815728437,pavo31778,brand,0.0,2,4
815728438,DarksknStruggle,male,1.0,3,8
815728440,thetk42one,male,1.0,1,5
815728442,KerrTheBlurr,male,1.0,0,3
815728443,manu_keith,male,1.0,3,2
815728444,robinson1312,brand,0.0,2,4
815728445,04217trda,unknown,,2,4
815728446,PetPotatoStrax,brand,0.0,0,3
815728447,Cysero,brand,0.0,3,10
815728448,Marco41237622,male,1.0,2,4
815728449,mikepanic,male,1.0,0,0
815728450,banx82,male,1.0,3,5
815728451,sensiblecunt,male,1.0,0,3
815728452,07840jcsc,brand,0.0,2,4
815728453,gaz_boyle,male,1.0,0,0
815728454,LaurenPeifer,female,1.0,3,8
815728455,SchneidBastard,male,1.0,3,10
815728456,tomduff1990,male,1.0,0,3
815728457,slhf29065,brand,0.0,2,4
815728458,ayee_jordann3,female,1.0,0,7
815728459,rachella135,female,1.0,0,5
815728460,slhb28551,brand,0.0,2,4
815728461,wickedshrapnel,brand,0.0,3,2
815728462,LB_Creative_Inc,female,1.0,1,1
815728463,slhb28560,brand,0.0,2,4
815728465,135Picks,brand,0.0,1,11
815728466,Ceiona_K,female,1.0,3,8
815728467,stwa29172,brand,0.0,2,4
815728468,FTVLive,brand,0.0,1,10
815728469,taetsunami,female,1.0,3,8
815728470,havivrettiggur,male,1.0,0,0
815728471,K_Simmz,male,1.0,3,8
815728472,82640slha,brand,0.0,2,4
815728473,04241trda,brand,0.0,2,4
815728474,82332slha,brand,0.0,2,4
815728476,DrLiam,male,1.0,3,2
815728477,fishysandtittys,male,1.0,3,7
815728478,02738gnla,brand,0.0,2,4
815728479,RationalJudaism,brand,0.0,0,3
815728481,MPCtxt,male,1.0,3,2
815728482,realangelhes,male,1.0,3,2
815728483,marythecancer,female,1.0,0,3
815728484,CrestfallenJay,unknown,,0,7
815728485,IndoPilot,male,1.0,1,10
815728486,83826slhd,brand,0.0,2,4
815728487,83303slhb,brand,0.0,2,4
815728488,06231jcsa,unknown,,2,4
815728489,d_burns23,male,1.0,3,5
815728490,sarahisabel4694,female,1.0,3,5
815728491,08039gnla,brand,0.0,2,4
815728492,annamana,female,1.0,1,1
815728493,FUNKMYPUNK,female,1.0,0,5
815728494,Yowan,male,1.0,3,0
815728495,Cribone,male,1.0,0,3
815728496,dmfa21140,brand,0.0,2,4
815728497,03858trdb,brand,0.0,2,4
815728498,stwf29916,brand,0.0,2,4
815728499,06875jcsb,brand,0.0,2,4
815728500,kateevasell,female,1.0,3,7
815728501,03861trdb,brand,0.0,2,4
815728502,06336jcsa,brand,0.0,2,4
815728503,lilFlowerKitten,female,1.0,0,7
815728504,Thabo_Bluebird,male,1.0,1,10
815728505,BriAckland,unknown,,0,0
815728506,wayneprice72,male,1.0,0,5
815728507,ManishNShukla,male,1.0,0,3
815728508,estereograms,brand,0.0,1,1
815728509,thepiperhull,brand,0.0,0,3
815728510,blac31516,unknown,,2,4
815728511,UCLUDebatingSoc,brand,0.0,0,5
815728512,kordell10baller,male,1.0,0,7
815728513,CMNgtbt,brand,0.0,2,6
815728514,Roky2,male,1.0,1,8
815728516,parker000x,brand,0.0,2,4
815728517,slhf22748,unknown,,2,4
815728518,KingAhdreseAli,male,1.0,3,10
815728520,slhf29160,brand,0.0,2,4
815728522,TandumEnt,brand,0.0,0,3
815728523,vdcruz33,male,1.0,0,7
815728524,stwb29405,brand,0.0,2,4
815728526,allmars23,unknown,,0,3
815728527,02877trdc,unknown,,2,4
815728528,canadianlylas,male,1.0,1,9
815728529,shadowcadettt,female,1.0,3,2
815728530,jensendgaf,female,1.0,3,8
815728531,louminiall,male,1.0,3,2
815728532,itsbrennaemily,female,1.0,3,8
815728533,mozartzhouse,female,1.0,3,2
815728534,alyssadonato3,female,1.0,3,8
815728535,edubeck12,male,1.0,0,0
815728536,ValeMartinho,brand,0.0,0,1
815728537,The_LadyK,female,1.0,3,2
815728538,Madrid_IndoKBBR,brand,0.0,1,9
815728539,MelaninBeauty27,female,1.0,3,2
815728541,scarc_vk5arc,brand,0.0,0,1
815728543,Benjinho_HD,male,1.0,1,9
815728545,MattHawkins247,male,1.0,0,0
815728546,louptyloups,unknown,,3,2
815728547,BeingFeline,female,1.0,3,8
815728548,moonIightania,female,1.0,3,7
815728549,GIIIgtbt,brand,0.0,2,6
815728550,82221slha,brand,0.0,2,4
815728551,GKNTgtbt,brand,0.0,2,6
815728552,FoxSportsRadio,brand,0.0,1,5
815728553,JohnJwso,male,1.0,3,2
815728554,Killakestrel,male,1.0,0,3
815728555,sssparling,male,1.0,0,3
815728556,83542slhb,brand,0.0,2,4
815728557,survivorshipuk,female,1.0,0,0
815728558,DanielHerfeldt,female,1.0,3,8
815728559,06249jcsa,brand,0.0,2,4
815728560,gnlc21737,brand,0.0,2,4
815728562,83864slhd,unknown,,2,4
815728563,olus32072,brand,0.0,2,4
815728564,07010jcsb,brand,0.0,2,4
815728565,BMileskiKFAN,male,1.0,3,10
815728566,dmfa26250,unknown,,2,4
815728567,savt31406,unknown,,2,4
815728568,dmfa26230,brand,0.0,2,4
815728569,stwb29390,brand,0.0,2,4
815728570,stwj30528,brand,0.0,2,4
815728571,adelzify,male,1.0,0,5
815728572,beauTIFFulcurls,female,1.0,1,5
815728573,hine31313,brand,0.0,2,4
815728574,VKynton,male,1.0,0,3
815728575,BrothaJVellore,brand,0.0,0,5
815728576,Crewe_Hall,brand,0.0,0,0
815728577,nutcrackerpeyet,female,1.0,1,8
815728578,04846lktc,brand,0.0,2,4
815728579,AcePrintwear,brand,0.0,1,11
815728580,drizzyjay27,male,1.0,0,8
815728581,MONEYMANJONES,male,1.0,1,10
815728582,thisdancinghart,male,1.0,0,3
815728583,KevinRPhipps,male,1.0,0,1
815728584,08038gnla,brand,0.0,2,4
815728585,KG7MAJ,male,1.0,3,10
815728586,itsharrybitch_,male,1.0,0,1
815728587,04547lktc,unknown,,2,4
815728588,dmfa26241,unknown,,2,4
815728589,westallen_,female,1.0,3,8
815728590,03291trdb,brand,0.0,2,4
815728591,UrbanOpticsSLO1,brand,0.0,0,1
815728592,Airhawk360,female,1.0,3,2
815728593,Ite_chill,unknown,,3,8
815728594,stwa29205,brand,0.0,2,4
815728595,worthzouisit,female,1.0,3,2
815728596,stwb29442,brand,0.0,2,4
815728597,Rip_Kendre,male,1.0,3,7
815728599,nauticaIarrie,female,1.0,3,2
815728600,_icosa,female,1.0,3,8
815728601,areebavevo,male,1.0,0,7
815728602,BreezyThaBalla,male,1.0,3,10
815728603,Connor_Brennan1,male,1.0,0,5
815728604,Hartman_Wacey,male,1.0,0,7
815728607,Johannaaaa__,female,1.0,3,0
815728608,BeccaMuge,female,1.0,0,5
815728609,destinyraauhl,unknown,,3,8
815728611,MisterMahad,brand,0.0,1,10
815728612,kimchapman95,female,1.0,0,8
815728613,princesskenzzzz,female,1.0,0,7
815728614,Londonishstyle,female,1.0,1,1
815728615,Corbit_THFC,male,1.0,3,10
815728616,MehrabWalid,male,1.0,3,2
815728617,dazzlingjackss,female,1.0,3,8
815728618,jonajon44,male,1.0,3,7
815728619,rod_rooner1007,male,1.0,3,2
815728620,kaaits_xo,female,1.0,3,8
815728621,kaelynf12,female,1.0,0,7
815728622,EMEgtbt,brand,0.0,2,6
815728623,makayla_culp,female,1.0,3,7
815728624,UWTSDSwansLib,brand,0.0,1,1
815728626,83806slhd,brand,0.0,2,4
815728627,08021gnla,brand,0.0,2,4
815728628,82323slha,brand,0.0,2,4
815728629,SneakerPimp215,male,1.0,3,10
815728630,83313slhb,brand,0.0,2,4
815728632,04539lktc,brand,0.0,2,4
815728633,05142lktb,brand,0.0,2,4
815728634,DearmanTeam,brand,0.0,0,0
815728635,IllBlogRadio,brand,0.0,1,11
815728636,DavidBibiloni,male,1.0,1,1
815728637,EdwardJBuckbee,male,1.0,3,5
815728639,kkine_,female,1.0,0,0
815728640,The_Shy_Sheep,unknown,,3,7
815728641,straley000,brand,0.0,2,4
815728642,lucidlights,brand,0.0,1,11
815728645,dmfa26257,brand,0.0,2,4
815728646,03445trdb,brand,0.0,2,4
815728647,BeachFront718,brand,0.0,1,1
815728649,home31634,brand,0.0,2,4
815728650,CVGIgtbt,brand,0.0,2,6
815728651,aanir__,female,1.0,2,6
815728652,TodaysPigskin,brand,0.0,1,1
815728653,AviksitCodling,male,1.0,0,3
815728654,slhf22802,unknown,,2,4
815728655,slhb28398,brand,0.0,2,4
815728656,stwh30222,brand,0.0,2,4
815728658,fort31314,brand,0.0,2,4
815728659,03289trdb,unknown,,2,4
815728660,johnomo103,male,1.0,0,3
815728661,RepBillFoster,male,1.0,0,1
815728662,grafosecondo,male,1.0,0,5
815728663,07601jcsc,unknown,,2,4
815728664,RyanEKKOSykes,male,1.0,0,3
815728665,OriginalPupCup,brand,0.0,1,3
815728666,matheme_creativ,brand,0.0,1,9
815728667,02860trdc,unknown,,2,4
815728668,alexalltiemlow,female,1.0,3,2
815728669,02634gnlc,unknown,,2,4
815728670,CharlesRJackson,male,1.0,1,1
815728672,BecBrewin,female,1.0,1,1
815728673,stwc29585,brand,0.0,2,4
815728674,2AvSagas,brand,0.0,3,10
815728675,ShariahIsabella,female,1.0,3,8
815728676,cultureofdefeat,male,1.0,1,1
815728677,AmyJohnsonCrow,female,1.0,0,5
815728678,Rooth133,female,1.0,0,7
815728679,ivan2266,male,1.0,3,10
815728680,DrHotelMario,brand,0.0,3,2
815728681,Cazorllerin,male,1.0,3,2
815728682,natluurtsema,female,1.0,0,5
815728683,Stoneyboy__,male,1.0,3,8
815728684,Laurenem1ly,female,1.0,0,7
815728685,demijolras,female,1.0,3,2
815728686,CornwallNissan,brand,0.0,1,11
815728687,mitaeeshania,female,1.0,3,7
815728688,art_control,unknown,,1,8
815728689,BisherKh,male,1.0,0,5
815728690,tech_nfc,brand,0.0,0,3
815728691,02857trdc,brand,0.0,2,4
815728692,TurnerMillen,brand,0.0,1,9
815728693,s7effano,male,1.0,3,8
815728694,Cha_C_San,male,1.0,3,0
815728695,02283gnlc,brand,0.0,2,4
815728698,gnlc21562,unknown,,2,4
815728699,slhf29143,unknown,,2,4
815728700,joynerlauren1,female,1.0,0,3
815728701,MsTerrikaDene,female,1.0,0,5
815728702,tibbyy101,female,1.0,3,5
815728703,BruceCiskie,male,1.0,3,10
815728704,Tife_easypeasy,brand,0.0,1,9
815728705,stwb29395,brand,0.0,2,4
815728706,ItsSoHighUpHere,male,1.0,0,3
815728707,ADRetail,brand,0.0,1,1
815728709,antonkhrebto,male,1.0,3,5
815728710,07756jcsc,brand,0.0,2,4
815728711,GaianaSharrow,female,1.0,0,1
815728712,DWSNgtbt,unknown,,2,6
815728713,GOURGElST,unknown,,3,2
815728714,07420jcsc,brand,0.0,2,4
815728715,franseapants,female,1.0,3,7
815728717,davewiner,male,1.0,1,10
815728718,SunshineLiamm,male,1.0,3,10
815728719,SnowLover78,male,1.0,0,3
815728720,JayReaser,male,1.0,1,1
815728721,LenEvans,male,1.0,1,11
815728722,NakedxIrwin,male,1.0,3,2
815728724,SamsaraFarm,male,1.0,1,1
815728725,dolandouche,male,1.0,3,2
815728726,Kintas_,male,1.0,3,2
815728727,Wheels_Mag_UAE,brand,0.0,0,1
815728728,FMBIgtbt,brand,0.0,2,6
815728729,Keen19Keen,male,1.0,0,3
815728730,LaticLaydee,female,1.0,3,10
815728731,Famous_Teme,female,1.0,0,3
815728732,dmfa26224,brand,0.0,2,4
815728733,06906jcsb,brand,0.0,2,4
815728734,clarinety10,brand,0.0,0,0
815728735,06226jcsa,brand,0.0,2,4
815728736,82643slha,brand,0.0,2,4
815728737,deso31743,unknown,,2,4
815728738,rogersk461,brand,0.0,2,4
815728739,TalkAboutBernie,brand,0.0,0,3
815728740,pinkARMYbrat697,female,1.0,0,5
815728741,warn31088,brand,0.0,2,4
815728742,JebSource,male,1.0,1,1
815728743,bellissimasmoon,female,1.0,3,7
815728744,brokenvertebra,female,1.0,3,2
815728747,OldestFryeTwin,female,1.0,0,3
815728748,02552gnlc,brand,0.0,2,4
815728749,newyorkcelebs,brand,0.0,1,5
815728750,06493jcsb,unknown,,2,4
815728751,02554gnlc,brand,0.0,2,4
815728752,ItCouldBe_you,brand,0.0,0,1
815728753,TechIntegration,brand,0.0,1,1
815728754,05653lkta,brand,0.0,2,4
815728755,06066jcsa,brand,0.0,2,4
815728756,dmfa20857,unknown,,2,4
815728757,stwd29655,unknown,,2,4
815728758,kavatzatron,unknown,,0,3
815728759,alle31003,brand,0.0,2,4
815728760,DISNEYCASP,female,1.0,3,2
815728761,NathanWu84,male,1.0,3,10
815728762,nvrsuzyy,male,1.0,3,2
815728763,itsnini_bishh,female,1.0,1,1
815728764,StripedLungi,brand,0.0,1,5
815728765,PsychospamYT,brand,0.0,3,2
815728766,The_essy,female,1.0,3,8
815728767,stevenwymanb,male,1.0,3,0
815728768,GeoffHahnCFP,male,1.0,0,11
815728769,jeremy_good,brand,0.0,0,1
815728770,_GirlWithCurls,female,1.0,0,5
815728771,MaaryaR,female,1.0,0,0
815728772,hippedyhop,male,1.0,0,5
815728774,katlynnn__,female,1.0,3,2
815728775,tay_ANNALISE,female,1.0,3,2
815728776,TheTechScribe,male,1.0,1,1
815728777,_katiasecret,female,1.0,3,7
815728778,BelairePappa,unknown,,3,2
815728779,Lampett88,male,1.0,3,0
815728780,gnlc21709,brand,0.0,2,4
815728782,digiwriteit,brand,0.0,1,9
815728783,ashlynmmcgee,female,1.0,3,2
815728784,caramellRUSH,female,1.0,3,10
815728785,NEWSorNOTHING,brand,0.0,1,9
815728787,YouareParsons,brand,0.0,0,0
815728788,esecpachea1977,female,1.0,3,7
815728789,NickBieberHP,male,1.0,3,5
815728790,DoHoBOB,brand,0.0,3,10
815728791,justaphantasy,male,1.0,3,2
815728792,ChrisTing_,male,1.0,3,8
815728793,d_seaman,male,1.0,3,2
815728794,saskiaWHAT,female,1.0,3,5
815728795,GmeshKingOfUruk,unknown,,3,2
815728796,84JESSIEDana2,female,1.0,2,9
815728798,TZA707,male,1.0,3,0
815728799,LittleMissGunn1,female,1.0,1,11
815728800,Peacestrike,brand,0.0,0,1
815728801,MattCasey98,male,1.0,3,0
815728802,johnpri73850456,unknown,,2,4
815728803,ayanapls,female,1.0,3,8
815728804,LoMullinix,female,1.0,0,8
815728805,bynadinek,female,1.0,1,11
815728806,LalokillaM,female,1.0,1,1
815728807,reservoirhomos,female,1.0,3,2
815728808,ProudInfidel33,female,1.0,3,2
815728809,its_alicia,female,1.0,1,1
815728810,HenriettaSandwi,brand,0.0,3,2
815728811,CrochetAmerican,female,1.0,1,1
815728812,The_First_Stone,male,1.0,3,8
815728813,slhb28374,brand,0.0,2,4
815728814,WSpriggs,male,1.0,1,1
815728815,Going__Galt,unknown,,1,9
815728817,gabriellleloren,female,1.0,3,5
815728818,sam_hunts_beard,male,1.0,0,7
815728819,ArapSports,brand,0.0,0,3
815728820,weightlosssusa,brand,0.0,2,6
815728821,cursedornot,female,1.0,3,2
815728822,dan_edwards10,male,1.0,0,3
815728823,mill31062,brand,0.0,2,4
815728824,05144lktb,brand,0.0,2,4
815728825,CassandraRules,female,1.0,3,2
815728826,Jamie1947,male,1.0,3,2
815728827,TellEmCynnXO,female,1.0,3,2
815728828,Kellaaaaaa_,female,1.0,1,1
815728829,slhd28651,brand,0.0,2,4
815728830,awakemys0ul_,female,1.0,3,5
815728831,spookyike,male,1.0,3,2
815728832,04240trda,brand,0.0,2,4
815728833,Larry63333,male,1.0,0,0
815728834,07506jcsc,brand,0.0,2,4
815728835,06024jcsa,brand,0.0,2,4
815728836,clutterfuck,female,1.0,3,8
815728837,mattsb0ner_,male,1.0,3,10
815728838,klaejordvn,male,1.0,3,8
815728839,wmfr26619,brand,0.0,2,4
815728840,Run_2Day,female,1.0,0,0
815728841,JamesBartlett1,male,1.0,0,5
815728843,McDonalds,brand,0.0,1,10
815728844,kidrauhliked,male,1.0,3,8
815728845,spar31087,brand,0.0,2,4
815728846,slha28327,brand,0.0,2,4
815728847,stephr0b,female,1.0,0,5
815728851,Femibuster,female,1.0,0,0
815728852,EndaD14,male,1.0,0,5
815728853,K_Dud_Blackhawk,male,1.0,1,11
815728854,16KTS,brand,0.0,0,5
815728855,DPZgtbt,brand,0.0,2,6
815728856,04238trda,brand,0.0,2,4
815728857,CTOgtbt,unknown,,2,6
815728858,82325slha,brand,0.0,2,4
815728859,AprilLinx,female,1.0,1,9
815728860,xmeeesh,female,1.0,3,5
815728861,slhd28665,brand,0.0,2,4
815728862,stwa29209,unknown,,2,4
815728863,03884trdb,brand,0.0,2,4
815728864,bad_galki,female,1.0,3,8
815728865,Davidcapener,male,1.0,1,1
815728866,02859trdc,unknown,,2,4
815728867,05904lkta,brand,0.0,2,4
815728868,permanentvisa,male,1.0,0,1
815728869,GriffinArnlund,female,1.0,3,2
815728870,27259stwd,brand,0.0,2,4
815728872,stwb29455,brand,0.0,2,4
815728873,PetrovichDoug,male,1.0,0,3
815728874,Toshanwithlove,female,1.0,0,5
815728875,PennEstatesPOA,brand,0.0,0,3
815728876,Real_Cherokee,male,1.0,3,0
815728877,THEBESTMSTAKE,female,1.0,3,2
815728878,AllisonPaul__,female,1.0,3,8
815728879,lindaW62,male,1.0,0,3
815728880,puddypii,male,1.0,3,2
815728881,EllypseCelwe,brand,0.0,0,5
815728882,WhatDigital,brand,0.0,1,9
815728883,FernandoRodenas,male,1.0,1,1
815728884,aambermillerr,female,1.0,1,1
815728885,illamiina,female,1.0,3,2
815728886,Neferblade,unknown,,3,2
815728887,ChasinMyDreamsx,unknown,,1,8
815728888,mackymarz,female,1.0,3,8
815728889,RjBiLu,male,1.0,0,5
815728890,ma_silker,female,1.0,0,7
815728891,OutgoingOwl,female,1.0,3,7
815728892,Howard_Cole,male,1.0,3,0
815728896,justinzorrit4,female,1.0,3,10
815728897,toyremedy,brand,0.0,1,9
815728898,El_HDH,male,1.0,3,8
815728899,BigBoobedBelle,female,1.0,3,2
815728900,dlnorwaynews,brand,0.0,1,9
815728901,DMgtbt,brand,0.0,2,6
815728902,JapanTechFeeds,brand,0.0,1,9
815728903,RSKarim1,male,1.0,3,0
815728904,Droppinthebeat,brand,0.0,1,11
815728905,NoraDenton,female,1.0,0,3
815728907,Amerdale,female,1.0,1,10
815728908,topeakins,male,1.0,3,8
815728909,BestCourseHub,brand,0.0,1,9
815728911,gnlc21631,brand,0.0,2,4
815728912,superTV247,brand,0.0,3,2
815728913,slhb28531,brand,0.0,2,4
815728914,rnbzjmalik,male,1.0,3,2
815728915,dmfa21219,brand,0.0,2,4
815728916,stwb29445,brand,0.0,2,4
815728917,BlakeLeyers,female,1.0,3,0
815728918,slhd28670,brand,0.0,2,4
815728919,gnlc21635,unknown,,2,4
815728920,RoxyValkyrie,male,1.0,0,5
815728921,Alfiebiggs,male,1.0,3,0
815728922,02093gnlb,brand,0.0,2,4
815728923,ra3yalmjm3h,brand,0.0,1,1
815728924,lawyerinbeta,brand,0.0,3,8
815728925,CNBCgtbt,brand,0.0,2,6
815728926,iam_EricJordan_,female,1.0,1,10
815728927,CesarGon36,male,1.0,3,2
815728928,Jimitents,male,1.0,3,2
815728929,06610jcsb,brand,0.0,2,4
815728930,GeorgiaBeckwith,female,1.0,3,8
815728931,VOABuzz,brand,0.0,1,1
815728932,83203slhb,brand,0.0,2,4
815728933,dmfa21207,brand,0.0,2,4
815728934,Sound_Of_Brunel,unknown,,0,3
815728935,ponybutts,unknown,,3,6
815728936,06870jcsb,brand,0.0,2,4
815728937,cintasejatiku16,female,1.0,2,6
815728938,07734jcsc,brand,0.0,2,4
815728939,stwb29416,brand,0.0,2,4
815728940,HowitzerDoogie,brand,0.0,3,2
815728941,Faaatttyyyy_,female,1.0,3,8
815728942,25986stwa,brand,0.0,2,4
815728943,slhf22824,brand,0.0,2,4
815728944,03883trdb,brand,0.0,2,4
815728945,06072jcsa,brand,0.0,2,4
815728946,Sherrybaaby09,female,1.0,3,10
815728947,maddysos,female,1.0,0,7
815728948,petitejasmina,female,1.0,3,8
815728949,RAAFvictoryroll,brand,0.0,1,11
815728952,The_Gaming_Turt,male,1.0,0,3
815728953,Reffettgaming,male,1.0,0,3
815728954,saltIess,unknown,,3,7
815728955,PrincesssAlana,female,1.0,3,5
815728956,h0lly_siz,female,1.0,3,8
815728957,Nesa_MJ,female,1.0,0,5
815728958,T_Dawg1981,male,1.0,0,5
815728959,83628slhb,brand,0.0,2,4
815728960,handmade,brand,0.0,0,1
815728961,gobey2003,male,1.0,3,2
815728963,NiallnLouisrbae,unknown,,3,0
815728964,CrisMindiola,female,1.0,1,10
815728965,tazzer_88,male,1.0,3,8
815728966,dmfa26219,brand,0.0,2,4
815728967,KaylaMarieWhit3,female,1.0,0,3
815728968,Dr_Briseno,male,1.0,0,3
815728969,rabianoreen222,female,1.0,0,7
815728970,NADDIESKARYLLE,female,1.0,0,5
815728971,AnthonyM_G,male,1.0,3,5
815728973,karaokequeen85,female,1.0,1,10
815728974,hrishabh19797,male,1.0,0,3
815728975,abweyls,female,1.0,0,3
815728976,83204slhb,brand,0.0,2,4
815728977,_drva,male,1.0,3,8
815728978,Ayy_Jay1,male,1.0,3,2
815728979,02126gnlb,brand,0.0,2,4
815728980,06471jcsb,unknown,,2,4
815728981,HGRgtbt,brand,0.0,2,6
815728982,Trickmetolife,female,1.0,0,3
815728983,07757jcsc,brand,0.0,2,4
815728984,08042gnla,unknown,,2,4
815728985,82327slha,brand,0.0,2,4
815728986,dmfa21160,brand,0.0,2,4
815728987,06498jcsb,brand,0.0,2,4
815728988,83025slhb,brand,0.0,2,4
815728989,05494lkta,unknown,,2,4
815728990,dmfa26106,brand,0.0,2,4
815728991,_AndreaVera,female,1.0,3,8
815728992,mirandasparkles,female,1.0,0,5
815728993,83805slhd,brand,0.0,2,4
815728994,ShelbyBWigley,male,1.0,0,7
815728995,stwd29607,brand,0.0,2,4
815728996,Cait89lovesTWD,female,1.0,1,5
815728997,pittgriffin,male,1.0,1,10
815728998,iamtaejabella,female,1.0,3,8
815728999,stwb29457,brand,0.0,2,4
815729000,DJ_MarcB,male,1.0,1,10
815729001,TheFarrierPhil,male,1.0,3,2
815729002,blsedbx3,female,1.0,0,5
815729003,voxnovo,brand,0.0,0,5
815729004,JustFabulous_S,female,1.0,3,10
815729005,Snoopy1097,male,1.0,0,5
815729006,Samir_Osman92,male,1.0,3,0
815729007,LodayaFutsal,brand,0.0,1,9
815729008,TheSaintOfTous,brand,0.0,0,5
815729009,_ChampagneGuapi,male,1.0,0,3
815729010,OmfgItsZoe,female,1.0,3,8
815729011,Keihaku65,unknown,,3,0
815729012,AnahienMurcia,brand,0.0,1,11
815729014,ItzAnxious,male,1.0,3,2
815729015,J4CKMULLx,male,1.0,3,7
815729016,heidikristoffer,female,1.0,1,1
815729017,_annaelizya_,female,1.0,3,5
815729018,dmfa26121,brand,0.0,2,4
815729019,03446trdb,brand,0.0,2,4
815729020,duhlee_yumm,female,1.0,3,8
815729021,josephchikeleze,male,1.0,1,1
815729022,crazy_nature1,male,1.0,1,1
815729023,RickCannonPal,male,1.0,3,7
815729024,MegaLobsterFace,brand,0.0,3,7
815729025,EducatedLeftFt,male,1.0,3,0
815729026,Kenny_NCCU,male,1.0,1,5
815729027,05053lktb,brand,0.0,2,4
815729028,Tiana_Bitch,female,1.0,3,8
815729029,court_janew,female,1.0,3,8
815729030,annabelle_shep,female,1.0,3,8
815729031,PurpleBirdEevi,female,1.0,0,5
815729032,whit31568,brand,0.0,2,4
815729033,MsBee_M,female,1.0,1,1
815729034,CATYgtbt,brand,0.0,2,6
815729035,carriezim,female,1.0,0,3
815729036,Tommy__Cain,male,1.0,0,5
815729037,slhb28524,brand,0.0,2,4
815729039,DoxieMoron,brand,0.0,3,2
815729040,littlemmm,female,1.0,1,10
815729041,Long4ash_,female,1.0,0,1
815729042,gracef381,brand,0.0,2,4
815729043,trohmemes,unknown,,3,2
815729044,IamNenebi,male,1.0,1,10
815729045,HarmonyBats,brand,0.0,0,3
815729046,06029jcsa,brand,0.0,2,4
815729047,myranduhh,female,1.0,3,5
815729048,HH_Chronic,male,1.0,3,8
815729049,06335jcsa,unknown,,2,4
815729051,LukeMtwetwe,male,1.0,0,3
815729055,83205slhb,brand,0.0,2,4
815729056,Magical_Genius,male,1.0,3,7
815729057,83110slhb,brand,0.0,2,4
815729058,drastichs,male,1.0,3,10
815729059,07007jcsb,brand,0.0,2,4
815729060,dmfa21131,brand,0.0,2,4
815729061,slhb28420,brand,0.0,2,4
815729062,CynthiaCHeath,female,1.0,1,10
815729063,DuhaMilton0,female,1.0,1,1
815729064,AnonymousKenya1,brand,0.0,3,2
815729065,SamVaughan,male,1.0,0,0
815729066,hamp32044,brand,0.0,2,4
815729067,O8qKkYKnWa7YP3O,female,1.0,2,9
815729068,MatlabKiDunya,female,1.0,3,6
815729069,02904trdc,brand,0.0,2,4
815729070,nietschze_1,unknown,,0,5
815729071,ConStar24,female,1.0,3,10
815729072,Litakzq,female,1.0,0,5
815729073,benster21,male,1.0,0,1
815729074,desirabledeyes,male,1.0,3,2
815729075,04768lktc,male,1.0,2,4
815729076,04643lktc,brand,0.0,2,4
815729077,illusionOFitALL,brand,0.0,0,5
815729078,07762jcsc,brand,0.0,2,4
815729079,83444slhb,brand,0.0,2,4
815729080,queenturtle5sos,female,1.0,3,2
815729081,06025jcsa,brand,0.0,2,4
815729082,slhb28383,brand,0.0,2,4
815729083,ligginssss,male,1.0,3,7
815729084,CoachWallacNCSA,male,1.0,0,3
815729085,06877jcsb,brand,0.0,2,4
815729086,slhf22821,brand,0.0,2,4
815729087,06199jcsa,brand,0.0,2,4
815729088,02903trdc,brand,0.0,2,4
815729089,gnlc21705,brand,0.0,2,4
815729090,KyGlizzyy__,female,1.0,3,7
815729091,Jolie_Ros3,female,1.0,3,7
815729092,WeRWorld,brand,0.0,3,2
815729093,KumonSudbury,brand,0.0,0,3
815729094,HLgtbt,brand,0.0,2,6
815729095,stwc29580,brand,0.0,2,4
815729096,BUFFAL0SOLDI3R,male,1.0,0,5
815729097,Matt_Walker96,male,1.0,3,8
815729098,smumn,brand,0.0,1,1
815729100,edmontonbicycle,brand,0.0,0,0
815729101,CalMur2,male,1.0,3,0
815729102,AhmedMarzooq,male,1.0,3,10
815729103,necocolie,male,1.0,3,5
815729104,Shelly_RM,female,1.0,3,2
815729105,HandsonHealth,brand,0.0,1,1
815729106,02129gnlb,brand,0.0,2,4
815729108,CoastlneConsult,brand,0.0,3,0
815729109,crystal_hibner,female,1.0,3,2
815729110,Spacekatgal,female,1.0,3,10
815729111,brentc538,brand,0.0,2,4
815729112,d_rea32,male,1.0,3,7
815729113,pathonicjr,male,1.0,1,1
815729114,DemureIntellect,brand,0.0,0,5
815729115,07760jcsc,brand,0.0,2,4
815729116,KeatonPatti,male,1.0,0,5
815729117,hessmirk,female,1.0,3,2
815729118,Shammaahh,unknown,,3,8
815729119,83808slhd,brand,0.0,2,4
815729120,dmfa20889,brand,0.0,2,4
815729121,slhf29135,unknown,,2,4
815729122,nicdonoghue15,female,1.0,3,7
815729123,butl31006,brand,0.0,2,4
815729124,iitsdbook,female,1.0,1,1
815729125,mimc03,male,1.0,1,10
815729126,slhf29048,brand,0.0,2,4
815729127,mono_nokay,male,1.0,3,2
815729128,belikelouist91,male,1.0,3,10
815729129,pretty_lilnay,female,1.0,3,8
815729130,Pat_vann,male,1.0,1,1
815729131,04020trda,brand,0.0,2,4
815729132,bengalurufc,brand,0.0,1,9
815729133,slha28312,brand,0.0,2,4
815729134,ReclaimFeminine,brand,0.0,1,9
815729135,FlatbushAVE,male,1.0,3,8
815729136,boulbyallen,female,1.0,1,1
815729137,VerseUniverse,brand,0.0,0,7
815729138,Avansies,unknown,,3,8
815729139,04015trda,brand,0.0,2,4
815729140,FoxHoundKnight,male,1.0,3,2
815729141,slhf22903,unknown,,2,4
815729142,DEEJAYMOB,brand,0.0,1,1
815729143,gchild8701,male,1.0,0,5
815729144,nadiaabdvl,female,1.0,3,2
815729145,BryanReidSr,male,1.0,3,2
815729146,06477jcsb,brand,0.0,2,4
815729147,ICENINEKILLS,brand,0.0,1,1
815729148,LandOfStyles,male,1.0,1,1
815729149,Dickpuncherello,brand,0.0,1,1
815729150,heidifnt,female,1.0,1,1
815729151,faaaaaith,female,1.0,3,8
815729152,ArtBespoke,brand,0.0,0,1
815729154,83546slhb,brand,0.0,2,4
815729157,Entertain_Upday,brand,0.0,1,9
815729158,Nico_boi,brand,0.0,0,0
815729159,QuantaMagazine,brand,0.0,1,1
815729160,Liberationtech,brand,0.0,1,9
815729162,StarSignMakoto,brand,0.0,3,10
815729163,04541lktc,brand,0.0,2,4
815729164,slhb28375,brand,0.0,2,4
815729165,05903lkta,brand,0.0,2,4
815729166,CarWashBelmont,brand,0.0,0,1
815729167,PieceOfTheBuzz,brand,0.0,1,9
815729168,jennpavek,female,1.0,3,7
815729169,jeeennnaaayyy01,female,1.0,3,8
815729170,sumanthaaax,female,1.0,3,8
815729171,ArizonaDOT,brand,0.0,3,10
815729172,The_Sunset_Kid,male,1.0,1,1
815729173,Gab_santoriello,female,1.0,3,8
815729174,yadigak47,male,1.0,3,8
815729175,jakebrown_1994,male,1.0,3,7
815729176,rasputinmethod,brand,0.0,3,5
815729177,maxxkrakoa,male,1.0,1,1
815729178,07011jcsb,brand,0.0,2,4
815729179,slhb28529,brand,0.0,2,4
815729180,Lozzv,male,1.0,3,2
815729181,sweet_liciaaj,female,1.0,3,8
815729182,VERONiCkAh,female,1.0,3,8
815729183,solochenrise,male,1.0,3,2
815729184,kariohki,male,1.0,3,10
815729186,m2012nol,female,1.0,3,7
815729187,Safeeyar,female,1.0,3,8
815729188,maldoxchris,male,1.0,3,8
815729189,aimhbread,female,1.0,3,2
815729190,DarrionCook,male,1.0,0,7
815729191,05052lktb,brand,0.0,2,4
815729192,John5v39,male,1.0,0,5
815729193,Amira5SOS_,female,1.0,3,0
815729194,jumbotron74,male,1.0,0,3
815729195,Andreaaa1_81,female,1.0,3,7
815729196,_nkemelo_23,female,1.0,3,8
815729197,goodsides,female,1.0,3,8
815729198,PabloTHEGawd,male,1.0,3,8
815729199,LilRecordGirl,female,1.0,3,10
815729201,KazJester,brand,0.0,3,8
815729202,lilliandarchie,female,1.0,3,0
815729203,slhb28410,brand,0.0,2,4
815729204,HNSNgtbt,unknown,,2,6
815729205,lagunababie,female,1.0,3,8
815729206,Itz_MegelynBarb,female,1.0,0,5
815729207,wrzodk,male,1.0,3,8
815729208,cand32111,brand,0.0,2,4
815729209,adamsclark09,brand,0.0,2,6
815729210,balticblau,brand,0.0,3,0
815729211,Tscar3J,male,1.0,0,3
815729212,Taliee__,female,1.0,3,8
815729213,1041theBlaze,brand,0.0,0,0
815729214,NutsNutscom,brand,0.0,1,1
815729215,Yung_Poncho,male,1.0,3,8
815729216,raeannn96,male,1.0,3,7
815729217,82218slha,brand,0.0,2,4
815729218,malee_belizan,male,1.0,0,7
815729219,BrownAthletics,brand,0.0,1,1
815729220,01702gnlb,unknown,,2,4
815729221,04021trda,unknown,,2,4
815729222,04479lktc,brand,0.0,2,4
815729223,07501jcsc,brand,0.0,2,4
815729224,06230jcsa,unknown,,2,4
815729225,GregCampNC,male,1.0,3,2
815729226,J_Tocco2,male,1.0,3,7
815729227,I_Dodger27,male,1.0,3,8
815729228,Harrymyprince_1,female,1.0,0,3
815729229,03601trdb,brand,0.0,2,4
815729230,MerrickGeorge,male,1.0,3,8
815729231,RMauza,female,1.0,0,3
815729232,05492lkta,brand,0.0,2,4
815729233,05101lktb,brand,0.0,2,4
815729234,04285trda,brand,0.0,2,4
815729235,HenryKraft5,male,1.0,3,2
815729236,jesa31546,unknown,,2,4
815729237,03882trdb,brand,0.0,2,4
815729238,stwi30371,brand,0.0,2,4
815729239,07009jcsb,brand,0.0,2,4
815729240,04940lktb,unknown,,2,4
815729241,FeeljaBreeze21,male,1.0,3,8
815729242,chellydonuts,female,1.0,3,8
815729243,louisee___,female,1.0,3,7
815729244,07544jcsc,brand,0.0,2,4
815729245,JhazValderrama,female,1.0,3,2
815729246,Cherish4,female,1.0,1,10
815729247,03607trdb,brand,0.0,2,4
815729248,Princesa_AnaXo,female,1.0,3,10
815729250,ETAhand2mind,brand,0.0,1,1
815729251,LeiamIna,female,1.0,3,2
815729252,MichaelKnight27,male,1.0,3,2
815729253,PerversiSerena,female,1.0,1,11
815729256,abbigayllrosie,female,1.0,3,8
815729258,GoodMorninCaptn,male,1.0,0,0
815729259,Karceno,male,1.0,1,11
815729260,david_segars,male,1.0,0,5
815729261,theformalcat,brand,0.0,0,7
815729262,KcGreuter,male,1.0,3,0
815729263,vossbrink,male,1.0,3,10
815729264,04538lktc,brand,0.0,2,4
815729265,websquaw,female,1.0,3,10
815729266,TravHaneyESPN,male,1.0,1,10
815729267,GameSquire,male,1.0,1,11
815729269,lmoagaa,female,1.0,3,7
815729270,83235slhb,brand,0.0,2,4
815729271,MISTERPDW,male,1.0,1,10
815729273,BokuNoGio,brand,0.0,3,0
815729274,05905lkta,brand,0.0,2,4
815729275,CYMIgtbt,brand,0.0,2,6
815729276,arkisoundnature,brand,0.0,0,11
815729277,itbejessalyn,female,1.0,3,7
815729278,Just_Lesh,male,1.0,0,5
815729279,DiversityIsALie,brand,0.0,0,7
815729280,MickyStL,male,1.0,3,10
815729282,twunted,male,1.0,0,3
815729283,chandri,unknown,,1,1
815729284,Punkbusinesstv,brand,0.0,1,1
815729285,_laurenpena,female,1.0,0,7
815729286,HLukhard,female,1.0,0,5
815729288,9Ja_CoP,male,1.0,1,9
815729289,SJtBClontarfRC,brand,0.0,1,1
815729290,pussyspace,brand,0.0,1,9
815729291,ghostlygarcia,female,1.0,3,2
815729292,rachaellalvarez,female,1.0,3,5
815729293,WSDreaming_Cubs,brand,0.0,1,10
815729294,ana__blanco,female,1.0,3,7
815729295,mariahhenley,female,1.0,0,5
815729296,anitabondi,female,1.0,1,1
815729297,LorneEC3,brand,0.0,1,10
815729298,MidnightGolf,brand,0.0,0,5
815729299,Smallnobody,unknown,,3,2
815729300,DAVIDUZZZI,male,1.0,3,8
815729301,HeIsGeoff,male,1.0,0,6
815729302,83014slhb,brand,0.0,2,4
815729303,ajaw_,brand,0.0,3,10
815729304,slhb28384,brand,0.0,2,4
815729305,elysacandida,female,1.0,1,1
815729306,leaderethics,female,1.0,1,11
815729307,flem32003,brand,0.0,2,4
815729308,GSSgtbt,brand,0.0,2,6
815729309,sharoncapinpin,female,1.0,3,5
815729310,Rob_Simple,brand,0.0,3,10
815729311,leerwiki,brand,0.0,0,1
815729312,Stanz51,male,1.0,3,10
815729313,06501jcsb,brand,0.0,2,4
815729314,musicopenn,brand,0.0,1,9
815729315,08041gnla,unknown,,2,4
815729316,FXCBgtbt,brand,0.0,2,6
815729317,JoshRosiMusic,male,1.0,3,10
815729318,slhb28434,brand,0.0,2,4
815729319,83101slhb,brand,0.0,2,4
815729320,TommiesMommy14,female,1.0,3,2
815729321,nobrightside,brand,0.0,3,8
815729322,luckjudgement,brand,0.0,1,10
815729323,ShouldaBeenDead,male,1.0,1,1
815729324,kisaragistation,female,1.0,3,2
815729325,WhenTreySpeaks,male,1.0,3,10
815729326,Somers_Library,brand,0.0,3,0
815729327,SCrace1011,female,1.0,0,3
815729328,LittleScoff,male,1.0,0,5
815729329,JScattergood86,male,1.0,3,8
815729331,AshuriiTsuki,female,1.0,1,6
815729332,bxsgtweets,female,1.0,0,7
815729333,twiggy1977,female,1.0,1,11
815729334,itsbilalbetch,male,1.0,3,10
815729335,jude_mcferg,female,1.0,3,2
815729336,A_Gascoigne,female,1.0,1,11
815729337,Russ_Meek,male,1.0,0,0
815729338,02636gnlc,brand,0.0,2,4
815729339,STilus47ABC,male,1.0,3,8
815729340,tpcanoe,male,1.0,1,1
815729341,JAHMADMUSIC,male,1.0,1,1
815729344,j0ey_wils0n,male,1.0,3,2
815729345,FelixTheCat720,male,1.0,3,7
815729346,_yanwari,brand,0.0,3,2
815729347,dmfa20871,brand,0.0,2,4
815729348,04634lktc,brand,0.0,2,4
815729349,02902trdc,unknown,,2,4
815729350,STREETMONEYPROM,brand,0.0,1,1
815729351,ZZLaowai,male,1.0,3,2
815729352,dmfa26229,brand,0.0,2,4
815729353,KayleighDunn5,male,1.0,3,2
815729354,mgolojuch,male,1.0,1,1
815729355,s_lea23,female,1.0,3,7
815729356,alicejrobertsx,female,1.0,3,5
815729357,BIDDYUS78,female,1.0,0,3
815729359,maegan_horton,female,1.0,0,5
815729360,SkywarnCarolina,brand,0.0,1,9
815729361,butiful_disastr,female,1.0,0,1
815729362,BayemLFC,male,1.0,3,10
815729363,SalmaSherifWagi,female,1.0,3,5
815729364,igalarr,female,1.0,1,11
815729365,GullySweet,female,1.0,3,10
815729366,lukeshxran_,male,1.0,3,10
815729367,CopenhagenCrit,male,1.0,0,0
815729368,Shee__Pretty,female,1.0,1,1
815729369,BasedJontayvia,female,1.0,3,10
815729370,supersloth,male,1.0,3,10
815729371,sophie_waugh,female,1.0,3,8
815729372,curgoth,male,1.0,0,5
815729373,MsNinedoors,female,1.0,1,1
815729374,mangogirI,female,1.0,3,2
815729375,Number8gov,female,1.0,3,2
815729376,pessimism,unknown,,3,10
815729377,AC_library,brand,0.0,0,0
815729378,AtheistQ,brand,0.0,0,5
815729379,_LifeInSong_,brand,0.0,3,2
815729380,breezie_24_,female,1.0,3,2
815729381,iam_beautybeast,female,1.0,1,1
815729382,megglesofficial,female,1.0,0,5
815729383,SoniaMorello7,female,1.0,0,5
815729384,OfficialShavon_,female,1.0,3,8
815729385,krrbsale,brand,0.0,1,1
815729386,WendyDorling2,female,1.0,3,2
815729387,WheelmanForHire,brand,0.0,0,5
815729388,ItsJiggaMan_Ced,female,1.0,3,8
815729389,scarlettbenoits,female,1.0,3,7
815729390,IAmRikaBose,female,1.0,3,8
815729391,shearerphotovid,male,1.0,0,1
815729392,_manteeeee_,female,1.0,0,7
815729393,PursuitofArete,male,1.0,3,10
815729394,DeftEar,brand,0.0,0,1
815729396,Gerson49,male,1.0,3,10
815729397,parkchanyeolath,male,1.0,3,7
815729398,MelissaArrrgh,female,1.0,1,0
815729399,Clarke_Griffin9,female,1.0,3,2
815729400,MilkE73,male,1.0,3,0
815729401,rationalwalk,brand,0.0,1,10
815729402,becann91,female,1.0,0,1
815729403,xkitkat,female,1.0,3,8
815729404,_AndImTamia,female,1.0,3,2
815729405,HPGabri,female,1.0,1,11
815729406,Atomriot,male,1.0,1,5
815729407,tomweb06,male,1.0,0,3
815729408,_maithee,female,1.0,1,8
815729409,monetpearson,brand,0.0,3,7
815729410,Catherinemary21,female,1.0,0,3
815729411,1674_ria,female,1.0,0,5
815729412,StensiI,male,1.0,0,5
815729413,hailey143,female,1.0,3,8
815729414,ToriDemAri,male,1.0,3,2
815729415,3RDWORLDDJ,male,1.0,1,1
815729417,georgiosofp,brand,0.0,0,1
815729418,GembisMath,brand,0.0,0,5
815729419,emma_pidduck,female,1.0,0,3
815729420,friendlybees,male,1.0,0,3
815729421,CurtisScoon,male,1.0,3,0
815729422,nailsbyginalh,female,1.0,0,3
815729423,Vitalba_90,unknown,,0,0
815729424,michaelearl318,brand,0.0,1,9
815729425,_Lantern_,brand,0.0,3,10
815729426,Scottie37678,male,1.0,0,3
815729427,Guimmi1,male,1.0,0,5
815729428,imcool_naresh8,male,1.0,0,5
815729429,coley_merrin,female,1.0,1,5
815729430,SA_1953,male,1.0,3,0
815729431,FuckTiaraa,female,1.0,3,8
815729432,lipkinlip,female,1.0,3,8
815729433,Ch4rlxtt3,female,1.0,3,7
815729434,X_ZoeGrayy,female,1.0,3,8
815729435,TastriesBakery,brand,0.0,1,1
815729436,mission_yabana,male,1.0,3,7
815729437,Iddy23,male,1.0,0,5
815729438,NRobinsonVegan,male,1.0,0,1
815729439,Leashface,female,1.0,1,5
815729440,ChloeReanneDowd,female,1.0,0,5
815729441,GAINGrantham,brand,0.0,1,1
815729442,corporate_divas,brand,0.0,0,1
815729443,__jayJAMES,male,1.0,3,8
815729444,Alinicole711,female,1.0,1,9
815729445,claraf_ication,female,1.0,3,8
815729446,kcoffeyjones,female,1.0,1,1
815729447,GarretBuie,male,1.0,3,10
815729448,saintlov,female,1.0,1,1
815729449,emilywalden9,female,1.0,3,8
815729451,fIawlesslovato,female,1.0,3,8
815729452,HarriottRebecca,female,1.0,0,3
815729453,107_1ThePoint,brand,0.0,1,1
815729454,frenchwendia,female,1.0,3,8
815729455,quirkIess,brand,0.0,3,5
815729456,DianeLaneyFitzp,female,1.0,1,1
815729457,qweboobusiness,brand,0.0,3,2
815729458,k4hdw,brand,0.0,0,3
815729460,XxClayHall115xX,unknown,,3,7
815729461,frickfracklvke,unknown,,3,2
815729462,TweetMOTIVATE_,brand,0.0,1,6
815729463,BeyonceLately,female,1.0,3,0
815729465,daissygee19,unknown,,0,7
815729466,dorothyadumfum,female,1.0,0,5
815729467,HamestonBooks,brand,0.0,1,1
815729468,AUNTIELANELANE,female,1.0,3,2
815729469,BethLeeMusic,female,1.0,0,1
815729470,AngeloTheLion,male,1.0,0,5
815729471,ILove500px,brand,0.0,1,9
815729472,RudyZach32,male,1.0,0,7
815729473,VinceFowler,male,1.0,1,1
815729474,santamarialupo3,brand,0.0,1,9
815729475,Twitch_Twiddy47,male,1.0,3,8
815729476,RAH_LSimons,brand,0.0,1,1
815729477,ieeecsd,brand,0.0,0,3
815729478,TheTweetingZed,unknown,,3,2
815729479,TEENAGEVlBES,unknown,,3,8
815729480,Chickenify,brand,0.0,3,2
815729481,WriteDirect,female,1.0,3,5
815729482,jimbobthedevil,male,1.0,0,5
815729483,lee565744,male,1.0,3,2
815729484,nash_abbey,female,1.0,0,3
815729485,LSU_FISH,brand,0.0,1,10
815729486,RightatHomeNWOC,brand,0.0,1,1
815729487,RAHGlendale,brand,0.0,1,1
815729488,BusinessDay,brand,0.0,1,1
815729489,AdalinkaNYC,female,1.0,1,1
815729490,tinabxlcher,female,1.0,3,8
815729491,ImBraeding,male,1.0,3,2
815729492,HayleyClarke14,female,1.0,0,7
815729493,sunsoulstice,female,1.0,3,8
815729494,RightatHomeSB,brand,0.0,1,1
815729495,RightAtHomeWLA,brand,0.0,1,1
815729496,Medworking,brand,0.0,1,9
815729497,RightAtHomeOC,brand,0.0,1,1
815729498,oldertwin,female,1.0,0,5
815729499,UstIsCute,male,1.0,3,8
815729500,rahinlandvalley,brand,0.0,1,1
815729501,darkme31,unknown,,0,3
815729502,GawlowskiB,male,1.0,0,5
815729503,RightAtHomeVC,brand,0.0,1,1
815729505,TMDNoMore,brand,0.0,1,9
815729506,TerryJeffersRaH,male,1.0,1,1
815729507,SullivanLou_Lib,brand,0.0,1,1
815729508,Mangal2,brand,0.0,3,5
815729509,NightMargin,brand,0.0,1,1
815729510,HarleyMcQuinn88,female,1.0,1,11
815729511,KilaKituMie,male,1.0,0,3
815729512,_CEO____,female,1.0,1,1
815729513,1884Abdulazim,male,1.0,0,5
815729514,LoveImanCentre,brand,0.0,0,1
815729515,ItsVoltz,female,1.0,3,7
815729516,_khaliadanae,female,1.0,3,8
815729517,MaxonKristoff,male,1.0,0,7
815729518,SactoDivorce,brand,0.0,0,1
815729519,DaveDukesdave,unknown,,0,3
815729520,Quendrith,female,1.0,0,5
815729521,diannabanannnna,female,1.0,3,7
815729522,_Enculturator_,male,1.0,1,9
815729524,Jessicaadawn,female,1.0,1,1
815729525,rhizy,female,1.0,0,5
815729526,SIGMAKLlM,unknown,,3,2
815729527,newromantiics,female,1.0,3,2
815729528,0beyjess,female,1.0,3,2
815729529,nerdyprincess3,female,1.0,3,2
815729530,DelaineeWalker,female,1.0,3,8
815729531,dcflawless,male,1.0,3,8
815729532,meshellgonzale3,female,1.0,0,3
815729533,kaetybear16,female,1.0,0,7
815729534,Wellblocks,brand,0.0,0,0
815729535,ReviewOrDie,brand,0.0,3,10
815729536,dr_yamini143,female,1.0,0,5
815729537,mjaycantrell,male,1.0,0,5
815729538,NCHDPH,brand,0.0,0,5
815729539,davidsummers64,male,1.0,3,5
815729540,begleylawgroup,brand,0.0,0,1
815729541,zenoss,brand,0.0,1,1
815729542,thevanegod,male,1.0,3,8
815729543,SamieP,female,1.0,3,8
815729544,taylloney,female,1.0,3,2
815729545,ClanViolent,brand,0.0,0,3
815729546,kathy_farnboro,female,1.0,3,2
815729547,Buckers2013,female,1.0,0,3
815729548,kittylivi,female,1.0,0,5
815729549,chloejgalbraith,female,1.0,3,8
815729550,Health_in_hand,brand,0.0,1,9
815729551,lakshya_1881,female,1.0,0,5
815729552,white_mamba54,female,1.0,0,7
815729553,NikaTyme,male,1.0,0,0
815729554,leannef55,female,1.0,3,10
815729556,KMESystems,brand,0.0,1,11
815729557,Carlanun,female,1.0,1,9
815729558,MusicBizEmpire,brand,0.0,1,9
815729559,asrivkin,male,1.0,3,0
815729562,worthamilli2_,female,1.0,3,7
815729563,FGOpera,brand,0.0,1,0
815729564,DrCABaker,female,1.0,0,1
815729565,Ryan2live,male,1.0,0,5
815729566,RevJAStafford,male,1.0,0,0
815729567,swishito,female,1.0,3,8
815729568,IvyWise,brand,0.0,1,1
815729569,__lizzyyy,female,1.0,3,8
815729570,kylie_benadie,female,1.0,0,5
815729571,Assilla_,female,1.0,3,8
815729572,FloydJobson,brand,0.0,1,9
815729573,april_2k16,female,1.0,3,5
815729574,arzcubed,female,1.0,0,1
815729575,HyltonSandra,female,1.0,0,3
815729576,MadeFromRI,brand,0.0,1,9
815729577,Crimson_Chaos,brand,0.0,1,1
815729578,MeijerGardens,brand,0.0,1,1
815729579,loucheryl,female,1.0,1,10
815729580,LawrencePatte20,brand,0.0,0,0
815729581,1476_salman,male,1.0,0,5
815729582,graytr,male,1.0,3,10
815729583,Sverdi332,male,1.0,0,5
815729584,hmdutton,male,1.0,1,1
815729585,damnitdeuce,male,1.0,0,7
815729586,jjonghosh,male,1.0,3,2
815729587,VCannarozzi56,male,1.0,3,7
815729588,luciboo80,brand,0.0,3,8
815729589,oikawamomosuke,unknown,,3,2
815729590,pinkyg205,female,1.0,3,0
815729591,meraviglia54,female,1.0,0,7
815729592,IAMLEYAHSHANKS,female,1.0,0,5
815729593,louisawaldburge,female,1.0,0,3
815729594,Local_Astronaut,male,1.0,0,0
815729595,AlyssaAMakeup,female,1.0,0,11
815729596,pramoldhawan,brand,0.0,0,5
815729597,CrimsonLCC,brand,0.0,0,0
815729598,TomAngel1,male,1.0,1,11
815729599,AFHSCPAGE,brand,0.0,1,1
815729600,sincerelyjonah,female,1.0,3,2
815729601,un__fckwitable,female,1.0,3,2
815729602,gzbabo,female,1.0,3,2
815729604,anotao_news,brand,0.0,1,9
815729605,litlgib,male,1.0,0,3
815729606,Almighty_Migos,male,1.0,3,7
815729607,nachik_387,unknown,,0,5
815729609,hjmfabia,male,1.0,3,8
815729610,gunasee07,male,1.0,1,1
815729611,JackShull1,male,1.0,0,3
815729612,dirty4dolans,male,1.0,3,2
815729613,brookecoble0610,female,1.0,0,7
815729615,SnowballManny,male,1.0,3,0
815729616,thelawboard,male,1.0,0,1
815729617,WritingHealthy,female,1.0,1,1
815729618,krispohner,male,1.0,0,3
815729619,0nlyyyHER_,female,1.0,3,8
815729620,nmharte1,female,1.0,0,5
815729621,SP1RACY,brand,0.0,1,1
815729622,IAMSHAUNMILLER,male,1.0,3,8
815729623,AliaElKattan,male,1.0,3,5
815729624,muazzamyg,male,1.0,0,5
815729625,RLF,brand,0.0,0,5
815729626,Payment_Network,brand,0.0,0,3
815729628,1306_naimisha,female,1.0,2,5
815729629,georgia_brunton,female,1.0,3,8
815729630,heeey_leeee,female,1.0,3,5
815729631,faridabadtutor,brand,0.0,1,9
815729632,lambrasoqueens,male,1.0,3,0
815729633,Kuwaballer,brand,0.0,3,2
815729634,theweirdginger1,male,1.0,0,0
815729635,NATSUHl,female,1.0,3,2
815729636,thegarlandhotel,brand,0.0,1,1
815729637,HorizonsETFs,brand,0.0,1,1
815729638,TroyexTyla,male,1.0,0,0
815729639,KP_Kelly,male,1.0,1,10
815729640,LowkeyRoxanna,female,1.0,3,8
815729641,Lisan1201,female,1.0,1,1
815729642,GenaLennon,female,1.0,3,7
815729643,ImfuckingClassy,female,1.0,3,5
815729644,__1ofONE,male,1.0,3,8
815729645,elldoubleyou17,female,1.0,3,8
815729646,BuffassRicky,male,1.0,3,2
815729647,ConstablesEA,brand,0.0,1,1
815729648,ILAToday,brand,0.0,1,10
815729649,NicolesBlvd,female,1.0,3,8
815729650,WrestlingExam,brand,0.0,1,9
815729651,melissaborges,female,1.0,0,5
815729653,ljgrover22,brand,0.0,0,8
815729654,MissLisanna,female,1.0,3,7
815729656,jasonbrichards,male,1.0,0,1
815729657,CVandergraft,female,1.0,3,8
815729658,reality_not,female,1.0,0,2
815729659,ezzydeenelsin,male,1.0,1,1
815729661,Garahaddo_,male,1.0,0,5
815729662,happy2013guy,male,1.0,3,2
815729663,_carlburch,male,1.0,3,8
815729664,ToothbrushExp,brand,0.0,1,1
815729665,danbemyphil,female,1.0,3,8
815729666,irisdaughter,female,1.0,0,3
815729668,waterhauler,unknown,,3,0
815729669,llednicer,female,1.0,0,1
815729670,MLpurplepink,brand,0.0,2,6
815729671,chandi_111,female,1.0,0,5
815729672,collegevisit,brand,0.0,1,10
815729673,juli_1736,female,1.0,3,5
815729674,sotokynev,brand,0.0,1,9
815729675,Elsucio_Mar,male,1.0,3,10
815729676,Leona_Hoare,female,1.0,0,7
815729677,wintcrbucky,female,1.0,3,7
815729678,SoWild4Wilde,brand,0.0,1,3
815729679,JackEndeavour,male,1.0,1,11
815729680,hardball,brand,0.0,1,0
815729681,TeamYouTube,brand,0.0,0,7
815729683,frankenwentz,brand,0.0,3,2
815729684,939TheMix_KKMK,brand,0.0,0,0
815729685,FezReports,male,1.0,1,10
815729686,TheUnknownIvy,female,1.0,3,8
815729687,norainacad,female,1.0,3,2
815729688,yo,male,1.0,3,10
815729689,Codiekitty,unknown,,0,5
815729690,rosa12_lowfell,brand,0.0,1,1
815729691,History_Hit,brand,0.0,0,0
815729692,Nayana170,female,1.0,0,5
815729693,meagannnxx3,female,1.0,3,8
815729694,becieeastonn,female,1.0,3,7
815729695,Ishwary784,female,1.0,0,5
815729696,kayla_alexandr,female,1.0,3,8
815729698,Beniconnect,brand,0.0,1,1
815729699,Noel_Francis,male,1.0,1,11
815729700,WHMorpeth,brand,0.0,0,3
815729701,GreenInvestGuy,brand,0.0,1,1
815729702,ZerboJulie,female,1.0,3,7
815729703,sazzemcsazz,female,1.0,0,3
815729704,hesrovski,female,1.0,3,2
815729705,lindscatherine,female,1.0,0,1
815729706,Madhu461,female,1.0,0,5
815729707,Zeldamn,male,1.0,3,2
815729708,sunshinexxnouis,male,1.0,3,5
815729709,AnoudaBlogger,brand,0.0,1,9
815729710,YYCmortgageman,male,1.0,1,1
815729711,bribriggs,male,1.0,3,0
815729712,lalalalaurenlev,female,1.0,0,0
815729713,HugginShelley_,female,1.0,3,2
815729714,aRmeni7,male,1.0,0,3
815729715,respectmebatchh,male,1.0,3,2
815729716,E_BPR,brand,0.0,1,9
815729717,stefgermgaga,female,1.0,3,10
815729718,Oklahoma_Law,brand,0.0,1,1
815729719,LittleAlice96,female,1.0,3,2
815729720,Dusty1029,male,1.0,3,7
815729721,MiguelArzadon,male,1.0,0,7
815729722,IR_Magazine,brand,0.0,1,1
815729723,OnBoardGA,brand,0.0,1,11
815729724,milton_book7,brand,0.0,2,6
815729725,bwintz122,male,1.0,2,7
815729726,_XoxoBrelynn,female,1.0,3,8
815729727,PoPinNow,brand,0.0,0,3
815729728,Jekyll_Hydee,female,1.0,3,8
815729729,D_Wekt,male,1.0,1,1
815729730,A_Reality_Czech,male,1.0,0,0
815729731,DesertPitGym,male,1.0,3,2
815729732,wizandskinsfan,brand,0.0,3,2
815729733,alexus33322,female,1.0,0,5
815729734,JeanieGigi,female,1.0,3,5
815729735,e_jelm,female,1.0,3,8
815729736,curlyfry248,brand,0.0,0,3
815729737,_christinecath,female,1.0,3,2
815729738,brahdahjvenn,male,1.0,0,3
815729739,_blksicwitit,male,1.0,0,3
815729740,rps205super,male,1.0,0,1
815729741,FiPilot008,male,1.0,0,3
815729742,sergeantgeek,male,1.0,3,2
815729743,fesylacinug,female,1.0,2,6
815729744,realuzzyfluxz,male,1.0,3,8
815729745,DCDeacon,male,1.0,3,10
815729746,LookItsPayton,female,1.0,0,3
815729747,Rockytopbelle96,female,1.0,3,2
815729749,MiloBrown1,male,1.0,0,3
815729750,TeamCJ4Ever,brand,0.0,1,11
815729751,MW__Oh,male,1.0,3,10
815729752,the_ssq,male,1.0,0,5
815729753,Coco__Marie,female,1.0,3,8
815729754,lauraconstantly,female,1.0,0,7
815729755,Virisz1,female,1.0,0,11
815729756,AndyAUCD,male,1.0,3,10
815729757,UK_Wheelchairs,brand,0.0,1,1
815729758,surferbay1962,female,1.0,0,5
815729759,TheCelonium,male,1.0,0,5
815729760,altheprince_,male,1.0,0,6
815729761,Ivelisse,female,1.0,1,10
815729764,gisouthernbelle,female,1.0,1,10
815729765,pratmustdie,female,1.0,3,5
815729766,Missalishashaw,female,1.0,3,8
815729767,Lockedinbathroo,male,1.0,0,3
815729768,BoundCumsluts,brand,0.0,1,11
815729769,busstedhood,female,1.0,0,3
815729770,DeThunderScoots,brand,0.0,3,2
815729771,seyfarthshawLLP,brand,0.0,1,0
815729772,DeuxCadenas,female,1.0,3,8
815729773,ashleyprofiles,male,1.0,1,6
815729774,kennett_oliver,male,1.0,1,9
815729775,pjpasta,female,1.0,3,2
815729776,ssquala,brand,0.0,3,7
815729777,Coalie00,unknown,,3,2
815729778,teeareoeye_,female,1.0,3,8
815729779,VivaLaJuicy7_,female,1.0,3,2
815729780,itsterrio_hoe,brand,0.0,3,8
815729781,milzgyal,female,1.0,3,8
815729782,AlanESmith3,male,1.0,0,7
815729784,artfudd,male,1.0,1,1
815729785,Breyn2000,male,1.0,1,11
815729786,AllTheTwits,brand,0.0,1,6
815729787,craftyfingersuk,brand,0.0,1,9
815729788,atozalphabetabc,brand,0.0,1,11
815729789,truedynamite6,male,1.0,3,2
815729790,PurpleRadioUK,brand,0.0,0,5
815729791,ShineyBarbthorn,male,1.0,0,5
815729792,DotPolitics,brand,0.0,1,0
815729793,RedditComputing,brand,0.0,3,2
815729794,crushdacatalyst,male,1.0,1,5
815729795,mikashaye,female,1.0,3,10
815729797,_RayyVBEATS,brand,0.0,1,9
815729798,KAYLEE20_1,female,1.0,3,10
815729799,NewsSomerset,brand,0.0,1,9
815729800,TheLightNC,brand,0.0,1,1
815729801,WZIGfm,brand,0.0,0,6
815729802,kylie_summer7,female,1.0,0,5
815729804,inspiredkian,female,1.0,3,2
815729806,NebtuneFGC,male,1.0,3,5
815729807,jamazaquan,male,1.0,3,7
815729808,BormanUk2015,male,1.0,0,3
815729809,NFL_Rams247,brand,0.0,0,3
815729810,APFCHomeCare,brand,0.0,3,2
815729811,OximityWomenRts,brand,0.0,1,11
815729813,Toxicratman,brand,0.0,0,1
815729814,LizLyngaas,female,1.0,0,1
815729815,Daniell_MUFC,male,1.0,1,9
815729816,LuanMaiEJ20,male,1.0,3,1
815729817,DailyWWENews,brand,0.0,1,9
815729818,miiiiiica,female,1.0,3,8
815729819,dovingly,female,1.0,3,2
815729820,Aileine,unknown,,3,2
815729821,iTrendXCI,male,1.0,3,8
815729822,JemiaTEK,female,1.0,0,1
815729823,SaulDanilewitz,male,1.0,0,0
815729824,TheCashFargo,male,1.0,3,10
815729825,bws_thetide,female,1.0,3,2
815729826,VentureBoxing,brand,0.0,0,1
815729827,_hopelessmess,unknown,,0,5
815729828,alisonkimberly,female,1.0,3,10
815729829,sarahasunday,female,1.0,0,5
815729830,euniq_mccalla,female,1.0,0,7
815729831,TiernanDouieb,male,1.0,1,10
815729832,Misstesfaye_,female,1.0,3,8
815729833,marissalong22,female,1.0,0,3
815729834,TheMoonMami,female,1.0,3,2
815729835,arrlleennee1,female,1.0,3,2
815729836,ChelseaJ4,female,1.0,0,1
815729837,annarroddam,female,1.0,0,7
815729838,AE9978,male,1.0,0,3
815729839,HostofFate,unknown,,3,2
815729840,Stroybaza_DN,brand,0.0,0,1
815729841,donstwitties,male,1.0,0,5
815729842,HFT4u,brand,0.0,1,9
815729843,underprop,unknown,,0,3
815729844,HTnationalnews,brand,0.0,1,9
815729845,AllTimeLeah94,female,1.0,3,8
815729846,peartonjohnson,brand,0.0,1,8
815729847,OBedenbaugh,female,1.0,3,11
815729848,chinasIine,female,1.0,3,2
815729849,KhaLayLaysaid,female,1.0,3,8
815729850,annavshelton,female,1.0,0,3
815729851,hawkfoundation,brand,0.0,1,1
815729852,AlleyCatsVtg,brand,0.0,1,9
815729853,NewsdeskMUSIC,brand,0.0,1,9
815729854,AlanFarout,male,1.0,0,7
815729855,smallbiztrends,female,1.0,1,1
815729856,whatsontvuk,brand,0.0,1,5
815729859,JadedTsun,brand,0.0,0,3
815729860,AsieMonAmour,female,1.0,3,8
815729861,serranozulem1,female,1.0,0,7
815729862,gretamartin_,female,1.0,0,7
815729863,8c651f552dbe4de,female,1.0,0,11
815729867,bre_defalco11,female,1.0,3,8
815729869,KRRV,brand,0.0,1,10
815729870,NO_BOOT_DEVICE,male,1.0,0,0
815729871,sydneykutsch,female,1.0,3,8
815729872,9_is_my_doctor,female,1.0,3,7
815729873,PESC1421,male,1.0,0,5
815729874,TrollsAreNice,brand,0.0,1,1
815729875,D_TheHedgehog,brand,0.0,0,1
815729876,Reddit_Xbox_One,brand,0.0,3,2
815729877,ambeerly_3,female,1.0,3,8
815729878,brooklynekay,female,1.0,3,2
815729879,Malikah_Meyer,female,1.0,1,10
815729880,ellepfeffer,female,1.0,0,3
815729881,IvanaStojkovi15,female,1.0,0,11
815729882,_alittlemistake,female,1.0,3,2
815729883,SMNET,brand,0.0,1,1
815729884,BostonDave,male,1.0,1,1
815729885,ElspethHats,brand,0.0,1,11
815729886,dawtiedawn,female,1.0,3,0
815729887,falcoIombardi,unknown,,3,2
815729888,Benna81,male,1.0,0,0
815729890,Baconator166,male,1.0,3,2
815729891,MatlhomolaX,male,1.0,0,5
815729892,numakaze,female,1.0,3,2
815729893,PagesPineapples,female,1.0,0,3
815729894,dinahsrevivaI,female,1.0,3,2
815729895,Droukemaa,female,1.0,0,5
815729896,gennifer_kellis,female,1.0,3,5
815729897,Styles2blaze1,brand,0.0,1,9
815729898,Agn3s_Mckenzie,female,1.0,1,1
815729899,ColdHxnds,female,1.0,3,8
815729900,TrackingCats,brand,0.0,1,6
815729901,Hellz87,female,1.0,0,0
815729902,heterodoxgeek,unknown,,1,9
815729903,PapaLazarouJE,male,1.0,0,3
815729904,adamjmcvey,male,1.0,3,8
815729905,cassidykaurich,male,1.0,0,5
815729906,CrownedMermaid,female,1.0,3,2
815729907,FLGM_NFC_news,brand,0.0,2,6
815729908,joeffitch,male,1.0,0,5
815729909,gill_81uk,female,1.0,1,1
815729910,J_Jurejko,male,1.0,0,5
815729911,xlPlasmalx,brand,0.0,0,3
815729912,aron_tran,male,1.0,3,5
815729913,stonerjesus420,brand,0.0,1,10
815729914,zooffyrolling,male,1.0,1,1
815729915,GoQuackYourself,female,1.0,3,2
815729916,StonerJesusNet,brand,0.0,1,1
815729917,kabuyeahmed,male,1.0,0,0
815729919,Weight_Loss_Prd,brand,0.0,1,9
815729920,JCPinManchester,brand,0.0,1,0
815729921,metatheatrical,female,1.0,3,10
815729922,plantboyphill,male,1.0,3,2
815729923,Zonneschijn,female,1.0,1,1
815729924,NormanDalton,male,1.0,3,2
815729925,redjenny420,female,1.0,0,5
815729926,904139Lynn,female,1.0,2,3
815729928,EvilYoYo17,male,1.0,3,2
815729929,IProduce4rm313,male,1.0,1,9
815729930,Icarus824,male,1.0,0,5
815729932,tillymintboutiq,female,1.0,3,10
815729933,ameliefleurs,female,1.0,3,2
815729934,porruajuvenal4,brand,0.0,1,9
815729935,tiyalene,unknown,,3,2
815729936,somercet,male,1.0,0,1
815729937,morgzz,female,1.0,3,0
815729938,GeoffSheridan1,male,1.0,0,3
815729939,MadAboutStyle,brand,0.0,1,1
815729941,GameOnlySports,brand,0.0,0,1
815729942,kristenlxo,female,1.0,0,3
815729943,JanetRivs,female,1.0,0,5
815729944,gemsglow,brand,0.0,3,2
815729945,timmy_allen,male,1.0,1,10
815729946,N2fotoTed,male,1.0,0,3
815729947,KelliBradshaw1,female,1.0,3,8
815729948,ThankgodDeezua,male,1.0,0,3
815729949,garibaldicole,brand,0.0,1,9
815729950,Deajuahh,female,1.0,3,2
815729951,aMichaelGrant,male,1.0,3,5
815729952,JoshuaMound,male,1.0,3,7
815729953,femayanagalea,female,1.0,0,5
815729954,jlane91617,male,1.0,0,3
815729955,Rural_Health_,brand,0.0,1,11
815729957,KylieLanktree,female,1.0,3,5
815729958,AliceNicholls_,female,1.0,1,9
815729959,CHEFBROYARDY,male,1.0,3,2
815729960,Magan1977,male,1.0,3,2
815729961,PromoHall,brand,0.0,1,9
815729962,Lucia1D_11,female,1.0,3,2
815729963,MonicaJonesGMA,female,1.0,3,10
815729964,ThaDaedalus82,male,1.0,0,5
815729965,BriMercedes,brand,0.0,3,8
815729966,tobzster,female,1.0,3,8
815729967,DeanHillman,male,1.0,3,5
815729968,Tuff_Cookie,female,1.0,0,5
815729969,Paulie_Batts,male,1.0,3,0
815729970,_Dorreya,female,1.0,3,8
815729971,MsShawnaRenee,female,1.0,1,1
815729973,kfobbs,male,1.0,1,0
815729974,YandereKnives,female,1.0,0,5
815729975,yungnehi,female,1.0,3,2
815729976,justinftcarter,female,1.0,3,2
815729977,josephrileyyy,male,1.0,0,5
815729978,LastCallMedia,brand,0.0,0,1
815729979,MegannnnJo,female,1.0,3,8
815729980,JessMGreenwood,female,1.0,3,8
815729981,stingreyesXC,brand,0.0,3,2
815729982,ollieamelia,female,1.0,1,9
815729983,rylsndvs,male,1.0,0,3
815729984,cliffordftnjs,female,1.0,3,2
815729985,kenhensley,male,1.0,0,5
815729986,Joiaun_Marie,female,1.0,3,2
815729987,VlCKYJ,female,1.0,3,2
815729988,frozenwarning,brand,0.0,3,0
815729989,tacopoopman,female,1.0,0,7
815729990,loree_alvaradoo,female,1.0,3,8
815729991,Tyler_Cain11,male,1.0,3,2
815729992,BJBSocial,brand,0.0,1,1
815729993,wearemadeofstar,unknown,,1,9
815729994,greer_bobby,unknown,,1,1
815729997,Jess_Warbington,female,1.0,3,8
815729998,Katherinehaz16,female,1.0,3,2
815729999,BoSimmsMtl,male,1.0,1,9
815730000,DuragantheLion,brand,0.0,0,3
815730001,Talha_Guetta,male,1.0,0,5
815730002,DatGuyJason,male,1.0,0,7
815730003,pixelhs,male,1.0,3,10
815730004,Iamlee93,male,1.0,0,3
815730005,NJLahori,female,1.0,3,10
815730006,BBCNewsEnts,brand,0.0,1,0
815730007,simbar3,male,1.0,0,5
815730008,Taxtreats,male,1.0,1,10
815730009,JoshuaMadelyn,female,1.0,2,6
815730010,MisterGLS,male,1.0,1,2
815730011,WorldTaiChiDay,brand,0.0,1,5
815730012,SumoRick,male,1.0,1,1
815730013,levaughn321,female,1.0,0,7
815730014,cblunt58,male,1.0,3,2
815730015,WgtnCC,brand,0.0,3,10
815730016,SykoChangeling,female,1.0,3,10
815730017,GettoAndreaa,male,1.0,0,3
815730018,MikeJH_316,male,1.0,3,10
815730019,AlnwickTownAFC,brand,0.0,1,1
815730020,babyminenjh,male,1.0,3,2
815730021,MrChaseBank404,brand,0.0,1,9
815730022,ramadewi24,female,1.0,1,11
815730023,NickCaputo4,male,1.0,0,3
815730024,EnglandsHitler,male,1.0,1,1
815730025,LeMulan,female,1.0,3,8
815730026,_bigSHAUN,female,1.0,3,8
815730028,travisbillman,male,1.0,0,0
815730029,DarkArfs,unknown,,3,5
815730030,frantasassy,male,1.0,3,2
815730031,TWCSportsOH,brand,0.0,0,0
815730032,NicK_N7,male,1.0,0,3
815730033,lourryhes,female,1.0,3,2
815730035,tall_and_more,female,1.0,3,8
815730036,grandtheftjai,female,1.0,3,2
815730037,srb846,female,1.0,0,0
815730038,CountVonK,male,1.0,0,5
815730039,Rams_Sigs,brand,0.0,1,1
815730040,rickgrines,male,1.0,3,2
815730041,nikoriana,female,1.0,3,8
815730042,SueSpagnolo,female,1.0,0,3
815730043,Angelina_Laurin,female,1.0,1,1
815730044,nickellebarth,female,1.0,3,2
815730045,Dives_band,brand,0.0,0,1
815730046,chantelsasani,female,1.0,3,5
815730047,aimeeteegan,female,1.0,3,8
815730048,iloveosricchau,male,1.0,3,7
815730049,Hussainaliarif,male,1.0,1,10
815730050,LaurenEylise,female,1.0,3,5
815730051,Taylor_Sports,male,1.0,0,5
815730052,ItsYourBoySolo,male,1.0,1,1
815730053,opsyharry,female,1.0,3,8
815730054,frightfursheep,unknown,,3,2
815730055,ArmelGee,male,1.0,3,8
815730056,Secritive,male,1.0,0,7
815730057,LilSaintDee,unknown,,3,10
815730058,kaylorswift13,female,1.0,3,2
815730060,mzjaziek,female,1.0,0,7
815730061,HiHoney333,unknown,,0,0
815730062,13AmericanTable,brand,0.0,0,3
815730064,wozzoncornwall,brand,0.0,1,1
815730065,stevegood5,male,1.0,0,5
815730066,addykontrol,female,1.0,0,3
815730067,london24,brand,0.0,1,10
815730069,KaylaJoy1984,female,1.0,3,2
815730070,moviesjustnow,brand,0.0,1,9
815730071,dr_crdags,male,1.0,0,3
815730072,berkeleybar,male,1.0,0,5
815730074,MaxineMusic,female,1.0,0,1
815730075,Zevorsthea,female,1.0,3,2
815730076,TGOD_Gordo,male,1.0,3,5
815730077,LeonisSuperbia,male,1.0,3,2
815730078,_Xoprincessss_,female,1.0,3,2
815730079,OC4liife,female,1.0,3,5
815730080,David_R_Daniels,male,1.0,1,5
815730081,trueloveexistst,brand,0.0,1,9
815730082,Whitecamp1,male,1.0,0,5
815730083,Avoseh_mauton,male,1.0,0,7
815730084,NephilimUpdates,brand,0.0,3,2
815730085,Twirral1,male,1.0,3,10
815730086,BerghahnHistory,brand,0.0,1,1
815730087,_keepingupwANT,female,1.0,0,7
815730088,ClipClopNYC,brand,0.0,0,0
815730089,atamlicious,female,1.0,3,5
815730091,tamuc,brand,0.0,0,5
815730092,Zhuriza16,male,1.0,0,3
815730093,viav7,male,1.0,1,10
815730094,MaryEmilyOHara,female,1.0,3,1
815730095,MarkRRose,male,1.0,3,10
815730096,_sheteelove,female,1.0,3,7
815730097,lilac5250,male,1.0,0,1
815730098,hertscc,brand,0.0,1,1
815730099,aldotcomSports,brand,0.0,1,9
815730100,EdamameDreams,male,1.0,0,0
815730101,carolyn_demore,female,1.0,3,7
815730102,Miles_Smith98,male,1.0,0,3
815730103,alemasellaa,female,1.0,3,8
815730104,leedsboy56,male,1.0,0,0
815730105,Cynatrah,female,1.0,1,10
815730106,Ladybuggie15,female,1.0,0,3
815730107,DeezNutzIRL,male,1.0,3,2
815730108,KrustyAllslopp,brand,0.0,3,2
815730109,wahaha1222,brand,0.0,0,3
815730110,krissstyn1,female,1.0,3,2
815730111,SDK_Selena,female,1.0,0,3
815730112,Glorious_Hero,male,1.0,3,2
815730113,DebbieAustinPR,female,1.0,0,5
815730114,glassesdotcom,brand,0.0,1,1
815730115,BuPBurst,male,1.0,3,8
815730116,skywlka22,brand,0.0,3,7
815730117,Endless__Skye,female,1.0,3,2
815730118,JobsBhamAdmn,brand,0.0,1,11
815730120,kiitten04,female,1.0,1,1
815730121,comicgregjohns1,female,1.0,2,6
815730122,frankdclfino,female,1.0,3,2
815730123,Nelgumford,unknown,,0,5
815730124,Jack_Quinney,male,1.0,0,5
815730125,AccountableHS,brand,0.0,1,11
815730126,TweetMUFC_ID,brand,0.0,1,6
815730127,TynieshaNicole,female,1.0,0,1
815730128,ikeyoung26,unknown,,2,9
815730129,takethisgrave,female,1.0,3,8
815730130,worldrafanadal,brand,0.0,0,7
815730131,miriam_valles,female,1.0,3,0
815730132,MarcXabiso,male,1.0,3,6
815730133,94hesinspired,female,1.0,3,2
815730134,KTMcG2,female,1.0,1,1
815730135,PeripateNic,male,1.0,3,2
815730136,SnuffTheRoostr,male,1.0,3,2
815730138,LogicalNegro,unknown,,3,10
815730139,iMGlam_,female,1.0,3,8
815730141,smol_and_tol,unknown,,0,1
815730142,jfeckstein,brand,0.0,3,5
815730143,I_Will_Rejoice,female,1.0,0,1
815730145,_mickey13,male,1.0,3,2
815730146,TheTalentScout7,brand,0.0,1,9
815730148,ARotundo3E,male,1.0,3,8
815730149,wizzybiebs,male,1.0,3,8
815730150,colbenjamin,male,1.0,1,11
815730151,httpchen,female,1.0,3,2
815730152,youngDAD2,unknown,,0,3
815730153,Touch_Soul_Poem,female,1.0,1,9
815730154,MorganMylesLIVE,female,1.0,3,10
815730155,AbbyPhillips2,female,1.0,0,7
815730156,cintamanis242,female,1.0,2,11
815730157,belgiumblue418,female,1.0,0,3
815730158,TaraNikitaBlake,female,1.0,0,7
815730159,joriestory,brand,0.0,3,2
815730160,BINGEBENEDICT,female,1.0,3,2
815730161,DangerOscar,male,1.0,3,8
815730163,sthuru92,female,1.0,0,7
815730164,suxpistol,female,1.0,3,2
815730165,IAreSpecialK,male,1.0,0,3
815730166,joandelaneyvz,brand,0.0,1,9
815730167,twinkhedgehog,brand,0.0,3,2
815730168,_BlowFlex,male,1.0,3,2
815730172,patzaby,male,1.0,0,1
815730174,Bengals_NEFL,brand,0.0,0,7
815730175,stefan_gebhard,male,1.0,1,1
815730176,Jebree__,male,1.0,3,8
815730177,KaneVAC,brand,0.0,0,1
815730178,King_Of_Supreme,male,1.0,3,8
815730179,BTCare,brand,0.0,3,10
815730180,RajeshTheLion,brand,0.0,0,5
815730181,direboar,male,1.0,0,5
815730182,its_annnaaaa,female,1.0,0,5
815730184,BirtheIrene,female,1.0,3,7
815730185,kimberlyxmay,female,1.0,3,2
815730186,Stacksz_MOR,male,1.0,3,10
815730187,talkwithsign,brand,0.0,1,1
815730188,247HH,brand,0.0,1,9
815730189,TaylorNiles4,female,1.0,3,7
815730190,monforteivan,unknown,,1,9
815730191,BornCuteJacks,female,1.0,3,2
815730194,BestDateEver,female,1.0,1,9
815730195,McDougle55,male,1.0,3,2
815730196,xmohamed20,male,1.0,1,5
815730197,bungahitam24,brand,0.0,1,11
815730199,FTImages,female,1.0,3,8
815730200,JPickensRealtor,male,1.0,0,3
815730201,Daelyn75Games,male,1.0,0,3
815730202,jaycaliflip,male,1.0,3,8
815730203,carleybajon_,female,1.0,3,7
815730204,Namaztak,male,1.0,3,5
815730205,MaiaMamacita,female,1.0,3,2
815730206,AddisJosephine,female,1.0,1,9
815730207,WanderingNewbie,brand,0.0,3,10
815730208,SunderlandWall,brand,0.0,0,5
815730209,SwiftysRouter,female,1.0,3,2
815730210,luvjesuscrisp,female,1.0,3,7
815730211,DrewisSpiderMan,male,1.0,3,7
815730212,Bearrati,male,1.0,3,8
815730214,ligiahouben,female,1.0,1,1
815730215,_forestmermaid,female,1.0,1,1
815730216,1010xl_T_Wigg,male,1.0,3,5
815730217,EChekobei,male,1.0,3,2
815730218,marjanmaxmaric,male,1.0,1,1
815730219,stlmissouri,brand,0.0,1,1
815730220,desktopranger,male,1.0,0,3
815730221,ICT_magazine,brand,0.0,1,1
815730222,pweekes48,male,1.0,0,1
815730223,13thVerseComics,brand,0.0,0,3
815730224,museumhour,brand,0.0,3,2
815730226,kepripep,female,1.0,0,7
815730228,graysonarthurs,female,1.0,3,7
815730229,dswimming,brand,0.0,1,1
815730230,ikealmighty_,male,1.0,3,2
815730231,nikestore,brand,0.0,3,10
815730232,thecuretobadday,brand,0.0,1,9
815730233,mjabrar,male,1.0,1,1
815730234,standup_kc,brand,0.0,1,1
815730235,sarahviegas_,female,1.0,3,8
815730236,CreativeLabHI,brand,0.0,1,1
815730237,BrazilConnor,male,1.0,0,5
815730238,elean0rr,female,1.0,3,8
815730239,BestXXXBabes,brand,0.0,1,11
815730240,NormaSmith93,female,1.0,1,11
815730242,MimiFadipe,female,1.0,0,7
815730243,Johannahoran1D,female,1.0,1,11
815730244,Alanhardy43,male,1.0,0,3
815730245,VrsOk,unknown,,0,3
815730246,UPthebook,brand,0.0,0,3
815730247,not_charlie,male,1.0,0,3
815730248,BookChook,female,1.0,1,1
815730249,LoraleisOnMain,brand,0.0,1,1
815730251,alueve_,male,1.0,3,8
815730252,BraveHe15622003,male,1.0,2,2
815730254,BSTEEZY_,male,1.0,3,8
815730255,TripleD_Whax,male,1.0,1,1
815730256,LewdHoundoom,male,1.0,0,3
815730257,aphelant,female,1.0,3,10
815730258,GenomicsRR,brand,0.0,1,9
815730259,AljawWood,male,1.0,1,11
815730260,jamiemarie_84,female,1.0,1,11
815730261,TheUPSStore6106,brand,0.0,0,5
815730262,Kyuugayaku,brand,0.0,3,8
815730263,cookingl4u,brand,0.0,1,9
815730264,SongwritingIdea,brand,0.0,1,6
815730265,AliceCrossley,female,1.0,0,5
815730266,Duplex_R,female,1.0,0,3
815730267,annaballerina15,female,1.0,0,5
815730268,razonmohy,female,1.0,0,7
815730269,StrawberryNG,brand,0.0,1,9
815730270,jbbelievejustin,female,1.0,3,2
815730271,LittleTitch89,unknown,,1,1
815730275,MjombaCom,brand,0.0,1,1
815730276,WandaVeloz,female,1.0,1,11
815730277,AL_NorCal,male,1.0,3,0
815730278,aprositicat,female,1.0,3,2
815730279,EJSampang,male,1.0,3,8
815730280,SushiTime_201,male,1.0,0,5
815730281,fotobugil242,female,1.0,2,11
815730282,sheyitaylor,female,1.0,0,5
815730283,IsimaOdeh,male,1.0,0,7
815730284,CargobarChCh,brand,0.0,0,1
815730285,fellykait,female,1.0,3,2
815730286,aniekanekah,female,1.0,1,1
815730287,danieldugas,male,1.0,1,1
815730288,Bhengu_TM,male,1.0,0,3
815730289,kayceep24,brand,0.0,0,3
815730290,mr_bcarter,male,1.0,3,8
815730291,RichardSharland,male,1.0,0,3
815730292,Gossip_Round_Up,brand,0.0,1,9
815730293,donslimzy1,male,1.0,3,7
815730294,rocoh94,female,1.0,3,7
815730295,realtula01,male,1.0,3,8
815730296,RE5ERVE,male,1.0,3,2
815730297,Ericincontext,male,1.0,0,1
815730298,FlamingAriel,female,1.0,0,5
815730299,iTravelSafe,brand,0.0,1,1
815730300,xvnvxx_,male,1.0,3,10
815730301,slasher48,male,1.0,3,2
815730302,karbdashian,unknown,,3,8
815730304,rayspizza1,brand,0.0,1,9
815730305,cgayubof1,male,1.0,3,7
815730306,Panoony,brand,0.0,1,1
815730307,FrankeeCastro,female,1.0,3,2
815730308,Lovey180,male,1.0,0,3
815730309,EOrthodoxy,brand,0.0,0,1
815730310,robcordero,male,1.0,3,8
815730311,prodiGsc,male,1.0,3,5
815730312,alipato_project,brand,0.0,0,1
815730313,BandsMyWeakness,unknown,,3,2
815730314,asunsetinmyvein,female,1.0,3,8
815730315,MUBlades,male,1.0,3,7
815730316,taisyamontes,female,1.0,3,8
815730317,NephilimGlee30,unknown,,3,2
815730318,Francheskaxx_,female,1.0,3,7
815730319,BeFitNow76,brand,0.0,3,5
815730320,BethMinyard,female,1.0,1,11
815730321,djwade91,unknown,,2,6
815730322,TrueLies6,brand,0.0,3,10
815730323,jjremoval,unknown,,0,3
815730324,mindxtrick,male,1.0,3,2
815730325,Ramsey_Farm,brand,0.0,1,1
815730326,katakanputus24,female,1.0,1,11
815730327,poetniall,male,1.0,3,5
815730329,Strength_Inner_,brand,0.0,1,9
815730330,jillmariecarr,female,1.0,3,2
815730331,mongang7777,unknown,,0,3
815730332,mikalaamy,female,1.0,3,7
815730333,Roberta_Grimes,female,1.0,1,1
815730334,Cleggermeister,male,1.0,3,5
815730335,TShannell_,female,1.0,3,8
815730336,Stebiggs,male,1.0,0,0
815730337,ulovety,female,1.0,0,7
815730338,ChrisWhy,male,1.0,0,5
815730339,shizuizas,brand,0.0,3,2
815730340,CommercialSpots,brand,0.0,1,9
815730341,BerkCanBvB,male,1.0,3,10
815730342,Siahyrula,male,1.0,3,8
815730343,kimokumo,unknown,,3,8
815730344,taylor_hall8,female,1.0,3,8
815730345,_IreneMalik,female,1.0,1,11
815730346,StarlightMcKenz,unknown,,3,8
815730347,Thewill247x,unknown,,3,2
815730348,jadeemtaylor,female,1.0,0,7
815730349,NWSodor23,brand,0.0,3,2
815730350,obesoroy2,brand,0.0,1,9
815730353,noii,male,1.0,3,10
815730355,Yogirlkaily,female,1.0,3,2
815730356,jonnyblackie40,male,1.0,3,7
815730357,Mcallan213,female,1.0,0,7
815730358,MikeBatesSBN,male,1.0,1,10
815730359,FootpathHoliday,brand,0.0,0,1
815730360,BSBYTFfan7,male,1.0,3,2
815730361,PeterPanoKing,female,1.0,0,8
815730362,ColdSoulKing,male,1.0,0,7
815730363,ParanoidLovatic,female,1.0,3,6
815730364,Nickjaggerrrr,male,1.0,3,2
815730365,OdinCSGO,unknown,,0,7
815730366,PureCleaningSvc,brand,0.0,1,9
815730367,mcalpss,female,1.0,3,8
815730368,TravisSprout,male,1.0,0,7
815730369,ECP_DanKorb75,male,1.0,1,1
815730370,astoldbymad,female,1.0,3,8
815730371,Walls2Homes,male,1.0,0,3
815730372,LOUISLlTT,male,1.0,3,8
815730373,znmeb_dfs,male,1.0,0,7
815730374,UttDianna,female,1.0,0,3
815730377,chadbabybaby,male,1.0,0,11
815730378,MacieGraham,female,1.0,0,5
815730379,Scufman,male,1.0,3,0
815730380,ErynBosworth,female,1.0,0,3
815730381,GemmaBrown_8,female,1.0,3,8
815730382,OjThreeTwo,male,1.0,3,8
815730383,twerk4mariah,female,1.0,0,7
815730384,vectorcest,male,1.0,3,2
815730385,BustedDice,male,1.0,0,0
815730387,garypitt,male,1.0,0,8
815730388,drewkloter,female,1.0,3,8
815730389,linasatouta,female,1.0,3,2
815730390,GGlasz,male,1.0,3,7
815730391,RoyalHwnCtr,brand,0.0,1,1
815730392,indiabrazil,brand,0.0,1,10
815730393,ACrimsonLily,female,1.0,0,3
815730394,bellanky,female,1.0,3,8
815730395,Brett_Elizabeth,female,1.0,1,1
815730397,kaeli_tuinstra,female,1.0,0,0
815730398,JBAwardsCircuit,male,1.0,1,10
815730399,rianadewe24,female,1.0,1,11
815730400,icon4eva,female,1.0,1,1
815730401,kudinurse,female,1.0,0,5
815730402,jcgreen_,male,1.0,3,2
815730403,TonyaAtki,female,1.0,3,2
815730404,SocialWorkersUn,brand,0.0,1,1
815730406,recoil47,unknown,,0,3
815730407,ChanIsom,female,1.0,3,8
815730408,denimblob,unknown,,0,7
815730409,Genn_Coco,female,1.0,0,5
815730410,trine_bn,female,1.0,0,3
815730411,PFLCrusaders,brand,0.0,0,1
815730412,HeyKeifer,male,1.0,3,8
815730413,SportsGuy_83,male,1.0,1,5
815730414,seagull1973,female,1.0,0,0
815730415,VentaAirwasher,brand,0.0,1,11
815730416,Optimalternativ,unknown,,0,3
815730417,duckyy1630,female,1.0,3,5
815730418,soccershotsbham,brand,0.0,0,3
815730419,TaimedGrimes,brand,0.0,3,2
815730420,AustinpalStacy,female,1.0,1,11
815730421,Skymoon75,male,1.0,0,5
815730422,Soul_Touch_,brand,0.0,1,9
815730423,rbeew,female,1.0,3,0
815730424,Kaaatellyyn,female,1.0,3,2
815730425,sabometrics,male,1.0,3,10
815730426,jadeefuru,female,1.0,3,7
815730427,otrafun,male,1.0,3,2
815730428,TopHotFunny,brand,0.0,1,9
815730429,CabotAnalysts,brand,0.0,1,1
815730430,Fuegofandango,brand,0.0,3,0
815730431,paulapatersonox,female,1.0,0,3
815730432,guacdoc,male,1.0,3,8
815730433,LaurenAmber1,female,1.0,2,6
815730434,CharlotteCoster,female,1.0,3,10
815730435,johnero_,male,1.0,1,9
815730436,KeybzOnTheTrack,unknown,,0,5
815730437,PipeWomensPro,brand,0.0,0,3
815730438,sthrnsassafrass,female,1.0,3,2
815730439,HeadHonchoTeo,male,1.0,3,8
815730441,pslohmann,male,1.0,3,10
815730442,BirchBaldwin,female,1.0,2,6
815730443,traplordrebecca,female,1.0,3,7
815730444,Q_Country1029,unknown,,2,3
815730445,Buzzjunkie29,male,1.0,0,0
815730446,2PacFanGroup,female,1.0,0,3
815730447,NagyovaPetra,female,1.0,0,7
815730448,RavenGirlll,brand,0.0,0,5
815730449,ZroHour,brand,0.0,3,2
815730450,AbbeyPeterson45,female,1.0,3,8
815730451,DoubleQuicktime,brand,0.0,1,9
815730452,showmethebutt,female,1.0,3,2
815730453,MotorTraderCars,brand,0.0,1,9
815730454,BevLynDance,brand,0.0,0,1
815730455,Ragin_Wookie,brand,0.0,0,3
815730456,Amyocean_,female,1.0,3,8
815730458,_katiepaterson_,female,1.0,3,8
815730459,michaelcazz,male,1.0,0,5
815730460,idkbria,unknown,,3,2
815730461,Our5SOSUpdatesx,brand,0.0,3,2
815730462,BaMelisana,female,1.0,1,11
815730463,FrammyJenkins1,female,1.0,0,7
815730465,ameliacourtneyy,female,1.0,0,8
815730466,hayley_spechtt,female,1.0,3,5
815730467,ColtStro,male,1.0,3,7
815730468,IBJSCA,female,1.0,1,1
815730469,deenichh,female,1.0,3,8
815730470,NeuvooPrinceto,brand,0.0,1,11
815730471,YaBoiHDeezy,female,1.0,3,7
815730472,GoSnackGo,brand,0.0,0,1
815730473,TrudieStride,female,1.0,3,7
815730474,Kurisutaru_Mara,female,1.0,3,5
815730476,vebrown,female,1.0,0,5
815730478,ColneyHatch,male,1.0,1,1
815730479,CassieisAllred,female,1.0,3,2
815730480,emmab1984,female,1.0,1,1
815730481,KatieKurnick,female,1.0,3,8
815730482,hjschnyderite,female,1.0,3,7
815730483,KayleiighLouu17,female,1.0,3,8
815730484,VVunderVVoman,female,1.0,1,11
815730485,rosa_the_red,unknown,,3,5
815730486,TimberAndWolf,brand,0.0,0,3
815730487,izzierobinson96,female,1.0,3,10
815730488,N_H_Australia,brand,0.0,1,9
815730489,supsides_,female,1.0,3,8
815730490,KatieBarryHere,female,1.0,3,7
815730491,beard_minis,male,1.0,0,3
815730492,drjameslfernau,male,1.0,1,11
815730493,LizzieHeather,female,1.0,1,9
815730494,TimothyWeiss105,male,1.0,0,3
815730495,Selfloveisthway,brand,0.0,1,9
815730496,kneedough,brand,0.0,1,8
815730497,rachamoore_,female,1.0,3,8
815730498,vict0ria_af,female,1.0,3,2
815730499,amandalynLV__,female,1.0,0,7
815730500,kyungsmoI,male,1.0,3,2
815730501,sakurabugil24,female,1.0,1,11
815730502,Amarie_hey,female,1.0,0,7
815730503,MarcusDCook,male,1.0,3,10
815730504,addiejames15,female,1.0,3,8
815730507,yournextboss11,male,1.0,0,3
815730508,Kelleyrose20,female,1.0,0,3
815730509,Topstak,brand,0.0,0,5
815730510,ShearerPain,female,1.0,0,7
815730511,_MissMiller,female,1.0,3,10
815730512,Ona_Peteke,female,1.0,3,8
815730513,Wegoforgold,unknown,,1,1
815730514,sarah_arnold,female,1.0,1,5
815730515,PEMA591,brand,0.0,1,1
815730516,PHXmortgage,brand,0.0,1,1
815730517,leonardkirby,male,1.0,0,5
815730518,WaqarImtiaz,male,1.0,1,9
815730519,ddp___,female,1.0,3,8
815730520,dswebsme,male,1.0,1,9
815730521,Adrian_Benepe,male,1.0,3,0
815730522,YourFavoriteZoe,male,1.0,1,10
815730525,fredalicious,female,1.0,1,9
815730526,foramotherslove,unknown,,1,11
815730527,bombuscolombus,male,1.0,0,5
815730528,Warhawk701,male,1.0,3,0
815730529,hmr1973,male,1.0,1,10
815730530,lisabailey307,female,1.0,0,11
815730531,rvpisarapist,male,1.0,3,2
815730532,nickgillespie,male,1.0,1,1
815730533,KristenCannonn,female,1.0,0,8
815730534,nattycrossaint,female,1.0,1,11
815730535,whereisdaz,male,1.0,1,10
815730536,TedTerrier,brand,0.0,3,0
815730537,Crickles16,female,1.0,0,5
815730538,jeraldin8546,brand,0.0,2,9
815730540,30_Helens,unknown,,3,10
815730541,350SF,brand,0.0,1,1
815730542,JeAsSm,male,1.0,0,5
815730543,ICotterman,female,1.0,3,5
815730544,ZaePhotography,male,1.0,0,7
815730545,PrincestonXM1,male,1.0,0,3
815730546,LittleMixLoves_,female,1.0,0,3
815730547,tomlinselvagem,male,1.0,3,2
815730548,Bom_MarMar,male,1.0,1,10
815730549,izzyRamos8,male,1.0,3,8
815730550,JoshuaHarperson,brand,0.0,0,3
815730551,thebigbrother9,brand,0.0,1,11
815730553,bergenoleson,male,1.0,0,3
815730554,FasterReading,male,1.0,1,1
815730555,GMDancers,brand,0.0,0,5
815730556,TheLastTankMage,male,1.0,0,3
815730557,ArtBridge,brand,0.0,1,1
815730558,BraydenCullum,male,1.0,0,3
815730559,wongaruka,brand,0.0,1,2
815730560,Shawhelp,brand,0.0,1,10
815730561,ABLEWORLDRADIO,brand,0.0,1,9
815730562,LakeHastingsWea,brand,0.0,3,8
815730563,jalalHdioui,male,1.0,1,1
815730564,saintjehan,unknown,,3,2
815730565,nightmarebecker,male,1.0,3,2
815730566,sarah_parisot,female,1.0,3,2
815730568,aplanzer,female,1.0,3,8
815730569,_SARAnade,female,1.0,1,11
815730570,Malamute_Dad,unknown,,0,0
815730572,pey10allen,female,1.0,3,2
815730573,sadieek,female,1.0,3,7
815730575,KarlousM,male,1.0,1,10
815730576,N_Divinity,female,1.0,3,5
815730577,Inobsequens,brand,0.0,3,10
815730581,BoldSirWilliam,male,1.0,0,7
815730582,stcclyman,male,1.0,3,8
815730583,Ammar_Abdoun,male,1.0,3,10
815730584,Misha1515,female,1.0,0,11
815730585,PPD3066,male,1.0,3,10
815730586,kakitsme,female,1.0,3,8
815730587,StealthSnipes,brand,0.0,3,0
815730588,_Black1D_,unknown,,0,3
815730589,Lifecoach_USA,brand,0.0,1,1
815730590,kiss_myCASSS,female,1.0,3,8
815730591,Derby_Shaggers,male,1.0,3,2
815730592,self___improve,brand,0.0,1,9
815730593,TheWordBureau,brand,0.0,0,11
815730594,Lela_LaPin,female,1.0,0,7
815730595,SunshineGal24,brand,0.0,0,3
815730596,PenroseNOliver,brand,0.0,0,3
815730597,ellliemacc,female,1.0,3,8
815730598,Just_Jovan,male,1.0,3,8
815730599,tajiriba,brand,0.0,1,1
815730600,joelle_A_,female,1.0,0,3
815730601,rich_hofmann,male,1.0,1,1
815730602,sehunspeach,male,1.0,3,2
815730603,HOGUEMARISSA,female,1.0,2,6
815730604,JoynerJOynera,brand,0.0,2,6
815730606,RyanRafferty96,male,1.0,0,5
815730607,cjn54,unknown,,3,5
815730608,nadine0602,female,1.0,3,2
815730609,banglesfanclub,brand,0.0,0,1
815730610,itsdevon08,female,1.0,3,8
815730611,Bhaloo79,unknown,,0,0
815730612,Learn4goodGames,brand,0.0,0,1
815730613,____DreamTeam,male,1.0,3,8
815730614,ThommoTVS,male,1.0,0,7
815730615,bethanylouisex_,female,1.0,3,8
815730616,M_fayy,female,1.0,0,7
815730617,kitkittikatt,female,1.0,3,2
815730618,julia_ivxx,female,1.0,3,8
815730619,Food52,brand,0.0,1,10
815730620,Denyque,female,1.0,1,10
815730621,haztastical,female,1.0,3,10
815730622,insideccfc,brand,0.0,0,7
815730623,SilviaLD78,female,1.0,1,11
815730624,vocalshyung,male,1.0,3,2
815730625,CyberToolsBooks,brand,0.0,1,9
815730626,AbbieFisheer,female,1.0,3,8
815730627,brennan_1299R5,female,1.0,2,4
815730628,KillaKage,male,1.0,3,8
815730629,brea_alvarez05,female,1.0,0,7
815730630,ab_130_,male,1.0,3,7
815730631,StutterNoMore,brand,0.0,0,5
815730632,sonnyandmilla,female,1.0,0,3
815730633,gracerende14,female,1.0,0,7
815730634,SKastrinelis,female,1.0,0,3
815730635,WesideSutton,male,1.0,3,8
815730636,wyn_7,unknown,,0,3
815730637,EmpowerReading,brand,0.0,1,1
815730638,ChaniseRamshaw,female,1.0,3,7
815730639,angela_friedman,female,1.0,1,1
815730640,Froedtert,brand,0.0,1,1
815730641,JesuitsBritain,brand,0.0,1,1
815730642,_betelhem,female,1.0,0,8
815730643,Stingraysong,male,1.0,0,3
815730644,MckennahW,female,1.0,0,7
815730645,nthabi_L,female,1.0,0,5
815730646,halebale_,female,1.0,3,8
815730647,Tocoool17,male,1.0,3,0
815730648,cavalcar,female,1.0,1,10
815730649,cuurline,female,1.0,3,2
815730650,kittxen66,female,1.0,3,8
815730652,WorleyIT,brand,0.0,0,3
815730653,GlitterSpresso,brand,0.0,3,2
815730655,SethuIsShe,male,1.0,1,9
815730656,FaithfulWitnesM,male,1.0,3,5
815730657,LexiCheekz,female,1.0,3,8
815730659,KMSYAMMOUNI,male,1.0,3,2
815730660,wmmurdoch,male,1.0,0,0
815730661,Brashears_21,male,1.0,0,3
815730662,Insanekoy0te,unknown,,0,0
815730663,FVLLC,brand,0.0,1,9
815730664,10videos_III,brand,0.0,2,6
815730665,HugginzByAngel,female,1.0,1,1
815730666,IMGrowFashion,brand,0.0,3,2
815730667,OBEYIRWINN,female,1.0,3,2
815730668,David_givenchy,male,1.0,0,3
815730669,oIiviakardash,male,1.0,3,2
815730670,monressia,female,1.0,3,2
815730671,News4Scotland,brand,0.0,1,9
815730672,_mason1__,male,1.0,3,0
815730673,yvetteaguirre53,female,1.0,3,8
815730674,trevervape,male,1.0,0,3
815730675,belovedtaozi,male,1.0,3,2
815730676,bjyomyom,male,1.0,0,3
815730678,SHERWlND,brand,0.0,3,2
815730679,maddielarson123,female,1.0,3,2
815730680,stillmazi,male,1.0,3,5
815730682,airnergycom,brand,0.0,1,9
815730683,StillmanLogan,male,1.0,3,7
815730684,zuli786,male,1.0,0,0
815730685,BrighamChiefs,female,1.0,0,3
815730686,HardlyClerkin,male,1.0,1,10
815730687,B7a7A,male,1.0,0,3
815730688,retweet_love_qt,unknown,,1,9
815730689,Claudsbelle1,female,1.0,3,0
815730691,martinwarioba,male,1.0,1,5
815730692,BigTittieFreak,male,1.0,0,3
815730693,YBGDEMS,brand,0.0,1,9
815730694,DiDi1192,male,1.0,3,5
815730695,RobChadwickTC,male,1.0,1,11
815730696,prettyblonde24,female,1.0,0,5
815730697,JamieLarsons,male,1.0,1,9
815730698,CoCAccount,brand,0.0,1,9
815730699,CannaworxInc,brand,0.0,1,6
815730700,MusicaMasMusic1,brand,0.0,1,1
815730701,exposingpzj67,brand,0.0,0,3
815730702,markjjae,female,1.0,3,2
815730703,Krminck,female,1.0,0,5
815730704,Stewpert,male,1.0,3,8
815730705,MapIesy,male,1.0,3,2
815730706,Full_Time_Scrub,brand,0.0,3,7
815730707,turboreading,male,1.0,1,1
815730708,cherrysparkler,female,1.0,3,0
815730709,Youth_Unlocked,brand,0.0,0,1
815730710,MaddieandTaeFly,brand,0.0,0,7
815730711,vaewest,male,1.0,3,8
815730712,CoraTucker18,female,1.0,3,7
815730713,horan_hugger_,female,1.0,3,2
815730714,ayeeepuhreal,female,1.0,3,8
815730715,Katheeriinee__,female,1.0,0,5
815730716,Qadri_GM,brand,0.0,0,5
815730717,eatravelivemag,brand,0.0,1,9
815730718,HOLLISESTES,brand,0.0,2,6
815730719,IggyVotes,female,1.0,3,0
815730720,danteprim,brand,0.0,1,9
815730721,Wnodnii,brand,0.0,2,6
815730722,karlyn_kirchens,female,1.0,3,8
815730723,EMobileMY,brand,0.0,2,6
815730724,myPilateslondon,brand,0.0,0,3
815730725,LadyGrantham_,female,1.0,0,5
815730726,JamesVanPraagh,male,1.0,1,5
815730727,zquadfather,unknown,,3,2
815730728,Melnour20,male,1.0,0,5
815730729,cailin747,female,1.0,0,1
815730730,anna_riley_7,female,1.0,0,7
815730731,CoyoteV,male,1.0,0,5
815730732,Baddlandsmgc,unknown,,3,2
815730733,MadHayls,female,1.0,3,2
815730734,RyanMachara,male,1.0,1,9
815730735,kaixxiu,male,1.0,3,2
815730736,BlinkBackVideo,male,1.0,0,5
815730738,94heskind,brand,0.0,3,2
815730739,frosty1433,male,1.0,0,0
815730740,blankspacearts,brand,0.0,3,2
815730741,N7_acwells,male,1.0,0,5
815730742,M3LV1NG,male,1.0,0,0
815730743,Laetune,male,1.0,3,2
815730744,the_nerdiest,female,1.0,0,5
815730745,DOM47WEBB,male,1.0,3,2
815730746,MateoTarallo,male,1.0,0,5
815730747,NewsAboutLife,brand,0.0,1,9
815730748,RyleeMapes,female,1.0,0,0
815730749,jamief0real,female,1.0,0,7
815730750,Chadowboxx,female,1.0,1,11
815730751,TheRu1es,male,1.0,3,2
815730752,Papa_Salamandru,brand,0.0,0,3
815730753,fati1011,brand,0.0,2,9
815730754,unaltraporta,unknown,,0,3
815730755,clothes_mindedx,female,1.0,3,10
815730756,CoriGarrison2,female,1.0,3,0
815730757,menshikingshoes,brand,0.0,1,9
815730758,AlletaB,female,1.0,3,8
815730759,adakumusic,female,1.0,0,5
815730760,R_Illustration,brand,0.0,3,2
815730761,FirstDataJobs,brand,0.0,1,11
815730762,vargasmartinva5,brand,0.0,1,9
815730763,Official_Raimo,male,1.0,1,5
815730764,Positivity_Toda,brand,0.0,1,9
815730765,CyberDomain,brand,0.0,1,11
815730766,EmoniKarlyse,female,1.0,3,8
815730767,xxforgetmexx,unknown,,3,2
815730768,salutelourry,male,1.0,3,2
815730769,MysticDistance,male,1.0,3,0
815730770,MissionMahalo,brand,0.0,1,1
815730771,Th3MetalBender,female,1.0,0,5
815730772,leemountste,male,1.0,1,1
815730773,MoreFifaFun,brand,0.0,0,7
815730774,karanjaidka,male,1.0,1,5
815730775,shuttkatlyn,female,1.0,0,7
815730776,AbraAlpaca,female,1.0,3,8
815730777,TrianglePascal,brand,0.0,3,10
815730778,xplantrunner,male,1.0,3,10
815730779,Penta_holic,female,1.0,3,2
815730780,ValLeStrange,female,1.0,3,8
815730781,regladney,male,1.0,0,5
815730786,_halee_xo,female,1.0,3,8
815730787,troopek,male,1.0,1,5
815730788,swamipat,male,1.0,3,10
815730789,ashleyyytg,female,1.0,3,7
815730790,abbymeyers_,female,1.0,3,2
815730791,TurnOnTheJets,male,1.0,3,10
815730792,RobertWatt52,male,1.0,1,1
815730793,fit_4_Him,male,1.0,0,5
815730795,yunacide,brand,0.0,3,0
815730796,ReindeerBrayden,brand,0.0,0,3
815730797,DannyPenfold,male,1.0,3,10
815730798,kristyhawes_,female,1.0,0,8
815730799,MainesWorld813,male,1.0,0,0
815730801,bout3fiddy_,female,1.0,0,5
815730802,YMinisterswife,female,1.0,3,5
815730803,WarsVintage,brand,0.0,1,9
815730804,ASOS_HeretoHelp,brand,0.0,3,10
815730805,SWOverCoffee,brand,0.0,0,3
815730806,RebekahSBryan,female,1.0,3,2
815730807,SouthofLogic,brand,0.0,0,3
815730808,NorthwayBooks,brand,0.0,0,1
815730809,fighter_grey,female,1.0,0,5
815730810,NotGjvingUp,female,1.0,3,0
815730811,NathaliaCamposL,female,1.0,0,3
815730812,EOCforum,brand,0.0,1,9
815730813,Health_Reforms,brand,0.0,1,1
815730814,AllenBramlett,male,1.0,0,3
815730815,nunezronan1,brand,0.0,1,9
815730816,lynhamlett1,brand,0.0,3,0
815730817,MarioCardenasG,male,1.0,0,7
815730818,pies263,male,1.0,0,5
815730820,destiny_weaver,brand,0.0,3,7
815730821,AnnieBarrins,female,1.0,3,2
815730822,AppleNewsApps,brand,0.0,1,10
815730823,ashleigh1796,female,1.0,3,8
815730824,FauxBen,male,1.0,3,10
815730825,iWant_Gaga,brand,0.0,3,10
815730826,myfitnessdiary2,brand,0.0,1,11
815730828,ssgastrogrub,brand,0.0,0,1
815730829,heyslasher,female,1.0,0,7
815730830,Sir_Yoko,male,1.0,1,9
815730831,avocadoroll,female,1.0,3,8
815730832,XENOMARXIST,male,1.0,3,2
815730833,VCStockMarketng,brand,0.0,1,11
815730834,welchtechies,female,1.0,1,9
815730835,vofnpanama,brand,0.0,1,9
815730836,Sbeezy28,female,1.0,1,11
815730837,keaton_diaz,male,1.0,0,7
815730838,orzelc,male,1.0,3,10
815730839,welshkaren1,female,1.0,1,11
815730840,oterorufo,brand,0.0,1,9
815730841,Kympocalypse,female,1.0,3,10
815730843,ItzA_xx,male,1.0,3,2
815730844,GSWAthletics,brand,0.0,1,1
815730846,GistToday,brand,0.0,1,9
815730847,amy_petrocellii,female,1.0,3,2
815730848,erin_groth22,female,1.0,0,5
815730849,stfumcvey,female,1.0,3,2
815730850,BjerklieBryan,male,1.0,0,5
815730852,_WEYNT,male,1.0,1,0
815730853,Positive_Angle,brand,0.0,1,9
815730854,capuletrosa,female,1.0,0,7
815730855,MateoHecktic,male,1.0,0,5
815730856,POEBOY412,male,1.0,3,8
815730858,__youngB,female,1.0,3,8
815730859,SaulBee,male,1.0,0,0
815730860,bostoneventgirl,brand,0.0,1,1
815730861,gabenotsaporta,female,1.0,3,7
815730862,bethxlockhart,female,1.0,3,7
815730863,BlankSpaceMedia,brand,0.0,3,2
815730864,NatalieOK1,female,1.0,0,5
815730865,theU_sports,brand,0.0,0,3
815730866,TexCub,male,1.0,3,10
815730867,maddie_wagar,female,1.0,3,2
815730868,popstarpress,brand,0.0,1,9
815730869,MrNiceGuy773,male,1.0,0,7
815730870,CPrest24,female,1.0,0,7
815730871,JFD1960,male,1.0,3,5
815730873,floricelgnzlz,female,1.0,3,2
815730874,tmj_atl_nursing,brand,0.0,1,11
815730875,hi_im_shan,female,1.0,3,2
815730876,cleanmsofa,male,1.0,0,3
815730877,tmj_co_retail,brand,0.0,1,11
815730879,MNFBanter,brand,0.0,0,3
815730880,PearlyDenoble,female,1.0,2,6
815730881,PC1170,male,1.0,1,10
815730882,eros9911,brand,0.0,2,9
815730883,gameragodzilla,male,1.0,3,2
815730884,_SUNSHINEXKITTY,female,1.0,3,8
815730885,dignitasBru,female,1.0,3,10
815730890,olawaleadeoye02,male,1.0,0,3
815730891,yvettevanity__,female,1.0,3,7
815730892,powerj,brand,0.0,1,10
815730893,lunarminigolf,brand,0.0,1,1
815730894,mybrokoro,male,1.0,3,8
815730897,_KingOfTheHill1,male,1.0,3,8
815730898,michaelsapig,male,1.0,0,7
815730899,theraykeyes,male,1.0,0,7
815730900,LISDTechie,female,1.0,1,1
815730901,RCJFla,male,1.0,3,2
815730902,Maiakelly1,male,1.0,0,1
815730903,ktowen48,female,1.0,0,3
815730904,AliciaMyLaMiSa,female,1.0,3,8
815730905,jacob22121,female,1.0,0,7
815730906,mygeekdaddy,male,1.0,3,10
815730907,Michael_Copies,male,1.0,0,3
815730909,LaurenLawley_x,female,1.0,3,2
815730910,RuthinCinema,brand,0.0,0,3
815730911,EverPrettyDress,brand,0.0,1,1
815730912,lil_madrox1986,male,1.0,3,8
815730913,ajburlingame,male,1.0,0,0
815730914,TRN_Phoenixx,male,1.0,0,5
815730915,999tatiana666,female,1.0,3,2
815730916,Julia_Runaway,female,1.0,3,5
815730917,Sam_Ryan97,female,1.0,3,2
815730918,morenoromanmo,brand,0.0,1,9
815730919,personal__dev_,brand,0.0,1,9
815730920,micmuh_kel,female,1.0,3,7
815730921,ShorT_Caake_,female,1.0,3,8
815730923,10videos_2nd,brand,0.0,2,6
815730924,JeremyCBowen,male,1.0,0,5
815730925,MoreForMuslims,brand,0.0,1,1
815730926,CaroBalbina,female,1.0,3,8
815730927,elisazied,female,1.0,1,11
815730928,mr_rod_nelson,male,1.0,3,5
815730929,lauraday84,female,1.0,0,3
815730930,madamsnake,female,1.0,3,10
815730931,Lem_BF,brand,0.0,0,3
815730932,beckykarsh,female,1.0,1,0
815730933,1dangells,female,1.0,0,7
815730934,ngencode,brand,0.0,1,11
815730935,yaaawnuh,female,1.0,3,2
815730936,CrisisGroup,brand,0.0,1,0
815730937,JohnPKidd,male,1.0,3,0
815730938,FosterTheKim,female,1.0,3,8
815730941,ThatGuyDemi,male,1.0,1,10
815730942,morefxjuseyo,female,1.0,3,8
815730943,ChuloFrank,male,1.0,3,7
815730944,angelmval96,female,1.0,3,7
815730945,horrormcvies,male,1.0,3,8
815730946,miabarnshaw,female,1.0,3,5
815730947,DreamScienceRec,brand,0.0,1,9
815730948,badbadhuman,female,1.0,3,8
815730949,_grace_v,brand,0.0,0,3
815730950,JJayTee_,brand,0.0,3,2
815730951,gauravdotme,brand,0.0,1,1
815730952,JulianTaft1,female,1.0,2,6
815730953,saragallon,female,1.0,3,8
815730954,wolfcrane,unknown,,1,1
815730955,JamesZimbardi,male,1.0,1,11
815730956,ClubNedCafe,brand,0.0,0,1
815730957,mikeysmith,male,1.0,1,10
815730958,SimplyResPM,brand,0.0,0,1
815730959,YoungHustluh,male,1.0,1,11
815730960,mandydoherty65,female,1.0,3,0
815730961,RaeannOlivia,female,1.0,3,8
815730962,SmpBangers,brand,0.0,1,11
815730963,karlalax3,female,1.0,3,8
815730964,whlevine,male,1.0,0,1
815730965,vintageloft,brand,0.0,0,11
815730966,additeeee,female,1.0,3,8
815730969,Harrods,brand,0.0,1,0
815730970,worldfusionChi,brand,0.0,1,1
815730971,Bibo_chan90,female,1.0,3,10
815730972,glenyari,female,1.0,1,10
815730973,SilverJotun,unknown,,0,3
815730974,vibemeharry,female,1.0,3,8
815730975,WSOMarketing,male,1.0,0,5
815730976,amyhowardparr,male,1.0,0,7
815730977,derekbanes,female,1.0,0,5
815730978,olyaantipina,female,1.0,0,7
815730979,rudetellzLBC,brand,0.0,1,8
815730980,Jus_Nate12,male,1.0,0,7
815730981,TheMurphstar,male,1.0,3,10
815730982,ChefsWifeSteph,female,1.0,0,3
815730983,cdngator1,male,1.0,3,5
815730984,EyeAmSMF,unknown,,1,6
815730985,ehouser_,female,1.0,3,0
815730986,alexaNDranoello,female,1.0,1,1
815730987,fallenhitokiri,male,1.0,1,10
815730988,aeon456,female,1.0,3,2
815730989,MKXRageQuit,brand,0.0,0,3
815730992,Runsome_ERINS,female,1.0,3,2
815730993,hheyitsmonica,female,1.0,3,2
815730996,gouchercollege,brand,0.0,0,5
815730997,Whiskeyna_tcup,female,1.0,3,2
815730998,SirMikeCrayton,male,1.0,3,10
815730999,pd_foryou,brand,0.0,1,9
815731000,chinahutch82718,brand,0.0,1,9
815731001,Remedynow,brand,0.0,0,1
815731002,Backspacebills,brand,0.0,0,3
815731003,WeRunANC,brand,0.0,0,1
815731004,JustJJWriting,female,1.0,1,1
815731005,samisuperfly,brand,0.0,3,10
815731006,geeksandcleats,female,1.0,3,10
815731007,BCCancer_Agency,brand,0.0,0,5
815731008,GMalmstrom,female,1.0,0,3
815731009,GMShivers,brand,0.0,3,10
815731010,4FreedominIran,brand,0.0,1,11
815731011,amyhugsx,female,1.0,3,8
815731012,TysonKarter,male,1.0,0,3
815731013,JamesTScorpio1,male,1.0,3,0
815731014,kumpalicious,female,1.0,3,2
815731015,Evan_Forman,male,1.0,3,2
815731016,kaycolbsss,female,1.0,3,2
815731017,RJRSafety,male,1.0,0,1
815731018,samanthashep_,female,1.0,1,5
815731019,voidfangchest,brand,0.0,3,2
815731020,palanchi21,male,1.0,3,8
815731021,LookAt_JAZ,female,1.0,3,8
815731022,rianflad,male,1.0,3,0
815731023,Ryan_1438,male,1.0,0,3
815731024,Jerckysminion,male,1.0,3,2
815731025,live_LIFE_loyal,female,1.0,1,1
815731026,ThisIsLakeview,brand,0.0,1,1
815731027,my_magic_dreams,male,1.0,3,2
815731028,radsongz_YBB,male,1.0,1,9
815731029,Roger_The_Vet,male,1.0,0,3
815731030,etherbrian,brand,0.0,1,10
815731031,Is_ThAt_DC,male,1.0,3,0
815731032,ashleeeighty,female,1.0,3,8
815731033,FOOILIKEME,male,1.0,0,5
815731034,randlight,female,1.0,1,10
815731035,abigailz23,female,1.0,3,5
815731036,CCS_Skate,brand,0.0,1,1
815731037,lauryn__leigh,female,1.0,3,5
815731039,_QueenLioness_,female,1.0,3,0
815731040,PopYourConfetti,female,1.0,3,2
815731041,VOLDEBOOBS,female,1.0,3,2
815731042,mamaljartin00,male,1.0,0,3
815731043,typologianista,unknown,,0,5
815731044,mrz_cutiepie6,female,1.0,0,0
815731045,Mark_A_Schwab,male,1.0,0,7
815731046,andrewjoltik,male,1.0,0,3
815731047,Taz_Cat1,brand,0.0,3,8
815731048,DeeDe_vine,female,1.0,3,8
815731049,hunhoot1,brand,0.0,0,3
815731050,Asif_Riaz_Butt,male,1.0,0,3
815731051,Furbs33,male,1.0,0,5
815731052,thebullcomau,brand,0.0,1,1
815731053,natedfeldman,male,1.0,0,0
815731056,POSH_JOCK,unknown,,3,0
815731057,MimiNiMukale,brand,0.0,0,6
815731059,GinaMCooke,female,1.0,0,0
815731060,TDMillard,male,1.0,3,2
815731062,Beard_and_Sabre,brand,0.0,0,3
815731063,Crislex,female,1.0,3,10
815731064,Jus_Tev,male,1.0,3,8
815731065,PIPCpatients,brand,0.0,0,1
815731066,EmilyNonko,female,1.0,0,1
815731068,CorryManor,brand,0.0,0,1
815731069,MixMasterMoody,male,1.0,0,5
815731070,mfpen,female,1.0,3,5
815731071,halliecregeen,male,1.0,0,3
815731072,insanbeno,male,1.0,0,5
815731073,_theIsh_,female,1.0,3,8
815731074,SierraSoliz,female,1.0,3,8
815731075,meganstrickler,female,1.0,0,8
815731076,puretomjpg,male,1.0,3,7
815731077,R_M_Edwards,male,1.0,0,0
815731078,vonea,brand,0.0,3,0
815731079,mak_dibenedetto,female,1.0,3,2
815731080,SPJFla,brand,0.0,1,0
815731081,Ma1J,male,1.0,3,8
815731082,a_darnoc,female,1.0,3,7
815731083,ProjectBuddy,brand,0.0,3,2
815731084,NashSportsRadio,brand,0.0,1,11
815731085,oakley_png,male,1.0,3,10
815731087,perfectjt,female,1.0,3,8
815731088,seigiru,male,1.0,3,8
815731089,AnchorBuickGMC,brand,0.0,0,3
815731090,TheHobanShow,male,1.0,3,10
815731091,librarian_kate,female,1.0,1,10
815731095,2DBBQ,brand,0.0,0,3
815731096,BriannaSzollosy,female,1.0,3,8
815731097,justcuzzles,female,1.0,3,8
815731098,andtheHare,brand,0.0,3,0
815731099,Saamgc,female,1.0,3,8
815731101,cjgator2,male,1.0,0,1
815731102,NjayamJnr,male,1.0,3,2
815731103,meredithrides,female,1.0,0,3
815731104,DawnsTube,brand,0.0,1,11
815731105,jockspin,brand,0.0,1,9
815731106,jesPhotographer,female,1.0,0,3
815731107,TheyCallMeBoosh,male,1.0,0,5
815731108,_BlackRob_,male,1.0,3,10
815731110,DBcooper999,male,1.0,0,3
815731111,GetCarter1975,male,1.0,3,5
815731112,AwesomeCoulson,male,1.0,0,7
815731113,DGangjeon,brand,0.0,1,6
815731114,jamesmolyneux17,male,1.0,1,11
815731115,dlivefeeds,brand,0.0,1,9
815731116,john_w3st,male,1.0,3,7
815731117,passthewhiskeyx,female,1.0,0,5
815731118,musa_gwebani,female,1.0,1,8
815731119,mynewchapterits,brand,0.0,1,9
815731120,AOS1969,brand,0.0,1,1
815731121,nevertooo1D,brand,0.0,3,2
815731122,UKRescueDogs,brand,0.0,1,10
815731123,gayfriendschat,brand,0.0,1,10
815731124,lpcrepairs,brand,0.0,1,9
815731125,MSWImages,female,1.0,0,1
815731126,AG_HoustonWest,brand,0.0,0,3
815731127,Ayee__BASSH,female,1.0,3,8
815731128,SloanAsloan1976,unknown,,0,0
815731129,CUMHEMMlNGS,male,1.0,3,2
815731130,Cleetsauce,unknown,,3,10
815731131,SirWumpus,male,1.0,0,0
815731132,Simrankular8,female,1.0,3,7
815731133,NaughtyToyss,brand,0.0,3,7
815731134,AdrienneSmith40,female,1.0,1,10
815731135,xKrki,brand,0.0,3,2
815731136,SarararaCoffee,brand,0.0,3,0
815731137,LynseyWard83,female,1.0,0,5
815731139,fairIyemo,female,1.0,3,2
815731140,ImWryz,brand,0.0,3,0
815731141,stevenoh88,male,1.0,1,1
815731142,safehavenhes,male,1.0,3,2
815731143,mbarada,male,1.0,0,5
815731144,roofiriyuzaki,unknown,,1,6
815731145,DX_Mjr_Minority,male,1.0,3,5
815731146,fapital1st,male,1.0,3,1
815731148,timc4567,brand,0.0,3,8
815731149,spitoxygenamph4,brand,0.0,0,6
815731150,camerakatiegi,female,1.0,0,5
815731151,Glanusk,brand,0.0,0,0
815731152,OverDriveLibs,brand,0.0,3,8
815731153,EuphoricGinger,female,1.0,0,5
815731154,AdventuresReece,brand,0.0,1,9
815731155,mobilelearning,male,1.0,1,1
815731156,ianhsuth,male,1.0,1,9
815731158,dreandund,brand,0.0,1,11
815731159,Emily_Phelan01,female,1.0,0,7
815731160,pontotoc2,female,1.0,0,1
815731161,fuentesparmeni4,brand,0.0,1,9
815731162,feedsynbot,brand,0.0,1,9
815731163,grogfella,male,1.0,3,5
815731164,WardyVlogs,male,1.0,3,2
815731165,kayo1025,brand,0.0,2,1
815731166,sandes363,male,1.0,0,0
815731167,cityofhopejobs,brand,0.0,1,1
815731168,CaffiendsBeans,brand,0.0,0,1
815731169,MasakhaneCenter,brand,0.0,1,1
815731170,beababyy,female,1.0,3,8
815731171,kev5176,male,1.0,0,5
815731172,aligniall,male,1.0,3,8
815731173,dodd_haley,female,1.0,3,7
815731174,piprufus1,female,1.0,3,0
815731175,joydelacrruz,female,1.0,0,7
815731176,Faizfag,unknown,,3,2
815731177,156Sharknose,brand,0.0,3,10
815731178,VerbObject,unknown,,2,6
815731179,word2dawn,female,1.0,3,2
815731180,DeraGracia,female,1.0,3,6
815731181,sonia_smith,female,1.0,1,1
815731182,VerbalFlair,female,1.0,3,8
815731183,Anwar11_A,male,1.0,0,7
815731184,c82b5001896b4ae,male,1.0,2,4
815731185,_Surf_News_,brand,0.0,1,1
815731186,stormy_strydom,female,1.0,0,3
815731187,sadedoes,female,1.0,1,5
815731188,dmparm,male,1.0,3,0
815731189,bbmevx,female,1.0,3,8
815731190,MarthaKeesy,female,1.0,0,7
815731192,taykuy,male,1.0,3,10
815731193,emilyjanegreenh,female,1.0,0,5
815731194,LordOfBlackmail,male,1.0,0,3
815731198,twotatme,female,1.0,3,7
815731199,jammmyjam,female,1.0,3,8
815731200,pwgmusicuk,brand,0.0,0,0
815731201,tracyibrahimhl,brand,0.0,1,9
815731202,KidsMatter2U,brand,0.0,1,1
815731203,Msmillionj,female,1.0,0,5
815731204,MarshmallowStan,male,1.0,0,3
815731205,TinaTargaryen,female,1.0,3,5
815731206,walden_billy,male,1.0,3,8
815731207,louissrovers,brand,0.0,0,3
815731209,RawStory,brand,0.0,1,9
815731210,PsychedelicFlys,unknown,,3,10
815731211,theedenreboot,female,1.0,1,9
815731212,geeksofallages,brand,0.0,1,1
815731213,Antara_Man,female,1.0,1,1
815731214,motivationnow_,brand,0.0,1,9
815731215,ETCanada,brand,0.0,1,1
815731216,HeathJAston,male,1.0,1,1
815731217,Ms_Whitmore,female,1.0,0,5
815731218,Prezcod,male,1.0,0,3
815731220,belmarcam,brand,0.0,1,1
815731221,Juanita_Estrada,female,1.0,3,10
815731222,krysjoelie,male,1.0,3,7
815731223,klee_swims,female,1.0,0,7
815731224,baeruilo,brand,0.0,1,9
815731225,MME_Greenville,brand,0.0,1,5
815731226,chayaseffy,female,1.0,3,8
815731227,jaureguiblaah,female,1.0,3,2
815731228,AmericaHipple,male,1.0,3,10
815731229,Dizzie_Dog,brand,0.0,0,5
815731230,johnegolf,male,1.0,0,1
815731231,CarmielleT,female,1.0,0,7
815731232,Max_thePower,male,1.0,3,8
815731233,EpeeFreestyle,male,1.0,0,5
815731234,AlotHealth,brand,0.0,1,1
815731235,LLERO_ONLINE,brand,0.0,1,11
815731236,xMuzy,male,1.0,3,8
815731237,jordanemclaren,female,1.0,3,8
815731239,ZariaVonMars,female,1.0,3,10
815731240,tmj_pdx_health,brand,0.0,1,11
815731241,DTNAustralia,brand,0.0,1,9
815731242,ericaspinks,female,1.0,1,1
815731243,malcolmkellypom,male,1.0,1,1
815731244,Chchucks,brand,0.0,0,5
815731245,TheSocRepublic,brand,0.0,1,10
815731246,EastCoastPinkyy,female,1.0,3,8
815731247,luchanik,female,1.0,0,5
815731248,ISCOSEU,brand,0.0,1,9
815731249,RoyalsViews,brand,0.0,1,11
815731250,redneckclb,male,1.0,0,3
815731251,Red_Quorum,brand,0.0,1,11
815731252,sylviadouglas20,female,1.0,2,6
815731254,edwinolvera83,male,1.0,0,3
815731255,LondonRIB,brand,0.0,1,0
815731256,_WillDurrant_,male,1.0,3,7
815731257,ElainiMcMahon,female,1.0,3,7
815731258,_Future_Leaders,brand,0.0,3,5
815731259,JessicaTootell,female,1.0,1,1
815731260,_floressierra,female,1.0,3,2
815731261,abcdefaisalx,male,1.0,3,8
815731262,Ryan_Davis17,male,1.0,3,10
815731263,Courthansenn,female,1.0,3,8
815731264,aly_ables,female,1.0,3,8
815731265,Liber_Quorum,brand,0.0,0,3
815731266,Just_Hugh,male,1.0,0,5
815731267,LucyPearcy1,female,1.0,2,6
815731268,KarinnaBriseno,female,1.0,0,3
815731269,aaronsxc,male,1.0,0,5
815731270,cassimHashim1,male,1.0,0,3
815731271,OD_optimist,female,1.0,3,10
815731272,canhsolo,male,1.0,3,8
815731273,howdousayniam,male,1.0,3,2
815731274,demullvain,female,1.0,0,7
815731275,fosterejonathan,male,1.0,3,5
815731276,TheFieryGinger,female,1.0,3,10
815731277,whuttv,brand,0.0,1,1
815731278,buildquorum,brand,0.0,1,11
815731279,thehuwdavies,male,1.0,1,10
815731280,sarahh_hamilton,female,1.0,0,7
815731281,myhermes,brand,0.0,1,10
815731282,motivate_thysel,brand,0.0,1,9
815731283,Prima_Materia_,unknown,,3,10
815731284,babeniallniall2,female,1.0,3,7
815731285,o_liveco,brand,0.0,0,5
815731287,kerryraymond_,female,1.0,1,10
815731288,Sub_DRecords,brand,0.0,1,11
815731289,americanwheel,brand,0.0,1,1
815731290,turnertech_carl,brand,0.0,3,5
815731291,sarahjane2885,female,1.0,0,0
815731292,greenecohan,female,1.0,3,2
815731293,ValentinoSlut,female,1.0,0,3
815731294,keeperscafe1,brand,0.0,0,3
815731295,danidaedae,female,1.0,3,2
815731296,tds122,male,1.0,0,5
815731301,ShelbyNT,female,1.0,1,5
815731302,olympialarose,female,1.0,3,10
815731303,FrankfurtFinanz,brand,0.0,0,0
815731304,____Simoneeee,female,1.0,3,8
815731305,ELECTRlCLlFFORd,female,1.0,3,2
815731306,SaraContreras03,brand,0.0,3,2
815731307,ColbyAndCompany,male,1.0,3,8
815731308,MontlakeMan,unknown,,0,0
815731309,nicogphh,male,1.0,3,2
815731310,KateGalleran,female,1.0,3,8
815731311,CoachTalkRadio,male,1.0,1,11
815731312,TheFootyPortal,brand,0.0,1,9
815731313,JarrellBrown,male,1.0,3,10
815731314,BentOverUrMum,male,1.0,3,2
815731315,winelover_soph,female,1.0,3,7
815731316,pasquinilli,male,1.0,1,10
815731317,HisProtegee,female,1.0,3,2
815731318,GiiStayStrong,female,1.0,3,2
815731319,JaydenHawkins1,male,1.0,2,6
815731320,KamloopsBCNow,brand,0.0,1,9
815731321,GothGalaxyGirl,brand,0.0,3,2
815731322,BrettQBills,male,1.0,3,5
815731323,TrialsOfPast,female,1.0,3,10
815731324,JoBirchPhaure,female,1.0,1,1
815731325,MiserableSchnic,male,1.0,3,8
815731326,massteaparty,brand,0.0,1,1
815731327,CiaraAmore,female,1.0,1,10
815731328,OHenrysStepchld,male,1.0,3,10
815731329,BXHXLD,male,1.0,3,8
815731330,BillyPickett,male,1.0,3,10
815731331,nopeimamermaid,female,1.0,3,10
815731332,stepho_wins,male,1.0,3,7
815731333,hannaareeese,female,1.0,3,5
815731334,ColorMePrivy,female,1.0,1,10
815731335,victorricciardi,male,1.0,1,10
815731336,Addict_Free,brand,0.0,0,1
815731337,Pardon_mm,female,1.0,3,5
815731338,sam_twite,male,1.0,0,1
815731339,PeterErikssen,male,1.0,1,10
815731340,Netfaps,brand,0.0,1,9
815731341,GodInGreen,male,1.0,0,3
815731342,rakkkata,female,1.0,3,8
815731343,notkerouac,male,1.0,3,0
815731344,FootballwMates,brand,0.0,1,9
815731345,icynewyear,brand,0.0,0,5
815731346,lavaIamps,female,1.0,3,2
815731347,TheWackyReport,male,1.0,0,3
815731348,__eunice17,female,1.0,3,2
815731349,tmj_la_hrta,brand,0.0,1,11
815731350,betsyisonfire2,female,1.0,0,7
815731351,Pavzzxx,female,1.0,3,8
815731352,myHysteria,male,1.0,3,2
815731353,TimGrierson,male,1.0,3,0
815731354,NIQQAMINAJ,female,1.0,3,0
815731355,babyveeee_,female,1.0,3,6
815731356,ParkerCONow,brand,0.0,1,9
815731357,chantalldelport,female,1.0,0,3
815731358,emmaaaaat_,female,1.0,3,8
815731359,lovatoxjanos,female,1.0,3,2
815731360,Mindset_New,brand,0.0,1,9
815731361,NastyaChichi,female,1.0,3,10
815731362,fairfunkyhelen,brand,0.0,3,0
815731363,smooth0507,male,1.0,0,1
815731364,PromoJunkies1,brand,0.0,1,9
815731365,Syd_Nikki54,female,1.0,3,8
815731366,eaglefeather43,male,1.0,3,8
815731367,PinkieFanClub,unknown,,1,9
815731368,nwwong,male,1.0,1,1
815731369,PhDBookshelves,brand,0.0,0,3
815731370,FIFAupdates,brand,0.0,1,9
815731371,AidenInskeep,male,1.0,0,3
815731372,EmoryCampServ,brand,0.0,0,1
815731373,Magus1234,male,1.0,0,5
815731374,SerenityYou,female,1.0,3,2
815731376,products_galore,male,1.0,1,1
815731377,queen_sisi_,female,1.0,0,3
815731378,nadyadorofeeva,female,1.0,0,8
815731379,rfolau,female,1.0,3,8
815731380,GAFCCommunity,brand,0.0,0,5
815731382,katexon,female,1.0,3,7
815731383,AlexMacLeod9,male,1.0,0,0
815731384,myjaedah,female,1.0,0,1
815731385,TaySwag,female,1.0,3,8
815731386,cloudbasedacc,brand,0.0,1,1
815731387,smitten_kitten_,female,1.0,3,10
815731388,Trigonis,male,1.0,1,10
815731389,JacobChally,male,1.0,0,5
815731390,jaklumen,brand,0.0,3,8
815731391,GSD_MDPhD,unknown,,0,3
815731392,BUCKATAYLOR,male,1.0,1,1
815731393,cindy_kowaleski,female,1.0,3,2
815731394,ToccoaFalls,brand,0.0,1,1
815731395,turoxshakur,female,1.0,3,8
815731396,lowkeywannadie,female,1.0,0,7
815731397,photographbypro,brand,0.0,1,6
815731398,hesft1975,brand,0.0,3,2
815731399,ItsJust_Aileen,brand,0.0,0,5
815731400,Abyssal_Glory,brand,0.0,3,10
815731406,IdiotFrank_,male,1.0,3,2
815731407,coyotekissesxo,brand,0.0,0,7
815731408,bkcr8on,male,1.0,0,3
815731409,jasonwhithamsw,male,1.0,1,9
815731410,AndreaMurilloTC,female,1.0,0,8
815731411,FNews2014,brand,0.0,2,9
815731412,DavidTurbyfill,male,1.0,1,1
815731413,bocabella,brand,0.0,1,9
815731414,__liSkay,female,1.0,3,2
815731415,Faith_Kadirah,female,1.0,3,8
815731416,ronfeir,male,1.0,1,10
815731417,LonaMatti,female,1.0,3,2
815731418,AtlanticCouncil,brand,0.0,1,1
815731419,blackeyedmarti,female,1.0,1,10
815731420,AntSanchez12,female,1.0,1,1
815731421,MaliH95,female,1.0,3,2
815731422,JennyFu3,female,1.0,3,2
815731423,N2theLightPara,brand,0.0,1,9
815731425,_alisaus,female,1.0,0,3
815731426,Ngwete_,male,1.0,3,8
815731427,donnalouise02,female,1.0,0,7
815731428,PeelInstitute,brand,0.0,0,1
815731429,Cloudy_Cakes,unknown,,0,3
815731430,ade_kunle_,unknown,,3,10
815731431,Love_Relation__,brand,0.0,1,9
815731432,TateInstitute,brand,0.0,0,3
815731433,BIGGUTTS44,male,1.0,0,7
815731434,LAURthargic,female,1.0,3,10
815731435,haileyyjasmyne,female,1.0,0,7
815731436,Azmxh,male,1.0,3,0
815731437,home_business58,male,1.0,1,9
815731439,beautybyjill07,female,1.0,3,7
815731440,fletchatron,male,1.0,0,5
815731441,hackerrank,brand,0.0,3,1
815731442,Saraa8_,unknown,,3,0
815731443,no1skylinefan,male,1.0,2,6
815731444,prettygirltete_,female,1.0,3,8
815731447,queenfeminist,female,1.0,3,2
815731448,20Killam,male,1.0,3,2
815731449,yungashington,male,1.0,3,2
815731450,BravoThaMahn,male,1.0,3,5
815731451,Molstossington,female,1.0,0,7
815731452,_frecklez,female,1.0,0,8
815731453,OptimumHealth30,female,1.0,1,9
815731454,Lulolicious,female,1.0,0,5
815731455,garryinglis_72,male,1.0,3,8
815731457,Richardesty,male,1.0,3,10
815731459,AidenBatey,male,1.0,3,0
815731460,MyaAlyssa,female,1.0,3,2
815731463,SteppinOnStars,male,1.0,3,8
815731464,Victoriaa__x33,female,1.0,3,2
815731465,fantasticalfan,female,1.0,3,2
815731466,tmarner97,male,1.0,3,5
815731467,DirtyD707,male,1.0,3,0
815731468,emmahicklin,female,1.0,0,5
815731469,maxriemeIt,male,1.0,3,2
815731470,mimbo68,unknown,,0,3
815731471,PaulLagerberg,male,1.0,3,5
815731472,ArtsEveryDay,brand,0.0,1,1
815731473,FEMINISTBIEBERS,female,1.0,3,2
815731474,CrusheyyPOO,unknown,,0,5
815731475,MrGoogol,unknown,,0,3
815731476,K_Ali92,male,1.0,0,3
815731477,sellynatorss,brand,0.0,3,2
815731478,Gjohnston89,male,1.0,0,3
815731479,JodyField,female,1.0,1,10
815731480,VenablesJoan,male,1.0,1,1
815731481,playboymv,female,1.0,3,8
815731482,BabyTeenLucifer,male,1.0,0,7
815731483,ArtClipsDesign,male,1.0,3,8
815731484,tomislead,female,1.0,0,3
815731485,AndrenaePhillip,female,1.0,3,8
815731486,dmboutin,male,1.0,1,1
815731487,babybeasle2,female,1.0,3,7
815731488,LoveMyOra,female,1.0,3,8
815731489,doggyk9,male,1.0,0,1
815731490,RoyallyTips,brand,0.0,0,3
815731491,ErwinRamos6,male,1.0,3,8
815731492,ephemeraldog,brand,0.0,1,10
815731493,RabbiShmuley,male,1.0,1,10
815731494,kierpanda,female,1.0,3,10
815731495,TUFCAlex_F1,male,1.0,3,0
815731496,ONgov,brand,0.0,1,1
815731497,LumiaW,unknown,,0,6
815731499,Queen_VBandz,female,1.0,0,5
815731500,CaribbeanForex,brand,0.0,1,9
815731501,WatWuldYeezusDo,male,1.0,3,5
815731502,iamethanbutler,male,1.0,3,2
815731503,analisa_7,female,1.0,3,7
815731504,SugarFreeCoach,female,1.0,3,10
815731505,viridianaserena,female,1.0,3,7
815731508,InCardiology,brand,0.0,1,1
815731509,RustomAH,male,1.0,3,5
815731510,emilianeubee,female,1.0,0,3
815731512,_KIT_Man_,male,1.0,3,2
815731513,GeorgiaTweetz,male,1.0,3,10
815731514,LennonRuggier,male,1.0,1,1
815731515,TheSoloWandera,female,1.0,1,5
815731516,makemefries33,male,1.0,0,5
815731517,TeachingFlorida,brand,0.0,0,11
815731518,BonnierCorp,brand,0.0,0,1
815731519,Cloud_Stephh,male,1.0,3,7
815731520,daneherbst,male,1.0,0,0
815731521,EastNashTodd,male,1.0,3,0
815731522,TiC_Podcast,brand,0.0,3,2
815731523,AStandardAngel,female,1.0,0,5
815731524,One_Lund96,male,1.0,3,8
815731525,Law1780,brand,0.0,2,4
815731526,paparatti,brand,0.0,3,10
815731527,JuanChoiceMedia,brand,0.0,1,1
815731528,dennisq16,male,1.0,0,5
815731529,youtubekidharry,female,1.0,3,10
815731530,_thedualist,female,1.0,3,7
815731531,DarcManBlue,male,1.0,0,1
815731532,JauntyJurist,male,1.0,3,5
815731533,vlaffles,male,1.0,3,2
815731534,COTemperature,brand,0.0,2,6
815731535,khaylasoxer,female,1.0,3,2
815731536,Brody_Edwards24,male,1.0,3,2
815731539,dks2_ebooks,brand,0.0,0,7
815731541,LaughingJack821,brand,0.0,3,10
815731543,Jmancao2,male,1.0,0,3
815731544,Life_What_Is,brand,0.0,1,9
815731545,DeFy_LouZy,male,1.0,3,8
815731546,TheNewsGlobe,brand,0.0,1,9
815731547,dannyschmanny,male,1.0,1,11
815731548,MisterSalesman,female,1.0,1,11
815731549,Phoenixarised,brand,0.0,3,2
815731550,Average_AtBest,male,1.0,3,10
815731551,Argie101,female,1.0,0,5
815731552,SadisticKuma,female,1.0,3,2
815731553,onxka,female,1.0,3,8
815731554,TheGrassLizard,unknown,,0,7
815731555,hrana,male,1.0,1,10
815731556,RBStalin,unknown,,1,10
815731557,howlamejanos,female,1.0,3,2
815731559,purple_swag91,female,1.0,3,8
815731561,keepingkarlsson,brand,0.0,3,0
815731562,MarkDykeman,male,1.0,3,10
815731563,Justwilliams,male,1.0,3,10
815731564,sflnews,brand,0.0,1,9
815731565,Tigerstacey98,female,1.0,0,3
815731566,UKDailyDealz,brand,0.0,1,11
815731567,thinkchinmay,male,1.0,1,1
815731568,thewaybot,brand,0.0,1,6
815731569,140Pumpkin,brand,0.0,0,3
815731570,rio1389,male,1.0,3,5
815731571,NiggaCasshole,female,1.0,3,8
815731572,guattari2600,female,1.0,3,2
815731573,ThatsSoDylan,male,1.0,0,5
815731574,Mewtilate,brand,0.0,0,0
815731575,itssobhytime,female,1.0,3,0
815731576,mizzykitkat,female,1.0,0,3
815731577,Kev_Chr,male,1.0,0,5
815731578,DonnaIRL,female,1.0,3,10
815731579,sereing,male,1.0,0,5
815731580,tlheard12,male,1.0,0,5
815731581,mason_wallace31,male,1.0,0,7
815731582,ANNANBHOY,male,1.0,1,1
815731584,PEmanzi,male,1.0,1,1
815731585,Chatter_ng,brand,0.0,1,9
815731586,Lightningbooks,male,1.0,0,1
815731587,lyndsayfereday,female,1.0,3,5
815731588,pnmckeon,female,1.0,0,8
815731589,CarlinDarlin666,female,1.0,3,7
815731590,ladytzadikkim,unknown,,3,10
815731591,LocalReviewNYC,brand,0.0,1,9
815731592,_juliabelle,female,1.0,3,2
815731593,DLFairweather,male,1.0,0,0
815731594,Paaxlu__Puobqu,brand,0.0,1,9
815731595,cgnyc212,female,1.0,0,3
815731596,Gwemon,male,1.0,1,9
815731598,auttieeee,female,1.0,3,8
815731600,afirahs,female,1.0,3,8
815731601,AlejandraaaaaaC,female,1.0,3,2
815731602,sallymai89jw,female,1.0,0,7
815731603,Alexander_Wooz,male,1.0,0,3
815731604,dirteater69,male,1.0,3,2
815731605,FCC_Totnes,brand,0.0,1,1
815731606,cfd1986,female,1.0,0,0
815731607,ortizrufinoort,brand,0.0,1,9
815731612,accouder,brand,0.0,1,1
815731613,ParentTalkRadio,female,1.0,1,9
815731614,MarkChang_,male,1.0,3,10
815731615,DaddyForEd,male,1.0,0,3
815731616,AvenirAfrica,brand,0.0,3,6
815731617,ayeni_jackson,male,1.0,3,0
815731619,511nj495,brand,0.0,0,3
815731620,Thyme1944648,female,1.0,2,4
815731621,Mr_Rubes,male,1.0,3,8
815731622,poppycornell,female,1.0,3,2
815731623,ThaBeastion,male,1.0,0,1
815731624,life_positive_,brand,0.0,1,9
815731625,MatthewMcCord4,male,1.0,0,3
815731626,shiadlatier,female,1.0,3,8
815731627,kirawills,female,1.0,1,1
815731628,jxliyy,female,1.0,3,7
815731629,Lizz_and_2pac,female,1.0,3,8
815731630,Johanne_69968,unknown,,3,2
815731631,ericjcarvalho,male,1.0,0,0
815731632,Man_On_A_Ledge_,male,1.0,3,2
815731633,Oss0997,female,1.0,3,2
815731634,youngddk,male,1.0,1,9
815731635,JustAddBlue,brand,0.0,1,11
815731636,MikeBoard1200,male,1.0,1,10
815731637,NFLSTROUD,male,1.0,1,5
815731638,loving_bieber17,female,1.0,1,11
815731639,EricAuger,brand,0.0,1,1
815731640,_alyyyssaaa_,female,1.0,3,7
815731641,nogoodmariana,female,1.0,3,8
815731642,LoganBoyce,male,1.0,0,3
815731643,grvcyn,female,1.0,3,2
815731644,Juliaaeb,female,1.0,3,5
815731645,alexgasratchet,brand,0.0,3,2
815731646,bellezzavitale,brand,0.0,3,2
815731647,t_huber11,male,1.0,3,8
815731648,aglicksman,female,1.0,1,1
815731649,WorldWellnessUS,brand,0.0,1,9
815731650,Lfdnano,male,1.0,0,3
815731651,JimsterSan,male,1.0,0,1
815731652,katelynnd24,female,1.0,0,5
815731653,CKennedy1998,female,1.0,3,5
815731654,thetatuist,male,1.0,0,5
815731655,jmrenero,male,1.0,1,1
815731656,estereee_,female,1.0,0,8
815731657,DWilliams9640,male,1.0,3,7
815731658,murguiaromildo4,brand,0.0,1,9
815731659,Fae_Boleyn,female,1.0,0,5
815731660,latifkhan2001,male,1.0,0,5
815731661,Haruuumoon,unknown,,3,10
815731662,BayaGabrielle,female,1.0,1,11
815731663,JulietCohenn,female,1.0,0,3
815731664,agasheaka,female,1.0,0,5
815731665,comradejotaro,female,1.0,3,2
815731666,ClarenGary,brand,0.0,0,7
815731667,Lucyalex14,female,1.0,0,5
815731669,emil_jung,male,1.0,1,5
815731670,Tantalaliscious,female,1.0,3,8
815731671,prestonsimm,male,1.0,3,8
815731672,foxcarolinanews,brand,0.0,1,10
815731673,ctsotsoros,male,1.0,3,0
815731675,FlashMyBuckle,brand,0.0,1,9
815731676,sacklunch4eva,female,1.0,3,8
815731677,CyberManin,male,1.0,1,10
815731678,milknmuffins,female,1.0,3,0
815731679,RetroYouTube,brand,0.0,1,10
815731680,UrbanPirate221,brand,0.0,3,2
815731681,tmj_pa_adv,brand,0.0,1,11
815731683,kenideeee,female,1.0,0,7
815731684,_jeffreality,female,1.0,3,8
815731685,kennarainey,female,1.0,3,1
815731686,BEHINDpleasure,female,1.0,3,10
815731687,imdjsmylee,male,1.0,1,1
815731688,MBieber_Smith,brand,0.0,3,8
815731689,arthur_affect,male,1.0,3,10
815731690,MichaelLosier,male,1.0,1,1
815731691,Ncouzz,female,1.0,1,9
815731692,PG_ESAM,brand,0.0,3,2
815731693,Toabqu__Liuqka,brand,0.0,1,9
815731694,DavidSmith5454,male,1.0,0,5
815731695,Bilalipaup,male,1.0,3,5
815731696,hoodslayberry,female,1.0,3,2
815731697,RickAWord,male,1.0,0,3
815731698,fizzybizzle,unknown,,3,10
815731699,mpelembe,brand,0.0,1,1
815731700,LearnSelfLove2,brand,0.0,1,9
815731701,JuicedUpRELL,male,1.0,3,10
815731703,MrParking,male,1.0,0,0
815731704,3rdrockhome,brand,0.0,1,10
815731705,PaulICMYAS,male,1.0,1,1
815731706,stephentyrone,male,1.0,3,5
815731707,Droop69,male,1.0,0,5
815731708,KurtKjellstrom,male,1.0,1,1
815731709,MeredithLMG,brand,0.0,1,9
815731710,BreakIntoBizDev,brand,0.0,3,9
815731711,TedDitchburnNNP,male,1.0,3,10
815731714,JamesAvis91,male,1.0,3,8
815731715,parrillasjapril,female,1.0,3,8
815731716,Diarmuid_III,brand,0.0,3,10
815731717,HauntedFlesh,male,1.0,3,0
815731718,AlmiiCuello,brand,0.0,0,7
815731719,greysbot,brand,0.0,0,5
815731720,cloverbot9000,unknown,,3,5
815731721,INTELBRIEF,male,1.0,1,9
815731722,THECHRlSEVANS,female,1.0,3,2
815731723,biebusxchrist,male,1.0,3,0
815731724,SocialSwadhin,brand,0.0,1,9
815731725,ScotClimate,brand,0.0,1,9
815731726,aliarvay,female,1.0,3,8
815731727,KRBwrites,female,1.0,1,0
815731728,vlr_raymond,female,1.0,0,3
815731729,carllyy4,female,1.0,3,8
815731730,Hurricane_Chrxs,male,1.0,3,0
815731732,GeekInfoNow,male,1.0,1,11
815731733,SkyHelpTeam,brand,0.0,1,9
815731734,RadioKayla,female,1.0,3,0
815731735,erintaylordesk,brand,0.0,0,3
815731736,Knottydred1,brand,0.0,1,1
815731737,KLASManagement,brand,0.0,0,7
815731738,imnotyou__,female,1.0,3,2
815731739,CynicalHuntress,female,1.0,3,10
815731740,LOABusiness1,brand,0.0,1,9
815731741,sac0yia_,female,1.0,3,7
815731742,Darkhours,unknown,,1,11
815731743,Mr_Mercuryy,male,1.0,3,2
815731744,its_Chrisy_E,male,1.0,3,2
815731745,FlamingTiger,brand,0.0,0,0
815731746,bethanyangel_,female,1.0,0,7
815731747,CheyNicholePatt,female,1.0,3,8
815731748,TheNazrul,male,1.0,1,11
815731749,NathanVarner,brand,0.0,0,1
815731750,Fented542,female,1.0,1,9
815731751,NJD_1982,male,1.0,3,10
815731752,rainbowboldier1,brand,0.0,0,6
815731753,InRainesville,brand,0.0,0,7
815731754,FairysHuff,female,1.0,3,0
815731755,clorinun,brand,0.0,1,9
815731756,Taylorchilds3,female,1.0,3,8
815731757,ReaperX12191,unknown,,0,5
815731758,JackClifton2,male,1.0,0,7
815731759,RedditRobotics,brand,0.0,3,2
815731760,BornToChill,unknown,,3,8
815731761,muromaki,female,1.0,3,10
815731762,katemuker,female,1.0,1,1
815731763,LinWalsh15,female,1.0,1,9
815731764,Katziotho,male,1.0,3,2
815731765,BritishSennen,unknown,,0,5
815731766,Ospreys_44,male,1.0,0,7
815731767,I_am_emak,female,1.0,0,3
815731768,NavyTalkRadio,female,1.0,1,11
815731770,DBREEZY38,female,1.0,3,0
815731771,FabulousFort,brand,0.0,1,1
815731772,MusikDaLYCD,brand,0.0,0,5
815731773,HiThereSmiley,female,1.0,3,2
815731774,thebigzookeeper,male,1.0,3,5
815731775,kary1D192,male,1.0,3,2
815731776,hudson_thebeard,brand,0.0,0,3
815731777,LaDonna196153,female,1.0,2,2
815731778,528vape,brand,0.0,1,9
815731779,joannethomsen,female,1.0,0,1
815731780,wolf_rogers8,male,1.0,0,7
815731781,APTminer,male,1.0,3,10
815731782,dewesh_tiwary,male,1.0,0,3
815731783,WadTheGawd,male,1.0,3,8
815731784,MattyKrop17,male,1.0,0,5
815731785,lebatavia,male,1.0,3,8
815731786,lilniggademon,unknown,,3,2
815731787,haleyjamesx,female,1.0,3,8
815731788,joepanettieri,male,1.0,1,1
815731789,_demigomezzz_,female,1.0,3,7
815731790,_MarySpencer_,female,1.0,3,2
815731791,Rev97Bronnie,female,1.0,3,10
815731792,tony_drunk,male,1.0,0,3
815731793,Monica_Story18,female,1.0,3,7
815731794,jrycraft01,male,1.0,0,11
815731795,trevormccabe17,male,1.0,3,8
815731796,learninghypnosi,brand,0.0,1,9
815731797,Xdividenddotcom,brand,0.0,1,9
815731798,andyreiff,male,1.0,3,8
815731799,_BellaDavona,female,1.0,3,8
815731800,jaylennn_3,male,1.0,0,7
815731801,MRJJIZZLE,brand,0.0,1,1
815731802,neill_house,male,1.0,0,3
815731803,gatechpress,brand,0.0,1,1
815731804,1000kindsofrain,brand,0.0,0,5
815731805,kaybruegs,female,1.0,3,2
815731806,bubblegumdesign,female,1.0,0,0
815731807,CoraSamuels,brand,0.0,1,11
815731808,MikeEnders3,male,1.0,3,8
815731809,MernaMedhat1,female,1.0,1,10
815731810,HelpFindACure10,brand,0.0,0,1
815731811,BradyMclean1313,male,1.0,0,1
815731812,lolacuppy,female,1.0,3,0
815731813,Rachel_g18,female,1.0,0,0
815731816,lyricmorales_,female,1.0,3,7
815731817,the_winkster,male,1.0,3,8
815731818,scrambledmegz_,female,1.0,0,8
815731819,lordeszarry,female,1.0,3,2
815731820,Adevarias,female,1.0,1,1
815731821,Gabethevegan,brand,0.0,1,10
815731822,Haunted_Getaway,brand,0.0,1,6
815731823,mamisoawesome,brand,0.0,1,10
815731824,HyperionPublic,brand,0.0,1,1
815731826,indietabletop,brand,0.0,0,1
815731827,emma_lr17,female,1.0,0,7
815731828,FFer_becerra,female,1.0,1,10
815731829,_BuryMeInPiNK,female,1.0,3,8
815731830,itskaiumaukele,female,1.0,3,2
815731831,Sydx_O,male,1.0,1,1
815731832,swissyellow,unknown,,3,10
815731833,EvolutionQA,brand,0.0,1,1
815731834,USWNT23,female,1.0,3,2
815731835,emmywilde2,female,1.0,0,1
815731836,kcbdjp_kthnl26,female,1.0,2,6
815731837,drmartinwrites,female,1.0,1,1
815731838,EwendtK,female,1.0,3,7
815731839,BobRblock84,male,1.0,1,1
815731840,sailings0uls__,female,1.0,3,2
815731841,leejohndary,male,1.0,0,3
815731842,_Brett__,unknown,,0,5
815731843,FatBodyPolitics,female,1.0,3,10
815731844,kgracehicks2,brand,0.0,3,2
815731845,sugarspankhorn,brand,0.0,3,7
815731846,XenaCruzado,female,1.0,3,2
815731847,AGirlCD,female,1.0,0,3
815731848,ewertoncolombo,male,1.0,3,7
815731849,ConorDarrenD,male,1.0,3,2
815731850,5osh_lay,male,1.0,0,7
815731851,PokeAFish,brand,0.0,0,3
815731852,adamien457,male,1.0,3,2
815731853,drginareghetti,female,1.0,3,2
815731854,trajcevskid7,male,1.0,3,0
815731855,Finance_Hero,brand,0.0,1,9
815731856,VIXXTV,brand,0.0,1,9
815731857,YourSpiritSpeak,female,1.0,1,11
815731858,tmj_per_jobs,brand,0.0,1,11
815731859,CahairOKane1,male,1.0,3,0
815731862,aidyduffresne,male,1.0,0,7
815731863,law__attraction,brand,0.0,1,9
815731864,AndreaMurphy82,female,1.0,0,1
815731865,Brndnstvnhghs,male,1.0,1,1
815731866,naaaaat25,female,1.0,3,0
815731868,marcia_faria93,female,1.0,3,0
815731869,weightlosstopia,female,1.0,0,3
815731870,JoyTsintsadze,male,1.0,3,7
815731871,LFCibe,male,1.0,3,2
815731872,PreK_Curriculum,brand,0.0,1,1
815731873,azzafed,male,1.0,3,10
815731874,uncletypewriter,female,1.0,3,10
815731875,crzluna,female,1.0,0,7
815731876,georgesonalfred,male,1.0,1,6
815731877,GIULIANODONNARU,male,1.0,0,3
815731878,teekaydabae,female,1.0,3,7
815731879,caitlyn_martin,female,1.0,3,8
815731880,t1shari,male,1.0,1,9
815731881,paul_s_kemp,male,1.0,1,11
815731882,fxsignalsagency,brand,0.0,1,9
815731883,bc4_bc,male,1.0,3,10
815731884,nickimjfam,female,1.0,3,8
815731885,Kitty_Carly,female,1.0,3,8
815731886,BlackMtnCBGs,male,1.0,1,1
815731887,cookiegigan,female,1.0,3,0
815731888,TRAVELHOSTNWA,brand,0.0,1,1
815731889,311guy,brand,0.0,0,5
815731890,jessie_4EV3R,female,1.0,0,7
815731891,Mudjokivis,brand,0.0,3,10
815731892,Lzrjok,male,1.0,0,1
815731893,clarence_carr,male,1.0,0,3
815731894,Cointopay,brand,0.0,1,9
815731895,fndinya,male,1.0,1,10
815731896,itsapainintheas,brand,0.0,2,6
815731897,jbsbr27,male,1.0,0,1
815731898,GLassdezignz,brand,0.0,1,9
815731899,Miss_Million_,female,1.0,3,8
815731901,PK_Baxter,female,1.0,0,0
815731902,davidcat24,male,1.0,3,8
815731903,KazeIsRaaj,male,1.0,1,10
815731904,Juspencesses52,female,1.0,1,9
815731905,DanniMarieeeeee,female,1.0,3,8
815731906,cobrollins,male,1.0,3,0
815731907,n_blondel,male,1.0,3,7
815731908,alanalewis110,female,1.0,0,7
815731909,WMBL_SUNLUN,male,1.0,0,0
815731910,BrittYutzy,female,1.0,3,8
815731911,garibacolsa,brand,0.0,1,9
815731912,melissamayreed,female,1.0,0,5
815731913,DropTheFluff,brand,0.0,0,3
815731914,JirniBay,brand,0.0,0,3
815731915,Regalchangeling,unknown,,0,3
815731918,closertonature1,brand,0.0,1,1
815731919,larisatadidems,female,1.0,3,2
815731920,miss_samia,female,1.0,1,1
815731921,COol_1ne,male,1.0,3,10
815731922,robertmeyer9,male,1.0,1,9
815731923,saaconsulting,male,1.0,0,1
815731924,stargazer0118,female,1.0,3,10
815731925,Corecompletefit,brand,0.0,1,11
815731926,Dominos_UK,brand,0.0,3,10
815731927,AussieHeadlines,brand,0.0,1,9
815731928,g4ll4xi,unknown,,3,2
815731929,citanna32,male,1.0,0,5
815731930,khuzhi_dvn,male,1.0,3,2
815731931,PROforma_Micomm,male,1.0,1,1
815731932,4evrmalone,female,1.0,0,5
815731935,Jaredlovesher,male,1.0,3,8
815731936,audreygasque,female,1.0,0,0
815731937,helloimlaurenn,female,1.0,3,2
815731938,Gerrisol,brand,0.0,0,1
815731939,yskCharleston,brand,0.0,1,9
815731940,NYTweetz,brand,0.0,3,2
815731942,faulkner_mitchh,male,1.0,0,7
815731943,AndybBenson,male,1.0,3,2
815731944,Autora_de_Nada,female,1.0,3,2
815731945,Janni_Joy,female,1.0,3,0
815731946,danwoodsearly,male,1.0,0,5
815731947,katrinamil55,female,1.0,0,1
815731948,_connorsbxbe,male,1.0,0,5
815731949,MilwaukeeTalk,female,1.0,1,11
815731950,DanielleSutter,female,1.0,0,5
815731951,cyleeshapalingo,female,1.0,0,8
815731952,Thati_ML,female,1.0,1,10
815731953,ucnewportcenter,brand,0.0,0,1
815731954,MWatty55,male,1.0,3,10
815731955,Rosa_Andrews,female,1.0,3,5
815731956,JessRobs1,brand,0.0,1,1
815731957,Love_Raciah,female,1.0,3,10
815731959,fatkittycity,brand,0.0,1,1
815731960,tmj_ca_usa_jobs,brand,0.0,1,11
815731961,elly69belieber,female,1.0,1,11
815731962,werestillhappy,female,1.0,0,8
815731963,ProVesting,brand,0.0,2,6
815731964,nevaehtaughtyou,female,1.0,0,5
815731965,drewlichty,male,1.0,0,5
815731966,__journeyrenee,female,1.0,3,7
815731968,MediaMaven_CN,female,1.0,3,10
815731969,WildTigress01,female,1.0,3,10
815731970,HoustonHavens,female,1.0,1,11
815731971,charlie_38686,male,1.0,2,7
815731972,nicholsevansfan,female,1.0,3,0
815731973,StevesUsername,brand,0.0,0,0
815731974,AkaYungDonJuan,male,1.0,1,1
815731975,CoachJFry,male,1.0,1,1
815731976,Gligar13,male,1.0,3,2
815731977,shhlyricsshh,female,1.0,0,5
815731978,sitedownco,brand,0.0,0,1
815731979,ernie20056,male,1.0,3,7
815731980,EBONYMag,brand,0.0,1,1
815731981,Inspiration_Uno,brand,0.0,1,9
815731982,z0ltarspeaksx,female,1.0,3,8
815731983,WealthTalkRadio,female,1.0,1,9
815731986,ShueMiera,female,1.0,3,8
815731987,MayhemMike24,male,1.0,3,0
815731988,BaileyCole12,female,1.0,3,7
815731989,ProtandimJFKcom,brand,0.0,1,9
815731990,slicerrunroad,male,1.0,1,6
815731992,Para_Science_,brand,0.0,1,9
815731993,baileypickett98,female,1.0,3,7
815731994,cptsgtpeppers,male,1.0,0,3
815731995,Zoosange,male,1.0,1,10
815731996,lgtcaptial,brand,0.0,0,5
815731997,TheSyedKazimAli,brand,0.0,0,5
815731998,catestoc,female,1.0,0,8
815731999,chiaraminetti,female,1.0,3,10
815732000,Bark1409,male,1.0,0,1
815732001,MissStyleable,female,1.0,0,3
815732002,donjohnsonpentz,male,1.0,1,5
815732003,jesicamavie,female,1.0,0,7
815732004,TwiFanClub,brand,0.0,1,9
815732005,WhoseStephaniee,female,1.0,3,10
815732006,GrandAngus9,male,1.0,3,2
815732007,etcblogmag,female,1.0,1,1
815732008,archilocheion,male,1.0,3,2
815732009,BroBible,brand,0.0,1,10
815732010,Roots_Blog,female,1.0,0,3
815732011,JunNJc,female,1.0,3,0
815732012,kenziesachen,brand,0.0,3,8
815732013,Stockaholics,brand,0.0,1,9
815732014,BigSkyGuy57,male,1.0,1,1
815732015,BadBoyOfEditing,male,1.0,3,10
815732016,98WSIX,brand,0.0,1,10
815732017,Caitlin_Brook,female,1.0,1,1
815732022,chefwaiterhater,brand,0.0,0,5
815732023,thefaithfulnet,brand,0.0,0,0
815732024,rashidgill5,brand,0.0,3,10
815732025,melissachessman,female,1.0,0,1
815732026,AHNnewspaper,brand,0.0,1,1
815732027,iFayaz,male,1.0,1,10
815732028,Jhickness9,male,1.0,3,8
815732029,jellojpg,female,1.0,3,7
815732030,GEAROTC,brand,0.0,1,9
815732031,jenagigi11,female,1.0,0,7
815732032,harrysmarcela,male,1.0,3,2
815732033,jenniviola,female,1.0,0,5
815732034,MyMediaSupport,brand,0.0,1,9
815732035,CastleRockNow,brand,0.0,1,1
815732036,ForMyDreamBody,brand,0.0,0,3
815732037,LindaRegber,brand,0.0,0,0
815732038,sloanafbellas,female,1.0,3,2
815732039,CallmeUpdates,brand,0.0,2,9
815732040,tetenioooo_,female,1.0,3,8
815732041,ChadChadsurfing,male,1.0,3,0
815732042,ces_melendez94,male,1.0,0,3
815732043,sk_weber,female,1.0,3,5
815732044,thetallgirl_24,female,1.0,0,5
815732045,Pinkamom,female,1.0,3,10
815732046,Kopology,male,1.0,3,2
815732047,King_Stoopid,male,1.0,0,1
815732048,paperdoll,female,1.0,3,10
815732049,WalFarmMkt,brand,0.0,0,1
815732050,JuliaGreenwald7,female,1.0,0,3
815732051,E3_UNLEASHED,male,1.0,0,5
815732052,drmarcspooner,male,1.0,3,0
815732053,RobinSelby,female,1.0,1,9
815732054,jessig03,female,1.0,1,5
815732055,dCyph_Kaya,male,1.0,3,7
815732056,MessyKaay,female,1.0,3,2
815732057,Hai_ingrid,female,1.0,3,10
815732058,PROMO4LIFEBIZ,brand,0.0,1,9
815732059,GravelordDevil,male,1.0,0,0
815732060,InnerHappiness_,brand,0.0,1,9
815732061,tayedris,female,1.0,3,8
815732062,Emipyle,female,1.0,3,10
815732063,SootikalRx,male,1.0,0,3
815732064,Taykittenn,female,1.0,0,5
815732065,AlainaRomo,female,1.0,3,8
815732066,jeanee5TAM,female,1.0,3,2
815732067,MrMAC_,male,1.0,3,0
815732068,lenababy03,female,1.0,0,3
815732069,Powellym9,unknown,,3,2
815732070,Pomes_Porn,unknown,,0,3
815732071,eatonbarbara2,female,1.0,1,11
815732072,carol563,unknown,,0,5
815732073,magicallester,male,1.0,3,2
815732074,OMGFactsTECH,brand,0.0,0,5
815732075,ajperr,male,1.0,3,8
815732076,JoeyIckes,male,1.0,3,0
815732078,StockNewsWires,brand,0.0,1,9
815732079,Unique__7mo0d,male,1.0,2,6
815732080,HighlyBBe,male,1.0,0,5
815732081,DividendInfo,brand,0.0,1,1
815732082,LoveYourSunday,brand,0.0,1,1
815732083,leocasteIlano,female,1.0,3,2
815732084,AthensFord,brand,0.0,0,1
815732085,_KayBingiHOE,female,1.0,3,8
815732086,whynobodybeliev,brand,0.0,0,1
815732087,Rick_sauce060,male,1.0,3,7
815732088,CatalinaNYAN,female,1.0,0,7
815732089,aminahmae,female,1.0,0,1
815732091,pommania,brand,0.0,0,1
815732092,beeinchicago,female,1.0,1,1
815732093,HughesCatie,female,1.0,0,5
815732094,ShorT_A_Y,female,1.0,3,8
815732095,ThaiLash_News,brand,0.0,1,9
815732096,peatsoupy,female,1.0,1,1
815732097,woelfel,male,1.0,1,10
815732098,PattyStumpSays,male,1.0,3,2
815732099,roseleetran,female,1.0,3,8
815732100,tomm_parr,male,1.0,3,0
815732101,lyndseyrenae_,female,1.0,0,5
815732102,i4_gillingham,brand,0.0,1,1
815732103,Abbym_vance,female,1.0,0,7
815732104,taobby,male,1.0,3,2
815732105,NoChiIlTweets,brand,0.0,0,5
815732106,ajkiddle,female,1.0,1,10
815732107,UlyssesReader,male,1.0,3,10
815732108,bontribears,female,1.0,0,3
815732109,AUTigerGSUEagle,male,1.0,3,10
815732110,crisalida_19,female,1.0,1,1
815732112,typewriterdream,brand,0.0,1,11
815732113,NewsBelieberJB,male,1.0,1,11
815732114,susyvergara74,female,1.0,3,6
815732115,Patelli25,male,1.0,0,5
815732116,Savage_garden2,female,1.0,0,5
815732117,TheUnCommon_ME,male,1.0,3,10
815732118,daymoney760,male,1.0,1,9
815732119,Charlies_Demon,female,1.0,3,10
815732120,erinstarki3,female,1.0,3,7
815732121,LIJLNetwork,brand,0.0,1,9
815732124,Lauren_lovesoli,female,1.0,3,0
815732125,FeddiHoundPlu,male,1.0,0,8
815732126,cool_and_iknow,unknown,,3,8
815732127,Airmandjet,female,1.0,3,2
815732128,Itzkaspar,male,1.0,3,8
815732129,DrDickXXX,brand,0.0,1,11
815732130,leahmyers101,female,1.0,0,7
815732131,kingoftwinks,male,1.0,3,5
815732132,BA_Marissa,female,1.0,3,2
815732133,adamversuslife,male,1.0,3,8
815732134,ShaunInce123,male,1.0,3,2
815732135,tropicalbiebes,male,1.0,3,2
815732136,Dormality,brand,0.0,0,7
815732137,Manonnct,female,1.0,3,0
815732138,RvilleDentalLab,brand,0.0,0,1
815732139,ThatSpiceMaxi,male,1.0,3,2
815732140,dayj_,female,1.0,3,8
815732141,ZiamftGallavich,female,1.0,3,8
815732142,LauraTFP,female,1.0,3,10
815732143,SCollinsJourno,female,1.0,0,5
815732144,paperphotoyo,female,1.0,3,2
815732145,yumronidua,male,1.0,1,9
815732146,TalkRadioTime,brand,0.0,1,9
815732147,chanteldione,female,1.0,3,2
815732148,MarcoNunez_,male,1.0,0,5
815732149,SillarsTuesday,brand,0.0,1,9
815732150,JuilliardSchool,brand,0.0,1,1
815732152,BucksMarrow,brand,0.0,0,3
815732153,lem1967,male,1.0,1,1
815732154,de08b,female,1.0,3,2
815732155,InnerGrowth101,brand,0.0,1,9
815732156,Harrydrxgme,female,1.0,3,2
815732157,ally_vicky,female,1.0,3,8
815732158,BestCoachRadio,female,1.0,1,9
815732159,eviralis1,unknown,,1,9
815732160,dsexton1681,female,1.0,1,1
815732161,neksted,unknown,,1,6
815732162,Manny_United10,male,1.0,3,2
815732163,kaymar_10,female,1.0,3,2
815732164,DanielWhit3,male,1.0,0,7
815732165,CzweMzimela,female,1.0,0,0
815732166,Mackenna_Daly,female,1.0,3,8
815732167,joshuastrachan2,male,1.0,0,3
815732168,Vinzeal,brand,0.0,3,2
815732169,victoriab150,female,1.0,3,7
815732170,dookyyy,male,1.0,1,10
815732171,_Olivia_Rachel_,female,1.0,0,7
815732172,Tone_NvaGivinUp,male,1.0,3,2
815732173,AORBroadcasting,brand,0.0,1,9
815732174,CChaloupsky,male,1.0,3,8
815732175,Gunjan_Patil,female,1.0,1,9
815732176,SineadFresh,female,1.0,1,9
815732177,findsalesrepcom,brand,0.0,1,9
815732178,dariancordova,brand,0.0,0,7
815732179,SPMNJ,male,1.0,0,0
815732180,hoplesslycrazy,female,1.0,3,2
815732181,bradfontaine,male,1.0,0,5
815732182,EdFullmetal7,male,1.0,3,2
815732183,MetalMasterKing,brand,0.0,1,1
815732184,SBarutta,female,1.0,0,0
815732185,LoveuLynn,female,1.0,3,2
815732186,Teridax,unknown,,3,2
815732187,abook4you,brand,0.0,1,9
815732188,pasadena_news24,brand,0.0,1,9
815732190,joXn,brand,0.0,3,10
815732191,bloguiemos,brand,0.0,1,9
815732192,theonlyresons,male,1.0,3,2
815732193,fabian70813,male,1.0,0,1
815732194,jezkwon,female,1.0,1,10
815732195,babytarantula,female,1.0,3,10
815732196,steve05g,male,1.0,0,0
815732197,actualstriker,male,1.0,3,8
815732198,bbwroth,male,1.0,0,3
815732199,WHwdDude,male,1.0,1,8
815732200,JoelCaseyy,male,1.0,3,5
815732201,allanwright26,male,1.0,0,5
815732202,uryattudoudattu,unknown,,2,6
815732203,mattphillips78,brand,0.0,0,5
815732204,politico_media,brand,0.0,1,1
815732205,ericarm,male,1.0,1,10
815732206,domcrofts,male,1.0,1,10
815732207,BencaliMusic,brand,0.0,1,1
815732208,mikestrutter123,male,1.0,3,2
815732209,NurseThink,brand,0.0,0,1
815732211,anaaa_xoxo97,female,1.0,3,8
815732212,UnthreadHR,brand,0.0,1,1
815732213,RoundaboutHinck,brand,0.0,1,10
815732214,NELICITA23,female,1.0,3,5
815732215,Draco70Reed,male,1.0,0,3
815732216,Optiv8,male,1.0,1,1
815732217,iIlyria,female,1.0,3,2
815732218,victoriacheng__,female,1.0,3,2
815732219,Mug_Punter_NI,unknown,,0,7
815732220,craneflock,female,1.0,0,3
815732221,Hannah_Bevis1,female,1.0,3,2
815732222,iPeytonManning,male,1.0,1,1
815732223,uuperspective,brand,0.0,1,9
815732229,brenna_biggs,female,1.0,3,8
815732230,AmazingFaaacts,brand,0.0,1,9
815732231,AnthonyBruuuuh,male,1.0,3,8
815732232,runawaymalia,female,1.0,3,2
815732233,armaaansheikh15,male,1.0,1,9
815732234,premnewsuk,brand,0.0,1,9
815732235,iFahadAli,male,1.0,3,10
815732236,drakeholderman,male,1.0,0,5
815732237,Funniteen,brand,0.0,0,5
815732238,TheToddReport,brand,0.0,1,11
815732239,AmericanSpringg,brand,0.0,1,10
815732240,texascowboy92,male,1.0,3,2
815732241,BecciiLeigh,female,1.0,0,5
815732242,eckburnaby,female,1.0,1,9
815732243,bambrewer,male,1.0,0,5
815732244,Itzhannahbrooke,female,1.0,3,2
815732245,MeaghanSnieggs,female,1.0,3,10
815732246,CassperNyoves18,brand,0.0,3,0
815732247,SonyMusicGlobal,brand,0.0,1,11
815732248,chukwuyenum,male,1.0,0,5
815732249,alcohorace,male,1.0,3,2
815732250,UsaProxyServer,brand,0.0,1,1
815732251,Nickachu7,male,1.0,3,10
815732252,portiaclarkcbc,female,1.0,0,5
815732253,JasonBlackwood,male,1.0,1,11
815732254,OximityPolitics,brand,0.0,1,9
815732255,Astraldesigner,unknown,,3,2
815732256,GodWelcomesAll,female,1.0,3,2
815732257,kittycgirl,female,1.0,3,8
815732258,Adr2413,female,1.0,0,3
815732259,ConsueloBido,female,1.0,1,9
815732260,_AliceMaze,female,1.0,3,2
815732261,SenpaiScape,male,1.0,3,5
815732262,JohnnyPetrini,male,1.0,1,1
815732263,taylor1994leigh,female,1.0,0,3
815732264,chaseveillon,male,1.0,0,3
815732265,MV_The_Series,brand,0.0,0,1
815732266,theCodyXshow,male,1.0,1,1
815732267,viva_gloria,female,1.0,1,1
815732268,freedomforthwin,brand,0.0,1,10
815732269,bookoisseur,female,1.0,3,10
815732270,SirTerence,male,1.0,3,10
815732272,mugatu78,male,1.0,3,8
815732273,TheIntellNews,brand,0.0,1,10
815732274,PhillyMusician,male,1.0,0,10
815732275,divaddelgado,unknown,,3,8
815732276,delrico,male,1.0,3,10
815732277,Klumsayz,male,1.0,1,5
815732278,bigkrisradiodj,male,1.0,1,0
815732279,deejayinko,male,1.0,0,0
815732280,jaisjinglebells,male,1.0,3,8
815732281,AvivaOfficial3,brand,0.0,2,6
815732282,InnerChange_Now,brand,0.0,1,9
815732283,fucklilyrae,male,1.0,0,3
815732284,metspress,brand,0.0,1,9
815732285,tbdprosofficial,brand,0.0,0,3
815732286,gchetrick,male,1.0,1,5
815732287,leegarcia121,male,1.0,1,5
815732288,InTheKitchenKP,female,1.0,1,10
815732289,KaylaElise04,female,1.0,0,5
815732290,blazingbooks420,brand,0.0,3,7
815732291,tmj_stl_it,brand,0.0,1,11
815732292,cecemeddock,female,1.0,3,8
815732293,saynaiyaa,male,1.0,3,7
815732294,heatherbnner,female,1.0,0,3
815732295,imblazzin,female,1.0,3,7
815732296,surpriseazmom,female,1.0,1,1
815732297,Josh1938,male,1.0,0,5
815732298,GolazoDeRobbie,male,1.0,3,0
815732299,CrabSmutPeddler,brand,0.0,3,5
815732300,DanieOBrien,female,1.0,3,2
815732301,PrnzHakeem,male,1.0,3,8
815732302,Frankthamac,male,1.0,3,7
815732303,encyclopediamk,brand,0.0,1,9
815732304,JakBBNews,brand,0.0,1,9
815732305,khlo90,male,1.0,0,11
815732306,angelxlena,female,1.0,3,2
815732307,calvin_kieran,brand,0.0,3,2
815732308,marysunshine81,female,1.0,3,10
815732309,JenTrueK,female,1.0,0,1
815732311,maiagillian,unknown,,3,2
815732312,1D__Sheila,female,1.0,0,3
815732313,Maxamegalon2000,male,1.0,1,9
815732315,caribbeanflava5,brand,0.0,0,3
815732316,BubblesofNature,brand,0.0,1,9
815732317,LowerThanCassie,female,1.0,3,2
815732319,HRebsom,female,1.0,3,7
815732320,loulou_288,female,1.0,0,5
815732321,FingerMeDaddy,male,1.0,3,8
815732322,jdesignz,male,1.0,1,10
815732323,marycjoyce2,female,1.0,0,3
815732324,CaudilloKarla,female,1.0,0,3
815732325,Pheel_Xclusiv,male,1.0,1,1
815732326,SanJoseTalks,female,1.0,1,9
815732327,DerekLeeman,male,1.0,3,7
815732333,Serenstitches,brand,0.0,0,1
815732334,nealthornton,male,1.0,0,5
815732335,soyouknowwme,male,1.0,3,2
815732336,dailyreadlist,brand,0.0,1,9
815732337,AckleyColby1,brand,0.0,1,11
815732338,mohitkj1987,brand,0.0,2,9
815732340,Luv_My_Blake,female,1.0,0,8
815732341,WatermelonBloke,brand,0.0,1,5
815732342,Life_and_Style,brand,0.0,1,1
815732343,Maximal_Liberal,brand,0.0,0,0
815732344,AlbertaExpenses,brand,0.0,1,9
815732346,jasminbravo00,female,1.0,3,7
815732347,talia_frances,female,1.0,3,2
815732348,dawn9476,female,1.0,3,8
815732349,CRALCyclone,female,1.0,0,3
815732350,Upright_Monkey,male,1.0,0,5
815732351,handblenderusa,brand,0.0,1,1
815732352,OnaliseW,female,1.0,3,7
815732353,Richard_Colo,male,1.0,3,10
815732354,Bxtchinpaint,female,1.0,3,5
815732355,ZMKHAN1990,male,1.0,0,5
815732356,RobbJGJR,male,1.0,0,5
815732357,BlueHillBoston,brand,0.0,1,11
815732358,chinalinethot,male,1.0,3,2
815732359,hopeandchocolat,female,1.0,1,1
815732360,SoftballConnect,brand,0.0,3,2
815732361,afrosypaella,female,1.0,3,10
815732362,KobeBryant_Fan,unknown,,1,11
815732363,davidheron1888,male,1.0,3,7
815732364,WhiteCubeUAE,brand,0.0,1,5
815732365,jcaonguyen,male,1.0,3,0
815732366,1776worldwide1,brand,0.0,2,4
815732367,luluxcv,unknown,,0,5
815732368,romareem14,female,1.0,0,3
815732369,StJamesNovi,brand,0.0,0,1
815732371,leeh_Fernanda4,female,1.0,0,3
815732372,RebeccaBrady7,female,1.0,1,1
815732373,dancequeenem,female,1.0,3,10
815732374,Nannndi,female,1.0,1,10
815732376,LindaCarrig,female,1.0,0,1
815732377,cowboys_fan09,unknown,,3,2
815732378,Help_Self_,brand,0.0,1,9
815732379,superjayxx16,female,1.0,0,7
815732380,byul_ath,female,1.0,3,2
815732381,JustCallMe_TD,male,1.0,3,8
815732382,ashoncrawley,male,1.0,3,10
815732383,DragonBallZAD,brand,0.0,1,6
815732384,NILOCDAC,male,1.0,3,5
815732385,DarouWellness,brand,0.0,0,1
815732386,FortWorthRadio,brand,0.0,1,9
815732387,salcido_marco,male,1.0,3,8
815732388,BarRoomHoldem,male,1.0,1,1
815732389,MariesList,female,1.0,1,5
815732390,DanteIsNotDope,male,1.0,3,8
815732391,jarrrttmason,male,1.0,0,7
815732392,HallettMatt,male,1.0,3,10
815732393,abbiemilne_x,female,1.0,3,8
815732394,evasurga,female,1.0,3,0
815732395,_HannahBananaO,female,1.0,0,3
815732396,IndyChamberOrch,brand,0.0,0,5
815732397,ArlineNardelli,female,1.0,1,9
815732398,613Linkshot,brand,0.0,3,0
815732399,SoccerMomSyd,unknown,,3,10
815732400,aula_jr,male,1.0,3,8
815732401,JamieHarris_2,male,1.0,0,1
815732402,Montana_103rd,male,1.0,3,8
815732403,ColibriLaw,brand,0.0,1,1
815732404,Melhex1,unknown,,0,5
815732405,petitepinkgirls,unknown,,0,5
815732406,type40films,brand,0.0,1,11
815732407,IUParking,brand,0.0,0,8
815732408,AkibaCosplay,female,1.0,0,3
815732409,beingmsaad,male,1.0,3,10
815732410,spuuky_,male,1.0,0,5
815732411,YNaija,brand,0.0,1,10
815732412,triancadelrio,female,1.0,0,3
815732413,violet_babyy,female,1.0,3,8
815732414,radtea19,brand,0.0,0,5
815732415,viria13,brand,0.0,3,8
815732416,thesyncmovie,brand,0.0,3,2
815732417,PhillyTalkRadio,brand,0.0,1,9
815732418,Hawaii50Forever,brand,0.0,1,11
815732419,dlvr_software,brand,0.0,1,9
815732420,Cat_Phillips,female,1.0,1,10
815732421,Bigoldsupermoon,brand,0.0,3,2
815732422,G30rg3III,male,1.0,0,7
815732423,TaminaTaz,female,1.0,3,8
815732424,rubbishtemp,brand,0.0,2,6
815732425,geedubb20,male,1.0,0,1
815732426,Biscuit33br,male,1.0,0,3
815732427,nairajessyca,female,1.0,0,1
815732428,CallOnJacksSon,male,1.0,0,5
815732429,PoweredUpGirl,female,1.0,1,9
815732430,sirgagalooXO,male,1.0,3,10
815732431,guthrie_kelley,female,1.0,0,0
815732432,SHU10c,brand,0.0,2,9
815732436,ygchrisgmb,male,1.0,0,7
815732437,Caaffi__Laaryo,male,1.0,1,9
815732438,UnaBollera,female,1.0,3,2
815732439,natsu_no_hikari,male,1.0,3,2
815732440,RonPeperkamp,male,1.0,1,11
815732441,falloutkail,female,1.0,3,10
815732442,WahabAlBader,male,1.0,3,8
815732444,beachesxw,male,1.0,3,2
815732445,sk__671,unknown,,1,9
815732446,khalidrafiq138,brand,0.0,2,6
815732448,SustainableUKY,brand,0.0,0,3
815732449,Health_What_Is,brand,0.0,1,9
815732450,KiNG_EMiR_,male,1.0,3,2
815732451,ArsenalKnight22,unknown,,0,3
815732452,growyourbiz101,brand,0.0,1,11
815732453,Coffee__Agent,brand,0.0,1,9
815732454,ohmymichelle_,female,1.0,3,8
815732455,Ms_KelseyNguyen,female,1.0,0,7
815732456,TPTotalPackage,female,1.0,3,10
815732457,ConnorAndrews,male,1.0,3,10
815732458,jaaeeden,male,1.0,3,2
815732459,kennemesies,unknown,,0,7
815732460,maryhelensaba,female,1.0,1,1
815732461,xmaya5sos,brand,0.0,3,2
815732462,ProudDadNHubby,male,1.0,0,5
815732463,JohnsonSpeer,male,1.0,1,9
815732464,HackingNYC,brand,0.0,1,9
815732465,rachaelluther,female,1.0,3,2
815732466,simah1101,male,1.0,3,8
815732467,raghubetter,male,1.0,0,5
815732468,CoachMultiMedia,female,1.0,1,9
815732469,Tearrrraa,female,1.0,3,8
815732470,_Tickavel,male,1.0,3,2
815732471,dividendtwits,brand,0.0,1,9
815732472,TennisAce604,male,1.0,0,7
815732473,Fuhkyocelf69,male,1.0,0,8
815732474,HotMealsNow,female,1.0,1,1
815732475,KeepsUinControl,brand,0.0,1,1
815732476,alexisferrer_,female,1.0,3,8
815732477,LIMEAntigua,brand,0.0,1,1
815732478,NoBabiesJay,male,1.0,3,8
815732479,aliceedoran,female,1.0,3,7
815732480,Jhobbs__,female,1.0,0,7
815732481,Aiwanei,male,1.0,1,9
815732482,CoversJLo,male,1.0,0,0
815732483,CliathAthaBaile,brand,0.0,0,7
815732484,IndHeat,brand,0.0,1,1
815732485,cleincolorado,brand,0.0,1,1
815732486,CaraamelThunder,female,1.0,3,0
815732487,MeetingTechExpo,brand,0.0,0,0
815732490,NickyJay,male,1.0,1,1
815732491,BLegiiiiiiiiiit,female,1.0,3,8
815732492,Zipperfirest,brand,0.0,1,6
815732493,Be_Primal,brand,0.0,0,5
815732494,AAAOklahoma,brand,0.0,1,1
815732495,C_Collectible,brand,0.0,1,1
815732496,njgirl0976,female,1.0,3,10
815732497,SyedaaSameera,female,1.0,3,8
815732498,insultron,brand,0.0,1,5
815732499,girl_fights,brand,0.0,0,0
815732500,gramofthehill,female,1.0,3,0
815732501,FetishPornGirls,brand,0.0,1,11
815732502,PremiseAmiss,male,1.0,0,0
815732503,passionateRAGE8,female,1.0,0,5
815732504,talkradiomoms,female,1.0,1,9
815732505,WhosChaos,male,1.0,3,2
815732506,unormal,male,1.0,3,10
815732507,NXTLVLRadio,brand,0.0,0,11
815732508,GreyResol,male,1.0,0,6
815732509,CadeHunterRP,male,1.0,3,7
815732510,MoChatra,male,1.0,0,0
815732511,ACreativeMuggle,female,1.0,3,2
815732512,fantasycsjb,female,1.0,3,10
815732513,ragtopdays,unknown,,0,0
815732514,Greyman_10,male,1.0,3,5
815732515,NadiaCholico99,female,1.0,0,8
815732516,glickyglick,male,1.0,0,3
815732517,westhampress,brand,0.0,1,9
815732518,HireVueSales,brand,0.0,1,1
815732519,bigmonsterlove,male,1.0,3,8
815732520,wave105radio,brand,0.0,1,1
815732521,RhoneWineWeek,brand,0.0,0,1
815732522,esssbabysister_,female,1.0,0,7
815732523,andyblatch64,male,1.0,3,0
815732524,Sigueme_todo,brand,0.0,2,6
815732526,cinemagates,brand,0.0,0,1
815732527,teetertotter57,female,1.0,0,5
815732528,Macyb27,female,1.0,3,8
815732529,JoeArch1,brand,0.0,1,9
815732530,ariez_jamz,brand,0.0,1,10
815732531,thinkingboy999,brand,0.0,0,3
815732533,viann_vic,female,1.0,3,2
815732534,styhuang,brand,0.0,1,9
815732535,MRLOUDCLOUDS,brand,0.0,1,9
815732539,NigelUNI,male,1.0,1,1
815732540,laurenxbrannon,female,1.0,3,0
815732541,tweetandfollows,brand,0.0,0,3
815732542,StuJoanne2,male,1.0,3,2
815732543,djsllim,male,1.0,1,1
815732544,happinesszthewy,brand,0.0,1,9
815732545,shauna_mcfc,female,1.0,3,0
815732546,kpoptitles,brand,0.0,0,3
815732547,OMYF,brand,0.0,1,1
815732548,mefink,female,1.0,3,10
815732549,thatonemaddie_,male,1.0,3,5
815732551,LauraQu22469337,female,1.0,2,4
815732552,Stoner2Times,male,1.0,3,8
815732553,bkbeams,female,1.0,3,0
815732554,TalkRadioVegas,male,1.0,1,9
815732556,MannersJoking,male,1.0,3,2
815732557,hewhoasreturned,unknown,,0,3
815732558,Yogatothepeople,brand,0.0,1,1
815732559,jujaa96,female,1.0,0,3
815732560,BevTax,brand,0.0,0,3
815732562,MEASURE_Eval,brand,0.0,1,1
815732563,KidMelancholy,male,1.0,3,2
815732564,nemaug,brand,0.0,1,1
815732565,micah_morrison,male,1.0,0,5
815732566,ImOnTheMark,male,1.0,0,5
815732567,Thor_of_Asgard1,brand,0.0,0,7
815732568,ngbazar,brand,0.0,1,9
815732569,POLITICOMag,brand,0.0,1,1
815732570,harmlesskenzie,female,1.0,3,8
815732571,ffourie,male,1.0,0,1
815732572,Kaleigh_Bauer,female,1.0,3,7
815732573,7mjslove,unknown,,1,1
815732574,DThomasNews,brand,0.0,1,1
815732575,r00ndy,female,1.0,3,2
815732576,fluffycrossover,brand,0.0,2,6
815732577,IEtechnow,brand,0.0,1,11
815732578,marcsrhudson,male,1.0,0,0
815732579,diabeticguy,female,1.0,1,10
815732580,Neverhatecris,male,1.0,3,8
815732581,Lazybotts,brand,0.0,3,0
815732584,LMacStevens,female,1.0,1,1
815732585,Irish5SOSCaniff,female,1.0,3,2
815732587,mororomeo5,brand,0.0,1,9
815732588,tori_wozniak,female,1.0,3,8
815732589,SMBasa_5299,female,1.0,0,7
815732590,rebecca_dancex,female,1.0,0,3
815732591,totalconfushun,female,1.0,1,1
815732592,juanvasquez1984,male,1.0,1,1
815732593,jadehill2001,unknown,,3,10
815732594,420USAPAC,brand,0.0,0,7
815732595,Madison_Buzz,brand,0.0,1,9
815732597,BenVealWrites,male,1.0,1,5
815732598,AARPNJ,brand,0.0,1,1
815732599,chast60,brand,0.0,1,1
815732600,reesestar,female,1.0,1,1
815732601,DanOfCydonia,male,1.0,3,10
815732602,Disneyfans_pa,brand,0.0,0,6
815732603,Jim_Singer,male,1.0,0,1
815732604,MicrosoftNY,brand,0.0,3,2
815732605,GabyyPrenticee,male,1.0,3,0
815732606,MyGOMOM,female,1.0,1,10
815732607,TBU__,male,1.0,3,10
815732608,TrevTech_LLC,brand,0.0,1,9
815732609,karihall_,female,1.0,3,2
815732610,MeSacora,female,1.0,0,7
815732611,Propicksusa,brand,0.0,0,3
815732612,Curt_ThaFlirt,male,1.0,1,1
815732613,cierrajuanita,female,1.0,3,2
815732614,Altafkazi,unknown,,0,5
815732615,DtwnAustinPatch,brand,0.0,1,1
815732616,OnLaborBlog,brand,0.0,1,0
815732617,titanspress,brand,0.0,1,1
815732618,AAASouthDakota,brand,0.0,1,1
815732619,ukproxyserver,brand,0.0,1,1
815732620,maddy_layne8,female,1.0,3,7
815732621,rafedotova32826,brand,0.0,0,3
815732622,bunnyxmama,female,1.0,1,1
815732623,blamitbot,brand,0.0,1,6
815732624,kale4697,female,1.0,3,7
815732625,thecbgazette,brand,0.0,1,1
815732626,webindex24,male,1.0,2,6
815732627,britmishelle,female,1.0,0,8
815732628,TimQNews,brand,0.0,1,6
815732629,eveehunt,female,1.0,1,9
815732630,ductilitypost1,brand,0.0,0,6
815732631,jreil26,male,1.0,3,2
815732632,SpencerCareyTry,male,1.0,3,2
815732633,AaronScottRE,male,1.0,0,1
815732634,amy_wainwright,female,1.0,0,5
815732635,CATWorldMission,brand,0.0,0,5
815732636,JoePetkauskos,male,1.0,3,8
815732637,tomeneiqua,female,1.0,3,8
815732638,DenofGeekUS,brand,0.0,1,1
815732640,MichaelVigilant,male,1.0,3,8
815732641,sollen5252,brand,0.0,2,4
815732642,Tweetstuffy,brand,0.0,1,9
815732643,which_is_nice,male,1.0,1,5
815732644,ciindergarden,female,1.0,3,2
815732645,Choi_hyung_top,female,1.0,3,10
815732646,_The_Count,brand,0.0,1,9
815732647,icanttt,brand,0.0,0,7
815732648,iiGrocery,brand,0.0,0,11
815732649,colinodonaghue1,male,1.0,3,2
815732650,bazzared1903,brand,0.0,3,5
815732651,jacobistherapy,female,1.0,3,2
815732652,Fleurdejuliet,female,1.0,3,2
815732653,Empics_Showbiz,brand,0.0,1,1
815732654,teetag48,female,1.0,1,10
815732656,CrashMcCloud,male,1.0,1,1
815732657,RSS_O_Matic,brand,0.0,1,9
815732659,Melonie_Beilman,female,1.0,3,5
815732660,SocialMailman,brand,0.0,1,11
815732661,AriesAi,female,1.0,3,5
815732662,GratitudeIntern,brand,0.0,1,9
815732663,TimesONeill,male,1.0,3,0
815732664,Coekju__Duonbe,brand,0.0,1,9
815732665,PHXRealEstate4U,female,1.0,1,1
815732666,tweety_jobs,brand,0.0,0,3
815732667,Zelse007,male,1.0,0,0
815732668,oxning,male,1.0,0,7
815732669,BritishVogue,brand,0.0,1,9
815732670,zoirinialI,male,1.0,0,5
815732671,veganpapi,male,1.0,3,2
815732672,sgibkr10,female,1.0,1,9
815732673,SmackHighSF,brand,0.0,3,10
815732674,SeasideSignal,brand,0.0,0,1
815732675,lwtpeach,male,1.0,0,5
815732676,dirkmacgirk,male,1.0,3,7
815732677,pawnshop_heart,female,1.0,3,5
815732678,SR_Corporate,brand,0.0,1,11
815732680,cambodia128,male,1.0,3,7
815732682,neojemb,brand,0.0,1,9
815732683,yamnouni,female,1.0,3,2
815732684,spaceboynewt,male,1.0,3,2
815732685,abbyseal,female,1.0,3,8
815732686,SwingTrader23,male,1.0,1,9
815732687,CurlyCoyne,female,1.0,3,2
815732688,yonkedoodle,male,1.0,0,3
815732689,avi_machina,female,1.0,3,2
815732690,TucsonStar,brand,0.0,1,1
815732691,MaraboliSays,male,1.0,1,5
815732692,HollyLouiseB_,female,1.0,3,8
815732693,EventPlanningAg,brand,0.0,1,9
815732694,rkeyserling,male,1.0,1,9
815732695,10printhelloweb,male,1.0,0,7
815732696,SimonReye,male,1.0,0,0
815732697,Smalls2233,female,1.0,3,10
815732698,musingsofaraven,unknown,,3,10
815732699,ndlcms,brand,0.0,0,1
815732700,jkedvs,male,1.0,3,7
815732701,toptopdown,male,1.0,0,5
815732702,WingMayra,female,1.0,1,9
815732703,g33komon,brand,0.0,1,9
815732704,JWeismonger,female,1.0,3,8
815732705,mattanyippi,female,1.0,3,0
815732706,fantasybballbot,male,1.0,2,6
815732707,i_LaurenMarie,female,1.0,0,8
815732708,pbdemetri,male,1.0,3,7
815732709,e_nvgt,brand,0.0,1,9
815732710,jrtoastyman,male,1.0,1,1
815732711,jalal_99194,male,1.0,0,3
815732712,StephanieArnot,female,1.0,0,5
815732713,lillieholmann,female,1.0,0,7
815732714,cathazclawz,unknown,,2,6
815732715,sunflowerdali11,female,1.0,0,0
815732716,Redmist36,male,1.0,0,3
815732717,_TWolvesNation,brand,0.0,0,3
815732719,ColeFlexXx,male,1.0,3,10
815732720,dancerella73,female,1.0,3,7
815732721,sindarina,brand,0.0,3,10
815732722,ChiliSauce808,female,1.0,0,3
815732723,Superfluxus,male,1.0,3,5
815732724,Virginia_Delish,female,1.0,1,1
815732725,ddlsdevonne,female,1.0,3,2
815732726,redskyecomics,brand,0.0,1,10
815732727,Yvonn3Heng,female,1.0,3,7
815732728,PastorTanyaBake,female,1.0,1,1
815732729,pullingxwrist,male,1.0,3,8
815732730,EnjellaFairy,brand,0.0,1,1
815732731,DavidPitcher,male,1.0,1,1
815732732,Joe_McAvoy,male,1.0,0,3
815732733,itsZaddyHOE,unknown,,0,5
815732734,JIZLO,unknown,,0,1
815732735,ReneeANDSharon,brand,0.0,1,10
815732736,Fox13Kristin,female,1.0,1,1
815732737,sarahloppe,female,1.0,1,9
815732738,BishopIkedi2,brand,0.0,1,9
815732739,340ArianaGrande,female,1.0,3,2
815732742,aenutricion,female,1.0,0,5
815732743,kwaichi,male,1.0,1,10
815732744,geo_noah,male,1.0,0,7
815732745,M_Matthews,female,1.0,1,1
815732746,dewboy10,male,1.0,0,8
815732747,kdotbandz,male,1.0,2,6
815732748,LXBN,brand,0.0,1,10
815732749,_BVM,male,1.0,3,2
815732750,LadyLeather44,female,1.0,3,8
815732751,ChanceOneShot,brand,0.0,3,2
815732752,monbrielle,unknown,,3,10
815732753,HipTracUK,brand,0.0,0,3
815732754,DMRpresents,brand,0.0,1,5
815732755,Vix_Wood,female,1.0,0,1
815732756,Pineapplekiddo,female,1.0,3,10
815732757,zayeoI,female,1.0,3,2
815732758,Rob_Tate19,male,1.0,3,10
815732759,peasblog,brand,0.0,1,1
815732760,AspergersBlog,brand,0.0,1,1
815732761,ElementalHerb,brand,0.0,0,1
815732762,Qiumna__Qoojbu,brand,0.0,1,9
815732763,RemixGOAT,brand,0.0,3,2
815732764,MaximaMaximum,female,1.0,1,9
815732765,AdGo,male,1.0,0,5
815732766,_inferior,female,1.0,3,8
815732767,westernlegends,brand,0.0,1,1
815732769,DragnMastr13,brand,0.0,0,3
815732770,yoganewsdaily,brand,0.0,1,1
815732771,_id3alist,female,1.0,3,7
815732772,thesetragedies,female,1.0,3,0
815732774,donnarosss,female,1.0,0,3
815732775,ahmadkasabali,male,1.0,0,7
815732776,CooperSales,male,1.0,0,0
815732777,CrescentCurse,male,1.0,0,3
815732778,JasmineHoffman,female,1.0,1,1
815732779,goodtheprotect,brand,0.0,1,9
815732780,Hopliten,brand,0.0,3,2
815732781,TheRealChambong,brand,0.0,0,3
815732782,grlookout,brand,0.0,1,9
815732783,mrsocialapp,brand,0.0,1,1
815732784,WamShitcomb,female,1.0,3,8
815732785,SadisticSilas,male,1.0,3,2
815732786,andyn63,male,1.0,0,5
815732787,jsnider33,male,1.0,3,10
815732788,webappsecurit_a,brand,0.0,1,9
815732789,preach_jk,male,1.0,0,5
815732791,AMahnTweets,male,1.0,1,1
815732792,sashaknows,female,1.0,1,1
815732793,N_Ramesh_BE,male,1.0,3,7
815732794,imhappynow100,brand,0.0,2,6
815732795,SethPartnow,male,1.0,3,2
815732796,destiny0019,female,1.0,3,2
815732797,Broken_Bot_,brand,0.0,2,6
815732798,LoveMoe16,female,1.0,3,8
815732799,gucci_cel,female,1.0,3,2
815732800,9jaGistFactory,brand,0.0,1,9
815732801,theStarrStylist,brand,0.0,0,11
815732802,bnay17,female,1.0,0,0
815732803,BrianfuckinB,male,1.0,3,5
815732804,bbecky95,female,1.0,3,5
815732805,BishopIkedi1,male,1.0,1,9
815732806,anitathefajita,female,1.0,3,8
815732807,Lucid_Luck,female,1.0,3,2
815732808,checkyoself23,male,1.0,3,8
815732809,Miya_Busko,female,1.0,3,2
815732811,MissMurd13er,female,1.0,0,0
815732812,MarieWood2001,female,1.0,3,2
815732813,juliawmad,female,1.0,0,7
815732814,BigBlackDonaghy,brand,0.0,0,7
815732815,raisamazing,female,1.0,3,8
815732816,egood33,female,1.0,1,0
815732817,sportsciotaku,male,1.0,0,3
815732818,MarinaCastroBz,female,1.0,1,1
815732819,CasieJahnigen,female,1.0,3,5
815732820,WacoBuzz,brand,0.0,1,9
815732821,Yiva_M,male,1.0,3,10
815732822,turnttronnor,male,1.0,3,2
815732823,OK_Magazine,brand,0.0,1,9
815732824,tanya__mg,female,1.0,3,8
815732825,Defend_Israel,brand,0.0,1,1
815732826,RecyclingToday,brand,0.0,1,1
815732827,6d6y,unknown,,0,7
815732828,AnimalWorIds,brand,0.0,0,8
815732829,lizziekordei,female,1.0,3,2
815732830,18VictoriaRenee,female,1.0,3,10
815732831,PathwaysOrg,brand,0.0,1,1
815732832,OracleHosp,brand,0.0,1,1
815732833,kp_5h,female,1.0,3,8
815732834,MEWshop,brand,0.0,1,1
815732835,DalynnBurbank,female,1.0,0,3
815732836,CHNGBoise,brand,0.0,1,9
815732837,wesstreeting,male,1.0,3,10
815732838,obsessed_boyban,brand,0.0,3,7
815732839,ColumbiaMOBuzz,brand,0.0,1,9
815732840,lindseyramirez6,female,1.0,3,2
815732841,wilkes_calvin,male,1.0,3,2
815732844,Simplesunshine_,female,1.0,3,8
815732845,WanjohiKahihu,male,1.0,0,3
815732847,RENewsCincy,brand,0.0,1,9
815732848,lnspiredWedding,brand,0.0,1,9
815732849,ISLANDBAR_GRILL,brand,0.0,1,1
815732850,Mark11888,brand,0.0,0,0
815732851,NascarFreak_3,unknown,,1,11
815732852,miguelmartin26,male,1.0,1,1
815732853,SfAfroo,male,1.0,0,5
815732854,JakeDanielsMhmm,male,1.0,0,5
815732855,derraero,unknown,,3,2
815732856,Aaron_AAADJS,male,1.0,3,8
815732857,car_the_creator,female,1.0,3,8
815732858,AdilGhumro,male,1.0,3,8
815732859,Dagny988,female,1.0,0,7
815732860,barbss__,female,1.0,0,3
815732861,Paijawn,female,1.0,3,10
815732862,Fletch_LT,male,1.0,0,5
815732863,hass67,male,1.0,1,9
815732864,KristieLynnB,female,1.0,3,5
815732865,storage_agent,brand,0.0,1,9
815732866,Tony_Nicholson,male,1.0,0,5
815732867,kriz1O,female,1.0,3,0
815732868,kelsey_nae_,female,1.0,3,7
815732869,khatijahirwayu,female,1.0,3,7
815732870,LauraTMusic,female,1.0,3,8
815732871,G6SexGod,brand,0.0,0,3
815732872,niaftderulo,male,1.0,3,7
815732873,LisaNMatthews,female,1.0,0,0
815732874,theleaguelady,female,1.0,3,8
815732875,LewisFowlerLLC,brand,0.0,1,1
815732876,heystartup,brand,0.0,1,9
815732877,Reed_McK,male,1.0,0,7
815732878,GMcCorrister,brand,0.0,3,10
815732879,InspirationUMe,brand,0.0,1,1
815732880,JaeDotDee,male,1.0,3,8
815732881,MrTommyboy247,male,1.0,1,5
815732882,_madalyndenise,female,1.0,3,8
815732883,wazimotometal,male,1.0,3,2
815732884,_Meio_Ambiente,brand,0.0,0,1
815732885,DyingTethra,unknown,,0,5
815732886,MikeElgan,male,1.0,3,10
815732887,akagirlstuff,brand,0.0,1,1
815732888,SJMurrell,male,1.0,0,5
815732889,IShawnsEmpire,male,1.0,3,2
815732890,kigi_love,male,1.0,3,0
815732891,StanTheMan973,male,1.0,2,7
815732892,_GuessWh042,female,1.0,0,1
815732893,Ryandundee_,male,1.0,3,7
815732895,LivingTheLife96,male,1.0,0,7
815732896,FlowGator15,male,1.0,3,10
815732897,Mikez_95,male,1.0,3,5
815732898,_lHughes,female,1.0,3,8
815732899,healingartsstl,brand,0.0,0,1
815732900,one_narjes,male,1.0,0,1
815732901,SLightmaree,brand,0.0,3,7
815732902,scgovLibrary,brand,0.0,3,0
815732903,trillballins,unknown,,3,2
815732904,fogeybot,unknown,,3,2
815732905,ATFTelford,brand,0.0,1,1
815732906,Cu_As,female,1.0,3,10
815732907,chittaphon_ten,female,1.0,3,2
815732908,DanielKayHertz,male,1.0,3,5
815732909,KatOnTwoWheels,female,1.0,0,3
815732910,pavel071985,unknown,,0,4
815732911,MontonGf,female,1.0,0,5
815732912,angrejinsan8,male,1.0,0,7
815732913,CALITWEETZ,male,1.0,3,10
815732914,talkingunderwat,brand,0.0,0,1
815732915,ILOVCONTROVERSY,female,1.0,0,8
815732916,ScreamQueenB,female,1.0,1,5
815732917,TheHumanistHome,brand,0.0,0,3
815732918,KidaneAida,female,1.0,3,0
815732919,nerdtxf,female,1.0,1,5
815732920,StripedGypsum,brand,0.0,3,2
815732921,HiddenNeedTrust,female,1.0,3,11
815732922,runescapedad,male,1.0,3,8
815732923,hydratedplus,male,1.0,0,5
815732924,HEMPxxx,brand,0.0,1,10
815732925,LizzyxMidford,female,1.0,0,7
815732926,kwadwo_peprah_,male,1.0,3,8
815732928,LingerieNYC_com,brand,0.0,0,3
815732929,ColorMe_Gen,female,1.0,3,10
815732930,TimelessTimeLtd,brand,0.0,1,11
815732931,KingMerc1,male,1.0,3,0
815732932,kracovame,female,1.0,1,9
815732933,basilbottler,unknown,,1,1
815732934,Kickit1074,brand,0.0,1,11
815732935,BryanHorton07,male,1.0,0,3
815732936,IValentinaNappi,female,1.0,1,9
815732937,paulfflotron,male,1.0,1,9
815732938,rickypierce662,male,1.0,3,0
815732939,Kurt_Wirth,male,1.0,3,10
815732940,bamphomet,male,1.0,3,2
815732941,Dating_QandA,brand,0.0,1,9
815732942,not_a_phelure,female,1.0,0,5
815732943,BuffaloJimmyz,male,1.0,1,10
815732945,kinggermanov,male,1.0,0,3
815732946,Kanri_Britannia,male,1.0,0,3
815732947,VirgoJ24,female,1.0,3,10
815732948,PEARLMARKET,brand,0.0,1,1
815732949,Fishsweets,male,1.0,0,3
815732950,ipad__agent,brand,0.0,1,9
815732951,FredaWalsh40,female,1.0,1,1
815732952,amickc3,female,1.0,0,7
815732953,mrbsauls,female,1.0,3,8
815732954,DailyContracts,brand,0.0,1,9
815732955,Truth_Restored,brand,0.0,0,11
815732956,FordTheGod,male,1.0,3,10
815732957,shikyu99,unknown,,3,2
815732958,PeterBrassard,male,1.0,0,5
815732959,SerenaElisabet,female,1.0,1,10
815732960,NotoriousRis,female,1.0,3,2
815732961,CaitlinC_17,female,1.0,3,8
815732962,BCt_7_X4,female,1.0,1,9
815732963,dk33per,male,1.0,1,1
815732964,stuart73g,male,1.0,3,2
815732965,jobs4devs,brand,0.0,1,9
815732967,MarlinaRegiste,female,1.0,0,3
815732968,enksar_ro7,male,1.0,0,1
815732969,Piper_Cannon,female,1.0,0,7
815732970,drekaaa_,female,1.0,3,8
815732971,bushhbaby7,female,1.0,3,8
815732972,Analyticus,male,1.0,1,11
815732973,camila_gatinho1,female,1.0,1,11
815732974,jackie_moss,female,1.0,3,8
815732975,klkl2001,male,1.0,0,5
815732977,WattSailing,female,1.0,1,1
815732978,mynb99,female,1.0,0,3
815732979,FMUDining,brand,0.0,0,1
815732980,mary_db10,female,1.0,3,8
815732981,sonoffire94,male,1.0,0,0
815732982,yorkregionccs,brand,0.0,1,1
815732983,ClaireChiasson,female,1.0,0,7
815732984,LeadersForerun,brand,0.0,1,11
815732985,OSGPC,brand,0.0,0,3
815732986,jonsofen,male,1.0,0,5
815732987,Floradora65,female,1.0,0,5
815732988,CassidiaHoward,female,1.0,0,7
815732989,OracleCPQ,brand,0.0,1,11
815732990,bot_flippy,brand,0.0,1,6
815732991,mariskaxcouric,female,1.0,3,10
815732992,pdlmma,unknown,,3,0
815732993,VAGirlFriday,female,1.0,3,10
815732994,MattSherer2,male,1.0,0,3
815732995,ozzyway1,unknown,,0,7
815732996,TheEleanorPrior,female,1.0,1,10
815732997,KillianMate,male,1.0,0,5
815732999,MiaPaulita,female,1.0,0,8
815733000,RitaFreemanRP,female,1.0,3,7
815733001,LaurelCreekCC,brand,0.0,1,1
815733002,SpinsterAndCat,brand,0.0,3,10
815733003,_Rebel_mann_23,male,1.0,3,7
815733004,BornJana,female,1.0,0,3
815733005,DIRTYSTORIES,brand,0.0,3,2
815733006,IsmailZain,male,1.0,0,5
815733007,FitSlimStrong,male,1.0,3,7
815733009,DebraVesco,female,1.0,3,2
815733010,KeLannaSpiller,female,1.0,0,5
815733011,EDMJamestown,brand,0.0,0,1
815733012,superflacos,brand,0.0,1,1
815733013,kaneki_txt,brand,0.0,3,2
815733014,randomforecast,brand,0.0,1,9
815733015,Wynn_Junior,male,1.0,1,1
815733017,AOLLifestyle,brand,0.0,1,10
815733018,lwt_bae,male,1.0,3,2
815733019,WarnerMusicSA,brand,0.0,1,1
815733020,Timelord30021,unknown,,3,2
815733021,newbrokencena,female,1.0,3,2
815733022,autohomer,brand,0.0,3,6
815733023,ElinorPower,female,1.0,3,5
815733024,r3spawnFTW,unknown,,0,0
815733026,MonkeyBGaming,brand,0.0,0,1
815733027,MaryanNewbury,female,1.0,0,3
815733028,AbelRamos58,male,1.0,0,0
815733029,bopbop_simsim,unknown,,3,10
815733030,SarahLove_27,female,1.0,3,2
815733031,viewtifuIjoe,male,1.0,3,2
815733032,blackwillow1,male,1.0,3,10
815733033,pastprophecy,male,1.0,0,0
815733034,Nina2O,female,1.0,1,10
815733035,Reign_Dance,male,1.0,3,2
815733036,MerryJacqa,female,1.0,0,5
815733038,cloudpsi,brand,0.0,1,9
815733039,sonnyvonyoyo,female,1.0,3,2
815733040,WintersHaze,male,1.0,0,5
815733041,KemiEgan,female,1.0,0,5
815733042,apocfilms,brand,0.0,0,3
815733043,lotuseatur,female,1.0,3,2
815733044,daily_motiva,brand,0.0,1,9
815733045,ISpeakAnalytics,brand,0.0,1,0
815733048,LinearVibes,unknown,,0,3
815733049,tylerusesoap,male,1.0,1,10
815733050,DraftSite,brand,0.0,1,11
815733051,ErikaMilam,female,1.0,3,8
815733052,tingFTW,brand,0.0,1,1
815733053,DrSteinbaum,female,1.0,1,1
815733054,zoejuma,female,1.0,0,7
815733055,GYSTclub,brand,0.0,0,7
815733056,MaggieElyse23,female,1.0,0,7
815733057,Daily_Star,brand,0.0,1,9
815733059,US_conversation,brand,0.0,1,9
815733060,emma_ludditt,female,1.0,3,8
815733061,hannawears,female,1.0,1,1
815733062,BarbaraBabcock,female,1.0,0,0
815733063,ChaosReloaded_,male,1.0,0,5
815733064,TyRelle4sho,male,1.0,3,8
815733066,Iovesays,brand,0.0,1,5
815733067,NutritionTrain,male,1.0,1,1
815733068,joemcdouble,male,1.0,3,7
815733069,pam_eh_lahh,female,1.0,3,8
815733070,cm_happy_bot,unknown,,0,6
815733071,WindwalkerHere,male,1.0,1,1
815733072,abiBids,brand,0.0,1,1
815733074,BunkerCardiff,brand,0.0,1,1
815733075,nat_han_may,male,1.0,3,2
815733076,YoshinoPaula,female,1.0,0,3
815733077,AndreaJMcDaniel,female,1.0,0,1
815733078,KarenStott_IH,female,1.0,0,5
815733079,lindatennis511,female,1.0,3,8
815733080,young_ent,brand,0.0,1,11
815733081,harmony_pretty1,female,1.0,3,8
815733083,1000Jasus,female,1.0,3,2
815733084,NHowarthPollard,female,1.0,0,5
815733085,Moonbootica,female,1.0,3,10
815733086,HammeredSatin,brand,0.0,0,1
815733087,cnctNow,male,1.0,1,11
815733088,08000119MUM,brand,0.0,1,2
815733089,mattfinished,male,1.0,3,7
815733090,creshiaxalipe,female,1.0,3,1
815733092,gfloprop,brand,0.0,1,11
815733093,IAmFreedomMan,brand,0.0,3,2
815733094,steppiness,female,1.0,1,1
815733095,yskAtlanta,brand,0.0,1,9
815733096,sypijeleje,brand,0.0,0,7
815733098,gergerthorne,female,1.0,3,7
815733099,elssssiex,female,1.0,3,7
815733100,hell_ass_,brand,0.0,3,2
815733101,DeanTreichel,brand,0.0,1,1
815733102,Grand_Champion1,male,1.0,0,0
815733103,kursadturksen,unknown,,0,3
815733104,HH_REVOLUTION,brand,0.0,1,9
815733105,GODCHILDUNICORN,female,1.0,3,2
815733106,h22wilson,female,1.0,0,7
815733107,quirkbooks,brand,0.0,1,1
815733108,jaaanvimufc,female,1.0,3,8
815733109,connaway_jenny,female,1.0,1,1
815733110,redlickchic,female,1.0,3,2
815733111,TheSocialTravel,brand,0.0,3,2
815733112,DrMichelleMazur,female,1.0,1,10
815733114,subzeronell,female,1.0,0,0
815733115,kellyymarcus,female,1.0,3,5
815733116,nastasyagolovu1,unknown,,2,6
815733117,McTermii,brand,0.0,0,7
815733118,SidRahmxn,male,1.0,1,5
815733119,iunfollowdotcom,brand,0.0,1,9
815733120,FreshBestLocal,brand,0.0,3,10
815733121,AMTStatus,brand,0.0,2,6
815733122,alesiahenderson,female,1.0,3,10
815733123,FreeStateNH,brand,0.0,1,10
815733124,hanns_haley,female,1.0,3,7
815733125,CaneNation06,male,1.0,3,10
815733126,martynpepperell,male,1.0,3,8
815733127,MrViralMarketer,brand,0.0,1,1
815733128,flowrcrownlouis,unknown,,3,8
815733129,_MUBEEN_,unknown,,3,8
815733130,InstaFollow_17,brand,0.0,2,6
815733131,yeargansam,male,1.0,0,7
815733132,candlelitzoella,female,1.0,3,2
815733133,MarkusThayer,male,1.0,1,9
815733134,_aParadox,female,1.0,3,8
815733135,emmatato,female,1.0,3,10
815733136,SextraBad,brand,0.0,1,11
815733137,KnochelMathHelp,female,1.0,0,3
815733138,RonMatt24,male,1.0,0,0
815733139,thebestrips,brand,0.0,1,9
815733140,ronEgee,male,1.0,0,5
815733141,LexieCalvin,female,1.0,3,8
815733142,molly_quildawg,female,1.0,3,0
815733143,jermmcdonald,male,1.0,0,3
815733144,leilanisalami,female,1.0,3,8
815733145,HermitsUnited54,female,1.0,1,8
815733146,NDSUathletics,brand,0.0,1,1
815733147,Reily_Dylan,female,1.0,3,7
815733151,Lauren_Adler429,female,1.0,0,5
815733152,Ayshakhan940,female,1.0,3,5
815733153,BuddsHamPG,brand,0.0,0,3
815733154,jeffgreer_cj,male,1.0,3,10
815733155,yellowcardigan,female,1.0,3,10
815733156,lisalisa2123,female,1.0,2,4
815733157,FlyersAndGiants,female,1.0,1,11
815733158,TVEyeWitness,brand,0.0,2,6
815733159,nellijustin,male,1.0,0,7
815733160,faviator,brand,0.0,3,2
815733161,MollyMtorres,female,1.0,0,3
815733162,valeemak,female,1.0,3,8
815733163,KLUTZYKlAN,male,1.0,3,0
815733164,caseroo7,female,1.0,1,11
815733165,slouise_louise,female,1.0,3,2
815733166,tpmquiz,brand,0.0,0,7
815733167,ericutz4thewin,female,1.0,3,10
815733168,avaa_thompson,female,1.0,3,8
815733169,maaaads17,female,1.0,3,7
815733170,TitorTau,unknown,,0,5
815733171,DjSix7Even,brand,0.0,1,5
815733172,SDSUMorgan,male,1.0,0,3
815733173,ImperialMasters,unknown,,0,0
815733174,daddy_unchained,brand,0.0,3,8
815733175,Beardlini,brand,0.0,3,2
815733176,guarreandox,brand,0.0,3,2
815733177,DmitriMehlhorn,male,1.0,3,0
815733178,ScottSoto5,male,1.0,0,3
815733179,BiodiversityGuy,male,1.0,3,7
815733180,leticiaclau,female,1.0,0,5
815733181,sakamoto_ebooks,male,1.0,0,7
815733182,Dowoha,brand,0.0,0,5
815733183,AFifthofUs,female,1.0,2,6
815733184,GroundTruth,brand,0.0,0,0
815733185,caa_fit,female,1.0,3,7
815733186,mothafckingJojo,female,1.0,3,8
815733187,ljcambria,female,1.0,3,0
815733188,VinoChini,female,1.0,3,10
815733189,hurtken,male,1.0,1,1
815733190,MikeMoran,male,1.0,1,11
815733191,LilMitch313,male,1.0,3,2
815733192,1cough_syrup8,brand,0.0,3,2
815733194,chloezarafaith,female,1.0,3,10
815733195,ARwoodartist,brand,0.0,0,3
815733196,JuanisaGundam,brand,0.0,3,5
815733197,SyntaxiousTM,brand,0.0,0,3
815733198,_Ahty,unknown,,3,10
815733199,RCJ13,brand,0.0,3,0
815733200,Camswr_erf,brand,0.0,1,9
815733201,josefcd904,male,1.0,3,2
815733202,EZzMsKEdfqpJqaA,brand,0.0,0,3
815733203,MeiledoraLOTRO,brand,0.0,0,5
815733204,victorcajiao,male,1.0,0,0
815733205,TweetYourBooks,brand,0.0,1,9
815733206,grantpringle1,male,1.0,0,7
815733207,jenflorencee,female,1.0,3,8
815733208,Love_Josten,female,1.0,3,8
815733209,CyclingMikey,male,1.0,3,10
815733210,robleitch1,male,1.0,3,0
815733211,FeargusYoung,male,1.0,0,1
815733212,shedaaaaaaa,female,1.0,3,7
815733213,GoddessTomiko,female,1.0,1,1
815733214,MightyAvocado,brand,0.0,3,2
815733215,chasethecheeze,male,1.0,0,3
815733216,floralbaran,male,1.0,3,2
815733217,susboyjonah,female,1.0,3,2
815733218,JacobCastro210,male,1.0,3,7
815733220,420_Alert,brand,0.0,2,4
815733221,RalphRidler,male,1.0,3,10
815733222,andreww01447528,brand,0.0,2,4
815733223,utahmandan,male,1.0,0,0
815733224,cthulhuchick,female,1.0,3,10
815733225,BoyPeer7,unknown,,1,5
815733226,TVDogaC,brand,0.0,2,6
815733227,FreelanceWJ,brand,0.0,0,8
815733228,NewLookHelp,brand,0.0,1,10
815733229,ClarkDems,brand,0.0,1,1
815733230,akulawolf,male,1.0,1,10
815733231,raidboss_ebooks,brand,0.0,1,6
815733232,HazelTreeBirth,brand,0.0,0,3
815733233,Kvvngicy,male,1.0,3,8
815733234,Fallykay,unknown,,0,7
815733235,CHAMPANGEPAPl,female,1.0,3,2
815733236,dollhouselmj,female,1.0,3,2
815733237,nonibiebs,male,1.0,3,2
815733238,MichaelCraig96,male,1.0,3,10
815733239,bruhitsrachell,female,1.0,3,2
815733240,The_Badakin,male,1.0,3,7
815733241,Kink_Addict,brand,0.0,1,9
815733242,_LoveMariee,female,1.0,3,5
815733243,Paul404,male,1.0,0,5
815733244,vernon4weaver,male,1.0,0,3
815733245,RhinosKiss,brand,0.0,0,5
815733246,ywezelenburg,female,1.0,0,1
815733247,HumanFox030,male,1.0,3,2
815733248,__Gabeeee,female,1.0,3,5
815733249,dmcfadd,male,1.0,0,1
815733250,Alliekat516,female,1.0,3,2
815733253,MariaLaRouge,female,1.0,1,1
815733254,lalosboxing,male,1.0,0,0
815733255,_lisanna14,female,1.0,3,8
815733256,janich62,female,1.0,3,10
815733257,Hammdriller,male,1.0,1,1
815733258,HornyLocals,female,1.0,1,9
815733259,____xAmira,female,1.0,3,8
815733260,agencycompile,brand,0.0,0,1
815733261,marcscribner,male,1.0,0,0
815733262,toodjentforyou,male,1.0,3,0
815733263,thathogangirl,female,1.0,3,8
815733264,emily_hayden_,female,1.0,1,1
815733265,Shaqk311,male,1.0,0,5
815733266,samxanderson,male,1.0,3,5
815733267,xadinfinitum,female,1.0,3,7
815733268,SkylarMassella,female,1.0,0,3
815733269,TotalTrafficBNA,brand,0.0,1,11
815733270,TVKaCo,brand,0.0,2,6
815733271,LisaWeidenbach,female,1.0,0,3
815733272,ODonnellsBread,brand,0.0,1,1
815733273,__rdhrx,female,1.0,3,2
815733274,doug_huffman,male,1.0,3,8
815733275,MackMaineUK_40,male,1.0,3,8
815733276,JSSMedical,brand,0.0,1,1
815733277,seputartradings,brand,0.0,1,9
815733278,hinojosaomar10,male,1.0,0,7
815733279,joep6161,male,1.0,0,3
815733282,PirateOfTheSeas,unknown,,0,3
815733283,christalgarciaa,female,1.0,3,7
815733284,Dave214_,male,1.0,3,10
815733285,ChromeBullets,male,1.0,0,7
815733286,Uwittinghan,male,1.0,3,8
815733287,arianasera,female,1.0,0,3
815733288,BeatriceHartzog,brand,0.0,1,11
815733289,Chisenga_Sorian,male,1.0,3,5
815733290,DanKnappe,male,1.0,3,2
815733291,Ljbondz_KKMG,male,1.0,1,6
815733292,MC_Toastmasters,brand,0.0,0,5
815733293,TaylorEHargett,female,1.0,0,3
815733294,sleepyumm,female,1.0,3,2
815733295,glitteryally,female,1.0,3,8
815733296,Julia0xJB,female,1.0,0,7
815733297,cooknichole,female,1.0,0,3
815733298,BardockIRL,brand,0.0,3,2
815733299,yskPhoenix,brand,0.0,1,9
815733300,JGranucci,female,1.0,1,11
815733302,TN1VIRUS,male,1.0,3,8
815733303,dhancock110,male,1.0,3,5
815733304,itsNakiyaaa_,female,1.0,3,8
815733306,JsOnMyTweet,male,1.0,3,8
815733307,sarah34090,female,1.0,1,11
815733308,JaydenFinesse,male,1.0,3,8
815733309,hipazojajej,brand,0.0,1,1
815733310,Anisaxktuk,female,1.0,0,5
815733311,MacDoga,unknown,,2,6
815733312,looney7f,brand,0.0,0,3
815733313,tim_hamlett,male,1.0,3,2
815733314,marianacisner14,female,1.0,0,3
815733315,THET0NYSTARK,female,1.0,0,7
815733316,dialecticube,brand,0.0,3,2
815733317,beccastuck,female,1.0,3,7
815733318,realgotseven,female,1.0,3,2
815733321,TaTaTa__Tori,female,1.0,3,8
815733323,IDougAHoleRp,male,1.0,0,7
815733324,AshWann13,female,1.0,0,5
815733325,KaylaKing_,female,1.0,0,5
815733326,mlp_Myriyan,unknown,,0,3
815733327,Ilusional_COD,brand,0.0,0,3
815733328,charlieLMTF,male,1.0,1,1
815733330,MOONEYintheBANK,male,1.0,3,8
815733331,beagle_girk,female,1.0,3,8
815733332,jenn_naborczyk,female,1.0,3,8
815733333,KaleighRitchie,female,1.0,3,8
815733334,MayaDoga,unknown,,2,6
815733335,DAraGon96,unknown,,3,8
815733336,OSTtalk,brand,0.0,3,0
815733337,hwaara,male,1.0,3,10
815733338,kr_surfyoga,female,1.0,0,1
815733339,Alex_Bailey1013,female,1.0,3,7
815733340,arielcox8,female,1.0,2,9
815733341,Judy_Cockerton,female,1.0,3,0
815733342,HalfbreedTrunks,male,1.0,3,10
815733343,RebeccaPerrott,female,1.0,0,3
815733344,drewboyblue,male,1.0,0,5
815733345,howard_dj,male,1.0,0,1
815733346,hanqduong,male,1.0,0,8
815733347,TheOtherPlus1,brand,0.0,0,5
815733348,KymRubinstein,female,1.0,0,7
815733349,RGB_033,male,1.0,1,1
815733350,trevon44,male,1.0,3,8
815733351,CToneScott,male,1.0,0,0
815733352,LethbridgeSport,brand,0.0,1,1
815733355,THEE_Hollywood,male,1.0,1,10
815733356,baekcult,brand,0.0,3,10
815733357,_tenacious,female,1.0,1,10
815733358,The_Freak_Zone,brand,0.0,0,3
815733359,NYTSports,brand,0.0,1,10
815733360,SnowIsDancing,male,1.0,3,5
815733361,psst_nati,female,1.0,0,5
815733362,MayaRSun,female,1.0,2,6
815733363,sinaaaaaaajay,female,1.0,1,11
815733364,b_leedom97,female,1.0,3,7
815733365,ericjunior,male,1.0,3,10
815733366,jazmynwade_,female,1.0,3,0
815733367,carolsexton500,female,1.0,0,5
815733369,house_of_darkly,female,1.0,3,10
815733370,tamarie125,female,1.0,3,8
815733371,MrBusinessInfo,male,1.0,1,10
815733372,janreceptionist,female,1.0,0,3
815733373,Ambro_Al,female,1.0,1,1
815733374,littleredspook,brand,0.0,3,2
815733375,wisdomdakini2,brand,0.0,3,0
815733376,ShepherdThor,brand,0.0,3,0
815733377,juliejamrock,female,1.0,3,2
815733378,xoMikaylaAnn,female,1.0,3,10
815733379,ycungrocker,male,1.0,3,7
815733380,KatherineBScott,female,1.0,0,3
815733381,hapshley,female,1.0,3,8
815733382,MrBURNSone,male,1.0,3,8
815733383,perkleman,male,1.0,3,10
815733384,khabeerkhan,male,1.0,1,1
815733385,_itsmikaela,female,1.0,0,5
815733386,Matthew_Sco_NI,male,1.0,3,2
815733387,wafflesnaffles,female,1.0,3,7
815733389,whooleeon,male,1.0,0,3
815733390,jenaaai,female,1.0,1,8
815733391,ONEAshleigh,female,1.0,3,2
815733392,Justfabzz,brand,0.0,1,9
815733393,SunMayaR,unknown,,2,6
815733394,tmj_il_health,brand,0.0,1,1
815733395,punc_vicki,female,1.0,0,3
815733396,Hayato_Inazuma,brand,0.0,1,1
815733397,poolplayers,brand,0.0,1,1
815733398,CALIGNOSlTY,female,1.0,3,2
815733399,jespertje66,unknown,,3,7
815733400,stevegayescort,male,1.0,3,10
815733401,nmenzinger,female,1.0,0,3
815733402,AmandaRamsay,female,1.0,3,10
815733403,olu_the_captain,male,1.0,3,8
815733404,c6o6d6y,male,1.0,3,7
815733405,kynleeshea,female,1.0,3,2
815733406,gdonov7,female,1.0,0,8
815733407,Sugar_renae,female,1.0,3,5
815733408,_Bible_Verse,brand,0.0,1,1
815733409,FashListings,brand,0.0,1,9
815733410,Jan_Toah,unknown,,3,5
815733411,LeifJohnson,male,1.0,3,0
815733412,deemodernhippie,female,1.0,3,10
815733413,BasedJane,female,1.0,3,8
815733414,bjoduke,female,1.0,0,3
815733415,kendoforyou,male,1.0,0,1
815733416,miiichelllee,female,1.0,3,8
815733417,GuyKawasaki,male,1.0,1,10
815733418,Andera905,female,1.0,0,3
815733419,Ace_Tennis_Tips,brand,0.0,1,5
815733420,Ashley__E,female,1.0,0,3
815733422,thejokerxo,male,1.0,3,2
815733423,prudencethepuss,female,1.0,1,10
815733425,DeceitfulBrute,male,1.0,3,10
815733426,IsabellRose6,female,1.0,0,7
815733427,teawithiris,brand,0.0,0,1
815733428,lavellans,unknown,,3,2
815733429,MayaCob,female,1.0,2,6
815733430,brightgloam,male,1.0,0,7
815733431,__ThisbeShy,female,1.0,3,8
815733432,macyshourlyjobs,brand,0.0,1,11
815733433,gatorschomp1019,brand,0.0,0,3
815733434,amyisabellaxox,female,1.0,3,8
815733435,BDAllDayLong,male,1.0,3,0
815733436,_jonesy_11,female,1.0,3,8
815733437,madsmott,female,1.0,3,2
815733438,Nash_Fazi,female,1.0,1,1
815733439,muse_no_brasil,unknown,,0,5
815733441,shewcyout,female,1.0,0,3
815733442,PeleDele,male,1.0,3,2
815733443,EBHSathletics1,brand,0.0,0,3
815733444,LushWeCare,brand,0.0,3,2
815733445,co_closeted,male,1.0,3,7
815733447,ohhhfuckkk,female,1.0,3,2
815733448,ThePumpAndDump,brand,0.0,0,1
815733449,_brookecaitlyn,female,1.0,0,7
815733450,soullpxnk,female,1.0,3,8
815733451,LJurfavsinger,male,1.0,3,0
815733452,MayaSuy,brand,0.0,2,6
815733453,elenaperez,female,1.0,1,1
815733454,365MarathonMan,male,1.0,1,1
815733457,literallymadie,female,1.0,3,8
815733458,44_juli,male,1.0,3,2
815733459,imnotpaola,female,1.0,3,8
815733460,schizoaffected,female,1.0,3,5
815733462,GE0TEEN,female,1.0,3,10
815733463,OisinP,male,1.0,3,5
815733464,QuestionAll7,brand,0.0,3,0
815733465,elliesimpsonx_,female,1.0,3,0
815733466,asuna_xoxo,female,1.0,3,8
815733467,WAHMRevolution,female,1.0,1,1
815733468,StockExpert3,brand,0.0,0,7
815733469,PlammieFitWear,brand,0.0,0,1
815733470,The_Jak_Life,male,1.0,0,5
815733471,WritheAndShine,male,1.0,0,1
815733472,TaylaWelch,female,1.0,0,0
815733473,MacChillen,male,1.0,3,8
815733474,nicksgc,brand,0.0,1,1
815733475,nickw_112,male,1.0,0,3
815733476,taaloria,female,1.0,0,3
815733477,SuperBuddz,male,1.0,3,8
815733479,wickdchiq,female,1.0,1,10
815733480,12131415616,brand,0.0,2,4
815733481,SuyRaCo,brand,0.0,2,6
815733482,ray_noms,male,1.0,1,11
815733483,LittleMissCRM,female,1.0,3,2
815733484,Peteeastlondon,male,1.0,0,0
815733485,coachrossi,male,1.0,3,10
815733486,thatgrlaudrey,female,1.0,3,10
815733487,touch_MYrico,male,1.0,3,8
815733488,edgsalass,brand,0.0,1,9
815733489,geekygirlsarah,female,1.0,3,0
815733490,HeretoHelpBC,brand,0.0,0,1
815733491,TeamAHarmon,brand,0.0,0,0
815733492,bucksean1,male,1.0,0,0
815733493,Bobafett1988,male,1.0,0,0
815733494,amielslaytt,female,1.0,3,2
815733495,BrickleDanielle,female,1.0,3,8
815733496,mahdavia,brand,0.0,1,1
815733497,xKitti_,female,1.0,0,7
815733498,Jizzy_Ive,female,1.0,1,1
815733499,maciear12,female,1.0,3,2
815733500,pbdaileyfl,male,1.0,0,3
815733501,AsiwajuRaji,male,1.0,0,3
815733503,MCal27,male,1.0,3,10
815733504,WhatsGrammar,brand,0.0,3,2
815733505,RiotChopper,male,1.0,0,0
815733506,IzzyMizzyy,female,1.0,3,10
815733507,OrganicTrade,brand,0.0,1,10
815733508,Skilly006,male,1.0,0,0
815733509,pfoeller,male,1.0,0,0
815733510,MishoMoney,male,1.0,0,5
815733511,cmcbvc,female,1.0,0,3
815733512,ajhughes23,female,1.0,0,3
815733513,CSRAWeather,brand,0.0,0,1
815733514,CatT15978042,female,1.0,2,4
815733515,rubynicole_,female,1.0,3,8
815733516,MICKYRALLENS,male,1.0,1,1
815733517,l1iee,unknown,,3,7
815733518,pilot117dreamer,male,1.0,2,3
815733519,HeshamBeram,brand,0.0,3,10
815733520,emmabrotherton_,female,1.0,3,8
815733521,xkchhor,female,1.0,3,7
815733522,Rosakyaaa,female,1.0,3,2
815733523,takogokudera,male,1.0,3,10
815733524,yungnhigh,male,1.0,0,7
815733525,Kiqoseven,unknown,,3,8
815733526,jediijewelz,female,1.0,3,7
815733527,umbrella_di,male,1.0,1,1
815733528,Hoes_and_Retros,male,1.0,3,10
815733529,Geek_Nurse,male,1.0,1,5
815733531,lisa_imamura,female,1.0,3,7
815733532,HORANZADE,male,1.0,3,8
815733533,thegiveawaybot1,unknown,,2,6
815733534,oconeeredneck,unknown,,1,9
815733535,GHOSTGALLAVlCH,male,1.0,3,2
815733536,EZtheOG,male,1.0,0,7
815733537,SixersFranklin,male,1.0,0,0
815733538,_Desperlady_,female,1.0,3,2
815733539,indofindoo,female,1.0,3,10
815733540,AlsramiDr,male,1.0,0,3
815733541,alisonclark14,female,1.0,0,0
815733542,roch_samaritans,brand,0.0,0,1
815733543,swaggysational,female,1.0,3,2
815733544,bebeazizz,unknown,,3,8
815733546,618mom23boys,female,1.0,1,11
815733547,camcgroder,female,1.0,0,1
815733548,tophwells,male,1.0,0,5
815733549,MomosMonkey,female,1.0,3,8
815733550,WorldGreenBell,brand,0.0,2,6
815733551,KenPlume,male,1.0,1,1
815733552,justapunkchild,female,1.0,3,5
815733553,iPsychiatryNews,brand,0.0,0,3
815733554,r4tqueen,female,1.0,3,2
815733555,paulsandey78,male,1.0,1,5
815733556,Allie_Mashmusic,brand,0.0,0,3
815733557,Ms_Dashy,female,1.0,1,10
815733558,MonroeTrades,male,1.0,0,3
815733559,designedbiebers,male,1.0,3,7
815733560,kds1mall,male,1.0,1,1
815733561,Zlatan_Son,male,1.0,3,0
815733562,3CountThursday,brand,0.0,3,0
815733563,pugsnotdrugs50,female,1.0,3,2
815733564,DelaBruh,male,1.0,3,5
815733565,diapphire,unknown,,3,2
815733566,RustedFacade,male,1.0,0,3
815733567,BURGERFI_Well,brand,0.0,0,3
815733568,meston43,male,1.0,0,7
815733569,dreamalashay05,female,1.0,0,5
815733570,J_Wowww333,female,1.0,3,0
815733571,RainbowDemi314,female,1.0,3,2
815733572,MissRikkiRose,female,1.0,1,10
815733573,KrysUrb,unknown,,0,3
815733574,PorterHalle,female,1.0,0,7
815733575,scattermoon,unknown,,3,10
815733576,sfreshprincess,male,1.0,3,2
815733577,weeddream420,brand,0.0,3,7
815733578,____SHANTi,female,1.0,3,8
815733579,TathanT,male,1.0,0,7
815733580,large___cool,male,1.0,3,10
815733581,x_Globoy4eva,male,1.0,0,7
815733582,SportsNewsBTS,brand,0.0,0,7
815733584,shortsORpants,brand,0.0,0,3
815733585,jellz_23,female,1.0,3,8
815733586,MineMgzn,brand,0.0,2,6
815733587,Jenluwang,female,1.0,0,3
815733588,Jake_Brown,male,1.0,1,10
815733589,carolinetovar94,female,1.0,0,5
815733590,AlexissssG,female,1.0,3,8
815733591,alainam13,female,1.0,3,7
815733592,brittanytadams,female,1.0,3,2
815733593,betterlivindex,brand,0.0,0,1
815733594,hopburnsblack,brand,0.0,3,0
815733596,chris_awk,female,1.0,3,10
815733597,sagacious_eq,female,1.0,3,2
815733598,Hatch3231,male,1.0,0,0
815733599,kjosephabraham,male,1.0,1,10
815733600,Thee_Jokester,male,1.0,3,5
815733601,jason_fenty,male,1.0,1,10
815733602,LucyMooney1229,female,1.0,0,3
815733603,ultimateoffer,brand,0.0,1,11
815733604,XDarkPlaysMC,brand,0.0,0,3
815733605,ffvadvance,male,1.0,3,2
815733606,NaomieW_mylife,brand,0.0,0,1
815733607,DwightNYC,male,1.0,0,5
815733608,Joshmar18,male,1.0,3,5
815733609,MikeArmstrong2,male,1.0,1,1
815733610,KokerKennedy,female,1.0,0,7
815733611,Erupt_SyNs,male,1.0,3,2
815733612,NigelHollier,male,1.0,3,5
815733613,CSgoHawks,male,1.0,0,5
815733614,hthrkncd,female,1.0,1,11
815733615,pmango26,male,1.0,0,5
815733616,nicemansolo,male,1.0,3,2
815733617,chantalintonte,female,1.0,3,0
815733618,G2Room110,brand,0.0,0,3
815733619,adidakidlou,female,1.0,3,2
815733620,AvalianaSpots,female,1.0,0,1
815733621,TVJustMine,brand,0.0,2,6
815733622,trackingpaws,brand,0.0,1,11
815733623,galleregui,male,1.0,3,2
815733624,rouanajem,female,1.0,0,5
815733625,Ally4345,female,1.0,3,8
815733626,RocketGroup,male,1.0,3,0
815733627,lord_jerg,male,1.0,0,7
815733628,AlixeCormick,female,1.0,1,0
815733630,BryceSibold,male,1.0,3,8
815733631,iamgergy,unknown,,0,0
815733632,drake_ethan,male,1.0,3,8
815733633,xxchrisxleekxx,male,1.0,3,7
815733634,Siofrog,female,1.0,0,1
815733635,55002koyli,brand,0.0,0,3
815733636,_strong08,female,1.0,3,2
815733637,Fony_Zony,brand,0.0,3,0
815733638,TheTacitVoice,unknown,,0,3
815733639,Info24US,brand,0.0,2,9
815733641,bent_ooh,female,1.0,3,8
815733642,manaryaassin,female,1.0,3,8
815733643,NurChronicals,male,1.0,3,8
815733644,byZayys,brand,0.0,3,8
815733645,Liz_corwin,female,1.0,1,1
815733646,Suttanitta,female,1.0,3,8
815733647,abbeyythompson,female,1.0,0,7
815733648,TWlTTERLESSDOM,male,1.0,3,8
815733649,dronesweetie,brand,0.0,0,7
815733651,pedrojsexton,female,1.0,1,9
815733652,steezynun,female,1.0,3,8
815733653,electrazhearts,female,1.0,0,7
815733654,yoglxbs,female,1.0,3,8
815733655,TheAudman,male,1.0,1,10
815733656,RashidKorai,male,1.0,0,3
815733657,Em_daily,female,1.0,1,1
815733660,Ms_Oney,female,1.0,0,3
815733661,LIVESTOCKcanada,brand,0.0,1,1
815733662,yooahoe,female,1.0,3,2
815733663,BankingLaw,brand,0.0,1,1
815733664,LoveShanilda,female,1.0,3,8
815733665,Diedra_Simunovi,brand,0.0,3,2
815733666,Dvrith,male,1.0,3,7
815733667,HolyNorminah,female,1.0,3,8
815733668,ChrisF1116,brand,0.0,0,0
815733669,DomPipkin,male,1.0,1,1
815733670,grierho,female,1.0,3,7
815733671,GodfreyB2B,brand,0.0,1,1
815733672,AshleyElliott5,female,1.0,1,10
815733673,FarpointToys,brand,0.0,0,3
815733675,XUrbanSimsX,brand,0.0,3,5
815733676,elledub_1920,female,1.0,3,10
815733677,tiffanyreisz,female,1.0,3,10
815733678,welcomebck,female,1.0,3,8
815733679,UnaLaceyF4F,female,1.0,0,3
815733680,EzaMpinda,female,1.0,1,8
815733681,sweetwaterbrew,brand,0.0,1,1
815733682,steph_mcgowan97,female,1.0,3,2
815733683,ohnoyoongi,female,1.0,3,10
815733684,grumpcrusader,male,1.0,3,10
815733685,TurismeCastello,male,1.0,0,1
815733686,smoI_princess,female,1.0,3,5
815733687,robcaz,male,1.0,3,10
815733688,AnAdventure_,female,1.0,0,5
815733689,kt_boundaryless,female,1.0,0,6
815733690,CSNMooney,male,1.0,0,5
815733691,applepiejacob,female,1.0,3,2
815733692,csoundzradio,brand,0.0,1,1
815733693,Cristopher7650,brand,0.0,2,4
815733694,SelfInc4U,female,1.0,1,9
815733695,5sos_apple,male,1.0,3,2
815733696,MVerdecia,male,1.0,0,3
815733697,rippertourldn,brand,0.0,3,2
815733698,takua343,brand,0.0,3,2
815733699,arrianarenee__,female,1.0,3,8
815733701,TheAudmanMedia,brand,0.0,1,1
815733702,EconBritain,brand,0.0,1,1
815733703,finn_thy_Human,brand,0.0,0,5
815733704,lizzieolsons,female,1.0,3,2
815733705,misspowell_,female,1.0,0,5
815733706,IndecisivePearl,female,1.0,3,10
815733707,nevkdep,female,1.0,3,8
815733708,josepopinion,male,1.0,1,11
815733709,__inSIDeous,female,1.0,3,2
815733710,DarkestHeart_,female,1.0,3,8
815733711,Marianat94,female,1.0,0,3
815733712,Kami1405,female,1.0,0,5
815733713,ashleyrenfro,female,1.0,3,10
815733714,Glittery_Viki,female,1.0,1,8
815733715,Millie186025,female,1.0,2,4
815733716,SuicideBiscuits,brand,0.0,3,10
815733717,hiitsmat2,male,1.0,0,7
815733718,poor2016,brand,0.0,2,9
815733719,128smith,male,1.0,0,0
815733720,SJSkatiea,unknown,,0,3
815733721,tevanthegreat,male,1.0,1,1
815733722,ms45,female,1.0,3,5
815733723,keira_writes,female,1.0,3,2
815733724,JamesHutton80,male,1.0,3,0
815733725,_Keewy_,unknown,,3,5
815733726,jc_limitless,male,1.0,1,1
815733727,CafeBakerAP,brand,0.0,0,3
815733728,mamamanvz,female,1.0,3,8
815733729,hahahaNialler,brand,0.0,3,2
815733730,BeastlyGrowls,male,1.0,1,10
815733731,cat_wilson08,female,1.0,3,2
815733732,mum2tomandjacob,female,1.0,0,0
815733733,4328fox,brand,0.0,3,2
815733734,LCurray,brand,0.0,0,3
815733735,__JuicyJess,female,1.0,3,2
815733736,LyndonStaff,brand,0.0,1,9
815733737,ejpmonline,male,1.0,1,9
815733738,stylinsontrol,male,1.0,3,2
815733739,falldragons,female,1.0,3,2
815733740,oheyimsophiee,female,1.0,3,10
815733741,nicola_warwick,female,1.0,0,1
815733742,xYadig,male,1.0,3,7
815733743,TrainSiulator,unknown,,1,9
815733744,ActivityToronto,brand,0.0,1,11
815733745,KingfromKush,male,1.0,1,1
815733746,casandromart,brand,0.0,1,9
815733747,Cam_Hammer,male,1.0,0,5
815733748,Schwagler_,female,1.0,3,8
815733749,bluebxrrylarry,male,1.0,3,7
815733750,LebretonAbby,male,1.0,0,11
815733751,ellieturnbull_,female,1.0,0,7
815733752,Rodashean,female,1.0,3,8
815733753,ZakSketch,brand,0.0,3,5
815733755,AudeBordetti,unknown,,0,8
815733756,selinascott88,female,1.0,1,11
815733757,BGPIslands,male,1.0,0,11
815733758,theduckshoot,male,1.0,1,1
815733759,Leticiabarnes19,female,1.0,0,7
815733763,Kahduna,female,1.0,3,10
815733764,KayleeBrooks29,female,1.0,3,7
815733765,johnnyGeeBeats,male,1.0,1,11
815733766,favcarabutera,female,1.0,3,7
815733767,squishysuga,male,1.0,3,2
815733768,FWSullivans,brand,0.0,1,1
815733769,ChrisOllie10,male,1.0,3,8
815733770,nyaneyan,brand,0.0,3,2
815733771,LordZypher,male,1.0,3,10
815733772,blendvai,male,1.0,0,5
815733773,seanco88,male,1.0,0,5
815733774,_ADiam0ndSoRare,female,1.0,3,8
815733775,village_Geh,female,1.0,0,5
815733776,moss_murphy,male,1.0,0,7
815733777,MissNyy,female,1.0,1,10
815733778,leeannrasool,female,1.0,3,2
815733780,Intalksication,male,1.0,0,1
815733781,NOFAVT,brand,0.0,1,1
815733782,cvinson88,female,1.0,3,2
815733783,delaneyrick,female,1.0,0,1
815733785,davidavenport,female,1.0,0,1
815733786,adelHeidSmith,female,1.0,0,5
815733788,HelenaRacAuthor,female,1.0,0,7
815733789,ketinaharriet,female,1.0,0,3
815733790,ohheyitsbekka,female,1.0,3,8
815733791,victor94247281,female,1.0,0,3
815733792,bot_salty,unknown,,1,11
815733793,AIgerian,brand,0.0,3,2
815733794,gianni_rae_98,female,1.0,0,5
815733795,crazynwildbaby,unknown,,0,9
815733796,GaiaHemmo,female,1.0,3,2
815733797,Gunslinger12b,male,1.0,1,11
815733798,DebbieCSMusic,female,1.0,3,8
815733800,SCBierton,female,1.0,3,8
815733801,aqualina56,female,1.0,1,0
815733802,CerrahMarie,female,1.0,3,7
815733803,IrishRebel1981,male,1.0,1,10
815733804,revolbert,male,1.0,1,1
815733805,llewynsdavis,female,1.0,3,2
815733806,CBash62,male,1.0,0,3
815733807,ericayoon,female,1.0,0,1
815733808,eleanorporrittx,female,1.0,3,5
815733809,CrassFedBeef,female,1.0,3,8
815733810,Bizzler4,brand,0.0,0,0
815733811,favhouse,brand,0.0,1,9
815733812,NullAlu,male,1.0,1,1
815733813,A_Miekis,male,1.0,3,8
815733814,MrRiRiCoD,male,1.0,3,8
815733815,dallxsc,male,1.0,3,2
815733817,inhale_rj,male,1.0,3,2
815733818,CramersShirt,male,1.0,3,8
815733819,_Selena_smile,female,1.0,1,11
815733821,Kealynnw,female,1.0,3,2
815733822,suzi187,unknown,,3,5
815733823,MechamDawn,female,1.0,1,9
815733824,im_mean_2,female,1.0,3,8
815733825,eerian_sadow,unknown,,3,10
815733826,alexisdaymakeup,female,1.0,1,11
815733828,LitChat,brand,0.0,1,10
815733829,__DjBrehhh__,male,1.0,3,2
815733830,LeAnhTony,unknown,,3,7
815733831,NewsWatch_99,brand,0.0,0,5
815733833,NicoNicoletteXX,female,1.0,0,5
815733835,bcfc_fans_fc,brand,0.0,3,8
815733836,lucka2k,female,1.0,3,10
815733837,tarawolfchakra,brand,0.0,1,1
815733839,Janabdaher,female,1.0,0,5
815733840,WilfredJenkins,male,1.0,0,3
815733841,jm_nicolee,female,1.0,0,5
815733842,farajigreen,male,1.0,3,7
815733843,Garryjgc2,male,1.0,0,5
815733844,okayhiram,male,1.0,3,8
815733845,JoySeele,brand,0.0,0,3
815733846,QuinnFos,male,1.0,3,2
815733847,FoxDreamz,male,1.0,3,8
815733848,wattshianne,female,1.0,3,7
815733849,briarseneault,female,1.0,0,7
815733850,uuhhleesuhh,female,1.0,3,2
815733851,PAWSofCoronado,brand,0.0,0,5
815733852,ShadowCannard,male,1.0,0,0
815733853,DominantMarks,male,1.0,3,7
815733854,kolaaakatsuo,male,1.0,2,6
815733855,TacoBella_,female,1.0,3,8
815733856,WELFAREQUEEEN,female,1.0,3,2
815733857,JisooBlackCat,unknown,,3,2
815733858,bonorwich,brand,0.0,3,2
815733859,CallherLEE,female,1.0,3,8
815733860,MAConsultancy1,male,1.0,3,2
815733861,futuresagency,brand,0.0,1,1
815733862,MisutaJono,male,1.0,3,10
815733866,RANIYAH__,female,1.0,0,7
815733867,KatieWyman15,female,1.0,3,8
815733868,JamieOPR,male,1.0,0,5
815733869,phan_mean,unknown,,0,7
815733870,trampingmystyle,female,1.0,3,5
815733871,lovemenotchloe,female,1.0,0,7
815733872,lxurenydg,female,1.0,3,2
815733873,njhpoem,male,1.0,3,2
815733874,dau_david,male,1.0,0,0
815733875,FootyFitSean,male,1.0,0,3
815733876,aodonnell95,male,1.0,3,7
815733877,georgiadexx,female,1.0,3,10
815733879,wrnjradio,brand,0.0,1,1
815733880,aloe_red,male,1.0,3,8
815733881,elliemaebowers,female,1.0,3,7
815733882,I_Am_BigHam,male,1.0,1,10
815733883,POPHold_It_Down,male,1.0,3,8
815733884,__CerpinTaxt,female,1.0,3,8
815733885,Christina_0523,female,1.0,0,8
815733886,mikam_9412,female,1.0,0,7
815733887,LolaGreenwood,female,1.0,0,7
815733889,amyseitzz,female,1.0,0,7
815733890,frumperoo,male,1.0,3,10
815733891,lovelittlelush,brand,0.0,0,3
815733892,ralphsutton,male,1.0,1,1
815733893,ShaunWard83,male,1.0,0,0
815733894,theninechiors,male,1.0,0,3
815733895,RadioBobiko,brand,0.0,1,11
815733896,salterdan,female,1.0,0,5
815733897,Madge_Losa,female,1.0,1,9
815733898,steyb76,unknown,,0,7
815733899,wundirlinde,male,1.0,3,2
815733900,_caseyeasby,female,1.0,3,8
815733901,ChristineCleek,brand,0.0,1,1
815733902,Kassidood,female,1.0,3,0
815733903,mountainbuggy,brand,0.0,1,1
815733904,STEALZUS,male,1.0,3,10
815733905,flvxko,male,1.0,3,0
815733906,caitichristie74,female,1.0,3,2
815733907,hectorandirais,male,1.0,0,3
815733908,WalterHellsing1,female,1.0,0,3
815733909,wesleycleo,male,1.0,0,5
815733911,Tinavonn,female,1.0,1,11
815733912,michmoorefield,female,1.0,3,8
815733913,eallenjets,male,1.0,0,5
815733914,basicallymcvey,female,1.0,3,8
815733915,__Noeliaa,female,1.0,3,8
815733916,esmerosvles9,female,1.0,0,7
815733917,SenoritaShawdy,female,1.0,0,7
815733918,katie_nicole234,female,1.0,3,2
815733919,emily_ladau,female,1.0,3,7
815733920,KBanky1,male,1.0,1,10
815733921,CottageOckman,brand,0.0,0,7
815733922,MeiMeiMemeMe,brand,0.0,0,3
815733923,MarcMarcBomaye,male,1.0,3,8
815733924,KWSInab,brand,0.0,2,6
815733925,FiveWayRevenge,unknown,,3,2
815733926,monicalym,female,1.0,3,8
815733927,whoisagentzero,male,1.0,1,11
815733928,OliviaKelly_,female,1.0,3,10
815733929,Synix__,brand,0.0,0,3
815733930,faith09luvsyou,female,1.0,3,2
815733931,PaulRivas17,male,1.0,0,3
815733932,bezsmertnyj,female,1.0,3,2
815733933,TrinaKLee,female,1.0,3,10
815733934,KingCortCort,male,1.0,3,8
815733935,fimyqoninihe,female,1.0,0,3
815733936,Telitabobita,female,1.0,3,0
815733937,itzmzimiamiaaa,female,1.0,3,10
815733938,HerbNeu,male,1.0,1,1
815733939,The_MoBee,male,1.0,3,8
815733940,craig_bigvee71,male,1.0,0,7
815733941,DocsSister_,female,1.0,0,3
815733942,PatrikBohi,brand,0.0,0,1
815733943,R_Meditation,brand,0.0,3,2
815733944,zyxy_nana,female,1.0,3,2
815733945,we_made_1t,male,1.0,0,7
815733946,drewbe10,male,1.0,3,7
815733947,__J_L_M__,brand,0.0,1,10
815733948,bencookson05,male,1.0,0,5
815733949,lwtdirtbag,male,1.0,3,2
815733950,alrightlandlord,male,1.0,0,5
815733951,davbrail_,female,1.0,3,7
815733952,xosierrah,female,1.0,0,7
815733953,Your_Earl,brand,0.0,0,3
815733954,Eduan_22,male,1.0,0,0
815733955,allie_cb,female,1.0,0,7
815733956,Whitney_Dale01,female,1.0,3,2
815733957,JimTeresco,male,1.0,1,1
815733958,77PGC,male,1.0,3,2
815733959,_Chenna_,female,1.0,3,8
815733960,SouthwestAir,brand,0.0,3,10
815733961,jill_krupa,female,1.0,1,1
815733962,Sunofzayn,female,1.0,3,2
815733963,kellishorteee,female,1.0,3,8
815733964,Jgostaudelafont,male,1.0,0,3
815733966,mywaitisu,brand,0.0,3,7
815733967,michigarbage,female,1.0,3,2
815733968,Nashbae66_is,male,1.0,3,7
815733969,ChrisHolcomb,male,1.0,1,10
815733970,NoHoldinBack_22,female,1.0,3,8
815733971,contriteshadow,brand,0.0,3,10
815733972,MetinV4,male,1.0,3,8
815733974,torinspiration,female,1.0,3,7
815733975,glittertanya,female,1.0,3,2
815733976,deborahbee_,female,1.0,3,7
815733977,meghan_galliger,female,1.0,0,7
815733978,Jace_321,male,1.0,3,2
815733979,EllieFitton,female,1.0,3,8
815733981,ohhsaragray,female,1.0,3,5
815733982,AskManeeja,female,1.0,0,5
815733983,emvillaaav,female,1.0,3,8
815733985,Mrtza15,male,1.0,3,5
815733986,AskNezka,female,1.0,1,10
815733987,Peraknudsen,male,1.0,0,0
815733988,1rivas83,male,1.0,0,7
815733989,PaulParmar1,female,1.0,3,2
815733990,Queen_of_Snark,female,1.0,3,8
815733991,RillaCuthbert,female,1.0,3,2
815733992,BonesDobie,brand,0.0,3,2
815733993,ritabites,female,1.0,3,0
815733995,hotemobabez,female,1.0,1,1
815733996,dennisastewart,male,1.0,0,5
815733997,2DENISE092,female,1.0,2,9
815733998,Luminaria98,brand,0.0,3,10
815733999,FYSuccess,brand,0.0,0,5
815734000,IvanaBlowjob,male,1.0,3,7
815734001,MarissaEstelle,female,1.0,3,10
815734002,J_McCurry08,male,1.0,3,10
815734003,TheologyGuru,female,1.0,0,5
815734004,thedeblock,male,1.0,3,8
815734006,Alison_Pilton,female,1.0,3,8
815734007,MushoofABC,male,1.0,0,5
815734008,Shim_bop,brand,0.0,3,2
815734010,SenseiNathaniel,male,1.0,3,8
815734011,tydrizzyy,male,1.0,2,6
815734012,freakingFRESCH,female,1.0,3,8
815734015,brodigan,brand,0.0,3,10
815734016,MeemZ_26,female,1.0,3,8
815734017,gangstarei,female,1.0,3,2
815734018,fxgadis,female,1.0,3,8
815734019,SebxstixnVI,male,1.0,3,8
815734020,BlackIrishI,female,1.0,3,0
815734021,RollThatTide,male,1.0,3,2
815734022,EC_Everything,male,1.0,3,0
815734023,Bolster,male,1.0,3,0
815734024,Jroberson32,male,1.0,0,0
815734025,msdeonb,female,1.0,1,1
815734026,Briiiitttt6991,female,1.0,3,7
815734028,UffeBodin,male,1.0,3,0
815734029,LoveeeBnai,female,1.0,0,6
815734030,KelseyMcCarson,female,1.0,3,8
815734031,iljc3,unknown,,0,6
815734032,MrTallPaul1,male,1.0,3,2
815734033,samsBellabob,brand,0.0,3,2
815734034,Lesungpipinyasi,male,1.0,3,10
815734036,gingiferr,female,1.0,3,7
815734037,ScyTweeter,brand,0.0,0,5
815734038,Nixonsloungechr,brand,0.0,0,3
815734039,Nomnomqondiso,female,1.0,3,7
815734041,GoddardTara,female,1.0,3,10
815734042,ovrld,brand,0.0,1,0
815734043,NicollAnika,female,1.0,3,7
815734044,Adlez27,brand,0.0,3,2
815734045,StephanHanna,male,1.0,3,2
815734046,CalynC,female,1.0,3,7
815734047,mrkclum,female,1.0,3,8
815734048,sunnysehunn,female,1.0,3,7
815734049,megg0101,female,1.0,0,7
815734051,Delphiguy73,male,1.0,0,3
815734052,Mista_Donzie,brand,0.0,0,0
815734053,barnezyy,female,1.0,3,8
815734054,ian_somerx,female,1.0,3,7
815734055,HansBrender,male,1.0,1,1
815734056,arsenalamerica,brand,0.0,3,0
815734057,_boiteux,male,1.0,3,7
815734058,rofcrossover,brand,0.0,0,3
815734059,mixedupboy,male,1.0,1,10
815734060,paul_ee,male,1.0,3,8
815734062,ankitya1,male,1.0,0,5
815734063,MelinalistRants,female,1.0,3,2
815734064,TimDunkin,male,1.0,1,10
815734068,Sunglare,brand,0.0,3,0
815734069,ChloePepito,male,1.0,3,2
815734070,Stu101093,male,1.0,0,5
815734071,TechyTee,male,1.0,1,10
815734072,TommyTryHard,male,1.0,3,2
815734073,MavecMojca,female,1.0,0,11
815734074,ShodieB11,male,1.0,3,0
815734075,merleweiner,brand,0.0,1,11
815734076,gwenmalabad,female,1.0,3,7
815734077,himeshite,unknown,,3,8
815734078,novandogiantino,brand,0.0,0,1
815734079,ocoeegt,brand,0.0,0,1
815734080,TDGUpdates,unknown,,1,1
815734081,njhftlwt,male,1.0,3,6
815734083,ZGoraum,male,1.0,0,1
815734084,Narrator_Claire,brand,0.0,0,3
815734085,sthelenstownfc,brand,0.0,1,10
815734086,TroyBlayne,male,1.0,3,2
815734087,myeyesflewopen,female,1.0,3,8
815734088,chcrgedup,female,1.0,3,2
815734089,ZacPittman,male,1.0,0,0
815734090,ShortAndCrunch,brand,0.0,1,11
815734091,TeeFreee,female,1.0,3,8
815734092,freebvnd,male,1.0,3,7
815734093,AllenYork,male,1.0,3,10
815734094,JoMonsternyc,male,1.0,3,8
815734095,GilmoreGuysShow,brand,0.0,3,2
815734096,MattChristmas1,male,1.0,3,8
815734097,twlldun,brand,0.0,3,2
815734098,TanisEmily,female,1.0,3,8
815734099,fearmp3,female,1.0,3,2
815734100,bandsaddicted_,female,1.0,3,2
815734101,earths_choice,brand,0.0,1,1
815734104,Cardiff_Wales,brand,0.0,3,2
815734105,EvaVigouroux,female,1.0,1,11
815734106,joshua_g10,male,1.0,0,3
815734107,Sinful_Novakk,female,1.0,3,8
815734108,ambienthorizons,male,1.0,0,3
815734109,publicsio,female,1.0,3,2
815734110,Noles247,brand,0.0,1,1
815734111,iam_Qcee,male,1.0,1,9
815734112,jbradfield,male,1.0,1,10
815734113,JordanMellott,female,1.0,3,8
815734114,karisemmi,female,1.0,3,7
815734115,ApartmentsiLike,female,1.0,1,1
815734117,Stunninggstyles,female,1.0,3,7
815734118,johnhcummins,male,1.0,0,5
815734120,Iconpellz,male,1.0,0,5
815734121,CaroleBeavis,female,1.0,0,1
815734122,mattyboy15,male,1.0,0,5
815734123,josilicious_,female,1.0,3,10
815734124,RobProvince,brand,0.0,3,2
815734125,xelmahdi,unknown,,3,2
815734126,jscottbriggs,male,1.0,0,3
815734127,FatherFoamHorse,male,1.0,3,2
815734128,IkebukuroAnger3,male,1.0,0,5
815734129,davegwright,male,1.0,0,5
815734130,Sale_Fox,brand,0.0,1,9
815734131,_whiteboyfresh7,male,1.0,3,2
815734132,euro2016guide,brand,0.0,1,9
815734133,dukeo,brand,0.0,1,1
815734134,CleanClassicCar,brand,0.0,1,1
815734135,bbymerc,female,1.0,3,0
815734136,games_24_365,brand,0.0,2,9
815734137,Stevie_Aiggz,male,1.0,3,10
815734138,keyperspective,female,1.0,3,10
815734139,rhaydee20,female,1.0,3,7
815734140,curtainfactory1,brand,0.0,0,3
815734141,VICEC0LD,female,1.0,3,8
815734142,ItsMikeFagan,male,1.0,1,10
815734143,splash_godd,male,1.0,3,7
815734144,_wifty,female,1.0,0,5
815734145,imstephsegovia,female,1.0,3,8
815734148,staticageiero,male,1.0,3,2
815734149,worldwideRSS,brand,0.0,1,9
815734150,divinemadness,female,1.0,3,2
815734151,KarmenDealza,female,1.0,1,9
815734152,greer_erin,female,1.0,3,8
815734153,trending_troy,male,1.0,3,5
815734154,MommyCouponSwap,brand,0.0,1,9
815734155,Hollyforshort,female,1.0,0,7
815734156,planeondaroof,brand,0.0,3,2
815734157,timmy_glantz,male,1.0,0,3
815734158,DBrucey97,male,1.0,3,7
815734159,615Bishop,male,1.0,0,5
815734160,markharun,female,1.0,0,5
815734161,chrisabraham,male,1.0,1,10
815734163,WolfPonyLoup,male,1.0,0,7
815734164,Brooooklynrain,female,1.0,3,2
815734165,maggie6davis,female,1.0,0,7
815734166,andynelad,female,1.0,3,2
815734167,joshpowell51,male,1.0,3,5
815734169,FlavourCrusader,brand,0.0,0,5
815734170,87_cjohnson,male,1.0,3,0
815734171,ReikiAnimalHeal,brand,0.0,0,1
815734172,ohheytravis,male,1.0,3,10
815734173,carlyebaines,unknown,,3,2
815734174,alaaalsabaaa,male,1.0,3,8
815734175,182Joanna,female,1.0,0,7
815734176,here_comes_B,male,1.0,3,10
815734177,tweetatg,brand,0.0,1,9
815734178,effectrode,male,1.0,1,1
815734180,lilsmokerscough,female,1.0,3,8
815734181,monstracious,brand,0.0,3,2
815734182,morganrmckay,female,1.0,3,7
815734183,joelgolby,male,1.0,3,8
815734184,MillieCopsey,female,1.0,3,7
815734185,ItsMayorJordan,female,1.0,3,2
815734186,l0newlf_,male,1.0,3,8
815734187,AndrewDixonSo,male,1.0,3,8
815734188,dotmenico,male,1.0,1,1
815734189,LiaBarber,female,1.0,3,2
815734190,whitegirlari,female,1.0,3,7
815734191,courts4short,female,1.0,3,8
815734192,hariomji5,brand,0.0,3,2
815734193,MlSTYEYED,female,1.0,3,8
815734194,zelimpa,brand,0.0,3,2
815734196,JamesT_26,male,1.0,0,7
815734197,liyaahpatra,female,1.0,0,7
815734198,aveeksen,male,1.0,3,0
815734199,w0tsacimorelli,female,1.0,3,2
815734200,skybernsieford,female,1.0,1,9
815734201,tjh0104,female,1.0,0,5
815734202,simply_sona,female,1.0,0,0
815734203,michaelmcdonn,female,1.0,0,3
815734204,anytimetips,brand,0.0,0,7
815734205,BigRallied,male,1.0,3,8
815734206,abi__tolley,male,1.0,3,8
815734207,CMYKai_,brand,0.0,0,3
815734208,Muzi_MTS,male,1.0,0,8
815734209,_ChhayaK,female,1.0,0,7
815734210,Table6Denver,brand,0.0,0,3
815734211,Hadiyaaahh,female,1.0,3,2
815734212,CampCanineInc,brand,0.0,0,1
815734213,LWandB,male,1.0,0,3
815734214,laurenntoogood,female,1.0,0,7
815734215,jouriedyer,female,1.0,3,8
815734216,txmlinsnzouis,female,1.0,3,2
815734217,DivergentSan,brand,0.0,0,0
815734218,MyongheehHae,female,1.0,0,3
815734219,CheekyMissJJ,female,1.0,1,9
815734220,chelaa__,female,1.0,3,8
815734221,DeirdrelLeigh,female,1.0,0,3
815734222,waplrocks,brand,0.0,1,1
815734223,Ray_Constantino,male,1.0,0,5
815734224,BellevueHilton,brand,0.0,1,1
815734225,SUSANNAVARELA,female,1.0,1,6
815734227,oxo6,brand,0.0,1,1
815734228,acupunctureyuma,brand,0.0,0,1
815734229,Sucio_McFly,male,1.0,3,8
815734230,karungi220,female,1.0,0,3
815734231,thecuriouslo,female,1.0,0,5
815734232,AndyLopez__,male,1.0,3,8
815734233,ActressInLA,female,1.0,0,5
815734234,bstephanyv,female,1.0,0,7
815734235,bdean1981,male,1.0,0,0
815734236,PadddyBlack,female,1.0,0,5
815734237,ImTaylorVixen,female,1.0,1,9
815734238,tatianalthorpe,female,1.0,0,7
815734239,Kaz4Wokingham,male,1.0,1,0
815734240,susanmcdermott,female,1.0,0,8
815734241,DrGreenthumbJon,male,1.0,3,5
815734242,Gida152,unknown,,0,7
815734243,chrispco,male,1.0,1,10
815734244,Collinsfrappe,brand,0.0,3,2
815734245,lemotquitue,unknown,,0,3
815734246,brsodaa,male,1.0,2,6
815734247,JaszmineCmr,female,1.0,0,1
815734248,drewmckevitt,male,1.0,3,10
815734249,veronicatweetys,female,1.0,1,9
815734250,brigibas,female,1.0,0,7
815734251,barton_official,male,1.0,3,2
815734252,TBZ_Yukams,male,1.0,0,3
815734254,TheUpperValley,brand,0.0,0,3
815734255,Kid_Fuckery,male,1.0,1,9
815734256,craftypedlar,female,1.0,0,7
815734257,calmdowndarlin,unknown,,0,5
815734258,DelimarRiri,female,1.0,3,7
815734259,QRosborough,male,1.0,3,5
815734261,boomm_zz,male,1.0,0,3
815734262,MatchmakerPost,brand,0.0,0,1
815734263,parksjimint,male,1.0,3,7
815734264,quisedom,male,1.0,3,7
815734265,_ZZZTOP,male,1.0,3,2
815734266,Chris_Morales52,male,1.0,3,7
815734267,ninadimarco96,female,1.0,0,5
815734268,kcparentx,female,1.0,3,10
815734272,fadlansxe,male,1.0,0,7
815734273,KSDMIT,male,1.0,0,3
815734274,_Smiddash,male,1.0,3,10
815734275,stynlinshine,male,1.0,3,6
815734276,AshlynRose20,female,1.0,0,3
815734277,Joadqu__Qeufpe,male,1.0,1,9
815734278,Pocholo_aa,male,1.0,3,8
815734279,phillypastor,male,1.0,1,1
815734280,themissesmae,female,1.0,1,10
815734281,JasmineeLouisaa,female,1.0,0,7
815734282,swayyyy_,female,1.0,0,7
815734283,ibogost,male,1.0,3,10
815734284,kyledvncan,male,1.0,3,2
815734286,Fatimahamoudi5,brand,0.0,0,7
815734287,Cunningham_KPMG,male,1.0,0,3
815734288,stepharb_,female,1.0,3,5
815734289,Connajay,male,1.0,0,5
815734290,paulzuke,male,1.0,1,10
815734291,PAblo_A10,male,1.0,0,5
815734292,WinBetaDotOrg,brand,0.0,1,1
815734293,MarshNinja,male,1.0,0,3
815734294,sarahcormier98,female,1.0,3,7
815734295,yaz_khalid,male,1.0,0,7
815734296,AccioStarKid,unknown,,3,8
815734297,stateoflwt,male,1.0,3,2
815734298,Brett_Pap,female,1.0,3,8
815734299,pyne_satarupa,female,1.0,0,5
815734300,invalidzico,female,1.0,3,2
815734301,tatsmato_himmie,female,1.0,3,0
815734302,afernandez321,male,1.0,0,5
815734303,60_and_stunning,brand,0.0,0,1
815734304,connectper,brand,0.0,0,1
815734305,LombeBNgandu,male,1.0,0,3
815734306,K_isanasshole,female,1.0,3,10
815734307,chinajane97,female,1.0,3,2
815734308,AfterWinnersRT,brand,0.0,1,11
815734309,8BTSLover8,female,1.0,0,7
815734310,Flynn_RS,male,1.0,3,2
815734312,zerowalls,male,1.0,3,0
815734313,KristenRenee997,female,1.0,0,7
815734314,MikiTaylorr,female,1.0,1,1
815734315,EandM_News,brand,0.0,1,9
815734316,Speedfrog66,male,1.0,1,9
815734317,twitchviewers_,female,1.0,3,2
815734318,GirlDaMila,male,1.0,3,5
815734319,dgilliam29,male,1.0,1,1
815734320,NBakes10,male,1.0,0,5
815734321,startupcelebes,brand,0.0,1,9
815734322,Whattupbish,female,1.0,0,7
815734323,CadenSuiter,male,1.0,0,3
815734324,HayleysCloset,female,1.0,1,11
815734325,kismesister,male,1.0,3,10
815734326,xlldv,female,1.0,3,2
815734327,LonelyOakradio,brand,0.0,1,9
815734328,PaganTrillanie,unknown,,1,1
815734329,meeralee,female,1.0,1,1
815734330,OGPezu,male,1.0,3,5
815734331,WhichUK,brand,0.0,1,1
815734333,tidma_kvh,unknown,,0,7
815734334,goshortandlong,brand,0.0,3,0
815734335,NutritionGlobal,brand,0.0,1,1
815734336,zaredbagehot,female,1.0,1,11
815734337,TheTributeAct,male,1.0,3,5
815734338,Jasonmich41,male,1.0,1,9
815734339,asex,male,1.0,3,8
815734340,Afinostux,male,1.0,0,3
815734341,TriSportWorld,brand,0.0,3,10
815734342,dadadaily,brand,0.0,3,8
815734343,ruthHotReviewTV,brand,0.0,2,6
815734344,loganPvm02,male,1.0,0,3
815734346,Tania_and_Bunny,unknown,,3,2
815734347,marsam22reed,female,1.0,0,0
815734348,rosaliebower,female,1.0,3,8
815734349,sloane_m,unknown,,0,1
815734350,pumpkin_horse,brand,0.0,3,8
815734351,maliuhh,female,1.0,3,8
815734352,JahKnoTK,unknown,,1,10
815734353,BDJ_RAT,male,1.0,0,1
815734354,brittwithit,female,1.0,0,7
815734355,RhiannonMcghee_,female,1.0,3,10
815734356,NiallHoranBH,male,1.0,3,2
815734357,isyyxo,female,1.0,3,10
815734358,ZodiacNein,unknown,,3,5
815734359,EaganPolice,brand,0.0,0,3
815734360,drivenhalsey,female,1.0,3,2
815734361,WorldOfJae,female,1.0,3,2
815734362,MmmD0nuts,male,1.0,3,10
815734363,bwfulk,male,1.0,0,1
815734365,loloveely,female,1.0,0,3
815734366,CAiTYBRiANA_823,female,1.0,3,8
815734367,HenryBeans,brand,0.0,3,10
815734368,_Max_Walker,male,1.0,3,6
815734369,OutThereShrops,brand,0.0,3,2
815734370,teja_roper,female,1.0,3,7
815734371,Chef4WhipHand,female,1.0,3,10
815734375,semieitas,brand,0.0,3,2
815734376,EmilyDreyfuss,female,1.0,3,10
815734377,RuthLRandall,female,1.0,0,1
815734378,janieestevens,female,1.0,3,7
815734379,HarlyWalton,male,1.0,0,3
815734380,MrAmaru,brand,0.0,3,10
815734381,MidlerFreak,female,1.0,1,11
815734382,explodingkaite,female,1.0,1,10
815734383,o2lunite,female,1.0,3,2
815734384,leonalombaerts,female,1.0,3,2
815734385,fmsnyc,male,1.0,0,5
815734386,RaraTheGreat,female,1.0,3,10
815734387,kenhhina,unknown,,3,7
815734388,holapolaa_,female,1.0,3,8
815734389,mrshjadams,female,1.0,1,9
815734390,DyanRilliamWeal,male,1.0,1,5
815734391,kurihiru,unknown,,3,2
815734392,Droid_Informer,male,1.0,1,9
815734393,rosssansom,male,1.0,1,11
815734394,TravisDiStasi22,male,1.0,3,8
815734395,NetherGamesRBLX,unknown,,0,3
815734396,4ad228e64de5481,male,1.0,2,4
815734397,sonicherosfan,brand,0.0,3,5
815734398,1electricpirate,brand,0.0,3,2
815734399,Fl3urescence,female,1.0,3,8
815734400,3WHITNEY468,female,1.0,2,4
815734401,GuineaGirl10,female,1.0,3,10
815734402,WyoRadio,brand,0.0,0,1
815734403,_Leeeeeeeez,female,1.0,3,8
815734404,daveyalba,female,1.0,3,5
815734406,wghutton,female,1.0,1,10
815734407,CardiffBizTweet,brand,0.0,3,2
815734408,CheerNewYork,brand,0.0,1,1
815734409,Ambur_GoogleMe,female,1.0,3,10
815734410,gaiages,brand,0.0,3,10
815734411,ashleytutu_x3,female,1.0,3,8
815734412,BramhallHatter,unknown,,0,5
815734413,Rachael_Smithh,female,1.0,3,8
815734414,B_JohnsonONE4,male,1.0,0,7
815734415,SaltCreekCN,brand,0.0,3,10
815734416,SusieFierce,female,1.0,3,10
815734417,dgw1996,male,1.0,0,0
815734419,ssalerno719,female,1.0,0,3
815734420,pepperqt,brand,0.0,3,2
815734421,Indecorous_Chap,male,1.0,0,3
815734422,D_Wiz_1911,male,1.0,2,10
815734423,AshleyRubio03,female,1.0,3,2
815734424,Raavii_,female,1.0,3,2
815734425,ShoothM,brand,0.0,2,6
815734426,JessieJane_21,female,1.0,2,6
815734427,blunttslutt,female,1.0,3,2
815734428,SiddyStreetz,female,1.0,3,8
815734429,soylattejoey,male,1.0,3,2
815734430,frank_ligtvoet,male,1.0,3,0
815734432,jasscaldwell,female,1.0,3,7
815734433,StockPVD,brand,0.0,0,1
815734434,AaliyahTamir,female,1.0,3,2
815734435,_Handy_Apps,brand,0.0,1,11
815734436,obsessedcackle,female,1.0,1,1
815734437,KathNielsGlobal,brand,0.0,1,10
815734438,parkscypher,female,1.0,3,2
815734439,420andchill,male,1.0,3,2
815734440,TheSmartista,female,1.0,3,8
815734441,tmj_la_eng,brand,0.0,1,11
815734442,dimitrivipclub,male,1.0,0,5
815734443,_david_wilson_,male,1.0,0,7
815734444,OximityLaborRts,brand,0.0,1,9
815734445,ValerieKills6,female,1.0,3,8
815734446,emmabassett1,female,1.0,0,5
815734447,JainaGeek,female,1.0,3,2
815734448,KathleenMonti,female,1.0,0,3
815734449,Taaaaaaaty_,female,1.0,3,8
815734450,ShirleyZinnza,female,1.0,0,3
815734451,KrazzyTracy,brand,0.0,3,2
815734452,Questogood,brand,0.0,0,0
815734453,EmilyDauer14,female,1.0,3,7
815734454,h_igoe,female,1.0,1,11
815734455,DoMaVonza,male,1.0,0,3
815734457,SewCraftyMargo,female,1.0,2,6
815734458,HedgeBest,male,1.0,0,5
815734459,eddiemorace,male,1.0,0,0
815734460,PaganSabrina,female,1.0,3,8
815734461,johnhead,male,1.0,1,10
815734462,RICH_GIII,male,1.0,0,5
815734463,Thisisshe__,female,1.0,3,8
815734465,customsclub,brand,0.0,1,11
815734466,fmI666,female,1.0,3,2
815734467,tadahsi,male,1.0,3,10
815734468,forevernailah,female,1.0,3,7
815734469,LyraRain1,female,1.0,0,7
815734470,gooddaymcvey,female,1.0,3,8
815734471,EmSushi7,male,1.0,3,2
815734472,johnnytheninja,male,1.0,3,8
815734473,diianafernandes,female,1.0,3,8
815734474,fayemonstaah,female,1.0,0,3
815734477,BibleUplifting,brand,0.0,0,3
815734478,SarahMcCabe1,female,1.0,0,5
815734479,BusySqrrlPress,brand,0.0,0,5
815734480,AwthatsMaya,female,1.0,3,7
815734481,linsay135,female,1.0,0,11
815734482,__Shaunn,male,1.0,3,8
815734483,LPollack4,female,1.0,0,3
815734484,dynomechz,male,1.0,1,1
815734485,Thelurch,male,1.0,1,5
815734486,OneKeys,male,1.0,1,10
815734487,sonething_news,brand,0.0,1,9
815734488,brysonjoey,male,1.0,3,8
815734489,news24extra,brand,0.0,1,9
815734490,MichelleBB,female,1.0,0,5
815734491,Stillwise1,male,1.0,0,5
815734492,parckyung,female,1.0,3,8
815734493,MichelleC1017,female,1.0,3,7
815734494,madcrann,female,1.0,0,3
815734496,crysomemore,female,1.0,3,0
815734497,rachaelgriffin6,unknown,,3,8
815734498,KenChronicle,male,1.0,0,1
815734499,Andrewlery,male,1.0,3,10
815734500,mollwilliams_,female,1.0,3,8
815734501,lizzieswagner,female,1.0,3,10
815734502,leomesii17,brand,0.0,0,1
815734505,Glaeken55,unknown,,0,7
815734506,lucydee92x,female,1.0,0,7
815734507,Carley_StOnge,female,1.0,1,10
815734509,DianaBlaz1D,male,1.0,3,2
815734510,TROPICALTEASEXX,female,1.0,3,2
815734511,NightOwlsGaming,brand,0.0,3,10
815734512,Khamashuridze,brand,0.0,1,1
815734513,bama_tweets,brand,0.0,0,5
815734514,zmalikstan,female,1.0,3,2
815734515,CurlsStillMessy,female,1.0,3,2
815734516,AllEyezOnMonae,female,1.0,3,8
815734517,gizemdreamer,female,1.0,0,3
815734518,KuurusSicarius,unknown,,0,3
815734519,RyProductions_,brand,0.0,3,2
815734520,LiamRMcGuire,male,1.0,3,10
815734521,HMStrange,female,1.0,3,5
815734522,vivi_lamperth,female,1.0,0,5
815734523,jakebarker33,male,1.0,0,7
815734524,McJerkyface,brand,0.0,0,5
815734525,pittsburghsux75,unknown,,3,0
815734526,_CoveerGirl,female,1.0,3,8
815734527,Brianoneissy,male,1.0,3,8
815734528,lune_dea,female,1.0,3,2
815734529,velmadinkleys,female,1.0,3,8
815734530,RadioColegial,brand,0.0,1,1
815734531,Annalee_Rubio,female,1.0,0,3
815734532,Jasmina_Adriana,female,1.0,3,7
815734533,baileyhdoe,female,1.0,3,2
815734535,Millie_Doyle,female,1.0,0,1
815734536,taylorkaps,female,1.0,3,8
815734537,Bonniejean401,female,1.0,0,5
815734538,lukebinnington,male,1.0,3,8
815734539,Sam_Talks_Crap,unknown,,3,2
815734540,bwsxhoran,male,1.0,3,8
815734541,Joshieee,male,1.0,3,8
815734542,thom_walters,male,1.0,1,1
815734543,_xoaliciaaa,female,1.0,3,2
815734544,TinnieElaine,female,1.0,3,5
815734545,NewGreenStuff,brand,0.0,1,1
815734546,indik,female,1.0,3,10
815734547,Bilston71,brand,0.0,1,11
815734548,beautycrib_tv,brand,0.0,1,9
815734550,AXO_Clemson,brand,0.0,1,1
815734551,yamumsfav,male,1.0,3,7
815734552,Fungidelic,unknown,,3,2
815734553,doseofcyrus,female,1.0,1,10
815734554,TheBigDogReigns,male,1.0,0,7
815734555,MyNameisRazzle2,male,1.0,3,10
815734556,DARTMOUTHHH,brand,0.0,1,1
815734557,kaili_aloha,female,1.0,3,10
815734558,Raizzahoney,female,1.0,3,7
815734559,LeAnnsFissure,brand,0.0,0,7
815734560,coolpotatoes90,female,1.0,0,5
815734561,dontcry_bot,brand,0.0,2,6
815734562,alivspunk,male,1.0,3,0
815734563,TraffordAnthony,male,1.0,3,7
815734564,bosunescobar,brand,0.0,3,8
815734566,Vonster,male,1.0,1,1
815734567,hiwearespiders,brand,0.0,1,1
815734568,imbassick,male,1.0,0,5
815734569,sinead_megan,female,1.0,0,5
815734570,Ryuuji_Blakwel,male,1.0,3,2
815734571,trulybreanna,female,1.0,0,5
815734572,seqilol,male,1.0,3,2
815734573,killuaura,brand,0.0,3,10
815734574,HRHAerickLux,brand,0.0,0,5
815734575,vane_ssaxD,female,1.0,3,8
815734576,IreneMosby,female,1.0,3,10
815734580,peterk88,male,1.0,3,2
815734581,Darkhemmingsx,female,1.0,3,2
815734582,history_boner,male,1.0,3,7
815734584,ladmigvaere,female,1.0,3,10
815734585,volcvnic,female,1.0,3,2
815734586,its_joshy13,female,1.0,0,11
815734587,hannahb1017,female,1.0,2,7
815734588,Bradley_Littler,male,1.0,3,8
815734589,esegueyjaime,male,1.0,3,7
815734590,NSABing,brand,0.0,0,3
815734591,beautywithin4u2,female,1.0,0,3
815734592,Sejo_DahGr8,unknown,,3,8
815734593,IndigoPinkTees,brand,0.0,1,10
815734594,owentreble7,male,1.0,0,1
815734595,FOtttto,female,1.0,3,7
815734596,EKWbelievethat,male,1.0,3,8
815734598,Words_PR,male,1.0,3,8
815734599,whaleloverrrrr,female,1.0,3,7
815734600,JonaSchnedi,brand,0.0,0,0
815734601,LadyLydiaD,female,1.0,3,2
815734602,IttsNava_11,female,1.0,3,8
815734603,IAmBrunhofer,male,1.0,1,11
815734606,RoWoodcroft,female,1.0,3,7
815734607,imc00lest,female,1.0,3,8
815734608,arianalocks_xox,female,1.0,3,7
815734610,illlegal17,unknown,,3,2
815734611,Flyestoncampus,male,1.0,3,10
815734612,EricInAdelaide,male,1.0,3,8
815734613,ProfessorAzure,brand,0.0,3,5
815734614,_foreign_NxU,male,1.0,0,3
815734615,payttonkirbb,female,1.0,3,7
815734616,JenHumphreys182,female,1.0,3,5
815734617,bake_down,male,1.0,3,0
815734618,SchaeAvery,female,1.0,3,2
815734619,bastillewtf,male,1.0,0,3
815734620,blakeboling8,unknown,,0,3
815734621,treadcomics,brand,0.0,0,7
815734622,iDroid_Daily,brand,0.0,1,11
815734623,callmecaralynn,male,1.0,3,2
815734624,kevinansbro,male,1.0,1,2
815734625,MellaDee_,male,1.0,3,10
815734626,ourswansongs,unknown,,3,8
815734627,LauraCortez_RP,female,1.0,3,5
815734628,_DopeMF,male,1.0,3,10
815734629,IHOP,brand,0.0,3,2
815734630,man_EE,male,1.0,3,10
815734631,_louharrington,male,1.0,3,8
815734632,bobfuncan,female,1.0,0,3
815734633,SofaDesign1,brand,0.0,1,1
815734634,ProjectCoin,brand,0.0,1,9
815734635,Skipton_Police,brand,0.0,1,5
815734636,rayleneolivares,female,1.0,3,2
815734637,geovinc__,unknown,,0,3
815734638,AdefemiTayo,unknown,,0,3
815734639,GistReel,brand,0.0,1,1
815734640,MalloryAHayes,female,1.0,0,5
815734641,trulykatieex,female,1.0,3,7
815734642,AstonsPrincessx,female,1.0,3,0
815734643,MariaRodriguz16,female,1.0,1,9
815734644,xlarspanda,male,1.0,2,9
815734645,moonshinepione1,male,1.0,1,1
815734646,smokinhoodx,unknown,,3,8
815734647,emmyhibb_,female,1.0,3,2
815734648,noellemaddenlp,unknown,,1,9
815734649,BronwenLS,female,1.0,0,3
815734650,ChippysPopcorn,brand,0.0,1,1
815734651,chiddyE,male,1.0,1,1
815734652,mcmahon_josie,unknown,,0,3
815734653,ATfiles,male,1.0,3,10
815734654,durbannawtyboy,male,1.0,0,3
815734655,townsvilledaily,brand,0.0,1,9
815734656,WJBF,brand,0.0,1,11
815734657,RanakChaudhuri,male,1.0,0,1
815734658,OmiWanKentucky,male,1.0,3,8
815734659,BizarroMoMA,brand,0.0,2,6
815734660,ArrakisSpiceUK,brand,0.0,1,9
815734661,iMaijur,male,1.0,0,7
815734662,its0liviac00k,female,1.0,1,8
815734663,MrBaileyM,male,1.0,3,10
815734664,rose_unplugged,brand,0.0,0,3
815734665,Jag_SnIpEz,brand,0.0,0,1
815734666,_Call_Me_Keem,male,1.0,1,5
815734667,MarkBoogieman,male,1.0,1,5
815734668,diamonddog113,male,1.0,0,3
815734669,IsabelW_GA,female,1.0,3,2
815734670,busboysandpoets,brand,0.0,1,10
815734671,ChristaBass,female,1.0,3,10
815734672,DonPunter,male,1.0,0,6
815734673,Its_Kudzy,female,1.0,3,8
815734674,aaliyahrenee13,female,1.0,3,8
815734675,malhaack,female,1.0,0,5
815734676,phoenixworldent,brand,0.0,1,1
815734677,tattedkisspers,male,1.0,3,2
815734678,LadySeifenblase,female,1.0,3,5
815734679,Thiagoknowsbest,male,1.0,3,2
815734682,tashitathegreat,female,1.0,0,5
815734683,Ayoun2x,female,1.0,3,8
815734684,FrancescaaE,female,1.0,3,8
815734685,SketchBolt,unknown,,3,8
815734686,MusicAreUsBlog,brand,0.0,1,1
815734687,evridikipapa1,female,1.0,3,5
815734689,CandaceBarrow,female,1.0,1,9
815734690,coadienugent,brand,0.0,0,0
815734691,Hamilton_STC,brand,0.0,0,0
815734692,RONBI,male,1.0,3,10
815734693,me_llamo_mijo,male,1.0,3,8
815734694,distaniall,female,1.0,3,2
815734695,b00ty,male,1.0,3,2
815734696,espinosaurusex,unknown,,3,2
815734697,dwferre,male,1.0,3,8
815734698,indescribablelv,male,1.0,3,5
815734699,savannahgeith,female,1.0,3,8
815734700,oliviaasotoo,female,1.0,3,8
815734702,KwashieAmbrosia,female,1.0,3,8
815734703,Zaplyn,male,1.0,0,5
815734704,HashTagIvo,male,1.0,3,10
815734705,AsaTJ,male,1.0,3,5
815734706,JBumstead87,male,1.0,3,5
815734708,JariedGentry,male,1.0,3,2
815734709,physiciansnews,brand,0.0,1,1
815734710,Chytan02,female,1.0,1,1
815734711,MaddieBowenn,female,1.0,3,8
815734712,CHYLERSLEXIE,female,1.0,3,2
815734713,jusbekoz,male,1.0,3,10
815734714,VisceralHubris,male,1.0,0,5
815734715,WelshBizEvents,brand,0.0,3,2
815734716,simone_vala,male,1.0,0,7
815734717,iftiswelt,male,1.0,3,5
815734718,NaadiraKathrad,female,1.0,1,9
815734719,SpankysCHNC,brand,0.0,0,5
815734720,PopCultured91,male,1.0,0,3
815734721,_imalexd,male,1.0,3,8
815734722,tram020594,female,1.0,3,7
815734723,stopth3world,unknown,,3,8
815734724,QeenWoodes,brand,0.0,1,9
815734726,JessamynPrince,female,1.0,0,3
815734728,carsyngustafson,female,1.0,3,8
815734729,ferny_1995,male,1.0,0,7
815734730,Florence402,female,1.0,0,3
815734731,FrogginDirty,male,1.0,3,8
815734732,loloOfarabia,male,1.0,0,5
815734733,bbylexyyyy,female,1.0,0,3
815734734,davidbazan,male,1.0,3,8
815734735,Niamhyx,female,1.0,0,0
815734737,tomnevakshonoff,male,1.0,0,3
815734738,brimariie1121,female,1.0,0,3
815734739,JonGerardi,male,1.0,1,10
815734740,dark_twisty_mer,female,1.0,3,2
815734741,croanjc,male,1.0,3,10
815734742,DillonSteen,brand,0.0,1,1
815734743,JoshlynnxSucell,female,1.0,3,8
815734744,BryanTooreal,male,1.0,0,7
815734745,ImKira00,female,1.0,3,2
815734746,IUPUC,brand,0.0,0,1
815734747,citrussalt,female,1.0,3,7
815734748,amimithyst,female,1.0,3,2
815734749,raylotekka,female,1.0,1,11
815734750,KayOMatibag,female,1.0,3,7
815734751,BSCentralVids,male,1.0,3,2
815734753,tassyluvdance,female,1.0,3,2
815734754,Noremac1999,male,1.0,0,1
815734755,DFreeTraveler,male,1.0,0,3
815734756,d4rkz3r011,male,1.0,0,5
815734757,Love_JasmineB,female,1.0,3,10
815734758,ImekaSF,female,1.0,1,10
815734759,ope_adroit,male,1.0,3,8
815734760,chooseabroker,brand,0.0,1,9
815734761,CuratorLucy,female,1.0,1,10
815734762,arelentlessmind,female,1.0,0,3
815734763,JiOyce,unknown,,2,6
815734764,Danii_Caliii,female,1.0,0,3
815734765,Fantasy_Wired,brand,0.0,1,1
815734766,Mikey_Carranza,male,1.0,0,7
815734767,6ONE9CLOTHING,brand,0.0,0,7
815734768,JessicaThePoet,female,1.0,0,3
815734769,ShahidSunSmile,female,1.0,3,0
815734770,DCRPoker,brand,0.0,0,0
815734771,ayshaalshenmari,female,1.0,0,7
815734772,AspireAcademy,brand,0.0,3,10
815734773,FashionEntre,female,1.0,1,5
815734774,UnivUtahFans,brand,0.0,1,1
815734775,idaaalind,female,1.0,3,2
815734776,olu_tayormi,brand,0.0,1,9
815734777,PRNmfg,brand,0.0,1,9
815734778,araluen7,male,1.0,0,0
815734779,HighLordRogers,male,1.0,0,3
815734780,SouthTradr,male,1.0,3,2
815734781,HeavenlySteals,brand,0.0,1,10
815734784,MohamedALHajri2,male,1.0,0,1
815734785,JakeSwope,male,1.0,3,2
815734786,Madison_Casey14,female,1.0,3,8
815734787,bahaa_alfahad,male,1.0,0,3
815734788,SDtechsupport,brand,0.0,1,1
815734789,KinMAHER,male,1.0,2,6
815734790,PamDrake,brand,0.0,0,5
815734791,rottencannible,male,1.0,0,3
815734792,TERRANesbitt,brand,0.0,2,6
815734793,EllieBBarnfield,female,1.0,0,7
815734794,Stonelax,male,1.0,0,5
815734795,Doctob,male,1.0,0,5
815734796,HoldMeTen,male,1.0,1,10
815734797,pageAKB48,brand,0.0,2,9
815734798,MNseth,male,1.0,0,0
815734799,johnxiethor,brand,0.0,1,9
815734800,NAmerBearCenter,brand,0.0,0,1
815734801,KMat21,male,1.0,3,2
815734802,GeoffreyPetty,male,1.0,0,0
815734803,WillCui1,male,1.0,3,8
815734804,DanjobroYT,male,1.0,3,2
815734805,nutellAHarris24,brand,0.0,3,2
815734806,AmericanMcWade,male,1.0,0,3
815734807,lydialyl,female,1.0,0,11
815734808,liz_TDA,brand,0.0,0,3
815734809,DaniielleH,female,1.0,3,8
815734810,SarahRebecca_31,female,1.0,3,8
815734811,_suggcupcake_,unknown,,3,2
815734812,sudIOSGamer,unknown,,3,2
815734814,Numbsoulz,female,1.0,3,7
815734815,NuriaMendes_,male,1.0,3,7
815734816,kirkwaIIs,unknown,,3,2
815734817,fmhkeenan,female,1.0,3,7
815734818,D_Patterson24,male,1.0,1,1
815734819,_tonyy95,male,1.0,3,8
815734820,xJurastic,brand,0.0,3,0
815734821,roomjunkiechat,brand,0.0,1,1
815734822,VOlorenshaw,female,1.0,0,1
815734823,EiileenChaacon,female,1.0,3,2
815734824,ancientkir,unknown,,3,2
815734825,LadyStyleDMC,female,1.0,3,10
815734826,killachainz,male,1.0,0,5
815734827,triggzyy,brand,0.0,3,7
815734828,Kevin_Niewood,male,1.0,1,11
815734829,psyccchology,brand,0.0,1,1
815734830,isWatching,male,1.0,1,11
815734831,flowerfinja,female,1.0,3,2
815734833,admiringme,male,1.0,3,2
815734834,beccaaruba,female,1.0,3,8
815734835,raymeelynn,female,1.0,3,8
815734836,photoshop998,unknown,,1,11
815734837,chelseeea_g,female,1.0,3,8
815734838,bestarianator1,female,1.0,0,7
815734839,volKEANU,male,1.0,3,8
815734841,davidfair,male,1.0,1,5
815734842,candicecarpen14,male,1.0,3,7
815734843,ChloeS2015,female,1.0,0,7
815734844,wark_millis,male,1.0,3,8
815734845,TrueCurate,brand,0.0,0,3
815734846,hemmson,male,1.0,3,2
815734847,agataaxx,female,1.0,0,1
815734848,technecat,female,1.0,3,10
815734849,Ez_TakeTwo,male,1.0,3,8
815734850,brookeralph_,female,1.0,0,5
815734851,ryan_robertson_,male,1.0,0,3
815734852,anabanana_swim,female,1.0,0,3
815734853,ToriiDudee,female,1.0,0,7
815734854,justonlyjohn,male,1.0,3,5
815734855,SearrealSoul,brand,0.0,3,2
815734856,maddiemac08,female,1.0,3,7
815734857,CarlosTorrejon8,male,1.0,1,1
815734858,problem_chimp,male,1.0,3,8
815734859,AliceDibble_,female,1.0,0,8
815734860,RiverCityTap,brand,0.0,0,3
815734861,ZACHISGOD,unknown,,3,5
815734862,AinhoaGredilla,female,1.0,3,8
815734863,tyler_thorne,male,1.0,0,5
815734864,scotthannah34,female,1.0,1,11
815734865,Iamdatboi,male,1.0,3,8
815734866,lucyjparkhouse,female,1.0,3,8
815734867,lomat20,female,1.0,3,8
815734868,GeenaPerfetti,female,1.0,3,8
815734869,NelsonAJohnson,male,1.0,3,5
815734870,kmtwanderlust,female,1.0,1,10
815734871,antimaydan2,brand,0.0,1,9
815734872,drruchibhatt,female,1.0,0,5
815734873,bdiddybo,female,1.0,3,5
815734874,troubl0573,brand,0.0,1,10
815734875,ERrisk,brand,0.0,1,9
815734876,Jcentral1,male,1.0,3,10
815734877,Mistehhhh,brand,0.0,0,5
815734878,hair_laf,male,1.0,3,2
815734879,VallierAustin,male,1.0,0,3
815734880,IUCampusMin,brand,0.0,0,1
815734881,kayliediem,female,1.0,3,2
815734882,OGFOO_714,male,1.0,3,7
815734888,Cinderluna,female,1.0,3,10
815734889,Anica1234,female,1.0,0,5
815734890,pancaputraa,male,1.0,0,5
815734892,eddybankss,male,1.0,0,3
815734893,AislingWade,female,1.0,0,7
815734894,PaigeEvans43,female,1.0,0,7
815734896,WVUMSports,brand,0.0,1,5
815734897,Despoinak1D,male,1.0,1,11
815734898,ravmouton,female,1.0,3,2
815734899,Noled_Out,male,1.0,3,5
815734901,Awwshie,male,1.0,1,1
815734902,reallydontkar,female,1.0,3,5
815734903,Sleeping_Woe,male,1.0,0,7
815734904,ddmcbain,female,1.0,3,10
815734905,KelliAnne22,female,1.0,0,0
815734906,kenziesmithx,female,1.0,3,8
815734908,TRideArborist,brand,0.0,1,11
815734909,pricoraccini,female,1.0,0,1
815734910,kirstenreeeyzch,female,1.0,3,8
815734911,extrasocial1,brand,0.0,1,9
815734913,squid_girl_,brand,0.0,0,7
815734915,fifimoeng,female,1.0,3,10
815734917,SaekoKiller,unknown,,3,2
815734918,attireclub,brand,0.0,1,1
815734919,IAMYOURBAEOK,female,1.0,3,2
815734920,mmmcilroy,female,1.0,3,5
815734922,varsityhs,female,1.0,3,2
815734923,apdemetriou,male,1.0,0,5
815734924,spiiierce,male,1.0,3,2
815734925,OffPriceShow,brand,0.0,1,1
815734926,melinda_alone,female,1.0,3,2
815734927,Shfzs_xyz_13,brand,0.0,1,9
815734928,Fittg,brand,0.0,0,0
815734930,blvkvogue,female,1.0,3,5
815734931,PharmSpc,brand,0.0,0,7
815734932,sexaaylexy,female,1.0,3,2
815734934,lillyloudpacks,female,1.0,3,8
815734935,coccocacola,unknown,,2,6
815734936,CraigScott31,male,1.0,3,10
815734937,WelshBiz,brand,0.0,3,2
815734939,Hollywoodzoomin,brand,0.0,1,11
815734940,jonnyj20,male,1.0,0,1
815734941,1direcarly,female,1.0,3,8
815734942,conors026,male,1.0,3,2
815734943,majesdane,female,1.0,3,10
815734944,MalfoyDragon,male,1.0,3,10
815734945,TheAnimal797,male,1.0,1,1
815734946,TheyCallMeP17,male,1.0,3,8
815734947,HippieHotSee,male,1.0,3,10
815734948,12_granger,brand,0.0,3,6
815734949,Shuntaraaa,female,1.0,3,8
815734950,technews84,brand,0.0,1,9
815734951,simplythtnigg,male,1.0,0,3
815734952,isa_duff,female,1.0,3,8
815734953,CaptByDefault,unknown,,3,2
815734954,carpetshivper5,brand,0.0,0,6
815734955,shendimsi,female,1.0,0,3
815734956,Andrew_Bado,male,1.0,3,8
815734957,haileypalumbo,female,1.0,3,7
815734958,Mentalsins,male,1.0,1,10
815734959,mssnaeema4,female,1.0,0,3
815734960,yefeyfiyah,female,1.0,3,8
815734961,JackaBoySean,male,1.0,0,5
815734962,tik_L_my_pik_L,male,1.0,0,3
815734963,HandyRed,male,1.0,3,0
815734964,CelticAngloPres,brand,0.0,1,11
815734965,KaraAbheri1,brand,0.0,0,5
815734966,DimaMononela,female,1.0,0,7
815734967,NerdyPodcast,male,1.0,3,10
815734968,gnarwxlves,female,1.0,3,2
815734969,LindaJOYchip,female,1.0,0,1
815734970,GALarbi,male,1.0,0,3
815734972,debbeibi,female,1.0,3,10
815734973,carrieloucrafts,female,1.0,1,1
815734974,batstains,male,1.0,0,5
815734975,JoeWP_Liston,male,1.0,3,7
815734976,Tanner1495,male,1.0,3,10
815734977,claudiarebizant,female,1.0,3,0
815734978,ThisBeEden,female,1.0,3,2
815734979,larissafilipo,female,1.0,3,5
815734980,Fashion555Lisa,female,1.0,1,1
815734981,anna_victoria1,female,1.0,1,1
815734982,LisaAllan83,female,1.0,0,3
815734984,JaylynnCanler,female,1.0,3,8
815734985,EmmanuelIhim,male,1.0,3,5
815734986,pagerom10,female,1.0,3,8
815734987,thatsojaspar,male,1.0,3,2
815734992,AmoniMcnair,female,1.0,0,7
815734993,byHoRRoR,unknown,,1,9
815734994,douradobot,male,1.0,3,2
815734996,soukatsu_,brand,0.0,3,2
815734997,segyerou,female,1.0,3,2
815734998,goldendunbar,male,1.0,3,7
815734999,Nuevomedio,brand,0.0,3,8
815735000,IndSuperLeague,brand,0.0,1,9
815735001,karlabeltrxn,female,1.0,3,2
815735002,marketa201,female,1.0,3,2
815735003,PlinaGanucheau,female,1.0,3,2
815735004,_JaysonMiller3,male,1.0,3,2
815735005,EthanVei,brand,0.0,0,7
815735006,TheCal93,male,1.0,3,8
815735007,vingtquatrecups,female,1.0,3,10
815735008,MistyDragon13,brand,0.0,3,2
815735009,ughcarolyn,female,1.0,3,7
815735010,AQAmien,male,1.0,3,8
815735011,TracyJPovey,female,1.0,0,5
815735012,maiden16_qc,unknown,,3,2
815735013,CallMeTris16,female,1.0,0,3
815735014,VeiTweets,male,1.0,3,2
815735015,EannaInna,female,1.0,3,0
815735016,LolliJojo,female,1.0,3,8
815735017,loakey10,male,1.0,0,8
815735018,uhhlexisew,female,1.0,3,7
815735019,KunKiba,male,1.0,3,2
815735020,emilybunniss,female,1.0,3,8
815735021,RJRamirez_,female,1.0,3,2
815735023,hippyoff,brand,0.0,1,9
815735024,MorganCrosson,female,1.0,0,1
815735025,imkameha,female,1.0,3,8
815735026,Denzel1978,male,1.0,3,2
815735027,YuliianaK,female,1.0,3,10
815735029,slowriot23,male,1.0,3,10
815735030,punchy_lion,female,1.0,3,10
815735031,OceanBailey,brand,0.0,0,3
815735032,RobertSkotzke3,male,1.0,0,3
815735034,Jean_Lue,male,1.0,3,8
815735035,adspace43ver,brand,0.0,1,9
815735036,clodoveon,brand,0.0,1,9
815735037,JaelRosee,female,1.0,0,5
815735038,chrismurraylmfm,male,1.0,0,5
815735039,kcheersbye,female,1.0,3,8
815735041,SmileUsKidrauhl,female,1.0,1,10
815735042,zionfromyigo,unknown,,3,7
815735043,dandloulion,unknown,,3,2
815735044,SelenaHQ,female,1.0,1,1
815735045,Wp_Sosa,male,1.0,3,8
815735046,kirstenjjp,female,1.0,3,8
815735047,Kathmeow__,female,1.0,0,5
815735048,sareini_56,male,1.0,0,3
815735049,kauffdrop_,male,1.0,3,8
815735050,brass_and_keys,male,1.0,0,3
815735052,elecebrity,brand,0.0,1,9
815735053,realestate_3,brand,0.0,1,9
815735054,julkinen,male,1.0,3,5
815735055,L7Vinal,brand,0.0,3,2
815735056,Chance_TheRebel,male,1.0,3,7
815735057,Deayanna_,female,1.0,3,7
815735058,yungxwlf,female,1.0,1,8
815735059,cgardner2358,female,1.0,0,7
815735060,NesrinArt,brand,0.0,1,11
815735061,TommyKelly44,male,1.0,0,3
815735062,MrShoLuv,male,1.0,0,1
815735063,Nikkajennifer,female,1.0,0,5
815735065,DavidRFlanagan,male,1.0,1,5
815735066,LCLL_Director,female,1.0,3,0
815735067,josephdirk79,male,1.0,1,9
815735068,Zakkai,male,1.0,1,1
815735069,JaniceMacdowell,female,1.0,0,7
815735070,David471652,unknown,,0,3
815735072,kellyreedx,female,1.0,3,8
815735074,slward2012,female,1.0,0,5
815735075,LexieSinclair97,female,1.0,3,7
815735076,philipzaengle,male,1.0,3,8
815735077,danielaatzim,female,1.0,0,11
815735078,burtonkim76133,female,1.0,3,0
815735079,davenuss79,male,1.0,1,1
815735080,ShakeItUpAngela,female,1.0,1,10
815735081,cookieeatmilk,female,1.0,3,7
815735082,PHSportsGoddess,female,1.0,3,10
815735083,CapeFireL2424,brand,0.0,0,1
815735084,lllunacy_,female,1.0,3,8
815735085,rileymix46,male,1.0,3,7
815735086,das_brutus,male,1.0,3,9
815735087,StillNotDavid,male,1.0,0,5
815735088,paula_y1,male,1.0,3,5
815735089,Deejuka,female,1.0,3,0
815735090,fyzi_n,female,1.0,0,3
815735091,BuncyTheFrog,unknown,,0,5
815735092,gabynjh,female,1.0,3,2
815735093,fourlokotears,male,1.0,3,8
815735094,shafeemohammed8,male,1.0,0,3
815735095,_annaclarke_,female,1.0,3,7
815735096,Advantage_SCI,brand,0.0,1,1
815735097,LizWelle,female,1.0,3,8
815735098,ThreadbareHeart,female,1.0,0,1
815735099,concertideas,brand,0.0,1,1
815735100,RoseBoward,female,1.0,3,2
815735101,rosegoldcurls,female,1.0,3,2
815735102,elliannasamara,female,1.0,3,7
815735103,GbenroBasit,brand,0.0,0,5
815735104,TecnologiaMun,brand,0.0,1,9
815735105,GinnyTDesigns,brand,0.0,0,5
815735106,bestdude459,brand,0.0,1,9
815735107,maaraeliza,female,1.0,1,9
815735108,SydneyLaw_,female,1.0,0,7
815735109,citydovehansen,female,1.0,3,2
815735110,Therealme_sa,female,1.0,3,10
815735111,SiyamSheikh,male,1.0,3,10
815735112,faithnelson35,female,1.0,3,8
815735113,maryamh2014,female,1.0,0,5
815735114,gaianon,brand,0.0,1,9
815735115,BiebsSexGod,female,1.0,3,10
815735116,KathKyla09,female,1.0,0,3
815735118,thecoleervin_,male,1.0,0,5
815735119,nicole_izellah,female,1.0,3,7
815735121,JoseLui025,male,1.0,3,2
815735122,HeyMissSmith,female,1.0,3,2
815735123,Davidwash3r3,brand,0.0,3,7
815735124,rmcleaby,male,1.0,3,7
815735125,29_Aurora,unknown,,0,5
815735126,Jerzey_Julz,male,1.0,1,1
815735127,rosshookings,male,1.0,3,10
815735128,HaysheadNursery,brand,0.0,0,7
815735129,CaitlinDoornbos,female,1.0,1,1
815735130,__queenautumn,female,1.0,3,8
815735131,SportsGuyTim,male,1.0,3,10
815735132,bereloveee_,female,1.0,3,8
815735134,TessaVetter,female,1.0,3,2
815735135,DaveMillner,male,1.0,1,0
815735136,SpiritualGypsy,female,1.0,1,10
815735137,thmsm74,male,1.0,1,10
815735138,FrostyBear21,brand,0.0,3,2
815735141,AchieveMpls,brand,0.0,1,0
815735142,denny_real,female,1.0,0,3
815735143,lychee_le,unknown,,0,7
815735144,lora10ra,female,1.0,0,0
815735145,andreadbyers,female,1.0,0,3
815735146,GripenNews,brand,0.0,3,10
815735147,MumsStop,brand,0.0,1,9
815735149,mjschiller,female,1.0,1,1
815735150,kellabyte,female,1.0,3,10
815735151,DaraEdits,male,1.0,3,8
815735152,Tina_Hancock,female,1.0,1,10
815735153,EVAQ8_news,brand,0.0,1,11
815735154,SHashim9_,male,1.0,3,8
815735155,KVSHI2K,female,1.0,3,7
815735156,kinxbitz,brand,0.0,1,6
815735158,PeterLindquist4,male,1.0,0,1
815735159,CaffeinatedCDN,female,1.0,3,2
815735160,shotwithsantana,female,1.0,3,2
815735161,forsuremktg,brand,0.0,1,1
815735162,TelecomEngine,brand,0.0,1,11
815735163,TheBadCulture,brand,0.0,1,1
815735164,Daisymolinaa_,female,1.0,3,7
815735165,BesoAmorViya,female,1.0,0,3
815735166,nataliedormcrs,female,1.0,3,2
815735167,Hemagaj,unknown,,0,3
815735168,maryguiden,female,1.0,1,0
815735169,LoveToDance323,female,1.0,3,2
815735170,sillylily_,female,1.0,3,2
815735171,2302Grau,male,1.0,0,3
815735172,ProlanceNG,brand,0.0,1,9
815735173,mulkrut,brand,0.0,3,5
815735174,duckwellsvintag,female,1.0,1,9
815735177,EliLewisXXX,male,1.0,3,2
815735179,lujenneman,female,1.0,0,11
815735180,cla1dra,female,1.0,0,7
815735181,PetsLady,brand,0.0,1,1
815735182,pacmissle,brand,0.0,0,1
815735183,RoadTripRoadie,female,1.0,0,3
815735184,Lou_Chalibre,male,1.0,0,0
815735185,FireEmblemSoren,unknown,,3,2
815735186,mertensbo,female,1.0,0,3
815735187,regularKUSH,female,1.0,3,8
815735188,ImLondonKeyes,brand,0.0,1,9
815735189,loverstofandom,female,1.0,1,11
815735190,Armijo_Dan,male,1.0,0,7
815735191,PhoebeTFrance,brand,0.0,1,2
815735196,LG_StartUps,male,1.0,0,0
815735197,SMATemple,brand,0.0,0,1
815735198,adreannel,female,1.0,1,11
815735199,demi_and_lana,female,1.0,0,5
815735200,TweeetYourBook_,brand,0.0,1,9
815735201,cragchris,female,1.0,1,10
815735202,AniesiODaniels,brand,0.0,3,5
815735203,kimmleon_,female,1.0,0,7
815735204,demons,unknown,,1,9
815735206,Natalieloveboat,female,1.0,3,2
815735207,EllLizBeth,female,1.0,3,2
815735208,urbonangel,female,1.0,0,1
815735209,LandisSebSides,female,1.0,3,2
815735210,jose_joserizo,male,1.0,0,3
815735211,Jedii_Mcfly,female,1.0,3,10
815735212,ReppingGrier,female,1.0,3,2
815735213,SkylineDFS,brand,0.0,3,5
815735214,BrandonFoster_,male,1.0,3,8
815735215,_rahdee,female,1.0,3,8
815735216,FluttershyorDie,female,1.0,3,10
815735217,focusonmeharry,male,1.0,3,8
815735218,NaomiNexus,female,1.0,3,2
815735219,finlyandka,female,1.0,3,7
815735220,JungleStrikeGuy,male,1.0,3,2
815735221,uxmakemestrong,female,1.0,1,11
815735222,CasNovak305,brand,0.0,0,7
815735223,GalaxySkin,brand,0.0,1,9
815735224,NewsSheridan,brand,0.0,1,1
815735225,hologramvron,brand,0.0,3,2
815735226,Heyitsalyssax,female,1.0,3,7
815735227,RoyalCruelty,female,1.0,0,2
815735228,Cornerstone42_,female,1.0,0,3
815735229,indiefreakshop,brand,0.0,0,5
815735230,mary_christina_,female,1.0,0,7
815735231,Tweedy1569,female,1.0,0,7
815735232,yskAlbany,brand,0.0,1,9
815735233,Aethelwhyne,female,1.0,0,3
815735234,mir_0621,female,1.0,0,7
815735235,MelissaHernan88,female,1.0,1,9
815735237,Satans_nipples,male,1.0,3,7
815735238,Sam_Montalto,female,1.0,3,2
815735240,DelineateHeart,female,1.0,0,3
815735241,t_chacra,male,1.0,1,1
815735242,KaitliinIrenne,female,1.0,3,5
815735243,7Ranzy,male,1.0,3,7
815735244,mortgage_2,brand,0.0,1,9
815735245,khalidrafiq141,male,1.0,2,9
815735246,TheZacZane,male,1.0,0,3
815735247,RejuvenatedHair,female,1.0,0,1
815735248,Sarahsewnsew,female,1.0,0,1
815735249,JanMcDonagh1,male,1.0,2,6
815735250,itzmide,female,1.0,1,9
815735251,lncarnatedEvil,unknown,,0,1
815735252,Amen_LoneWolf,male,1.0,3,10
815735253,yslharrystan,female,1.0,3,8
815735254,iambriel,female,1.0,0,11
815735255,ToutKilller,male,1.0,0,0
815735256,BPCDicksonCity,brand,0.0,0,5
815735257,chico_madent,brand,0.0,1,2
815735259,RhiannaAnnetts,female,1.0,0,3
815735260,devotemichael,male,1.0,3,8
815735261,OFFICIALLYBRKN,male,1.0,0,3
815735262,ladskink,female,1.0,3,2
815735263,Petco,brand,0.0,1,10
815735264,TheeHeartthrob,female,1.0,3,10
815735265,brvkengirl,female,1.0,3,2
815735266,12_uwef868,male,1.0,0,0
815735267,BA_Daddy73,male,1.0,0,5
815735268,lawrendrake,female,1.0,3,8
815735269,hyuugaclan,unknown,,3,2
815735270,FreemanXavier1,female,1.0,2,6
815735272,DJAdverb,male,1.0,0,5
815735273,GamCalderon,male,1.0,0,5
815735274,_KingMir_,male,1.0,2,8
815735275,beenthebest1,female,1.0,3,2
815735276,drwsftbeer,female,1.0,3,8
815735277,MTrainorDaily,female,1.0,0,3
815735278,RauhlinBiebah,female,1.0,3,2
815735279,blottbot,brand,0.0,0,3
815735280,Radmonovic,male,1.0,3,8
815735281,Whoshotya504,male,1.0,0,0
815735282,darkIaws,brand,0.0,3,2
815735283,TruthBToldDe,brand,0.0,3,8
815735284,aoyager,brand,0.0,3,2
815735285,beelaker,male,1.0,0,5
815735286,4QRMarketing,female,1.0,0,3
815735287,Bulbasaurus_Rex,female,1.0,3,8
815735288,hitmankunlecole,male,1.0,1,10
815735289,MiddleEastJob,brand,0.0,1,9
815735290,supergaaay,female,1.0,3,2
815735291,talk910,brand,0.0,0,0
815735292,19jim47,brand,0.0,3,7
815735294,TWDSAfrica,brand,0.0,3,0
815735295,Aggronix,brand,0.0,0,3
815735300,StopDemonizing,female,1.0,1,9
815735301,Rahdiculus,male,1.0,3,8
815735303,KevinNiewood,male,1.0,1,11
815735304,SpringCreekFeed,brand,0.0,1,1
815735305,arturorocha,male,1.0,1,1
815735306,HazionC,brand,0.0,0,3
815735307,JivDude,male,1.0,3,8
815735308,Kavey,female,1.0,3,10
815735310,lashesbyunique,female,1.0,1,1
815735311,jesysharmony,female,1.0,3,2
815735313,LaurenA153,female,1.0,3,8
815735315,Hskrvsn,male,1.0,3,0
815735316,TinyFlowerFox,female,1.0,3,5
815735317,anna_smales,female,1.0,3,8
815735318,alyvsa,female,1.0,3,8
815735319,wnf_attire,brand,0.0,0,11
815735320,juliakaston,female,1.0,3,8
815735321,FatStinkinDrunk,brand,0.0,0,5
815735322,garth_shanon,male,1.0,3,0
815735323,Lashay_Caldwell,female,1.0,3,8
815735324,prxsmxtic,brand,0.0,0,3
815735325,mrvideoguy,male,1.0,1,0
815735326,etu_009freshkid,male,1.0,1,9
815735327,mattculley8,male,1.0,3,8
815735328,Anthony__Duff,male,1.0,3,8
815735329,xIamDeath,brand,0.0,0,7
815735330,kravmaine,brand,0.0,0,1
815735331,KardeemH,male,1.0,3,7
815735332,OmNomDom,female,1.0,0,5
815735333,tommyd_95,male,1.0,3,2
815735334,LoveLashBeauty,female,1.0,0,1
815735335,DatGirl_ICEY,unknown,,3,10
815735336,1WayPainn,male,1.0,3,10
815735337,JakeMKowalski,male,1.0,0,5
815735339,SaraaLouu22,female,1.0,3,8
815735340,Kam4658,female,1.0,3,0
815735341,CloSLow,female,1.0,3,8
815735342,EnthusiAdams,male,1.0,3,10
815735343,AlanZhiyar,male,1.0,3,2
815735344,ChaneyWright,female,1.0,1,9
815735345,DailyProSport,brand,0.0,1,9
815735346,KMengSiong,male,1.0,0,3
815735347,AshayJayla,female,1.0,0,7
815735348,fangirlinharryx,male,1.0,3,5
815735349,thebestmashups,brand,0.0,0,3
815735350,BrookeJ_16_,female,1.0,3,7
815735351,RRipcords,unknown,,0,3
815735352,kimberlybak88,female,1.0,1,5
815735353,brandonhinkle6,male,1.0,3,7
815735354,SexyChallenges,brand,0.0,1,11
815735355,kiley_hoyt,female,1.0,3,8
815735356,mynameisFACE,male,1.0,3,10
815735357,nickiesammy,female,1.0,1,1
815735358,kendall_n,male,1.0,3,7
815735359,SwiftsAmbition,female,1.0,3,10
815735360,5AV10R,male,1.0,0,0
815735361,alexxmansfield,male,1.0,0,8
815735362,TyaVasser,female,1.0,3,2
815735363,AlimahmoudiA,male,1.0,1,11
815735364,Einherion,brand,0.0,0,5
815735365,aicev,female,1.0,3,10
815735366,ValerieHoobler,female,1.0,3,2
815735367,EZRAwaCHELSKI,male,1.0,3,0
815735368,suepurbly,female,1.0,3,10
815735369,JessCavallo,male,1.0,0,5
815735370,BadCoryMatthews,male,1.0,0,1
815735371,FarehamNetwork,brand,0.0,3,11
815735372,RoaringRugby,brand,0.0,0,5
815735373,mornreport,brand,0.0,1,9
815735374,NicoleVoris,female,1.0,0,0
815735375,RakishLibertine,male,1.0,0,5
815735376,marzouuqi,male,1.0,3,8
815735377,dean_dingus,male,1.0,3,7
815735378,TrollJasno,male,1.0,3,10
815735379,moonlighmahone,female,1.0,3,8
815735380,hayleyjoann,female,1.0,3,8
815735381,HazardousBey,male,1.0,0,1
815735382,TigarisMC,unknown,,0,1
815735383,wildfir3nin,female,1.0,3,8
815735384,Sophie_Pieters,male,1.0,3,2
815735385,OneNewsSource,brand,0.0,1,9
815735386,creamy_honey,female,1.0,3,0
815735387,dietfordummies,brand,0.0,1,9
815735388,ot_computingjob,brand,0.0,1,11
815735389,Thatdamn_Scrapp,brand,0.0,3,2
815735390,iHandleBiz,male,1.0,3,8
815735391,Swordrusher,male,1.0,3,0
815735392,Houyhnhnm63,male,1.0,3,7
815735393,TENCH0U_,brand,0.0,0,7
815735394,MickeysWaukee,brand,0.0,0,5
815735395,JonHopkins,male,1.0,0,5
815735396,xLawso42x,unknown,,0,1
815735397,Jenthulhu,female,1.0,3,2
815735398,KangenGaa,brand,0.0,2,6
815735399,thenipahhut,brand,0.0,3,0
815735402,riomegan,male,1.0,3,8
815735403,TheShowOff85,male,1.0,3,2
815735404,holgermu,male,1.0,1,11
815735405,asylakk,female,1.0,3,2
815735406,jennymccormack,female,1.0,0,5
815735407,historianess,unknown,,3,8
815735408,KumarSaggi,male,1.0,3,2
815735409,shad_rahman_,brand,0.0,0,1
815735410,Simidxb,female,1.0,3,10
815735412,WKDfm,brand,0.0,1,9
815735414,PiKATIEchu,female,1.0,3,8
815735415,Jay__Gallimore,male,1.0,3,2
815735416,estelledaviesjo,unknown,,1,11
815735417,deipotentdani,female,1.0,3,8
815735418,AdeWijayaa,male,1.0,0,1
815735419,to_SoftwareJobs,brand,0.0,1,11
815735420,eyeseeusee,unknown,,0,5
815735421,Jessman1515,male,1.0,3,2
815735423,HeroGamingZ,male,1.0,3,0
815735425,amanda_panda917,female,1.0,3,8
815735427,HabibiSouth,male,1.0,0,3
815735428,PRiS310,female,1.0,3,8
815735429,SirBrentRichman,male,1.0,3,8
815735430,Sierra5251,female,1.0,0,7
815735431,submx8ch,male,1.0,3,0
815735432,EdwardChelednik,brand,0.0,0,3
815735433,sabrinaN101,female,1.0,3,2
815735435,7figureadvisor,brand,0.0,1,10
815735436,Pd0nZ,male,1.0,3,5
815735437,AbiMatthews_,female,1.0,0,5
815735438,hotlinejergi,male,1.0,3,2
815735439,kyriijackson,female,1.0,3,7
815735440,misshaydenx,female,1.0,0,7
815735441,gabrieldsmqs,male,1.0,3,2
815735442,aarone1979,male,1.0,0,3
815735443,afrotiger_s,male,1.0,3,2
815735444,Floweries1,female,1.0,3,8
815735445,rwwilmington,male,1.0,3,10
815735447,benoit03,male,1.0,0,0
815735448,_yarinelleg,female,1.0,3,7
815735449,rotherhithetour,brand,0.0,0,5
815735450,FlowFit_Ke,brand,0.0,1,1
815735451,redhatmobile,brand,0.0,1,1
815735452,itszellsworld,male,1.0,1,1
815735453,meganromer,female,1.0,3,10
815735454,nobodyflinch,male,1.0,3,8
815735455,lstewarts,female,1.0,1,11
815735456,ashlallan,brand,0.0,1,9
815735457,hlutherloh,female,1.0,3,8
815735458,ttinformatica,brand,0.0,1,1
815735459,harelle_stith,female,1.0,3,2
815735460,LilAquaticBat,unknown,,3,2
815735461,CoolwhipSpecial,brand,0.0,0,0
815735462,Break_loose_,female,1.0,1,0
815735463,OGAnjelica20,female,1.0,0,7
815735464,owlcity_ITBot,male,1.0,3,2
815735465,skyfulloufstars,unknown,,3,2
815735466,MaguireMeaghan,female,1.0,0,0
815735467,AudrinaDavis1,female,1.0,1,9
815735468,QueenBritKNEE,female,1.0,3,8
815735469,megan_church7,female,1.0,3,8
815735470,Zoleka_Yo,female,1.0,3,8
815735471,bronagh92,female,1.0,3,5
815735472,_aminxh,female,1.0,3,8
815735473,ymarkymark,male,1.0,0,5
815735475,leahluvslana,female,1.0,0,7
815735477,saidosereno,male,1.0,1,9
815735478,MarkCVolain,male,1.0,1,1
815735479,msmegancotto,female,1.0,2,6
815735480,tim_rolls,male,1.0,3,0
815735481,InfiniteTacos,male,1.0,3,5
815735482,FantasyFreeroll,brand,0.0,1,9
815735483,ash_and_witty,female,1.0,3,2
815735484,RyanHartwell_,male,1.0,0,7
815735485,GrimezRapper,male,1.0,1,10
815735486,car_loan_auto,brand,0.0,1,9
815735487,Johnoble,male,1.0,1,1
815735488,EddieSheerr,male,1.0,1,10
815735489,daejjjj,female,1.0,2,6
815735490,CeeBall,male,1.0,3,10
815735491,JosephDickerson,male,1.0,1,10
815735492,bailey_brianna5,female,1.0,3,8
815735493,flyboy3434,male,1.0,0,3
815735494,cipaAyn,female,1.0,0,1
815735495,sukii_ukii,female,1.0,3,8
815735496,Mike_Ames_Flair,male,1.0,1,10
815735497,MystryGAB,female,1.0,3,0
815735498,Fxlvrin,male,1.0,3,10
815735499,_sierraplaza,female,1.0,0,7
815735500,jessyca_69,brand,0.0,1,1
815735503,_OliviaCheryl,female,1.0,3,2
815735504,alecnyo,male,1.0,3,8
815735505,quise_tdb,male,1.0,0,7
815735506,eternitylove_,female,1.0,3,10
815735507,CourtRevolution,male,1.0,3,10
815735508,Novmbr,brand,0.0,0,0
815735509,GPDJSoto,male,1.0,3,8
815735510,MoorseyBB1,brand,0.0,0,5
815735511,WallStreetJews,brand,0.0,1,9
815735512,btrixoxo,female,1.0,3,2
815735514,madteacher72,male,1.0,0,5
815735515,shelbycreporter,brand,0.0,1,1
815735516,HarryO1975,male,1.0,3,0
815735517,agaatafelix,female,1.0,3,10
815735518,Mr_2Cupz,male,1.0,3,8
815735519,WeedyKW,female,1.0,3,5
815735520,ohxjulie,female,1.0,1,10
815735521,FrankGurrieriJr,male,1.0,0,0
815735522,chidarikire,male,1.0,0,5
815735523,fuckriley,male,1.0,0,5
815735524,queencurlyhead,female,1.0,3,2
815735525,mattshort100k,male,1.0,0,11
815735526,momurico,male,1.0,1,10
815735527,SuruLT,brand,0.0,1,1
815735528,JordinRedinger,female,1.0,3,8
815735529,Wale_Hero,brand,0.0,1,9
815735530,nottkayla,female,1.0,3,2
815735531,MariaBarnes6,female,1.0,0,5
815735532,KrisSanchez1409,female,1.0,0,8
815735533,CanadianBeats1,brand,0.0,3,0
815735534,StudioConnect13,brand,0.0,0,3
815735535,harrisondobin,male,1.0,0,7
815735536,aye_brenden,male,1.0,3,8
815735537,tmj_usa_mgmt,brand,0.0,1,11
815735538,BecomeAPrime,male,1.0,3,5
815735539,kellymalvarado,female,1.0,1,5
815735540,heynessagirl,female,1.0,3,6
815735541,Betty_Dish,female,1.0,3,5
815735542,jonmorosi,male,1.0,0,0
815735543,Anastaciya,female,1.0,0,1
815735544,nicoleastin10,female,1.0,3,7
815735545,ChatchTV,brand,0.0,1,9
815735546,bsgcoins,brand,0.0,1,10
815735547,AmitKishore,male,1.0,1,1
815735548,SqueakyKiki78,unknown,,1,10
815735549,madbeerperfect,female,1.0,3,10
815735550,AmbrosesAsylum,male,1.0,3,8
815735551,AB_Top_Employer,brand,0.0,1,11
815735552,MuyiwaSaka,male,1.0,3,10
815735553,krs21da,brand,0.0,2,6
815735554,FuckDisss,brand,0.0,1,11
815735555,cocococcooonan,male,1.0,2,6
815735556,MarleyLudford_,female,1.0,3,2
815735557,CoolZuniga,male,1.0,0,7
815735558,TracyGreen84,female,1.0,0,1
815735559,tturmaine,brand,0.0,1,9
815735560,TonicTherapy,female,1.0,1,1
815735561,killthejewels,female,1.0,3,8
815735563,susassgirl,female,1.0,3,8
815735564,ElidaPPP,female,1.0,1,9
815735565,Lucas_Wyrsch,male,1.0,1,10
815735566,tweets_tech,brand,0.0,1,9
815735567,turbonerd420,female,1.0,3,7
815735568,94sillusion,female,1.0,3,8
815735569,cmsteggy,female,1.0,3,7
815735570,MountainIBiker,male,1.0,3,2
815735571,spaceylilsarah,female,1.0,3,2
815735572,ibjmn2,male,1.0,1,1
815735573,susanxmorena,female,1.0,1,9
815735574,KaiserGamingFTW,male,1.0,0,5
815735575,SusanBoyleStar,female,1.0,1,9
815735576,ScarlyyWills,female,1.0,0,3
815735577,omobablog,brand,0.0,1,9
815735578,EBHockeyFan25,male,1.0,3,8
815735580,Mi_chan785,male,1.0,3,8
815735581,Time_Hound,female,1.0,3,10
815735582,PenelopeFelix,female,1.0,0,3
815735583,oyegbenle,female,1.0,0,5
815735584,SnowWhiteof7,female,1.0,0,3
815735585,ajstenaka,brand,0.0,3,2
815735586,EnoughProject,brand,0.0,1,0
815735587,timothysdrake,unknown,,3,2
815735588,RaiseHope4Congo,brand,0.0,0,0
815735589,BlistersBargoed,brand,0.0,1,1
815735591,LeChefDerrick,male,1.0,0,5
815735592,johnnyosinges,male,1.0,0,7
815735593,khushmanish,male,1.0,1,11
815735594,Epygma,male,1.0,3,0
815735595,trust_worthy1,unknown,,0,3
815735596,TannerTolbertLv,male,1.0,1,9
815735597,mdoonan1988,male,1.0,0,0
815735599,RanFanNation,female,1.0,3,2
815735600,BaltNetRadio,brand,0.0,3,6
815735602,CFCIstudents,brand,0.0,0,0
815735606,Pink_Panda203,unknown,,0,3
815735607,Porcelanosa_EN,brand,0.0,3,7
815735608,emilybohrer,female,1.0,3,8
815735609,gmavincent,female,1.0,1,1
815735610,AlexisWright604,female,1.0,3,2
815735611,nm25000,male,1.0,0,5
815735612,93aesthetic,female,1.0,3,8
815735613,BaseballFan887,brand,0.0,1,9
815735614,MikeTabback,male,1.0,1,1
815735615,JuliaScott6,female,1.0,3,2
815735616,SquseMyCharisma,female,1.0,3,10
815735617,TeesMeta,brand,0.0,1,9
815735618,zoeamyrxse,female,1.0,0,7
815735619,maariiamkhaled,female,1.0,0,5
815735620,Veronicaary,female,1.0,3,8
815735621,VGMarkis,male,1.0,3,2
815735622,HffTiago,male,1.0,0,3
815735623,dreysark,male,1.0,0,3
815735624,IketheNinja14,brand,0.0,3,2
815735626,thecarterclanEE,unknown,,3,2
815735627,YO_SOY_DR,brand,0.0,1,9
815735629,CollinRay23,male,1.0,1,11
815735630,BelTel_Sport,brand,0.0,1,1
815735631,mnine1,male,1.0,3,10
815735632,xnotanummyet,unknown,,0,5
815735635,Chirag__Gadhvi,male,1.0,3,10
815735636,Lakers_BR,brand,0.0,1,1
815735637,TerresaRempel,female,1.0,0,1
815735639,Prizzify,female,1.0,0,0
815735640,BooshayToday,male,1.0,0,5
815735641,s_chob19,female,1.0,3,8
815735642,atxhipsters,brand,0.0,3,10
815735643,tjmeagan,female,1.0,3,7
815735644,ashrafyavar1,unknown,,1,11
815735645,aristide301,male,1.0,0,3
815735646,AnnaPm6277,unknown,,3,7
815735648,fahadameen1,male,1.0,3,10
815735649,BrendaJojic,brand,0.0,0,3
815735650,TheTamaraRenee,female,1.0,3,8
815735651,stanleysuen,male,1.0,1,10
815735652,SquishyBaessist,male,1.0,3,2
815735653,Colin_1234,male,1.0,1,1
815735654,ScottyP922,male,1.0,3,7
815735655,twosixninefive,female,1.0,3,5
815735656,AnaHristian,female,1.0,0,11
815735657,xxolh,male,1.0,1,9
815735658,OliviaPerez250,female,1.0,3,2
815735659,HuskerPower66,male,1.0,3,10
815735660,TheMartinParty,brand,0.0,0,7
815735661,Bearded_Rafidi,male,1.0,3,6
815735662,SweeneyToddBeat,male,1.0,3,2
815735663,BC__jobs,brand,0.0,1,9
815735664,cxrves_,female,1.0,3,8
815735665,sentokieve,female,1.0,3,2
815735666,Lorsyscakes,brand,0.0,0,3
815735667,JenniferB_RN,female,1.0,1,1
815735668,BabybusBabe,female,1.0,3,0
815735669,JennieJ34,female,1.0,3,8
815735670,BeritaUpdated2,brand,0.0,1,9
815735671,TetherowGolf,brand,0.0,0,1
815735672,Meechellezmind,female,1.0,3,2
815735674,bbsutton,female,1.0,1,1
815735675,leesssss_,female,1.0,3,7
815735676,chaneldv_,female,1.0,3,8
815735677,ukworldnews,brand,0.0,1,9
815735678,HaterMar,female,1.0,3,7
815735679,Remy_Smash,male,1.0,0,3
815735680,Envy__CP,male,1.0,3,8
815735681,DWTS_News,brand,0.0,1,9
815735682,AonSciath,female,1.0,0,0
815735683,valuablequotees,unknown,,1,9
815735684,Iamhitentyagi,male,1.0,0,3
815735685,Peguin101_5sos,male,1.0,3,2
815735686,HollywoodsJews,brand,0.0,1,9
815735687,CyborgScreams,brand,0.0,3,8
815735688,VincentMTiberi,male,1.0,3,10
815735689,Travel_Word,brand,0.0,0,7
815735690,Danielleri,male,1.0,3,10
815735691,WNBoxing,brand,0.0,1,1
815735692,jdjtweet63,male,1.0,1,1
815735693,Ally1055,female,1.0,0,1
815735694,SWTvictim,brand,0.0,3,2
815735696,fallingforswift,female,1.0,3,8
815735697,ExtravagantBoss,female,1.0,3,8
815735698,kayleighmbarber,female,1.0,3,10
815735699,EnanoO_4G,male,1.0,1,9
815735700,BhamNews24,brand,0.0,1,9
815735701,credit_car,brand,0.0,1,9
815735702,JodieHuntx,female,1.0,3,8
815735703,lennyburnham,male,1.0,3,8
815735704,BarclaysUKHelp,brand,0.0,1,6
815735708,SiogaDorcha,female,1.0,0,3
815735709,QPRBeverlyHills,brand,0.0,1,11
815735710,Hooot_Sluts,brand,0.0,1,11
815735712,diablohxran,female,1.0,1,1
815735713,moneyinmyhands,brand,0.0,1,11
815735714,TheBDJ,male,1.0,3,8
815735715,Synister_Moddz,brand,0.0,0,3
815735717,fypjiyeon,brand,0.0,1,9
815735718,joohnnyff,male,1.0,1,9
815735719,KekeHubbard,female,1.0,3,8
815735720,thenews141,brand,0.0,2,9
815735721,Patrick_S93,male,1.0,0,3
815735722,Boilertony,male,1.0,1,1
815735723,JSJkrysx,female,1.0,2,6
815735724,TillyTillie,female,1.0,3,9
815735725,ggswy,female,1.0,1,9
815735727,allah_the_pagan,female,1.0,3,2
815735729,tortlesarecool,female,1.0,3,8
815735730,MommyandDaddyar,brand,0.0,1,9
815735731,tedbaker1874,female,1.0,3,5
815735732,ayetaytay11,female,1.0,0,7
815735733,SouledOuttt,female,1.0,1,10
815735734,DeckSports,brand,0.0,1,9
815735735,SchoolsWelcome,brand,0.0,1,11
815735736,iljc17,female,1.0,2,6
815735738,MRossiAuthor,male,1.0,1,1
815735739,1DBieberCrews,brand,0.0,1,9
815735740,niallandisobel,female,1.0,0,7
815735741,lmaohowelI,male,1.0,3,2
815735742,lukeslouis,brand,0.0,3,2
815735743,LogGic_SA,male,1.0,0,5
815735744,sytycdisbae,female,1.0,3,7
815735745,whattakayla,female,1.0,3,8
815735746,Nicolllle_xo96,female,1.0,3,2
815735747,GarciaaG99,male,1.0,3,7
815735748,ultra_marketeer,brand,0.0,1,9
815735749,matt_ransone,male,1.0,3,8
815735750,tybuddhaboy,male,1.0,0,8
815735751,SwaglordSeru,unknown,,3,7
815735753,imfuckingcook1,female,1.0,3,2
815735754,r__6t_jw,male,1.0,3,2
815735755,whiffmybiff,male,1.0,0,5
815735756,myth61589545,unknown,,2,9
815735757,sassybookworm31,female,1.0,3,0
815735759,Potoroo,brand,0.0,1,10
815735760,jhardy575,male,1.0,3,2
815735761,tonichelleak,female,1.0,3,10
815735762,smashhlee7,female,1.0,0,7
815735763,CT4Schools,brand,0.0,0,5
815735764,BodyMuscleFit,brand,0.0,1,9
815735765,TaigaThePotato,female,1.0,3,2
815735766,robrichley75,male,1.0,0,3
815735767,catholic_nun,brand,0.0,3,2
815735768,joan10__,male,1.0,3,2
815735769,juggernout51,brand,0.0,2,9
815735770,Dubbelduwwel,male,1.0,3,10
815735771,CucumbaPantz,male,1.0,3,8
815735772,rach_christineg,female,1.0,3,5
815735773,ZM_2S_WU,brand,0.0,1,9
815735774,718cutie,female,1.0,0,0
815735775,ChefYami,female,1.0,0,1
815735776,_buffalo,brand,0.0,1,9
815735777,cairdyy30,female,1.0,3,2
815735778,StrongKamal,male,1.0,1,9
815735779,Dehzis,unknown,,3,2
815735780,BAC0NT,male,1.0,2,6
815735781,JulianMcKeiver,male,1.0,3,2
815735782,DAILYEXCLUSIVES,brand,0.0,1,1
815735784,mmhdikbl,male,1.0,1,9
815735785,SachaIDK,male,1.0,1,9
815735786,birceaydogan,female,1.0,0,7
815735788,EricFlores77,male,1.0,0,3
815735789,meganfoxUKFAN,female,1.0,1,9
815735790,fhatsz123,female,1.0,2,6
815735791,ShannaIDK,female,1.0,1,9
815735792,nanamimanko,unknown,,1,9
815735793,OliviaRocks14,female,1.0,0,5
815735794,Haley_Ashlynn13,female,1.0,0,5
815735795,TicketAirAsia,brand,0.0,1,9
815735796,Bozeman_News,brand,0.0,2,6
815735797,ZeTemplar,male,1.0,3,0
815735798,IamalrightJack,brand,0.0,3,10
815735799,Breaking144,brand,0.0,2,9
815735800,AskEASupport,brand,0.0,3,10
815735801,NigeriaBlogger,male,1.0,1,9
815735802,kxllss,female,1.0,0,3
815735803,Shfzs_xyz_14,brand,0.0,1,9
815735804,TelegraphWorld,brand,0.0,1,1
815735805,rconspiracy,brand,0.0,1,9
815735806,NgeBacood,unknown,,1,9
815735807,worldnews134,brand,0.0,2,9
815735810,_noahnray,female,1.0,3,2
815735811,TabletNook,brand,0.0,1,9
815735812,AceBaby45,male,1.0,2,9
815735814,lisbastian,female,1.0,0,1
815735815,STYBNK,male,1.0,1,10
815735816,BIGKeithMixshow,male,1.0,1,11
815735817,JobsLDNSales,brand,0.0,1,11
815735818,JeisBonGeek,male,1.0,1,9
815735820,BOiisluiyi,male,1.0,1,9
815735821,HoustontexasT,brand,0.0,1,9
815735822,AadilPitafi,male,1.0,3,8
815735823,newshigh4,brand,0.0,1,9
815735824,gdmien,female,1.0,1,9
815735825,cybfor,brand,0.0,1,9
815735826,troublemarriage,female,1.0,1,9
815735827,JuliaRose1515,female,1.0,0,3
815735828,YvetteIDK,female,1.0,1,9
815735829,michish1981,female,1.0,0,1
815735830,grandejuicy,unknown,,3,2
815735831,OmbakRinduMovie,brand,0.0,1,9
815735832,GastroGays,brand,0.0,3,2
815735833,paigepumpkin1,female,1.0,0,0
815735834,LittleLady_V,female,1.0,3,2
815735836,cliffordatass,brand,0.0,3,2
815735837,UK_HGV_Network,brand,0.0,1,9
815735838,Tygati,unknown,,0,5
815735839,Mbkook24,male,1.0,0,5
815735840,tvrecapsreviews,brand,0.0,1,1
815735841,jaythepromogod,brand,0.0,1,9
815735842,RealTristan13,male,1.0,1,1
815735843,Hawwiiee,female,1.0,0,5
815735844,_sailorluna,female,1.0,3,8
815735845,harveykira,female,1.0,0,7
815735846,ScottMacay,brand,0.0,1,9
815735847,sherwin2373,male,1.0,3,8
815735848,AZaidhan,male,1.0,3,2
815735849,randicane_,female,1.0,3,8
815735850,28_10_1928,brand,0.0,2,4
815735851,TrxpicalDorito,female,1.0,3,2
815735852,MeganPhillipsss,female,1.0,3,8
815735853,Hanna__KS,female,1.0,3,8
815735854,_cashmoneyyflow,female,1.0,3,5
815735855,terselubungblog,brand,0.0,1,9
815735856,swiftie13_1999,brand,0.0,3,2
815735857,DrSkyrme,male,1.0,3,10
815735858,radiointerdual,brand,0.0,1,10
815735859,Chesapeake_News,brand,0.0,1,9
815735860,nutellaxtan,female,1.0,0,7
815735861,Chingster23,male,1.0,0,0
815735862,KourtneyCo_,female,1.0,3,2
815735863,Electionsreport,brand,0.0,1,1
815735864,cristyjoy_,female,1.0,3,7
815735865,newyorkIouis,female,1.0,3,2
815735867,TheVelcroGamer,brand,0.0,3,5
815735868,BCNRNews,brand,0.0,1,9
815735869,laurelisaqueen,female,1.0,3,2
815735870,iWantTechNews,brand,0.0,1,9
815735871,Doctorwhat2,brand,0.0,3,7
815735872,Bl4ptrep,male,1.0,3,2
815735873,LiOsterman,female,1.0,0,1
815735874,WhoTierraIs__,female,1.0,3,8
815735876,oCarmenSandiego,female,1.0,1,1
815735877,meggywink,female,1.0,0,7
815735878,digitalcamerasx,brand,0.0,1,9
815735879,LovingMusic2015,female,1.0,3,2
815735880,GAudhali,female,1.0,0,0
815735881,hiltonholloway,male,1.0,3,0
815735882,dillon_dunn,male,1.0,3,8
815735883,theNFLchick,female,1.0,3,10
815735884,daliaslutxxx,female,1.0,1,9
815735885,patcharliehatt,male,1.0,1,1
815735886,LaurynGibney,female,1.0,3,5
815735887,NickSherman,male,1.0,3,0
815735888,malodita,male,1.0,3,5
815735889,Ovalegal,brand,0.0,3,2
815735890,abhijeet_ZADE,male,1.0,1,10
815735891,kalpeshh1,brand,0.0,0,1
815735892,torikellyslame,female,1.0,3,2
815735893,GliesanXatu,unknown,,0,3
815735894,melyssa57,female,1.0,1,1
815735895,StephanieArthau,female,1.0,0,5
815735896,IanNelson9,male,1.0,3,5
815735897,a_garwood14,female,1.0,3,8
815735899,KhatoonHazara,female,1.0,0,5
815735900,geraldgezzy,male,1.0,0,7
815735901,lounotyou,female,1.0,3,2
815735902,rocksvely,male,1.0,0,3
815735903,alayna931,female,1.0,3,2
815735905,PvtStK,brand,0.0,1,9
815735906,HELENA5_9Macken,female,1.0,3,2
815735907,metrotvnews_id,brand,0.0,1,9
815735908,puntino,male,1.0,0,5
815735909,DHolstine23,male,1.0,0,5
815735911,iotdomains,brand,0.0,1,11
815735912,NewsEPL,brand,0.0,1,9
815735913,kawaiinishi,unknown,,3,2
815735915,Carlie_Gayle,female,1.0,3,8
815735916,teejay4u_06,brand,0.0,3,5
815735917,_fdamilola,male,1.0,1,10
815735918,Luke_Ciminera,male,1.0,0,5
815735919,Lauren_sturg,female,1.0,0,5
815735920,GABRIELA69Marle,female,1.0,3,2
815735921,whois_paige,female,1.0,3,8
815735922,RebaFluff,unknown,,0,7
815735923,LiveLoveLia,female,1.0,3,8
815735925,B_Mae23,female,1.0,0,7
815735926,ThePugnificent,male,1.0,3,5
815735928,groglloyd,female,1.0,0,3
815735929,livingstonests,brand,0.0,0,1
815735930,RealJossy7,unknown,,0,3
815735931,africanewsdesks,brand,0.0,1,9
815735932,echomariexxx,female,1.0,3,2
815735933,SuxATChess,male,1.0,0,0
815735934,ShesRainbowFire,female,1.0,1,5
815735935,KaelaCherise,female,1.0,3,8
815735936,__tatianaraquel,female,1.0,3,8
815735937,grandelifetho,female,1.0,3,8
815735938,yomings,brand,0.0,3,2
815735939,Villafanblog,unknown,,3,2
815735940,Warden_AoS,unknown,,0,5
815735941,Brightree,brand,0.0,0,1
815735942,JeannetteKaplun,female,1.0,1,1
815735943,SteveChopz,male,1.0,3,2
815735944,Gentleman_1st,male,1.0,3,10
815735945,wlassalle,male,1.0,1,10
815735946,sharelinkaja,brand,0.0,1,9
815735947,J_SsPaR_KeLZ,female,1.0,3,5
815735948,IcanChangeBaby,male,1.0,1,9
815735949,gellaahernandez,female,1.0,0,1
815735950,DestineyHero100,female,1.0,0,7
815735951,brendancommins,male,1.0,0,5
815735952,CreoleChic24,female,1.0,1,1
815735953,retweetguybot,unknown,,2,6
815735954,destineemyerss,female,1.0,3,8
815735955,kianeee_,female,1.0,3,8
815735956,zofia_lucy,female,1.0,3,2
815735957,WillPharaoh,brand,0.0,1,1
815735960,ABMelheim,female,1.0,0,3
815735961,babygurlnatalii,unknown,,0,3
815735962,jiandseung,male,1.0,3,2
815735963,JaneCalladine1,brand,0.0,0,1
815735964,_jiniri_,female,1.0,0,5
815735965,ShalinisWorld,female,1.0,1,11
815735966,CoreTentacle,unknown,,0,5
815735967,QuatarTheOdd,brand,0.0,0,5
815735968,PenguinBoss1,brand,0.0,0,7
815735969,hasable,male,1.0,1,9
815735970,KaligianReba,female,1.0,2,6
815735971,calumsmybubble,unknown,,3,2
815735972,JesiScott,female,1.0,1,1
815735973,Ptavil,male,1.0,1,9
815735974,tiertanas,unknown,,0,3
815735975,wafflehampton,male,1.0,3,2
815735978,connertwoods,male,1.0,0,5
815735979,indianaclimate,male,1.0,1,1
815735980,Asahi_Chan86,brand,0.0,3,10
815735981,DC_357,male,1.0,0,0
815735982,newszbreakintfc,brand,0.0,1,9
815735983,K2theBru,female,1.0,3,0
815735985,soconnor76,brand,0.0,3,10
815735986,praetorius,male,1.0,3,10
815735987,natxliee_,female,1.0,3,5
815735988,BoltonFC_PL,brand,0.0,1,1
815735989,Maram_Ahms,female,1.0,3,5
815735990,StoneTroughInn,brand,0.0,1,1
815735992,Ninja__Noodles,unknown,,1,1
815735993,OpusDye,unknown,,0,3
815735994,Wins2011,brand,0.0,2,9
815735995,SWAG_QUEEN_101,female,1.0,0,0
815735996,johnandmarlena,female,1.0,0,5
815735997,argiv1,male,1.0,0,3
815735998,Kotcha301,female,1.0,3,2
815735999,farsihassan1,male,1.0,1,11
815736000,GoDaddyHelp,brand,0.0,3,10
815736001,HumorIsAHealer,brand,0.0,1,9
815736002,oh_ilovetaylor,female,1.0,3,8
815736003,koko_guerra,female,1.0,1,1
815736004,bookslover,female,1.0,3,8
815736005,taj1944,male,1.0,1,10
815736007,vegandogs50,male,1.0,0,5
815736008,King_MommyCold,female,1.0,3,8
815736009,pewdiepie_ITBot,brand,0.0,3,2
815736010,susie6xft,female,1.0,1,9
815736013,southstandnige9,brand,0.0,0,7
815736014,giustinasearle,female,1.0,1,9
815736015,__dUkEz,male,1.0,3,10
815736016,radiofreekruzr,male,1.0,3,10
815736017,caitlinm65,female,1.0,0,1
815736018,HeidiAntonia_,female,1.0,3,2
815736019,shumiley,male,1.0,3,8
815736020,_MichelleSommer,female,1.0,0,7
815736021,ChAAAAA7_,female,1.0,3,2
815736022,dinahstyreigns,female,1.0,3,2
815736023,carrclose,female,1.0,0,7
815736024,Tera_Argentis,female,1.0,1,1
815736025,crystal_m81,female,1.0,0,3
815736026,TakiingFliights,brand,0.0,0,3
815736027,dlemus213,female,1.0,0,5
815736029,zigged,female,1.0,3,10
815736030,amandajaneCOOP,female,1.0,1,11
815736031,AraVulletoRosa,unknown,,3,10
815736034,____Deonn,female,1.0,3,10
815736035,HelloCVH,female,1.0,3,5
815736036,DavidKatalenas,male,1.0,1,9
815736037,LestersSmile,male,1.0,3,2
815736038,lucas_1491,male,1.0,3,5
815736039,chillipd,brand,0.0,0,3
815736040,motefa,male,1.0,0,1
815736041,shmadiwestbrook,female,1.0,3,7
815736042,kennedyjade2,female,1.0,0,8
815736043,hughes_r18,female,1.0,1,1
815736044,MayRanch,brand,0.0,0,3
815736045,nlcromer,female,1.0,3,8
815736046,buhlebeee,female,1.0,3,5
815736047,QX_S5_Z_Q,brand,0.0,1,9
815736048,GagandeepJethi,male,1.0,0,3
815736049,cfoutpost,male,1.0,0,5
815736050,snobison,female,1.0,3,2
815736051,NYSAnimal,male,1.0,1,10
815736052,TheMunSessionGT,male,1.0,1,9
815736053,kairston,female,1.0,0,7
815736054,plotinussp,male,1.0,0,7
815736055,zowiekelilaa,female,1.0,3,8
815736056,Emiliestoran,female,1.0,1,11
815736057,ashhhbasss,female,1.0,3,7
815736058,noll_taylor,male,1.0,3,7
815736059,Lucia_Bell,female,1.0,3,10
815736060,Freja_Petersen,female,1.0,1,2
815736061,angelinaonline,female,1.0,3,10
815736063,csoundar,female,1.0,1,10
815736064,KarsenVawter,female,1.0,3,7
815736065,blefuscu74,brand,0.0,3,10
815736066,brettslane,male,1.0,1,1
815736067,albertl05,unknown,,0,5
815736068,pusssy_licking,brand,0.0,1,11
815736069,alex_lubbe,female,1.0,0,7
815736070,BC_Kowalski,male,1.0,3,10
815736071,Johnny_Royal,male,1.0,0,5
815736072,Strictlyworcs,brand,0.0,1,0
815736073,maryannbarbee,female,1.0,3,8
815736074,wanya___x,male,1.0,1,6
815736075,Sir_Gab3,male,1.0,0,5
815736076,NagarajVarnekar,male,1.0,1,9
815736077,geekwithabadge,female,1.0,3,2
815736078,TheDevilsGirlxx,female,1.0,3,7
815736079,Jinxzss,male,1.0,0,3
815736080,cooper_sophie45,female,1.0,0,3
815736081,Madiidaniellee,female,1.0,3,8
815736082,Josh_Riet,unknown,,0,7
815736083,3milyy_jayne,female,1.0,3,8
815736084,JoseOfficial1,male,1.0,3,8
815736085,DNFTO,male,1.0,3,5
815736086,holyserendipty,brand,0.0,1,9
815736087,foswi,male,1.0,3,8
815736088,RarbieT,female,1.0,0,5
815736089,vicgoddard,male,1.0,3,0
815736090,mariahjln_,female,1.0,0,7
815736091,Huntsville_Buzz,brand,0.0,1,9
815736092,RichCimini,male,1.0,1,10
815736093,SangaloFootball,brand,0.0,0,3
815736094,Falantino1,unknown,,0,3
815736095,funkboii,brand,0.0,3,5
815736096,Aubriaa,female,1.0,3,8
815736097,Nawiehekatl,female,1.0,3,5
815736098,WWEMichaelB,male,1.0,3,7
815736099,MarthaBoisseau,female,1.0,0,1
815736100,WavyForte,male,1.0,0,0
815736101,JaidaKelly,female,1.0,3,2
815736102,Mass_Bake,male,1.0,3,8
815736103,_SimplyKeela,female,1.0,3,8
815736104,PhilipMurphy92,male,1.0,3,8
815736105,kychick92,female,1.0,1,1
815736106,bestofgemini_,brand,0.0,0,5
815736107,ShwiftyKaden,male,1.0,0,7
815736108,kentucky_bi,male,1.0,0,7
815736109,JustinWright21,male,1.0,3,2
815736110,books2believein,brand,0.0,1,10
815736111,samson_lauren,female,1.0,0,5
815736112,eIkwoods,female,1.0,3,2
815736115,ImCalledMillie,female,1.0,0,7
815736116,SamuelAAdams,male,1.0,3,10
815736117,track_iis_life,female,1.0,3,8
815736118,LauraDiedesch,female,1.0,3,5
815736119,frrizze,female,1.0,3,8
815736120,pompeii_phan,male,1.0,3,2
815736122,PeterCary1,male,1.0,0,3
815736123,p3ggyxxxhot,female,1.0,1,9
815736124,Burrr_so_Boujie,female,1.0,1,1
815736125,JackieC1989,female,1.0,3,2
815736126,RickbTaylor,male,1.0,0,1
815736127,ValleyAllBlack,male,1.0,3,10
815736128,EmperorShaohao,unknown,,0,3
815736129,EloiseKirk6,female,1.0,3,5
815736130,dalcashdvinsky,male,1.0,0,5
815736131,curlyyyy__,female,1.0,3,7
815736132,_cliffords_,male,1.0,3,2
815736133,IntegralYogaMag,brand,0.0,0,5
815736134,brandlercustom1,brand,0.0,0,3
815736135,BetFastNFL,brand,0.0,1,9
815736137,LtwExtensions,brand,0.0,0,3
815736139,Marqel_whoelse,male,1.0,3,0
815736140,tadpole24_,female,1.0,1,1
815736141,Peachpapayya,female,1.0,3,10
815736142,GiveawayLovers,female,1.0,0,3
815736143,Tautla__Voexto,brand,0.0,1,9
815736144,16thStMALL,brand,0.0,1,11
815736146,pikawalters,male,1.0,0,3
815736147,CorreioTech,brand,0.0,1,9
815736148,DionFarnes,male,1.0,3,2
815736149,Kutyaman6Hun,brand,0.0,0,3
815736150,emilieswiftie,male,1.0,3,2
815736151,gwynethclousee,female,1.0,0,7
815736152,KristinRath,female,1.0,3,0
815736153,AntoinetteJoi87,female,1.0,3,10
815736154,RazaHussain101,brand,0.0,3,0
815736156,BriannaRyder4,male,1.0,2,6
815736157,Riutne__Qeadru,brand,0.0,1,9
815736159,Jennysjams,female,1.0,1,10
815736160,HUDDYisHUDDRO,male,1.0,3,8
815736161,MrNebert,male,1.0,3,8
815736162,smileforjim,female,1.0,3,2
815736163,_ItsKiaBITCH,female,1.0,1,10
815736165,kerrywk,male,1.0,1,5
815736166,ReaneyMurray,female,1.0,1,1
815736167,Darkeise,male,1.0,0,3
815736168,MFM926,brand,0.0,1,0
815736169,sarahcolonna,female,1.0,3,10
815736170,HeatherAmaka,female,1.0,0,8
815736171,kayjaytwisp,female,1.0,3,8
815736172,VonteAve,male,1.0,0,5
815736173,pllaatto,brand,0.0,0,5
815736174,BurtLevine,male,1.0,1,1
815736175,harbey102,male,1.0,1,9
815736176,o2lsushi,female,1.0,3,2
815736177,Tetsuo9999,brand,0.0,0,5
815736178,Digicats17,female,1.0,1,1
815736179,katekate200,brand,0.0,2,4
815736180,virginjai,female,1.0,3,8
815736181,WeGotStars,brand,0.0,1,9
815736182,nathanhardman87,male,1.0,3,10
815736183,khamaria_alahna,female,1.0,3,2
815736184,madracksss,female,1.0,0,7
815736185,rangstergap,female,1.0,3,8
815736186,honestsleeep_,female,1.0,3,2
815736187,_hayleyjewel,female,1.0,3,8
815736188,babettesffest,female,1.0,3,10
815736189,markwools,male,1.0,3,8
815736190,m1chael4nth0ny,male,1.0,0,5
815736191,IamArsalanShah,male,1.0,1,1
815736192,Instituto1977,brand,0.0,1,1
815736193,HollywoodJews,brand,0.0,1,9
815736194,Procyon9Z,unknown,,0,7
815736195,SWELLinFL,male,1.0,0,0
815736196,reasonedpucking,male,1.0,0,3
815736197,rherror404,male,1.0,0,5
815736198,helloitsquennie,female,1.0,3,8
815736199,lextaliercio,female,1.0,3,5
815736200,kurreycarroll,male,1.0,3,7
815736201,K_i_DoubleD,male,1.0,3,10
815736202,PhuckinKeith,female,1.0,3,8
815736203,hugerog43,male,1.0,3,10
815736204,Brett_Klein,male,1.0,0,5
815736205,champagnelolo,female,1.0,3,7
815736206,IARevHale,male,1.0,0,3
815736207,ThaREALRoxannee,female,1.0,0,7
815736208,willphotos219,female,1.0,0,3
815736209,EliAshDan,male,1.0,0,0
815736210,pavskies,unknown,,0,1
815736211,sissysexton92,female,1.0,0,1
815736212,EpicDashingGirl,female,1.0,0,3
815736213,CoochaDesigns,brand,0.0,0,1
815736214,meniverle,female,1.0,1,11
815736217,Stillers,brand,0.0,1,1
815736218,Fellbrew,unknown,,0,7
815736219,Little_Cesarss,male,1.0,1,1
815736220,Katyaax,female,1.0,3,8
815736221,cookingwcaitlin,female,1.0,1,10
815736222,Deexjay,unknown,,3,0
815736223,JamesMc06895903,male,1.0,0,3
815736224,sassmikey,female,1.0,3,8
815736225,GatherGrowGive,brand,0.0,1,1
815736226,DarBrowen,brand,0.0,1,11
815736227,yh2606,female,1.0,2,7
815736228,jayceodpromoter,male,1.0,1,10
815736229,actual_samekich,female,1.0,3,2
815736230,tomkennedy_nz,male,1.0,0,3
815736231,SHAZAMThe4z,unknown,,0,0
815736232,JackClarkee,male,1.0,3,0
815736234,azuriKay,female,1.0,3,5
815736235,brofistarmy1,male,1.0,0,5
815736236,FMLocalHistory,brand,0.0,0,0
815736237,VioletRiotGrrrl,female,1.0,0,5
815736238,ericjboynton,male,1.0,3,5
815736239,dsghi,male,1.0,1,10
815736240,owldom,brand,0.0,3,8
815736241,pratt1214,female,1.0,0,3
815736242,ClownishDivya,female,1.0,3,5
815736244,DavidWooding,male,1.0,3,10
815736245,CoffsHarbGreens,brand,0.0,0,1
815736246,jennpaige50,female,1.0,3,7
815736247,DevanPalmer,brand,0.0,0,0
815736248,xTheKidViciousx,male,1.0,3,2
815736249,PenthauzeMusics,brand,0.0,1,9
815736251,TeapotHappiness,female,1.0,0,7
815736252,feverjelenator,male,1.0,3,2
815736253,Upooorv,male,1.0,3,0
815736255,KassidyKnight15,female,1.0,3,8
815736256,anonymous_7323,female,1.0,0,3
815736257,kristaferanka,unknown,,3,8
815736258,GerrardD,male,1.0,1,11
815736259,taeiils,male,1.0,3,2
815736260,Whatsherface72,unknown,,3,7
815736261,ApplesForRyuk,brand,0.0,0,5
815736263,maya_renay,female,1.0,3,5
815736264,PetersenHD_SD,brand,0.0,0,3
815736265,braveryisthekey,female,1.0,3,8
815736266,marissaalee13,female,1.0,3,2
815736267,__Zanele,female,1.0,3,7
815736268,Iranmusings,brand,0.0,1,11
815736269,BlazeMxxlaH,male,1.0,3,8
815736270,MaryGraceDavis9,brand,0.0,0,3
815736271,Dr_Alfrra,male,1.0,0,1
815736272,YYJpics,male,1.0,1,1
815736273,caetywithac,female,1.0,3,2
815736274,totallyrandie,female,1.0,1,1
815736275,spitfire2485,female,1.0,0,5
815736276,RE_DailyMail,brand,0.0,1,1
815736277,PaulWrightythen,male,1.0,1,11
815736278,WittenMakayla,female,1.0,3,7
815736279,The_Shift_Radio,brand,0.0,3,10
815736280,reanimati9n,male,1.0,0,3
815736281,bbbrieger,brand,0.0,3,5
815736282,CityofCamas,brand,0.0,0,3
815736283,vofngrenada,brand,0.0,1,9
815736284,Sketchley_256,male,1.0,0,3
815736285,MechieDeuce,male,1.0,1,9
815736286,tmj_tx_nursing,brand,0.0,1,11
815736287,anniee_addinall,male,1.0,3,8
815736288,ABRanaali1,brand,0.0,1,9
815736289,RADrepresents,brand,0.0,0,1
815736290,badgirlkia_,female,1.0,3,8
815736291,Tris_Hawthorne,female,1.0,3,2
815736292,tmj_den_health,brand,0.0,1,11
815736293,TheFuture2Hope4,brand,0.0,0,3
815736294,_sosensational,brand,0.0,1,1
815736295,DJLun3r,male,1.0,3,2
815736296,prenatalimaging,brand,0.0,1,1
815736297,MagPromo,brand,0.0,1,9
815736298,asalasalan_me,unknown,,1,9
815736299,_itsmeJessy,female,1.0,1,1
815736300,RayDank,male,1.0,0,5
815736301,balzavaulxh7,brand,0.0,0,3
815736302,Tezshawty,female,1.0,3,7
815736303,missimoinsane,female,1.0,0,5
815736304,ThePopeQuotes,brand,0.0,0,3
815736305,Amxlorde,female,1.0,3,8
815736307,BlancaRuckert,female,1.0,0,1
815736308,OGHashyLarry,male,1.0,3,5
815736309,chefdini,female,1.0,0,1
815736310,faceman68,male,1.0,3,10
815736311,Its_Monai,female,1.0,3,8
815736313,ememduval,female,1.0,0,7
815736314,MarshmanJose,female,1.0,2,6
815736315,fuckyoupaymel,female,1.0,3,2
815736316,steak_and_sushi,brand,0.0,0,1
815736319,Achilles720,male,1.0,3,2
815736320,YoThatsLayia_,female,1.0,3,8
815736321,CreateKids,brand,0.0,1,1
815736322,GregoryDraws,male,1.0,1,10
815736323,craigvincent97_,male,1.0,0,3
815736324,iamdluhansa,unknown,,1,9
815736325,PesonaIndon,brand,0.0,1,11
815736326,Vixen_xoxox,female,1.0,3,2
815736327,slabmedia,brand,0.0,0,1
815736328,RiseUpFitness_,brand,0.0,1,1
815736329,K_Bagherzadeh,male,1.0,1,11
815736330,Jazzzyone,brand,0.0,3,10
815736331,emmafruehan,female,1.0,3,2
815736332,dghyhyh,brand,0.0,3,0
815736333,PyrexShards,female,1.0,1,1
815736334,sadeyebrows,female,1.0,3,8
815736335,fanficfr,brand,0.0,1,9
815736336,Luluhime,female,1.0,0,5
815736337,j_wimberley24,male,1.0,3,8
815736338,jhanebelle,female,1.0,3,8
815736340,oldsilkroute,female,1.0,1,9
815736341,exoduslayer731,male,1.0,3,2
815736342,Krazy_Abby,female,1.0,0,1
815736343,NotEmmaRobertsx,female,1.0,0,3
815736344,ClarityDaily,brand,0.0,3,8
815736345,theeMsCarvalho,female,1.0,0,5
815736346,zjmliamalarca,brand,0.0,3,2
815736347,valuewalk,brand,0.0,1,10
815736348,BondSuits,brand,0.0,0,3
815736349,tenebrose,female,1.0,3,7
815736350,_this_now,male,1.0,0,3
815736351,robotic_icon,brand,0.0,1,8
815736352,beto_trapdaddy,male,1.0,3,8
815736353,jakegyllenhaaal,female,1.0,3,2
815736354,shuchan22,unknown,,3,2
815736355,GgNewsMY_,brand,0.0,1,9
815736356,fsinvesting,brand,0.0,1,11
815736357,PaoPaoDaily,female,1.0,1,1
815736358,7GoBananas,unknown,,3,2
815736359,Aforextreme,unknown,,0,5
815736360,moriahcoxen,female,1.0,1,1
815736361,ogloudpack2x,brand,0.0,1,1
815736362,JohnDWilmore,male,1.0,0,0
815736363,RaeBeta,female,1.0,3,10
815736364,DEATHCOLLECTIVE,brand,0.0,1,1
815736365,LifeCoachMary,female,1.0,1,10
815736366,resalediva,female,1.0,1,10
815736367,AdamBarker9,male,1.0,3,5
815736368,rachmclaughlin,female,1.0,3,8
815736369,andytouch,male,1.0,3,10
815736370,shanaya_mendes,female,1.0,0,7
815736371,WSNVioletVision,brand,0.0,0,3
815736372,Sydney_marie88,female,1.0,0,5
815736373,health_google,brand,0.0,1,9
815736374,AkraticBehavior,brand,0.0,0,7
815736375,jadaxej,female,1.0,3,7
815736376,maddieelkinss,female,1.0,3,8
815736377,SP00KYSTEINFELD,female,1.0,3,2
815736378,A1GJimmy117,male,1.0,3,7
815736379,MS_Focus,brand,0.0,1,1
815736380,eecGray,male,1.0,3,0
815736381,JonahGreen,male,1.0,3,10
815736382,MoonLight_6565,female,1.0,0,7
815736383,Visit_Tally,brand,0.0,1,10
815736384,Haley_T_143,female,1.0,3,8
815736385,geofamilyguyfan,unknown,,3,2
815736386,fpagejr,male,1.0,1,1
815736387,GossamerFatale,female,1.0,0,3
815736388,379_Deanne,female,1.0,1,1
815736389,cherry_LA,female,1.0,1,10
815736390,717Zach,male,1.0,0,5
815736391,reneesooz,female,1.0,1,1
815736392,catalienhilds,female,1.0,3,8
815736393,jlclarke83,female,1.0,0,3
815736395,Offensivenicity,brand,0.0,0,5
815736396,akunce05,female,1.0,0,5
815736397,lifehaspurpose,brand,0.0,1,1
815736398,TheyLoveIcey,female,1.0,3,8
815736399,amavitadesigns,brand,0.0,0,1
815736400,rosieleach20,female,1.0,0,5
815736401,vanessagquinn,female,1.0,0,7
815736402,MackenziexMarie,female,1.0,3,7
815736403,kylebumg,male,1.0,0,5
815736404,_amourrosado,female,1.0,3,7
815736406,ShockRizal,male,1.0,1,11
815736407,c_wick3467,female,1.0,1,11
815736408,SimplyAnder,brand,0.0,3,2
815736409,mindytho,female,1.0,0,5
815736410,iDABGFX,male,1.0,3,7
815736411,spker_75,male,1.0,0,3
815736412,armadillomon,brand,0.0,3,2
815736413,iguana012,male,1.0,1,10
815736414,cvx9_,male,1.0,0,7
815736415,FrancesLumsden,male,1.0,3,0
815736416,BroganBalaam,female,1.0,0,1
815736417,Baileyy_Q,female,1.0,3,2
815736418,jithp,male,1.0,1,11
815736421,Alexander_Simai,male,1.0,0,3
815736422,11Ashcroft,male,1.0,0,3
815736423,DiddydotDytor,female,1.0,0,5
815736424,Forever_SAFE,brand,0.0,3,10
815736425,martykins_,female,1.0,3,10
815736426,DUCKYMOMO81498,female,1.0,3,7
815736427,ThePhatStartup,brand,0.0,1,10
815736428,nilt_iz_ill,male,1.0,0,3
815736429,tyrabankrupt,female,1.0,3,8
815736431,NellieDeuce,male,1.0,0,3
815736432,MCPublicLibrar1,brand,0.0,1,1
815736433,RaquelPines,female,1.0,3,2
815736434,A_Diego_tinez,male,1.0,3,8
815736435,adiosmichael,male,1.0,3,5
815736436,2010changeijw,brand,0.0,0,5
815736437,force_friday,brand,0.0,0,3
815736438,_Kelllllls,female,1.0,3,8
815736439,ElegantBeachAsh,female,1.0,0,11
815736440,alice_Katy_CC,female,1.0,3,10
815736441,VanessaTeamPr,brand,0.0,1,9
815736442,VeryVintagious,brand,0.0,1,11
815736443,GerstonB,male,1.0,0,5
815736444,raihanaaaa,female,1.0,1,10
815736445,khaienne,female,1.0,2,6
815736446,dougmcarthur,male,1.0,3,10
815736447,ChrisValdez_17,male,1.0,3,2
815736448,_EllaJune_,female,1.0,3,1
815736449,bjmdaughter,brand,0.0,1,9
815736450,icednarrycino,male,1.0,3,10
815736451,BbellTheSensei,male,1.0,3,10
815736453,irazabalhanibal,brand,0.0,1,9
815736454,AsAMatterOfLaw,female,1.0,3,8
815736455,BIEBERSXRMADRID,unknown,,3,2
815736456,CuratorOfSands,female,1.0,3,2
815736457,SelenaIsMyIdol5,female,1.0,0,1
815736458,M_Lynch_,male,1.0,1,10
815736459,marktheshark32,male,1.0,3,2
815736460,mig13,male,1.0,3,10
815736461,whoaskedyoushit,brand,0.0,3,8
815736462,GetYourTipsOut,brand,0.0,3,10
815736463,xxkxnjessa,female,1.0,3,2
815736464,jcalabra,unknown,,3,10
815736465,JCL782,male,1.0,0,3
815736466,MarioDinardo9,male,1.0,1,9
815736467,sweirz,male,1.0,3,0
815736468,annikboney,unknown,,0,7
815736469,lolalissaa,female,1.0,1,9
815736470,katelyn_florea,female,1.0,0,5
815736471,reiley,female,1.0,3,10
815736472,dlDutchnews,brand,0.0,1,9
815736474,ThreeGymnopedie,brand,0.0,0,3
815736475,BeverlyHilllls,female,1.0,0,8
815736476,0hDeedIndeed,male,1.0,0,3
815736478,johnnyfitba,male,1.0,3,10
815736479,Phliness,brand,0.0,1,9
815736480,fakelandage,female,1.0,3,5
815736481,__4everKidrauhl,female,1.0,1,10
815736482,MilngavieLocale,brand,0.0,0,3
815736483,ericlinuskaplan,male,1.0,1,1
815736484,NorXm,female,1.0,3,10
815736485,gardenandbooks,brand,0.0,3,2
815736486,Mendes_Mahone,male,1.0,0,7
815736488,zoesheaven,female,1.0,3,2
815736489,TravelHistory_,brand,0.0,3,0
815736490,CastletonSports,brand,0.0,1,1
815736492,asterleybros,brand,0.0,0,5
815736493,MediaBot,brand,0.0,1,9
815736494,joe_hellerstein,male,1.0,0,5
815736495,herbie_,male,1.0,0,8
815736496,LordFarquaadd,female,1.0,0,7
815736497,theodoretrilla_,male,1.0,3,8
815736498,rbbhandari,male,1.0,0,3
815736500,eazayyy_,male,1.0,3,8
815736501,therebelden,male,1.0,3,8
815736502,GeckoQuoteBot,brand,0.0,2,6
815736503,foodforsoul316,brand,0.0,0,1
815736504,kingcaIe,male,1.0,0,7
815736505,hirokiyuus,unknown,,3,2
815736506,SugarLipStains,male,1.0,3,7
815736507,shxvs_,male,1.0,3,6
815736508,Divine_Ruler,male,1.0,0,8
815736509,MILLEonaire_,female,1.0,3,8
815736510,CraniosacralHQ,brand,0.0,1,9
815736513,Meka_Broke_NEVA,female,1.0,0,3
815736514,PaineAthletics,brand,0.0,1,1
815736515,Emily__Hogg,female,1.0,0,3
815736516,ClaireEPizzo,female,1.0,0,7
815736517,BookwormGhost,unknown,,3,7
815736518,DEEDANNEL,male,1.0,3,8
815736519,netsolcares,brand,0.0,1,10
815736520,debznfoz,female,1.0,3,10
815736523,jaylenNchicaway,female,1.0,3,8
815736524,_iStan4Rihanna,female,1.0,1,9
815736525,samantha_foxy,female,1.0,3,2
815736526,JDP_53,unknown,,0,5
815736527,jaimin26783,male,1.0,1,1
815736528,pinkfloydboy,male,1.0,3,10
815736529,scherveny75,female,1.0,3,8
815736530,PROPEARCE96,male,1.0,0,5
815736531,kmihdz04,female,1.0,3,7
815736532,Chelsmouse00,female,1.0,0,5
815736533,AlsPaice,female,1.0,3,8
815736534,TheMunSession,male,1.0,1,9
815736535,prfctlukey,male,1.0,3,8
815736536,kenneykijiji,male,1.0,1,11
815736537,RadioJinWest,brand,0.0,1,9
815736538,C_Pointer21,female,1.0,3,8
815736539,mikethecraigy,male,1.0,3,2
815736540,baronmad79,male,1.0,3,10
815736541,VICTORIS_16,female,1.0,3,2
815736542,R5ersareRossome,female,1.0,3,2
815736543,zoebug03,female,1.0,3,2
815736544,LupisSicarius,male,1.0,3,2
815736545,SteveSandmeyer,male,1.0,3,8
815736546,Graziaclar,unknown,,3,8
815736547,TOXICLYHALE,male,1.0,3,2
815736548,tayleranneeee,female,1.0,0,3
815736549,ELIZATAL0R,female,1.0,3,2
815736550,TheGameColumbus,brand,0.0,1,10
815736551,CharlesHanratty,male,1.0,0,5
815736552,MzMallyMal,female,1.0,3,10
815736553,Amyy_Perkinss,female,1.0,3,8
815736554,Elisabeth_j19,female,1.0,3,2
815736555,JulianLives,brand,0.0,3,0
815736556,tonykiz01,male,1.0,0,5
815736558,WhiteDemons_101,male,1.0,0,3
815736559,Ygflass,unknown,,1,1
815736561,Malichena_,female,1.0,0,3
815736562,AskExtension,brand,0.0,0,1
815736563,conner_w_brown,male,1.0,0,7
815736564,onikaisperfect,female,1.0,3,2
815736565,108AmyJ,female,1.0,3,8
815736566,kseenaa,female,1.0,1,10
815736567,michirondelle,female,1.0,0,3
815736568,wetrain_Danny,male,1.0,0,5
815736569,neild_410,male,1.0,0,7
815736571,CalzonaStrong_,female,1.0,3,7
815736572,JMMatthewsBooks,brand,0.0,3,10
815736573,TheRealist_86,male,1.0,0,5
815736574,marianne_r16,female,1.0,0,3
815736575,samdsherman,male,1.0,0,3
815736576,Johnjunior85,male,1.0,0,5
815736577,chino24__,male,1.0,3,2
815736578,_LadyRhea_,female,1.0,1,11
815736579,CryptoFranklin,male,1.0,1,1
815736580,2indeed,brand,0.0,1,11
815736581,shey_luh,female,1.0,3,8
815736582,ChelsMarieL007,female,1.0,0,3
815736583,CaptGuilli,male,1.0,0,3
815736584,CLAY_dough13,female,1.0,0,1
815736585,owraff,male,1.0,1,1
815736586,savorwords,female,1.0,3,2
815736587,Wenona8790,female,1.0,2,3
815736588,PLyons09,male,1.0,1,1
815736589,iamdaman00,brand,0.0,3,2
815736590,ThePimpinPuppet,unknown,,3,7
815736591,chlovanbart5,female,1.0,3,8
815736594,burritoguido,male,1.0,3,5
815736595,Annaswift20,male,1.0,3,7
815736596,renzooo_07,male,1.0,3,7
815736597,chamlett_89,male,1.0,3,8
815736601,Lunatik_guy,brand,0.0,3,2
815736602,__gimichelle,female,1.0,0,5
815736603,farahmandyan2,male,1.0,3,2
815736604,AKissForAFish,unknown,,3,2
815736606,KicksAndCurls,male,1.0,3,8
815736607,nate_trifiro,male,1.0,0,1
815736608,MichelleEyebrow,female,1.0,3,5
815736609,vrizov,female,1.0,3,10
815736610,declan_forster,unknown,,0,7
815736611,EtonOldBoys,male,1.0,1,10
815736612,lizziebethlives,female,1.0,0,8
815736613,HappyHotelier,male,1.0,1,10
815736615,WaltFrench,brand,0.0,3,0
815736616,TommoTillTheEnd,female,1.0,3,0
815736617,iDOitForYou_Jaz,female,1.0,1,5
815736618,bethrussell_00,female,1.0,0,7
815736619,SutterJobs,brand,0.0,1,1
815736620,SFBTchris,male,1.0,1,1
815736621,ShaunGamboa,male,1.0,1,1
815736622,giubler,female,1.0,3,5
815736626,zoellassparkle,female,1.0,3,2
815736627,LouLeeson,female,1.0,0,8
815736628,arredondo_matt,male,1.0,3,2
815736629,BoyThatsNy,female,1.0,3,8
815736630,Say_Lil_Zack,male,1.0,3,8
815736631,_branden_,male,1.0,0,5
815736632,OneRichNigga,male,1.0,3,8
815736633,LokiLaufeyson97,male,1.0,3,7
815736634,DagirlNathalie,female,1.0,0,3
815736635,SendyFdoe,female,1.0,0,3
815736636,DanteNevante,male,1.0,2,6
815736637,S9Aberrance,unknown,,0,5
815736638,47_Mikey,male,1.0,3,2
815736639,BlackNerdJade,female,1.0,1,10
815736642,Trillyoungkat,female,1.0,0,3
815736643,VortexPv_P,unknown,,0,3
815736644,HispanaGlobal,brand,0.0,1,1
815736645,BrookePoe5,female,1.0,3,2
815736646,kimnewso,female,1.0,1,1
815736647,MuaMeredith,female,1.0,0,1
815736648,BtripleP,brand,0.0,1,1
815736649,PaolaCepalee,female,1.0,3,5
815736650,JayemBruhh,male,1.0,1,1
815736652,SiSun13,female,1.0,0,11
815736653,annispice,female,1.0,3,2
815736655,stefaniemmariee,female,1.0,3,8
815736656,volcanocatfish,female,1.0,3,8
815736657,YoungBenji_,female,1.0,3,8
815736658,HenrikVegetable,male,1.0,3,0
815736659,LifeMahmoud,male,1.0,1,11
815736660,sharciia,female,1.0,3,2
815736661,Meyers8S,female,1.0,0,7
815736662,TASTECTH,male,1.0,3,2
815736663,devienm_,male,1.0,3,8
815736664,Super_MegaS,female,1.0,0,3
815736665,Danielc67718433,male,1.0,0,0
815736666,bogel888,unknown,,0,3
815736668,Misology,male,1.0,1,10
815736669,embraceKulture,brand,0.0,0,0
815736670,FUTPresident_,brand,0.0,1,11
815736671,HockeyProspX,brand,0.0,0,3
815736672,chrisjlatimer,male,1.0,3,10
815736675,SHSComplimnts,brand,0.0,3,7
815736676,FergusFSU,male,1.0,3,2
815736677,CHELSEA8_6Regan,female,1.0,3,7
815736678,kevdawg14,male,1.0,0,1
815736679,LoganKopp629,male,1.0,0,7
815736680,allisonn_murphy,female,1.0,3,2
815736681,blasik7,female,1.0,0,7
815736682,LionessfromtheC,female,1.0,3,8
815736683,Itanduofores,unknown,,0,5
815736684,Khatholitics,male,1.0,3,10
815736685,JansonLuca,brand,0.0,0,3
815736686,Marieno33472165,female,1.0,2,4
815736687,A_Tweet_for_Me,brand,0.0,1,1
815736688,MarySeif,female,1.0,0,5
815736690,SanamMMalik,female,1.0,0,3
815736691,CobaltEnergy,brand,0.0,0,11
815736692,wendycockcroft,female,1.0,1,10
815736693,hv_younglife,brand,0.0,0,3
815736694,CsgibbsJ,brand,0.0,0,0
815736695,UtdRantcast,male,1.0,3,2
815736696,NYCFCBlues,brand,0.0,3,2
815736697,almaperez278,female,1.0,3,8
815736699,_WintryLucas,male,1.0,3,8
815736700,McHarryboyy,male,1.0,1,9
815736701,HolyKendraLust,female,1.0,1,9
815736702,MerMcErickson,female,1.0,1,1
815736703,dadddychrissy,female,1.0,3,8
815736704,JlH0NEY,female,1.0,3,2
815736705,jakekerester,male,1.0,3,8
815736706,patmonger,unknown,,3,5
815736707,offthedeeepend,female,1.0,3,5
815736708,TRPGer,male,1.0,3,8
815736709,Liebebelieber,male,1.0,1,9
815736710,mshannabrooks,female,1.0,3,10
815736711,muhammadtaufa,female,1.0,1,9
815736712,anaaa_davisss,female,1.0,3,7
815736713,Dan_YoSon,male,1.0,3,8
815736714,antianti1978,male,1.0,3,0
815736715,kamalakhan_,male,1.0,3,2
815736716,Rash_abdulla,male,1.0,0,8
815736717,shopquadcopters,brand,0.0,1,1
815736718,JarvisTheBlue,male,1.0,0,3
815736719,oogaboogacavemn,male,1.0,0,0
815736720,rpasillas,male,1.0,0,5
815736721,SpicedIcePirate,male,1.0,3,8
815736722,sadwitches,brand,0.0,3,7
815736723,cinnamonspicee_,female,1.0,3,8
815736724,MarkFairley,male,1.0,0,5
815736725,Shy_Kwame,male,1.0,0,8
815736728,iKayyBella,female,1.0,1,11
815736730,teamloverecords,brand,0.0,3,10
815736731,nialIagher,male,1.0,3,2
815736732,The_Santman,male,1.0,0,8
815736733,PASTTHEGONE,brand,0.0,0,3
815736734,selectivity,male,1.0,3,2
815736735,instantrhema,brand,0.0,0,6
815736736,MadeByDrugs,brand,0.0,3,2
815736737,sirenitecosplay,female,1.0,3,2
815736738,iswets,male,1.0,3,0
815736739,alexinfernukua,male,1.0,3,7
815736740,AWBrawler,male,1.0,1,10
815736741,lilachB123,male,1.0,0,7
815736742,LomJeh,female,1.0,3,7
815736743,JoaoLeite22,male,1.0,3,7
815736744,JulesLusher,female,1.0,3,2
815736745,BeingPakistani,male,1.0,3,2
815736746,jackcuningham,male,1.0,0,7
815736747,Shailesh1209,male,1.0,0,1
815736748,ReneeRadke83,female,1.0,0,1
815736749,Kassidiae_Webb,female,1.0,0,7
815736750,mela_phi,female,1.0,0,5
815736751,Dane_Winkelmann,male,1.0,0,1
815736752,Amy_baird18,female,1.0,0,3
815736753,GOLD_YYY,female,1.0,3,8
815736754,AyBbyJay,female,1.0,3,8
815736755,_Akame_Kurome_,male,1.0,0,5
815736756,IntlBLOW,brand,0.0,1,9
815736757,SavanBanan69,female,1.0,3,8
815736758,brianabanannaa,female,1.0,3,8
815736760,sweetsuga_,female,1.0,1,1
815736761,chef_grhunt,male,1.0,3,2
815736762,Rupertwhisky,male,1.0,3,8
815736763,chelsgonzalez_,female,1.0,3,7
815736764,KAT61687,female,1.0,0,5
815736766,badshahjan050,male,1.0,3,7
815736767,DanawenzelG,unknown,,1,1
815736768,symphonies_,female,1.0,0,7
815736769,jkittkat,female,1.0,3,10
815736770,danevans87,male,1.0,1,1
815736771,mikehanf,male,1.0,3,10
815736772,Wowpiks,brand,0.0,1,11
815736773,MonuHotel,brand,0.0,0,3
815736775,easy_e93,male,1.0,1,1
815736776,SAx_65,male,1.0,2,7
815736777,ConlonChristies,brand,0.0,1,1
815736778,MattRX75,brand,0.0,0,3
815736779,EasyEarle51,male,1.0,0,3
815736780,justinslave,female,1.0,1,1
815736781,ByAllenEtzler,male,1.0,3,10
815736782,JimMayes,male,1.0,1,1
815736783,KiltsOfDeath,brand,0.0,0,5
815736784,KingJoshhh,male,1.0,3,8
815736785,alexschmidty11,male,1.0,3,7
815736786,SMcCrae_,male,1.0,3,8
815736787,OMARQASEM,male,1.0,3,8
815736788,pear0s,brand,0.0,0,0
815736789,isntbrady,male,1.0,3,8
815736790,backyardconserv,female,1.0,1,11
815736791,yourssssss,male,1.0,0,5
815736792,MattyPar23,female,1.0,0,3
815736793,JonsCrazyTweets,male,1.0,3,2
815736794,UpdateJenner,female,1.0,3,2
815736795,c4ssbutt,female,1.0,1,1
815736796,Photogoofer,male,1.0,1,10
815736797,boma8702,male,1.0,0,3
815736798,FrancesParnas,brand,0.0,1,11
815736799,SirenSeaSA,brand,0.0,0,5
815736800,Rotnac,male,1.0,1,1
815736801,lyssssag,female,1.0,3,2
815736802,chescwalsh,female,1.0,0,5
815736803,jackypang_,male,1.0,0,8
815736804,carocracked,female,1.0,3,2
815736805,xox_JoBros_xox,male,1.0,3,10
815736807,rhntwr3,male,1.0,0,3
815736808,amysteron,male,1.0,3,5
815736809,_JunesFinest1,female,1.0,3,8
815736810,KSGGeog,brand,0.0,0,1
815736811,Robjection,brand,0.0,3,2
815736812,nxrryquxxn,unknown,,3,2
815736813,jessie_elton,female,1.0,1,11
815736814,JulianaRdz,female,1.0,3,8
815736815,grunthumb,female,1.0,1,0
815736816,andyfitzpaddy,male,1.0,0,0
815736817,2FicCrew,brand,0.0,0,5
815736819,lindamo12895437,female,1.0,2,4
815736820,molly_deyes_xx,female,1.0,3,2
815736821,BreezyBellaB,female,1.0,3,2
815736822,E_Sports101,brand,0.0,0,3
815736823,benswasey,male,1.0,1,1
815736824,ajxjones,female,1.0,3,8
815736825,VillainNickDark,male,1.0,3,8
815736826,momo_1661,male,1.0,0,7
815736827,ColumbusGaBoi1,male,1.0,3,10
815736831,JorDanyS147,male,1.0,1,9
815736832,kctopoftheworld,male,1.0,3,2
815736833,OximityCivilRts,brand,0.0,1,11
815736834,corduroy,male,1.0,1,10
815736835,partofyourw0rld,female,1.0,3,5
815736836,JohnMcFandom,male,1.0,0,3
815736837,ChristopherPhe6,male,1.0,3,2
815736838,griffgawd,male,1.0,3,8
815736840,passoj_,male,1.0,0,3
815736842,PatsCollection,brand,0.0,1,1
815736843,titanic_girl,female,1.0,3,0
815736844,hersecrectlinge,brand,0.0,0,0
815736846,bnjesseIacey,female,1.0,3,8
815736847,RecognizeLK_,male,1.0,3,8
815736848,amylove919,female,1.0,3,7
815736849,firstlady10000,female,1.0,2,4
815736850,swanweezel,male,1.0,0,0
815736851,C3ASARE,male,1.0,1,11
815736852,lodretti,male,1.0,0,6
815736853,theARKHAM_,brand,0.0,0,7
815736854,JimmyRowe1994,male,1.0,0,0
815736855,deeninetysix,male,1.0,3,10
815736857,moderntechfeed,brand,0.0,3,2
815736859,wannabehxc,female,1.0,3,2
815736860,_Peter_1980,male,1.0,3,0
815736861,ih8yh,male,1.0,3,2
815736862,seeteamawesome,brand,0.0,1,1
815736863,paulellis1343,male,1.0,0,3
815736864,MiaFleur_home,female,1.0,1,5
815736865,dwhravens,male,1.0,3,8
815736866,raghibcarlos,female,1.0,0,7
815736867,lulyvilche,female,1.0,0,3
815736868,DrAnitaSkolnick,brand,0.0,1,1
815736869,mtmccmm,unknown,,1,11
815736870,howulls,male,1.0,3,2
815736871,_papiluke,male,1.0,3,8
815736872,Space_Boy_Ben,male,1.0,3,2
815736873,melferburque,male,1.0,3,10
815736874,_SomethinHot,female,1.0,0,7
815736875,BrnaRiggins,female,1.0,3,2
815736876,ianbagg,male,1.0,3,0
815736877,MzChas2Badd,female,1.0,3,2
815736878,conordonaghey05,male,1.0,0,7
815736879,RickJAlexander,male,1.0,3,7
815736880,VegMilitaryWife,female,1.0,0,1
815736881,JoAnnReinhold,female,1.0,3,10
815736883,2675a24c0441400,male,1.0,2,4
815736884,Matt_Ros,male,1.0,3,0
815736885,JadeAtzert,female,1.0,3,10
815736886,readingRachel25,male,1.0,0,5
815736887,RamoWolf96,male,1.0,0,5
815736888,DUKEYEAH,male,1.0,0,3
815736889,FKittlerbot,male,1.0,2,6
815736890,sebftdauzat,female,1.0,3,0
815736891,BenjahBen,unknown,,0,3
815736892,diakadijah,female,1.0,3,8
815736893,mimivanger,brand,0.0,0,5
815736894,stefaracena,male,1.0,1,1
815736895,itzmichka,female,1.0,0,3
815736896,Toocool_riah,female,1.0,3,2
815736897,DaniSabbath,male,1.0,3,7
815736898,technosparkle,unknown,,0,3
815736899,pittso,male,1.0,1,10
815736900,ILICT,female,1.0,3,2
815736901,ChrisRifer,male,1.0,1,10
815736902,iconicrosewz,male,1.0,3,7
815736903,glenweyl,male,1.0,0,0
815736904,madisonIynn,female,1.0,3,2
815736905,treasuremommy,female,1.0,3,8
815736906,tamarabm07,female,1.0,3,8
815736908,LifesNiceDrinks,male,1.0,3,2
815736909,GerardCosmetics,brand,0.0,3,0
815736910,mrwayneg,male,1.0,3,10
815736911,_honeyblood,female,1.0,0,3
815736912,thedollsdanceco,brand,0.0,0,3
815736913,keeleelouise_x,female,1.0,3,0
815736915,videosurvival,unknown,,1,9
815736916,BlogTini13,brand,0.0,3,2
815736917,Edmo_and_Jacko,unknown,,3,7
815736918,faithclubdotnet,male,1.0,1,10
815736919,_KweenK_,female,1.0,3,8
815736920,Mlj845,female,1.0,0,0
815736921,brendenziomek,male,1.0,3,0
815736922,itsmesavy,female,1.0,3,2
815736923,autobot80,male,1.0,3,8
815736924,mbtimelord,brand,0.0,3,2
815736925,Kieran_Pepper98,male,1.0,3,10
815736926,sarahann_03,female,1.0,3,8
815736927,AdrianPetz,male,1.0,3,8
815736928,MuhammadAfzal01,male,1.0,0,7
815736929,TodoCiudadFC,brand,0.0,0,3
815736932,DougLesmerises,male,1.0,1,10
815736933,shiratorizawas,female,1.0,3,2
815736934,NatePfromGV,male,1.0,3,10
815736935,flozey,female,1.0,3,8
815736936,bea_adler,female,1.0,0,3
815736937,will_sparling,male,1.0,3,0
815736938,GirlThatsRickey,male,1.0,3,8
815736939,Terick_7,brand,0.0,3,10
815736940,BitchCupkake,female,1.0,3,8
815736941,Kelsey_Nolan_,female,1.0,3,8
815736942,iflyatnight,female,1.0,0,5
815736943,trivialattire,brand,0.0,3,0
815736944,Hamfosi44,male,1.0,0,3
815736945,ThePaintedElf,brand,0.0,0,5
815736946,Zauberschloss,female,1.0,3,7
815736947,BancoFilipino,brand,0.0,1,9
815736948,Jmenu1,female,1.0,3,6
815736949,UKATStatus,brand,0.0,0,5
815736950,sam_towne,male,1.0,0,1
815736951,LucasJamesClark,male,1.0,3,8
815736952,drugsofstyles_,female,1.0,3,8
815736953,EllulKayley,male,1.0,0,7
815736954,Drew_H_Shaw,female,1.0,0,1
815736955,purpleidea,male,1.0,0,5
815736956,mytimeIord,brand,0.0,1,10
815736957,irenemica,female,1.0,3,8
815736958,faustroll,unknown,,0,0
815736959,KimiMarinYoga,female,1.0,1,1
815736960,MangaEcstasy,male,1.0,3,10
815736961,KellyZwetzig,female,1.0,0,7
815736962,goatsworthy,brand,0.0,0,7
815736963,ice_styl3ee,male,1.0,0,7
815736965,martokita1,female,1.0,1,11
815736966,TecnologiNews,brand,0.0,1,9
815736967,BE_44_DS,brand,0.0,1,9
815736968,TheKiaraAna,female,1.0,1,5
815736969,thephantomshot,unknown,,3,2
815736970,TheGuyInTheAvi,male,1.0,3,10
815736971,radmadeline,unknown,,3,7
815736972,TheLatsbrah,brand,0.0,0,3
815736973,ninarosenwald,female,1.0,1,1
815736974,Teronshae,female,1.0,3,10
815736975,roseaAdz,female,1.0,0,3
815736976,sulthinar,male,1.0,1,9
815736977,cokeoffclit,female,1.0,3,2
815736978,jamesamurray,male,1.0,0,5
815736979,jessicabills20,male,1.0,3,8
815736980,The_Dapper_1,male,1.0,0,0
815736983,djbrucki,male,1.0,3,10
815736984,mannaaaaas,male,1.0,3,7
815736985,YUNGCAL_HS,male,1.0,3,10
815736987,nharry4,female,1.0,0,5
815736988,kyledriver,male,1.0,3,0
815736989,_JustRudeBoy,brand,0.0,0,5
815736990,club_musica173,brand,0.0,2,3
815736991,Tronnor45ever,male,1.0,0,7
815736992,phillybosslady,female,1.0,3,10
815736993,Naarad2,female,1.0,0,3
815736994,CNTRCTK77R,brand,0.0,1,1
815736995,bellaboobos11,female,1.0,1,11
815736996,LovatoCrowd,brand,0.0,1,10
815736997,BrianaFrelich,brand,0.0,1,11
815736998,curlydogltd,brand,0.0,0,3
815736999,Peaky76,male,1.0,0,5
815737000,alyssarosettaa,female,1.0,0,7
815737001,johlag,male,1.0,3,10
815737002,tracksuperfan,male,1.0,1,1
815737003,TehyaCheyenne,female,1.0,3,2
815737004,Milena_mico,brand,0.0,1,8
815737005,SkullYami,unknown,,3,8
815737006,ao_JURUgiul,unknown,,3,2
815737007,SLMckenzieee,female,1.0,1,1
815737008,BGBapril,female,1.0,1,8
815737009,SaaraCpst,female,1.0,0,3
815737010,LaurenSmithson4,female,1.0,0,3
815737011,NakedPoliticsFL,brand,0.0,1,1
815737012,Beboo_18,female,1.0,0,7
815737013,Salmat_O,female,1.0,3,10
815737014,stryker73,male,1.0,0,1
815737015,Bethhwongggg,female,1.0,3,8
815737016,MPCLoK,male,1.0,1,10
815737017,tashaste,female,1.0,3,5
815737018,LunawithWings,brand,0.0,0,3
815737019,life_withtae,female,1.0,3,8
815737021,pooCci,female,1.0,0,5
815737023,MARYLOUWhitlock,female,1.0,2,6
815737024,zandzee,female,1.0,1,1
815737025,GabbyMarchand,female,1.0,1,5
815737026,xmariiamm,female,1.0,3,8
815737027,BACCV,brand,0.0,3,2
815737028,beastcoastlyfe,brand,0.0,3,2
815737029,siderisxxxspicy,female,1.0,1,9
815737030,Its_Kita_Duhhh,female,1.0,3,10
815737031,FionaHopeAitken,female,1.0,3,2
815737035,mikus1111,unknown,,0,3
815737036,DefiantBA,brand,0.0,3,10
815737037,bobinvienne,male,1.0,1,10
815737038,Affiniahotels,brand,0.0,1,5
815737039,lexblaise,male,1.0,3,2
815737040,brianstokes92,male,1.0,3,10
815737041,Kim_Baakop3,female,1.0,3,8
815737042,mcslayhey,female,1.0,3,2
815737043,SantiZalazar19,male,1.0,1,1
815737044,onlinemoney1124,brand,0.0,1,9
815737045,eoin_jennings,male,1.0,3,0
815737047,Buddhism_Quotes,brand,0.0,0,6
815737048,IndyAppeal,brand,0.0,1,1
815737049,troyardtxt,female,1.0,3,2
815737050,Travel_Barrel,brand,0.0,0,7
815737051,Alice5Sauce,female,1.0,3,8
815737052,noncyntz,male,1.0,0,3
815737053,PoloPadge,male,1.0,0,0
815737055,gemstars,female,1.0,1,10
815737056,Alecucchi_,female,1.0,0,3
815737058,SidSom1,brand,0.0,0,1
815737059,tmj_chi_retail,brand,0.0,1,11
815737060,tomangell,male,1.0,0,0
815737061,Coltonjones14,male,1.0,0,7
815737064,SmkeCollective,brand,0.0,1,9
815737065,DustinWardd,male,1.0,3,8
815737066,LOWKEYTHAGOD,male,1.0,3,7
815737068,PertinaxHellcat,female,1.0,1,1
815737069,LexNeugz,female,1.0,0,8
815737070,LLeoTheLion,female,1.0,0,1
815737071,assholemomsenfy,male,1.0,3,8
815737072,jking962002,male,1.0,2,4
815737073,garretw5,male,1.0,1,1
815737074,StefiIlie,female,1.0,3,2
815737075,canfieldjill_,female,1.0,3,2
815737076,Slyfiv,female,1.0,3,2
815737077,Kylebadboyy,male,1.0,3,8
815737078,RSWCreative,brand,0.0,1,1
815737079,Rejuvinateshop,female,1.0,0,7
815737080,janehissey,female,1.0,1,1
815737081,LynnMcArthur7,female,1.0,3,7
815737082,jacksturgessko,male,1.0,1,9
815737083,tunebotnbs,brand,0.0,1,9
815737084,Roadidendren,female,1.0,1,1
815737085,DevinMitchell,male,1.0,1,1
815737086,Taylor_Leahh,female,1.0,3,2
815737087,e621_txt,brand,0.0,0,5
815737088,ie_crazy,female,1.0,0,1
815737089,mixtapesponsor,brand,0.0,1,9
815737090,Hoochador,male,1.0,3,2
815737091,kattelizabethhh,female,1.0,0,3
815737093,MountainDew,brand,0.0,1,0
815737094,thia_sagh,female,1.0,0,0
815737095,AndreaBerthot,female,1.0,3,5
815737096,dexters1989,male,1.0,0,3
815737098,JessiSee,female,1.0,3,8
815737099,LauraDaveyx,female,1.0,3,1
815737100,raeepaz,female,1.0,0,3
815737101,Mai88tan,female,1.0,3,2
815737102,81TakTsukada18,male,1.0,3,2
815737103,ljr_x,female,1.0,0,5
815737104,LinusRII,male,1.0,0,5
815737105,Sheri_Sexbombsx,brand,0.0,1,9
815737107,UpstateStuLife,brand,0.0,0,5
815737108,MaeveBaker,female,1.0,3,5
815737110,BrandonCyrus4,male,1.0,3,5
815737111,jab50yen,brand,0.0,3,10
815737112,hrinspireinc,brand,0.0,1,9
815737113,alexablackchan,female,1.0,1,9
815737114,__kiraalovee,female,1.0,3,8
815737115,michellerhicks,female,1.0,0,1
815737116,a_victoria2,female,1.0,0,1
815737117,pvalente,male,1.0,1,1
815737118,jodiewen,female,1.0,1,1
815737119,jay_christley,male,1.0,3,10
815737120,ShannonCEFH,female,1.0,3,0
815737121,OkamiNoTsume,unknown,,3,2
815737122,musicinfuse,brand,0.0,1,9
815737123,ibVillain,male,1.0,0,5
815737124,TheCircus__,female,1.0,3,2
815737125,ShakCohenMusic,male,1.0,3,5
815737126,KatieWiederman,female,1.0,3,10
815737127,TrudieBetts,female,1.0,1,1
815737128,kimmysue_12,female,1.0,3,5
815737129,leeholm92680690,male,1.0,3,2
815737130,Reject5SOSxx,male,1.0,3,0
815737131,vechronicaa,female,1.0,3,7
815737132,ELI5_Reddit,brand,0.0,2,9
815737133,heyitsbrandyyy,male,1.0,0,5
815737134,brandonpark96,male,1.0,3,2
815737136,MaternityMattrs,brand,0.0,0,0
815737137,littlelureb,female,1.0,1,5
815737138,clarasbrotherDW,male,1.0,3,6
815737139,chikabess1,female,1.0,3,2
815737140,LadyFeline1,female,1.0,0,5
815737141,ADIM_Sephiroth,brand,0.0,1,10
815737142,JackLexOhh,male,1.0,3,2
815737143,MoreThanWerds,male,1.0,1,10
815737145,RedditEngineer,brand,0.0,3,2
815737146,Yaherrell13,unknown,,3,5
815737147,sethreineke,male,1.0,3,10
815737149,lindascannell,female,1.0,3,10
815737150,BancroftFeldman,brand,0.0,0,1
815737151,CurvceousCharm,male,1.0,3,7
815737152,naaradanusha,female,1.0,0,5
815737153,kier_kee,female,1.0,3,10
815737154,atij0hn,male,1.0,0,0
815737155,GosMain1,male,1.0,0,3
815737156,94TAMMIE69MCFAR,female,1.0,3,2
815737157,annaandreamm,female,1.0,0,3
815737158,DrewMTips,male,1.0,3,10
815737159,armaina,unknown,,3,10
815737160,Rw81White,male,1.0,0,3
815737162,ahmedch332,male,1.0,0,3
815737163,RichHomieeAnaa,female,1.0,3,5
815737164,EmmaMoonlight,female,1.0,0,1
815737165,ShadFloss,male,1.0,3,10
815737166,LexingtonDrive_,female,1.0,3,8
815737167,hoteldivasf,brand,0.0,0,1
815737168,GorJuss_is_Muah,female,1.0,0,7
815737169,skyehopkinsx,female,1.0,3,8
815737170,kinkyspaceships,female,1.0,0,3
815737171,RichmondSPCA,brand,0.0,1,1
815737172,RJGoods,male,1.0,1,1
815737173,SlutOfUnova,unknown,,0,3
815737174,Alex_Timmins101,male,1.0,0,3
815737175,Guitar666Guitar,brand,0.0,0,1
815737176,Kaveman009,male,1.0,0,3
815737177,NoahTomlison,male,1.0,0,7
815737178,bieberdancex,male,1.0,3,2
815737179,MadameClinton,female,1.0,1,5
815737180,AntoniaLG1,female,1.0,0,7
815737181,Valerie_832,brand,0.0,3,7
815737182,dominos,brand,0.0,3,10
815737183,MaddenFreeCoinz,brand,0.0,1,9
815737184,Meridalizbeth30,female,1.0,3,2
815737185,PlanetDr,female,1.0,3,10
815737186,bonhomme37,brand,0.0,3,7
815737187,DeiUmbraProject,male,1.0,0,5
815737188,RAGINGOAKLEY,male,1.0,3,2
815737189,loribegins,female,1.0,3,0
815737190,spidermanmsy,brand,0.0,1,1
815737192,JustEveryLittle,female,1.0,1,1
815737194,54MARIONDelaney,female,1.0,2,9
815737195,Adam_Skolnick,male,1.0,3,8
815737196,honor,brand,0.0,0,0
815737197,dyedguitars,male,1.0,3,2
815737198,MsMoney_26,female,1.0,2,7
815737199,Are0h,male,1.0,3,10
815737200,haultiers,unknown,,3,8
815737201,ddaddarios,female,1.0,3,2
815737202,tolivarmarceli5,brand,0.0,1,9
815737204,elywixxx,female,1.0,1,9
815737205,nickmellor35,male,1.0,0,5
815737206,emilayy1,female,1.0,3,7
815737207,ThunkinOutloud,female,1.0,3,2
815737209,Courageous_2,brand,0.0,0,11
815737210,DarkskinCrisp,male,1.0,3,7
815737211,bugkiller7803,male,1.0,0,7
815737212,PissingOnKarma,male,1.0,3,7
815737213,NehaAnum,female,1.0,0,5
815737214,OregonBiker,brand,0.0,0,3
815737215,BreeOlco,male,1.0,0,7
815737216,humblecute,male,1.0,1,10
815737217,TranquilMarket,brand,0.0,1,9
815737218,Twitch_Life,male,1.0,3,2
815737219,BJackson_97,male,1.0,0,1
815737220,flipperjuicem5,brand,0.0,0,6
815737221,Leeshie_PoP,unknown,,3,5
815737223,akubicki,male,1.0,1,1
815737224,squoctobird,female,1.0,1,10
815737225,1chae,female,1.0,3,10
815737226,lucyjanebrown47,female,1.0,0,5
815737227,josephdcassidy,male,1.0,3,10
815737228,LukeThomas89,male,1.0,3,5
815737229,Bradfordcentral,male,1.0,3,5
815737230,paige_antoine,brand,0.0,1,6
815737231,princesspleats,female,1.0,3,2
815737232,MLPSnowStar,brand,0.0,1,10
815737233,CarolineBace,female,1.0,3,8
815737234,TuLupus,female,1.0,3,10
815737235,Igor2tall,male,1.0,0,5
815737239,promisingagent,female,1.0,1,1
815737240,jessicaxyl,brand,0.0,3,2
815737241,Privacy_Law,brand,0.0,1,1
815737242,PizzaEUW,male,1.0,3,10
815737243,ynelson_31,female,1.0,3,2
815737244,Petersson84,brand,0.0,0,5
815737245,TebogoRTM,male,1.0,0,3
815737246,smariv_,female,1.0,3,2
815737247,savarnakrkovska,female,1.0,0,5
815737248,bwreedbgr,male,1.0,1,1
815737249,4cSamanthaMumba,female,1.0,3,2
815737250,whippedcreamer,male,1.0,0,1
815737251,ColtCabanaBOOM,male,1.0,3,5
815737252,OnlyTruthReign,brand,0.0,3,2
815737253,TheBowTieSpeaks,male,1.0,1,1
815737254,FASDCentral,brand,0.0,0,3
815737255,ushijimmy,brand,0.0,3,2
815737256,Unrestricted_lx,female,1.0,3,8
815737257,BluChipMrktng,brand,0.0,1,10
815737258,SexualGuro,female,1.0,3,7
815737259,malumlive,female,1.0,3,2
815737261,mac92599,male,1.0,3,2
815737262,Raygun_Regan,female,1.0,3,2
815737263,Green_MaskHero,male,1.0,3,2
815737264,ColdRansom,male,1.0,3,2
815737265,Wirth66Wirth,female,1.0,3,2
815737266,YasminHartley74,male,1.0,3,2
815737267,ShadowAshley,female,1.0,0,3
815737268,ToddGJoseph,male,1.0,0,7
815737269,PeterBingle,male,1.0,1,10
815737270,Powerborne,brand,0.0,0,0
815737271,breakingadriel,brand,0.0,0,3
815737272,GAEMS_Dean,male,1.0,0,5
815737273,_shai_b,female,1.0,3,7
815737274,GeorgieThunder,male,1.0,3,2
815737275,FromTheWastes,male,1.0,3,2
815737276,19ALAN57,male,1.0,3,10
815737277,JMReflex,female,1.0,1,11
815737278,5sosfam4life_,female,1.0,3,2
815737279,HannahLutman,female,1.0,0,3
815737280,eddycervantes_,male,1.0,0,1
815737283,DrShamieDas,male,1.0,0,0
815737284,CanadaLovesLB,male,1.0,3,2
815737285,Daldude2,brand,0.0,0,3
815737286,pelthiphop,brand,0.0,1,9
815737288,___LYLA1825,female,1.0,3,7
815737289,animeneesan,brand,0.0,3,2
815737290,BitchCallMeStar,male,1.0,3,10
815737291,dreamingdeyess,female,1.0,3,2
815737292,THECrazedMind,brand,0.0,0,3
815737293,bigronni3,male,1.0,3,0
815737294,bookmarklit,female,1.0,3,2
815737295,helenarochex,female,1.0,3,8
815737296,Show_Boobies,unknown,,1,9
815737297,_izabela__,female,1.0,0,6
815737298,TheRealTwanno,male,1.0,3,7
815737299,Raniolo4Justice,male,1.0,0,3
815737300,tobylindsay,male,1.0,1,11
815737301,petefrasermusic,male,1.0,3,10
815737302,GrapeIceCreame,male,1.0,3,7
815737303,TheOnlyAhmed,brand,0.0,3,8
815737304,RosesAreBIack,male,1.0,3,2
815737305,jessrs12,female,1.0,0,5
815737306,Semper_Fi_79,brand,0.0,0,3
815737308,alexpkoch16,unknown,,0,3
815737309,Tclaytes,male,1.0,0,5
815737310,4Ravenwan,unknown,,1,6
815737311,MsEthnicity,female,1.0,1,10
815737312,benscaife,male,1.0,3,5
815737313,iloveSWIFT13,female,1.0,0,1
815737314,TenthDRWho,male,1.0,0,3
815737315,ZacharyRogerO,female,1.0,3,2
815737317,Bandsalone98,female,1.0,0,3
815737318,NeckLauren,female,1.0,3,8
815737319,kel_seahorses,female,1.0,3,8
815737320,__NMA92,female,1.0,3,7
815737321,artwiz,brand,0.0,1,9
815737322,JaydeeMeAtSix,female,1.0,0,5
815737323,pnutbutterjones,male,1.0,0,1
815737324,DeannaPurcell,female,1.0,3,8
815737325,HNNAfrica,female,1.0,1,10
815737326,Official_Madara,brand,0.0,1,5
815737327,GeorgeStav,male,1.0,0,1
815737328,uselephants,male,1.0,1,10
815737329,KimberlySawler,female,1.0,0,3
815737330,mpoo5oomy,female,1.0,3,8
815737331,igieweosazee,male,1.0,0,1
815737332,kris10mor10sen,female,1.0,0,5
815737333,crazyindapeg,male,1.0,3,0
815737334,Sfdi1947,male,1.0,0,3
815737335,valida_bea25,female,1.0,3,7
815737336,princenamgi,male,1.0,3,2
815737337,KCSAR,brand,0.0,0,5
815737338,emmzzznicole,female,1.0,0,7
815737342,Warpcorps,unknown,,3,7
815737343,Bethanine28,female,1.0,3,5
815737345,TwanTargaryen,male,1.0,3,8
815737346,BlakeNextGen15,brand,0.0,0,7
815737347,ChrisTaylor8859,male,1.0,3,2
815737348,Natural_OneDurr,female,1.0,3,10
815737350,2Saintsss,female,1.0,3,2
815737351,NigelBigMeech,male,1.0,3,8
815737352,Way2Billy4U,male,1.0,0,5
815737353,TwatWaffler69,male,1.0,3,2
815737354,newspaperx3taxi,female,1.0,3,8
815737355,joslynmariyah,female,1.0,3,2
815737356,koyaanisqathopi,female,1.0,3,5
815737357,michucupcake,female,1.0,3,2
815737358,corinneEmurray,female,1.0,3,10
815737359,ZachDaDraftKing,male,1.0,0,3
815737360,CrnbryPINKvodka,female,1.0,1,5
815737361,WheresRoch,female,1.0,3,8
815737362,RIDINGSOLO_,female,1.0,3,8
815737363,steingartenla1,brand,0.0,0,1
815737365,AUSCITY_Forums,brand,0.0,1,9
815737366,The2Sixteen,male,1.0,1,0
815737367,unfoldURwings,brand,0.0,3,2
815737368,ellalouisexo_,female,1.0,3,2
815737369,nessa_theStar,female,1.0,3,8
815737371,jhfhhdhds,unknown,,0,3
815737372,_PrettyMuchMe,female,1.0,3,8
815737373,samisimps,unknown,,0,3
815737374,JasminBailey24,female,1.0,3,8
815737375,sorayasaikal,female,1.0,3,8
815737376,Human__Resource,brand,0.0,1,9
815737377,drichards1302,male,1.0,0,3
815737378,argus_q,male,1.0,0,0
815737379,fernando28149,male,1.0,3,2
815737380,OMISOREKOLAJO,male,1.0,1,11
815737381,JackRogersUSA,brand,0.0,3,0
815737382,Rojodi,male,1.0,1,10
815737383,OttawaCondoLaw,male,1.0,0,5
815737384,literallybm,male,1.0,3,2
815737385,abzinit,female,1.0,0,5
815737386,Lola7lovanda,female,1.0,3,8
815737387,romanovnatalia,female,1.0,3,2
815737388,TeeIsTheHellion,female,1.0,3,2
815737389,AnalissaVela,female,1.0,3,8
815737390,conorporter,male,1.0,3,8
815737391,Frank_Vershawn,female,1.0,3,8
815737393,froleyfilm,brand,0.0,0,5
815737394,HoneymoonPapi,male,1.0,3,8
815737395,cityclubyouth,brand,0.0,0,1
815737396,AmiWinehouse,female,1.0,3,10
815737397,Yorkie1200,unknown,,3,0
815737398,Zierzy12,male,1.0,3,8
815737400,jhonnycharles88,male,1.0,1,9
815737401,iMatty1994,male,1.0,0,5
815737402,Kheiraaa_b,female,1.0,0,7
815737403,Thirst22,male,1.0,3,10
815737404,drgnkiller,brand,0.0,3,10
815737405,amirosela,male,1.0,0,0
815737407,awinups,female,1.0,3,10
815737408,Erynnis_co,female,1.0,0,3
815737409,unbrxkenddl,female,1.0,3,8
815737411,NeerioJinx,brand,0.0,0,3
815737412,allforjury,male,1.0,1,10
815737413,han_harden,unknown,,0,3
815737414,Shaqoh,male,1.0,3,2
815737415,breaunalie,female,1.0,3,8
815737416,irl_mahoushoujo,unknown,,0,3
815737417,MiltonSpringers,brand,0.0,0,3
815737418,iamsandyhall,female,1.0,0,5
815737419,Politics_Reddit,brand,0.0,1,9
815737420,heidscanlon,female,1.0,0,7
815737421,evamariesoler,female,1.0,0,7
815737422,RallysYoutube,male,1.0,1,9
815737423,stripedbIonde,male,1.0,3,2
815737424,mfw_official,brand,0.0,0,11
815737425,kingkeybum,female,1.0,3,2
815737426,ohranee,female,1.0,3,8
815737427,NepaliChic,female,1.0,0,5
815737428,abi_weatherley,female,1.0,0,8
815737429,DrKicks4You,brand,0.0,1,9
815737431,ENDS_Downloads,brand,0.0,1,9
815737432,H1Izzy,female,1.0,0,3
815737434,RaveenTheDream,female,1.0,3,10
815737435,MisterCapture,male,1.0,3,8
815737436,MarkJonesFCA,male,1.0,0,5
815737437,BusesNorth,brand,0.0,0,3
815737438,NickJBuckley,male,1.0,1,1
815737439,MichaelParrFans,male,1.0,3,2
815737440,flyerLPA,male,1.0,1,10
815737441,Incredibly_DOPE,female,1.0,3,8
815737442,rougeit,male,1.0,1,1
815737444,jpeglevi,female,1.0,3,2
815737445,WalkingAwayTall,male,1.0,3,2
815737446,rafelle1819,unknown,,3,5
815737447,Kats_Bot,unknown,,3,6
815737448,sebaeks,female,1.0,3,10
815737449,MarkSeddon1962,male,1.0,1,1
815737450,exist_happy,brand,0.0,0,3
815737451,m28246491,unknown,,3,4
815737452,Al_Mischen,female,1.0,3,1
815737453,fuckkyourface_,male,1.0,3,8
815737454,swooce_right_in,female,1.0,3,2
815737455,lovely__maayraa,female,1.0,3,2
815737456,imTURNING_heads,female,1.0,0,5
815737457,CoburnDirk,brand,0.0,1,9
815737458,csIater,male,1.0,3,2
815737459,iIIusionhs,female,1.0,3,2
815737460,caathcamp,female,1.0,3,2
815737461,JHowieJr,male,1.0,0,5
815737462,lorimeetsworld,female,1.0,3,10
815737463,Abbsewing,brand,0.0,0,1
815737464,jhertz1222,unknown,,3,0
815737465,natalia_norris,female,1.0,0,7
815737466,Annabel_HM,female,1.0,3,8
815737467,ravendoesntcare,male,1.0,3,7
815737468,ILikeItMyWay,female,1.0,3,8
815737469,KarlPhillips_,male,1.0,1,1
815737471,xhejkaclifford,male,1.0,3,2
815737472,Redneck1656,unknown,,3,10
815737473,official_izeke,male,1.0,0,7
815737475,Veed69,male,1.0,0,5
815737476,joshbrundage,male,1.0,0,0
815737477,TabascoSprinkle,female,1.0,0,7
815737478,kelseyvaughny,female,1.0,3,7
815737479,BikeVanWa,brand,0.0,0,1
815737480,europnarry,male,1.0,3,2
815737482,nikolerobbins_,male,1.0,0,3
815737483,Alexxxandro65,male,1.0,3,5
815737484,tobegoogparent,brand,0.0,1,1
815737485,lia_smith_,female,1.0,3,2
815737486,hytenuk,male,1.0,1,9
815737487,corinawonder,brand,0.0,0,1
815737488,hannaishaa,female,1.0,0,5
815737489,SmirkWear,brand,0.0,1,9
815737490,themapdallas,brand,0.0,0,7
815737493,prithvirajchug,male,1.0,0,5
815737494,srickenberg,female,1.0,3,2
815737495,tmj_ind_manuf,brand,0.0,1,11
815737496,7NewsTraffic,male,1.0,3,10
815737497,jonocampbell21,male,1.0,0,5
815737498,sarahhbritton_,female,1.0,3,10
815737499,Lovel_Ross,male,1.0,3,2
815737500,shirleyideas,female,1.0,1,9
815737501,TeamCJ2015,male,1.0,0,3
815737502,AustinWildeboer,male,1.0,3,8
815737503,jaredacklcs,female,1.0,3,8
815737504,zaniemaree,female,1.0,3,5
815737505,GotDeportedYolo,male,1.0,3,10
815737506,CNWCruiseClub,brand,0.0,1,11
815737507,RarrDesigns,brand,0.0,1,11
815737508,PsychoLover__,male,1.0,0,1
815737509,viperblood77,brand,0.0,3,7
815737511,Stacey_MW_WL,female,1.0,3,10
815737512,PaxBritannica66,unknown,,0,0
815737513,coyotes_ebooks,brand,0.0,3,7
815737514,KrisOKeefe_,male,1.0,3,8
815737515,mr2keveryday,brand,0.0,3,2
815737516,TinyAddiction,brand,0.0,1,6
815737517,desifemme,female,1.0,3,8
815737518,Eloghosa_O,female,1.0,1,10
815737519,vontae_hall,male,1.0,3,8
815737520,crystolebee,female,1.0,3,7
815737521,OneClickAddicts,brand,0.0,1,11
815737522,TravillianGroup,brand,0.0,0,3
815737523,UysFaber,brand,0.0,1,1
815737524,pwstealldpinchd,male,1.0,3,2
815737525,jillianfournier,female,1.0,3,8
815737526,mellamoola,female,1.0,3,8
815737528,Pitty_Da_Fool,male,1.0,3,2
815737529,squidhendrix,female,1.0,0,7
815737530,topinsan,male,1.0,1,1
815737531,SFtheWolf,female,1.0,3,2
815737532,pxmpl,female,1.0,3,2
815737534,LED_Matt,male,1.0,0,3
815737535,SierrahBarton,female,1.0,3,2
815737536,ColombianaQveen,female,1.0,3,8
815737537,Johno0012,male,1.0,3,10
815737538,bryant_sadiq,brand,0.0,1,9
815737539,rvchelledean,female,1.0,3,8
815737541,Kintivo,brand,0.0,1,1
815737542,blowndes,male,1.0,1,10
815737543,vajazzna,male,1.0,0,8
815737544,KennethHorjus,female,1.0,0,5
815737547,Maria8selgMaria,male,1.0,0,11
815737549,serrvno,male,1.0,3,2
815737550,CHVRCHESUK,brand,0.0,0,3
815737551,5sosafterdark,female,1.0,0,7
815737552,EmmaDarkSwan,female,1.0,3,6
815737553,erathboneeeee,female,1.0,1,1
815737554,przemusiowa,brand,0.0,3,8
815737555,LewisMickey1,male,1.0,3,10
815737556,TheWorkRachel,female,1.0,0,3
815737558,mr_jonathanr,male,1.0,0,3
815737560,mcflyNINJAfish,female,1.0,1,1
815737561,JayEllston,male,1.0,3,7
815737562,Dags_18,male,1.0,0,8
815737563,isalvatorehes,female,1.0,3,2
815737564,macias_yeni,female,1.0,0,0
815737565,sara_9496,female,1.0,3,7
815737566,k3nzie_bacon,male,1.0,0,3
815737567,french60wasp,male,1.0,3,10
815737568,joceverright,female,1.0,3,7
815737569,INTEGRISCareers,brand,0.0,1,11
815737571,BobFridImages,brand,0.0,1,11
815737572,amberlee0211,female,1.0,0,5
815737573,AShadowDJ29,male,1.0,0,7
815737574,biinaaa_,female,1.0,3,5
815737575,blackbeautyy13,female,1.0,0,7
815737576,fierycamally,female,1.0,3,2
815737577,SeanKyleBordner,male,1.0,1,1
815737578,PiggyMarketNo1,brand,0.0,1,2
815737579,Headliner5,male,1.0,3,10
815737580,RamonaMulcahy,female,1.0,1,1
815737581,NeuvooLakeland,brand,0.0,1,11
815737582,langfordphoto,male,1.0,1,1
815737583,cecilenmstrass1,female,1.0,1,9
815737584,cgoehring78,female,1.0,0,3
815737585,chicoocoelho,male,1.0,3,7
815737586,glennevans5710,male,1.0,2,7
815737587,WeAreCTC,brand,0.0,1,1
815737588,MewzMe2,brand,0.0,3,10
815737589,tliou,female,1.0,1,1
815737590,AoifeLovesOwls,female,1.0,3,2
815737591,Nicolec123_,female,1.0,0,5
815737592,Thatssotasha,female,1.0,3,8
815737593,BW_Technology,brand,0.0,1,9
815737594,Soniasuponia,female,1.0,3,8
815737597,Cara_Martinez_,female,1.0,0,3
815737598,kottaa_lynn,female,1.0,0,7
815737599,kharitbh,male,1.0,3,8
815737601,ayoo_rissabaybe,female,1.0,0,7
815737602,LeHart,female,1.0,1,0
815737604,vitoria22581970,female,1.0,3,2
815737606,TBuyse,brand,0.0,0,3
815737608,TheWayamusic,male,1.0,3,10
815737609,frankiebaratta,female,1.0,3,7
815737611,simamaexo,male,1.0,1,6
815737612,SmithCaitlynn,female,1.0,0,3
815737613,cnorton128,brand,0.0,3,8
815737614,djsalutemag,brand,0.0,1,9
815737615,joeyjones3,male,1.0,1,1
815737616,DanielleDena,female,1.0,0,3
815737618,theunitedmanc,brand,0.0,3,7
815737619,meglovelock,female,1.0,3,7
815737620,miksiie,female,1.0,3,8
815737621,StephanHakan,male,1.0,1,9
815737622,loxarrombada,female,1.0,3,2
815737623,clubsane,male,1.0,3,7
815737624,korr_korr1,female,1.0,3,8
815737625,n0aw65,female,1.0,1,9
815737626,zendisy,unknown,,2,6
815737627,Patty_Espinozag,female,1.0,0,1
815737628,atinytelescope,female,1.0,3,7
815737629,elisa_holmes,female,1.0,0,3
815737630,mookdualeh,male,1.0,0,7
815737631,PulseRadioAZ,brand,0.0,3,0
815737632,Alex_Kacere,male,1.0,3,10
815737633,CliffHCohen,male,1.0,1,9
815737634,KB13mvb,female,1.0,0,7
815737635,EelPieLtd,male,1.0,3,2
815737637,trewkat,female,1.0,0,3
815737638,mywhiteflag,female,1.0,3,10
815737639,maxanth_ny,male,1.0,0,7
815737640,daisyasquith,female,1.0,3,0
815737641,SimplyyShanice,female,1.0,3,8
815737642,TheStreetTeam_,brand,0.0,1,9
815737643,CarolynCarnahan,female,1.0,0,0
815737644,mari_malik23,male,1.0,0,11
815737645,BaseballBetsy,female,1.0,3,10
815737646,MeganFitz20,female,1.0,3,7
815737650,MBubblesss,female,1.0,3,8
815737651,jymmitee,male,1.0,0,5
815737652,xnijayfuckx,female,1.0,3,2
815737653,ILove_Handbags,brand,0.0,0,1
815737654,LeSquanch,male,1.0,3,8
815737655,LilyMarieMFC,female,1.0,3,2
815737656,CharkhamAsylum,female,1.0,3,8
815737657,joeydefilippo,male,1.0,0,7
815737658,WestsiiideTray,male,1.0,3,8
815737659,michaelshaw1983,male,1.0,0,0
815737660,Io_ER_34_y,brand,0.0,1,9
815737661,MaxChristian777,male,1.0,3,5
815737664,yousef94_,male,1.0,1,5
815737665,StephWayUp,male,1.0,3,7
815737666,idb4u,brand,0.0,2,9
815737667,_dualix,male,1.0,0,7
815737668,jovyskol,male,1.0,3,8
815737669,StephenPeeTree,male,1.0,3,5
815737670,Andre_Santos27,male,1.0,1,1
815737671,PressOfficeEU,brand,0.0,1,9
815737673,HenryPoznanski,male,1.0,3,7
815737674,m0to,male,1.0,0,0
815737675,chrisdeerin,male,1.0,3,10
815737676,ainsleighg01,female,1.0,0,0
815737679,Vctralan,male,1.0,3,5
815737680,kindle_and_coal,brand,0.0,0,3
815737681,Ksbtalkyoustalk,female,1.0,3,8
815737682,LauraJohn77,female,1.0,1,9
815737683,IMTHERE5,female,1.0,3,8
815737684,mitraalice,female,1.0,1,9
815737685,ratemyweld,brand,0.0,1,9
815737687,TMobileHelp,brand,0.0,3,10
815737688,robfarrington,male,1.0,0,7
815737689,tpatterson174,unknown,,0,3
815737691,katysabrinita,male,1.0,0,0
815737692,alanie94,female,1.0,3,8
815737693,MamiiMayI,male,1.0,3,8
815737694,thebobbieoliver,female,1.0,3,2
815737695,MattEvans1120,male,1.0,3,7
815737696,danwebber46,male,1.0,3,5
815737697,KnifeStitch,brand,0.0,3,2
815737698,Hessahalkhawari,brand,0.0,3,2
815737699,RyderShelly,female,1.0,3,5
815737700,smuFanguide,brand,0.0,0,3
815737701,aisyashafie,female,1.0,0,5
815737702,DottyMcHotty,male,1.0,3,8
815737703,fortunebagsampl,brand,0.0,1,1
815737704,mydrunkidiots,female,1.0,3,2
815737705,MUFCScoop,brand,0.0,1,5
815737706,loserdil,female,1.0,3,7
815737707,Christina_Short,female,1.0,3,8
815737708,ScotlandUS,brand,0.0,1,9
815737709,ac_minzula,female,1.0,3,2
815737710,JanelWLOX,female,1.0,1,1
815737711,samuraiempress,female,1.0,1,11
815737712,DANIELGIRAUD12,male,1.0,0,1
815737713,brincesss_,female,1.0,3,2
815737714,MrJamfy,male,1.0,0,3
815737715,t_jacoby,male,1.0,0,0
815737716,Vucci_Vusani,male,1.0,3,8
815737717,solluxtxt,unknown,,3,2
815737718,nxwbrokenscxne,female,1.0,3,2
815737719,SuzieHiggins_,female,1.0,3,8
815737720,wolfmikey_,male,1.0,3,2
815737721,AbassAbdiaziz,male,1.0,0,7
815737722,That_Dude_Izzy,male,1.0,3,8
815737724,shivpreetsingh,male,1.0,3,8
815737725,maysundelrey,female,1.0,3,2
815737726,ZckMcClure22,male,1.0,0,7
815737727,Im_halez,female,1.0,0,0
815737728,CK_Kirbi,unknown,,0,3
815737729,durtgeek,male,1.0,1,11
815737730,choichanyeoI,unknown,,3,2
815737731,golengmagma,male,1.0,1,10
815737733,TLyleV,male,1.0,3,2
815737734,JMedinaaaa,female,1.0,3,7
815737735,MoisKarlsson,male,1.0,0,7
815737736,nurdanyldz18,unknown,,3,0
815737737,FraudAesthetic,male,1.0,3,2
815737738,klimeow,unknown,,3,8
815737739,sw1ft3r,male,1.0,3,7
815737740,QCTIllinois,brand,0.0,1,9
815737741,BrendenLewis,male,1.0,3,8
815737742,HaniLeManiak,male,1.0,0,3
815737743,kl_boarder,female,1.0,3,2
815737744,_JakeMoody,male,1.0,3,0
815737745,maxlydic,brand,0.0,1,1
815737746,BaconPotPie,male,1.0,3,2
815737747,TeiraNicole_,female,1.0,3,8
815737748,aza_stazia,female,1.0,3,2
815737749,TSPegacorn_,female,1.0,3,2
815737753,Y115YGS,brand,0.0,0,3
815737754,shandyfarr,female,1.0,0,1
815737755,clarisseabella,female,1.0,0,8
815737756,inkedskindawg,male,1.0,0,5
815737757,roxanne42015646,female,1.0,3,2
815737759,GemoftheOcean,female,1.0,3,10
815737760,GravLabs,brand,0.0,0,1
815737761,emotionlcss,male,1.0,3,2
815737762,BluBleuBlue,female,1.0,0,1
815737764,JCSvenning,male,1.0,0,11
815737765,bitgit,male,1.0,3,10
815737767,tfandell,male,1.0,1,1
815737768,ParadiseGray,brand,0.0,1,10
815737769,Obmaha,brand,0.0,0,5
815737772,LEWLAAAR,male,1.0,3,8
815737773,Hollie1210_,male,1.0,3,2
815737774,w13cpa,male,1.0,0,3
815737775,HealthLaw,brand,0.0,1,1
815737777,jamess_nesbitt,male,1.0,1,9
815737778,MinnySeminole,male,1.0,3,0
815737779,Bdiddy252,male,1.0,1,9
815737780,swajih,female,1.0,1,1
815737782,DavidJEWood,male,1.0,3,10
815737783,Timetodabble,brand,0.0,1,9
815737784,chemicaIsreact,male,1.0,3,7
815737785,PepePeadro,unknown,,0,5
815737786,grovyIes,female,1.0,3,2
815737787,MendingMum,female,1.0,3,0
815737788,Lwilliams_13,female,1.0,3,8
815737789,ChadDKollas,male,1.0,0,7
815737790,BrasilBella81,female,1.0,0,5
815737791,cpsbroncos,brand,0.0,0,5
815737792,crypticxniall,unknown,,3,2
815737794,snickelfritz100,female,1.0,0,5
815737795,babysnoozes,male,1.0,0,3
815737796,TheCoachSweet,male,1.0,3,5
815737797,INeedAClone1,female,1.0,0,1
815737798,Midtown1305,brand,0.0,1,1
815737799,Maiika,female,1.0,0,5
815737800,LabeledDior,male,1.0,1,10
815737801,MikelMoyo,male,1.0,3,10
815737802,club_musica175,brand,0.0,0,3
815737804,bmstahl,male,1.0,0,0
815737805,JessShalveyy,female,1.0,3,7
815737806,LittleLotte_xo,female,1.0,3,5
815737807,GraceMartin51,male,1.0,1,9
815737808,pesserine,unknown,,3,7
815737809,Kidrauhl4everCa,female,1.0,3,2
815737810,10_manhood,male,1.0,0,3
815737811,HotCamera2020,brand,0.0,2,11
815737812,_coldel,female,1.0,3,2
815737813,Yes_Czer,male,1.0,3,8
815737814,HiawathaSchool,brand,0.0,0,3
815737815,Music_metAIR,brand,0.0,0,3
815737816,designxertrash,male,1.0,3,2
815737817,hemmoschode,brand,0.0,3,2
815737818,Matt_albino21,male,1.0,0,7
815737819,searchmuse,male,1.0,1,1
815737820,wow_shock_facts,brand,0.0,1,1
815737821,MrSteveMusic,male,1.0,0,0
815737822,yuribrigadir,male,1.0,1,1
815737823,PVeghte,male,1.0,0,7
815737824,GTgriffy,male,1.0,0,0
815737825,TheStreetNews_,male,1.0,1,9
815737826,SuperAlexGaming,male,1.0,3,2
815737827,Antonineone1,female,1.0,3,2
815737828,CaitlinRegan,female,1.0,1,1
815737829,ganSUperKay,male,1.0,3,8
815737830,TriangleHoodies,male,1.0,3,8
815737831,KinkyKian13,male,1.0,3,2
815737832,ShirokumaOkami,unknown,,1,10
815737833,dropbearcoffee,brand,0.0,1,11
815737834,cubuffsgrub,brand,0.0,0,3
815737835,fasteddie4555,male,1.0,0,3
815737836,ImTeraPatrick,female,1.0,1,9
815737837,gtgstyIes,male,1.0,3,8
815737838,MikhaelaGussie,female,1.0,3,8
815737840,TMalac21,female,1.0,0,5
815737842,ezgiyesil89,female,1.0,0,5
815737843,_mirthalys,female,1.0,3,8
815737844,ReginaldClark24,male,1.0,0,3
815737845,Jordy__Banks,male,1.0,0,5
815737846,Ervinnzz_f2d,male,1.0,3,8
815737847,ArleneBynonShow,female,1.0,1,1
815737848,kt_powell01,female,1.0,0,3
815737849,MonsterJail,male,1.0,3,10
815737850,OArmsyouth,brand,0.0,0,1
815737851,c_kisha,female,1.0,3,2
815737856,ASRomaDaily,brand,0.0,1,1
815737857,giovanni_mascia,male,1.0,1,1
815737858,Pretty_Foreign,female,1.0,3,10
815737860,MissLilySummers,female,1.0,3,0
815737861,GRANT_mywish,female,1.0,3,10
815737862,LazcanoKasssy,female,1.0,3,2
815737863,oidptg,brand,0.0,3,10
815737864,SamuelPerrin_,male,1.0,0,5
815737865,JaneForRafffa,female,1.0,3,10
815737866,StyleSeat,brand,0.0,3,0
815737867,bones_six7,brand,0.0,3,8
815737869,phorlen,male,1.0,3,8
815737870,INLadyDem,brand,0.0,3,10
815737871,Bbeautybits,female,1.0,1,11
815737872,vivamvndv,female,1.0,3,8
815737873,moketutashinda,male,1.0,3,5
815737874,craftyleftdee,female,1.0,1,10
815737875,TBrisbaneRoar,brand,0.0,1,1
815737878,blackberryron,brand,0.0,1,1
815737879,TomMSFT,brand,0.0,1,9
815737880,anajjny,female,1.0,3,2
815737881,DrMcInnisDIT,male,1.0,0,0
815737882,TheDavidCyclone,male,1.0,0,1
815737883,klahnen,unknown,,0,5
815737885,_ghostlight,female,1.0,3,2
815737886,SaludRecetsBlog,male,1.0,1,9
815737887,ZainyyRaja,male,1.0,0,7
815737889,WhatMalia,female,1.0,3,2
815737890,treasuredpearl7,female,1.0,0,7
815737891,RC_Garrick,female,1.0,3,10
815737892,amyhanauer,female,1.0,0,0
815737893,catsgoturbong,female,1.0,3,2
815737894,nmellowulf,unknown,,0,7
815737895,ruedasofocles,brand,0.0,1,9
815737896,_NandiPie,female,1.0,3,8
815737897,Villasttp,male,1.0,3,10
815737899,maddie_miller99,female,1.0,0,3
815737900,OximityEducatn,brand,0.0,1,9
815737901,Meggrinney,female,1.0,3,7
815737902,UOTrackFangirl,brand,0.0,3,0
815737903,artisteslibrary,brand,0.0,1,9
815737904,DanSlay16,male,1.0,1,1
815737905,volzhakovakris1,female,1.0,1,11
815737906,greekoutdoors,brand,0.0,3,0
815737907,Derishii,male,1.0,0,8
815737908,truserva,male,1.0,1,1
815737909,DanielGAlarcon,male,1.0,3,8
815737910,9Lawrence9,male,1.0,0,8
815737911,FoE_DaDa,brand,0.0,1,9
815737912,zaynsftabel,male,1.0,3,8
815737913,ksaw_7,female,1.0,0,7
815737914,emsandwilliams,male,1.0,3,8
815737915,camrynsucks,female,1.0,3,7
815737916,bieberjacked,male,1.0,3,2
815737918,JM_Hokie,male,1.0,3,2
815737919,date_stephen,male,1.0,0,3
815737920,WiffleBall1,brand,0.0,3,0
815737921,br00ke_dix0n,female,1.0,0,7
815737922,PsyvilleMontana,male,1.0,3,8
815737923,MyDRD,brand,0.0,1,1
815737924,fuccidulcie,female,1.0,1,9
815737925,5SOSHotelReport,brand,0.0,3,7
815737926,devon_patenaude,male,1.0,3,8
815737927,BAA,brand,0.0,1,1
815737928,SuppLocalMusic,brand,0.0,1,9
815737929,tonydrake37,male,1.0,0,3
815737930,leakravis,female,1.0,0,3
815737931,KevinTonks,male,1.0,0,3
815737932,228_amor,unknown,,2,6
815737933,ArkhamKnight19,unknown,,3,5
815737934,B4rbee_B4bezx,female,1.0,1,9
815737935,humbledlion,male,1.0,0,5
815737936,arrenmahgan,male,1.0,0,7
815737937,BanksBossx,male,1.0,3,2
815737938,would_woody,female,1.0,3,2
815737939,ColinDunn67,male,1.0,0,5
815737940,LajuanaFrame,female,1.0,0,5
815737941,TBEXevents,brand,0.0,3,10
815737942,RyanD0ran,male,1.0,3,8
815737943,Moom_Radio,unknown,,3,5
815737944,sarahhollowell,female,1.0,3,10
815737945,cbinflux,brand,0.0,3,10
815737946,SSCNapoliDaily,brand,0.0,1,1
815737947,MagAurand,female,1.0,3,8
815737948,PantiesNhiHEELS,female,1.0,3,5
815737949,wan2golf,brand,0.0,0,11
815737950,emkirsch_,female,1.0,3,8
815737951,Ken_Ko14,male,1.0,0,5
815737952,cendrella28,female,1.0,0,3
815737953,chazzarew,male,1.0,0,5
815737954,metaliplierrp,male,1.0,3,2
815737955,MrDatch,male,1.0,3,2
815737960,CoolTrainrJulio,brand,0.0,3,8
815737961,yskAustin,brand,0.0,1,9
815737962,717shid,male,1.0,3,8
815737963,LexyBlankenship,female,1.0,3,8
815737964,stumper53,male,1.0,0,3
815737965,PhoebeTruscott,male,1.0,1,9
815737966,souItrader,female,1.0,3,7
815737967,ACHoang32,brand,0.0,3,8
815737968,lindcontent,female,1.0,1,1
815737969,YoungPharaohEnt,brand,0.0,1,9
815737970,chaacSmite,brand,0.0,3,2
815737971,buamai,brand,0.0,1,1
815737972,SOVIETAESTHETIC,brand,0.0,0,5
815737973,Twickets,brand,0.0,1,10
815737974,istherehalsey,female,1.0,3,2
815737975,johnny_nimble,male,1.0,3,2
815737976,shannonmulhall3,female,1.0,0,7
815737977,AlinaKField,female,1.0,0,5
815737978,4rca,unknown,,0,5
815737979,ferraripalmiro,brand,0.0,1,9
815737980,ThaSpaceLife,male,1.0,0,7
815737981,NikeeNikita,male,1.0,0,3
815737982,Jazzminehunt,female,1.0,3,8
815737983,wdymsariana,female,1.0,3,2
815737984,hugommorais,male,1.0,3,5
815737986,choisser,male,1.0,3,2
815737987,OhioSnowcats,brand,0.0,0,5
815737988,jasonG4s,male,1.0,3,10
815737989,BreannaBell1995,female,1.0,0,7
815737990,Lewis14Louis,male,1.0,0,5
815737991,ShopHeirlooms,male,1.0,1,10
815737992,Elisiur57,female,1.0,0,0
815737993,MIVRA_,male,1.0,3,8
815737994,AlanAltoon,male,1.0,3,8
815737995,banditsnows,female,1.0,3,2
815737996,manojvp,male,1.0,0,1
815737997,BonheurJour,brand,0.0,1,9
815737998,mishaoutloud,male,1.0,0,5
815737999,vier_lian,male,1.0,1,6
815738000,TwicketsTheatre,brand,0.0,1,1
815738001,Yadav77Pankaj,male,1.0,3,2
815738002,KaylaLords,female,1.0,3,2
815738003,PositivePowerM,brand,0.0,0,1
815738004,dyldodolan,male,1.0,3,8
815738005,MachinesPicks,brand,0.0,1,10
815738006,rachel_j15,female,1.0,3,5
815738007,Fadedsedated,male,1.0,3,8
815738008,jeibbotson,male,1.0,0,3
815738009,Team_Christ77,brand,0.0,0,7
815738010,saucegod11,male,1.0,3,8
815738011,Kellylynsey,female,1.0,1,1
815738012,r_wolfcastle,brand,0.0,3,10
815738013,tja0830,male,1.0,0,7
815738014,FalloonJohnson,female,1.0,0,0
815738015,AhmedA01,female,1.0,1,1
815738016,education_us,brand,0.0,3,2
815738017,Fra_Ford4,male,1.0,3,0
815738018,JonesSwanGirl,female,1.0,3,10
815738019,unfinshedcereal,female,1.0,0,7
815738020,taelor34,female,1.0,3,7
815738021,sloney,female,1.0,3,10
815738022,invjsibleheart,male,1.0,3,2
815738023,erickadawnn,female,1.0,0,5
815738024,License2Fangirl,female,1.0,3,2
815738025,riverforasouIwt,female,1.0,3,5
815738026,jazz_mntr,female,1.0,0,7
815738027,darrentodream,female,1.0,1,10
815738028,VintageMuskoka,female,1.0,3,10
815738030,CandiiAccola,female,1.0,3,2
815738031,SkylarStarsight,male,1.0,3,2
815738032,Rockwell_JB,female,1.0,3,5
815738033,jerryhullsinger,male,1.0,1,1
815738034,yorkshiregunner,male,1.0,1,10
815738035,amyyylala,female,1.0,3,2
815738036,nelboogsz_MG,female,1.0,3,10
815738037,Python_Agent,brand,0.0,1,9
815738038,audrvlucas,female,1.0,3,7
815738040,espinosadorable,female,1.0,3,2
815738041,TerriLAustin,female,1.0,3,10
815738042,RazVahn,male,1.0,0,5
815738044,HodgesMJ,male,1.0,0,0
815738045,TessOnTheRadio,female,1.0,0,1
815738046,whytrysmg,female,1.0,3,8
815738047,216BirdMan,male,1.0,1,1
815738048,adfresco_radio,brand,0.0,1,9
815738049,paadme1,female,1.0,3,2
815738050,dianegracely,female,1.0,1,1
815738051,GiftsVitality,brand,0.0,3,2
815738052,HardinMemorial,brand,0.0,1,1
815738053,julysa_morales,female,1.0,3,7
815738054,vivianteresaa,female,1.0,3,7
815738056,TheNaijaInfo,brand,0.0,1,9
815738059,shelby_foote,female,1.0,3,8
815738061,PopcornJulie,female,1.0,1,1
815738062,leonardmorales,male,1.0,1,1
815738063,TipsForYouDaily,brand,0.0,0,5
815738064,Lots_of_lucy,female,1.0,0,5
815738065,sypfpaul,male,1.0,0,5
815738066,cathyscalf,female,1.0,1,1
815738067,jakemco3,brand,0.0,0,3
815738068,JackyTorres_7,female,1.0,3,7
815738069,AvdellasL,female,1.0,0,11
815738070,StrikeFM,brand,0.0,3,7
815738071,skyeisdaname123,female,1.0,0,3
815738072,wslaton,male,1.0,3,2
815738073,bintnajm,male,1.0,3,2
815738074,BentheLegendary,male,1.0,1,10
815738075,Brawler_WF,brand,0.0,3,2
815738076,RolensEthan,male,1.0,0,3
815738077,AFPceleb,brand,0.0,1,1
815738078,G_Dicristofano,female,1.0,0,11
815738079,creedenrachel,female,1.0,0,3
815738080,CasmereLoves,female,1.0,0,8
815738081,thewlis1990,female,1.0,0,5
815738082,KILLSheredon,female,1.0,3,0
815738083,highitsalexis_,female,1.0,0,7
815738084,Jeenniiferc_,female,1.0,3,8
815738086,PrettyClichee,female,1.0,3,8
815738087,Darenseeyah,female,1.0,3,8
815738088,MitziGrey,female,1.0,3,2
815738089,_TheConductor,brand,0.0,0,5
815738090,vanessalicavoli,female,1.0,0,7
815738091,chayacare,brand,0.0,0,3
815738092,MFL_MonmouthSch,brand,0.0,0,3
815738093,aprilandcalum,female,1.0,3,10
815738094,SPlasticSpoons,female,1.0,3,0
815738095,skywayrehab,brand,0.0,2,6
815738096,NotChuka,male,1.0,3,10
815738097,drondo999,unknown,,0,3
815738098,kashif_urooba,female,1.0,0,7
815738100,JesseKate77,female,1.0,1,9
815738101,AllieMillette,female,1.0,0,7
815738102,JasonBenten,male,1.0,0,3
815738103,mt68k,male,1.0,0,7
815738104,ElenkaPenina,unknown,,2,6
815738105,TypicStylez,female,1.0,3,2
815738106,Superr_Bitchh,female,1.0,3,8
815738107,xomarinax,female,1.0,1,1
815738108,RTAReVive,unknown,,0,3
815738109,BAMAPERRY,male,1.0,3,10
815738110,INDIPA,male,1.0,1,1
815738111,carolcoppie,unknown,,0,5
815738112,InuOre,female,1.0,0,5
815738113,Ragin_Gooner,male,1.0,0,5
815738114,justinnross,male,1.0,1,10
815738115,OkyneM,female,1.0,0,5
815738116,aularents,female,1.0,3,2
815738117,vikcancina,female,1.0,3,8
815738118,Camsboothang,male,1.0,3,2
815738119,octavioramos22,male,1.0,0,3
815738120,FederalGovNews,brand,0.0,1,9
815738121,nexgamingng,brand,0.0,0,3
815738122,MyLeanEngineer,brand,0.0,0,3
815738123,Sammii_fiierce,female,1.0,3,7
815738124,Sakitties,female,1.0,3,7
815738125,tmj_roa_manuf,brand,0.0,1,11
815738126,News2Aggregator,brand,0.0,1,9
815738127,KINGFACTS,male,1.0,3,10
815738128,toriicookson,female,1.0,3,8
815738129,stevedastardly,male,1.0,3,2
815738130,2faceh,brand,0.0,3,8
815738131,logichole,unknown,,3,10
815738132,DarlRotary,brand,0.0,0,3
815738133,WinningSmile_WS,brand,0.0,0,3
815738134,chrisoldfield,male,1.0,3,0
815738135,20Diana_M,female,1.0,0,5
815738136,Donna_Tran_,female,1.0,0,7
815738138,shashashamm,female,1.0,0,7
815738139,LucyVater91,female,1.0,0,7
815738140,Gwenbot_ebooks,unknown,,3,7
815738141,STRYCHNlNE,female,1.0,3,2
815738142,DB_17_,male,1.0,3,2
815738143,jgess623,male,1.0,3,10
815738144,Nxsus0101,male,1.0,3,2
815738145,tee_shells,female,1.0,0,7
815738146,DenverRDT,brand,0.0,3,2
815738147,scotchbing,male,1.0,0,0
815738148,AndyIWaller,male,1.0,3,0
815738149,aprilvwolfe,female,1.0,0,3
815738150,LazerCake,brand,0.0,0,0
815738151,adrianaaaaxo,female,1.0,3,8
815738152,JessiKakes_92,female,1.0,0,5
815738155,cabockwrites,female,1.0,1,1
815738156,jess_iyte,female,1.0,0,3
815738157,NinaCarr,female,1.0,1,1
815738158,ScarfDemon,female,1.0,3,0
815738159,Cai_McKenna3,female,1.0,0,5
815738160,idolranking,female,1.0,1,9
815738164,bitcointonic,female,1.0,1,9
815738165,Londonengland_a,brand,0.0,1,6
815738166,MakelDesigns,brand,0.0,1,1
815738167,Pichubot,brand,0.0,0,0
815738168,hannastarr13,female,1.0,3,0
815738169,heyitsbenton,male,1.0,3,7
815738170,sddavis55,female,1.0,3,7
815738171,ChallengerDoob,male,1.0,3,0
815738172,leanderTrey,male,1.0,0,5
815738173,GlamModelAbby,female,1.0,1,1
815738174,Donkhalifa_dope,male,1.0,0,3
815738175,MelindaDunne,female,1.0,1,9
815738176,cenobyte,female,1.0,3,10
815738177,IUNewsTalk,brand,0.0,3,10
815738178,soycows,unknown,,0,3
815738179,aej0x,female,1.0,3,8
815738180,ABCDElenUHH,female,1.0,3,5
815738181,soulhangout,female,1.0,1,1
815738182,Haylee_Grace,female,1.0,3,8
815738183,vtarmynavy,brand,0.0,1,1
815738184,tomred5,brand,0.0,0,5
815738185,_jonnycarr,male,1.0,3,5
815738186,Bitch_Wheeeeet,female,1.0,3,8
815738187,newswithvalue,brand,0.0,2,6
815738188,Courtana_,female,1.0,3,2
815738189,lewis_smith1996,male,1.0,0,7
815738190,SeSuYeol,female,1.0,3,5
815738191,playaplay252,brand,0.0,1,9
815738192,NatePVlog,male,1.0,3,5
815738193,marie_babb,female,1.0,3,2
815738194,Kaywitdajuice,female,1.0,3,5
815738196,Caram3lAiko,female,1.0,3,10
815738197,gemmagaldon,female,1.0,3,10
815738198,warriorbob9,male,1.0,3,8
815738199,natalie_klein,female,1.0,0,5
815738200,ZakaryLoso,male,1.0,3,8
815738201,LynniseRenee,female,1.0,0,5
815738202,LauraEms_,female,1.0,3,10
815738203,rachel_topliss,female,1.0,3,8
815738205,healfranta,brand,0.0,3,2
815738206,iron_boy1,male,1.0,3,2
815738207,NewsOnFire0,brand,0.0,2,6
815738209,JeffBarlis,male,1.0,1,10
815738210,Our_manPLA,male,1.0,3,2
815738211,LoliPBNightcore,unknown,,0,3
815738212,NupdalJewel,female,1.0,1,11
815738213,justphilanddan,male,1.0,3,2
815738216,__Gloriaaaaaa,female,1.0,3,8
815738217,BriannaLeeBates,female,1.0,0,1
815738218,SouloJoe,male,1.0,3,10
815738219,ambernigella,female,1.0,0,3
815738220,shockingloser,female,1.0,3,0
815738221,dannibbrown,female,1.0,0,7
815738222,PRNews,brand,0.0,1,10
815738223,monkeydogify,female,1.0,3,8
815738224,absofsteel1421,female,1.0,0,5
815738226,ilmus_Salaf,brand,0.0,1,1
815738227,GhulamSultaan,male,1.0,3,0
815738228,Chota_Qureshi,unknown,,0,1
815738229,dannyyonce,unknown,,3,2
815738230,alex_murphy20,female,1.0,0,7
815738231,tilly_moret,female,1.0,0,3
815738233,alexkarev,male,1.0,1,10
815738234,RossRead,male,1.0,3,10
815738235,VickyLovelll,female,1.0,3,8
815738236,AndzhelaSatyr,female,1.0,1,9
815738237,PhoennixCox,male,1.0,0,1
815738238,ianrobo1,male,1.0,3,0
815738239,SaintPetersblog,male,1.0,1,10
815738240,LittleVikingsUK,brand,0.0,1,1
815738241,PeepsTalks,brand,0.0,1,9
815738242,MORE2CENTS,unknown,,3,7
815738243,frostingdoodle,female,1.0,3,8
815738244,Trap_Jesus,male,1.0,1,10
815738245,cakestoriesbyL,female,1.0,3,11
815738246,k3_andy,male,1.0,0,7
815738247,LesboNxtDoor,female,1.0,3,2
815738248,vjlioi1017,unknown,,0,3
815738250,PVanEycken,male,1.0,0,1
815738251,SamiiClarkson,female,1.0,0,3
815738252,lightacandleOTM,brand,0.0,1,10
815738253,cashset_Lae,brand,0.0,3,8
815738254,AnnAyers67,female,1.0,1,9
815738255,newgroundstier,unknown,,3,7
815738256,larkynn_5,female,1.0,3,7
815738257,harmonizersteph,female,1.0,3,2
815738258,JohnTheWriter_,female,1.0,3,7
815738259,_daanielllle,female,1.0,3,10
815738260,girlmeare,female,1.0,3,2
815738261,Kirizami_Queen,female,1.0,3,7
815738262,hannybodner,female,1.0,1,9
815738263,_hxmmie,unknown,,3,10
815738267,PlanetKBooks,brand,0.0,1,1
815738268,NathanDallon,male,1.0,0,0
815738269,loyaltynlove24,male,1.0,3,6
815738270,LiamOliverTyler,male,1.0,3,2
815738271,barleans,brand,0.0,1,11
815738273,DeadliftMore,brand,0.0,0,6
815738275,jeff_lang,male,1.0,0,5
815738276,cantClock_me,male,1.0,3,8
815738277,PhyllisinaR_Fit,female,1.0,0,1
815738279,MateusV8,male,1.0,1,1
815738280,ChloRochellex,female,1.0,3,8
815738281,_amcrae,female,1.0,3,8
815738282,IndianEmbassyUS,brand,0.0,1,1
815738283,erica_sabel,female,1.0,3,7
815738284,keniarivas8,unknown,,0,11
815738285,chelsaa__,female,1.0,3,7
815738286,_Ricky4Hunnid,male,1.0,3,2
815738287,bosshog221,male,1.0,0,5
815738288,MaBochons,female,1.0,1,9
815738289,musicofnb,brand,0.0,1,1
815738290,rileejoyy,female,1.0,3,8
815738291,Desolation00,brand,0.0,3,5
815738292,HendrixBrett,male,1.0,0,0
815738293,TedHanley,male,1.0,0,5
815738294,Sabrooooooo,unknown,,3,7
815738296,merrittee7lc,brand,0.0,0,6
815738297,figurativeleigh,female,1.0,0,8
815738298,kit69bh,unknown,,3,0
815738299,LBfanatic,male,1.0,3,7
815738300,SingingRobots,brand,0.0,3,5
815738301,clever_calum,female,1.0,3,2
815738302,FourSeasons,brand,0.0,3,10
815738303,heraldleader,brand,0.0,1,10
815738304,HHSDogs,brand,0.0,0,1
815738305,TrueLifeOfTimmy,male,1.0,3,2
815738307,woohyunvevo,male,1.0,3,2
815738310,JeSuisHadassah,female,1.0,3,8
815738311,JovanR15,brand,0.0,0,3
815738312,__CharlieJones,male,1.0,0,7
815738313,johnsonsshoes,brand,0.0,0,3
815738314,TecnologiaPTodo,brand,0.0,1,9
815738315,Whizbuzz,brand,0.0,1,10
815738316,Josh_Suchon,male,1.0,1,1
815738317,BTLS_Team,brand,0.0,0,3
815738318,vlo4sho,female,1.0,1,5
815738319,marionflo81,male,1.0,0,7
815738320,cats_ass_grass_,female,1.0,3,7
815738321,WriterInReverse,male,1.0,3,2
815738322,wowitssam1,female,1.0,0,7
815738323,Contracts,brand,0.0,1,1
815738324,bookkeepingny,female,1.0,0,3
815738325,iindieharry,male,1.0,3,2
815738326,NeuvooRetLosAn,brand,0.0,1,11
815738327,maddielee579,female,1.0,3,8
815738328,thisisjustnoise,female,1.0,3,7
815738329,RDT_Funny,brand,0.0,3,2
815738330,MennaEZahra,female,1.0,3,0
815738331,_shystackss,female,1.0,3,8
815738332,BlacNino_,male,1.0,3,10
815738334,KevinCHolland12,male,1.0,1,1
815738335,MawkIy,male,1.0,3,8
815738336,xdr_lens,male,1.0,0,3
815738337,mikleomore,brand,0.0,3,2
815738338,TexasVLB,brand,0.0,0,0
815738339,Matty_MwM,male,1.0,0,0
815738340,Kyle_F_Kennedy,male,1.0,1,1
815738341,thedreamerx,female,1.0,3,8
815738342,sophiafcoleman,female,1.0,3,8
815738343,LauraSereena,female,1.0,0,1
815738345,Matic_ID,male,1.0,1,9
815738346,TheGuyanaNews,brand,0.0,0,1
815738347,Cvb7cK9iGjn04,male,1.0,2,7
815738348,Calzuh,male,1.0,0,7
815738349,dany21escobar,female,1.0,0,1
815738350,ZDNet,brand,0.0,1,1
815738351,Tanyachelseafc,brand,0.0,1,9
815738352,John_C76,male,1.0,0,1
815738353,muzanimam,female,1.0,3,8
815738355,pingcarlo,male,1.0,1,10
815738356,HannahMolligan,female,1.0,1,9
815738359,kopitedave,male,1.0,3,8
815738360,justmelv718,male,1.0,1,8
815738361,Imreallyshitty,brand,0.0,0,7
815738362,IanBegley,male,1.0,1,1
815738363,skybigsports,brand,0.0,1,5
815738364,camilasjauregxi,female,1.0,3,0
815738365,themanifestosho,brand,0.0,1,1
815738368,SiedVan_Riel,male,1.0,0,8
815738369,Linuxfera,brand,0.0,1,9
815738370,NickICMYAS,male,1.0,0,3
815738371,amandatrantino,female,1.0,3,8
815738372,KELINKenya,brand,0.0,0,5
815738373,rudeginge,female,1.0,3,10
815738374,MaiaGeistDvi_,female,1.0,0,3
815738375,ImNotReal_____,male,1.0,3,2
815738376,Sharalee_Field,brand,0.0,1,1
815738377,JessicaFollett6,female,1.0,1,9
815738378,liquidjewels,female,1.0,0,0
815738379,SearchQuotes,brand,0.0,1,10
815738380,carlasaldana1,female,1.0,3,2
815738381,MarioFinkbiner,male,1.0,1,1
815738382,sicknrealtired,male,1.0,0,5
815738383,mayalovingg,female,1.0,3,2
815738384,yeahchelseafc,brand,0.0,1,9
815738386,mypayingads,brand,0.0,1,9
815738387,waifu_strterpck,male,1.0,3,2
815738388,melissamoodyxo,female,1.0,0,7
815738389,_comingofage,female,1.0,1,5
815738390,nowuRcookingurl,female,1.0,3,2
815738391,SteveIQlife,brand,0.0,1,1
815738392,DeveloperAgent,brand,0.0,1,9
815738393,yeye_kysar,female,1.0,0,1
815738394,hmistakidis,male,1.0,0,3
815738395,Jessica_Mcc02,female,1.0,3,8
815738396,Zuzuz_Petalz,female,1.0,1,9
815738397,bringmenoodles,female,1.0,3,7
815738398,PhotoMeli,unknown,,3,2
815738399,enichols168,male,1.0,0,3
815738400,FabMommy29,female,1.0,3,2
815738401,Nthabisheng,unknown,,3,10
815738402,wtm_rachel,female,1.0,3,2
815738403,luketaylorr7,male,1.0,0,7
815738404,_killjoye,female,1.0,3,5
815738405,MSRheinlander,female,1.0,1,10
815738406,RealJaninaHoran,female,1.0,1,11
815738407,perko_designs,brand,0.0,0,3
815738409,SMASpringfield,brand,0.0,0,3
815738410,_TigressN,female,1.0,3,8
815738411,chrism1749,female,1.0,0,1
815738412,iAxX23,brand,0.0,3,8
815738414,effadden,female,1.0,3,8
815738415,JxrdanJade,female,1.0,3,8
815738416,VW_Alhambra,brand,0.0,0,1
815738417,TKEsmalls,brand,0.0,3,1
815738418,margih99,unknown,,3,5
815738419,TheMixCommunity,brand,0.0,1,1
815738420,JimJamJamieJoo,female,1.0,3,10
815738421,RaRUPE4,female,1.0,3,0
815738422,SouthdakotaC,brand,0.0,1,9
815738423,zeemills,female,1.0,0,3
815738424,TheTopiik,brand,0.0,1,9
815738425,amerikanousa,brand,0.0,1,9
815738426,popky,female,1.0,1,1
815738427,ThorThe_God,brand,0.0,3,10
815738428,IbizaAList,brand,0.0,1,1
815738429,iFollowSFNews,brand,0.0,1,11
815738430,Quemerford,male,1.0,0,0
815738431,JMF1288,female,1.0,0,1
815738433,JustLizQuen1,brand,0.0,2,6
815738434,lizquensomia,brand,0.0,2,6
815738435,lizquen_ac,brand,0.0,2,6
815738436,watutifo,female,1.0,2,6
815738437,burgernlobster,brand,0.0,2,6
815738438,leezkenjeydin,unknown,,2,6
815738439,MDanmae,female,1.0,3,2
815738440,lizquensubject,brand,0.0,2,6
815738441,yel522,female,1.0,2,6
815738442,lizquendiet,brand,0.0,2,6
815738443,randycastro72,male,1.0,2,6
815738444,lizquen13Sg,female,1.0,2,6
815738445,lizquendrafts,brand,0.0,2,6
815738446,enriquehell1,brand,0.0,2,6
815738447,LizQuenKingdom1,unknown,,2,6
815738449,CHILLaxation15,male,1.0,0,0
815738450,zhaerincayeflo2,female,1.0,2,6
815738451,CulalaJhay,brand,0.0,2,6
815738452,IUKelleyCareers,brand,0.0,0,3
815738454,charlescou,male,1.0,0,5
815738455,M2C_ISHMAELJ,male,1.0,1,9
815738456,Based1UP,brand,0.0,0,7
815738458,Promoting_Women,brand,0.0,1,9
815738459,MarslandNigel,brand,0.0,1,9
815738460,matthewjenkin17,male,1.0,3,0
815738461,BaileyDischler,female,1.0,3,2
815738462,dinosaur_en,male,1.0,2,6
815738464,DolejsiHazel,unknown,,0,3
815738465,brunabrancoo,female,1.0,3,8
815738466,Drfilaoye,male,1.0,0,5
815738467,aafx0_,brand,0.0,0,3
815738469,lizquensports,female,1.0,2,6
815738470,LizQue4loveSg,brand,0.0,2,6
815738471,BlackGtrQuen,male,1.0,2,6
815738472,lyn_babes03,female,1.0,2,6
815738473,marladee34,female,1.0,2,6
815738474,lizquenmath,brand,0.0,2,6
815738475,lizquen_ab,brand,0.0,2,6
815738476,lizquendrawing,unknown,,2,6
815738477,lizquenhousing,brand,0.0,2,6
815738478,lizquenexchange,unknown,,2,6
815738479,lizquen10sg,female,1.0,2,6
815738480,LizQuenMeXhing,female,1.0,2,6
815738481,RinaTiglao,female,1.0,2,6
815738482,leahxmedina,female,1.0,2,6
815738483,joseph_bhabe,male,1.0,2,6
815738484,carpetscheshire,brand,0.0,0,3
815738486,jascornishxo,female,1.0,3,8
815738487,Ryebread506,brand,0.0,0,0
815738488,senzeal,brand,0.0,0,7
815738489,samikincaid,female,1.0,3,2
815738491,_Lauren_45,female,1.0,0,7
815738492,dca9995ac1e240c,male,1.0,0,3
815738493,VampireAgatha,female,1.0,1,1
815738494,appguide,brand,0.0,1,1
815738495,stevenearthling,male,1.0,3,8
815738496,MARKHDUNLOP,male,1.0,0,0
815738497,kocak1emre,male,1.0,0,1
815738498,jimandchips,male,1.0,3,2
815738499,jerseyutd_2nd,brand,0.0,1,9
815738500,conandoyle5,male,1.0,2,6
815738501,Bamford_ID,male,1.0,1,9
815738502,mymeedia,brand,0.0,3,1
815738503,BuzzzTeller,brand,0.0,1,9
815738504,MadisonGarrcia,female,1.0,3,2
815738505,nakedtoby,brand,0.0,0,1
815738506,lilachbullock,female,1.0,1,10
815738507,alienlock,male,1.0,3,2
815738508,ShezaHolmes,brand,0.0,3,2
815738509,TheFattHatt,unknown,,0,7
815738510,andreafirth4,female,1.0,3,5
815738511,Futureollg1313,brand,0.0,0,0
815738512,TommyTommytee18,male,1.0,3,2
815738513,Jaahhhzzelle,female,1.0,3,8
815738514,claire3222,female,1.0,2,4
815738515,CayeNoval,female,1.0,2,6
815738516,gabriel13737457,male,1.0,2,4
815738517,HRHkenito,brand,0.0,2,6
815738518,caye_pilapil,female,1.0,2,6
815738520,Si_Parkes,male,1.0,0,1
815738521,Ms__Makina,female,1.0,3,2
815738522,No1PaydayLoans,brand,0.0,1,9
815738523,amberthompson47,female,1.0,3,10
815738524,android_hit,brand,0.0,1,11
815738525,jjhlibrary,brand,0.0,0,3
815738526,Yooo_santana,male,1.0,3,8
815738527,chiefsbuzztap,brand,0.0,1,9
815738528,liam_turner21,male,1.0,0,7
815738529,FLSmallBz,male,1.0,1,9
815738530,alex_sawers,female,1.0,3,8
815738531,AshitPabari,male,1.0,0,5
815738532,NWheeler84,male,1.0,0,5
815738533,ice_breaker3000,male,1.0,0,5
815738534,VillagesCanada,brand,0.0,1,11
815738535,lizaquenu,brand,0.0,2,6
815738536,lq1_camouflage,female,1.0,2,6
815738537,miniONIONS_3,brand,0.0,2,6
815738538,jiallander,female,1.0,2,6
815738539,Krystaljoycebee,brand,0.0,2,6
815738540,miniONIONS7,brand,0.0,2,6
815738541,NiHopeElizabeth,brand,0.0,2,6
815738542,quenliza04,brand,0.0,2,6
815738543,miniONIONS5,brand,0.0,2,6
815738544,quenliza05,female,1.0,2,6
815738545,quenliza03,female,1.0,2,6
815738546,UnggoyNaMaganda,female,1.0,2,6
815738547,lizaquenq,brand,0.0,2,6
815738548,siLizaSoberano,female,1.0,2,6
815738549,miniONIONS4,unknown,,2,6
815738550,keltoncharles,male,1.0,0,1
815738551,mallareeeep,female,1.0,3,2
815738552,Gabriel5489,male,1.0,0,1
815738553,HellenGreenblat,female,1.0,1,1
815738554,donnariguero,female,1.0,3,2
815738555,nlzf_,female,1.0,3,2
815738556,itspaxxton,female,1.0,3,8
815738557,tayyyyybae,female,1.0,3,7
815738558,nnrahbar,unknown,,1,1
815738559,stafford_evy,female,1.0,0,7
815738560,CohenSeglias,brand,0.0,1,1
815738561,The_Conradical,male,1.0,0,5
815738562,TheHippyPaco,male,1.0,1,1
815738563,FairTrade4Music,brand,0.0,1,9
815738564,mpholeshabane,male,1.0,0,3
815738565,GorillaMyscles,male,1.0,3,2
815738566,StoriiTrue,female,1.0,0,3
815738567,TH0THARMONY,male,1.0,3,2
815738568,Nausetsports,brand,0.0,0,3
815738569,YWHcom,brand,0.0,1,9
815738570,ohyoufox,female,1.0,3,2
815738571,JSII_19,male,1.0,3,2
815738572,dharmorla,male,1.0,3,10
815738573,ChiEnergySchool,brand,0.0,1,1
815738574,dr_funtimes,unknown,,3,2
815738575,AWESOMEMIX_VOL1,brand,0.0,2,6
815738576,JbSleaz,brand,0.0,3,8
815738577,UW_MTennis,brand,0.0,0,5
815738578,leec84,female,1.0,0,5
815738579,LeaveItAllo2Me,female,1.0,3,5
815738580,IsoJoeJR,male,1.0,3,2
815738581,LizaSGil,female,1.0,2,6
815738582,SamuraiSiegeWar,brand,0.0,1,6
815738583,DavidCama18,male,1.0,1,9
815738584,EGOV,brand,0.0,1,1
815738585,DomWorld_Peace,male,1.0,3,10
815738586,variousplace44,female,1.0,2,6
815738587,lq7_camouflage,unknown,,2,6
815738588,HRHHopie,brand,0.0,2,6
815738589,lizaquenr,brand,0.0,2,6
815738590,lizaquenx,female,1.0,2,6
815738591,lizaquent,brand,0.0,2,6
815738592,miniONIONS1,brand,0.0,2,6
815738593,HopiaSGil,female,1.0,2,6
815738594,quenliza01,female,1.0,2,6
815738595,lizaquenpp,female,1.0,2,6
815738596,Lizquenn18,male,1.0,2,6
815738597,gjoveric,male,1.0,2,6
815738598,lq6_camouflage,female,1.0,2,6
815738599,lq2_camouflage,male,1.0,2,6
815738600,GilQuenliz,brand,0.0,2,6
815738601,julianimoraes,female,1.0,0,5
815738602,0l1l2,female,1.0,3,2
815738603,chkdy07,female,1.0,2,6
815738604,crayoness,brand,0.0,3,2
815738605,toshboy99,brand,0.0,0,5
815738606,elunanuv,female,1.0,3,10
815738607,ImpetuousImpact,female,1.0,3,2
815738608,tom_miho,male,1.0,2,6
815738609,ChangLovesQuen,unknown,,2,6
815738610,potching555,female,1.0,2,6
815738611,LizaQuen143,female,1.0,2,6
815738612,LizQuenDos,female,1.0,2,6
815738613,nhice_nhiz,unknown,,3,2
815738614,LizQuenUno,brand,0.0,2,6
815738615,msannalop,female,1.0,3,2
815738616,LoversLizquen,female,1.0,2,6
815738617,BenedictoRonel,male,1.0,2,6
815738618,OnlyMichaelJ,unknown,,3,6
815738619,elizasoberano11,female,1.0,2,6
815738620,Elizabethans1,female,1.0,2,6
815738621,enna_lael,female,1.0,2,6
815738622,AiiHeartYuuu,brand,0.0,2,6
815738623,Sam_Pannick,male,1.0,0,5
815738625,lorastyrxll,female,1.0,3,2
815738626,Team_WillianID,male,1.0,1,1
815738627,ShredOTruth,brand,0.0,1,10
815738628,doolyprk,male,1.0,3,2
815738629,nik_rok,female,1.0,0,5
815738630,BlackHammerMMA,male,1.0,0,7
815738631,laulet,male,1.0,0,3
815738632,irishgoespop,brand,0.0,3,10
815738633,DanishPia,female,1.0,0,1
815738634,RTVWOW,male,1.0,3,10
815738635,MrAccelerator,male,1.0,0,5
815738636,ZeboimG,male,1.0,0,5
815738637,Proteincowboy,male,1.0,0,7
815738638,sleighbells,female,1.0,0,3
815738639,rhemalog,female,1.0,1,10
815738640,prestineKlein,female,1.0,3,2
815738642,__Charleah,female,1.0,0,7
815738643,bakekang_ka,unknown,,2,6
815738645,mobott14,male,1.0,3,8
815738646,charlmyatt,female,1.0,3,8
815738648,ConuiMarvin,brand,0.0,2,6
815738649,lizquenmusic,brand,0.0,2,6
815738650,AngeloIgnacio19,male,1.0,2,6
815738651,QuennonBalls,male,1.0,2,6
815738652,naddiesconnect,female,1.0,2,6
815738653,ForeverLQFan,brand,0.0,3,6
815738654,rebeccalmao,female,1.0,0,5
815738655,jaycoopow,male,1.0,3,8
815738656,PhilCoutinhoes,male,1.0,3,5
815738657,EdithMelo1,female,1.0,0,5
815738658,VannahMiller_,female,1.0,3,8
815738659,NadiineeR,female,1.0,0,0
815738660,selina_miyoko,female,1.0,1,9
815738662,Shane_Rodenbeck,male,1.0,3,2
815738663,triishy_J,female,1.0,0,7
815738665,marion_cafc,female,1.0,3,10
815738666,caazerenam,male,1.0,0,1
815738667,KaylaKitty21,female,1.0,0,7
815738668,SoFire,female,1.0,3,10
815738672,SkatersChoiceCO,brand,0.0,0,0
815738673,ThomasBiladeau1,male,1.0,1,1
815738674,morguejuice,brand,0.0,0,3
815738675,TashaHolcroft,female,1.0,0,5
815738676,sjubbfan,male,1.0,3,2
815738677,shonabennett,female,1.0,0,5
815738678,SBR_Dave,male,1.0,0,5
815738679,audreytristan,female,1.0,2,6
815738680,walkeramy,female,1.0,1,8
815738681,BirchgroveCA,brand,0.0,0,5
815738682,visualstudio10,brand,0.0,1,9
815738683,LeezaMari15,female,1.0,2,6
815738684,twittshaggy,male,1.0,1,10
815738686,CandidoDhess,brand,0.0,3,2
815738687,lizagil059,female,1.0,2,6
815738688,UQ_News,brand,0.0,1,1
815738689,nechristian,brand,0.0,1,11
815738690,pannellarca,female,1.0,2,6
815738691,LayzMari20,female,1.0,2,6
815738692,potching888,male,1.0,2,6
815738693,lizaquen24,female,1.0,2,6
815738694,FlpKsa,female,1.0,0,7
815738695,_Bri_DiBlasi,female,1.0,3,2
815738696,AyyLabbYuuu,brand,0.0,2,6
815738697,anacastillejo24,female,1.0,2,6
815738698,mikitap1,brand,0.0,2,6
815738699,hopefuls1,brand,0.0,2,6
815738700,richmedpoormed,brand,0.0,1,11
815738701,heaatherable,female,1.0,3,2
815738702,blurtsmum,female,1.0,1,10
815738703,jocollections69,male,1.0,3,0
815738704,AskAmex,brand,0.0,1,10
815738705,breannazima1,female,1.0,0,3
815738706,BeerForThat,brand,0.0,3,0
815738707,JAXSmallBiz,female,1.0,1,9
815738708,rokxx,unknown,,0,5
815738709,groditi,male,1.0,3,10
815738710,AppleTechTalk,brand,0.0,1,9
815738711,hugstojohnson,female,1.0,3,2
815738712,ProjectNur,brand,0.0,1,1
815738713,Variousplace1,female,1.0,2,6
815738714,BruceKamich,male,1.0,0,1
815738715,xagnes13,unknown,,2,6
815738716,miniONIONS8,brand,0.0,2,6
815738717,lizaqueny,brand,0.0,2,6
815738718,HaanTate,female,1.0,3,2
815738719,fawnIings,unknown,,3,2
815738720,Kvng_Samone,female,1.0,0,0
815738721,TicketChatterWI,brand,0.0,1,9
815738722,CoralHolmes,female,1.0,3,8
815738723,hlonir,male,1.0,3,8
815738725,FilAEK,brand,0.0,0,3
815738726,k8terh8ter,male,1.0,3,8
815738727,JDSempai,brand,0.0,3,2
815738728,IR_JesseChaney,male,1.0,0,1
815738732,Mysteri0usAng3l,female,1.0,3,5
815738734,ARMANDRZSNTBNZ,brand,0.0,1,1
815738735,Collinn___,male,1.0,3,7
815738736,NickDuff91,male,1.0,0,5
815738737,mo87mo87,male,1.0,3,5
815738738,awesomeness777,female,1.0,1,1
815738739,QOOUTERS,brand,0.0,1,1
815738740,TD_JEdwards,female,1.0,1,1
815738741,iTishda,female,1.0,0,5
815738742,smhrntbh,female,1.0,0,3
815738743,asap_gus,male,1.0,0,7
815738744,pfeifferchild,female,1.0,3,2
815738745,StvnWbb,male,1.0,0,5
815738746,aj0594,male,1.0,2,7
815738747,Sabrenacohen,female,1.0,0,5
815738748,mom2twinz,female,1.0,0,5
815738749,Worcs_Forager,male,1.0,3,5
815738750,nickylumb,female,1.0,0,5
815738751,maygensch,female,1.0,0,8
815738753,aspire_sports,brand,0.0,0,5
815738754,FFBStat,brand,0.0,1,9
815738755,ReadArsenalFC,brand,0.0,1,1
815738756,sixth_form_poet,brand,0.0,0,3
815738757,LoveRovaa,female,1.0,3,8
815738758,NeuvooSanRamon,brand,0.0,1,11
815738759,Steezen24,male,1.0,3,10
815738760,LTA_Missions,brand,0.0,1,1
815738761,Dreww_Frasss,male,1.0,3,8
815738763,Naush88,female,1.0,0,7
815738764,brokentelephan,male,1.0,3,7
815738765,lex__alexander,female,1.0,0,3
815738766,KayleeGarman1,female,1.0,0,7
815738767,craigroccanova,male,1.0,1,1
815738768,Tha_Mille,female,1.0,3,8
815738769,feedmeCFC,brand,0.0,0,0
815738770,LizquenP,female,1.0,2,6
815738771,RealHumanPraise,brand,0.0,1,6
815738772,jenniequez,female,1.0,2,6
815738775,HoggarthDavidso,female,1.0,1,9
815738776,ugurcandilsiz1,male,1.0,0,8
815738777,lizaquenss,brand,0.0,2,6
815738778,BestGIRLfriendQ,male,1.0,2,6
815738779,lizaqueno,brand,0.0,2,6
815738780,liizasoberrano,female,1.0,2,6
815738781,AiiLabHOPIE,female,1.0,2,6
815738782,Elizabethans2,brand,0.0,2,6
815738783,anne_cranberry,female,1.0,2,6
815738784,itsLizaSGil,brand,0.0,2,6
815738785,HeartKaycee,female,1.0,2,6
815738786,LizQuenP1,brand,0.0,2,6
815738787,legnalizquen,male,1.0,2,6
815738788,spikesfishhouse,brand,0.0,0,1
815738789,potching666,male,1.0,2,6
815738790,TulaneTech,brand,0.0,1,1
815738791,LeezaMari16,female,1.0,2,6
815738792,LizQuenPordalab,brand,0.0,2,6
815738793,CastilloChariz,unknown,,2,6
815738794,1STn10SportsBar,brand,0.0,1,11
815738795,_DaiBug,female,1.0,3,7
815738796,imloulo,male,1.0,0,0
815738797,twistingKALEIDO,brand,0.0,0,5
815738799,funding101_org,brand,0.0,1,3
815738800,tbabyyG,male,1.0,0,3
815738803,procellparts,brand,0.0,0,6
815738804,CallieRogers16,female,1.0,0,3
815738805,GFussell,male,1.0,1,1
815738806,LuiMaula,female,1.0,3,2
815738807,94charminglouis,brand,0.0,3,2
815738808,Davurnicon,female,1.0,3,8
815738809,LaLaLandB1tch,female,1.0,3,2
815738810,AHA_PGJohnson,female,1.0,1,0
815738811,Purdom_L,unknown,,0,1
815738812,fairlanguages,brand,0.0,0,1
815738814,monica732000,female,1.0,0,3
815738815,Keurig,brand,0.0,1,1
815738816,JunelPalma,male,1.0,2,6
815738817,moonwalkerwc,brand,0.0,0,3
815738818,lizquenmoney,unknown,,2,6
815738819,shake40ave,male,1.0,0,1
815738820,sidneygirlie,brand,0.0,2,6
815738821,lizquenphysics,brand,0.0,2,6
815738822,lizquenswimming,female,1.0,2,6
815738823,lizquen12Sg,unknown,,2,6
815738824,xhing84,female,1.0,3,8
815738825,galexslut,female,1.0,1,9
815738826,ArturoKilian,female,1.0,1,9
815738827,Cuteguy_930,male,1.0,3,5
815738828,Trilluhmatic,male,1.0,3,7
815738829,westondem,female,1.0,3,8
815738830,GailQuiros,female,1.0,0,0
815738831,Kulbarah,brand,0.0,0,5
815738832,AmitRelester,male,1.0,1,11
815738833,morganlbbh,female,1.0,3,2
815738834,cubbyforcakes,female,1.0,3,2
815738835,GRMTucson,brand,0.0,1,1
815738836,5SecondsOfSuggx,female,1.0,0,7
815738837,so_much_purple,male,1.0,3,8
815738838,_BrittanyMoniqe,female,1.0,3,8
815738839,beemergal0927,unknown,,0,3
815738840,HerbertPatti,female,1.0,1,9
815738841,dreinoceros,male,1.0,0,5
815738842,JoannavanderH,female,1.0,0,3
815738843,DCProductionLTD,brand,0.0,0,3
815738845,Miss_Asabe,female,1.0,1,9
815738846,RunningA_Quote,brand,0.0,0,5
815738847,MrLaw3131,male,1.0,3,8
815738848,steentrain,female,1.0,1,1
815738849,lizzmccann,female,1.0,0,0
815738850,_gummsz,female,1.0,3,7
815738851,ToneItUp,brand,0.0,3,10
815738852,lizaquenz,brand,0.0,2,6
815738853,lizaquenv,brand,0.0,2,6
815738854,lizasoberaWOW,female,1.0,1,6
815738855,miniONIONS2,brand,0.0,2,6
815738856,lizaquenm,unknown,,2,6
815738857,R_McCormack,female,1.0,3,0
815738859,QUENalahas,female,1.0,2,6
815738860,lizaquennn,brand,0.0,2,6
815738861,LQisLOVE143,brand,0.0,2,6
815738862,Unite24Lq,female,1.0,2,6
815738863,norbert_m,male,1.0,1,1
815738864,miniONIONS6,brand,0.0,2,6
815738866,chelesalva,male,1.0,1,1
815738867,DubTheProducer,male,1.0,1,10
815738868,paidamoyogt,female,1.0,3,8
815738869,TeamHowey,male,1.0,1,9
815738870,hornyandhigh1,female,1.0,1,9
815738871,angieb_88,female,1.0,3,8
815738872,allisonlanza,female,1.0,3,10
815738874,pancakejolly,female,1.0,3,7
815738877,ImprobableJoe,male,1.0,3,10
815738878,HaydenFaber1,female,1.0,2,9
815738879,shaunamckenna_,female,1.0,3,8
815738880,Aurora2573,female,1.0,0,3
815738881,DuncanvilleISD,brand,0.0,1,1
815738882,PeachyFiend,female,1.0,3,2
815738883,bobdestefano,male,1.0,1,11
815738884,xGrslack,female,1.0,0,7
815738885,GKToddHenny,male,1.0,3,10
815738886,skimartinbell,male,1.0,0,0
815738887,Benderovver,male,1.0,0,3
815738888,blessingalgarve,brand,0.0,0,1
815738889,AsianCutties,brand,0.0,1,9
815738890,diddoss,male,1.0,1,1
815738891,jessicasungme,female,1.0,3,5
815738892,jaden_kenson,unknown,,3,2
815738893,_danjaaaa,female,1.0,3,7
815738894,lindseydodd2,female,1.0,0,5
815738895,kawaiihemm,male,1.0,3,2
815738896,gerdantweetz,brand,0.0,0,1
815738897,Fourfootstudios,brand,0.0,0,1
815738898,Sabsterz_,female,1.0,3,8
815738899,cuppy,female,1.0,3,10
815738900,webandphp,brand,0.0,1,1
815738901,HarlowMalcolm,male,1.0,1,9
815738902,jassyj__,female,1.0,3,10
815738903,theshedender,male,1.0,1,1
815738904,Fastback6768,male,1.0,0,0
815738905,ChrisABiersack,male,1.0,3,10
815738906,Jontwothreefour,male,1.0,0,0
815738907,TulaneInfoSec,brand,0.0,0,1
815738908,BestGUYfriendMo,unknown,,2,6
815738909,YourBiomarker,brand,0.0,0,3
815738910,LeezaMari17,unknown,,2,6
815738911,LQGroup5,brand,0.0,2,6
815738912,LQtfcGlobal_usa,brand,0.0,1,6
815738913,LeezaMari18,female,1.0,2,6
815738914,BootmanChristin,female,1.0,2,6
815738915,natnedelkovska,female,1.0,1,1
815738916,aceclark91,unknown,,2,6
815738917,xEastendersx,brand,0.0,0,5
815738918,xanderwonder2,male,1.0,2,6
815738919,lizquenforms,unknown,,2,6
815738920,CowCandyCo,brand,0.0,0,1
815738921,Hypno_Marc,male,1.0,0,3
815738923,thedish_0,male,1.0,3,8
815738924,Erlene383,female,1.0,0,3
815738925,Relle_MonRoe,unknown,,1,1
815738926,ebest45,male,1.0,0,5
815738927,themarkcarroll,male,1.0,1,10
815738928,taterrose,female,1.0,1,1
815738929,RealTalk_365_,male,1.0,0,5
815738931,ednamohamed_,female,1.0,0,5
815738932,Twinsietalk,brand,0.0,1,1
815738933,JessicaHarborne,female,1.0,0,3
815738934,hey_gordis,female,1.0,3,8
815738935,AJM0013,male,1.0,3,2
815738936,GabeFontaine,female,1.0,1,1
815738937,sarcasticregina,female,1.0,3,7
815738938,CapersDarren,male,1.0,1,11
815738939,Odor_Control,brand,0.0,1,1
815738940,MikeofNewYORK,male,1.0,0,3
815738941,carlitosdgaf_,male,1.0,3,2
815738942,J_0ney,female,1.0,3,8
815738943,CalPilk7,female,1.0,0,7
815738944,Ash_Kaye0,female,1.0,3,2
815738946,p_SCN,male,1.0,0,5
815738947,SecurClassified,brand,0.0,0,3
815738948,forestbirb,brand,0.0,3,2
815738949,Conecepts,brand,0.0,1,11
815738950,hale_razor,male,1.0,3,10
815738951,namastelyss,female,1.0,3,7
815738952,KayleighQueue,female,1.0,0,5
815738953,tmj_cle_retail,brand,0.0,1,11
815738954,theresaa426,female,1.0,3,7
815738955,nichix3,female,1.0,3,7
815738956,PrincessAshfire,female,1.0,3,2
815738957,megann_bates,female,1.0,3,5
815738958,zaynsterpiece,female,1.0,3,8
815738959,omg_enriquegil,male,1.0,3,6
815738960,unquenditional2,male,1.0,2,6
815738961,nuestro_yhvette,female,1.0,2,6
815738962,wilie_pilapil,male,1.0,2,6
815738963,unquenditional3,female,1.0,2,6
815738964,kayllllamarie,female,1.0,3,8
815738965,TheDazeyMayhem,female,1.0,0,1
815738966,bonesinthesea,female,1.0,0,3
815738967,Bigbootyyjudy_,female,1.0,3,7
815738968,Princechaxming,male,1.0,3,2
815738969,princexhermes,male,1.0,3,10
815738970,betha_lehem,female,1.0,2,6
815738971,HowManyCaloriee,brand,0.0,1,6
815738972,lizquenscience,female,1.0,2,6
815738973,lizquenhealth,female,1.0,2,6
815738974,LizQuen5Sg,female,1.0,2,6
815738975,HRHQuen,unknown,,2,6
815738976,lovemelikeUdoJD,brand,0.0,2,6
815738980,jhonadelacruz73,unknown,,2,6
815738981,lizquen16sg,female,1.0,2,6
815738982,Liza_Quen7,female,1.0,2,6
815738983,lizquenfacts,brand,0.0,2,6
815738984,lizquendance,unknown,,2,6
815738985,Danisnotserious,male,1.0,3,2
815738986,lyn_canlas,female,1.0,2,6
815738987,hopiaquenloveme,female,1.0,2,6
815738988,smeggo,brand,0.0,0,5
815738989,jemstok,brand,0.0,0,3
815738990,therhoten,male,1.0,1,1
815738991,PrettyEyesRoll,female,1.0,3,2
815738993,aIohacowboy,male,1.0,3,2
815738994,Marucic1,female,1.0,3,2
815738995,ThcVRCHXTCKT,unknown,,0,5
815738996,aaronpellowski,male,1.0,3,0
815738997,jordyn94x,female,1.0,0,5
815738998,AliceResse,male,1.0,1,9
815738999,chinese_honey,female,1.0,3,8
815739000,HuddsCarpet,brand,0.0,0,1
815739001,73chach,male,1.0,0,3
815739002,andy_molinaaa,male,1.0,0,7
815739003,Bria_BadAzzz,female,1.0,3,8
815739004,CathTurbo,female,1.0,0,3
815739005,JDSupra,brand,0.0,1,10
815739006,HotTopic,brand,0.0,1,1
815739008,wasteof_,female,1.0,0,7
815739009,sofia_sinclair,female,1.0,0,1
815739010,Kwasi_Genius,male,1.0,3,5
815739011,myhomebisz,female,1.0,1,1
815739012,MarihaJabin,female,1.0,0,3
815739013,MichalGric,male,1.0,0,5
815739014,Chidiukwu_com,unknown,,1,9
815739015,TrippyDrunk,brand,0.0,0,5
815739016,paperbutterflyo,brand,0.0,1,11
815739018,Lilo_NoStitch,female,1.0,3,10
815739019,meowherback,female,1.0,3,2
815739020,mellovibe_,male,1.0,3,7
815739021,mellk_0120,female,1.0,0,5
815739022,TonyIguana69,brand,0.0,0,7
815739024,SHC_Jobs,brand,0.0,1,11
815739025,VideoMusicSport,brand,0.0,1,9
815739026,LilMissDutchie,female,1.0,3,2
815739027,kittynoise,female,1.0,3,2
815739028,splatling,unknown,,3,2
815739029,BingerFinancial,brand,0.0,0,3
815739030,TWENTY0NEPlLOTS,male,1.0,3,2
815739031,delvac10,male,1.0,0,1
815739032,SoloVoc,male,1.0,1,1
815739033,MTO_Clean_Balt,brand,0.0,0,1
815739034,singitsa_uchia,unknown,,3,7
815739035,vrvisser,male,1.0,1,11
815739036,CRobin9,unknown,,1,9
815739037,allie_avena,female,1.0,3,7
815739038,MMcCoy101,female,1.0,3,5
815739039,LynnsBlondePorn,female,1.0,1,11
815739040,amberhenrrry,female,1.0,3,8
815739041,cronewil,male,1.0,0,1
815739042,mirandajewelz,female,1.0,3,8
815739043,AsahSkye,brand,0.0,3,2
815739045,LindseyMarie238,female,1.0,3,7
815739046,RogersHelps,brand,0.0,3,10
815739047,BluePay_CRO,female,1.0,0,3
815739048,sicmsevens,brand,0.0,0,5
815739049,Big_Mammoth06,male,1.0,0,3
815739050,angelmurf,female,1.0,3,0
815739051,Stephens1Abby,female,1.0,3,7
815739052,SimonJ68,male,1.0,1,10
815739053,stephtwist6,female,1.0,1,1
815739054,oswaggs,male,1.0,1,5
815739055,PrimitiveLahote,male,1.0,0,3
815739056,Cazhow33,female,1.0,1,9
815739057,_aly__ssa_,female,1.0,0,3
815739060,Msomifaya,male,1.0,3,8
815739061,shobowaletemida,male,1.0,0,3
815739062,EssentialsByJen,female,1.0,0,1
815739063,ThoughtsofCole,male,1.0,3,10
815739064,BoundlessUrself,brand,0.0,1,1
815739065,CoughlanGary,male,1.0,3,0
815739066,Missmmieh,male,1.0,3,8
815739067,Eve_Harvey,female,1.0,0,8
815739068,Hope_And_Believ,female,1.0,3,10
815739069,JulesOVO,female,1.0,3,8
815739070,SterlingRWalker,female,1.0,0,3
815739071,torigallant,female,1.0,0,1
815739072,KeanUniversity,brand,0.0,1,1
815739073,realmeateater,brand,0.0,1,9
815739075,OurEdisons,male,1.0,3,2
815739076,RowbrinasAngels,female,1.0,3,7
815739077,KatieElliee,female,1.0,3,5
815739078,TheExponent,brand,0.0,1,1
815739079,2Mothman,male,1.0,1,9
815739083,william_dop,male,1.0,0,7
815739084,PCabsaba,female,1.0,3,6
815739085,autostraddle,brand,0.0,1,1
815739086,lq5_camouflage,unknown,,2,6
815739087,lq4_camouflage,male,1.0,2,6
815739088,miniONIONS9,unknown,,2,6
815739089,pengay2424g,unknown,,2,4
815739090,lizaquenw,brand,0.0,2,6
815739091,Variousplace22,female,1.0,2,6
815739092,lq3_camouflage,male,1.0,2,6
815739093,variousplace33,female,1.0,2,6
815739094,fearlesstrouble,female,1.0,1,1
815739095,DollPhaceee,female,1.0,0,7
815739096,whaley87,male,1.0,3,8
815739097,gfyniko,male,1.0,0,7
815739098,Roar_zRevive,male,1.0,0,3
815739099,Nayke14,brand,0.0,0,5
815739102,COYGuerrillas,female,1.0,3,2
815739103,itsssmarmar,female,1.0,0,5
815739104,cdspdh21,male,1.0,1,9
815739105,pennyjonestv,male,1.0,0,3
815739106,ani_nomso,male,1.0,0,7
815739107,jlmcmenamyx3,female,1.0,3,10
815739108,avneetbadwal,female,1.0,3,2
815739109,ZincBarLounge,brand,0.0,1,1
815739110,rbridges2013,male,1.0,0,3
815739111,Amateur__A,male,1.0,0,7
815739112,CWmusic_420,male,1.0,1,1
815739113,terrainsvagues,female,1.0,0,5
815739114,ExaltedInigo,unknown,,3,2
815739115,LauraAnthonyEsq,female,1.0,1,1
815739116,TylerJustyn,male,1.0,3,5
815739117,Parkin25Marie,female,1.0,3,2
815739118,lizaquen3,female,1.0,2,6
815739119,50mmIens,female,1.0,0,5
815739120,alisonkimszal,female,1.0,1,1
815739121,Ophiologist,female,1.0,3,8
815739122,Laci_K_,female,1.0,0,7
815739123,john_thorsson,male,1.0,3,0
815739124,CelebFactOMG,female,1.0,1,5
815739125,David_C_Steele,male,1.0,3,0
815739127,LivvyLuvz1,female,1.0,3,7
815739128,maki_sekiya,brand,0.0,2,6
815739129,FyrizS,unknown,,2,6
815739130,liz_quen2424,brand,0.0,2,4
815739131,lyzaquen18,brand,0.0,2,6
815739132,LeezaMari13,female,1.0,2,6
815739133,lizaquen4,female,1.0,2,6
815739134,mitchie0316,male,1.0,2,6
815739135,sekiyamaki02,female,1.0,2,6
815739136,katespade25,brand,0.0,2,6
815739137,xanderwonder1,female,1.0,2,6
815739138,hopiaaako,brand,0.0,2,6
815739139,xanderwonder,brand,0.0,2,6
815739140,AiiLabYuu,female,1.0,3,2
815739141,agneshopia27,female,1.0,2,6
815739142,Helz999,brand,0.0,3,10
815739143,4_everlq,unknown,,2,6
815739144,keepherwarm,male,1.0,3,0
815739145,emmyd30,female,1.0,3,2
815739146,fullofshark,female,1.0,3,5
815739147,Theogony,male,1.0,1,10
815739148,BrookeKerns,female,1.0,0,5
815739149,Kyce_,male,1.0,3,2
815739151,Zayan_Tariq_,male,1.0,0,3
815739152,jkaragosian129,female,1.0,3,8
815739153,nst_ml,female,1.0,3,2
815739154,psycodelia,female,1.0,0,1
815739155,urQuel_5dawg,male,1.0,1,10
815739156,dannyaharrison,male,1.0,3,5
815739157,Jazkirby,female,1.0,0,5
815739158,shortstack81,male,1.0,3,10
815739159,liberalchick511,female,1.0,0,3
815739160,masssholee,male,1.0,3,7
815739161,Revivalisoul,brand,0.0,0,3
815739162,achargosht,female,1.0,0,3
815739163,dellybelly2011,female,1.0,0,3
815739164,Markoyartes,male,1.0,0,5
815739165,SandraJost8,brand,0.0,1,9
815739166,DedeWookiSJ_SBE,male,1.0,3,8
815739167,JZelewski,female,1.0,0,5
815739168,annychang,female,1.0,0,0
815739169,SabriCancino,male,1.0,1,11
815739171,WarrenIsDead,male,1.0,3,10
815739172,mommymyway,female,1.0,0,3
815739173,EmmaleighGrady,female,1.0,3,8
815739174,mariebbybee,female,1.0,3,8
815739175,cokeboymixtapes,male,1.0,1,9
815739177,spookywonho,male,1.0,3,2
815739178,kirve212,male,1.0,0,3
815739179,ldybrndtt,female,1.0,3,2
815739180,ShatakshiPurari,female,1.0,3,2
815739181,Metro_Ents,brand,0.0,1,1
815739182,ScarredFour,male,1.0,3,2
815739187,hummingbrdins,brand,0.0,0,1
815739188,eCSVA,brand,0.0,3,10
815739190,naledii___,female,1.0,3,5
815739191,CoralSchlueter,female,1.0,0,3
815739192,Jackie_Barnhart,female,1.0,3,8
815739193,meaghanmilone11,female,1.0,3,2
815739194,GregoriaKarper,female,1.0,2,6
815739195,s4nt4tweet,unknown,,0,5
815739196,Kie_0213,female,1.0,2,4
815739197,PatOBriensSA,brand,0.0,1,1
815739198,thephillygrail,male,1.0,0,0
815739201,PetersSugarTits,female,1.0,3,10
815739202,KidrauhllNey,brand,0.0,3,5
815739204,maymktg,brand,0.0,0,0
815739205,BruceBerg,male,1.0,1,1
815739206,TotalTennisGeek,male,1.0,3,0
815739207,anabolicooking,brand,0.0,1,9
815739208,kaylinameliaa,female,1.0,0,5
815739209,silentmover_,female,1.0,0,6
815739210,theRichardbatt,male,1.0,0,0
815739211,TheLastKisaragi,male,1.0,0,3
815739212,RISMAPWScores,brand,0.0,0,3
815739213,therockelgroup,brand,0.0,1,1
815739214,snurpknuffle,unknown,,3,5
815739215,JuniusRandolph,male,1.0,1,1
815739216,lucystomatoes,brand,0.0,0,11
815739217,laycien,female,1.0,1,1
815739218,RJMorse13,brand,0.0,1,10
815739219,Tamaraali13,female,1.0,3,8
815739220,nisriniv,male,1.0,0,5
815739221,RandomActsOfMD,brand,0.0,1,11
815739222,InternHarleen,female,1.0,0,7
815739223,ryleigh_kelly,female,1.0,3,2
815739224,RSalJenn,male,1.0,3,2
815739225,thelookbyV,female,1.0,1,1
815739226,ErieAHA,brand,0.0,1,11
815739227,Whodat_chic,female,1.0,3,10
815739228,duhveenur,female,1.0,0,7
815739229,PaulaInDelaware,female,1.0,1,1
815739230,GalaxyA92,male,1.0,0,0
815739231,BarbaraHewson,brand,0.0,3,0
815739232,AverageCynic,male,1.0,3,10
815739233,CarelWillemse,male,1.0,3,7
815739234,maghollister10,female,1.0,3,2
815739235,Bucklacher,male,1.0,0,5
815739236,DellPowerMore,brand,0.0,1,1
815739237,ALDOTMobileArea,brand,0.0,0,1
815739238,tracinnasv,female,1.0,3,7
815739239,LikeSomeBooty,male,1.0,3,2
815739240,Doctor_Kemp,male,1.0,3,8
815739241,LearnBhangraApp,brand,0.0,0,5
815739242,JessBoutros,female,1.0,3,8
815739243,Vaaderrr,male,1.0,3,8
815739244,law1789,male,1.0,1,9
815739245,datacloudworks,female,1.0,1,1
815739246,FinAndMarketing,female,1.0,1,11
815739247,valarieraee,female,1.0,3,2
815739248,FoxCampers,brand,0.0,0,1
815739249,staciowens28,female,1.0,0,3
815739250,beebee_0930,female,1.0,2,7
815739251,juicy_lounge,brand,0.0,1,9
815739252,dhowE_,female,1.0,3,10
815739253,caitylou_x,female,1.0,0,0
815739254,RichardLionhea,unknown,,3,0
815739255,StandUpDaveDahl,male,1.0,0,3
815739257,Y0un9Savvy,female,1.0,3,8
815739258,meggg_nn,female,1.0,3,7
815739259,self_autumn,female,1.0,0,3
815739261,ChristineN86,female,1.0,3,0
815739262,Istvan1976,male,1.0,0,0
815739263,reedefox,female,1.0,1,1
815739264,Pilates_Balance,female,1.0,0,1
815739265,psych403,male,1.0,3,0
815739266,zhuy_tweet,female,1.0,3,2
815739267,MileHiSprinkler,brand,0.0,0,3
815739268,abbyunderwood8,female,1.0,0,11
815739269,_FrancescaaWebb,female,1.0,3,8
815739270,_boog1,brand,0.0,3,2
815739271,loserstation,brand,0.0,3,5
815739272,lostinstvyles,female,1.0,3,8
815739273,Deer_Head_Xiris,unknown,,3,2
815739274,tinnedtoms,female,1.0,1,1
815739275,pojugreat,male,1.0,1,1
815739276,tariqazizabbas2,male,1.0,3,7
815739277,SavvyShotsWV,female,1.0,1,1
815739278,KthyCpr,female,1.0,1,9
815739279,musichalltavern,brand,0.0,1,1
815739280,BRADPRDX,male,1.0,0,7
815739281,_VoVr_,female,1.0,3,8
815739282,Gramsinmylouiee,female,1.0,3,8
815739284,KPMGInspire,brand,0.0,0,0
815739285,cjbritt27,female,1.0,3,2
815739286,Donyademonyita,brand,0.0,0,3
815739291,MyshaPavel,female,1.0,0,0
815739292,verifyaplumber,brand,0.0,1,9
815739293,wuthering_alice,female,1.0,1,10
815739294,TinyTitties4,unknown,,1,11
815739295,CometsMASL,brand,0.0,1,1
815739296,KyeGnosis,male,1.0,0,0
815739297,lizsuschrist,female,1.0,3,7
815739298,skabooky,female,1.0,0,5
815739299,val_bartolotta,female,1.0,3,8
815739300,capricorn288,brand,0.0,1,1
815739301,hopemckillop_,female,1.0,3,8
815739302,hickey_obama,brand,0.0,0,6
815739303,Voya,brand,0.0,1,1
815739304,hoetrypoetry,female,1.0,3,7
815739305,zeashmalik,male,1.0,3,8
815739306,LoveleeLay,female,1.0,3,8
815739307,MayankGothi,brand,0.0,0,1
815739308,nairalanding,unknown,,1,9
815739309,GaryDaviz5,male,1.0,1,9
815739310,schlo_motion,female,1.0,0,3
815739311,chadvictory,male,1.0,3,10
815739312,EuanSlideways,male,1.0,3,5
815739314,LexieeBoo_10,female,1.0,3,8
815739315,Chey_ane,male,1.0,3,8
815739316,MolesDesigns,brand,0.0,3,2
815739317,itzdizzle,brand,0.0,3,5
815739318,GBISummerSchool,brand,0.0,0,7
815739319,violetblue,female,1.0,3,10
815739320,raspysolos,male,1.0,3,2
815739321,MillionsRoyalty,male,1.0,3,10
815739322,iAmNator,male,1.0,1,1
815739323,gallvaich,unknown,,3,2
815739324,TheKillerBug,female,1.0,3,8
815739325,clairewoods32,female,1.0,1,9
815739326,raf1955,male,1.0,0,7
815739327,mcholic11,unknown,,0,3
815739328,SJT_67,male,1.0,0,11
815739329,jamesbez21,male,1.0,0,0
815739332,LGP248,male,1.0,0,7
815739333,SadAndLifting,male,1.0,3,8
815739334,DannyLee305,female,1.0,3,8
815739335,AilbheNiRiain,female,1.0,1,11
815739336,AlresfordBear,male,1.0,3,10
815739337,tharealtwells,male,1.0,3,7
815739338,sneekybasterd,male,1.0,3,8
815739339,___2tone,male,1.0,0,7
815739340,TwoBurst,male,1.0,3,2
815739341,NaokoY__,female,1.0,3,10
815739342,maandyfromearth,female,1.0,3,8
815739343,GrahmKwasnick,male,1.0,3,10
815739344,CraigBarber1991,male,1.0,0,5
815739345,suckatsports,unknown,,1,10
815739346,khuma_th,unknown,,0,5
815739347,LunnSllck,female,1.0,0,7
815739348,5sosmeetupdayS,brand,0.0,0,1
815739349,YoGirlYolanda,female,1.0,3,10
815739350,noonmohsharfi,brand,0.0,0,7
815739351,Alen_Gaevic,male,1.0,0,3
815739352,Lele__Marie,female,1.0,3,8
815739353,Chubbs214,female,1.0,3,7
815739354,M0rrisee,female,1.0,3,10
815739355,nicolepapley,female,1.0,3,8
815739356,bchase789,male,1.0,0,5
815739357,requejosidonio,brand,0.0,1,9
815739358,sbl_mosthated,male,1.0,3,8
815739360,ZConnorCOD,male,1.0,0,3
815739361,johanna4892,female,1.0,2,4
815739362,ebarnhart6,female,1.0,3,5
815739363,Donal_Noye,male,1.0,3,2
815739365,NAKEDInITALYBed,female,1.0,3,8
815739366,BrennanSorensen,male,1.0,0,7
815739367,CobraThargham,male,1.0,3,7
815739368,UnderwoodSports,male,1.0,3,0
815739369,deananthonyd,male,1.0,3,8
815739370,Sualte__Keoyfi,female,1.0,1,9
815739372,HayleyByrne14,female,1.0,3,8
815739373,patdagfel,female,1.0,0,3
815739374,grande_tonix,female,1.0,3,2
815739375,AliceCWilliams,female,1.0,0,3
815739377,BarbasolShave,brand,0.0,3,8
815739378,ayoWhit_,female,1.0,3,8
815739379,DailyKeke,female,1.0,3,0
815739380,Akin_demirhan9,male,1.0,3,8
815739381,ellie_miley,female,1.0,0,5
815739382,MowMowsPostss,female,1.0,3,7
815739383,BlacBirdwatcher,male,1.0,0,0
815739384,VanessaCameron_,female,1.0,3,7
815739385,MadiTrautman,female,1.0,3,7
815739386,djbardenettBL,female,1.0,1,10
815739387,Jonny_dudley,male,1.0,0,0
815739388,_midgefors,female,1.0,3,8
815739389,real_gray,female,1.0,3,8
815739390,keshalovegirl1,female,1.0,1,9
815739394,Bandrei4_,female,1.0,0,7
815739395,xelizabethmx,female,1.0,3,2
815739396,emiliue,female,1.0,3,8
815739397,aaronred18promo,male,1.0,1,9
815739398,alexmiller703,male,1.0,0,7
815739399,bilrastol,male,1.0,0,3
815739400,Yazbeatz,male,1.0,3,10
815739401,KerryCherry0380,unknown,,0,5
815739402,KINGPOM_FUCKYOU,brand,0.0,3,8
815739403,CaptainEdzon,male,1.0,3,10
815739404,gruntdoc,male,1.0,3,10
815739405,NuFlailsAbout,unknown,,3,2
815739406,woodarchivist,brand,0.0,0,3
815739407,Neria_nelly,male,1.0,0,3
815739408,Idc_bye,female,1.0,3,2
815739409,OximityCalamity,brand,0.0,1,1
815739411,eykatz123,male,1.0,0,3
815739412,josarolis,female,1.0,0,3
815739413,connor_hatstat,unknown,,0,7
815739414,E_so_Classy,female,1.0,3,7
815739415,Cinefo,brand,0.0,1,9
815739416,BABESIMPSONS,female,1.0,0,1
815739417,Britneysdaddy,male,1.0,3,2
815739419,softmush,female,1.0,3,2
815739420,Shaggy_Saalc,female,1.0,1,10
815739421,dskok,male,1.0,1,0
815739422,Khxtun,unknown,,3,8
815739423,SkylerSabas,female,1.0,0,3
815739424,looking4evah,male,1.0,3,2
815739425,Leanna_xoxo_,female,1.0,3,8
815739426,NjGMEN973,male,1.0,0,7
815739427,Kenyafootball,male,1.0,1,10
815739428,Jedaihl,male,1.0,3,2
815739429,LOSGIDDY,brand,0.0,3,10
815739430,harrytaylor95,male,1.0,3,8
815739431,AAsmaa27x,female,1.0,3,7
815739432,apachesiouxwom,female,1.0,1,1
815739433,gothsloth06,female,1.0,3,2
815739434,missed_me_SH,male,1.0,0,5
815739435,HicksRohan,male,1.0,0,7
815739436,NoHoesKolby,unknown,,3,2
815739438,judgementduck,unknown,,3,2
815739439,julesh219,female,1.0,0,7
815739440,GrahamWolfe1,male,1.0,0,5
815739441,6DANIELLE2Victo,female,1.0,3,2
815739442,TorchOWyatt,male,1.0,3,0
815739443,miss____queen,female,1.0,3,2
815739444,LeoSmileo,male,1.0,1,9
815739445,Zoetjetoch,unknown,,3,10
815739446,JamilaHanan,female,1.0,1,10
815739447,AlvanJenkins,male,1.0,3,10
815739448,hejkabeaux,female,1.0,3,2
815739449,irutsun,male,1.0,3,10
815739450,JackByrom,male,1.0,3,8
815739451,ThomLangford,male,1.0,0,5
815739452,IslandOfDoom24,male,1.0,0,0
815739454,wortwelt,male,1.0,3,10
815739456,AmazingIyPhil,male,1.0,0,3
815739457,MalloryFinn,female,1.0,3,8
815739458,footybrasileiro,male,1.0,1,11
815739460,tinaspice,female,1.0,3,10
815739461,CerilaRapadas,female,1.0,0,7
815739462,Cloud10LV,male,1.0,3,10
815739463,foreverLiberal,unknown,,1,8
815739464,laurabenedict,female,1.0,3,10
815739465,MilaLeyva,female,1.0,0,7
815739466,iLikeBenzos,male,1.0,0,7
815739467,CrucialCam_CFG,male,1.0,0,5
815739468,stylinsilent,male,1.0,3,2
815739469,Teenvvolf,male,1.0,3,8
815739470,mlavieri,male,1.0,3,10
815739472,RICHIE_MILLZ,female,1.0,0,7
815739473,JMBINI24,male,1.0,3,8
815739474,katieaebersold,female,1.0,3,2
815739475,paulmounts,male,1.0,0,5
815739476,klysha,female,1.0,3,10
815739477,maynoldz,female,1.0,3,8
815739478,AggregatorTech,brand,0.0,1,9
815739479,venator14,unknown,,3,2
815739480,hossinahmadi22,unknown,,1,11
815739481,fixedclifford,male,1.0,3,2
815739483,Robbie_DeNiro,male,1.0,0,5
815739484,Adele213,unknown,,3,8
815739485,caitlynfarrell4,female,1.0,1,1
815739486,jxkobi,male,1.0,3,5
815739487,ihartthetrinity,female,1.0,3,2
815739488,sensitivepoc,female,1.0,3,7
815739489,saviourcam,male,1.0,3,2
815739490,alexizrose,female,1.0,3,2
815739491,_ReneeKayla,female,1.0,3,8
815739492,dadivinechild,male,1.0,3,7
815739493,queencacti,female,1.0,3,0
815739494,stebuzz07,male,1.0,3,5
815739495,aodiba,male,1.0,1,1
815739496,kinkykalke,male,1.0,3,7
815739497,SusanRosenstein,female,1.0,0,5
815739498,red_lightt,female,1.0,3,7
815739499,Bakafirefly,male,1.0,3,2
815739500,TillmannJean,female,1.0,3,0
815739501,GrayRanier,male,1.0,2,6
815739502,Chapman18C,male,1.0,0,3
815739503,tastetyee,female,1.0,3,8
815739505,miaphasay,female,1.0,0,5
815739506,CanadianFlawss,female,1.0,1,10
815739507,Anointed_Mouf,unknown,,3,10
815739508,DiMaSpyder,male,1.0,0,5
815739509,playnau,male,1.0,3,10
815739510,pjwilliamstwins,male,1.0,0,1
815739511,MrAGraff,male,1.0,0,5
815739512,GeorgeAnders,male,1.0,0,0
815739513,katefersinger,female,1.0,3,8
815739514,MissEm30,female,1.0,0,5
815739515,jadalatrice__,female,1.0,3,8
815739516,lilgrimsy,female,1.0,3,7
815739518,gracesosullivan,female,1.0,0,1
815739521,trillyo92,male,1.0,0,0
815739522,ShawnYonker,male,1.0,3,0
815739523,tbrfootball,brand,0.0,1,1
815739524,mooneydev,brand,0.0,0,0
815739525,mariejois,male,1.0,3,2
815739526,MojoSatonaka,male,1.0,3,2
815739527,_brandoc,male,1.0,3,10
815739528,PinkLipsRedToes,female,1.0,0,8
815739529,honeypone,brand,0.0,1,1
815739530,hmuharold,female,1.0,3,2
815739531,daintypharlley,female,1.0,3,8
815739532,WakeTechIntegra,male,1.0,1,6
815739533,oliviaaboicee,female,1.0,3,0
815739534,MithraJaclyn,female,1.0,0,1
815739535,ayeezxddy,female,1.0,3,7
815739536,OrionsBlack,brand,0.0,0,7
815739537,Gotham3,male,1.0,3,2
815739538,OTAKUPLANTS,female,1.0,3,2
815739539,NaijaDiary,female,1.0,1,1
815739540,KuKu_EmmaW_fan,brand,0.0,3,8
815739541,ramblejamble,unknown,,1,1
815739542,imUggLee,female,1.0,3,10
815739543,oelz_d,unknown,,0,3
815739544,sonalichopra64,female,1.0,3,2
815739545,richcity500,male,1.0,0,3
815739546,rdvelvetcupcake,female,1.0,1,1
815739547,waltertv4real,brand,0.0,0,3
815739548,FollowGlobal_00,unknown,,1,9
815739549,Radwa_Mousa,female,1.0,3,5
815739550,von_jolie,female,1.0,3,8
815739552,notorious_nicki,female,1.0,3,5
815739553,djcadmacmonkey1,female,1.0,0,3
815739554,astonwest,unknown,,3,10
815739555,MattCook_Ledger,male,1.0,3,10
815739556,xrosieeee_,female,1.0,3,7
815739557,TruckDadto3Kids,male,1.0,1,1
815739558,Katelynn_Kmj,female,1.0,0,7
815739559,meddlingminx,female,1.0,3,2
815739560,thtskari,female,1.0,3,2
815739561,tmj_dfw_health,brand,0.0,1,1
815739562,PegassusBroker,brand,0.0,3,6
815739563,kellymarcon,female,1.0,0,1
815739564,teambrice,female,1.0,0,8
815739565,oooohselena,female,1.0,3,2
815739566,DunkDepartment,brand,0.0,0,3
815739567,KeiraLeila,male,1.0,1,9
815739568,ResourceAngel1,brand,0.0,0,1
815739569,ZeTheGreat,male,1.0,0,7
815739570,itsmeaganyo,female,1.0,3,5
815739571,briargilla,female,1.0,3,2
815739572,MaKa_Style,female,1.0,0,0
815739573,iammiraclerose,female,1.0,0,3
815739574,Kazzababy25,female,1.0,0,0
815739575,emmi_pb,female,1.0,3,2
815739576,P_Doggy_Bone,male,1.0,1,9
815739577,Iam_Maleeha,female,1.0,3,8
815739578,bbaileyraee,female,1.0,3,8
815739579,sava_jo_19,female,1.0,0,3
815739580,BabiesGunsJesus,brand,0.0,3,8
815739581,KerryLangevin,unknown,,1,9
815739582,BaileyStorm01,female,1.0,3,7
815739584,blackwellglobe,male,1.0,0,1
815739585,Berniee42,female,1.0,3,8
815739586,SamuelWhiskey2,male,1.0,3,10
815739587,nadiagotfanss,female,1.0,3,7
815739588,DJD_ice,male,1.0,1,1
815739589,StephanieBucher,female,1.0,3,8
815739590,AntiHero94,male,1.0,3,2
815739591,dredoo24,male,1.0,3,2
815739592,6BETHANY4Victor,female,1.0,3,2
815739593,SorasNerdyGeek,female,1.0,3,2
815739594,Gbuschrist,brand,0.0,3,0
