_unit_id,name,gender,recorded,says,votes,opposing_votes,voters,available_methods,review_tier,methods,gender:confidence,label_conflict,association_says,classification_says,clustering_says,regression_says,text_says,association_score,classification_score,clustering_score,regression_score,text_score
815719559,_skybee,unknown,,human,5,0,5,5,3+ methods,"association, classification, clustering, regression, text",0.6642,0,human,human,human,human,human,0.907,0.987,0.957,0.973,0.914
815720075,mendesislife2,unknown,,human,5,0,5,5,3+ methods,"association, classification, clustering, regression, text",0.6777,0,human,human,human,human,human,0.956,0.949,0.917,0.924,0.918
815721031,Hanan_05,unknown,,human,5,0,5,5,3+ methods,"association, classification, clustering, regression, text",0.6531,0,human,human,human,human,human,0.956,0.987,0.957,0.967,0.945
815723565,babyrosehs,unknown,,human,5,0,5,5,3+ methods,"association, classification, clustering, regression, text",1.0,0,human,human,human,human,human,0.907,0.937,0.957,0.916,0.931
815723766,01905gnlb,unknown,,non_human,5,0,5,5,3+ methods,"association, classification, clustering, regression, text",0.6359,0,non_human,non_human,non_human,non_human,non_human,0.996,0.966,0.956,0.924,0.991
815723863,dmfa21114,unknown,,non_human,5,0,5,5,3+ methods,"association, classification, clustering, regression, text",0.6642,0,non_human,non_human,non_human,non_human,non_human,0.996,0.984,0.956,0.929,0.985
815724079,jasp32052,unknown,,non_human,5,0,5,5,3+ methods,"association, classification, clustering, regression, text",0.6537,0,non_human,non_human,non_human,non_human,non_human,0.996,0.982,0.956,0.923,0.985
815724188,83708slhd,unknown,,non_human,5,0,5,5,3+ methods,"association, classification, clustering, regression, text",0.6774,0,non_human,non_human,non_human,non_human,non_human,0.996,0.982,0.956,0.926,0.985
815724270,82937slhb,unknown,,non_human,5,0,5,5,3+ methods,"association, classification, clustering, regression, text",0.6544,0,non_human,non_human,non_human,non_human,non_human,0.996,0.976,0.956,0.95,0.985
815724309,27258stwd,unknown,,non_human,5,0,5,5,3+ methods,"association, classification, clustering, regression, text",1.0,0,non_human,non_human,non_human,non_human,non_human,0.996,0.984,0.956,0.931,0.985
815724333,08003jcsc,unknown,,non_human,5,0,5,5,3+ methods,"association, classification, clustering, regression, text",0.6485,0,non_human,non_human,non_human,non_human,non_human,0.996,0.981,0.956,0.925,0.985
815724356,06510jcsb,unknown,,non_human,5,0,5,5,3+ methods,"association, classification, clustering, regression, text",0.6499,0,non_human,non_human,non_human,non_human,non_human,0.996,0.982,0.956,0.925,0.985
815724360,26155stwa,unknown,,non_human,5,0,5,5,3+ methods,"association, classification, clustering, regression, text",0.6647,0,non_human,non_human,non_human,non_human,non_human,0.996,0.984,0.956,0.93,0.985
815724433,04775lktc,unknown,,non_human,5,0,5,5,3+ methods,"association, classification, clustering, regression, text",0.6664,0,non_human,non_human,non_human,non_human,non_human,0.996,0.983,0.956,0.927,0.985
815724434,26141stwa,unknown,,non_human,5,0,5,5,3+ methods,"association, classification, clustering, regression, text",0.6503,0,non_human,non_human,non_human,non_human,non_human,0.996,0.984,0.956,0.93,0.985
815724444,27208stwd,unknown,,non_human,5,0,5,5,3+ methods,"association, classification, clustering, regression, text",0.6591,0,non_human,non_human,non_human,non_human,non_human,0.996,0.984,0.956,0.931,0.985
815724450,01902gnlb,unknown,,non_human,5,0,5,5,3+ methods,"association, classification, clustering, regression, text",0.6509,0,non_human,non_human,non_human,non_human,non_human,0.996,0.966,0.956,0.924,0.991
815724458,82936slhb,unknown,,non_human,5,0,5,5,3+ methods,"association, classification, clustering, regression, text",1.0,0,non_human,non_human,non_human,non_human,non_human,0.996,0.982,0.956,0.926,0.985
815724467,04865lktb,unknown,,non_human,5,0,5,5,3+ methods,"association, classification, clustering, regression, text",1.0,0,non_human,non_human,non_human,non_human,non_human,0.996,0.983,0.956,0.929,0.985
815724551,06258jcsa,unknown,,non_human,5,0,5,5,3+ methods,"association, classification, clustering, regression, text",0.6571,0,non_human,non_human,non_human,non_human,non_human,0.996,0.982,0.956,0.925,0.985
815724596,06080jcsa,unknown,,non_human,5,0,5,5,3+ methods,"association, classification, clustering, regression, text",0.6455,0,non_human,non_human,non_human,non_human,non_human,0.996,0.981,0.956,0.925,0.985
815724619,06712jcsb,unknown,,non_human,5,0,5,5,3+ methods,"association, classification, clustering, regression, text",0.6634,0,non_human,non_human,non_human,non_human,non_human,0.996,0.981,0.956,0.925,0.985
815724682,05403lktb,unknown,,non_human,5,0,5,5,3+ methods,"association, classification, clustering, regression, text",0.6351,0,non_human,non_human,non_human,non_human,non_human,0.996,0.981,0.956,0.925,0.985
815724728,82939slhb,unknown,,non_human,5,0,5,5,3+ methods,"association, classification, clustering, regression, text",0.6481,0,non_human,non_human,non_human,non_human,non_human,0.996,0.976,0.956,0.95,0.985
815724827,26003stwa,unknown,,non_human,5,0,5,5,3+ methods,"association, classification, clustering, regression, text",0.6561,0,non_human,non_human,non_human,non_human,non_human,0.996,0.984,0.956,0.93,0.985
815724862,06107jcsa,unknown,,non_human,5,0,5,5,3+ methods,"association, classification, clustering, regression, text",0.6538,0,non_human,non_human,non_human,non_human,non_human,0.996,0.981,0.956,0.941,0.985
815724882,26178stwa,unknown,,non_human,5,0,5,5,3+ methods,"association, classification, clustering, regression, text",0.6723,0,non_human,non_human,non_human,non_human,non_human,0.996,0.984,0.956,0.931,0.985
815724890,04091trda,unknown,,non_human,5,0,5,5,3+ methods,"association, classification, clustering, regression, text",0.6633,0,non_human,non_human,non_human,non_human,non_human,0.996,0.98,0.956,0.923,0.985
815724904,06912jcsb,unknown,,non_human,5,0,5,5,3+ methods,"association, classification, clustering, regression, text",0.6577,0,non_human,non_human,non_human,non_human,non_human,0.996,0.984,0.956,0.93,0.985
815724946,04489lktc,unknown,,non_human,5,0,5,5,3+ methods,"association, classification, clustering, regression, text",0.6628,0,non_human,non_human,non_human,non_human,non_human,0.996,0.982,0.956,0.927,0.985
815724959,02917trdc,unknown,,non_human,5,0,5,5,3+ methods,"association, classification, clustering, regression, text",0.6745,0,non_human,non_human,non_human,non_human,non_human,0.996,0.98,0.956,0.923,0.985
815724997,05839lkta,unknown,,non_human,5,0,5,5,3+ methods,"association, classification, clustering, regression, text",0.6631,0,non_human,non_human,non_human,non_human,non_human,0.996,0.983,0.956,0.929,0.985
815724999,83322slhb,unknown,,non_human,5,0,5,5,3+ methods,"association, classification, clustering, regression, text",0.6611,0,non_human,non_human,non_human,non_human,non_human,0.996,0.982,0.956,0.926,0.985
815725004,06518jcsb,unknown,,non_human,5,0,5,5,3+ methods,"association, classification, clustering, regression, text",0.6556,0,non_human,non_human,non_human,non_human,non_human,0.996,0.984,0.956,0.93,0.985
815725009,06716jcsb,unknown,,non_human,5,0,5,5,3+ methods,"association, classification, clustering, regression, text",0.6628,0,non_human,non_human,non_human,non_human,non_human,0.996,0.981,0.956,0.925,0.985
815725017,06888jcsb,unknown,,non_human,5,0,5,5,3+ methods,"association, classification, clustering, regression, text",0.6866,0,non_human,non_human,non_human,non_human,non_human,0.996,0.983,0.956,0.928,0.985
815725054,82930slhb,unknown,,non_human,5,0,5,5,3+ methods,"association, classification, clustering, regression, text",0.627,0,non_human,non_human,non_human,non_human,non_human,0.996,0.982,0.956,0.927,0.985
815725057,zandrac274,unknown,,non_human,5,0,5,5,3+ methods,"association, classification, clustering, regression, text",0.6586,0,non_human,non_human,non_human,non_human,non_human,0.996,0.966,0.956,0.935,0.985
815725064,82229slha,unknown,,non_human,5,0,5,5,3+ methods,"association, classification, clustering, regression, text",0.6565,0,non_human,non_human,non_human,non_human,non_human,0.996,0.984,0.956,0.929,0.985
815725072,07932jcsc,unknown,,non_human,5,0,5,5,3+ methods,"association, classification, clustering, regression, text",1.0,0,non_human,non_human,non_human,non_human,non_human,0.996,0.984,0.956,0.93,0.985
815725074,08070gnlb,unknown,,non_human,5,0,5,5,3+ methods,"association, classification, clustering, regression, text",0.6599,0,non_human,non_human,non_human,non_human,non_human,0.996,0.984,0.956,0.929,0.985
815725113,27331stwd,unknown,,non_human,5,0,5,5,3+ methods,"association, classification, clustering, regression, text",0.6728,0,non_human,non_human,non_human,non_human,non_human,0.996,0.984,0.956,0.931,0.985
815725115,02667gnlc,unknown,,non_human,5,0,5,5,3+ methods,"association, classification, clustering, regression, text",0.6576,0,non_human,non_human,non_human,non_human,non_human,0.996,0.979,0.956,0.923,0.985
815725138,03904trdb,unknown,,non_human,5,0,5,5,3+ methods,"association, classification, clustering, regression, text",0.6441,0,non_human,non_human,non_human,non_human,non_human,0.996,0.98,0.956,0.923,0.985
815725195,83262slhb,unknown,,non_human,5,0,5,5,3+ methods,"association, classification, clustering, regression, text",0.6621,0,non_human,non_human,non_human,non_human,non_human,0.996,0.982,0.956,0.927,0.985
815725208,06091jcsa,unknown,,non_human,5,0,5,5,3+ methods,"association, classification, clustering, regression, text",0.6565,0,non_human,non_human,non_human,non_human,non_human,0.996,0.984,0.956,0.93,0.985
815725219,SnejaTheKing,unknown,,human,5,0,5,5,3+ methods,"association, classification, clustering, regression, text",0.6604,0,human,human,human,human,human,0.956,0.994,0.917,0.981,0.917
815725252,27239stwd,unknown,,non_human,5,0,5,5,3+ methods,"association, classification, clustering, regression, text",0.6351,0,non_human,non_human,non_human,non_human,non_human,0.996,0.984,0.956,0.931,0.985
815725336,04062trda,unknown,,non_human,5,0,5,5,3+ methods,"association, classification, clustering, regression, text",0.6341,0,non_human,non_human,non_human,non_human,non_human,0.996,0.983,0.956,0.928,0.985
815725355,dmfa26205,unknown,,non_human,5,0,5,5,3+ methods,"association, classification, clustering, regression, text",1.0,0,non_human,non_human,non_human,non_human,non_human,0.996,0.984,0.956,0.933,0.985
815725372,01852gnlb,unknown,,non_human,5,0,5,5,3+ methods,"association, classification, clustering, regression, text",0.6543,0,non_human,non_human,non_human,non_human,non_human,0.996,0.967,0.956,0.925,0.991
815725404,07976jcsc,unknown,,non_human,5,0,5,5,3+ methods,"association, classification, clustering, regression, text",0.6719,0,non_human,non_human,non_human,non_human,non_human,0.996,0.982,0.956,0.926,0.985
815725409,savage_twelvie,unknown,,human,5,0,5,5,3+ methods,"association, classification, clustering, regression, text",0.6667,0,human,human,human,human,human,0.94,0.963,0.957,0.92,0.908
815725415,05470lkta,unknown,,non_human,5,0,5,5,3+ methods,"association, classification, clustering, regression, text",0.6685,0,non_human,non_human,non_human,non_human,non_human,0.996,0.984,0.956,0.93,0.985
815725440,03230trdc,unknown,,non_human,5,0,5,5,3+ methods,"association, classification, clustering, regression, text",0.6623,0,non_human,non_human,non_human,non_human,non_human,0.996,0.98,0.956,0.924,0.985
815725469,02630gnlc,unknown,,non_human,5,0,5,5,3+ methods,"association, classification, clustering, regression, text",0.6473,0,non_human,non_human,non_human,non_human,non_human,0.996,0.98,0.956,0.924,0.985
815725487,26534stwb,unknown,,non_human,5,0,5,5,3+ methods,"association, classification, clustering, regression, text",0.6649,0,non_human,non_human,non_human,non_human,non_human,0.996,0.984,0.956,0.931,0.985
815725530,03302trdb,unknown,,non_human,5,0,5,5,3+ methods,"association, classification, clustering, regression, text",0.6527,0,non_human,non_human,non_human,non_human,non_human,0.996,0.982,0.956,0.927,0.985
815725531,25958stwa,unknown,,non_human,5,0,5,5,3+ methods,"association, classification, clustering, regression, text",0.6669,0,non_human,non_human,non_human,non_human,non_human,0.996,0.984,0.956,0.931,0.985
815725538,02472gnlc,unknown,,non_human,5,0,5,5,3+ methods,"association, classification, clustering, regression, text",0.6526,0,non_human,non_human,non_human,non_human,non_human,0.996,0.98,0.956,0.923,0.985
815725561,stwa29218,unknown,,non_human,5,0,5,5,3+ methods,"association, classification, clustering, regression, text",1.0,0,non_human,non_human,non_human,non_human,non_human,0.996,0.983,0.956,0.927,0.985
815725566,06235jcsa,unknown,,non_human,5,0,5,5,3+ methods,"association, classification, clustering, regression, text",0.6581,0,non_human,non_human,non_human,non_human,non_human,0.996,0.983,0.956,0.929,0.985
815725582,01036gnla,unknown,,non_human,5,0,5,5,3+ methods,"association, classification, clustering, regression, text",1.0,0,non_human,non_human,non_human,non_human,non_human,0.996,0.967,0.956,0.924,0.991
815725611,06607jcsb,unknown,,non_human,5,0,5,5,3+ methods,"association, classification, clustering, regression, text",0.6587,0,non_human,non_human,non_human,non_human,non_human,0.996,0.983,0.956,0.929,0.985
815725687,82901slha,unknown,,non_human,5,0,5,5,3+ methods,"association, classification, clustering, regression, text",0.6587,0,non_human,non_human,non_human,non_human,non_human,0.996,0.982,0.956,0.926,0.985
815725812,ruggi281,unknown,,non_human,5,0,5,5,3+ methods,"association, classification, clustering, regression, text",0.6755,0,non_human,non_human,non_human,non_human,non_human,0.996,0.969,0.956,0.941,0.985
815725846,27306stwd,unknown,,non_human,5,0,5,5,3+ methods,"association, classification, clustering, regression, text",0.6667,0,non_human,non_human,non_human,non_human,non_human,0.996,0.984,0.956,0.931,0.985
815725849,27325stwd,unknown,,non_human,5,0,5,5,3+ methods,"association, classification, clustering, regression, text",0.6546,0,non_human,non_human,non_human,non_human,non_human,0.996,0.984,0.956,0.931,0.985
815725863,83233slhb,unknown,,non_human,5,0,5,5,3+ methods,"association, classification, clustering, regression, text",0.6492,0,non_human,non_human,non_human,non_human,non_human,0.996,0.984,0.956,0.931,0.985
815725875,04932lktb,unknown,,non_human,5,0,5,5,3+ methods,"association, classification, clustering, regression, text",0.6474,0,non_human,non_human,non_human,non_human,non_human,0.996,0.981,0.956,0.924,0.985
815725894,83601slhb,unknown,,non_human,5,0,5,5,3+ methods,"association, classification, clustering, regression, text",0.6601,0,non_human,non_human,non_human,non_human,non_human,0.996,0.983,0.956,0.927,0.985
815725906,02475gnlc,unknown,,non_human,5,0,5,5,3+ methods,"association, classification, clustering, regression, text",0.6474,0,non_human,non_human,non_human,non_human,non_human,0.996,0.98,0.956,0.923,0.985
815725913,04669lktc,unknown,,non_human,5,0,5,5,3+ methods,"association, classification, clustering, regression, text",0.6648,0,non_human,non_human,non_human,non_human,non_human,0.996,0.981,0.956,0.924,0.985
815725952,slhb28444,unknown,,non_human,5,0,5,5,3+ methods,"association, classification, clustering, regression, text",0.6633,0,non_human,non_human,non_human,non_human,non_human,0.996,0.984,0.956,0.933,0.985
815725957,07111jcsc,unknown,,non_human,5,0,5,5,3+ methods,"association, classification, clustering, regression, text",0.6615,0,non_human,non_human,non_human,non_human,non_human,0.996,0.982,0.956,0.926,0.985
815725968,26238stwa,unknown,,non_human,5,0,5,5,3+ methods,"association, classification, clustering, regression, text",1.0,0,non_human,non_human,non_human,non_human,non_human,0.996,0.984,0.956,0.931,0.985
815726007,04488lktc,unknown,,non_human,5,0,5,5,3+ methods,"association, classification, clustering, regression, text",0.6748,0,non_human,non_human,non_human,non_human,non_human,0.996,0.983,0.956,0.928,0.985
815726025,04076trda,unknown,,non_human,5,0,5,5,3+ methods,"association, classification, clustering, regression, text",0.653,0,non_human,non_human,non_human,non_human,non_human,0.996,0.98,0.956,0.924,0.985
815726031,07827jcsc,unknown,,non_human,5,0,5,5,3+ methods,"association, classification, clustering, regression, text",0.6566,0,non_human,non_human,non_human,non_human,non_human,0.996,0.982,0.956,0.926,0.985
815726032,04085trda,unknown,,non_human,5,0,5,5,3+ methods,"association, classification, clustering, regression, text",0.666,0,non_human,non_human,non_human,non_human,non_human,0.996,0.98,0.956,0.924,0.985
815726033,05055lktb,unknown,,non_human,5,0,5,5,3+ methods,"association, classification, clustering, regression, text",0.6819,0,non_human,non_human,non_human,non_human,non_human,0.996,0.983,0.956,0.929,0.985
815726034,01810gnlb,unknown,,non_human,5,0,5,5,3+ methods,"association, classification, clustering, regression, text",0.6528,0,non_human,non_human,non_human,non_human,non_human,0.996,0.967,0.956,0.924,0.991
815726054,07755jcsc,unknown,,non_human,5,0,5,5,3+ methods,"association, classification, clustering, regression, text",0.652,0,non_human,non_human,non_human,non_human,non_human,0.996,0.982,0.956,0.926,0.985
815726107,06042jcsa,unknown,,non_human,5,0,5,5,3+ methods,"association, classification, clustering, regression, text",0.6516,0,non_human,non_human,non_human,non_human,non_human,0.996,0.981,0.956,0.925,0.985
815726118,83812slhd,unknown,,non_human,5,0,5,5,3+ methods,"association, classification, clustering, regression, text",0.6664,0,non_human,non_human,non_human,non_human,non_human,0.996,0.984,0.956,0.93,0.985
815726132,26327stwb,unknown,,non_human,5,0,5,5,3+ methods,"association, classification, clustering, regression, text",0.6755,0,non_human,non_human,non_human,non_human,non_human,0.996,0.984,0.956,0.931,0.985
815726133,02714gnlc,unknown,,non_human,5,0,5,5,3+ methods,"association, classification, clustering, regression, text",0.6468,0,non_human,non_human,non_human,non_human,non_human,0.996,0.982,0.956,0.927,0.985
815726144,05862lkta,unknown,,non_human,5,0,5,5,3+ methods,"association, classification, clustering, regression, text",0.6641,0,non_human,non_human,non_human,non_human,non_human,0.996,0.982,0.956,0.925,0.985
815726192,04772lktc,unknown,,non_human,5,0,5,5,3+ methods,"association, classification, clustering, regression, text",0.6538,0,non_human,non_human,non_human,non_human,non_human,0.996,0.983,0.956,0.928,0.985
815726207,07051jcsc,unknown,,non_human,5,0,5,5,3+ methods,"association, classification, clustering, regression, text",0.6633,0,non_human,non_human,non_human,non_human,non_human,0.996,0.983,0.956,0.928,0.985
815726312,25979stwa,unknown,,non_human,5,0,5,5,3+ methods,"association, classification, clustering, regression, text",0.6707,0,non_human,non_human,non_human,non_human,non_human,0.996,0.984,0.956,0.931,0.985
815726316,05482lkta,unknown,,non_human,5,0,5,5,3+ methods,"association, classification, clustering, regression, text",0.6585,0,non_human,non_human,non_human,non_human,non_human,0.996,0.984,0.956,0.932,0.985
815726329,stwa29166,unknown,,non_human,5,0,5,5,3+ methods,"association, classification, clustering, regression, text",0.6478,0,non_human,non_human,non_human,non_human,non_human,0.996,0.984,0.956,0.927,0.985
815726353,gnlc21638,unknown,,non_human,5,0,5,5,3+ methods,"association, classification, clustering, regression, text",0.6444,0,non_human,non_human,non_human,non_human,non_human,0.996,0.984,0.956,0.93,0.985
815726355,26501stwb,unknown,,non_human,5,0,5,5,3+ methods,"association, classification, clustering, regression, text",0.682,0,non_human,non_human,non_human,non_human,non_human,0.996,0.984,0.956,0.931,0.985
815726358,05651lkta,unknown,,non_human,5,0,5,5,3+ methods,"association, classification, clustering, regression, text",0.6588,0,non_human,non_human,non_human,non_human,non_human,0.996,0.982,0.956,0.926,0.985
815726396,02190gnlc,unknown,,non_human,5,0,5,5,3+ methods,"association, classification, clustering, regression, text",0.6732,0,non_human,non_human,non_human,non_human,non_human,0.996,0.976,0.956,0.952,0.985
815726400,07110jcsc,unknown,,non_human,5,0,5,5,3+ methods,"association, classification, clustering, regression, text",0.6377,0,non_human,non_human,non_human,non_human,non_human,0.996,0.982,0.956,0.926,0.985
815726424,02113gnlb,unknown,,non_human,5,0,5,5,3+ methods,"association, classification, clustering, regression, text",0.6617,0,non_human,non_human,non_human,non_human,non_human,0.996,0.972,0.956,0.928,0.991
815726426,83114slhb,unknown,,non_human,5,0,5,5,3+ methods,"association, classification, clustering, regression, text",0.6508,0,non_human,non_human,non_human,non_human,non_human,0.996,0.984,0.956,0.93,0.985
815726453,26062stwa,unknown,,non_human,5,0,5,5,3+ methods,"association, classification, clustering, regression, text",0.6838,0,non_human,non_human,non_human,non_human,non_human,0.996,0.984,0.956,0.931,0.985
815726468,slhd28581,unknown,,non_human,5,0,5,5,3+ methods,"association, classification, clustering, regression, text",0.6631,0,non_human,non_human,non_human,non_human,non_human,0.996,0.984,0.956,0.927,0.985
815726473,05091lktb,unknown,,non_human,5,0,5,5,3+ methods,"association, classification, clustering, regression, text",0.6474,0,non_human,non_human,non_human,non_human,non_human,0.996,0.981,0.956,0.925,0.985
815726511,07704jcsc,unknown,,non_human,5,0,5,5,3+ methods,"association, classification, clustering, regression, text",0.6731,0,non_human,non_human,non_human,non_human,non_human,0.996,0.984,0.956,0.931,0.985
815726525,04220trda,unknown,,non_human,5,0,5,5,3+ methods,"association, classification, clustering, regression, text",0.6691,0,non_human,non_human,non_human,non_human,non_human,0.996,0.983,0.956,0.928,0.985
815726543,83281slhb,unknown,,non_human,5,0,5,5,3+ methods,"association, classification, clustering, regression, text",0.6609,0,non_human,non_human,non_human,non_human,non_human,0.996,0.984,0.956,0.93,0.985
815726574,27278stwd,unknown,,non_human,5,0,5,5,3+ methods,"association, classification, clustering, regression, text",0.6564,0,non_human,non_human,non_human,non_human,non_human,0.996,0.984,0.956,0.931,0.985
815726593,stwd29673,unknown,,non_human,5,0,5,5,3+ methods,"association, classification, clustering, regression, text",0.6641,0,non_human,non_human,non_human,non_human,non_human,0.996,0.984,0.956,0.927,0.985
815726637,02659gnlc,unknown,,non_human,5,0,5,5,3+ methods,"association, classification, clustering, regression, text",0.66,0,non_human,non_human,non_human,non_human,non_human,0.996,0.983,0.956,0.93,0.985
815726658,27248stwd,unknown,,non_human,5,0,5,5,3+ methods,"association, classification, clustering, regression, text",0.658,0,non_human,non_human,non_human,non_human,non_human,0.996,0.984,0.956,0.931,0.985
815726660,slha28265,unknown,,non_human,5,0,5,5,3+ methods,"association, classification, clustering, regression, text",0.6702,0,non_human,non_human,non_human,non_human,non_human,0.996,0.984,0.956,0.927,0.985
815726672,penn32079,unknown,,non_human,5,0,5,5,3+ methods,"association, classification, clustering, regression, text",0.6524,0,non_human,non_human,non_human,non_human,non_human,0.996,0.982,0.956,0.923,0.985
815726742,06020lkta,unknown,,non_human,5,0,5,5,3+ methods,"association, classification, clustering, regression, text",0.6359,0,non_human,non_human,non_human,non_human,non_human,0.996,0.982,0.956,0.926,0.985
815726803,05086lktb,unknown,,non_human,5,0,5,5,3+ methods,"association, classification, clustering, regression, text",0.645,0,non_human,non_human,non_human,non_human,non_human,0.996,0.981,0.956,0.925,0.985
815726885,06359jcsa,unknown,,non_human,5,0,5,5,3+ methods,"association, classification, clustering, regression, text",0.6701,0,non_human,non_human,non_human,non_human,non_human,0.996,0.984,0.956,0.93,0.985
815726898,lakl31636,unknown,,non_human,5,0,5,5,3+ methods,"association, classification, clustering, regression, text",0.6542,0,non_human,non_human,non_human,non_human,non_human,0.996,0.983,0.956,0.924,0.985
815726932,04785lktc,unknown,,non_human,5,0,5,5,3+ methods,"association, classification, clustering, regression, text",1.0,0,non_human,non_human,non_human,non_human,non_human,0.996,0.981,0.956,0.925,0.985
815726983,stwg30085,unknown,,non_human,5,0,5,5,3+ methods,"association, classification, clustering, regression, text",0.6668,0,non_human,non_human,non_human,non_human,non_human,0.996,0.984,0.956,0.927,0.985
815727009,07934jcsc,unknown,,non_human,5,0,5,5,3+ methods,"association, classification, clustering, regression, text",1.0,0,non_human,non_human,non_human,non_human,non_human,0.996,0.984,0.956,0.931,0.985
815727018,04530lktc,unknown,,non_human,5,0,5,5,3+ methods,"association, classification, clustering, regression, text",1.0,0,non_human,non_human,non_human,non_human,non_human,0.996,0.981,0.956,0.925,0.985
815727021,83540slhb,unknown,,non_human,5,0,5,5,3+ methods,"association, classification, clustering, regression, text",0.6777,0,non_human,non_human,non_human,non_human,non_human,0.996,0.983,0.956,0.927,0.985
815727042,26058stwa,unknown,,non_human,5,0,5,5,3+ methods,"association, classification, clustering, regression, text",0.6466,0,non_human,non_human,non_human,non_human,non_human,0.996,0.984,0.956,0.932,0.985
815727049,stwc29516,unknown,,non_human,5,0,5,5,3+ methods,"association, classification, clustering, regression, text",0.6625,0,non_human,non_human,non_human,non_human,non_human,0.996,0.976,0.956,0.919,0.985
815727061,26257stwb,unknown,,non_human,5,0,5,5,3+ methods,"association, classification, clustering, regression, text",0.6557,0,non_human,non_human,non_human,non_human,non_human,0.996,0.984,0.956,0.931,0.985
815727150,03871trdb,unknown,,non_human,5,0,5,5,3+ methods,"association, classification, clustering, regression, text",0.6459,0,non_human,non_human,non_human,non_human,non_human,0.996,0.981,0.956,0.924,0.985
815727247,05544lkta,unknown,,non_human,5,0,5,5,3+ methods,"association, classification, clustering, regression, text",0.6452,0,non_human,non_human,non_human,non_human,non_human,0.996,0.983,0.956,0.929,0.985
815727344,03293trdb,unknown,,non_human,5,0,5,5,3+ methods,"association, classification, clustering, regression, text",0.6625,0,non_human,non_human,non_human,non_human,non_human,0.996,0.983,0.956,0.928,0.985
815727371,02891trdc,unknown,,non_human,5,0,5,5,3+ methods,"association, classification, clustering, regression, text",0.6653,0,non_human,non_human,non_human,non_human,non_human,0.996,0.981,0.956,0.924,0.985
815727428,07753jcsc,unknown,,non_human,5,0,5,5,3+ methods,"association, classification, clustering, regression, text",0.3367,0,non_human,non_human,non_human,non_human,non_human,0.996,0.982,0.956,0.926,0.985
815727439,83236slhb,unknown,,non_human,5,0,5,5,3+ methods,"association, classification, clustering, regression, text",1.0,0,non_human,non_human,non_human,non_human,non_human,0.996,0.984,0.956,0.932,0.985
815727476,27351stwd,unknown,,non_human,5,0,5,5,3+ methods,"association, classification, clustering, regression, text",0.6598,0,non_human,non_human,non_human,non_human,non_human,0.996,0.984,0.956,0.933,0.985
815727482,03872trdb,unknown,,non_human,5,0,5,5,3+ methods,"association, classification, clustering, regression, text",0.6474,0,non_human,non_human,non_human,non_human,non_human,0.996,0.981,0.956,0.924,0.985
815727528,06612jcsb,unknown,,non_human,5,0,5,5,3+ methods,"association, classification, clustering, regression, text",0.6755,0,non_human,non_human,non_human,non_human,non_human,0.996,0.982,0.956,0.926,0.985
815727540,02584gnlc,unknown,,non_human,5,0,5,5,3+ methods,"association, classification, clustering, regression, text",0.6717,0,non_human,non_human,non_human,non_human,non_human,0.996,0.98,0.956,0.924,0.985
815727565,stwd29601,unknown,,non_human,5,0,5,5,3+ methods,"association, classification, clustering, regression, text",0.6444,0,non_human,non_human,non_human,non_human,non_human,0.996,0.984,0.956,0.927,0.985
815727593,07417jcsc,unknown,,non_human,5,0,5,5,3+ methods,"association, classification, clustering, regression, text",0.6379,0,non_human,non_human,non_human,non_human,non_human,0.996,0.982,0.956,0.926,0.985
815727596,russell000x,unknown,,non_human,5,0,5,5,3+ methods,"association, classification, clustering, regression, text",1.0,0,non_human,non_human,non_human,non_human,non_human,0.996,0.969,0.956,0.938,0.985
815727604,08090gnlb,unknown,,non_human,5,0,5,5,3+ methods,"association, classification, clustering, regression, text",0.6745,0,non_human,non_human,non_human,non_human,non_human,0.996,0.984,0.956,0.932,0.985
815727615,26041stwa,unknown,,non_human,5,0,5,5,3+ methods,"association, classification, clustering, regression, text",0.6646,0,non_human,non_human,non_human,non_human,non_human,0.996,0.984,0.956,0.931,0.985
815727620,_SVNORITA,unknown,,human,5,0,5,5,3+ methods,"association, classification, clustering, regression, text",0.3444,0,human,human,human,human,human,0.94,0.987,0.957,0.911,0.909
815727645,VicClassified,unknown,,human,5,0,5,5,3+ methods,"association, classification, clustering, regression, text",1.0,0,human,human,human,human,human,0.956,0.99,0.957,0.97,0.929
815727679,07423jcsc,unknown,,non_human,5,0,5,5,3+ methods,"association, classification, clustering, regression, text",0.6818,0,non_human,non_human,non_human,non_human,non_human,0.996,0.982,0.956,0.926,0.985
815727680,26180stwa,unknown,,non_human,5,0,5,5,3+ methods,"association, classification, clustering, regression, text",0.646,0,non_human,non_human,non_human,non_human,non_human,0.996,0.984,0.956,0.932,0.985
815727700,9tjones9,unknown,,human,5,0,5,5,3+ methods,"association, classification, clustering, regression, text",0.6677,0,human,human,human,human,human,0.913,0.978,0.917,0.944,0.92
815727705,03274trdb,unknown,,non_human,5,0,5,5,3+ methods,"association, classification, clustering, regression, text",0.65,0,non_human,non_human,non_human,non_human,non_human,0.996,0.983,0.956,0.931,0.985
815727706,83239slhb,unknown,,non_human,5,0,5,5,3+ methods,"association, classification, clustering, regression, text",0.654,0,non_human,non_human,non_human,non_human,non_human,0.996,0.984,0.956,0.931,0.985
815727783,05744lkta,unknown,,non_human,5,0,5,5,3+ methods,"association, classification, clustering, regression, text",0.6681,0,non_human,non_human,non_human,non_human,non_human,0.996,0.982,0.956,0.926,0.985
815727798,06488jcsb,unknown,,non_human,5,0,5,5,3+ methods,"association, classification, clustering, regression, text",0.6412,0,non_human,non_human,non_human,non_human,non_human,0.996,0.982,0.956,0.926,0.985
815727850,05633lkta,unknown,,non_human,5,0,5,5,3+ methods,"association, classification, clustering, regression, text",1.0,0,non_human,non_human,non_human,non_human,non_human,0.996,0.981,0.956,0.942,0.985
815727963,03589trdb,unknown,,non_human,5,0,5,5,3+ methods,"association, classification, clustering, regression, text",0.6455,0,non_human,non_human,non_human,non_human,non_human,0.996,0.983,0.956,0.927,0.985
815727986,27237stwd,unknown,,non_human,5,0,5,5,3+ methods,"association, classification, clustering, regression, text",0.6672,0,non_human,non_human,non_human,non_human,non_human,0.996,0.984,0.956,0.932,0.985
815728049,04780lktc,unknown,,non_human,5,0,5,5,3+ methods,"association, classification, clustering, regression, text",0.6745,0,non_human,non_human,non_human,non_human,non_human,0.996,0.981,0.956,0.925,0.985
815728093,26537stwb,unknown,,non_human,5,0,5,5,3+ methods,"association, classification, clustering, regression, text",0.6713,0,non_human,non_human,non_human,non_human,non_human,0.996,0.984,0.956,0.933,0.985
815728102,04287trda,unknown,,non_human,5,0,5,5,3+ methods,"association, classification, clustering, regression, text",0.6694,0,non_human,non_human,non_human,non_human,non_human,0.996,0.981,0.956,0.925,0.985
815728112,83830slhd,unknown,,non_human,5,0,5,5,3+ methods,"association, classification, clustering, regression, text",0.6398,0,non_human,non_human,non_human,non_human,non_human,0.996,0.983,0.956,0.928,0.985
815728126,04492lktc,unknown,,non_human,5,0,5,5,3+ methods,"association, classification, clustering, regression, text",0.6621,0,non_human,non_human,non_human,non_human,non_human,0.996,0.981,0.956,0.925,0.985
815728151,07733jcsc,unknown,,non_human,5,0,5,5,3+ methods,"association, classification, clustering, regression, text",0.6701,0,non_human,non_human,non_human,non_human,non_human,0.996,0.984,0.956,0.93,0.985
815728156,04478lktc,unknown,,non_human,5,0,5,5,3+ methods,"association, classification, clustering, regression, text",0.667,0,non_human,non_human,non_human,non_human,non_human,0.996,0.983,0.956,0.929,0.985
815728191,82243slha,unknown,,non_human,5,0,5,5,3+ methods,"association, classification, clustering, regression, text",0.671,0,non_human,non_human,non_human,non_human,non_human,0.996,0.983,0.956,0.927,0.985
815728255,stwb29409,unknown,,non_human,5,0,5,5,3+ methods,"association, classification, clustering, regression, text",0.6585,0,non_human,non_human,non_human,non_human,non_human,0.996,0.984,0.956,0.934,0.985
815728260,dmfa26263,unknown,,non_human,5,0,5,5,3+ methods,"association, classification, clustering, regression, text",1.0,0,non_human,non_human,non_human,non_human,non_human,0.996,0.984,0.956,0.934,0.985
815728330,cuss31805,unknown,,non_human,5,0,5,5,3+ methods,"association, classification, clustering, regression, text",0.6694,0,non_human,non_human,non_human,non_human,non_human,0.996,0.983,0.956,0.924,0.985
815728414,07052jcsc,unknown,,non_human,5,0,5,5,3+ methods,"association, classification, clustering, regression, text",1.0,0,non_human,non_human,non_human,non_human,non_human,0.996,0.983,0.956,0.927,0.985
815728429,06611jcsb,unknown,,non_human,5,0,5,5,3+ methods,"association, classification, clustering, regression, text",0.6753,0,non_human,non_human,non_human,non_human,non_human,0.996,0.982,0.956,0.926,0.985
815728445,04217trda,unknown,,non_human,5,0,5,5,3+ methods,"association, classification, clustering, regression, text",0.6559,0,non_human,non_human,non_human,non_human,non_human,0.996,0.983,0.956,0.929,0.985
815728488,06231jcsa,unknown,,non_human,5,0,5,5,3+ methods,"association, classification, clustering, regression, text",0.654,0,non_human,non_human,non_human,non_human,non_human,0.996,0.984,0.956,0.93,0.985
815728510,blac31516,unknown,,non_human,5,0,5,5,3+ methods,"association, classification, clustering, regression, text",0.6489,0,non_human,non_human,non_human,non_human,non_human,0.996,0.983,0.956,0.925,0.985
815728517,slhf22748,unknown,,non_human,5,0,5,5,3+ methods,"association, classification, clustering, regression, text",0.6581,0,non_human,non_human,non_human,non_human,non_human,0.996,0.984,0.956,0.93,0.985
815728527,02877trdc,unknown,,non_human,5,0,5,5,3+ methods,"association, classification, clustering, regression, text",0.6536,0,non_human,non_human,non_human,non_human,non_human,0.996,0.983,0.956,0.928,0.985
815728562,83864slhd,unknown,,non_human,5,0,5,5,3+ methods,"association, classification, clustering, regression, text",0.6605,0,non_human,non_human,non_human,non_human,non_human,0.996,0.984,0.956,0.928,0.985
815728566,dmfa26250,unknown,,non_human,5,0,5,5,3+ methods,"association, classification, clustering, regression, text",0.6442,0,non_human,non_human,non_human,non_human,non_human,0.996,0.984,0.956,0.933,0.985
815728567,savt31406,unknown,,non_human,5,0,5,5,3+ methods,"association, classification, clustering, regression, text",0.6491,0,non_human,non_human,non_human,non_human,non_human,0.996,0.983,0.956,0.925,0.985
815728587,04547lktc,unknown,,non_human,5,0,5,5,3+ methods,"association, classification, clustering, regression, text",0.6668,0,non_human,non_human,non_human,non_human,non_human,0.996,0.975,0.956,0.95,0.985
815728588,dmfa26241,unknown,,non_human,5,0,5,5,3+ methods,"association, classification, clustering, regression, text",1.0,0,non_human,non_human,non_human,non_human,non_human,0.996,0.984,0.956,0.933,0.985
815728640,The_Shy_Sheep,unknown,,human,5,0,5,5,3+ methods,"association, classification, clustering, regression, text",0.6425,0,human,human,human,human,human,0.936,0.914,0.917,0.903,0.938
815728654,slhf22802,unknown,,non_human,5,0,5,5,3+ methods,"association, classification, clustering, regression, text",0.6587,0,non_human,non_human,non_human,non_human,non_human,0.996,0.984,0.956,0.93,0.985
815728659,03289trdb,unknown,,non_human,5,0,5,5,3+ methods,"association, classification, clustering, regression, text",0.6663,0,non_human,non_human,non_human,non_human,non_human,0.996,0.983,0.956,0.928,0.985
815728663,07601jcsc,unknown,,non_human,5,0,5,5,3+ methods,"association, classification, clustering, regression, text",0.6669,0,non_human,non_human,non_human,non_human,non_human,0.996,0.984,0.956,0.931,0.985
815728667,02860trdc,unknown,,non_human,5,0,5,5,3+ methods,"association, classification, clustering, regression, text",0.6501,0,non_human,non_human,non_human,non_human,non_human,0.996,0.983,0.956,0.928,0.985
815728669,02634gnlc,unknown,,non_human,5,0,5,5,3+ methods,"association, classification, clustering, regression, text",0.6518,0,non_human,non_human,non_human,non_human,non_human,0.996,0.98,0.956,0.924,0.985
815728698,gnlc21562,unknown,,non_human,5,0,5,5,3+ methods,"association, classification, clustering, regression, text",0.6508,0,non_human,non_human,non_human,non_human,non_human,0.996,0.984,0.956,0.93,0.985
815728699,slhf29143,unknown,,non_human,5,0,5,5,3+ methods,"association, classification, clustering, regression, text",0.6666,0,non_human,non_human,non_human,non_human,non_human,0.996,0.984,0.956,0.934,0.985
815728737,deso31743,unknown,,non_human,5,0,5,5,3+ methods,"association, classification, clustering, regression, text",1.0,0,non_human,non_human,non_human,non_human,non_human,0.996,0.983,0.956,0.924,0.985
815728750,06493jcsb,unknown,,non_human,5,0,5,5,3+ methods,"association, classification, clustering, regression, text",0.667,0,non_human,non_human,non_human,non_human,non_human,0.996,0.982,0.956,0.926,0.985
815728756,dmfa20857,unknown,,non_human,5,0,5,5,3+ methods,"association, classification, clustering, regression, text",0.6679,0,non_human,non_human,non_human,non_human,non_human,0.996,0.984,0.956,0.93,0.985
815728757,stwd29655,unknown,,non_human,5,0,5,5,3+ methods,"association, classification, clustering, regression, text",0.6591,0,non_human,non_human,non_human,non_human,non_human,0.996,0.984,0.956,0.93,0.985
815728862,stwa29209,unknown,,non_human,5,0,5,5,3+ methods,"association, classification, clustering, regression, text",0.6597,0,non_human,non_human,non_human,non_human,non_human,0.996,0.984,0.956,0.927,0.985
815728866,02859trdc,unknown,,non_human,5,0,5,5,3+ methods,"association, classification, clustering, regression, text",0.6471,0,non_human,non_human,non_human,non_human,non_human,0.996,0.983,0.956,0.928,0.985
815728919,gnlc21635,unknown,,non_human,5,0,5,5,3+ methods,"association, classification, clustering, regression, text",0.676,0,non_human,non_human,non_human,non_human,non_human,0.996,0.984,0.956,0.93,0.985
815728980,06471jcsb,unknown,,non_human,5,0,5,5,3+ methods,"association, classification, clustering, regression, text",0.6663,0,non_human,non_human,non_human,non_human,non_human,0.996,0.984,0.956,0.931,0.985
815728984,08042gnla,unknown,,non_human,5,0,5,5,3+ methods,"association, classification, clustering, regression, text",0.6734,0,non_human,non_human,non_human,non_human,non_human,0.996,0.983,0.956,0.927,0.985
815728989,05494lkta,unknown,,non_human,5,0,5,5,3+ methods,"association, classification, clustering, regression, text",0.6474,0,non_human,non_human,non_human,non_human,non_human,0.996,0.984,0.956,0.93,0.985
815729049,06335jcsa,unknown,,non_human,5,0,5,5,3+ methods,"association, classification, clustering, regression, text",1.0,0,non_human,non_human,non_human,non_human,non_human,0.996,0.983,0.956,0.927,0.985
815729118,Shammaahh,unknown,,human,5,0,5,5,3+ methods,"association, classification, clustering, regression, text",0.6666,0,human,human,human,human,human,0.913,0.988,0.957,0.928,0.902
815729121,slhf29135,unknown,,non_human,5,0,5,5,3+ methods,"association, classification, clustering, regression, text",0.6565,0,non_human,non_human,non_human,non_human,non_human,0.996,0.984,0.956,0.933,0.985
815729141,slhf22903,unknown,,non_human,5,0,5,5,3+ methods,"association, classification, clustering, regression, text",1.0,0,non_human,non_human,non_human,non_human,non_human,0.996,0.984,0.956,0.93,0.985
815729220,01702gnlb,unknown,,non_human,5,0,5,5,3+ methods,"association, classification, clustering, regression, text",1.0,0,non_human,non_human,non_human,non_human,non_human,0.996,0.969,0.956,0.926,0.991
815729221,04021trda,unknown,,non_human,5,0,5,5,3+ methods,"association, classification, clustering, regression, text",0.6525,0,non_human,non_human,non_human,non_human,non_human,0.996,0.981,0.956,0.925,0.985
815729224,06230jcsa,unknown,,non_human,5,0,5,5,3+ methods,"association, classification, clustering, regression, text",0.6596,0,non_human,non_human,non_human,non_human,non_human,0.996,0.984,0.956,0.93,0.985
815729236,jesa31546,unknown,,non_human,5,0,5,5,3+ methods,"association, classification, clustering, regression, text",0.6561,0,non_human,non_human,non_human,non_human,non_human,0.996,0.983,0.956,0.925,0.985
815729240,04940lktb,unknown,,non_human,5,0,5,5,3+ methods,"association, classification, clustering, regression, text",0.6502,0,non_human,non_human,non_human,non_human,non_human,0.996,0.982,0.956,0.926,0.985
815729315,08041gnla,unknown,,non_human,5,0,5,5,3+ methods,"association, classification, clustering, regression, text",0.6484,0,non_human,non_human,non_human,non_human,non_human,0.996,0.983,0.956,0.927,0.985
815729349,02902trdc,unknown,,non_human,5,0,5,5,3+ methods,"association, classification, clustering, regression, text",0.6607,0,non_human,non_human,non_human,non_human,non_human,0.996,0.981,0.956,0.924,0.985
815729479,TEENAGEVlBES,unknown,,human,5,0,5,5,3+ methods,"association, classification, clustering, regression, text",0.6765,0,human,human,human,human,human,0.94,0.961,0.957,0.907,0.977
815733128,flowrcrownlouis,unknown,,human,5,0,5,5,3+ methods,"association, classification, clustering, regression, text",0.6572,0,human,human,human,human,human,0.94,0.969,0.957,0.946,0.923
815733129,_MUBEEN_,unknown,,human,5,0,5,5,3+ methods,"association, classification, clustering, regression, text",0.6821,0,human,human,human,human,human,0.913,0.949,0.957,0.941,0.922
815733544,bebeazizz,unknown,,human,5,0,5,5,3+ methods,"association, classification, clustering, regression, text",1.0,0,human,human,human,human,human,0.907,0.975,0.957,0.946,0.973
815733755,AudeBordetti,unknown,,human,5,0,5,5,3+ methods,"association, classification, clustering, regression, text",0.6446,0,human,human,human,human,human,0.913,0.975,0.957,0.929,0.983
815734592,Sejo_DahGr8,unknown,,human,5,0,5,5,3+ methods,"association, classification, clustering, regression, text",0.685,0,human,human,human,human,human,0.913,0.939,0.957,0.939,0.967
815734626,ourswansongs,unknown,,human,5,0,5,5,3+ methods,"association, classification, clustering, regression, text",0.675,0,human,human,human,human,human,0.94,0.986,0.957,0.972,0.932
815734646,smokinhoodx,unknown,,human,5,0,5,5,3+ methods,"association, classification, clustering, regression, text",0.3379,0,human,human,human,human,human,0.956,0.989,0.957,0.985,0.952
815734685,SketchBolt,unknown,,human,5,0,5,5,3+ methods,"association, classification, clustering, regression, text",0.3418,0,human,human,human,human,human,0.913,0.962,0.957,0.934,0.907
815735042,zionfromyigo,unknown,,human,5,0,5,5,3+ methods,"association, classification, clustering, regression, text",0.344,0,human,human,human,human,human,0.956,0.971,0.917,0.944,0.985
815735922,RebaFluff,unknown,,human,5,0,5,5,3+ methods,"association, classification, clustering, regression, text",0.6793,0,human,human,human,human,human,0.913,0.948,0.917,0.932,0.916
815736082,Josh_Riet,unknown,,human,5,0,5,5,3+ methods,"association, classification, clustering, regression, text",0.6664,0,human,human,human,human,human,0.956,0.941,0.917,0.932,0.944
815736218,Fellbrew,unknown,,human,5,0,5,5,3+ methods,"association, classification, clustering, regression, text",0.3374,0,human,human,human,human,human,0.956,0.981,0.917,0.953,0.961
815736257,kristaferanka,unknown,,human,5,0,5,5,3+ methods,"association, classification, clustering, regression, text",0.6774,0,human,human,human,human,human,0.907,0.954,0.957,0.951,0.915
815737005,SkullYami,unknown,,human,5,0,5,5,3+ methods,"association, classification, clustering, regression, text",0.6779,0,human,human,human,human,human,0.94,0.986,0.957,0.966,0.958
815737200,haultiers,unknown,,human,5,0,5,5,3+ methods,"association, classification, clustering, regression, text",0.6627,0,human,human,human,human,human,0.94,0.97,0.957,0.937,0.927
815738255,newgroundstier,unknown,,human,5,0,5,5,3+ methods,"association, classification, clustering, regression, text",1.0,0,human,human,human,human,human,0.922,0.977,0.917,0.954,0.947
815739422,Khxtun,unknown,,human,5,0,5,5,3+ methods,"association, classification, clustering, regression, text",1.0,0,human,human,human,human,human,0.94,0.98,0.957,0.95,0.92
815739484,Adele213,unknown,,human,5,0,5,5,3+ methods,"association, classification, clustering, regression, text",0.345,0,human,human,human,human,human,0.956,0.995,0.957,0.993,0.912
815719427,valharryo,unknown,,human,4,0,4,5,3+ methods,"association, classification, clustering, regression",0.6556,0,human,human,human,human,,0.94,0.969,0.957,0.946,
815719470,ThoughtsByLydia,unknown,,human,4,0,4,5,3+ methods,"association, classification, regression, text",0.6637,0,human,human,,human,human,0.956,0.946,,0.933,0.94
815719753,dangzb,unknown,,human,4,0,4,5,3+ methods,"association, classification, clustering, regression",0.6659,0,human,human,human,human,,0.909,0.973,0.957,0.977,
815719799,AlNorii29,unknown,,human,4,0,4,5,3+ methods,"association, classification, regression, text",0.6705,0,human,human,,human,human,0.956,0.942,,0.948,0.969
815719850,dmack_,unknown,,human,4,0,4,5,3+ methods,"association, classification, regression, text",0.3412,0,human,human,,human,human,0.956,0.936,,0.93,0.956
815719898,Odd_Hack,unknown,,human,4,0,4,5,3+ methods,"association, classification, clustering, regression",0.6561,0,human,human,human,human,,0.94,0.937,0.957,0.944,
815720295,dablecis,unknown,,human,4,0,4,5,3+ methods,"association, classification, clustering, text",0.3395,0,human,human,human,,human,0.913,0.98,0.957,,0.933
815720598,pootcha2108,unknown,,human,4,0,4,5,3+ methods,"association, classification, clustering, regression",0.3499,0,human,human,human,human,,0.956,0.99,0.917,0.985,
815720624,o0SLAVIK0o1,unknown,,human,4,0,4,5,3+ methods,"association, classification, clustering, regression",0.3442,0,human,human,human,human,,0.956,0.998,0.917,0.99,
815720923,_Youngnigga13,unknown,,human,4,0,4,5,3+ methods,"classification, clustering, regression, text",0.674,0,,human,human,human,human,,0.975,0.917,0.959,0.911
815721308,elbertos,unknown,,human,4,0,4,5,3+ methods,"association, classification, clustering, regression",0.6752,0,human,human,human,human,,0.913,0.989,0.957,0.962,
815721685,sandyphysics,unknown,,human,4,0,4,5,3+ methods,"association, classification, clustering, regression",0.6811,0,human,human,human,human,,0.913,0.935,0.917,0.9,
815721708,ricky_raw,unknown,,human,4,0,4,5,3+ methods,"association, classification, clustering, regression",1.0,0,human,human,human,human,,0.922,0.969,0.957,0.963,
815722144,khari_lemuel,unknown,,human,4,0,4,5,3+ methods,"classification, clustering, regression, text",0.6651,0,,human,human,human,human,,0.952,0.957,0.91,0.947
815722412,kiraactus,unknown,,human,4,0,4,5,3+ methods,"association, classification, clustering, regression",0.6638,0,human,human,human,human,,0.909,0.925,0.917,0.912,
815722663,Cobi_Jon,unknown,,human,4,0,4,5,3+ methods,"association, classification, clustering, regression",0.6768,0,human,human,human,human,,0.94,0.981,0.957,0.94,
815723394,RahmanNoodle66,unknown,,human,4,0,4,5,3+ methods,"association, classification, regression, text",0.3542,0,human,human,,human,human,0.909,0.932,,0.92,0.982
815723443,Kanderia_Ku,unknown,,human,4,0,4,5,3+ methods,"association, classification, regression, text",0.6696,0,human,human,,human,human,0.956,0.977,,0.951,0.905
815723606,DillyDivine,unknown,,human,4,0,4,5,3+ methods,"association, classification, regression, text",0.6512,0,human,human,,human,human,0.94,0.948,,0.909,0.947
815724451,GKSRgtbt,unknown,,non_human,4,0,4,5,3+ methods,"association, classification, regression, text",0.6554,0,non_human,non_human,,non_human,non_human,0.996,0.945,,0.956,0.998
815724725,Zallah__,unknown,,human,4,0,4,5,3+ methods,"association, classification, regression, text",1.0,0,human,human,,human,human,0.956,0.927,,0.917,0.957
815724740,Rxbun,unknown,,human,4,0,4,5,3+ methods,"association, classification, clustering, regression",0.6615,0,human,human,human,human,,0.94,0.961,0.957,0.949,
815725188,Hakunamavodka_,unknown,,human,4,0,4,5,3+ methods,"association, classification, clustering, regression",0.3432,0,human,human,human,human,,0.94,0.973,0.957,0.916,
815725265,BKIgtbt,unknown,,non_human,4,0,4,5,3+ methods,"association, classification, regression, text",0.6702,0,non_human,non_human,,non_human,non_human,0.996,0.943,,0.955,0.996
815725375,jamiet_afc,unknown,,human,4,0,4,5,3+ methods,"association, classification, clustering, regression",0.3537,0,human,human,human,human,,0.913,0.987,0.917,0.949,
815725493,Awennn,unknown,,human,4,0,4,5,3+ methods,"association, classification, clustering, regression",0.3527,0,human,human,human,human,,0.913,0.991,0.957,0.957,
815725503,GBCIgtbt,unknown,,non_human,4,0,4,5,3+ methods,"association, classification, regression, text",0.6631,0,non_human,non_human,,non_human,non_human,0.996,0.95,,0.96,0.996
815725972,CAVMgtbt,unknown,,non_human,4,0,4,5,3+ methods,"association, classification, regression, text",0.6444,0,non_human,non_human,,non_human,non_human,0.996,0.939,,0.951,0.996
815726000,BKEgtbt,unknown,,non_human,4,0,4,5,3+ methods,"association, classification, regression, text",0.6615,0,non_human,non_human,,non_human,non_human,0.996,0.934,,0.949,0.996
815726006,GiveBackMySkull,unknown,,human,4,0,4,5,3+ methods,"association, classification, clustering, text",0.6485,0,human,human,human,,human,0.94,0.923,0.957,,0.926
815726334,janepet35,unknown,,non_human,4,0,4,5,3+ methods,"association, classification, regression, text",0.6567,0,non_human,non_human,,non_human,non_human,0.996,0.951,,0.939,0.985
815726470,yeahitsmario,unknown,,human,4,0,4,5,3+ methods,"association, classification, clustering, regression",0.6559,0,human,human,human,human,,0.956,0.976,0.957,0.968,
815726520,celsxo,unknown,,human,4,0,4,5,3+ methods,"association, classification, clustering, regression",0.3462,0,human,human,human,human,,0.94,0.984,0.957,0.956,
815726841,LaytonNZA,unknown,,human,4,0,4,5,3+ methods,"association, classification, regression, text",0.673,0,human,human,,human,human,0.956,0.962,,0.92,0.938
815727269,Original310h,unknown,,human,4,0,4,5,3+ methods,"classification, clustering, regression, text",0.3493,0,,human,human,human,human,,0.955,0.957,0.909,0.983
815727311,jill_royson,unknown,,human,4,0,4,5,3+ methods,"association, classification, clustering, regression",0.6677,0,human,human,human,human,,0.936,0.96,0.917,0.928,
815727793,VeryPhanny,unknown,,human,4,0,4,5,3+ methods,"association, classification, clustering, regression",0.334,0,human,human,human,human,,0.936,0.985,0.917,0.94,
815728070,edam74,unknown,,human,4,0,4,5,3+ methods,"association, classification, clustering, regression",1.0,0,human,human,human,human,,0.956,0.993,0.957,0.978,
815728505,BriAckland,unknown,,human,4,0,4,5,3+ methods,"association, classification, regression, text",0.6645,0,human,human,,human,human,0.938,0.92,,0.952,0.904
815728593,Ite_chill,unknown,,human,4,0,4,5,3+ methods,"association, classification, clustering, regression",0.6719,0,human,human,human,human,,0.956,0.992,0.957,0.976,
815728712,DWSNgtbt,unknown,,non_human,4,0,4,5,3+ methods,"association, classification, regression, text",0.6647,0,non_human,non_human,,non_human,non_human,0.996,0.94,,0.954,0.996
815728857,CTOgtbt,unknown,,non_human,4,0,4,5,3+ methods,"association, classification, regression, text",0.6611,0,non_human,non_human,,non_human,non_human,0.996,0.943,,0.956,0.993
815728954,saltIess,unknown,,human,4,0,4,5,3+ methods,"association, classification, clustering, regression",0.6648,0,human,human,human,human,,0.936,0.967,0.917,0.942,
815729138,Avansies,unknown,,human,4,0,4,5,3+ methods,"association, classification, clustering, regression",0.6757,0,human,human,human,human,,0.94,0.976,0.957,0.95,
815729204,HNSNgtbt,unknown,,non_human,4,0,4,5,3+ methods,"association, classification, regression, text",0.6818,0,non_human,non_human,,non_human,non_human,0.996,0.95,,0.96,0.994
815729460,XxClayHall115xX,unknown,,human,4,0,4,5,3+ methods,"association, classification, clustering, regression",0.3434,0,human,human,human,human,,0.956,0.979,0.917,0.963,
815729465,daissygee19,unknown,,human,4,0,4,5,3+ methods,"association, classification, clustering, regression",0.3497,0,human,human,human,human,,0.913,0.986,0.917,0.961,
815730317,NephilimGlee30,unknown,,human,4,0,4,5,3+ methods,"association, classification, regression, text",0.34,0,human,human,,human,human,0.956,0.983,,0.984,0.93
815730343,kimokumo,unknown,,human,4,0,4,5,3+ methods,"association, classification, clustering, regression",0.6515,0,human,human,human,human,,0.907,0.972,0.957,0.929,
815730460,idkbria,unknown,,human,4,0,4,5,3+ methods,"association, classification, regression, text",0.6685,0,human,human,,human,human,0.94,0.978,,0.964,0.958
815730564,saintjehan,unknown,,human,4,0,4,5,3+ methods,"association, classification, regression, text",0.6591,0,human,human,,human,human,0.907,0.934,,0.903,0.958
815731661,Haruuumoon,unknown,,human,4,0,4,5,3+ methods,"association, classification, regression, text",0.6513,0,human,human,,human,human,0.909,0.92,,0.924,0.951
815731760,BornToChill,unknown,,human,4,0,4,5,3+ methods,"association, classification, clustering, regression",0.6496,0,human,human,human,human,,0.94,0.986,0.957,0.969,
815732126,cool_and_iknow,unknown,,human,4,0,4,5,3+ methods,"association, classification, clustering, regression",0.6848,0,human,human,human,human,,0.913,0.93,0.957,0.914,
815732275,divaddelgado,unknown,,human,4,0,4,5,3+ methods,"association, classification, clustering, regression",0.6704,0,human,human,human,human,,0.94,0.976,0.957,0.966,
815732405,petitepinkgirls,unknown,,human,4,0,4,5,3+ methods,"association, classification, regression, text",0.6599,0,human,human,,human,human,0.956,0.917,,0.917,0.942
815732827,6d6y,unknown,,human,4,0,4,5,3+ methods,"association, classification, clustering, regression",0.6559,0,human,human,human,human,,0.907,0.974,0.917,0.964,
815732903,trillballins,unknown,,human,4,0,4,5,3+ methods,"association, classification, regression, text",0.336,0,human,human,,human,human,0.922,0.956,,0.943,0.933
815732995,ozzyway1,unknown,,human,4,0,4,5,3+ methods,"association, classification, clustering, regression",0.6791,0,human,human,human,human,,0.936,0.947,0.917,0.907,
815733020,Timelord30021,unknown,,human,4,0,4,5,3+ methods,"association, classification, regression, text",0.6773,0,human,human,,human,human,0.94,0.945,,0.927,0.955
815733234,Fallykay,unknown,,human,4,0,4,5,3+ methods,"association, classification, clustering, regression",0.3488,0,human,human,human,human,,0.907,0.979,0.917,0.956,
815733399,jespertje66,unknown,,human,4,0,4,5,3+ methods,"association, classification, clustering, regression",1.0,0,human,human,human,human,,0.938,0.98,0.917,0.934,
815733517,l1iee,unknown,,human,4,0,4,5,3+ methods,"association, classification, clustering, regression",1.0,0,human,human,human,human,,0.913,0.953,0.917,0.915,
815733525,Kiqoseven,unknown,,human,4,0,4,5,3+ methods,"association, classification, clustering, regression",0.6621,0,human,human,human,human,,0.907,0.973,0.957,0.958,
815734077,himeshite,unknown,,human,4,0,4,5,3+ methods,"association, classification, clustering, regression",0.6713,0,human,human,human,human,,0.922,0.931,0.957,0.923,
815734242,Gida152,unknown,,human,4,0,4,5,3+ methods,"association, classification, clustering, regression",0.6669,0,human,human,human,human,,0.956,0.978,0.917,0.963,
815734497,rachaelgriffin6,unknown,,human,4,0,4,5,3+ methods,"association, classification, clustering, regression",0.3425,0,human,human,human,human,,0.956,0.984,0.957,0.978,
815734723,stopth3world,unknown,,human,4,0,4,5,3+ methods,"association, classification, clustering, regression",0.6686,0,human,human,human,human,,0.94,0.97,0.957,0.952,
815735143,lychee_le,unknown,,human,4,0,4,5,3+ methods,"association, classification, clustering, regression",0.6722,0,human,human,human,human,,0.907,0.921,0.917,0.907,
815735646,AnnaPm6277,unknown,,human,4,0,4,5,3+ methods,"association, classification, clustering, text",0.3546,0,human,human,human,,human,0.922,0.91,0.917,,0.978
815736194,Procyon9Z,unknown,,human,4,0,4,5,3+ methods,"association, classification, clustering, regression",0.6785,0,human,human,human,human,,0.909,0.921,0.917,0.909,
815736358,7GoBananas,unknown,,human,4,0,4,5,3+ methods,"association, classification, regression, text",0.6638,0,human,human,,human,human,0.956,0.977,,0.956,0.961
815736517,BookwormGhost,unknown,,human,4,0,4,5,3+ methods,"association, classification, clustering, regression",0.6745,0,human,human,human,human,,0.94,0.981,0.917,0.94,
815736706,patmonger,unknown,,human,4,0,4,5,3+ methods,"association, classification, regression, text",0.6821,0,human,human,,human,human,0.909,0.944,,0.916,0.926
815736812,nxrryquxxn,unknown,,human,4,0,4,5,3+ methods,"association, classification, regression, text",0.3349,0,human,human,,human,human,0.907,0.948,,0.929,0.909
815737342,Warpcorps,unknown,,human,4,0,4,5,3+ methods,"association, classification, clustering, text",0.3367,0,human,human,human,,human,0.913,0.968,0.917,,0.954
815737472,Redneck1656,unknown,,human,4,0,4,5,3+ methods,"association, classification, regression, text",0.356,0,human,human,,human,human,0.956,0.982,,0.968,0.959
815737738,klimeow,unknown,,human,4,0,4,5,3+ methods,"classification, clustering, regression, text",1.0,0,,human,human,human,human,,0.942,0.957,0.949,0.963
815738294,Sabrooooooo,unknown,,human,4,0,4,5,3+ methods,"classification, clustering, regression, text",0.6662,0,,human,human,human,human,,0.922,0.917,0.903,0.927
815738892,jaden_kenson,unknown,,human,4,0,4,5,3+ methods,"association, classification, regression, text",0.6752,0,human,human,,human,human,0.922,0.97,,0.961,0.92
815739323,gallvaich,unknown,,human,4,0,4,5,3+ methods,"association, classification, regression, text",0.6712,0,human,human,,human,human,0.94,0.98,,0.912,0.936
815719449,aozora_always,unknown,,human,3,0,3,5,3+ methods,"association, classification, regression",1.0,0,human,human,,human,,0.922,0.923,,0.926,
815719616,declanmurney,unknown,,human,3,0,3,5,3+ methods,"association, classification, regression",0.3517,0,human,human,,human,,0.956,0.903,,0.976,
815719641,SayAbd,unknown,,human,3,0,3,5,3+ methods,"classification, regression, text",0.6771,0,,human,,human,human,,0.9,,0.907,0.941
815719928,gureshincrisis,unknown,,human,3,0,3,5,3+ methods,"association, regression, text",0.671,0,human,,,human,human,0.94,,,0.902,0.923
815720184,dlDominican,unknown,,non_human,3,0,3,5,3+ methods,"association, classification, regression",0.6555,0,non_human,non_human,,non_human,,0.954,0.904,,0.98,
815720233,forceohwakens,unknown,,human,3,0,3,5,3+ methods,"classification, clustering, regression",0.6792,0,,human,human,human,,,0.923,0.957,0.9,
815720292,cyli,unknown,,human,3,0,3,5,3+ methods,"association, classification, regression",0.6686,0,human,human,,human,,0.907,0.93,,0.965,
815720302,marco99724962,unknown,,non_human,3,0,3,5,3+ methods,"association, clustering, regression",0.65,0,non_human,,non_human,non_human,,0.954,,0.956,0.9,
815720341,kimberlyvelasc7,unknown,,human,3,0,3,5,3+ methods,"association, classification, regression",0.3429,0,human,human,,human,,0.956,0.981,,0.966,
815720440,xTordX,unknown,,human,3,0,3,5,3+ methods,"association, regression, text",0.3459,0,human,,,human,human,0.922,,,0.918,0.952
815720683,Baldsaint,unknown,,human,3,0,3,5,3+ methods,"classification, regression, text",0.3538,0,,human,,human,human,,0.942,,0.925,0.957
815720733,louskir,unknown,,human,3,0,3,5,3+ methods,"classification, clustering, regression",0.6676,0,,human,human,human,,,0.937,0.957,0.913,
815721225,FitzroviaW1,unknown,,non_human,3,0,3,5,3+ methods,"association, classification, regression",0.6769,0,non_human,non_human,,non_human,,0.992,0.911,,0.985,
815721245,MadMistB,unknown,,human,3,0,3,5,3+ methods,"association, clustering, text",0.3512,0,human,,human,,human,0.933,,0.917,,0.989
815721350,typhoonfilsy,unknown,,human,3,0,3,5,3+ methods,"classification, regression, text",1.0,0,,human,,human,human,,0.934,,0.975,0.955
815721570,AmnahThunyan,unknown,,human,3,0,3,5,3+ methods,"association, classification, regression",1.0,1,human,human,,human,,0.907,0.937,,0.946,
815721632,DaCapCityPrinze,unknown,,human,3,0,3,5,3+ methods,"association, regression, text",0.3433,0,human,,,human,human,0.956,,,0.912,0.955
815721748,Thesigan_Raju,unknown,,human,3,0,3,5,3+ methods,"association, classification, regression",1.0,0,human,human,,human,,0.938,0.931,,0.913,
815721943,TeddyMisog,unknown,,human,3,0,3,5,3+ methods,"association, classification, clustering",0.3372,0,human,human,human,,,0.936,0.909,0.917,,
815722258,beginnerquad,unknown,,non_human,3,1,4,5,3+ methods,"association, classification, regression",1.0,0,non_human,non_human,,non_human,human,0.991,0.912,,0.979,0.9
815722284,tinyjems,unknown,,human,3,0,3,5,3+ methods,"association, clustering, regression",0.6884,0,human,,human,human,,0.913,,0.957,0.903,
815722306,GWIS__LLC,unknown,,non_human,3,0,3,5,3+ methods,"association, classification, regression",0.6607,0,non_human,non_human,,non_human,,0.992,0.913,,0.976,
815723118,bangtanbitch,unknown,,human,3,0,3,5,3+ methods,"association, classification, regression",0.3509,0,human,human,,human,,0.907,0.92,,0.922,
815723448,VoidlesSoul,unknown,,human,3,0,3,5,3+ methods,"association, classification, text",0.6954,0,human,human,,,human,0.94,0.91,,,0.927
815723526,angahith,unknown,,human,3,0,3,5,3+ methods,"classification, clustering, regression",0.6554,0,,human,human,human,,,0.905,0.917,0.939,
815724040,mygrls7,unknown,,human,3,0,3,5,3+ methods,"association, classification, clustering",0.6804,0,human,human,human,,,0.909,0.924,0.917,,
815724388,JamesSm33040861,unknown,,non_human,3,1,4,5,3+ methods,"association, clustering, regression",0.3358,0,non_human,,non_human,non_human,human,0.954,,0.956,0.949,0.901
815724506,WWEJPDiamond,unknown,,human,3,0,3,5,3+ methods,"association, classification, text",0.3433,0,human,human,,,human,0.94,0.963,,,0.966
815724894,Maskinen92,unknown,,human,3,0,3,5,3+ methods,"association, classification, regression",0.6761,0,human,human,,human,,0.907,0.907,,0.917,
815725256,elfpupy,unknown,,human,3,0,3,5,3+ methods,"association, classification, regression",0.6873,0,human,human,,human,,0.956,0.941,,0.917,
815725268,lostinmyminds,unknown,,human,3,0,3,5,3+ methods,"classification, regression, text",0.6787,0,,human,,human,human,,0.952,,0.947,0.905
815725394,alsoMike,unknown,,human,3,0,3,5,3+ methods,"association, classification, regression",0.341,0,human,human,,human,,0.94,0.932,,0.937,
815725553,commiemjp,unknown,,human,3,0,3,5,3+ methods,"classification, regression, text",0.3486,0,,human,,human,human,,0.921,,0.93,0.923
815725597,6tripe,unknown,,human,3,0,3,5,3+ methods,"association, clustering, regression",0.6748,0,human,,human,human,,0.936,,0.917,0.91,
815726750,ghost___cat,unknown,,human,3,0,3,5,3+ methods,"association, classification, regression",1.0,0,human,human,,human,,0.922,0.928,,0.935,
815727031,hayalidny,unknown,,human,3,0,3,5,3+ methods,"association, classification, clustering",0.6583,0,human,human,human,,,0.933,0.941,0.917,,
815727223,kirstyhall01,unknown,,human,3,0,3,5,3+ methods,"association, classification, regression",0.3456,0,human,human,,human,,0.956,0.969,,0.948,
815728034,Ohwaawaa,unknown,,human,3,0,3,5,3+ methods,"classification, clustering, regression",0.343,0,,human,human,human,,,0.956,0.917,0.935,
815728713,GOURGElST,unknown,,human,3,0,3,5,3+ methods,"association, classification, regression",0.6738,0,human,human,,human,,0.94,0.963,,0.923,
815728887,ChasinMyDreamsx,unknown,,human,3,0,3,5,3+ methods,"classification, clustering, text",0.6658,0,,human,human,,human,,0.927,0.957,,0.92
815728963,NiallnLouisrbae,unknown,,human,3,0,3,5,3+ methods,"association, classification, regression",0.3431,0,human,human,,human,,0.956,0.904,,0.919,
815729461,frickfracklvke,unknown,,human,3,0,3,5,3+ methods,"association, classification, regression",0.6578,0,human,human,,human,,0.956,0.983,,0.971,
815729501,darkme31,unknown,,human,3,0,3,5,3+ methods,"classification, regression, text",1.0,0,,human,,human,human,,0.943,,0.914,0.95
815729526,SIGMAKLlM,unknown,,human,3,0,3,5,3+ methods,"classification, regression, text",0.6854,0,,human,,human,human,,0.94,,0.916,0.98
815729935,tiyalene,unknown,,human,3,0,3,5,3+ methods,"association, classification, regression",1.0,0,human,human,,human,,0.922,0.953,,0.925,
815730054,frightfursheep,unknown,,human,3,0,3,5,3+ methods,"association, classification, regression",0.6641,0,human,human,,human,,0.922,0.946,,0.905,
815730057,LilSaintDee,unknown,,human,3,0,3,5,3+ methods,"association, classification, text",0.6703,0,human,human,,,human,0.907,0.92,,,0.939
815730138,LogicalNegro,unknown,,human,3,0,3,5,3+ methods,"classification, regression, text",0.3372,0,,human,,human,human,,0.946,,0.908,0.967
815730302,karbdashian,unknown,,human,3,0,3,5,3+ methods,"association, classification, clustering",0.6711,0,human,human,human,,,0.907,0.959,0.957,,
815730346,StarlightMcKenz,unknown,,human,3,0,3,5,3+ methods,"classification, clustering, regression",0.3416,0,,human,human,human,,,0.907,0.957,0.914,
815730408,denimblob,unknown,,human,3,0,3,5,3+ methods,"classification, clustering, text",1.0,0,,human,human,,human,,0.918,0.917,,0.936
815730540,30_Helens,unknown,,human,3,0,3,5,3+ methods,"association, classification, regression",0.3453,0,human,human,,human,,0.907,0.911,,0.923,
815730727,zquadfather,unknown,,human,3,0,3,5,3+ methods,"association, classification, text",0.3355,0,human,human,,,human,0.907,0.972,,,0.988
815730767,xxforgetmexx,unknown,,human,3,0,3,5,3+ methods,"association, classification, regression",0.6792,0,human,human,,human,,0.94,0.94,,0.904,
815731043,typologianista,unknown,,human,3,0,3,5,3+ methods,"classification, regression, text",1.0,0,,human,,human,human,,0.901,,0.922,0.912
815731391,GSD_MDPhD,unknown,,human,3,0,3,5,3+ methods,"classification, regression, text",0.6798,0,,human,,human,human,,0.908,,0.912,0.931
815731470,mimbo68,unknown,,human,3,0,3,5,3+ methods,"association, classification, regression",1.0,0,human,human,,human,,0.913,0.983,,0.973,
815731832,swissyellow,unknown,,human,3,0,3,5,3+ methods,"association, classification, regression",0.6643,0,human,human,,human,,0.922,0.928,,0.901,
815731842,_Brett__,unknown,,human,3,0,3,5,3+ methods,"classification, regression, text",0.6579,0,,human,,human,human,,0.907,,0.917,0.917
815731928,g4ll4xi,unknown,,human,3,0,3,5,3+ methods,"association, classification, regression",1.0,0,human,human,,human,,0.94,0.974,,0.957,
815732311,maiagillian,unknown,,human,3,0,3,5,3+ methods,"association, classification, regression",0.6735,0,human,human,,human,,0.907,0.934,,0.936,
815732459,kennemesies,unknown,,human,3,0,3,5,3+ methods,"association, clustering, text",0.6504,0,human,,human,,human,0.907,,0.917,,0.965
815732698,musingsofaraven,unknown,,human,3,0,3,5,3+ methods,"association, classification, regression",0.3493,0,human,human,,human,,0.956,0.979,,0.959,
815732752,monbrielle,unknown,,human,3,0,3,5,3+ methods,"association, regression, text",0.6538,0,human,,,human,human,0.922,,,0.929,0.943
815732910,pavel071985,unknown,,non_human,3,0,3,5,3+ methods,"association, clustering, regression",1.0,0,non_human,,non_human,non_human,,0.954,,0.956,0.942,
815733533,thegiveawaybot1,unknown,,non_human,3,0,3,5,3+ methods,"association, classification, regression",0.691,0,non_human,non_human,,non_human,,0.992,0.924,,0.977,
815734296,AccioStarKid,unknown,,human,3,0,3,5,3+ methods,"classification, clustering, regression",0.6613,0,,human,human,human,,,0.926,0.957,0.956,
815734352,JahKnoTK,unknown,,human,3,0,3,5,3+ methods,"association, classification, text",0.3462,0,human,human,,,human,0.956,0.93,,,0.949
815734539,Sam_Talks_Crap,unknown,,human,3,0,3,5,3+ methods,"association, classification, regression",0.6712,0,human,human,,human,,0.907,0.936,,0.907,
815734696,espinosaurusex,unknown,,human,3,0,3,5,3+ methods,"association, regression, text",1.0,0,human,,,human,human,0.94,,,0.904,0.971
815735407,historianess,unknown,,human,3,0,3,5,3+ methods,"classification, clustering, regression",0.6722,0,,human,human,human,,,0.963,0.957,0.93,
815735626,thecarterclanEE,unknown,,human,3,0,3,5,3+ methods,"association, classification, regression",0.3466,0,human,human,,human,,0.956,0.939,,0.915,
815735830,grandejuicy,unknown,,human,3,0,3,5,3+ methods,"association, classification, regression",0.3556,0,human,human,,human,,0.907,0.98,,0.952,
815735971,calumsmybubble,unknown,,human,3,0,3,5,3+ methods,"association, classification, regression",0.3524,0,human,human,,human,,0.94,0.938,,0.913,
815736354,shuchan22,unknown,,human,3,0,3,5,3+ methods,"association, regression, text",0.6594,0,human,,,human,human,0.922,,,0.934,0.939
815736505,hirokiyuus,unknown,,human,3,0,3,5,3+ methods,"association, classification, regression",0.6894,0,human,human,,human,,0.94,0.94,,0.923,
815736546,Graziaclar,unknown,,human,3,0,3,5,3+ methods,"association, classification, clustering",0.6643,0,human,human,human,,,0.94,0.932,0.957,,
815736666,bogel888,unknown,,human,3,0,3,5,3+ methods,"classification, regression, text",0.3453,0,,human,,human,human,,0.984,,0.959,0.92
815736683,Itanduofores,unknown,,human,3,0,3,5,3+ methods,"association, classification, regression",0.3537,0,human,human,,human,,0.922,0.913,,0.939,
815736917,Edmo_and_Jacko,unknown,,human,3,0,3,5,3+ methods,"classification, clustering, regression",0.6838,0,,human,human,human,,,0.97,0.917,0.95,
815737416,irl_mahoushoujo,unknown,,human,3,0,3,5,3+ methods,"association, classification, regression",1.0,0,human,human,,human,,0.907,0.934,,0.918,
815737446,rafelle1819,unknown,,human,3,0,3,5,3+ methods,"association, classification, regression",0.3419,0,human,human,,human,,0.922,0.955,,0.956,
815737451,m28246491,unknown,,human,3,1,4,5,3+ methods,"association, classification, regression",0.6894,0,human,human,non_human,human,,0.956,0.979,0.956,0.979,
815737730,choichanyeoI,unknown,,human,3,0,3,5,3+ methods,"association, classification, regression",0.6457,0,human,human,,human,,0.94,0.964,,0.966,
815737792,crypticxniall,unknown,,human,3,0,3,5,3+ methods,"association, classification, text",0.6843,0,human,human,,,human,0.907,0.928,,,0.962
815737894,nmellowulf,unknown,,human,3,0,3,5,3+ methods,"association, clustering, text",0.3403,0,human,,human,,human,0.936,,0.917,,0.964
815737933,ArkhamKnight19,unknown,,human,3,0,3,5,3+ methods,"association, classification, text",0.6682,0,human,human,,,human,0.907,0.933,,,0.97
815738574,dr_funtimes,unknown,,human,3,0,3,5,3+ methods,"association, classification, regression",1.0,0,human,human,,human,,0.922,0.948,,0.913,
815738916,aceclark91,unknown,,non_human,3,0,3,5,3+ methods,"association, classification, regression",0.6694,0,non_human,non_human,,non_human,,0.992,0.91,,0.928,
815739089,pengay2424g,unknown,,non_human,3,0,3,5,3+ methods,"association, classification, clustering",1.0,0,non_human,non_human,non_human,,,0.992,0.937,0.956,,
815739214,snurpknuffle,unknown,,human,3,0,3,5,3+ methods,"classification, regression, text",0.6779,0,,human,,human,human,,0.924,,0.928,0.951
815739401,KerryCherry0380,unknown,,human,3,0,3,5,3+ methods,"association, classification, regression",0.3412,0,human,human,,human,,0.956,0.965,,0.969,
815739438,judgementduck,unknown,,human,3,0,3,5,3+ methods,"association, classification, regression",0.6884,0,human,human,,human,,0.956,0.924,,0.956,
815739445,Zoetjetoch,unknown,,human,3,0,3,5,3+ methods,"association, classification, regression",0.6758,0,human,human,,human,,0.922,0.919,,0.906,
815739463,foreverLiberal,unknown,,human,3,0,3,5,3+ methods,"classification, clustering, regression",1.0,0,,human,human,human,,,0.914,0.957,0.906,
815739479,venator14,unknown,,human,3,0,3,5,3+ methods,"association, regression, text",0.677,0,human,,,human,human,0.922,,,0.91,0.925
815719342,johnnywhygull,unknown,,non_human,2,0,2,5,2 methods,"association, regression",0.3502,0,non_human,,,non_human,,0.992,,,0.968,
815719423,YaldaaOmar,unknown,,human,2,0,2,5,2 methods,"association, clustering",0.3408,0,human,,human,,,0.907,,0.957,,
815719718,ink_dr0pl3ts,unknown,,human,2,0,2,5,2 methods,"association, text",0.6643,0,human,,,,human,0.907,,,,0.902
815719801,Clockwerk95M,unknown,,non_human,2,0,2,5,2 methods,"association, regression",0.6704,0,non_human,,,non_human,,0.954,,,0.95,
815719815,blankyhanky22,unknown,,non_human,2,0,2,5,2 methods,"association, regression",0.6633,0,non_human,,,non_human,,0.992,,,0.902,
815720166,iamarux,unknown,,non_human,2,0,2,5,2 methods,"association, regression",0.6787,0,non_human,,,non_human,,0.954,,,0.952,
815720226,lsperoni96,unknown,,non_human,2,0,2,5,2 methods,"association, regression",0.6651,0,non_human,,,non_human,,0.954,,,0.958,
815720277,Helyoz1,unknown,,non_human,2,0,2,5,2 methods,"association, regression",0.7033,0,non_human,,,non_human,,0.954,,,0.969,
815720538,zherayw,unknown,,human,2,0,2,5,2 methods,"classification, regression",0.3471,0,,human,,human,,,0.961,,0.956,
815721005,JezzBear,unknown,,human,2,0,2,5,2 methods,"association, text",0.3441,0,human,,,,human,0.956,,,,0.94
815721079,jotdragon,unknown,,human,2,0,2,5,2 methods,"classification, text",0.6727,0,,human,,,human,,0.92,,,0.901
815721201,Volleybirb,unknown,,human,2,0,2,5,2 methods,"association, text",0.6401,0,human,,,,human,0.907,,,,0.9
815721256,BreathingHell1,unknown,,human,2,0,2,5,2 methods,"association, text",0.3469,0,human,,,,human,0.913,,,,0.981
815721383,kmkash,unknown,,human,2,0,2,5,2 methods,"classification, regression",0.6825,0,,human,,human,,,0.967,,0.943,
815721442,m_rtv,unknown,,human,2,0,2,5,2 methods,"association, regression",0.6748,0,human,,,human,,0.907,,,0.959,
815721506,RandomNobody86,unknown,,human,2,0,2,5,2 methods,"association, regression",0.6776,0,human,,,human,,0.909,,,0.929,
815721513,DaveWuzzHere,unknown,,human,2,0,2,5,2 methods,"association, classification",0.6679,0,human,human,,,,0.907,0.922,,,
815721631,islamchechen12,unknown,,non_human,2,0,2,5,2 methods,"association, regression",0.6595,0,non_human,,,non_human,,0.954,,,0.926,
815721846,cmrwdk,unknown,,human,2,0,2,5,2 methods,"association, regression",0.334,0,human,,,human,,0.909,,,0.901,
815721848,Yiveldda,unknown,,human,2,0,2,5,2 methods,"association, text",0.6845,0,human,,,,human,0.907,,,,0.927
815721945,obviousstalker_,unknown,,human,2,0,2,5,2 methods,"association, classification",1.0,0,human,human,,,,0.913,0.943,,,
815722108,ChizobaObiefula,unknown,,non_human,2,0,2,5,2 methods,"association, regression",0.6658,0,non_human,,,non_human,,0.954,,,0.984,
815722162,Jmiller0sgo1992,unknown,,human,2,0,2,5,2 methods,"association, classification",0.3455,0,human,human,,,,0.909,0.916,,,
815722247,Zuasibel,unknown,,human,2,0,2,5,2 methods,"classification, regression",0.669,0,,human,,human,,,0.932,,0.976,
815722288,dirtydanielaxo,unknown,,human,2,0,2,5,2 methods,"classification, regression",0.3383,0,,human,,human,,,0.938,,0.911,
815722304,pineapplecakes,unknown,,human,2,0,2,5,2 methods,"association, regression",0.6497,0,human,,,human,,0.907,,,0.947,
815722678,JrWarwick,unknown,,human,2,0,2,5,2 methods,"association, text",0.3439,0,human,,,,human,0.907,,,,0.943
815722776,OreoPurr,unknown,,human,2,0,2,5,2 methods,"association, text",0.6599,0,human,,,,human,0.956,,,,0.9
815722781,MacylainAlfred,unknown,,non_human,2,0,2,5,2 methods,"association, regression",0.6541,0,non_human,,,non_human,,0.967,,,0.953,
815723138,b1dina,unknown,,non_human,2,0,2,5,2 methods,"association, regression",1.0,0,non_human,,,non_human,,0.954,,,0.97,
815723162,gleecatsversion,unknown,,human,2,0,2,5,2 methods,"association, clustering",0.659,0,human,,human,,,0.947,,0.917,,
815723277,luke_berlioux,unknown,,human,2,0,2,5,2 methods,"clustering, text",0.6607,0,,,human,,human,,,0.917,,0.914
815723561,z4nd4r,unknown,,human,2,0,2,5,2 methods,"regression, text",0.6693,0,,,,human,human,,,,0.928,0.953
815723764,Grimreaper8814,unknown,,human,2,0,2,5,2 methods,"association, classification",0.6645,0,human,human,,,,0.922,0.917,,,
815723835,PapoCircular,unknown,,non_human,2,0,2,5,2 methods,"association, regression",0.6894,0,non_human,,,non_human,,0.954,,,0.965,
815724249,The301st,unknown,,human,2,0,2,5,2 methods,"association, regression",0.674,0,human,,,human,,0.94,,,0.939,
815724254,ZulaikhaAriff,unknown,,human,2,0,2,5,2 methods,"association, classification",0.6802,0,human,human,,,,0.922,0.931,,,
815724678,__wrxsub__,unknown,,human,2,0,2,5,2 methods,"association, clustering",0.6752,0,human,,human,,,0.913,,0.917,,
815725053,DomainerAnon,unknown,,human,2,0,2,5,2 methods,"association, text",0.6599,0,human,,,,human,0.909,,,,0.973
815725497,queen_sams,unknown,,non_human,2,0,2,5,2 methods,"association, regression",0.6662,0,non_human,,,non_human,,0.967,,,0.945,
815725522,natangram,unknown,,human,2,0,2,5,2 methods,"association, clustering",0.6792,0,human,,human,,,0.907,,0.917,,
815726152,pellicott1,unknown,,human,2,0,2,5,2 methods,"association, text",0.3473,0,human,,,,human,0.922,,,,0.939
815726232,chaliceoftears,unknown,,human,2,0,2,5,2 methods,"association, text",0.6972,0,human,,,,human,0.922,,,,0.948
815726284,addictofmatt,unknown,,human,2,0,2,5,2 methods,"association, classification",0.6794,0,human,human,,,,0.94,0.93,,,
815726586,unknown_nichole,unknown,,non_human,2,0,2,5,2 methods,"association, regression",0.3512,0,non_human,,,non_human,,0.967,,,0.945,
815726822,Turbo9879,unknown,,human,2,0,2,5,2 methods,"association, text",0.6845,0,human,,,,human,0.907,,,,0.915
815726834,DIWAKARDIXIT9,unknown,,non_human,2,1,3,5,2 methods,"association, regression",0.684,0,non_human,,,non_human,human,0.967,,,0.954,0.925
815726857,kampalaSqoop,unknown,,non_human,2,0,2,5,2 methods,"association, regression",0.6553,0,non_human,,,non_human,,0.952,,,0.973,
815726944,Anonsayshi,unknown,,human,2,0,2,5,2 methods,"association, classification",0.6651,0,human,human,,,,0.94,0.945,,,
815727100,cnettles2k12,unknown,,human,2,0,2,5,2 methods,"classification, regression",0.6645,0,,human,,human,,,0.907,,0.905,
815727138,JonathonPearso3,unknown,,non_human,2,0,2,5,2 methods,"association, regression",0.6518,0,non_human,,,non_human,,0.954,,,0.968,
815727164,Knightsexual,unknown,,human,2,0,2,5,2 methods,"association, text",0.6591,0,human,,,,human,0.907,,,,0.956
815727588,dahmartins,unknown,,human,2,0,2,5,2 methods,"classification, regression",0.3438,0,,human,,human,,,0.918,,0.914,
815727629,BNshizzle,unknown,,human,2,0,2,5,2 methods,"classification, regression",0.3638,0,,human,,human,,,0.919,,0.936,
815728215,Tekin0816,unknown,,human,2,0,2,5,2 methods,"association, classification",0.3552,0,human,human,,,,0.907,0.901,,,
815728416,Camalange,unknown,,human,2,0,2,5,2 methods,"association, classification",0.3446,0,human,human,,,,0.907,0.902,,,
815728526,allmars23,unknown,,non_human,2,0,2,5,2 methods,"association, regression",0.6612,0,non_human,,,non_human,,0.954,,,0.963,
815728609,destinyraauhl,unknown,,human,2,0,2,5,2 methods,"clustering, regression",0.3403,0,,,human,human,,,,0.957,0.901,
815728688,art_control,unknown,,human,2,0,2,5,2 methods,"clustering, regression",0.6624,0,,,human,human,,,,0.957,0.917,
815728758,kavatzatron,unknown,,non_human,2,0,2,5,2 methods,"association, regression",0.6679,0,non_human,,,non_human,,0.954,,,0.963,
815729043,trohmemes,unknown,,human,2,0,2,5,2 methods,"association, text",0.6674,0,human,,,,human,0.907,,,,0.952
815729478,TheTweetingZed,unknown,,human,2,0,2,5,2 methods,"association, text",0.3466,0,human,,,,human,0.907,,,,0.974
815729589,oikawamomosuke,unknown,,human,2,0,2,5,2 methods,"association, text",0.6558,0,human,,,,human,0.907,,,,0.973
815729668,waterhauler,unknown,,human,2,0,2,5,2 methods,"association, regression",0.675,0,human,,,human,,0.907,,,0.921,
815730141,smol_and_tol,unknown,,human,2,0,2,5,2 methods,"classification, text",1.0,0,,human,,,human,,0.905,,,0.902
815730152,youngDAD2,unknown,,human,2,0,2,5,2 methods,"classification, text",0.647,0,,human,,,human,,0.925,,,0.955
815730245,VrsOk,unknown,,non_human,2,0,2,5,2 methods,"association, regression",0.6623,0,non_human,,,non_human,,0.954,,,0.948,
815730365,OdinCSGO,unknown,,human,2,0,2,5,2 methods,"clustering, text",1.0,0,,,human,,human,,,0.917,,0.967
815730444,Q_Country1029,unknown,,non_human,2,0,2,5,2 methods,"association, regression",1.0,0,non_human,,,non_human,,0.992,,,0.948,
815730485,rosa_the_red,unknown,,human,2,0,2,5,2 methods,"association, regression",0.338,0,human,,,human,,0.922,,,0.905,
815730588,_Black1D_,unknown,,human,2,0,2,5,2 methods,"classification, regression",0.6709,0,,human,,human,,,0.936,,0.931,
815730662,Insanekoy0te,unknown,,human,2,0,2,5,2 methods,"classification, regression",0.6613,0,,human,,human,,,0.925,,0.935,
815730688,retweet_love_qt,unknown,,non_human,2,0,2,5,2 methods,"classification, regression",0.3503,0,,non_human,,non_human,,,0.922,,0.952,
815730754,unaltraporta,unknown,,non_human,2,0,2,5,2 methods,"association, regression",0.676,0,non_human,,,non_human,,0.954,,,0.962,
815731176,Faizfag,unknown,,human,2,0,2,5,2 methods,"association, text",0.6594,0,human,,,,human,0.909,,,,0.914
815731283,Prima_Materia_,unknown,,human,2,0,2,5,2 methods,"association, text",0.6682,0,human,,,,human,0.907,,,,0.919
815731308,MontlakeMan,unknown,,human,2,0,2,5,2 methods,"association, regression",0.669,0,human,,,human,,0.907,,,0.927,
815731475,MrGoogol,unknown,,human,2,0,2,5,2 methods,"classification, regression",0.3353,0,,human,,human,,,0.972,,0.955,
815731698,fizzybizzle,unknown,,human,2,0,2,5,2 methods,"association, text",0.6722,0,human,,,,human,0.907,,,,0.935
815732159,eviralis1,unknown,,non_human,2,0,2,5,2 methods,"association, regression",0.656,0,non_human,,,non_human,,0.954,,,0.988,
815732161,neksted,unknown,,non_human,2,0,2,5,2 methods,"association, regression",1.0,0,non_human,,,non_human,,0.992,,,0.955,
815732202,uryattudoudattu,unknown,,non_human,2,0,2,5,2 methods,"association, regression",1.0,0,non_human,,,non_human,,0.992,,,0.932,
815732219,Mug_Punter_NI,unknown,,human,2,0,2,5,2 methods,"association, clustering",1.0,0,human,,human,,,0.909,,0.917,,
815732573,7mjslove,unknown,,human,2,0,2,5,2 methods,"association, classification",1.0,0,human,human,,,,0.938,0.905,,,
815732593,jadehill2001,unknown,,human,2,0,2,5,2 methods,"association, text",1.0,0,human,,,,human,0.913,,,,0.927
815732614,Altafkazi,unknown,,human,2,0,2,5,2 methods,"classification, regression",0.6777,0,,human,,human,,,0.947,,0.917,
815732733,itsZaddyHOE,unknown,,human,2,0,2,5,2 methods,"association, text",0.6476,0,human,,,,human,0.956,,,,0.976
815732885,DyingTethra,unknown,,human,2,0,2,5,2 methods,"association, text",0.6609,0,human,,,,human,0.913,,,,0.917
815733103,kursadturksen,unknown,,non_human,2,0,2,5,2 methods,"association, regression",0.6713,0,non_human,,,non_human,,0.967,,,0.906,
815733116,nastasyagolovu1,unknown,,non_human,2,0,2,5,2 methods,"association, regression",1.0,0,non_human,,,non_human,,0.967,,,0.956,
815733198,_Ahty,unknown,,human,2,0,2,5,2 methods,"association, text",0.6726,0,human,,,,human,0.907,,,,0.973
815733225,BoyPeer7,unknown,,non_human,2,0,2,5,2 methods,"association, regression",0.6742,0,non_human,,,non_human,,0.967,,,0.936,
815733439,muse_no_brasil,unknown,,human,2,0,2,5,2 methods,"classification, regression",0.3356,0,,human,,human,,,0.924,,0.912,
815733575,scattermoon,unknown,,human,2,0,2,5,2 methods,"association, text",1.0,0,human,,,,human,0.907,,,,0.917
815733830,LeAnhTony,unknown,,human,2,0,2,5,2 methods,"classification, clustering",0.6506,0,,human,human,,,,0.942,0.917,,
815733857,JisooBlackCat,unknown,,human,2,0,2,5,2 methods,"association, text",1.0,0,human,,,,human,0.909,,,,0.908
815734031,iljc3,unknown,,human,2,0,2,5,2 methods,"association, text",0.6709,0,human,,,,human,0.907,,,,0.952
815734333,tidma_kvh,unknown,,human,2,0,2,5,2 methods,"clustering, text",0.3491,0,,,human,,human,,,0.917,,0.928
815734505,Glaeken55,unknown,,human,2,0,2,5,2 methods,"classification, clustering",0.6677,0,,human,human,,,,0.914,0.917,,
815734552,Fungidelic,unknown,,human,2,0,2,5,2 methods,"association, text",0.3394,0,human,,,,human,0.907,,,,0.968
815734610,illlegal17,unknown,,human,2,0,2,5,2 methods,"association, text",0.6759,0,human,,,,human,0.94,,,,0.916
815734637,geovinc__,unknown,,non_human,2,0,2,5,2 methods,"association, regression",0.6817,0,non_human,,,non_human,,0.954,,,0.931,
815734638,AdefemiTayo,unknown,,non_human,2,1,3,5,2 methods,"association, regression",0.6642,0,non_human,,,non_human,human,0.951,,,0.904,0.917
815734763,JiOyce,unknown,,non_human,2,0,2,5,2 methods,"association, regression",0.646,0,non_human,,,non_human,,0.992,,,0.962,
815734816,kirkwaIIs,unknown,,human,2,0,2,5,2 methods,"association, classification",0.3428,0,human,human,,,,0.936,0.91,,,
815734861,ZACHISGOD,unknown,,human,2,0,2,5,2 methods,"association, regression",1.0,0,human,,,human,,0.922,,,0.922,
815734935,coccocacola,unknown,,non_human,2,0,2,5,2 methods,"association, regression",0.6597,0,non_human,,,non_human,,0.992,,,0.93,
815735335,DatGirl_ICEY,unknown,,human,2,0,2,5,2 methods,"classification, text",0.3478,0,,human,,,human,,0.914,,,0.976
815735416,estelledaviesjo,unknown,,human,2,0,2,5,2 methods,"association, text",0.671,0,human,,,,human,0.947,,,,0.94
815735460,LilAquaticBat,unknown,,human,2,0,2,5,2 methods,"association, classification",0.3436,0,human,human,,,,0.907,0.932,,,
815735606,Pink_Panda203,unknown,,human,2,0,2,5,2 methods,"association, classification",0.6784,0,human,human,,,,0.938,0.909,,,
815735751,SwaglordSeru,unknown,,human,2,0,2,5,2 methods,"association, clustering",1.0,0,human,,human,,,0.913,,0.917,,
815735838,Tygati,unknown,,human,2,0,2,5,2 methods,"classification, regression",1.0,0,,human,,human,,,0.905,,0.927,
815735913,kawaiinishi,unknown,,human,2,0,2,5,2 methods,"association, classification",0.3601,0,human,human,,,,0.907,0.932,,,
815735966,CoreTentacle,unknown,,human,2,0,2,5,2 methods,"regression, text",0.6776,0,,,,human,human,,,,0.9,0.923
815735993,OpusDye,unknown,,human,2,0,2,5,2 methods,"classification, regression",0.6598,0,,human,,human,,,0.974,,0.921,
815736222,Deexjay,unknown,,human,2,0,2,5,2 methods,"association, regression",0.3466,0,human,,,human,,0.922,,,0.924,
815736260,Whatsherface72,unknown,,human,2,0,2,5,2 methods,"clustering, text",0.6541,0,,,human,,human,,,0.917,,0.9
815736604,AKissForAFish,unknown,,human,2,0,2,5,2 methods,"classification, regression",0.6351,0,,human,,human,,,0.928,,0.9,
815736891,BenjahBen,unknown,,non_human,2,0,2,5,2 methods,"association, regression",0.6866,0,non_human,,,non_human,,0.95,,,0.959,
815736958,faustroll,unknown,,human,2,0,2,5,2 methods,"regression, text",0.6833,0,,,,human,human,,,,0.9,0.96
815736969,thephantomshot,unknown,,human,2,0,2,5,2 methods,"association, text",0.3471,0,human,,,,human,0.907,,,,0.935
815737146,Yaherrell13,unknown,,human,2,0,2,5,2 methods,"association, text",0.6522,0,human,,,,human,0.907,,,,0.938
815737221,Leeshie_PoP,unknown,,human,2,0,2,5,2 methods,"classification, regression",0.6641,0,,human,,human,,,0.974,,0.947,
815737373,samisimps,unknown,,human,2,0,2,5,2 methods,"classification, regression",0.6617,0,,human,,human,,,0.966,,0.938,
815737413,han_harden,unknown,,human,2,0,2,5,2 methods,"association, text",0.6599,0,human,,,,human,0.938,,,,0.908
815737464,jhertz1222,unknown,,human,2,0,2,5,2 methods,"association, regression",0.3392,0,human,,,human,,0.922,,,0.951,
815737512,PaxBritannica66,unknown,,human,2,0,2,5,2 methods,"classification, regression",0.661,0,,human,,human,,,0.912,,0.901,
815737932,228_amor,unknown,,non_human,2,0,2,5,2 methods,"association, regression",0.6576,0,non_human,,,non_human,,0.992,,,0.907,
815737978,4rca,unknown,,human,2,0,2,5,2 methods,"classification, regression",0.667,0,,human,,human,,,0.952,,0.914,
815738140,Gwenbot_ebooks,unknown,,human,2,0,2,5,2 methods,"clustering, text",0.676,0,,,human,,human,,,0.917,,0.985
815738211,LoliPBNightcore,unknown,,human,2,0,2,5,2 methods,"association, text",0.6686,0,human,,,,human,0.907,,,,0.917
815738229,dannyyonce,unknown,,human,2,0,2,5,2 methods,"association, classification",0.6707,0,human,human,,,,0.922,0.919,,,
815738298,kit69bh,unknown,,human,2,0,2,5,2 methods,"association, text",0.6555,0,human,,,,human,0.922,,,,0.933
815738464,DolejsiHazel,unknown,,human,2,0,2,5,2 methods,"classification, regression",0.6651,0,,human,,human,,,0.967,,0.949,
815738549,miniONIONS4,unknown,,non_human,2,0,2,5,2 methods,"association, regression",1.0,0,non_human,,,non_human,,0.992,,,0.923,
815739036,CRobin9,unknown,,non_human,2,0,2,5,2 methods,"association, regression",0.6619,0,non_human,,,non_human,,0.954,,,0.95,
815739405,NuFlailsAbout,unknown,,human,2,0,2,5,2 methods,"association, text",0.3493,0,human,,,,human,0.909,,,,0.94
815739413,connor_hatstat,unknown,,human,2,0,2,5,2 methods,"clustering, text",0.3449,0,,,human,,human,,,0.917,,0.916
815739436,NoHoesKolby,unknown,,human,2,0,2,5,2 methods,"association, text",0.6765,0,human,,,,human,0.907,,,,0.943
815739507,Anointed_Mouf,unknown,,human,2,0,2,5,2 methods,"association, text",1.0,0,human,,,,human,0.922,,,,0.962
815739543,oelz_d,unknown,,non_human,2,0,2,5,2 methods,"association, regression",0.6725,0,non_human,,,non_human,,0.963,,,0.931,
815739554,astonwest,unknown,,human,2,0,2,5,2 methods,"regression, text",0.6615,0,,,,human,human,,,,0.915,0.921
815739581,KerryLangevin,unknown,,non_human,2,0,2,5,2 methods,"association, regression",0.352,0,non_human,,,non_human,,0.992,,,0.972,
815719245,GourlayLynn,unknown,,human,1,0,1,5,1 method,text,0.3527,0,,,,,human,,,,,0.909
815719318,ashcfc17,unknown,,human,1,0,1,5,1 method,clustering,0.6671,0,,,human,,,,,0.917,,
815719390,tslong2108,unknown,,human,1,0,1,5,1 method,classification,0.6725,0,,human,,,,,0.929,,,
815719633,CursedUHC,unknown,,human,1,0,1,5,1 method,association,0.6615,0,human,,,,,0.913,,,,
815719717,Tiramiswhat,unknown,,human,1,0,1,5,1 method,text,0.6867,0,,,,,human,,,,,0.907
815719838,SamuelBass,unknown,,human,1,0,1,5,1 method,association,0.3392,0,human,,,,,0.907,,,,
815719861,lyrusi,unknown,,human,1,0,1,5,1 method,association,0.3389,0,human,,,,,0.909,,,,
815719910,Eribott,unknown,,human,1,0,1,5,1 method,clustering,1.0,0,,,human,,,,,0.957,,
815719915,firmly_grasp_it,unknown,,human,1,0,1,5,1 method,classification,1.0,0,,human,,,,,0.923,,,
815720004,SamSouthpaw,unknown,,human,1,0,1,5,1 method,text,0.6709,0,,,,,human,,,,,0.954
815720275,iBearHD,unknown,,human,1,0,1,5,1 method,clustering,0.6882,0,,,human,,,,,0.917,,
815720355,trice_bhelle,unknown,,non_human,1,0,1,5,1 method,association,0.689,0,non_human,,,,,0.901,,,,
815720395,BookStannis,unknown,,human,1,0,1,5,1 method,association,0.3473,0,human,,,,,0.922,,,,
815720427,alit_en,unknown,,human,1,0,1,5,1 method,association,0.3439,0,human,,,,,0.913,,,,
815720428,JermaBot,unknown,,human,1,0,1,5,1 method,text,0.3361,0,,,,,human,,,,,0.956
815720457,LaudrupsHair,unknown,,human,1,0,1,5,1 method,text,0.3379,0,,,,,human,,,,,0.951
815720485,cyberwolf1655,unknown,,human,1,0,1,5,1 method,text,0.6653,0,,,,,human,,,,,0.904
815720550,or_shamai,unknown,,human,1,0,1,5,1 method,association,0.6797,0,human,,,,,0.922,,,,
815720682,anovicekong,unknown,,human,1,0,1,5,1 method,clustering,0.6683,0,,,human,,,,,0.917,,
815721013,pueblakin,unknown,,non_human,1,0,1,5,1 method,association,0.3531,0,non_human,,,,,0.924,,,,
815721099,grannygettnwise,unknown,,non_human,1,0,1,5,1 method,association,0.6623,0,non_human,,,,,0.953,,,,
815721284,MizzleLive,unknown,,human,1,0,1,5,1 method,text,0.6593,0,,,,,human,,,,,0.927
815721320,followback642,unknown,,non_human,1,0,1,5,1 method,clustering,0.6648,0,,,non_human,,,,,0.956,,
815721332,Perpetual_Khaos,unknown,,human,1,0,1,5,1 method,clustering,0.6591,0,,,human,,,,,0.917,,
815721357,KithinjiKinoti,unknown,,human,1,0,1,5,1 method,text,0.6578,0,,,,,human,,,,,0.917
815721368,Chris_Wilde,unknown,,human,1,0,1,5,1 method,text,0.6645,0,,,,,human,,,,,0.969
815721500,HowardsHungry,unknown,,human,1,0,1,5,1 method,association,0.6765,0,human,,,,,0.907,,,,
815721510,CPMacL2008,unknown,,human,1,0,1,5,1 method,association,0.6784,0,human,,,,,0.909,,,,
815721559,TheStossa,unknown,,human,1,0,1,5,1 method,text,0.6513,0,,,,,human,,,,,0.904
815721656,Ace_999666,unknown,,non_human,1,0,1,5,1 method,clustering,0.3489,0,,,non_human,,,,,0.956,,
815721686,midlandroc,unknown,,non_human,1,0,1,5,1 method,association,1.0,0,non_human,,,,,0.958,,,,
815721698,Darkdrome7,unknown,,human,1,0,1,5,1 method,association,0.3395,0,human,,,,,0.907,,,,
815721760,Noor_Nadal,unknown,,human,1,0,1,5,1 method,text,0.3555,0,,,,,human,,,,,0.946
815721764,Godsh0t,unknown,,human,1,0,1,5,1 method,association,0.3404,0,human,,,,,0.913,,,,
815721840,Br0ly__,unknown,,human,1,0,1,5,1 method,text,0.6663,0,,,,,human,,,,,0.938
815721885,Dstaoirs,unknown,,human,1,0,1,5,1 method,clustering,1.0,0,,,human,,,,,0.917,,
815722168,HFMike,unknown,,human,1,0,1,5,1 method,regression,1.0,0,,,,human,,,,,0.906,
815722270,LilBossIsLife,unknown,,non_human,1,0,1,5,1 method,association,0.6913,0,non_human,,,,,0.992,,,,
815722323,danhowlterphil,unknown,,human,1,0,1,5,1 method,association,0.6771,0,human,,,,,0.909,,,,
815722405,castlextown,unknown,,human,1,0,1,5,1 method,text,0.3359,0,,,,,human,,,,,0.937
815722620,Ateraether,unknown,,human,1,0,1,5,1 method,text,0.6538,0,,,,,human,,,,,0.917
815722688,imLuna_thecat,unknown,,human,1,0,1,5,1 method,text,0.681,0,,,,,human,,,,,0.965
815722779,ConArtCritic,unknown,,human,1,0,1,5,1 method,classification,0.6539,0,,human,,,,,0.928,,,
815722782,MissMyrtle2,unknown,,human,1,0,1,5,1 method,association,0.6642,0,human,,,,,0.909,,,,
815722897,TheRealDeeKay86,unknown,,human,1,0,1,5,1 method,text,0.3375,0,,,,,human,,,,,0.938
815722954,TwirrahEmpire,unknown,,human,1,0,1,5,1 method,association,0.6684,0,human,,,,,0.907,,,,
815722988,sefdsx,unknown,,human,1,0,1,5,1 method,association,0.6618,0,human,,,,,0.907,,,,
815722997,FavMeRyuko,unknown,,human,1,0,1,5,1 method,association,0.6684,0,human,,,,,0.922,,,,
815723133,isentoisento1,unknown,,non_human,1,0,1,5,1 method,association,0.6628,0,non_human,,,,,0.992,,,,
815723145,AWDtwit,unknown,,human,1,0,1,5,1 method,association,0.6415,0,human,,,,,0.907,,,,
815723161,PeeZ_NutZ,unknown,,human,1,0,1,5,1 method,clustering,0.3448,0,,,human,,,,,0.957,,
815723182,TKinBA21,unknown,,human,1,0,1,5,1 method,text,0.6833,0,,,,,human,,,,,0.965
815723190,DoctorOfFizz,unknown,,human,1,0,1,5,1 method,text,0.6761,0,,,,,human,,,,,0.947
815723194,rhexsus,unknown,,human,1,0,1,5,1 method,text,0.6665,0,,,,,human,,,,,0.937
815723346,caballist69,unknown,,human,1,0,1,5,1 method,classification,0.3466,0,,human,,,,,0.904,,,
815723478,sugardadpxyne,unknown,,human,1,0,1,5,1 method,clustering,0.6629,0,,,human,,,,,0.917,,
815723486,drex_hoople,unknown,,human,1,0,1,5,1 method,text,0.6499,0,,,,,human,,,,,0.903
815723668,Twillz6,unknown,,human,1,0,1,5,1 method,clustering,0.6383,0,,,human,,,,,0.917,,
815723751,Otter_Silly,unknown,,human,1,0,1,5,1 method,association,1.0,0,human,,,,,0.907,,,,
815723801,MrRupertBear,unknown,,human,1,0,1,5,1 method,association,0.6632,0,human,,,,,0.907,,,,
815723958,Dzasta_1,unknown,,human,1,0,1,5,1 method,clustering,0.6582,0,,,human,,,,,0.917,,
815723982,Lilamedusa,unknown,,human,1,0,1,5,1 method,text,0.3472,0,,,,,human,,,,,0.972
815723983,NoJihad,unknown,,non_human,1,0,1,5,1 method,association,0.6582,0,non_human,,,,,0.924,,,,
815724029,KingGalaxxy,unknown,,human,1,0,1,5,1 method,text,0.6817,0,,,,,human,,,,,0.901
815724114,DeviantGoddess,unknown,,human,1,0,1,5,1 method,association,1.0,0,human,,,,,0.907,,,,
815724182,aydoganyusuf953,unknown,,non_human,1,0,1,5,1 method,association,0.3407,0,non_human,,,,,0.958,,,,
815724289,r60451,unknown,,human,1,0,1,5,1 method,classification,0.6576,0,,human,,,,,0.932,,,
815724403,dawnjerrene,unknown,,human,1,0,1,5,1 method,association,0.6588,0,human,,,,,0.907,,,,
815724429,Masada1948,unknown,,non_human,1,0,1,5,1 method,association,0.3567,0,non_human,,,,,0.958,,,,
815724543,AoAvessu,unknown,,human,1,0,1,5,1 method,association,0.6524,0,human,,,,,0.947,,,,
815724586,emmybeezyk,unknown,,human,1,0,1,5,1 method,association,0.6552,0,human,,,,,0.907,,,,
815724601,maxqnz,unknown,,human,1,0,1,5,1 method,association,0.6784,0,human,,,,,0.909,,,,
815724689,mudebenufyce,unknown,,human,1,0,1,5,1 method,association,0.346,0,human,,,,,0.907,,,,
815724811,sous_hassoun,unknown,,human,1,0,1,5,1 method,clustering,0.6664,0,,,human,,,,,0.917,,
815724893,_Helst_,unknown,,human,1,0,1,5,1 method,association,0.3695,0,human,,,,,0.94,,,,
815725093,cacucaladip,unknown,,human,1,0,1,5,1 method,association,0.365,0,human,,,,,0.907,,,,
815725096,laurxstyles,unknown,,human,1,0,1,5,1 method,association,0.3447,0,human,,,,,0.933,,,,
815725247,Mpumi_Dope,unknown,,human,1,0,1,5,1 method,association,0.6642,0,human,,,,,0.956,,,,
815725284,louirrie,unknown,,human,1,0,1,5,1 method,clustering,0.3521,0,,,human,,,,,0.957,,
815725567,Lethal_Chef,unknown,,human,1,0,1,5,1 method,text,0.3449,0,,,,,human,,,,,0.926
815725993,olufemisp,unknown,,human,1,0,1,5,1 method,text,0.6684,0,,,,,human,,,,,0.926
815726327,b0redb0t,unknown,,non_human,1,0,1,5,1 method,association,1.0,0,non_human,,,,,0.972,,,,
815726523,roolbrittania,unknown,,human,1,0,1,5,1 method,clustering,0.6575,0,,,human,,,,,0.917,,
815726558,Spats07,unknown,,human,1,0,1,5,1 method,text,0.6593,0,,,,,human,,,,,0.919
815726595,TumCollow,unknown,,non_human,1,0,1,5,1 method,association,0.6417,0,non_human,,,,,0.967,,,,
815726608,BronyDestined,unknown,,human,1,0,1,5,1 method,association,0.6497,0,human,,,,,0.936,,,,
815726807,Le_Musician,unknown,,human,1,0,1,5,1 method,text,0.3469,0,,,,,human,,,,,0.935
815726811,EddieSlain,unknown,,human,1,0,1,5,1 method,clustering,0.3406,0,,,human,,,,,0.917,,
815726910,kmillermaster,unknown,,human,1,0,1,5,1 method,clustering,0.6714,0,,,human,,,,,0.917,,
815727045,GunenaChristian,unknown,,human,1,0,1,5,1 method,classification,0.3419,0,,human,,,,,0.907,,,
815727225,dryborg,unknown,,non_human,1,0,1,5,1 method,association,0.6789,0,non_human,,,,,0.901,,,,
815727239,abufayezm,unknown,,human,1,0,1,5,1 method,association,0.6645,0,human,,,,,0.907,,,,
815727336,5yellowdogdem,unknown,,non_human,1,0,1,5,1 method,association,0.6563,0,non_human,,,,,0.967,,,,
815727406,idawhannadoyou,unknown,,non_human,1,0,1,5,1 method,regression,0.6725,0,,,,non_human,,,,,0.961,
815727686,SL4V4Z4R,unknown,,human,1,0,1,5,1 method,text,0.3551,0,,,,,human,,,,,0.955
815727804,MattLune,unknown,,human,1,0,1,5,1 method,text,0.6609,0,,,,,human,,,,,0.915
815727826,walktherotties,unknown,,human,1,0,1,5,1 method,text,0.6609,0,,,,,human,,,,,0.911
815727936,DoubleDiggur,unknown,,human,1,0,1,5,1 method,association,0.6792,0,human,,,,,0.909,,,,
815727946,That_One_Werido,unknown,,human,1,0,1,5,1 method,classification,0.3576,0,,human,,,,,0.902,,,
815728362,babyfrills,unknown,,human,1,0,1,5,1 method,association,0.3347,0,human,,,,,0.922,,,,
815728484,CrestfallenJay,unknown,,human,1,0,1,5,1 method,clustering,0.6572,0,,,human,,,,,0.917,,
815728546,louptyloups,unknown,,human,1,0,1,5,1 method,association,0.6595,0,human,,,,,0.922,,,,
815728778,BelairePappa,unknown,,human,1,0,1,5,1 method,association,0.3429,0,human,,,,,0.94,,,,
815728795,GmeshKingOfUruk,unknown,,human,1,0,1,5,1 method,association,0.6833,0,human,,,,,0.909,,,,
815729299,Smallnobody,unknown,,human,1,0,1,5,1 method,association,0.6502,0,human,,,,,0.922,,,,
815729689,Codiekitty,unknown,,human,1,0,1,5,1 method,text,0.6676,0,,,,,human,,,,,0.969
815729820,Aileine,unknown,,human,1,0,1,5,1 method,association,0.6651,0,human,,,,,0.909,,,,
815729827,_hopelessmess,unknown,,human,1,0,1,5,1 method,text,0.6595,0,,,,,human,,,,,0.99
815729839,HostofFate,unknown,,human,1,0,1,5,1 method,text,1.0,0,,,,,human,,,,,0.909
815729843,underprop,unknown,,human,1,0,1,5,1 method,text,0.6806,0,,,,,human,,,,,0.943
815729887,falcoIombardi,unknown,,human,1,0,1,5,1 method,association,0.3456,0,human,,,,,0.936,,,,
815729993,wearemadeofstar,unknown,,non_human,1,0,1,5,1 method,regression,0.6868,0,,,,non_human,,,,,0.919,
815730029,DarkArfs,unknown,,human,1,0,1,5,1 method,association,0.6829,0,human,,,,,0.922,,,,
815730128,ikeyoung26,unknown,,non_human,1,0,1,5,1 method,regression,1.0,0,,,,non_human,,,,,0.979,
815730271,LittleTitch89,unknown,,human,1,0,1,5,1 method,text,0.3374,0,,,,,human,,,,,0.962
815730313,BandsMyWeakness,unknown,,human,1,0,1,5,1 method,association,0.6903,0,human,,,,,0.907,,,,
815730331,mongang7777,unknown,,human,1,0,1,5,1 method,text,0.3372,0,,,,,human,,,,,0.959
815730347,Thewill247x,unknown,,human,1,0,1,5,1 method,association,0.3529,0,human,,,,,0.907,,,,
815730406,recoil47,unknown,,non_human,1,0,1,5,1 method,association,1.0,0,non_human,,,,,0.967,,,,
815730570,Malamute_Dad,unknown,,human,1,0,1,5,1 method,regression,0.6589,0,,,,human,,,,,0.934,
815730954,wolfcrane,unknown,,human,1,0,1,5,1 method,text,0.6935,0,,,,,human,,,,,0.906
815730984,EyeAmSMF,unknown,,human,1,0,1,5,1 method,text,0.6707,0,,,,,human,,,,,0.932
815731056,POSH_JOCK,unknown,,human,1,0,1,5,1 method,text,0.6722,0,,,,,human,,,,,0.982
815731128,SloanAsloan1976,unknown,,human,1,0,1,5,1 method,classification,0.6822,0,,human,,,,,0.902,,,
815731178,VerbObject,unknown,,human,1,0,1,5,1 method,text,0.6799,0,,,,,human,,,,,0.986
815731210,PsychedelicFlys,unknown,,human,1,0,1,5,1 method,association,0.644,0,human,,,,,0.907,,,,
815731367,PinkieFanClub,unknown,,human,1,0,1,5,1 method,text,0.6638,0,,,,,human,,,,,0.904
815731429,Cloudy_Cakes,unknown,,human,1,0,1,5,1 method,text,0.6591,0,,,,,human,,,,,0.939
815731497,LumiaW,unknown,,human,1,0,1,5,1 method,association,0.3479,0,human,,,,,0.907,,,,
815731554,TheGrassLizard,unknown,,human,1,0,1,5,1 method,clustering,0.6674,0,,,human,,,,,0.917,,
815731590,ladytzadikkim,unknown,,human,1,0,1,5,1 method,text,0.684,0,,,,,human,,,,,0.941
815731720,cloverbot9000,unknown,,human,1,0,1,5,1 method,classification,1.0,0,,human,,,,,0.938,,,
815731757,ReaperX12191,unknown,,human,1,0,1,5,1 method,classification,0.6705,0,,human,,,,,0.946,,,
815731786,lilniggademon,unknown,,human,1,0,1,5,1 method,text,0.3499,0,,,,,human,,,,,0.923
815731915,Regalchangeling,unknown,,human,1,0,1,5,1 method,text,0.6976,0,,,,,human,,,,,0.905
815732070,Pomes_Porn,unknown,,non_human,1,0,1,5,1 method,association,0.3544,0,non_human,,,,,0.967,,,,
815732072,carol563,unknown,,human,1,0,1,5,1 method,regression,0.6617,0,,,,human,,,,,0.91,
815732186,Teridax,unknown,,human,1,0,1,5,1 method,association,0.6948,0,human,,,,,0.909,,,,
815732255,Astraldesigner,unknown,,human,1,0,1,5,1 method,association,0.3574,0,human,,,,,0.907,,,,
815732399,SoccerMomSyd,unknown,,human,1,0,1,5,1 method,regression,0.6708,0,,,,human,,,,,0.9,
815732714,cathazclawz,unknown,,human,1,0,1,5,1 method,text,0.6523,0,,,,,human,,,,,0.987
815732957,shikyu99,unknown,,human,1,0,1,5,1 method,association,0.6604,0,human,,,,,0.907,,,,
815732992,pdlmma,unknown,,human,1,0,1,5,1 method,association,0.6733,0,human,,,,,0.907,,,,
815733173,ImperialMasters,unknown,,human,1,0,1,5,1 method,association,0.6634,0,human,,,,,0.909,,,,
815733311,MacDoga,unknown,,non_human,1,0,1,5,1 method,association,0.663,0,non_human,,,,,0.924,,,,
815733326,mlp_Myriyan,unknown,,human,1,0,1,5,1 method,text,0.3529,0,,,,,human,,,,,0.963
815733334,MayaDoga,unknown,,non_human,1,0,1,5,1 method,association,0.3459,0,non_human,,,,,0.924,,,,
815733335,DAraGon96,unknown,,human,1,0,1,5,1 method,clustering,0.6543,0,,,human,,,,,0.957,,
815733393,SunMayaR,unknown,,non_human,1,0,1,5,1 method,association,0.678,0,non_human,,,,,0.924,,,,
815733410,Jan_Toah,unknown,,human,1,0,1,5,1 method,text,0.3405,0,,,,,human,,,,,0.9
815733428,lavellans,unknown,,human,1,0,1,5,1 method,association,0.6626,0,human,,,,,0.907,,,,
815733534,oconeeredneck,unknown,,non_human,1,0,1,5,1 method,association,0.6714,0,non_human,,,,,0.924,,,,
815733565,diapphire,unknown,,human,1,0,1,5,1 method,association,0.6631,0,human,,,,,0.907,,,,
815733573,KrysUrb,unknown,,non_human,1,0,1,5,1 method,association,0.3507,0,non_human,,,,,0.951,,,,
815733792,bot_salty,unknown,,human,1,0,1,5,1 method,text,0.6761,0,,,,,human,,,,,0.92
815733822,suzi187,unknown,,human,1,0,1,5,1 method,classification,0.6817,0,,human,,,,,0.931,,,
815733869,phan_mean,unknown,,human,1,0,1,5,1 method,clustering,0.6711,0,,,human,,,,,0.917,,
815733925,FiveWayRevenge,unknown,,human,1,0,1,5,1 method,text,0.6752,0,,,,,human,,,,,0.965
815734125,xelmahdi,unknown,,human,1,0,1,5,1 method,association,1.0,0,human,,,,,0.907,,,,
815734173,carlyebaines,unknown,,human,1,0,1,5,1 method,text,0.6769,0,,,,,human,,,,,0.942
815734245,lemotquitue,unknown,,human,1,0,1,5,1 method,text,0.6427,0,,,,,human,,,,,0.938
815734328,PaganTrillanie,unknown,,human,1,0,1,5,1 method,text,0.3392,0,,,,,human,,,,,0.921
815734349,sloane_m,unknown,,human,1,0,1,5,1 method,text,0.3516,0,,,,,human,,,,,0.911
815734387,kenhhina,unknown,,human,1,0,1,5,1 method,clustering,0.3402,0,,,human,,,,,0.917,,
815734391,kurihiru,unknown,,human,1,0,1,5,1 method,association,1.0,0,human,,,,,0.94,,,,
815734395,NetherGamesRBLX,unknown,,human,1,0,1,5,1 method,association,0.3365,0,human,,,,,0.907,,,,
815734518,KuurusSicarius,unknown,,human,1,0,1,5,1 method,text,0.6668,0,,,,,human,,,,,0.916
815734620,blakeboling8,unknown,,non_human,1,0,1,5,1 method,association,1.0,0,non_human,,,,,0.958,,,,
815734652,mcmahon_josie,unknown,,human,1,0,1,5,1 method,association,0.346,0,human,,,,,0.907,,,,
815734811,_suggcupcake_,unknown,,human,1,0,1,5,1 method,association,0.3521,0,human,,,,,0.907,,,,
815734812,sudIOSGamer,unknown,,human,1,0,1,5,1 method,association,0.3363,0,human,,,,,0.909,,,,
815734824,ancientkir,unknown,,human,1,0,1,5,1 method,association,0.6572,0,human,,,,,0.909,,,,
815734917,SaekoKiller,unknown,,human,1,0,1,5,1 method,association,1.0,0,human,,,,,0.907,,,,
815734953,CaptByDefault,unknown,,human,1,0,1,5,1 method,association,0.6526,0,human,,,,,0.94,,,,
815735091,BuncyTheFrog,unknown,,human,1,0,1,5,1 method,text,0.6503,0,,,,,human,,,,,0.901
815735125,29_Aurora,unknown,,human,1,0,1,5,1 method,classification,0.6587,0,,human,,,,,0.906,,,
815735167,Hemagaj,unknown,,non_human,1,0,1,5,1 method,association,1.0,0,non_human,,,,,0.967,,,,
815735185,FireEmblemSoren,unknown,,human,1,0,1,5,1 method,association,0.6633,0,human,,,,,0.907,,,,
815735251,lncarnatedEvil,unknown,,human,1,0,1,5,1 method,text,0.6881,0,,,,,human,,,,,0.911
815735269,hyuugaclan,unknown,,human,1,0,1,5,1 method,association,0.6596,0,human,,,,,0.907,,,,
815735351,RRipcords,unknown,,human,1,0,1,5,1 method,text,0.6512,0,,,,,human,,,,,0.9
815735396,xLawso42x,unknown,,human,1,0,1,5,1 method,text,0.6708,0,,,,,human,,,,,0.928
815735420,eyeseeusee,unknown,,human,1,0,1,5,1 method,text,0.6651,0,,,,,human,,,,,0.901
815735465,skyfulloufstars,unknown,,human,1,0,1,5,1 method,text,0.3498,0,,,,,human,,,,,0.978
815735587,timothysdrake,unknown,,human,1,0,1,5,1 method,association,0.3402,0,human,,,,,0.936,,,,
815735632,xnotanummyet,unknown,,human,1,0,1,5,1 method,text,0.6696,0,,,,,human,,,,,0.907
815735756,myth61589545,unknown,,non_human,1,0,1,5,1 method,association,0.3507,0,non_human,,,,,0.924,,,,
815735792,nanamimanko,unknown,,human,1,0,1,5,1 method,association,0.6742,0,human,,,,,0.907,,,,
815735930,RealJossy7,unknown,,non_human,1,0,1,5,1 method,association,0.3533,0,non_human,,,,,0.992,,,,
815736031,AraVulletoRosa,unknown,,human,1,0,1,5,1 method,association,1.0,0,human,,,,,0.907,,,,
815736359,Aforextreme,unknown,,human,1,0,1,5,1 method,regression,0.6611,0,,,,human,,,,,0.911,
815736455,BIEBERSXRMADRID,unknown,,human,1,0,1,5,1 method,association,0.3488,0,human,,,,,0.933,,,,
815736590,ThePimpinPuppet,unknown,,human,1,0,1,5,1 method,clustering,0.6758,0,,,human,,,,,0.917,,
815736610,declan_forster,unknown,,human,1,0,1,5,1 method,clustering,0.6474,0,,,human,,,,,0.917,,
815736971,radmadeline,unknown,,human,1,0,1,5,1 method,clustering,0.6711,0,,,human,,,,,0.917,,
815737006,ao_JURUgiul,unknown,,human,1,0,1,5,1 method,association,0.3559,0,human,,,,,0.922,,,,
815737035,mikus1111,unknown,,non_human,1,0,1,5,1 method,association,0.6617,0,non_human,,,,,0.967,,,,
815737121,OkamiNoTsume,unknown,,human,1,0,1,5,1 method,text,0.6779,0,,,,,human,,,,,0.949
815737308,alexpkoch16,unknown,,non_human,1,0,1,5,1 method,association,0.6726,0,non_human,,,,,0.992,,,,
815737310,4Ravenwan,unknown,,non_human,1,0,1,5,1 method,association,0.6766,0,non_human,,,,,0.901,,,,
815737397,Yorkie1200,unknown,,human,1,0,1,5,1 method,association,0.3446,0,human,,,,,0.913,,,,
815737717,solluxtxt,unknown,,human,1,0,1,5,1 method,association,0.6966,0,human,,,,,0.94,,,,
815737728,CK_Kirbi,unknown,,human,1,0,1,5,1 method,text,1.0,0,,,,,human,,,,,0.973
815737736,nurdanyldz18,unknown,,human,1,0,1,5,1 method,association,0.3405,0,human,,,,,0.907,,,,
815737808,pesserine,unknown,,human,1,0,1,5,1 method,clustering,0.6676,0,,,human,,,,,0.917,,
815738097,drondo999,unknown,,non_human,1,0,1,5,1 method,association,0.6587,0,non_human,,,,,0.967,,,,
815738131,logichole,unknown,,human,1,0,1,5,1 method,association,0.3586,0,human,,,,,0.907,,,,
815738178,soycows,unknown,,human,1,0,1,5,1 method,regression,0.6678,0,,,,human,,,,,0.923,
815738242,MORE2CENTS,unknown,,human,1,0,1,5,1 method,clustering,0.6573,0,,,human,,,,,0.917,,
815738248,vjlioi1017,unknown,,non_human,1,0,1,5,1 method,association,0.6717,0,non_human,,,,,0.963,,,,
815738263,_hxmmie,unknown,,human,1,0,1,5,1 method,association,0.3413,0,human,,,,,0.909,,,,
815738418,margih99,unknown,,human,1,0,1,5,1 method,regression,0.3414,0,,,,human,,,,,0.904,
815738447,LizQuenKingdom1,unknown,,non_human,1,0,1,5,1 method,association,0.6769,0,non_human,,,,,0.924,,,,
815738509,TheFattHatt,unknown,,human,1,0,1,5,1 method,clustering,0.6504,0,,,human,,,,,0.917,,
815738719,fawnIings,unknown,,human,1,0,1,5,1 method,classification,0.6721,0,,human,,,,,0.949,,,
815738818,lizquenmoney,unknown,,non_human,1,0,1,5,1 method,association,0.6557,0,non_human,,,,,0.924,,,,
815738910,LeezaMari17,unknown,,non_human,1,0,1,5,1 method,association,0.3527,0,non_human,,,,,0.901,,,,
815738919,lizquenforms,unknown,,non_human,1,0,1,5,1 method,association,0.3428,0,non_human,,,,,0.924,,,,
815738975,HRHQuen,unknown,,non_human,1,0,1,5,1 method,association,0.3426,0,non_human,,,,,0.901,,,,
815738995,ThcVRCHXTCKT,unknown,,human,1,0,1,5,1 method,association,0.6548,0,human,,,,,0.907,,,,
815739028,splatling,unknown,,human,1,0,1,5,1 method,association,1.0,0,human,,,,,0.907,,,,
815739034,singitsa_uchia,unknown,,human,1,0,1,5,1 method,clustering,0.3379,0,,,human,,,,,0.917,,
815739114,ExaltedInigo,unknown,,human,1,0,1,5,1 method,text,0.6587,0,,,,,human,,,,,0.93
815739254,RichardLionhea,unknown,,human,1,0,1,5,1 method,text,0.3466,0,,,,,human,,,,,0.92
815739273,Deer_Head_Xiris,unknown,,human,1,0,1,5,1 method,association,0.3453,0,human,,,,,0.922,,,,
815739308,nairalanding,unknown,,human,1,0,1,5,1 method,text,0.3372,0,,,,,human,,,,,0.909
815739345,suckatsports,unknown,,human,1,0,1,5,1 method,text,0.6734,0,,,,,human,,,,,0.926
815739548,FollowGlobal_00,unknown,,non_human,1,0,1,5,1 method,association,0.6834,0,non_human,,,,,0.972,,,,
