_unit_id,says,score,recorded,votes,split
815719226,human,0.937,human,1,validation
815719227,human,0.955,human,1,test
815719228,human,0.879,human,0,train
815719229,human,0.801,human,0,validation
815719230,non_human,0.613,human,0,test
815719231,human,0.929,human,1,train
815719232,non_human,0.898,non_human,0,train
815719233,human,0.509,human,0,test
815719234,human,0.739,human,0,test
815719235,human,0.75,human,0,train
815719236,human,0.778,non_human,0,validation
815719237,non_human,0.731,non_human,0,train
815719238,human,0.991,human,1,train
815719239,non_human,0.807,non_human,0,validation
815719240,human,0.808,human,0,validation
815719241,human,0.742,human,0,train
815719242,human,0.893,human,0,train
815719243,human,0.889,human,0,test
815719244,human,0.817,human,0,test
815719245,human,0.909,unknown,1,unknown
815719246,human,0.882,human,0,train
815719247,human,0.934,human,1,train
815719248,human,0.833,human,0,train
815719249,human,0.877,human,0,test
815719250,human,0.856,human,0,test
815719251,human,0.939,human,1,test
815719252,non_human,0.534,non_human,0,train
815719253,human,0.896,non_human,0,validation
815719254,human,0.976,human,1,train
815719255,human,0.91,human,1,train
815719256,non_human,0.562,non_human,0,train
815719257,human,0.794,human,0,train
815719258,human,0.886,human,0,train
815719259,human,0.74,human,0,validation
815719260,non_human,0.806,non_human,0,validation
815719261,human,0.635,human,0,train
815719262,non_human,0.667,non_human,0,train
815719263,human,0.931,human,1,validation
815719264,human,0.745,non_human,0,train
815719265,human,0.938,human,1,train
815719266,non_human,0.699,non_human,0,train
815719267,human,0.876,human,0,train
815719268,non_human,0.949,non_human,1,test
815719269,human,0.724,human,0,train
815719270,human,0.833,human,0,validation
815719271,human,0.901,human,1,train
815719272,human,0.717,human,0,test
815719273,human,0.888,human,0,test
815719274,human,0.852,human,0,train
815719275,human,0.522,non_human,0,train
815719276,human,0.721,human,0,train
815719277,non_human,0.628,human,0,train
815719278,non_human,0.761,non_human,0,train
815719279,human,0.78,human,0,train
815719280,human,0.808,human,0,validation
815719281,human,0.842,human,0,test
815719282,non_human,0.676,human,0,test
815719283,non_human,0.557,non_human,0,test
815719284,human,0.784,human,0,train
815719285,non_human,0.691,non_human,0,train
815719286,human,0.84,non_human,0,validation
815719287,human,0.853,human,0,train
815719288,human,0.849,human,0,validation
815719289,human,0.768,human,0,train
815719290,human,0.898,human,0,train
815719292,human,0.748,human,0,test
815719293,human,0.917,human,1,test
815719294,human,0.813,human,0,train
815719295,human,0.893,human,0,train
815719296,non_human,0.704,human,0,test
815719297,non_human,0.612,non_human,0,train
815719298,human,0.954,human,1,train
815719299,human,0.853,human,0,validation
815719300,non_human,0.621,non_human,0,test
815719301,human,0.849,human,0,test
815719302,non_human,0.858,non_human,0,train
815719303,non_human,0.607,human,0,validation
815719304,human,0.953,human,1,train
815719305,human,0.938,human,1,train
815719306,non_human,0.558,human,0,train
815719307,human,0.97,human,1,train
815719308,non_human,0.818,non_human,0,train
815719309,human,0.897,human,0,test
815719310,non_human,0.756,non_human,0,test
815719311,human,0.768,human,0,test
815719312,human,0.969,human,1,train
815719313,human,0.653,human,0,train
815719314,human,0.692,non_human,0,train
815719315,human,0.835,non_human,0,train
815719316,human,0.845,human,0,train
815719317,human,0.536,non_human,0,train
815719318,human,0.653,unknown,0,unknown
815719319,non_human,0.753,non_human,0,test
815719320,human,0.829,human,0,train
815719321,human,0.743,non_human,0,train
815719322,human,0.827,human,0,train
815719323,human,0.644,human,0,train
815719324,non_human,0.85,non_human,0,train
815719325,non_human,0.552,human,0,test
815719326,human,0.894,human,0,train
815719327,human,0.959,human,1,train
815719328,non_human,0.85,non_human,0,train
815719329,human,0.565,human,0,validation
815719330,human,0.598,human,0,validation
815719331,human,0.841,human,0,test
815719332,human,0.767,human,0,train
815719333,non_human,0.779,non_human,0,test
815719334,human,0.779,human,0,train
815719337,human,0.751,human,0,train
815719338,human,0.948,human,1,validation
815719339,human,0.94,human,1,validation
815719340,human,0.937,human,1,train
815719341,non_human,0.503,unknown,0,unknown
815719342,human,0.648,unknown,0,unknown
815719343,human,0.671,human,0,validation
815719344,human,0.899,human,0,train
815719345,human,0.912,human,1,validation
815719346,human,0.89,human,0,train
815719347,non_human,0.833,non_human,0,train
815719348,human,0.801,human,0,train
815719349,non_human,0.701,non_human,0,test
815719350,human,0.633,human,0,train
815719351,non_human,0.706,human,0,validation
815719352,human,0.523,non_human,0,train
815719353,human,0.923,human,1,validation
815719354,human,0.745,human,0,train
815719355,human,0.765,non_human,0,test
815719356,human,0.892,human,0,train
815719357,human,0.868,human,0,train
815719358,human,0.946,human,1,train
815719359,human,0.844,human,0,train
815719360,human,0.502,human,0,train
815719362,non_human,0.719,non_human,0,train
815719364,non_human,0.8,non_human,0,validation
815719365,human,0.911,human,1,train
815719366,human,0.745,human,0,train
815719367,human,0.816,human,0,train
815719368,human,0.807,human,0,train
815719369,human,0.851,human,0,validation
815719370,human,0.622,non_human,0,train
815719371,human,0.818,unknown,0,unknown
815719372,non_human,0.74,non_human,0,train
815719373,human,0.905,human,1,validation
815719374,non_human,0.661,non_human,0,validation
815719375,human,0.873,human,0,train
815719376,human,0.725,non_human,0,train
815719377,human,0.96,human,1,train
815719378,human,0.566,human,0,test
815719379,non_human,0.534,non_human,0,test
815719380,human,0.825,human,0,train
815719381,human,0.902,non_human,1,validation
815719382,human,0.559,human,0,test
815719383,human,0.866,human,0,train
815719385,human,0.882,human,0,train
815719386,human,0.671,non_human,0,test
815719387,human,0.819,human,0,train
815719388,human,0.806,human,0,train
815719389,human,0.899,human,0,train
815719390,human,0.673,unknown,0,unknown
815719391,human,0.662,human,0,train
815719392,human,0.885,human,0,validation
815719393,human,0.86,human,0,train
815719394,non_human,0.961,non_human,1,validation
815719395,non_human,0.574,non_human,0,validation
815719396,human,0.934,non_human,1,test
815719397,human,0.602,non_human,0,train
815719398,human,0.758,human,0,validation
815719399,non_human,0.932,non_human,1,validation
815719400,human,0.639,non_human,0,train
815719401,human,0.91,human,1,validation
815719402,non_human,0.857,non_human,0,test
815719403,human,0.823,human,0,train
815719404,human,0.983,human,1,train
815719405,human,0.853,human,0,train
815719406,human,0.94,human,1,train
815719409,non_human,0.899,non_human,0,test
815719410,human,0.955,human,1,train
815719411,non_human,0.871,non_human,0,train
815719412,human,0.743,human,0,train
815719413,human,0.905,human,1,train
815719414,non_human,0.727,human,0,train
815719415,human,0.799,human,0,train
815719416,human,0.83,non_human,0,test
815719417,human,0.683,non_human,0,train
815719418,human,0.853,human,0,test
815719419,human,0.683,human,0,train
815719420,non_human,0.575,non_human,0,train
815719421,human,0.888,human,0,test
815719422,human,0.872,human,0,validation
815719423,human,0.817,unknown,0,unknown
815719424,human,0.566,human,0,train
815719425,human,0.914,human,1,train
815719426,non_human,0.663,non_human,0,validation
815719427,human,0.782,unknown,0,unknown
815719428,human,0.51,non_human,0,test
815719429,human,0.712,human,0,train
815719430,human,0.877,human,0,test
815719431,human,0.935,non_human,1,train
815719432,human,0.993,human,1,validation
815719433,non_human,0.825,non_human,0,train
815719434,human,0.933,human,1,train
815719435,non_human,0.908,non_human,1,validation
815719436,non_human,0.929,non_human,1,train
815719437,non_human,0.658,non_human,0,test
815719438,human,0.937,human,1,train
815719439,human,0.855,human,0,test
815719440,human,0.97,human,1,validation
815719441,human,0.714,human,0,validation
815719442,human,0.978,human,1,validation
815719443,human,0.862,human,0,train
815719444,human,0.9,human,1,train
815719445,human,0.796,human,0,test
815719446,human,0.888,human,0,test
815719447,human,0.665,human,0,test
815719448,human,0.689,human,0,validation
815719449,human,0.569,unknown,0,unknown
815719450,human,0.798,human,0,train
815719451,human,0.939,human,1,test
815719452,human,0.718,human,0,validation
815719453,human,0.913,human,1,train
815719454,non_human,0.619,non_human,0,train
815719455,human,0.902,human,1,train
815719456,human,0.864,human,0,validation
815719457,human,0.924,human,1,train
815719458,human,0.933,human,1,train
815719459,non_human,0.824,non_human,0,train
815719460,human,0.647,human,0,train
815719461,human,0.541,non_human,0,validation
815719462,human,0.749,non_human,0,validation
815719463,human,0.871,human,0,train
815719464,human,0.884,human,0,train
815719465,human,0.868,human,0,train
815719466,human,0.844,human,0,validation
815719467,human,0.689,human,0,train
815719468,non_human,0.866,non_human,0,test
815719469,human,0.89,human,0,train
815719470,human,0.94,unknown,1,unknown
815719471,human,0.833,human,0,test
815719472,human,0.976,human,1,train
815719473,human,0.984,human,1,train
815719474,human,0.885,human,0,train
815719475,human,0.827,non_human,0,validation
815719476,human,0.623,non_human,0,validation
815719477,human,0.969,human,1,test
815719478,non_human,0.648,non_human,0,train
815719479,human,0.879,human,0,validation
815719480,human,0.763,unknown,0,unknown
815719481,human,0.64,human,0,train
815719482,non_human,0.578,non_human,0,train
815719483,human,0.862,human,0,test
815719484,non_human,0.629,non_human,0,train
815719485,human,0.628,non_human,0,train
815719486,human,0.952,human,1,train
815719487,human,0.97,human,1,validation
815719488,human,0.921,human,1,test
815719489,human,0.561,human,0,train
815719490,human,0.833,human,0,test
815719491,human,0.877,human,0,train
815719492,human,0.872,human,0,train
815719493,human,0.984,human,1,train
815719495,non_human,0.597,non_human,0,train
815719496,human,0.778,human,0,train
815719497,human,0.888,human,0,test
815719498,non_human,0.917,non_human,1,validation
815719499,non_human,0.502,non_human,0,train
815719500,human,0.897,human,0,train
815719501,human,0.625,human,0,validation
815719502,human,0.905,human,1,train
815719503,non_human,0.694,human,0,test
815719504,non_human,0.657,non_human,0,train
815719505,non_human,0.8,non_human,0,test
815719506,human,0.845,human,0,validation
815719507,human,0.959,human,1,train
815719508,human,0.955,human,1,test
815719509,human,0.853,human,0,validation
815719510,non_human,0.586,human,0,validation
815719511,non_human,0.634,human,0,validation
815719512,human,0.551,non_human,0,train
815719513,human,0.984,human,1,train
815719514,human,0.82,human,0,train
815719515,human,0.773,human,0,train
815719517,human,0.763,human,0,train
815719518,human,0.571,human,0,validation
815719519,human,0.865,human,0,test
815719520,human,0.775,non_human,0,train
815719521,non_human,0.546,non_human,0,train
815719522,human,0.865,human,0,train
815719523,human,0.966,human,1,validation
815719524,human,0.565,non_human,0,test
815719525,human,0.86,human,0,test
815719527,human,0.587,non_human,0,validation
815719528,non_human,0.663,non_human,0,train
815719529,human,0.889,human,0,train
815719531,human,0.93,human,1,validation
815719532,human,0.796,human,0,validation
815719533,human,0.865,human,0,validation
815719534,human,0.754,human,0,train
815719535,human,0.972,human,1,validation
815719536,human,0.568,human,0,test
815719537,human,0.818,human,0,test
815719538,human,0.868,human,0,test
815719539,human,0.532,human,0,validation
815719540,human,0.855,unknown,0,unknown
815719541,human,0.863,human,0,validation
815719542,human,0.822,human,0,train
815719543,human,0.97,human,1,validation
815719544,human,0.801,human,0,train
815719545,human,0.933,human,1,train
815719546,human,0.881,human,0,train
815719547,human,0.865,human,0,train
815719548,non_human,0.901,non_human,1,validation
815719549,non_human,0.744,non_human,0,train
815719551,human,0.83,human,0,test
815719553,human,0.865,human,0,validation
815719554,human,0.883,human,0,validation
815719555,human,0.95,human,1,validation
815719556,human,0.538,non_human,0,train
815719557,non_human,0.94,non_human,1,train
815719558,human,0.872,human,0,train
815719559,human,0.914,unknown,1,unknown
815719560,human,0.756,human,0,train
815719561,human,0.805,non_human,0,test
815719562,human,0.846,human,0,train
815719563,human,0.897,human,0,train
815719564,human,0.957,human,1,train
815719565,human,0.966,human,1,train
815719566,human,0.666,human,0,test
815719567,human,0.814,human,0,test
815719568,human,0.741,human,0,test
815719570,human,0.763,human,0,train
815719571,human,0.803,human,0,test
815719572,human,0.625,human,0,train
815719573,human,0.522,non_human,0,train
815719574,human,0.824,human,0,test
815719575,human,0.775,human,0,train
815719576,human,0.686,non_human,0,validation
815719577,human,0.7,non_human,0,validation
815719579,human,0.675,human,0,test
815719580,human,0.868,human,0,train
815719581,human,0.974,non_human,1,test
815719582,human,0.925,human,1,train
815719583,human,0.712,human,0,train
815719584,human,0.79,human,0,train
815719585,non_human,0.898,non_human,0,validation
815719587,human,0.519,non_human,0,train
815719588,human,0.936,human,1,train
815719589,human,0.567,human,0,test
815719590,non_human,0.589,non_human,0,train
815719591,human,0.675,non_human,0,train
815719592,human,0.905,human,1,validation
815719593,human,0.625,human,0,validation
815719594,human,0.86,human,0,train
815719595,human,0.816,human,0,train
815719596,human,0.724,human,0,test
815719597,human,0.822,non_human,0,test
815719598,human,0.91,human,1,test
815719599,human,0.808,human,0,validation
815719600,non_human,0.605,non_human,0,train
815719601,human,0.929,human,1,train
815719602,human,0.95,human,1,train
815719603,non_human,0.885,non_human,0,train
815719604,human,0.902,human,1,train
815719605,non_human,0.574,non_human,0,train
815719607,human,0.927,human,1,test
815719608,non_human,0.73,non_human,0,train
815719609,non_human,0.761,non_human,0,train
815719610,human,0.871,human,0,train
815719611,non_human,0.559,non_human,0,validation
815719612,human,0.845,human,0,train
815719613,non_human,0.694,non_human,0,validation
815719614,human,0.969,human,1,train
815719615,human,0.91,human,1,test
815719616,human,0.869,unknown,0,unknown
815719617,human,0.638,human,0,train
815719618,human,0.908,human,1,validation
815719619,human,0.874,non_human,0,validation
815719620,human,0.95,human,1,train
815719621,human,0.903,human,1,test
815719622,human,0.948,human,1,train
815719623,non_human,0.808,human,0,validation
815719624,human,0.832,human,0,validation
815719625,human,0.841,human,0,train
815719626,non_human,0.82,non_human,0,test
815719627,human,0.791,human,0,validation
815719628,human,0.943,human,1,train
815719629,human,0.648,human,0,test
815719630,human,0.929,human,1,train
815719631,human,0.916,human,1,train
815719632,human,0.845,human,0,train
815719633,human,0.663,unknown,0,unknown
815719634,non_human,0.534,human,0,train
815719635,human,0.851,human,0,test
815719636,human,0.815,human,0,train
815719637,non_human,0.791,non_human,0,test
815719638,human,0.783,human,0,test
815719639,human,0.721,human,0,test
815719640,human,0.827,human,0,validation
815719641,human,0.941,unknown,1,unknown
815719642,non_human,0.678,non_human,0,train
815719643,non_human,0.601,non_human,0,train
815719644,human,0.754,human,0,test
815719645,non_human,0.695,non_human,0,train
815719646,human,0.657,human,0,train
815719647,non_human,0.609,non_human,0,train
815719648,non_human,0.841,non_human,0,train
815719649,human,0.707,non_human,0,validation
815719650,human,0.897,human,0,train
815719651,non_human,0.725,non_human,0,train
815719652,human,0.634,human,0,test
815719653,non_human,0.615,non_human,0,train
815719654,human,0.836,human,0,test
815719656,human,0.883,human,0,test
815719657,non_human,0.936,non_human,1,test
815719658,human,0.903,human,1,train
815719659,non_human,0.567,human,0,validation
815719660,human,0.582,non_human,0,train
815719662,human,0.947,human,1,validation
815719663,human,0.88,human,0,train
815719664,human,0.531,non_human,0,train
815719665,non_human,0.667,non_human,0,test
815719666,non_human,0.737,non_human,0,train
815719667,human,0.726,human,0,train
815719668,human,0.901,human,1,test
815719669,human,0.882,human,0,train
815719670,human,0.831,human,0,train
815719671,human,0.964,human,1,train
815719672,human,0.901,human,1,train
815719673,non_human,0.804,non_human,0,train
815719674,human,0.98,human,1,train
815719675,non_human,0.784,non_human,0,validation
815719676,human,0.891,human,0,train
815719677,human,0.895,human,0,validation
815719678,human,0.937,human,1,test
815719679,human,0.704,human,0,train
815719680,human,0.887,human,0,train
815719683,human,0.768,non_human,0,validation
815719684,non_human,0.897,non_human,0,train
815719685,non_human,0.876,non_human,0,train
815719686,human,0.71,non_human,0,train
815719687,non_human,0.836,non_human,0,train
815719688,human,0.934,human,1,train
815719689,human,0.869,human,0,train
815719690,non_human,0.768,non_human,0,test
815719691,non_human,0.613,non_human,0,validation
815719692,human,0.682,non_human,0,validation
815719693,human,0.534,non_human,0,train
815719694,non_human,0.93,non_human,1,train
815719695,human,0.823,human,0,train
815719696,human,0.935,human,1,train
815719697,non_human,0.81,non_human,0,train
815719698,human,0.882,human,0,train
815719699,human,0.701,non_human,0,train
815719700,non_human,0.635,non_human,0,train
815719701,human,0.885,human,0,train
815719702,non_human,0.88,non_human,0,train
815719703,human,0.799,unknown,0,unknown
815719704,non_human,0.984,non_human,1,test
815719705,human,0.665,human,0,train
815719706,non_human,0.77,non_human,0,train
815719708,human,0.973,human,1,test
815719709,non_human,0.648,non_human,0,train
815719711,non_human,0.967,non_human,1,train
815719712,human,0.743,human,0,train
815719713,non_human,0.737,non_human,0,train
815719714,non_human,0.783,non_human,0,train
815719715,human,0.895,human,0,test
815719716,human,0.624,human,0,test
815719717,human,0.907,unknown,1,unknown
815719718,human,0.902,unknown,1,unknown
815719719,human,0.94,human,1,train
815719720,non_human,0.847,non_human,0,validation
815719721,human,0.969,human,1,train
815719722,non_human,0.64,non_human,0,validation
815719724,human,0.5,human,0,train
815719725,human,0.751,human,0,train
815719726,human,0.909,human,1,test
815719728,human,0.896,human,0,test
815719729,human,0.911,human,1,train
815719730,human,0.921,human,1,train
815719731,human,0.842,human,0,validation
815719732,human,0.867,human,0,train
815719733,human,0.769,unknown,0,unknown
815719734,human,0.945,human,1,test
815719735,human,0.961,human,1,train
815719736,human,0.93,human,1,train
815719737,human,0.894,human,0,train
815719738,human,0.925,human,1,train
815719739,human,0.77,human,0,validation
815719740,non_human,0.737,non_human,0,train
815719741,non_human,0.807,non_human,0,validation
815719742,human,0.951,human,1,validation
815719743,human,0.863,human,0,train
815719744,non_human,0.584,non_human,0,train
815719745,human,0.979,human,1,validation
815719746,human,0.92,human,1,test
815719747,non_human,0.51,unknown,0,unknown
815719748,human,0.88,human,0,train
815719749,human,0.909,human,1,test
815719750,human,0.704,human,0,train
815719751,human,0.634,non_human,0,validation
815719752,human,0.929,human,1,validation
815719753,human,0.782,unknown,0,unknown
815719754,human,0.954,human,1,train
815719755,non_human,0.71,non_human,0,train
815719756,non_human,0.878,non_human,0,train
815719757,human,0.908,human,1,validation
815719758,non_human,0.841,non_human,0,train
815719759,human,0.925,human,1,train
815719760,human,0.714,human,0,validation
815719761,human,0.88,human,0,train
815719762,non_human,0.669,unknown,0,unknown
815719763,human,0.895,unknown,0,unknown
815719764,non_human,0.77,non_human,0,train
815719765,human,0.773,human,0,test
815719766,human,0.969,human,1,test
815719767,human,0.813,unknown,0,unknown
815719769,human,0.72,human,0,validation
815719770,human,0.72,non_human,0,validation
815719771,human,0.907,human,1,train
815719772,human,0.689,unknown,0,unknown
815719773,human,0.805,human,0,validation
815719774,human,0.915,human,1,validation
815719775,non_human,0.989,human,1,test
815719776,human,0.93,non_human,1,validation
815719777,human,0.72,non_human,0,validation
815719778,non_human,0.934,non_human,1,train
815719779,human,0.772,non_human,0,train
815719780,human,0.962,human,1,validation
815719781,human,0.895,human,0,train
815719782,human,0.904,human,1,train
815719783,human,0.831,human,0,validation
815719784,human,0.941,human,1,validation
815719785,non_human,0.614,human,0,test
815719786,human,0.963,human,1,test
815719787,human,0.805,human,0,validation
815719788,human,0.936,human,1,test
815719790,human,0.837,human,0,train
815719791,human,0.923,human,1,test
815719792,human,0.945,human,1,test
815719793,human,0.898,human,0,train
815719794,human,0.768,non_human,0,train
815719795,human,0.968,human,1,train
815719796,human,0.802,human,0,validation
815719797,human,0.74,non_human,0,test
815719798,human,0.831,non_human,0,test
815719799,human,0.969,unknown,1,unknown
815719800,human,0.602,non_human,0,train
815719801,non_human,0.562,unknown,0,unknown
815719802,non_human,0.544,non_human,0,train
815719803,human,0.908,human,1,train
815719804,human,0.889,human,0,validation
815719805,non_human,0.99,non_human,1,train
815719806,human,0.876,human,0,train
815719807,human,0.514,non_human,0,test
815719808,non_human,0.81,non_human,0,test
815719809,human,0.869,human,0,validation
815719811,human,0.72,unknown,0,unknown
815719812,non_human,0.807,human,0,validation
815719813,human,0.72,unknown,0,unknown
815719814,non_human,0.533,non_human,0,train
815719815,human,0.72,unknown,0,unknown
815719816,human,0.72,human,0,validation
815719817,human,0.72,non_human,0,validation
815719818,human,0.72,non_human,0,validation
815719819,human,0.72,human,0,train
815719820,human,0.72,non_human,0,test
815719821,human,0.669,human,0,train
815719822,human,0.918,human,1,validation
815719823,human,0.72,human,0,validation
815719824,human,0.652,human,0,train
815719825,human,0.72,unknown,0,unknown
815719826,human,0.971,human,1,test
815719827,human,0.918,human,1,test
815719829,human,0.72,human,0,test
815719830,human,0.72,non_human,0,train
815719831,human,0.72,non_human,0,train
815719832,human,0.736,non_human,0,train
815719833,human,0.606,human,0,validation
815719834,human,0.811,human,0,train
815719835,human,0.815,human,0,train
815719836,non_human,0.912,non_human,1,train
815719837,non_human,0.736,human,0,validation
815719838,human,0.887,unknown,0,unknown
815719839,human,0.898,human,0,train
815719840,human,0.681,human,0,train
815719841,human,0.826,human,0,train
815719842,human,0.72,unknown,0,unknown
815719843,human,0.695,human,0,train
815719844,human,0.72,human,0,test
815719845,non_human,0.596,non_human,0,validation
815719846,human,0.829,human,0,test
815719847,human,0.599,human,0,validation
815719848,human,0.87,human,0,train
815719849,human,0.921,human,1,train
815719850,human,0.956,unknown,1,unknown
815719851,human,0.851,human,0,train
815719852,human,0.752,human,0,test
815719853,human,0.897,human,0,train
815719854,human,0.817,human,0,train
815719855,human,0.922,human,1,train
815719856,human,0.695,non_human,0,validation
815719857,human,0.688,non_human,0,test
815719858,human,0.949,human,1,train
815719860,human,0.963,human,1,train
815719861,human,0.876,unknown,0,unknown
815719862,non_human,0.892,non_human,0,validation
815719863,human,0.774,non_human,0,train
815719864,human,0.902,human,1,train
815719865,human,0.843,human,0,test
815719866,human,0.813,human,0,train
815719867,human,0.938,human,1,train
815719869,human,0.829,human,0,test
815719870,human,0.957,human,1,train
815719871,human,0.763,non_human,0,train
815719872,human,0.879,human,0,train
815719873,human,0.552,human,0,train
815719874,human,0.785,human,0,validation
815719875,human,0.815,human,0,test
815719876,human,0.935,human,1,train
815719877,non_human,0.649,non_human,0,train
815719878,human,0.922,human,1,train
815719879,human,0.867,human,0,train
815719880,human,0.812,human,0,train
815719881,human,0.751,human,0,test
815719882,human,0.927,human,1,train
815719883,human,0.648,human,0,train
815719884,human,0.856,human,0,train
815719885,human,0.848,human,0,train
815719886,human,0.859,human,0,test
815719888,non_human,0.692,non_human,0,train
815719889,human,0.903,human,1,validation
815719890,human,0.844,human,0,train
815719891,human,0.829,human,0,train
815719892,human,0.949,human,1,test
815719893,human,0.908,human,1,validation
815719894,non_human,0.671,non_human,0,validation
815719895,human,0.596,human,0,train
815719896,human,0.838,human,0,train
815719897,human,0.907,human,1,train
815719898,human,0.618,unknown,0,unknown
815719899,human,0.931,human,1,train
815719900,non_human,0.532,human,0,train
815719901,human,0.72,human,0,validation
815719902,human,0.809,human,0,validation
815719903,human,0.97,human,1,train
815719904,human,0.865,human,0,train
815719906,human,0.756,non_human,0,train
815719907,human,0.654,non_human,0,train
815719909,human,0.874,human,0,test
815719910,human,0.802,unknown,0,unknown
815719911,human,0.543,non_human,0,train
815719912,human,0.719,human,0,train
815719913,human,0.873,human,0,train
815719914,human,0.908,human,1,validation
815719915,human,0.793,unknown,0,unknown
815719916,human,0.719,human,0,validation
815719917,human,0.899,unknown,0,unknown
815719918,non_human,0.642,non_human,0,train
815719919,non_human,0.522,human,0,test
815719920,human,0.521,non_human,0,train
815719921,human,0.776,human,0,train
815719922,human,0.632,human,0,validation
815719923,human,0.857,human,0,train
815719924,human,0.955,human,1,train
815719925,non_human,0.53,non_human,0,train
815719926,human,0.826,human,0,train
815719927,human,0.875,human,0,train
815719928,human,0.923,unknown,1,unknown
815719929,non_human,0.87,non_human,0,train
815719930,human,0.672,non_human,0,train
815719931,human,0.958,human,1,train
815719932,human,0.744,human,0,test
815719933,human,0.738,human,0,train
815719934,non_human,0.968,non_human,1,train
815719935,human,0.828,human,0,train
815719936,human,0.954,human,1,test
815719937,human,0.786,non_human,0,train
815719938,human,0.806,human,0,train
815719939,human,0.936,human,1,train
815719940,human,0.525,non_human,0,train
815719941,human,0.849,human,0,validation
815719943,human,0.521,human,0,test
815719944,human,0.872,human,0,train
815719945,human,0.932,human,1,train
815719946,non_human,0.759,non_human,0,train
815719947,non_human,0.791,non_human,0,train
815719948,human,0.793,human,0,train
815719949,human,0.839,non_human,0,train
815719950,human,0.905,human,1,test
815719951,human,0.887,human,0,train
815719952,human,0.804,human,0,validation
815719953,human,0.716,human,0,validation
815719954,human,0.913,human,1,train
815719955,human,0.888,human,0,train
815719957,human,0.784,human,0,train
815719958,human,0.988,human,1,test
815719959,human,0.715,human,0,train
815719960,human,0.938,human,1,test
815719961,human,0.683,human,0,validation
815719962,human,0.798,human,0,train
815719963,human,0.956,human,1,train
815719964,human,0.685,unknown,0,unknown
815719965,non_human,0.725,non_human,0,test
815719966,human,0.614,non_human,0,train
815719967,human,0.916,human,1,test
815719968,human,0.96,human,1,train
815719969,human,0.63,human,0,validation
815719970,non_human,0.917,non_human,1,test
815719971,human,0.902,human,1,test
815719972,human,0.983,human,1,validation
815719973,human,0.701,human,0,validation
815719974,human,0.669,unknown,0,unknown
815719975,human,0.92,human,1,train
815719976,human,0.928,human,1,validation
815719977,human,0.899,human,0,train
815719979,human,0.772,human,0,train
815719980,non_human,0.676,non_human,0,train
815719981,human,0.828,human,0,train
815719982,non_human,0.507,non_human,0,test
815719983,human,0.943,human,1,train
815719984,human,0.97,human,1,train
815719985,human,0.931,human,1,train
815719986,human,0.986,human,1,validation
815719987,human,0.843,human,0,train
815719988,human,0.933,human,1,train
815719989,human,0.933,human,1,test
815719990,human,0.874,human,0,train
815719991,non_human,0.899,non_human,0,validation
815719992,non_human,0.503,non_human,0,train
815719994,human,0.931,human,1,test
815719995,human,0.867,human,0,train
815719996,human,0.828,human,0,validation
815719997,human,0.621,non_human,0,train
815719999,human,0.859,human,0,train
815720000,human,0.7,human,0,train
815720001,human,0.837,human,0,test
815720002,human,0.959,human,1,validation
815720003,human,0.734,non_human,0,validation
815720004,human,0.954,unknown,1,unknown
815720005,non_human,0.81,non_human,0,train
815720006,human,0.791,human,0,test
815720007,non_human,0.551,human,0,validation
815720008,human,0.959,human,1,train
815720009,human,0.629,human,0,validation
815720010,human,0.851,human,0,train
815720011,human,0.641,human,0,train
815720012,human,0.979,human,1,train
815720013,human,0.845,human,0,train
815720014,human,0.925,non_human,1,train
815720015,human,0.93,human,1,test
815720016,human,0.94,human,1,test
815720017,human,0.892,human,0,test
815720018,human,0.584,human,0,test
815720019,human,0.736,human,0,train
815720020,human,0.765,human,0,test
815720021,non_human,0.799,non_human,0,train
815720022,human,0.659,human,0,train
815720023,human,0.975,human,1,test
815720024,human,0.934,human,1,train
815720025,non_human,0.796,non_human,0,test
815720026,human,0.9,human,1,train
815720027,human,0.817,human,0,train
815720028,human,0.978,human,1,train
815720029,human,0.943,human,1,train
815720030,human,0.872,human,0,train
815720031,human,0.89,human,0,train
815720032,human,0.67,human,0,test
815720033,human,0.874,human,0,train
815720034,human,0.526,non_human,0,train
815720035,human,0.852,human,0,validation
815720036,human,0.918,human,1,train
815720037,human,0.635,human,0,validation
815720038,human,0.914,human,1,train
815720039,human,0.878,human,0,train
815720040,human,0.86,non_human,0,test
815720041,human,0.836,non_human,0,train
815720042,human,0.863,human,0,train
815720043,human,0.821,human,0,test
815720044,human,0.785,human,0,train
815720045,non_human,0.774,non_human,0,train
815720046,human,0.598,non_human,0,train
815720047,non_human,0.686,non_human,0,validation
815720048,human,0.549,human,0,test
815720049,human,0.818,human,0,train
815720050,human,0.94,human,1,train
815720051,non_human,0.71,human,0,test
815720052,human,0.552,non_human,0,validation
815720053,human,0.802,non_human,0,train
815720054,human,0.813,non_human,0,validation
815720055,human,0.93,human,1,train
815720056,human,0.978,human,1,train
815720057,human,0.669,human,0,train
815720058,human,0.886,human,0,validation
815720059,human,0.728,human,0,test
815720060,human,0.745,human,0,train
815720061,human,0.763,human,0,validation
815720063,human,0.954,human,1,train
815720064,human,0.791,human,0,validation
815720065,human,0.827,human,0,train
815720066,human,0.851,human,0,train
815720067,human,0.68,non_human,0,train
815720068,human,0.759,non_human,0,train
815720069,non_human,0.762,non_human,0,train
815720070,human,0.822,non_human,0,test
815720071,human,0.684,human,0,train
815720072,human,0.652,non_human,0,validation
815720073,human,0.911,human,1,train
815720074,human,0.796,human,0,train
815720075,human,0.918,unknown,1,unknown
815720076,human,0.945,human,1,train
815720077,human,0.839,human,0,test
815720078,non_human,0.727,non_human,0,train
815720079,human,0.839,human,0,train
815720080,human,0.534,human,0,validation
815720081,human,0.777,human,0,train
815720082,human,0.769,human,0,test
815720083,non_human,0.907,non_human,1,validation
815720084,non_human,0.88,non_human,0,train
815720085,human,0.868,human,0,test
815720086,non_human,0.531,non_human,0,train
815720087,non_human,0.524,non_human,0,train
815720088,non_human,0.758,non_human,0,train
815720089,human,0.819,non_human,0,validation
815720090,human,0.937,human,1,train
815720091,human,0.942,human,1,train
815720092,human,0.787,human,0,train
815720093,human,0.866,human,0,test
815720094,human,0.774,human,0,validation
815720095,human,0.843,human,0,validation
815720096,human,0.787,human,0,train
815720097,human,0.836,human,0,train
815720098,human,0.903,human,1,test
815720099,human,0.886,human,0,validation
815720100,human,0.709,human,0,train
815720101,human,0.909,human,1,validation
815720102,human,0.584,human,0,train
815720103,human,0.701,human,0,train
815720104,human,0.577,non_human,0,train
815720105,human,0.858,human,0,train
815720106,human,0.922,human,1,train
815720107,human,0.795,non_human,0,train
815720108,human,0.851,human,0,validation
815720110,human,0.723,human,0,validation
815720111,human,0.861,human,0,train
815720112,human,0.911,human,1,validation
815720113,human,0.96,human,1,train
815720114,human,0.94,non_human,1,validation
815720115,human,0.534,non_human,0,train
815720116,human,0.876,human,0,train
815720118,human,0.86,human,0,train
815720119,human,0.799,human,0,train
815720120,non_human,0.9,non_human,1,test
815720121,human,0.774,non_human,0,test
815720122,human,0.795,human,0,train
815720123,human,0.905,human,1,train
815720124,human,0.901,human,1,train
815720125,human,0.93,human,1,test
815720126,human,0.801,human,0,train
815720127,human,0.836,human,0,validation
815720128,human,0.955,human,1,train
815720131,non_human,0.847,non_human,0,train
815720132,human,0.896,human,0,validation
815720133,human,0.862,human,0,train
815720134,human,0.652,human,0,train
815720135,human,0.808,human,0,train
815720136,human,0.912,human,1,test
815720137,human,0.972,human,1,train
815720138,human,0.921,human,1,validation
815720139,human,0.533,human,0,train
815720140,human,0.942,human,1,train
815720141,non_human,0.824,non_human,0,validation
815720142,non_human,0.644,human,0,train
815720143,human,0.917,human,1,train
815720144,human,0.904,human,1,train
815720145,non_human,0.758,non_human,0,test
815720146,human,0.749,human,0,train
815720147,human,0.864,human,0,test
815720148,human,0.593,human,0,test
815720149,human,0.712,human,0,train
815720150,human,0.783,human,0,test
815720151,human,0.748,human,0,train
815720153,human,0.868,human,0,validation
815720154,human,0.617,non_human,0,train
815720155,human,0.874,human,0,validation
815720156,human,0.675,non_human,0,train
815720158,human,0.598,human,0,test
815720159,human,0.833,human,0,train
815720160,human,0.884,human,0,train
815720161,human,0.917,human,1,train
815720162,human,0.783,human,0,train
815720163,human,0.807,human,0,train
815720164,human,0.936,human,1,train
815720165,human,0.953,human,1,train
815720166,human,0.703,unknown,0,unknown
815720167,human,0.852,human,0,validation
815720168,human,0.88,human,0,train
815720169,non_human,0.679,human,0,train
815720170,human,0.824,human,0,train
815720171,human,0.831,human,0,train
815720172,non_human,0.903,non_human,1,test
815720173,non_human,0.576,human,0,train
815720174,human,0.784,human,0,test
815720175,human,0.946,human,1,train
815720176,human,0.779,non_human,0,train
815720177,human,0.764,non_human,0,train
815720178,non_human,0.617,non_human,0,train
815720179,human,0.876,human,0,train
815720180,human,0.835,human,0,train
815720181,human,0.832,human,0,train
815720182,human,0.765,human,0,validation
815720183,human,0.661,human,0,train
815720184,non_human,0.79,unknown,0,unknown
815720185,non_human,0.763,non_human,0,train
815720186,human,0.958,human,1,train
815720187,human,0.531,human,0,validation
815720188,human,0.992,human,1,train
815720189,human,0.933,human,1,train
815720190,human,0.878,human,0,train
815720191,human,0.827,unknown,0,unknown
815720192,non_human,0.846,non_human,0,train
815720193,non_human,0.914,non_human,1,test
815720194,human,0.8,non_human,0,validation
815720195,human,0.932,human,1,test
815720196,human,0.966,human,1,test
815720197,human,0.728,non_human,0,train
815720198,human,0.642,human,0,validation
815720199,human,0.677,non_human,0,test
815720200,human,0.949,human,1,train
815720201,non_human,0.887,non_human,0,train
815720202,human,0.778,human,0,train
815720203,human,0.907,human,1,train
815720204,human,0.917,human,1,train
815720205,human,0.679,non_human,0,train
815720206,non_human,0.541,non_human,0,test
815720207,human,0.801,human,0,train
815720208,non_human,0.888,non_human,0,train
815720209,human,0.736,non_human,0,test
815720210,human,0.681,human,0,validation
815720212,human,0.943,human,1,test
815720213,non_human,0.581,non_human,0,validation
815720214,human,0.956,human,1,train
815720215,human,0.729,human,0,validation
815720216,human,0.752,human,0,validation
815720217,human,0.754,non_human,0,test
815720218,human,0.909,human,1,train
815720219,human,0.984,human,1,train
815720220,human,0.884,human,0,train
815720221,human,0.861,human,0,test
815720222,human,0.901,human,1,train
815720223,human,0.798,human,0,train
815720224,human,0.702,human,0,train
815720225,human,0.617,human,0,train
815720226,non_human,0.71,unknown,0,unknown
815720227,human,0.543,non_human,0,train
815720228,human,0.712,non_human,0,test
815720229,non_human,0.93,non_human,1,test
815720230,human,0.834,human,0,train
815720233,human,0.87,unknown,0,unknown
815720234,non_human,0.634,non_human,0,train
815720235,human,0.757,human,0,train
815720236,human,0.827,human,0,train
815720237,human,0.708,human,0,test
815720238,human,0.692,human,0,validation
815720239,human,0.74,non_human,0,train
815720240,human,0.87,human,0,validation
815720241,human,0.796,non_human,0,test
815720242,human,0.934,human,1,test
815720243,human,0.786,human,0,train
815720244,human,0.9,human,1,validation
815720245,non_human,0.627,non_human,0,validation
815720246,human,0.537,human,0,test
815720247,human,0.896,human,0,train
815720248,human,0.96,human,1,train
815720249,human,0.896,human,0,test
815720250,human,0.623,human,0,train
815720251,human,0.973,human,1,train
815720252,human,0.901,human,1,validation
815720253,non_human,0.596,non_human,0,train
815720254,human,0.797,human,0,test
815720255,human,0.957,human,1,train
815720256,human,0.758,human,0,train
815720257,human,0.837,human,0,validation
815720258,human,0.859,human,0,train
815720259,human,0.945,human,1,train
815720260,non_human,0.875,non_human,0,train
815720261,human,0.904,human,1,train
815720262,human,0.683,human,0,train
815720263,human,0.679,non_human,0,train
815720264,human,0.78,human,0,train
815720265,non_human,0.814,non_human,0,test
815720266,human,0.596,non_human,0,train
815720267,human,0.887,human,0,train
815720268,human,0.798,human,0,validation
815720269,non_human,0.558,non_human,0,validation
815720270,human,0.83,human,0,train
815720271,human,0.78,non_human,0,test
815720272,human,0.95,human,1,train
815720273,human,0.966,human,1,test
815720274,human,0.657,human,0,train
815720275,human,0.624,unknown,0,unknown
815720276,human,0.894,non_human,0,test
815720277,non_human,0.562,unknown,0,unknown
815720278,human,0.951,non_human,1,test
815720279,human,0.947,human,1,validation
815720280,non_human,0.741,non_human,0,train
815720281,human,0.843,human,0,test
815720282,human,0.805,human,0,test
815720283,human,0.911,human,1,test
815720284,non_human,0.693,non_human,0,train
815720285,human,0.677,human,0,validation
815720287,human,0.943,human,1,test
815720288,human,0.964,human,1,train
815720289,non_human,0.749,non_human,0,validation
815720290,non_human,0.871,human,0,validation
815720291,human,0.933,human,1,train
815720292,human,0.884,unknown,0,unknown
815720293,human,0.871,human,0,train
815720294,non_human,0.502,human,0,train
815720295,human,0.933,unknown,1,unknown
815720296,human,0.947,human,1,test
815720297,human,0.935,human,1,train
815720298,non_human,0.582,human,0,validation
815720299,non_human,0.83,non_human,0,train
815720300,human,0.767,non_human,0,train
815720301,human,0.742,non_human,0,train
815720302,non_human,0.596,unknown,0,unknown
815720303,human,0.795,human,0,train
815720304,human,0.799,non_human,0,train
815720305,human,0.837,human,0,validation
815720307,human,0.892,human,0,train
815720308,human,0.917,human,1,validation
815720309,human,0.897,human,0,train
815720310,human,0.983,human,1,train
815720311,human,0.833,human,0,validation
815720312,human,0.891,non_human,0,test
815720313,human,0.789,human,0,train
815720314,human,0.967,human,1,train
815720315,non_human,0.782,non_human,0,train
815720316,human,0.872,human,0,train
815720317,human,0.925,human,1,train
815720319,human,0.87,human,0,train
815720320,human,0.778,human,0,test
815720321,human,0.617,non_human,0,train
815720322,human,0.731,human,0,train
815720323,human,0.797,human,0,train
815720324,human,0.906,human,1,train
815720325,human,0.951,human,1,train
815720326,human,0.882,human,0,train
815720327,human,0.944,human,1,train
815720328,human,0.944,human,1,test
815720329,human,0.532,human,0,validation
815720330,human,0.879,human,0,train
815720331,human,0.917,human,1,train
815720332,human,0.884,human,0,train
815720335,human,0.762,human,0,train
815720336,human,0.629,human,0,train
815720338,human,0.905,human,1,train
815720339,human,0.86,human,0,train
815720340,human,0.623,non_human,0,train
815720341,human,0.647,unknown,0,unknown
815720342,human,0.788,human,0,train
815720343,human,0.604,human,0,validation
815720344,human,0.95,human,1,train
815720345,human,0.921,non_human,1,test
815720346,human,0.654,non_human,0,train
815720347,human,0.604,non_human,0,validation
815720348,non_human,0.563,human,0,test
815720349,human,0.604,human,0,train
815720350,human,0.604,human,0,validation
815720351,non_human,0.705,non_human,0,train
815720353,non_human,0.543,non_human,0,validation
815720354,human,0.96,human,1,test
815720355,human,0.604,unknown,0,unknown
815720356,human,0.801,human,0,test
815720357,human,0.638,non_human,0,train
815720358,human,0.745,human,0,validation
815720359,non_human,0.614,human,0,test
815720360,human,0.604,non_human,0,test
815720361,human,0.718,non_human,0,validation
815720362,human,0.562,non_human,0,validation
815720363,human,0.604,human,0,validation
815720365,non_human,0.667,non_human,0,train
815720366,human,0.973,human,1,validation
815720367,human,0.848,human,0,train
815720368,non_human,0.755,non_human,0,train
815720369,human,0.667,non_human,0,test
815720370,human,0.794,human,0,train
815720371,non_human,0.834,non_human,0,train
815720372,human,0.866,human,0,train
815720373,human,0.773,non_human,0,validation
815720374,non_human,0.65,non_human,0,train
815720375,human,0.968,human,1,train
815720376,human,0.873,human,0,test
815720377,non_human,0.846,non_human,0,train
815720378,human,0.546,human,0,train
815720379,human,0.922,human,1,train
815720380,non_human,0.659,non_human,0,test
815720381,human,0.671,non_human,0,validation
815720382,human,0.851,human,0,validation
815720383,non_human,0.701,non_human,0,validation
815720384,human,0.689,human,0,train
815720385,human,0.941,human,1,train
815720386,human,0.755,human,0,validation
815720387,non_human,0.809,non_human,0,train
815720388,human,0.916,human,1,train
815720389,human,0.75,non_human,0,validation
815720390,human,0.87,human,0,train
815720392,human,0.697,human,0,train
815720393,human,0.89,human,0,test
815720394,human,0.932,human,1,validation
815720395,human,0.898,unknown,0,unknown
815720396,non_human,0.7,non_human,0,test
815720397,human,0.548,human,0,test
815720398,human,0.902,human,1,validation
815720399,human,0.75,human,0,test
815720401,human,0.926,human,1,train
815720402,human,0.745,human,0,test
815720404,non_human,0.951,non_human,1,validation
815720405,non_human,0.712,non_human,0,train
815720406,human,0.853,human,0,train
815720407,human,0.674,human,0,train
815720408,non_human,0.717,human,0,test
815720409,human,0.545,non_human,0,test
815720410,human,0.808,human,0,validation
815720411,human,0.975,human,1,validation
815720412,human,0.865,human,0,train
815720413,human,0.96,human,1,train
815720415,human,0.808,human,0,test
815720416,human,0.667,human,0,test
815720417,human,0.832,human,0,test
815720418,human,0.847,human,0,train
815720420,human,0.767,human,0,train
815720421,human,0.92,human,1,train
815720422,human,0.823,human,0,train
815720423,human,0.832,human,0,train
815720424,human,0.946,human,1,test
815720425,human,0.767,human,0,train
815720426,non_human,0.539,human,0,test
815720427,non_human,0.855,unknown,0,unknown
815720428,human,0.956,unknown,1,unknown
815720429,human,0.695,non_human,0,test
815720430,non_human,0.567,non_human,0,test
815720431,human,0.979,human,1,test
815720432,human,0.88,human,0,validation
815720433,human,0.928,human,1,train
815720434,human,0.855,human,0,test
815720436,human,0.88,human,0,train
815720437,human,0.9,human,1,validation
815720438,human,0.746,human,0,train
815720439,human,0.839,human,0,train
815720440,human,0.952,unknown,1,unknown
815720441,human,0.734,human,0,validation
815720442,human,0.778,human,0,train
815720443,non_human,0.733,non_human,0,train
815720444,human,0.651,human,0,validation
815720445,non_human,0.507,non_human,0,train
815720446,human,0.576,non_human,0,train
815720447,human,0.923,human,1,train
815720448,human,0.822,human,0,validation
815720449,human,0.734,unknown,0,unknown
815720450,human,0.915,non_human,1,validation
815720451,non_human,0.729,non_human,0,train
815720452,human,0.861,human,0,test
815720453,human,0.93,human,1,train
815720454,non_human,0.919,non_human,1,train
815720455,human,0.698,human,0,train
815720456,human,0.949,human,1,test
815720457,human,0.951,unknown,1,unknown
815720458,human,0.902,human,1,train
815720459,human,0.845,human,0,train
815720460,human,0.936,human,1,train
815720461,human,0.862,human,0,validation
815720462,human,0.578,non_human,0,validation
815720463,human,0.979,human,1,test
815720464,non_human,0.62,non_human,0,train
815720465,human,0.568,non_human,0,test
815720466,human,0.953,human,1,validation
815720467,non_human,0.548,non_human,0,test
815720468,human,0.974,human,1,test
815720469,human,0.87,human,0,train
815720470,human,0.744,human,0,train
815720472,human,0.645,human,0,train
815720473,human,0.843,human,0,test
815720474,non_human,0.685,non_human,0,test
815720475,human,0.743,human,0,test
815720476,human,0.979,human,1,test
815720477,human,0.89,human,0,train
815720478,human,0.857,human,0,validation
815720479,non_human,0.535,human,0,validation
815720480,human,0.945,human,1,train
815720481,non_human,0.596,non_human,0,train
815720482,non_human,0.735,non_human,0,train
815720483,human,0.914,human,1,train
815720484,human,0.857,human,0,train
815720485,human,0.904,unknown,1,unknown
815720486,non_human,0.86,non_human,0,train
815720487,non_human,0.511,human,0,train
815720488,human,0.76,human,0,train
815720489,human,0.958,human,1,validation
815720490,human,0.826,human,0,train
815720491,human,0.656,human,0,train
815720492,human,0.795,human,0,train
815720493,human,0.943,human,1,train
815720494,non_human,0.857,non_human,0,validation
815720495,human,0.934,human,1,test
815720496,human,0.748,human,0,test
815720497,human,0.758,non_human,0,train
815720498,human,0.729,human,0,train
815720499,human,0.794,human,0,train
815720500,human,0.934,human,1,train
815720501,human,0.95,human,1,train
815720503,human,0.87,human,0,validation
815720504,non_human,0.854,non_human,0,validation
815720505,human,0.966,human,1,validation
815720506,human,0.857,human,0,train
815720507,human,0.868,human,0,train
815720508,non_human,0.816,non_human,0,validation
815720509,human,0.871,human,0,test
815720510,human,0.646,non_human,0,test
815720511,human,0.854,human,0,train
815720512,non_human,0.915,non_human,1,train
815720513,human,0.837,human,0,test
815720514,human,0.901,human,1,validation
815720515,human,0.92,human,1,train
815720516,human,0.862,human,0,train
815720517,human,0.771,human,0,test
815720518,human,0.945,human,1,train
815720519,human,0.835,human,0,test
815720520,human,0.902,human,1,train
815720521,human,0.826,human,0,train
815720522,human,0.965,human,1,train
815720523,human,0.603,human,0,validation
815720524,human,0.812,human,0,train
815720525,human,0.94,non_human,1,validation
815720526,human,0.858,human,0,validation
815720527,human,0.638,human,0,train
815720528,human,0.615,non_human,0,train
815720529,non_human,0.896,non_human,0,test
815720530,human,0.991,human,1,train
815720531,human,0.937,human,1,test
815720532,human,0.905,human,1,test
815720533,human,0.871,human,0,validation
815720534,human,0.808,human,0,train
815720535,human,0.767,human,0,train
815720536,human,0.961,human,1,train
815720537,non_human,0.754,non_human,0,train
815720538,human,0.881,unknown,0,unknown
815720539,human,0.923,human,1,train
815720540,human,0.879,human,0,train
815720542,human,0.918,human,1,validation
815720543,human,0.987,human,1,validation
815720544,human,0.779,human,0,test
815720545,human,0.886,human,0,train
815720546,human,0.945,human,1,test
815720547,human,0.914,human,1,train
815720548,non_human,0.538,non_human,0,validation
815720549,human,0.527,non_human,0,train
815720550,human,0.768,unknown,0,unknown
815720551,non_human,0.927,non_human,1,train
815720552,human,0.796,human,0,validation
815720553,human,0.986,human,1,validation
815720554,human,0.984,human,1,train
815720555,non_human,0.71,non_human,0,train
815720556,non_human,0.646,non_human,0,train
815720557,human,0.859,human,0,train
815720558,human,0.959,human,1,train
815720559,human,0.876,human,0,train
815720560,non_human,0.663,non_human,0,train
815720561,human,0.854,human,0,train
815720562,human,0.877,human,0,validation
815720563,human,0.799,human,0,train
815720564,human,0.709,human,0,train
815720566,human,0.868,human,0,train
815720567,non_human,0.664,human,0,validation
815720568,human,0.743,human,0,validation
815720569,human,0.778,human,0,validation
815720570,non_human,0.792,non_human,0,test
815720571,non_human,0.977,non_human,1,validation
815720572,human,0.835,human,0,train
815720573,human,0.87,human,0,train
815720574,human,0.656,human,0,train
815720575,human,0.859,human,0,train
815720577,human,0.845,human,0,train
815720578,human,0.906,human,1,train
815720580,human,0.804,human,0,train
815720581,human,0.927,human,1,train
815720582,human,0.811,unknown,0,unknown
815720583,human,0.735,human,0,train
815720584,human,0.918,human,1,test
815720585,human,0.966,human,1,train
815720586,human,0.571,non_human,0,train
815720587,human,0.793,human,0,train
815720588,human,0.746,non_human,0,train
815720589,human,0.944,human,1,validation
815720590,human,0.879,human,0,test
815720591,human,0.909,human,1,train
815720592,human,0.891,human,0,train
815720593,human,0.963,human,1,train
815720594,human,0.873,human,0,validation
815720595,human,0.764,human,0,train
815720596,human,0.935,human,1,train
815720597,human,0.773,human,0,train
815720598,human,0.789,unknown,0,unknown
815720599,human,0.61,non_human,0,validation
815720600,human,0.662,human,0,train
815720601,human,0.798,human,0,validation
815720602,non_human,0.545,non_human,0,test
815720603,human,0.927,human,1,train
815720604,human,0.686,unknown,0,unknown
815720605,human,0.57,non_human,0,test
815720606,non_human,0.747,non_human,0,validation
815720607,human,0.91,human,1,test
815720608,human,0.76,human,0,train
815720609,human,0.878,human,0,validation
815720610,human,0.663,human,0,train
815720611,human,0.723,human,0,validation
815720612,human,0.961,human,1,train
815720613,human,0.886,human,0,train
815720614,human,0.749,non_human,0,validation
815720615,human,0.913,human,1,test
815720616,human,0.822,human,0,test
815720617,non_human,0.804,non_human,0,test
815720618,human,0.891,human,0,train
815720619,human,0.723,non_human,0,test
815720620,non_human,0.69,non_human,0,train
815720621,human,0.896,human,0,train
815720623,non_human,0.596,non_human,0,test
815720624,human,0.769,unknown,0,unknown
815720625,human,0.904,human,1,test
815720626,non_human,0.738,non_human,0,train
815720627,human,0.95,human,1,train
815720628,human,0.884,human,0,test
815720629,human,0.857,human,0,validation
815720630,human,0.912,human,1,train
815720631,human,0.708,human,0,validation
815720632,human,0.911,human,1,train
815720633,non_human,0.938,non_human,1,test
815720634,human,0.963,human,1,validation
815720637,human,0.811,human,0,test
815720638,human,0.872,human,0,validation
815720640,human,0.947,human,1,train
815720641,human,0.579,human,0,train
815720642,human,0.781,human,0,train
815720643,non_human,0.628,non_human,0,train
815720644,human,0.83,human,0,train
815720645,human,0.768,human,0,validation
815720646,human,0.917,human,1,train
815720647,human,0.549,human,0,train
815720648,human,0.93,human,1,train
815720649,non_human,0.543,unknown,0,unknown
815720650,human,0.825,human,0,train
815720652,human,0.75,human,0,train
815720653,human,0.657,human,0,train
815720654,human,0.693,non_human,0,train
815720655,non_human,0.631,non_human,0,train
815720656,human,0.703,human,0,train
815720657,human,0.933,human,1,test
815720658,non_human,0.684,human,0,validation
815720659,human,0.816,human,0,train
815720660,human,0.782,human,0,train
815720661,human,0.739,human,0,train
815720662,human,0.879,human,0,train
815720663,human,0.873,human,0,validation
815720664,human,0.97,human,1,test
815720665,human,0.811,human,0,validation
815720666,human,0.988,human,1,test
815720667,human,0.904,human,1,train
815720668,human,0.829,human,0,train
815720669,human,0.835,human,0,validation
815720670,human,0.938,human,1,train
815720671,human,0.774,human,0,validation
815720672,non_human,0.685,non_human,0,train
815720673,human,0.876,human,0,train
815720675,human,0.967,human,1,test
815720676,non_human,0.679,non_human,0,train
815720677,human,0.682,human,0,test
815720679,human,0.853,human,0,train
815720680,human,0.882,human,0,train
815720681,human,0.698,human,0,test
815720682,human,0.806,unknown,0,unknown
815720683,human,0.957,unknown,1,unknown
815720684,human,0.955,human,1,validation
815720685,human,0.949,human,1,validation
815720686,human,0.844,human,0,validation
815720688,human,0.863,human,0,train
815720689,human,0.835,human,0,validation
815720690,human,0.774,human,0,train
815720691,human,0.843,unknown,0,unknown
815720692,human,0.824,human,0,validation
815720693,human,0.582,human,0,test
815720694,human,0.736,human,0,train
815720695,human,0.67,non_human,0,train
815720696,human,0.817,human,0,train
815720697,human,0.903,human,1,validation
815720698,human,0.884,human,0,test
815720699,human,0.767,non_human,0,train
815720700,human,0.503,non_human,0,train
815720701,human,0.9,non_human,1,test
815720702,human,0.721,human,0,test
815720703,human,0.907,human,1,train
815720704,human,0.89,human,0,train
815720705,human,0.912,human,1,test
815720706,non_human,0.567,non_human,0,train
815720708,human,0.94,human,1,test
815720709,human,0.891,human,0,train
815720710,non_human,0.934,non_human,1,validation
815720711,human,0.758,human,0,validation
815720712,human,0.728,non_human,0,train
815720713,human,0.89,human,0,train
815720714,non_human,0.817,non_human,0,train
815720715,human,0.943,human,1,train
815720716,human,0.506,non_human,0,train
815720717,non_human,0.634,non_human,0,train
815720718,non_human,0.791,non_human,0,validation
815720719,human,0.887,human,0,train
815720720,human,0.865,human,0,validation
815720721,non_human,0.875,non_human,0,train
815720722,non_human,0.631,non_human,0,train
815720724,human,0.936,human,1,train
815720725,non_human,0.673,non_human,0,train
815720726,human,0.53,non_human,0,train
815720727,human,0.855,human,0,test
815720728,human,0.757,human,0,validation
815720729,human,0.942,human,1,train
815720730,human,0.809,human,0,train
815720731,human,0.835,human,0,validation
815720732,human,0.963,human,1,validation
815720733,human,0.782,unknown,0,unknown
815720735,human,0.853,human,0,train
815720736,non_human,0.69,non_human,0,train
815720739,non_human,0.527,non_human,0,train
815720740,human,0.936,human,1,validation
815720741,non_human,0.824,non_human,0,test
815720742,non_human,0.703,non_human,0,train
815720743,non_human,0.637,non_human,0,validation
815720744,human,0.98,human,1,test
815720745,human,0.852,unknown,0,unknown
815720746,human,0.826,human,0,test
815720747,human,0.9,human,1,validation
815720748,human,0.942,human,1,train
815720749,human,0.826,human,0,train
815720750,non_human,0.877,non_human,0,test
815720751,human,0.832,human,0,validation
815720753,non_human,0.75,non_human,0,test
815720754,human,0.834,human,0,validation
815720755,non_human,0.558,non_human,0,test
815720756,human,0.914,human,1,train
815720757,human,0.948,human,1,validation
815720758,human,0.726,human,0,train
815720759,non_human,0.642,human,0,validation
815720760,non_human,0.606,non_human,0,train
815720761,human,0.873,human,0,train
815720762,non_human,0.668,non_human,0,train
815720763,non_human,0.543,non_human,0,validation
815720764,non_human,0.787,non_human,0,train
815720765,human,0.82,human,0,train
815720767,human,0.929,human,1,train
815720768,human,0.782,non_human,0,validation
815720769,human,0.989,human,1,train
815720770,human,0.878,human,0,train
815720771,human,0.964,human,1,validation
815720772,human,0.724,human,0,train
815720773,human,0.819,human,0,train
815720774,non_human,0.826,non_human,0,test
815720775,non_human,0.898,non_human,0,train
815720776,human,0.672,human,0,train
815720777,human,0.955,human,1,train
815720778,human,0.781,human,0,train
815720779,human,0.573,human,0,train
815720780,human,0.907,human,1,validation
815720781,human,0.853,human,0,test
815720782,human,0.872,human,0,validation
815720783,human,0.812,human,0,train
815720784,non_human,0.503,non_human,0,train
815720785,human,0.879,human,0,train
815720786,human,0.899,human,0,train
815720787,non_human,0.638,human,0,train
815720788,human,0.871,human,0,train
815720789,non_human,0.805,non_human,0,validation
815720790,human,0.932,human,1,test
815720791,human,0.913,human,1,test
815720792,human,0.971,human,1,train
815720793,human,0.7,non_human,0,train
815720794,non_human,0.63,non_human,0,train
815720795,non_human,0.622,non_human,0,train
815720796,human,0.8,human,0,test
815720797,human,0.924,human,1,train
815720798,human,0.741,non_human,0,train
815720799,non_human,0.736,non_human,0,train
815720800,human,0.922,human,1,train
815720801,human,0.619,human,0,train
815720802,human,0.847,human,0,train
815720805,human,0.876,human,0,train
815720806,human,0.788,human,0,train
815720807,non_human,0.549,non_human,0,train
815720808,non_human,0.68,non_human,0,train
815720809,human,0.973,human,1,test
815720810,human,0.741,human,0,train
815720811,human,0.969,human,1,test
815720812,human,0.962,human,1,test
815720813,human,0.91,human,1,validation
815720814,human,0.933,human,1,train
815720815,human,0.845,human,0,train
815720816,human,0.869,non_human,0,train
815720817,human,0.91,human,1,test
815720818,human,0.723,human,0,test
815720819,human,0.952,human,1,validation
815720820,human,0.536,human,0,train
815720821,human,0.706,human,0,train
815720822,human,0.749,non_human,0,validation
815720823,human,0.775,human,0,validation
815720824,human,0.691,non_human,0,train
815720825,non_human,0.661,non_human,0,train
815720826,human,0.841,human,0,train
815720827,human,0.709,human,0,validation
815720828,human,0.85,human,0,validation
815720830,human,0.766,human,0,test
815720831,non_human,0.886,non_human,0,test
815720832,human,0.975,human,1,train
815720833,human,0.915,non_human,1,train
815720834,human,0.939,human,1,test
815720835,human,0.733,human,0,test
815720836,human,0.931,human,1,test
815720837,human,0.968,human,1,train
815720838,human,0.894,human,0,validation
815720839,human,0.835,human,0,train
815720840,non_human,0.867,non_human,0,validation
815720841,non_human,0.848,non_human,0,train
815720842,human,0.83,human,0,train
815720843,human,0.697,human,0,train
815720844,non_human,0.667,non_human,0,train
815720845,human,0.62,non_human,0,test
815720846,human,0.901,human,1,train
815720847,human,0.689,unknown,0,unknown
815720848,human,0.84,unknown,0,unknown
815720849,non_human,0.542,human,0,test
815720850,human,0.859,human,0,train
815720851,human,0.881,human,0,train
815720852,non_human,0.909,non_human,1,train
815720853,human,0.946,human,1,train
815720854,non_human,0.877,non_human,0,train
815720855,non_human,0.877,non_human,0,train
815720856,human,0.85,human,0,test
815720857,human,0.748,human,0,train
815720858,human,0.745,human,0,validation
815720859,human,0.966,human,1,validation
815720860,human,0.806,human,0,train
815720861,human,0.95,human,1,validation
815720862,human,0.912,human,1,test
815720863,human,0.829,human,0,test
815720864,human,0.859,human,0,validation
815720865,human,0.511,non_human,0,train
815720866,human,0.962,human,1,test
815720867,human,0.937,human,1,train
815720868,human,0.831,unknown,0,unknown
815720869,human,0.904,human,1,train
815720870,human,0.831,human,0,train
815720871,human,0.895,human,0,train
815720872,human,0.744,human,0,train
815720873,human,0.662,non_human,0,train
815720875,human,0.728,human,0,test
815720876,human,0.68,non_human,0,validation
815720877,human,0.789,human,0,train
815720878,human,0.903,human,1,train
815720879,human,0.694,human,0,test
815720880,human,0.732,human,0,validation
815720881,human,0.908,human,1,train
815720882,human,0.804,human,0,test
815720883,human,0.513,unknown,0,unknown
815720884,human,0.721,human,0,test
815720885,human,0.681,human,0,validation
815720886,human,0.899,human,0,test
815720887,human,0.745,human,0,train
815720888,human,0.642,non_human,0,train
815720889,human,0.72,human,0,train
815720890,human,0.719,human,0,train
815720891,human,0.933,human,1,validation
815720892,human,0.832,human,0,validation
815720893,human,0.858,human,0,train
815720895,human,0.913,human,1,train
815720896,human,0.901,human,1,train
815720897,non_human,0.833,non_human,0,train
815720898,human,0.76,human,0,test
815720899,human,0.516,non_human,0,train
815720900,human,0.589,human,0,train
815720901,human,0.936,human,1,test
815720902,human,0.848,human,0,train
815720904,non_human,0.687,non_human,0,test
815720905,human,0.894,human,0,validation
815720906,human,0.86,human,0,train
815720907,human,0.844,human,0,train
815720908,human,0.847,human,0,train
815720909,human,0.782,human,0,test
815720910,human,0.951,human,1,train
815720911,human,0.948,human,1,train
815720912,human,0.943,human,1,train
815720914,human,0.787,non_human,0,train
815720915,human,0.627,human,0,test
815720916,human,0.937,human,1,validation
815720917,non_human,0.759,non_human,0,train
815720918,human,0.605,non_human,0,validation
815720919,human,0.903,human,1,train
815720920,human,0.815,human,0,train
815720921,human,0.953,human,1,test
815720922,human,0.742,non_human,0,validation
815720923,human,0.911,unknown,1,unknown
815720924,human,0.933,human,1,validation
815720925,human,0.844,human,0,train
815720926,human,0.865,human,0,train
815720927,human,0.641,non_human,0,train
815720928,non_human,0.714,non_human,0,train
815720929,human,0.751,non_human,0,test
815720930,human,0.866,human,0,test
815720931,human,0.503,non_human,0,train
815720932,human,0.715,human,0,validation
815720933,human,0.889,human,0,train
815720934,non_human,0.508,non_human,0,train
815720935,human,0.915,human,1,validation
815720936,non_human,0.891,non_human,0,train
815720938,human,0.735,human,0,test
815720989,human,0.868,human,0,train
815720990,human,0.953,human,1,validation
815720991,human,0.819,human,0,train
815720992,human,0.822,human,0,train
815720993,human,0.552,non_human,0,train
815720994,human,0.541,human,0,train
815720995,human,0.524,non_human,0,train
815720996,human,0.859,non_human,0,validation
815720997,human,0.745,non_human,0,test
815720998,non_human,0.583,non_human,0,train
815720999,human,0.638,non_human,0,test
815721000,human,0.865,human,0,train
815721001,human,0.908,human,1,train
815721004,non_human,0.641,non_human,0,train
815721005,human,0.94,unknown,1,unknown
815721006,human,0.902,human,1,validation
815721007,human,0.881,human,0,train
815721008,non_human,0.513,human,0,validation
815721009,human,0.858,human,0,validation
815721010,human,0.864,human,0,train
815721011,human,0.809,unknown,0,unknown
815721012,non_human,0.659,human,0,train
815721013,non_human,0.74,unknown,0,unknown
815721014,non_human,0.678,non_human,0,train
815721015,human,0.966,human,1,train
815721016,non_human,0.714,human,0,validation
815721017,non_human,0.812,non_human,0,train
815721018,human,0.966,human,1,train
815721019,human,0.829,human,0,train
815721020,non_human,0.513,human,0,test
815721021,human,0.741,non_human,0,train
815721022,human,0.888,human,0,test
815721023,human,0.863,human,0,validation
815721024,human,0.792,human,0,train
815721025,human,0.86,human,0,train
815721026,human,0.865,human,0,train
815721027,human,0.737,human,0,test
815721028,human,0.696,human,0,test
815721029,human,0.949,human,1,validation
815721030,human,0.898,human,0,train
815721031,human,0.945,unknown,1,unknown
815721032,human,0.894,non_human,0,train
815721033,human,0.688,human,0,train
815721034,human,0.901,human,1,train
815721035,human,0.801,human,0,train
815721036,human,0.619,unknown,0,unknown
815721037,human,0.554,non_human,0,validation
815721038,human,0.739,human,0,train
815721039,human,0.905,human,1,train
815721040,human,0.743,unknown,0,unknown
815721041,human,0.695,human,0,validation
815721042,human,0.9,human,1,train
815721043,human,0.908,human,1,test
815721044,human,0.876,human,0,train
815721045,human,0.773,human,0,train
815721046,human,0.53,human,0,validation
815721047,non_human,0.588,human,0,validation
815721048,human,0.695,human,0,train
815721049,human,0.963,human,1,train
815721050,human,0.829,non_human,0,train
815721051,human,0.705,non_human,0,train
815721052,human,0.881,human,0,test
815721053,human,0.655,non_human,0,train
815721054,human,0.839,human,0,train
815721056,human,0.952,human,1,train
815721057,non_human,0.558,human,0,train
815721058,human,0.672,human,0,train
815721059,human,0.78,human,0,validation
815721060,human,0.863,human,0,validation
815721061,human,0.817,non_human,0,test
815721062,human,0.867,human,0,train
815721063,human,0.88,human,0,validation
815721064,human,0.568,non_human,0,train
815721066,human,0.856,human,0,train
815721067,human,0.683,human,0,test
815721068,human,0.74,human,0,train
815721069,human,0.57,human,0,train
815721070,human,0.65,human,0,train
815721071,human,0.797,human,0,test
815721072,human,0.769,human,0,train
815721073,human,0.74,human,0,train
815721074,human,0.804,non_human,0,train
815721075,human,0.799,human,0,train
815721076,human,0.767,human,0,validation
815721077,non_human,0.81,non_human,0,train
815721078,human,0.928,human,1,validation
815721079,human,0.901,unknown,1,unknown
815721080,human,0.823,human,0,test
815721081,human,0.914,human,1,train
815721082,non_human,0.678,non_human,0,train
815721083,human,0.833,human,0,validation
815721084,human,0.944,human,1,validation
815721085,human,0.707,human,0,train
815721086,human,0.81,human,0,validation
815721087,human,0.918,human,1,train
815721088,human,0.663,non_human,0,train
815721089,human,0.761,non_human,0,train
815721090,human,0.732,human,0,train
815721091,human,0.794,human,0,train
815721092,human,0.634,non_human,0,train
815721093,human,0.597,human,0,test
815721094,human,0.835,human,0,train
815721097,human,0.876,human,0,train
815721098,human,0.909,human,1,train
815721099,human,0.801,unknown,0,unknown
815721100,human,0.952,human,1,test
815721101,non_human,0.918,non_human,1,train
815721102,non_human,0.873,human,0,test
815721103,human,0.886,human,0,train
815721104,human,0.599,unknown,0,unknown
815721105,human,0.803,human,0,train
815721106,human,0.956,human,1,test
815721107,human,0.673,non_human,0,train
815721108,human,0.868,non_human,0,validation
815721110,non_human,0.733,non_human,0,train
815721111,human,0.918,human,1,train
815721112,human,0.804,human,0,validation
815721113,human,0.811,human,0,train
815721114,non_human,0.543,human,0,train
815721115,human,0.873,human,0,test
815721116,human,0.844,human,0,train
815721117,human,0.915,human,1,train
815721118,human,0.886,human,0,test
815721119,human,0.737,human,0,train
815721120,human,0.706,human,0,train
815721122,human,0.873,human,0,train
815721124,human,0.921,human,1,train
815721125,human,0.892,human,0,train
815721126,human,0.932,human,1,train
815721127,non_human,0.844,non_human,0,train
815721128,human,0.8,human,0,train
815721129,non_human,0.919,non_human,1,train
815721130,human,0.955,human,1,validation
815721131,human,0.85,human,0,train
815721132,non_human,0.794,non_human,0,train
815721133,non_human,0.52,non_human,0,validation
815721134,human,0.885,human,0,train
815721135,human,0.885,human,0,validation
815721136,human,0.74,unknown,0,unknown
815721137,human,0.6,non_human,0,validation
815721138,human,0.56,non_human,0,test
815721139,human,0.943,human,1,test
815721140,human,0.623,non_human,0,test
815721141,human,0.944,human,1,validation
815721142,human,0.934,human,1,train
815721143,human,0.919,human,1,validation
815721144,human,0.982,human,1,train
815721145,human,0.571,human,0,validation
815721146,human,0.875,non_human,0,test
815721147,human,0.79,human,0,train
815721148,human,0.868,human,0,test
815721150,human,0.962,human,1,train
815721151,human,0.679,human,0,train
815721152,human,0.771,non_human,0,test
815721153,non_human,0.724,non_human,0,train
815721154,human,0.904,human,1,validation
815721155,human,0.774,human,0,validation
815721156,human,0.97,human,1,test
815721157,human,0.884,human,0,train
815721158,human,0.815,human,0,validation
815721159,human,0.761,human,0,train
815721160,non_human,0.956,non_human,1,validation
815721161,human,0.961,human,1,test
815721162,human,0.707,human,0,train
815721164,human,0.681,human,0,test
815721165,non_human,0.646,non_human,0,train
815721166,human,0.852,human,0,test
815721167,human,0.822,human,0,validation
815721168,human,0.91,human,1,train
815721169,human,0.783,human,0,test
815721170,human,0.79,human,0,validation
815721171,human,0.807,human,0,train
815721173,human,0.949,human,1,test
815721174,human,0.68,human,0,train
815721175,human,0.57,non_human,0,test
815721176,human,0.808,human,0,train
815721177,non_human,0.851,non_human,0,test
815721178,human,0.776,non_human,0,train
815721179,human,0.897,human,0,train
815721180,human,0.85,human,0,train
815721181,human,0.755,human,0,train
815721182,non_human,0.807,non_human,0,train
815721183,human,0.971,human,1,train
815721185,human,0.876,human,0,validation
815721186,human,0.93,human,1,validation
815721187,human,0.753,human,0,train
815721188,human,0.94,human,1,validation
815721191,human,0.921,human,1,test
815721192,human,0.822,human,0,train
815721193,human,0.983,human,1,train
815721194,human,0.86,human,0,train
815721195,human,0.873,human,0,train
815721196,human,0.912,human,1,train
815721197,non_human,0.657,non_human,0,test
815721198,human,0.842,human,0,train
815721199,human,0.988,human,1,train
815721200,human,0.866,human,0,train
815721201,human,0.9,unknown,1,unknown
815721202,human,0.785,non_human,0,train
815721203,human,0.956,human,1,train
815721206,human,0.857,human,0,train
815721207,human,0.867,human,0,train
815721208,human,0.867,human,0,train
815721209,human,0.7,human,0,train
815721210,human,0.912,human,1,test
815721211,human,0.633,human,0,test
815721212,human,0.739,human,0,test
815721213,human,0.965,human,1,train
815721214,human,0.833,human,0,test
815721215,human,0.766,human,0,train
815721216,human,0.848,human,0,train
815721217,non_human,0.507,human,0,test
815721218,human,0.977,human,1,train
815721219,human,0.98,human,1,validation
815721220,human,0.605,human,0,train
815721221,human,0.951,human,1,test
815721222,human,0.954,human,1,train
815721223,human,0.688,human,0,validation
815721224,human,0.885,human,0,train
815721225,human,0.767,unknown,0,unknown
815721226,human,0.535,non_human,0,test
815721227,human,0.919,human,1,validation
815721228,human,0.787,non_human,0,test
815721229,non_human,0.727,non_human,0,train
815721230,non_human,0.853,non_human,0,test
815721231,non_human,0.502,non_human,0,train
815721232,human,0.939,human,1,train
815721234,human,0.749,human,0,train
815721235,human,0.846,non_human,0,validation
815721236,human,0.757,human,0,test
815721237,human,0.936,human,1,test
815721238,human,0.755,human,0,validation
815721239,human,0.721,non_human,0,validation
815721240,human,0.905,human,1,train
815721241,human,0.831,human,0,test
815721242,human,0.948,human,1,train
815721243,human,0.883,human,0,validation
815721244,human,0.905,human,1,train
815721245,human,0.989,unknown,1,unknown
815721246,human,0.923,non_human,1,train
815721247,non_human,0.557,non_human,0,train
815721248,human,0.932,human,1,train
815721249,human,0.643,human,0,train
815721250,human,0.628,unknown,0,unknown
815721251,human,0.85,human,0,validation
815721253,human,0.673,human,0,train
815721255,human,0.958,human,1,validation
815721256,human,0.981,unknown,1,unknown
815721257,human,0.736,human,0,train
815721258,human,0.613,human,0,validation
815721259,non_human,0.632,non_human,0,train
815721260,non_human,0.656,non_human,0,train
815721261,human,0.909,human,1,train
815721262,human,0.879,human,0,train
815721263,human,0.897,human,0,train
815721264,human,0.821,human,0,train
815721265,human,0.739,human,0,test
815721266,human,0.595,human,0,train
815721267,human,0.879,human,0,train
815721268,non_human,0.712,non_human,0,train
815721269,non_human,0.541,human,0,train
815721270,human,0.935,human,1,test
815721271,human,0.513,non_human,0,test
815721272,human,0.908,human,1,test
815721273,human,0.869,human,0,train
815721274,human,0.952,human,1,train
815721275,non_human,0.853,non_human,0,train
815721276,non_human,0.842,non_human,0,train
815721277,non_human,0.602,non_human,0,train
815721278,human,0.887,human,0,train
815721279,human,0.967,human,1,test
815721280,non_human,0.869,non_human,0,test
815721281,human,0.953,human,1,train
815721282,human,0.964,human,1,train
815721283,human,0.915,human,1,train
815721284,human,0.927,unknown,1,unknown
815721285,non_human,0.65,human,0,validation
815721286,human,0.829,non_human,0,validation
815721287,human,0.961,human,1,train
815721288,human,0.809,human,0,train
815721289,human,0.781,human,0,train
815721290,human,0.883,human,0,validation
815721291,human,0.938,human,1,validation
815721292,human,0.749,unknown,0,unknown
815721293,human,0.912,human,1,train
815721294,human,0.919,human,1,train
815721295,human,0.518,non_human,0,train
815721296,human,0.918,human,1,validation
815721297,human,0.731,non_human,0,test
815721298,human,0.873,non_human,0,validation
815721299,human,0.862,human,0,train
815721300,human,0.863,human,0,train
815721301,human,0.782,human,0,test
815721302,non_human,0.662,non_human,0,train
815721303,human,0.929,human,1,validation
815721304,human,0.784,human,0,train
815721305,human,0.642,non_human,0,test
815721306,human,0.962,human,1,test
815721307,human,0.938,human,1,train
815721308,human,0.834,unknown,0,unknown
815721309,human,0.884,human,0,train
815721310,human,0.629,human,0,test
815721311,human,0.848,human,0,train
815721312,human,0.888,human,0,train
815721313,human,0.881,human,0,train
815721314,human,0.781,unknown,0,unknown
815721315,human,0.853,human,0,test
815721316,human,0.827,human,0,validation
815721317,human,0.855,unknown,0,unknown
815721318,human,0.941,human,1,train
815721319,non_human,0.709,non_human,0,train
815721320,human,0.784,unknown,0,unknown
815721321,human,0.88,human,0,train
815721322,human,0.835,human,0,train
815721323,human,0.961,human,1,train
815721324,human,0.839,human,0,test
815721325,human,0.953,human,1,validation
815721326,human,0.82,human,0,train
815721327,human,0.792,unknown,0,unknown
815721328,human,0.884,human,0,train
815721329,non_human,0.525,human,0,test
815721330,human,0.894,human,0,train
815721331,human,0.889,human,0,train
815721332,human,0.757,unknown,0,unknown
815721333,human,0.804,human,0,test
815721334,non_human,0.574,human,0,validation
815721335,human,0.505,human,0,test
815721336,non_human,0.703,non_human,0,validation
815721337,human,0.924,human,1,test
815721338,human,0.932,human,1,train
815721339,human,0.773,human,0,train
815721340,human,0.699,human,0,train
815721341,human,0.94,human,1,test
815721342,human,0.863,human,0,validation
815721343,human,0.869,human,0,test
815721344,human,0.718,human,0,train
815721345,human,0.772,human,0,train
815721346,human,0.847,human,0,validation
815721347,human,0.882,human,0,validation
815721348,human,0.879,unknown,0,unknown
815721349,human,0.864,human,0,train
815721350,human,0.955,unknown,1,unknown
815721351,human,0.927,human,1,train
815721352,human,0.796,human,0,validation
815721353,human,0.775,human,0,test
815721354,human,0.578,human,0,validation
815721355,human,0.799,human,0,train
815721356,non_human,0.563,human,0,train
815721357,human,0.917,unknown,1,unknown
815721358,human,0.754,human,0,train
815721359,human,0.532,non_human,0,train
815721360,human,0.787,human,0,validation
815721361,human,0.947,human,1,validation
815721362,non_human,0.662,non_human,0,train
815721363,non_human,0.674,non_human,0,train
815721364,human,0.505,non_human,0,validation
815721365,human,0.945,human,1,train
815721366,human,0.812,human,0,test
815721367,human,0.701,human,0,train
815721368,human,0.969,unknown,1,unknown
815721369,human,0.81,human,0,train
815721370,human,0.876,human,0,train
815721371,human,0.861,human,0,train
815721372,human,0.831,human,0,train
815721373,non_human,0.741,non_human,0,train
815721375,human,0.86,human,0,train
815721376,human,0.909,human,1,train
815721377,human,0.935,human,1,train
815721378,human,0.774,non_human,0,train
815721379,human,0.889,human,0,train
815721380,human,0.87,human,0,test
815721381,human,0.795,human,0,train
815721382,human,0.645,human,0,train
815721383,human,0.831,unknown,0,unknown
815721384,non_human,0.691,non_human,0,train
815721385,human,0.814,human,0,train
815721386,non_human,0.862,non_human,0,test
815721387,human,0.782,human,0,test
815721388,human,0.975,human,1,train
815721389,human,0.968,human,1,test
815721390,human,0.943,human,1,train
815721391,human,0.936,human,1,train
815721392,human,0.931,human,1,train
815721393,human,0.734,human,0,train
815721394,human,0.81,human,0,train
815721396,human,0.664,human,0,test
815721397,human,0.775,non_human,0,test
815721398,human,0.769,non_human,0,train
815721399,human,0.797,human,0,test
815721400,human,0.647,non_human,0,train
815721401,human,0.758,human,0,test
815721402,human,0.869,human,0,train
815721403,human,0.515,unknown,0,unknown
815721405,non_human,0.953,non_human,1,train
815721406,human,0.81,human,0,test
815721407,human,0.886,human,0,test
815721408,human,0.692,human,0,train
815721410,human,0.879,human,0,test
815721411,human,0.924,human,1,test
815721412,human,0.718,human,0,train
815721413,human,0.787,human,0,validation
815721414,human,0.917,human,1,validation
815721415,human,0.675,non_human,0,train
815721416,human,0.904,human,1,train
815721417,human,0.908,human,1,train
815721418,non_human,0.952,non_human,1,train
815721419,non_human,0.618,non_human,0,train
815721420,human,0.798,human,0,train
815721421,human,0.899,human,0,validation
815721422,human,0.962,human,1,train
815721423,human,0.885,human,0,test
815721424,non_human,0.886,non_human,0,train
815721425,human,0.846,human,0,train
815721426,human,0.602,non_human,0,validation
815721427,human,0.958,human,1,train
815721428,non_human,0.741,non_human,0,train
815721429,human,0.918,human,1,train
815721430,human,0.869,human,0,train
815721431,human,0.607,non_human,0,validation
815721432,human,0.882,human,0,train
815721433,human,0.7,human,0,test
815721434,human,0.927,human,1,train
815721435,human,0.979,human,1,train
815721436,human,0.614,human,0,train
815721437,human,0.98,human,1,train
815721438,human,0.806,human,0,train
815721439,human,0.835,human,0,validation
815721440,human,0.882,human,0,train
815721441,human,0.747,non_human,0,validation
815721442,human,0.873,unknown,0,unknown
815721443,human,0.904,human,1,validation
815721444,human,0.933,human,1,train
815721446,human,0.891,human,0,validation
815721447,human,0.852,human,0,train
815721448,human,0.891,unknown,0,unknown
815721449,human,0.792,human,0,validation
815721450,human,0.838,human,0,validation
815721451,human,0.945,human,1,validation
815721452,non_human,0.609,non_human,0,train
815721453,human,0.679,human,0,validation
815721454,human,0.832,human,0,test
815721455,non_human,0.508,non_human,0,train
815721456,human,0.965,human,1,test
815721457,human,0.81,human,0,train
815721458,human,0.961,human,1,train
815721459,human,0.892,human,0,train
815721460,non_human,0.593,human,0,train
815721461,human,0.866,human,0,test
815721462,human,0.879,human,0,validation
815721463,human,0.657,human,0,validation
815721464,non_human,0.534,unknown,0,unknown
815721465,human,0.825,human,0,train
815721467,human,0.774,human,0,train
815721468,non_human,0.881,non_human,0,train
815721469,human,0.774,human,0,train
815721470,human,0.851,human,0,test
815721471,human,0.959,human,1,train
815721472,human,0.624,human,0,train
815721473,human,0.632,non_human,0,train
815721474,human,0.838,human,0,train
815721475,human,0.736,human,0,test
815721476,human,0.807,human,0,train
815721477,human,0.689,human,0,validation
815721478,human,0.892,human,0,train
815721479,human,0.769,non_human,0,train
815721480,human,0.957,human,1,train
815721481,human,0.692,human,0,test
815721482,human,0.88,human,0,train
815721483,human,0.752,human,0,train
815721484,human,0.843,human,0,validation
815721485,human,0.917,human,1,train
815721486,human,0.82,human,0,train
815721487,human,0.568,human,0,train
815721488,human,0.717,human,0,validation
815721489,human,0.563,human,0,train
815721490,human,0.884,human,0,train
815721492,human,0.912,human,1,validation
815721493,non_human,0.862,non_human,0,train
815721494,human,0.873,human,0,train
815721495,human,0.861,human,0,train
815721496,human,0.944,human,1,train
815721497,human,0.947,human,1,train
815721498,non_human,0.609,human,0,train
815721499,human,0.972,human,1,test
815721500,human,0.84,unknown,0,unknown
815721501,human,0.718,human,0,train
815721502,human,0.852,human,0,train
815721503,human,0.606,human,0,test
815721504,human,0.857,human,0,train
815721505,human,0.985,human,1,test
815721506,human,0.644,unknown,0,unknown
815721507,human,0.924,human,1,test
815721508,human,0.927,human,1,train
815721509,human,0.881,human,0,train
815721510,human,0.757,unknown,0,unknown
815721511,human,0.695,non_human,0,train
815721512,human,0.969,human,1,test
815721513,human,0.81,unknown,0,unknown
815721514,human,0.89,human,0,train
815721515,human,0.582,non_human,0,train
815721517,human,0.872,human,0,test
815721518,human,0.882,human,0,validation
815721519,human,0.924,human,1,train
815721520,human,0.886,human,0,train
815721521,human,0.842,human,0,train
815721522,non_human,0.685,non_human,0,test
815721523,non_human,0.683,non_human,0,train
815721524,human,0.759,human,0,train
815721525,human,0.632,human,0,train
815721526,human,0.531,non_human,0,train
815721528,human,0.894,human,0,validation
815721529,human,0.691,non_human,0,train
815721530,human,0.853,human,0,validation
815721531,human,0.878,human,0,train
815721532,human,0.931,human,1,train
815721533,human,0.662,human,0,train
815721534,human,0.891,human,0,validation
815721535,non_human,0.865,non_human,0,validation
815721536,human,0.714,human,0,validation
815721538,human,0.869,human,0,train
815721539,human,0.852,human,0,validation
815721540,human,0.924,human,1,train
815721541,human,0.72,human,0,test
815721542,non_human,0.967,non_human,1,validation
815721543,human,0.844,human,0,validation
815721544,human,0.858,human,0,train
815721545,human,0.681,human,0,test
815721546,human,0.753,non_human,0,train
815721547,non_human,0.527,human,0,test
815721548,human,0.814,human,0,train
815721549,human,0.97,human,1,train
815721550,non_human,0.534,non_human,0,test
815721551,human,0.781,non_human,0,test
815721553,human,0.919,human,1,train
815721554,human,0.648,non_human,0,train
815721555,human,0.835,non_human,0,train
815721556,human,0.904,human,1,test
815721557,human,0.93,human,1,train
815721558,human,0.743,human,0,test
815721559,human,0.904,unknown,1,unknown
815721560,human,0.507,non_human,0,train
815721561,non_human,0.538,non_human,0,train
815721562,human,0.785,human,0,test
815721565,human,0.684,human,0,train
815721566,human,0.863,human,0,train
815721567,non_human,0.913,non_human,1,validation
815721568,human,0.949,human,1,train
815721569,non_human,0.744,non_human,0,train
815721570,human,0.763,unknown,0,unknown
815721571,human,0.905,human,1,validation
815721572,human,0.909,human,1,train
815721573,human,0.893,human,0,validation
815721574,non_human,0.91,non_human,1,train
815721575,non_human,0.913,non_human,1,train
815721576,non_human,0.913,non_human,1,train
815721577,non_human,0.913,non_human,1,test
815721578,non_human,0.913,non_human,1,test
815721579,human,0.988,human,1,train
815721580,human,0.651,human,0,test
815721581,human,0.895,human,0,train
815721582,human,0.867,human,0,train
815721583,human,0.961,human,1,train
815721584,human,0.722,human,0,train
815721585,human,0.896,human,0,train
815721586,non_human,0.913,non_human,1,train
815721587,non_human,0.913,non_human,1,test
815721588,human,0.849,human,0,train
815721589,human,0.818,human,0,validation
815721590,human,0.857,human,0,train
815721591,human,0.867,human,0,train
815721592,non_human,0.949,non_human,1,test
815721593,human,0.886,human,0,train
815721594,human,0.64,non_human,0,train
815721595,human,0.776,human,0,validation
815721596,non_human,0.913,non_human,1,train
815721597,human,0.969,human,1,train
815721598,non_human,0.913,non_human,1,train
815721599,non_human,0.913,non_human,1,validation
815721600,human,0.943,human,1,test
815721601,non_human,0.913,non_human,1,validation
815721602,non_human,0.913,non_human,1,test
815721603,non_human,0.913,non_human,1,test
815721604,human,0.965,human,1,validation
815721605,human,0.95,human,1,train
815721606,human,0.926,human,1,train
815721607,human,0.64,human,0,train
815721608,human,0.965,human,1,test
815721610,human,0.715,human,0,test
815721611,human,0.828,human,0,train
815721612,non_human,0.913,non_human,1,validation
815721613,human,0.843,human,0,train
815721614,human,0.899,human,0,train
815721615,non_human,0.913,non_human,1,train
815721616,non_human,0.913,non_human,1,train
815721617,non_human,0.913,non_human,1,train
815721618,non_human,0.913,non_human,1,train
815721619,non_human,0.913,non_human,1,train
815721620,non_human,0.66,non_human,0,test
815721621,non_human,0.913,non_human,1,train
815721622,human,0.887,human,0,train
815721623,human,0.941,human,1,train
815721624,non_human,0.913,non_human,1,train
815721625,non_human,0.918,non_human,1,train
815721626,non_human,0.913,non_human,1,train
815721627,human,0.956,human,1,train
815721628,non_human,0.513,human,0,train
815721630,human,0.506,non_human,0,train
815721631,non_human,0.546,unknown,0,unknown
815721632,human,0.955,unknown,1,unknown
815721633,human,0.849,human,0,train
815721634,human,0.737,human,0,test
815721635,human,0.955,human,1,test
815721636,human,0.745,human,0,validation
815721637,non_human,0.913,non_human,1,train
815721638,non_human,0.913,non_human,1,test
815721639,non_human,0.913,non_human,1,validation
815721640,non_human,0.913,non_human,1,validation
815721641,human,0.967,human,1,test
815721642,human,0.913,human,1,validation
815721643,non_human,0.913,non_human,1,train
815721644,human,0.811,human,0,train
815721645,human,0.929,human,1,train
815721646,human,0.876,human,0,train
815721647,human,0.762,human,0,train
815721648,human,0.971,human,1,validation
815721649,non_human,0.913,non_human,1,train
815721650,non_human,0.913,non_human,1,train
815721651,non_human,0.913,non_human,1,validation
815721652,human,0.76,human,0,train
815721653,non_human,0.913,non_human,1,train
815721654,non_human,0.913,non_human,1,validation
815721655,human,0.886,human,0,validation
815721656,human,0.885,unknown,0,unknown
815721657,non_human,0.913,non_human,1,train
815721658,human,0.859,non_human,0,validation
815721659,human,0.917,human,1,validation
815721660,human,0.953,human,1,train
815721662,human,0.958,human,1,train
815721663,non_human,0.639,non_human,0,train
815721664,human,0.74,human,0,test
815721665,human,0.861,human,0,train
815721666,human,0.7,human,0,train
815721667,non_human,0.506,human,0,validation
815721668,human,0.902,human,1,train
815721670,human,0.741,human,0,train
815721671,human,0.927,human,1,validation
815721672,human,0.903,human,1,train
815721673,human,0.895,human,0,train
815721674,human,0.796,human,0,train
815721675,human,0.917,human,1,test
815721676,human,0.779,human,0,train
815721677,human,0.785,human,0,test
815721678,human,0.924,human,1,train
815721679,human,0.729,human,0,test
815721680,human,0.714,human,0,train
815721681,human,0.935,human,1,train
815721682,non_human,0.617,non_human,0,test
815721683,human,0.743,human,0,test
815721684,human,0.57,non_human,0,train
815721685,human,0.836,unknown,0,unknown
815721686,human,0.872,unknown,0,unknown
815721687,human,0.983,human,1,validation
815721688,human,0.821,human,0,train
815721689,human,0.615,human,0,train
815721690,human,0.557,human,0,validation
815721691,non_human,0.779,non_human,0,train
815721692,human,0.739,non_human,0,train
815721693,human,0.969,human,1,train
815721695,human,0.693,human,0,validation
815721696,human,0.936,human,1,test
815721697,human,0.982,human,1,test
815721698,human,0.766,unknown,0,unknown
815721699,human,0.757,non_human,0,train
815721700,human,0.932,human,1,train
815721702,human,0.875,human,0,test
815721703,human,0.723,human,0,train
815721704,non_human,0.906,human,1,validation
815721705,human,0.868,human,0,train
815721706,human,0.868,human,0,train
815721707,non_human,0.556,human,0,train
815721708,human,0.888,unknown,0,unknown
815721709,non_human,0.731,non_human,0,train
815721710,non_human,0.731,non_human,0,train
815721711,human,0.821,human,0,validation
815721712,human,0.688,human,0,train
815721714,non_human,0.536,human,0,test
815721715,human,0.761,human,0,train
815721716,human,0.687,human,0,train
815721717,human,0.907,human,1,test
815721718,human,0.929,human,1,train
815721719,human,0.94,human,1,train
815721720,human,0.887,human,0,train
815721721,human,0.901,human,1,validation
815721722,human,0.841,human,0,train
815721723,human,0.767,non_human,0,train
815721724,human,0.907,human,1,train
815721725,human,0.503,non_human,0,test
815721726,human,0.954,non_human,1,train
815721727,human,0.868,human,0,train
815721728,human,0.646,human,0,test
815721729,human,0.984,human,1,train
815721730,human,0.68,human,0,validation
815721731,human,0.909,human,1,train
815721732,human,0.737,non_human,0,test
815721733,human,0.855,human,0,validation
815721734,non_human,0.727,non_human,0,train
815721735,non_human,0.918,non_human,1,validation
815721736,human,0.943,human,1,test
815721737,human,0.874,human,0,validation
815721738,human,0.974,human,1,test
815721739,human,0.939,human,1,validation
815721740,human,0.718,human,0,train
815721741,human,0.834,human,0,train
815721742,human,0.871,human,0,train
815721743,human,0.951,human,1,train
815721744,human,0.756,human,0,train
815721745,human,0.912,human,1,train
815721746,human,0.949,human,1,test
815721747,human,0.825,human,0,validation
815721748,human,0.86,unknown,0,unknown
815721749,human,0.535,non_human,0,train
815721750,human,0.888,human,0,validation
815721751,human,0.839,human,0,train
815721752,human,0.94,human,1,test
815721753,human,0.902,human,1,train
815721754,human,0.699,non_human,0,train
815721755,human,0.904,human,1,test
815721756,human,0.66,human,0,test
815721757,human,0.95,human,1,validation
815721758,human,0.751,human,0,train
815721759,human,0.885,human,0,train
815721760,human,0.946,unknown,1,unknown
815721761,non_human,0.832,non_human,0,train
815721762,human,0.924,human,1,train
815721763,human,0.935,human,1,train
815721764,human,0.825,unknown,0,unknown
815721765,human,0.853,human,0,test
815721766,human,0.721,human,0,train
815721767,human,0.958,human,1,train
815721769,non_human,0.645,non_human,0,test
815721770,non_human,0.911,non_human,1,train
815721771,human,0.949,human,1,train
815721772,human,0.979,human,1,train
815721773,human,0.751,human,0,validation
815721774,human,0.874,human,0,test
815721775,non_human,0.743,non_human,0,train
815721776,non_human,0.57,non_human,0,validation
815721777,human,0.918,human,1,train
815721778,non_human,0.55,human,0,train
815721780,human,0.598,non_human,0,test
815721781,human,0.925,human,1,train
815721782,human,0.8,non_human,0,test
815721783,human,0.839,human,0,train
815721784,human,0.613,human,0,train
815721785,human,0.819,human,0,train
815721786,human,0.864,human,0,validation
815721787,non_human,0.83,non_human,0,test
815721789,human,0.824,human,0,train
815721791,human,0.877,human,0,test
815721792,human,0.913,human,1,train
815721793,human,0.762,human,0,test
815721794,human,0.92,human,1,train
815721795,human,0.6,non_human,0,validation
815721796,human,0.713,non_human,0,train
815721797,human,0.513,non_human,0,validation
815721798,human,0.586,human,0,train
815721799,human,0.952,human,1,validation
815721800,human,0.756,human,0,validation
815721801,human,0.812,human,0,train
815721802,non_human,0.859,non_human,0,train
815721803,human,0.801,human,0,train
815721804,human,0.83,human,0,test
815721805,human,0.957,human,1,train
815721806,non_human,0.744,non_human,0,train
815721807,human,0.567,human,0,train
815721808,human,0.822,human,0,train
815721809,human,0.927,human,1,train
815721810,human,0.631,human,0,validation
815721811,human,0.847,human,0,train
815721812,human,0.759,human,0,test
815721813,human,0.745,human,0,validation
815721814,human,0.839,human,0,test
815721815,non_human,0.714,non_human,0,train
815721816,human,0.842,human,0,train
815721817,human,0.864,human,0,validation
815721818,human,0.681,human,0,train
815721819,human,0.892,human,0,train
815721820,human,0.942,human,1,validation
815721821,human,0.924,human,1,validation
815721822,human,0.765,human,0,train
815721823,human,0.933,human,1,train
815721824,non_human,0.921,non_human,1,validation
815721825,human,0.965,human,1,train
815721826,human,0.932,human,1,train
815721827,human,0.891,human,0,train
815721828,human,0.964,human,1,test
815721830,human,0.667,human,0,test
815721832,human,0.9,human,1,train
815721833,non_human,0.549,non_human,0,train
815721835,human,0.937,human,1,train
815721836,human,0.681,human,0,train
815721837,human,0.806,human,0,train
815721838,human,0.975,human,1,train
815721839,human,0.986,human,1,test
815721840,human,0.938,unknown,1,unknown
815721841,human,0.855,human,0,train
815721842,human,0.972,human,1,train
815721843,human,0.892,human,0,train
815721844,human,0.927,human,1,train
815721845,non_human,0.506,human,0,train
815721846,human,0.663,unknown,0,unknown
815721847,human,0.508,non_human,0,train
815721848,human,0.927,unknown,1,unknown
815721849,human,0.799,unknown,0,unknown
815721850,non_human,0.83,non_human,0,train
815721851,human,0.762,non_human,0,validation
815721852,human,0.864,human,0,train
815721853,human,0.909,human,1,train
815721854,human,0.554,human,0,train
815721855,human,0.646,human,0,train
815721856,human,0.974,human,1,validation
815721857,human,0.722,human,0,test
815721858,human,0.77,human,0,train
815721859,human,0.782,human,0,test
815721860,human,0.98,human,1,train
815721861,human,0.894,human,0,train
815721862,human,0.85,human,0,test
815721863,human,0.869,human,0,validation
815721864,human,0.988,human,1,train
815721865,human,0.931,human,1,train
815721866,human,0.833,human,0,train
815721867,human,0.824,human,0,test
815721868,human,0.52,human,0,validation
815721869,human,0.677,non_human,0,train
815721870,human,0.825,human,0,train
815721871,human,0.718,human,0,train
815721872,non_human,0.688,non_human,0,train
815721873,human,0.774,human,0,test
815721874,human,0.754,human,0,validation
815721875,human,0.81,human,0,validation
815721876,human,0.946,human,1,train
815721877,human,0.924,human,1,validation
815721878,human,0.841,human,0,test
815721879,human,0.606,human,0,test
815721880,human,0.771,human,0,test
815721881,human,0.857,human,0,train
815721882,human,0.551,human,0,test
815721883,human,0.604,human,0,test
815721884,human,0.582,human,0,validation
815721885,human,0.823,unknown,0,unknown
815721886,human,0.806,human,0,train
815721887,human,0.956,human,1,test
815721889,human,0.506,non_human,0,train
815721890,human,0.977,human,1,train
815721891,human,0.819,unknown,0,unknown
815721894,human,0.699,human,0,test
815721895,human,0.813,human,0,train
815721896,human,0.935,human,1,validation
815721897,human,0.766,human,0,validation
815721898,human,0.896,human,0,validation
815721899,human,0.909,human,1,train
815721900,human,0.976,human,1,validation
815721901,human,0.958,human,1,test
815721902,human,0.858,human,0,train
815721903,human,0.883,human,0,train
815721904,human,0.785,human,0,train
815721905,human,0.871,human,0,train
815721906,human,0.9,human,1,train
815721907,human,0.921,human,1,train
815721908,human,0.907,human,1,train
815721909,human,0.702,non_human,0,train
815721910,human,0.5,non_human,0,validation
815721911,human,0.877,human,0,train
815721912,non_human,0.766,non_human,0,test
815721913,human,0.896,human,0,train
815721914,human,0.948,human,1,validation
815721915,human,0.63,human,0,test
815721916,human,0.894,human,0,train
815721917,human,0.542,human,0,train
815721918,human,0.698,non_human,0,train
815721919,non_human,0.798,non_human,0,train
815721920,human,0.522,human,0,train
815721921,human,0.878,human,0,train
815721922,human,0.825,non_human,0,validation
815721923,human,0.879,non_human,0,test
815721924,human,0.943,human,1,train
815721925,human,0.942,human,1,train
815721926,human,0.651,human,0,train
815721927,human,0.81,human,0,train
815721928,non_human,0.686,non_human,0,validation
815721929,human,0.897,human,0,train
815721931,non_human,0.747,non_human,0,train
815721932,non_human,0.559,non_human,0,train
815721933,human,0.927,human,1,validation
815721934,human,0.886,human,0,test
815721935,human,0.753,human,0,train
815721937,non_human,0.509,non_human,0,train
815721938,human,0.94,human,1,train
815721939,human,0.842,human,0,train
815721940,human,0.923,human,1,test
815721941,human,0.789,human,0,test
815721942,non_human,0.542,human,0,train
815721943,human,0.754,unknown,0,unknown
815721944,human,0.985,human,1,test
815721945,human,0.861,unknown,0,unknown
815721946,human,0.94,human,1,train
815721947,human,0.968,human,1,train
815721948,human,0.92,human,1,test
815721949,human,0.843,human,0,train
815721950,human,0.93,human,1,validation
815721951,human,0.514,non_human,0,train
815721952,human,0.83,human,0,train
815721953,human,0.82,human,0,validation
815721954,human,0.835,human,0,validation
815721955,human,0.821,non_human,0,validation
815721956,human,0.658,non_human,0,train
815721957,human,0.737,non_human,0,train
815721958,human,0.973,human,1,train
815721959,human,0.911,human,1,train
815721960,human,0.788,human,0,test
815721961,human,0.981,human,1,test
815721962,human,0.897,human,0,train
815721963,human,0.84,human,0,train
815721964,human,0.952,human,1,train
815721965,human,0.987,human,1,train
815721966,human,0.756,human,0,validation
815721967,human,0.683,non_human,0,train
815721968,human,0.868,human,0,test
815721969,human,0.879,human,0,train
815721970,human,0.828,human,0,validation
815721971,human,0.81,human,0,train
815721972,human,0.784,non_human,0,train
815721973,human,0.769,non_human,0,test
815721974,human,0.76,human,0,test
815721975,human,0.983,human,1,test
815721976,human,0.584,human,0,train
815721977,human,0.695,human,0,train
815721978,non_human,0.672,non_human,0,train
815721979,human,0.86,non_human,0,test
815721980,human,0.86,human,0,test
815721981,human,0.861,human,0,train
815721983,human,0.896,unknown,0,unknown
815721984,human,0.722,human,0,train
815721985,human,0.89,human,0,train
815721986,human,0.899,human,0,train
815721987,human,0.886,human,0,train
815721988,human,0.93,human,1,train
815721989,human,0.898,human,0,train
815721990,non_human,0.903,non_human,1,validation
815721991,human,0.546,non_human,0,train
815721992,human,0.606,human,0,validation
815721993,human,0.866,human,0,test
815721994,human,0.628,human,0,train
815721995,human,0.895,human,0,train
815721996,human,0.601,human,0,test
815721997,human,0.938,human,1,train
815721998,human,0.893,human,0,train
815721999,human,0.9,human,1,train
815722000,human,0.609,human,0,validation
815722001,human,0.779,human,0,test
815722002,human,0.896,human,0,train
815722003,human,0.885,human,0,test
815722004,human,0.877,human,0,train
815722005,human,0.749,human,0,train
815722006,human,0.897,human,0,train
815722007,human,0.757,human,0,train
815722008,human,0.898,human,0,validation
815722009,human,0.958,human,1,train
815722010,human,0.936,human,1,train
815722012,human,0.708,human,0,validation
815722014,human,0.675,human,0,train
815722015,human,0.769,non_human,0,train
815722016,human,0.6,human,0,test
815722017,human,0.839,human,0,train
815722018,human,0.961,human,1,validation
815722019,human,0.981,human,1,test
815722020,human,0.912,human,1,train
815722021,human,0.77,human,0,train
815722022,human,0.606,non_human,0,validation
815722023,non_human,0.784,non_human,0,validation
815722024,human,0.828,human,0,validation
815722025,non_human,0.52,non_human,0,validation
815722026,non_human,0.907,non_human,1,train
815722027,human,0.608,human,0,validation
815722028,human,0.722,human,0,validation
815722029,human,0.966,human,1,train
815722030,human,0.704,non_human,0,train
815722031,human,0.852,human,0,train
815722032,human,0.839,human,0,train
815722033,human,0.568,human,0,train
815722034,human,0.965,human,1,train
815722036,human,0.937,human,1,train
815722037,human,0.73,human,0,train
815722038,human,0.948,human,1,train
815722039,non_human,0.728,non_human,0,train
815722040,human,0.75,human,0,train
815722041,human,0.66,non_human,0,train
815722042,human,0.94,human,1,validation
815722043,human,0.512,non_human,0,train
815722044,human,0.896,human,0,train
815722046,human,0.692,human,0,train
815722047,non_human,0.567,non_human,0,train
815722048,human,0.908,human,1,train
815722049,human,0.931,human,1,train
815722050,human,0.705,human,0,train
815722051,human,0.766,human,0,validation
815722052,human,0.934,human,1,train
815722053,human,0.694,human,0,validation
815722054,human,0.981,human,1,train
815722055,human,0.854,human,0,train
815722056,human,0.715,non_human,0,validation
815722057,human,0.793,human,0,validation
815722058,non_human,0.752,non_human,0,train
815722060,human,0.932,human,1,train
815722061,human,0.943,human,1,train
815722062,human,0.502,non_human,0,validation
815722063,human,0.785,human,0,train
815722064,human,0.761,human,0,train
815722065,human,0.914,human,1,train
815722067,human,0.978,human,1,train
815722068,human,0.848,human,0,train
815722069,human,0.812,non_human,0,validation
815722070,human,0.788,human,0,train
815722071,human,0.735,human,0,test
815722072,human,0.871,human,0,train
815722073,human,0.995,human,1,validation
815722074,human,0.869,human,0,validation
815722075,human,0.774,human,0,validation
815722076,human,0.931,human,1,train
815722077,human,0.92,human,1,train
815722078,human,0.721,non_human,0,train
815722079,human,0.731,human,0,validation
815722080,human,0.701,human,0,validation
815722081,human,0.888,human,0,train
815722082,human,0.929,human,1,train
815722083,human,0.542,human,0,validation
815722084,human,0.903,human,1,train
815722085,human,0.778,human,0,test
815722086,human,0.784,human,0,validation
815722087,human,0.745,human,0,train
815722088,human,0.817,human,0,train
815722089,human,0.652,human,0,test
815722090,human,0.942,human,1,test
815722091,human,0.606,human,0,train
815722092,human,0.91,human,1,train
815722093,human,0.672,non_human,0,validation
815722094,human,0.608,non_human,0,validation
815722095,human,0.745,human,0,train
815722096,human,0.859,human,0,train
815722097,non_human,0.66,non_human,0,train
815722098,human,0.908,human,1,test
815722099,human,0.699,human,0,validation
815722101,non_human,0.78,non_human,0,train
815722102,human,0.876,human,0,train
815722103,human,0.85,human,0,train
815722104,non_human,0.573,human,0,validation
815722105,human,0.954,human,1,train
815722106,human,0.843,human,0,train
815722107,human,0.825,human,0,test
815722108,human,0.83,unknown,0,unknown
815722110,human,0.925,human,1,train
815722111,human,0.887,human,0,train
815722112,non_human,0.734,non_human,0,train
815722113,human,0.714,human,0,validation
815722114,human,0.895,human,0,test
815722115,human,0.755,human,0,test
815722116,human,0.945,human,1,train
815722117,human,0.667,human,0,train
815722118,human,0.681,non_human,0,train
815722119,human,0.94,human,1,train
815722120,human,0.874,human,0,validation
815722121,human,0.762,human,0,test
815722122,human,0.873,human,0,validation
815722123,human,0.831,human,0,train
815722124,human,0.802,human,0,train
815722125,human,0.911,human,1,train
815722126,human,0.834,human,0,train
815722127,human,0.915,human,1,validation
815722128,human,0.898,human,0,validation
815722129,human,0.98,human,1,train
815722130,human,0.808,human,0,train
815722131,non_human,0.687,non_human,0,train
815722132,human,0.755,human,0,train
815722133,human,0.6,non_human,0,train
815722134,human,0.85,non_human,0,train
815722136,human,0.556,human,0,train
815722137,human,0.817,non_human,0,train
815722138,human,0.83,human,0,validation
815722139,human,0.935,human,1,train
815722140,human,0.782,human,0,train
815722141,human,0.952,human,1,validation
815722142,human,0.904,human,1,train
815722143,human,0.895,human,0,train
815722144,human,0.947,unknown,1,unknown
815722146,human,0.919,human,1,train
815722147,human,0.733,human,0,train
815722148,human,0.953,human,1,train
815722149,human,0.829,human,0,train
815722150,human,0.967,human,1,train
815722151,non_human,0.562,non_human,0,train
815722152,human,0.808,non_human,0,train
815722153,human,0.755,human,0,train
815722154,human,0.675,human,0,test
815722155,human,0.96,human,1,validation
815722156,human,0.973,human,1,train
815722157,human,0.66,human,0,train
815722158,non_human,0.635,non_human,0,validation
815722159,human,0.636,human,0,train
815722160,non_human,0.532,non_human,0,train
815722161,human,0.842,human,0,test
815722162,human,0.778,unknown,0,unknown
815722163,non_human,0.597,non_human,0,validation
815722164,human,0.788,non_human,0,train
815722166,human,0.895,human,0,train
815722168,human,0.74,unknown,0,unknown
815722169,human,0.94,human,1,test
815722170,human,0.724,non_human,0,validation
815722171,human,0.882,human,0,train
815722172,non_human,0.616,human,0,train
815722173,human,0.882,human,0,test
815722174,human,0.966,human,1,test
815722175,human,0.844,human,0,train
815722176,human,0.768,human,0,train
815722177,human,0.591,non_human,0,train
815722178,human,0.964,human,1,train
815722179,human,0.942,human,1,validation
815722181,human,0.865,human,0,train
815722182,human,0.883,human,0,train
815722183,non_human,0.708,non_human,0,train
815722184,human,0.679,human,0,test
815722185,human,0.584,human,0,validation
815722186,human,0.641,non_human,0,train
815722187,non_human,0.861,non_human,0,validation
815722188,human,0.954,human,1,train
815722189,human,0.941,human,1,train
815722190,non_human,0.571,human,0,validation
815722191,non_human,0.702,non_human,0,train
815722192,human,0.938,human,1,train
815722193,human,0.69,human,0,train
815722195,human,0.636,human,0,train
815722196,non_human,0.719,non_human,0,train
815722197,human,0.871,human,0,train
815722198,human,0.687,human,0,test
815722199,non_human,0.566,non_human,0,validation
815722200,human,0.835,human,0,train
815722201,human,0.974,human,1,test
815722202,human,0.821,non_human,0,test
815722203,non_human,0.541,non_human,0,train
815722204,human,0.881,human,0,test
815722205,human,0.808,human,0,train
815722206,human,0.776,human,0,validation
815722207,human,0.506,non_human,0,validation
815722209,human,0.805,human,0,train
815722210,human,0.727,non_human,0,validation
815722211,human,0.987,human,1,train
815722212,human,0.511,non_human,0,train
815722213,human,0.872,human,0,train
815722214,human,0.853,human,0,test
815722215,human,0.911,human,1,train
815722216,human,0.811,human,0,validation
815722217,human,0.728,human,0,validation
815722218,human,0.731,human,0,test
815722220,human,0.897,human,0,validation
815722221,human,0.969,human,1,test
815722222,non_human,0.692,non_human,0,test
815722223,non_human,0.689,non_human,0,train
815722224,human,0.807,human,0,test
815722225,human,0.55,human,0,validation
815722226,human,0.849,human,0,validation
815722227,human,0.951,human,1,validation
815722228,human,0.898,human,0,test
815722229,human,0.857,human,0,test
815722230,non_human,0.557,non_human,0,train
815722231,human,0.553,human,0,train
815722233,human,0.868,human,0,train
815722235,human,0.664,non_human,0,train
815722236,non_human,0.949,non_human,1,validation
815722237,human,0.873,human,0,test
815722238,human,0.52,human,0,test
815722239,human,0.935,human,1,train
815722240,human,0.793,human,0,train
815722241,human,0.906,human,1,train
815722242,human,0.756,human,0,train
815722243,human,0.899,human,0,validation
815722244,human,0.647,human,0,train
815722245,human,0.879,human,0,train
815722246,human,0.82,human,0,train
815722247,human,0.559,unknown,0,unknown
815722248,human,0.947,human,1,test
815722250,human,0.809,human,0,test
815722251,human,0.815,human,0,validation
815722252,human,0.951,human,1,train
815722253,human,0.88,human,0,validation
815722254,non_human,0.525,non_human,0,validation
815722255,human,0.844,human,0,train
815722256,human,0.855,human,0,validation
815722257,human,0.902,human,1,train
815722258,human,0.9,unknown,1,unknown
815722259,human,0.765,human,0,test
815722260,human,0.966,human,1,validation
815722261,human,0.883,human,0,validation
815722262,human,0.837,human,0,train
815722264,human,0.925,human,1,train
815722265,human,0.969,human,1,train
815722266,human,0.785,human,0,train
815722267,human,0.917,human,1,train
815722268,human,0.893,human,0,test
815722269,human,0.974,human,1,validation
815722270,non_human,0.511,unknown,0,unknown
815722271,human,0.851,human,0,test
815722272,non_human,0.528,non_human,0,train
815722273,human,0.853,human,0,train
815722274,human,0.861,human,0,train
815722276,human,0.674,human,0,train
815722277,human,0.824,human,0,train
815722278,human,0.577,human,0,validation
815722279,human,0.898,human,0,train
815722280,human,0.888,human,0,test
815722281,human,0.872,human,0,train
815722282,human,0.887,human,0,validation
815722283,human,0.948,human,1,test
815722284,human,0.856,unknown,0,unknown
815722285,human,0.948,human,1,validation
815722286,human,0.867,human,0,train
815722287,human,0.879,human,0,train
815722288,human,0.75,unknown,0,unknown
815722289,human,0.929,human,1,test
815722290,human,0.833,human,0,train
815722291,human,0.724,human,0,validation
815722293,human,0.828,human,0,test
815722294,human,0.909,human,1,train
815722295,human,0.769,human,0,validation
815722296,non_human,0.572,non_human,0,train
815722297,human,0.699,human,0,test
815722298,human,0.926,human,1,train
815722299,human,0.551,unknown,0,unknown
815722300,non_human,0.862,non_human,0,test
815722301,non_human,0.545,non_human,0,validation
815722302,human,0.977,human,1,validation
815722303,human,0.822,human,0,train
815722304,human,0.665,unknown,0,unknown
815722305,human,0.916,human,1,test
815722306,human,0.535,unknown,0,unknown
815722307,human,0.928,human,1,train
815722308,human,0.963,human,1,train
815722309,human,0.777,human,0,train
815722310,human,0.768,human,0,train
815722311,human,0.898,human,0,train
815722312,human,0.832,human,0,train
815722313,human,0.962,human,1,train
815722314,human,0.916,human,1,validation
815722315,human,0.987,human,1,train
815722316,human,0.875,human,0,train
815722317,human,0.914,human,1,train
815722318,human,0.86,human,0,train
815722319,human,0.623,non_human,0,test
815722320,human,0.94,human,1,validation
815722321,human,0.723,human,0,train
815722322,non_human,0.528,human,0,validation
815722323,human,0.884,unknown,0,unknown
815722324,non_human,0.506,human,0,test
815722325,human,0.933,human,1,validation
815722326,human,0.676,non_human,0,train
815722327,human,0.897,non_human,0,train
815722328,human,0.566,human,0,train
815722329,human,0.746,human,0,train
815722330,human,0.918,human,1,train
815722331,human,0.951,human,1,train
815722332,human,0.861,human,0,train
815722333,human,0.822,human,0,train
815722334,human,0.97,human,1,train
815722335,human,0.841,human,0,train
815722337,non_human,0.634,human,0,test
815722338,human,0.601,non_human,0,train
815722340,human,0.98,human,1,train
815722342,human,0.834,human,0,validation
815722343,human,0.809,non_human,0,test
815722345,human,0.872,human,0,train
815722346,non_human,0.625,non_human,0,validation
815722347,human,0.809,human,0,train
815722348,human,0.727,non_human,0,train
815722349,human,0.79,unknown,0,unknown
815722351,human,0.809,human,0,test
815722352,non_human,0.903,non_human,1,train
815722354,human,0.705,non_human,0,train
815722357,human,0.907,human,1,train
815722358,human,0.787,human,0,train
815722359,non_human,0.714,non_human,0,train
815722360,human,0.901,human,1,train
815722361,human,0.595,human,0,train
815722362,human,0.67,non_human,0,train
815722363,non_human,0.647,human,0,validation
815722364,non_human,0.768,non_human,0,test
815722365,human,0.898,human,0,validation
815722366,non_human,0.748,non_human,0,train
815722367,human,0.832,human,0,train
815722368,human,0.884,human,0,validation
815722369,human,0.946,human,1,test
815722370,human,0.65,human,0,train
815722371,human,0.721,human,0,validation
815722372,human,0.783,human,0,train
815722373,human,0.945,human,1,validation
815722374,non_human,0.758,non_human,0,test
815722375,human,0.604,human,0,train
815722376,human,0.671,non_human,0,train
815722377,non_human,0.831,non_human,0,train
815722378,human,0.884,non_human,0,test
815722379,human,0.93,human,1,test
815722381,human,0.696,human,0,train
815722382,human,0.912,human,1,validation
815722383,human,0.941,human,1,validation
815722384,human,0.886,human,0,test
815722385,human,0.817,human,0,train
815722386,non_human,0.562,non_human,0,test
815722387,non_human,0.689,human,0,test
815722388,non_human,0.622,non_human,0,train
815722389,human,0.887,human,0,train
815722390,human,0.716,non_human,0,train
815722392,human,0.912,human,1,train
815722393,human,0.778,human,0,train
815722394,human,0.856,human,0,train
815722395,non_human,0.511,human,0,validation
815722396,human,0.733,human,0,test
815722397,human,0.94,human,1,train
815722398,non_human,0.769,non_human,0,train
815722399,human,0.947,non_human,1,train
815722400,human,0.852,human,0,test
815722401,non_human,0.744,non_human,0,train
815722402,human,0.868,human,0,test
815722403,human,0.938,human,1,test
815722404,human,0.915,human,1,test
815722405,human,0.937,unknown,1,unknown
815722406,human,0.855,human,0,validation
815722407,human,0.541,non_human,0,train
815722408,non_human,0.665,human,0,test
815722409,human,0.96,human,1,train
815722410,human,0.668,non_human,0,train
815722412,human,0.837,unknown,0,unknown
815722413,human,0.907,human,1,train
815722414,human,0.636,non_human,0,train
815722415,human,0.778,human,0,validation
815722416,human,0.561,unknown,0,unknown
815722417,human,0.964,human,1,validation
815722418,human,0.877,human,0,train
815722419,human,0.572,non_human,0,test
815722420,human,0.877,human,0,train
815722421,human,0.806,human,0,train
815722422,non_human,0.901,non_human,1,validation
815722423,human,0.922,human,1,test
815722424,human,0.663,human,0,validation
815722425,human,0.844,human,0,train
815722426,human,0.504,human,0,validation
815722427,human,0.716,human,0,train
815722428,human,0.743,human,0,train
815722429,human,0.963,human,1,train
815722430,human,0.914,non_human,1,validation
815722431,non_human,0.802,non_human,0,train
815722432,human,0.764,human,0,test
815722433,human,0.782,human,0,train
815722434,non_human,0.66,non_human,0,train
815722435,human,0.803,human,0,train
815722436,non_human,0.669,non_human,0,train
815722437,human,0.918,human,1,train
815722438,human,0.642,human,0,train
815722439,human,0.932,human,1,train
815722440,human,0.527,human,0,train
815722441,human,0.897,human,0,train
815722442,human,0.911,human,1,train
815722443,human,0.919,human,1,test
815722444,human,0.877,human,0,train
815722445,human,0.923,human,1,train
815722446,human,0.918,human,1,validation
815722447,human,0.898,human,0,validation
815722448,human,0.786,human,0,train
815722449,human,0.982,human,1,train
815722452,human,0.94,human,1,train
815722453,non_human,0.531,non_human,0,train
815722454,human,0.742,human,0,train
815722455,human,0.592,human,0,train
815722456,human,0.61,human,0,train
815722457,human,0.919,human,1,test
815722458,human,0.723,human,0,train
815722459,human,0.962,human,1,train
815722460,human,0.888,human,0,train
815722461,human,0.575,non_human,0,validation
815722462,non_human,0.567,non_human,0,train
815722463,human,0.949,human,1,validation
815722464,human,0.841,human,0,test
815722465,human,0.669,human,0,test
815722466,human,0.96,human,1,test
815722467,human,0.92,human,1,train
815722468,human,0.946,human,1,train
815722469,human,0.885,human,0,train
815722470,human,0.983,human,1,test
815722471,human,0.822,human,0,train
815722472,human,0.929,human,1,train
815722473,human,0.684,non_human,0,test
815722474,human,0.706,non_human,0,train
815722475,human,0.925,human,1,train
815722476,human,0.81,human,0,train
815722477,human,0.973,human,1,train
815722478,human,0.968,human,1,test
815722479,human,0.862,human,0,validation
815722480,human,0.787,human,0,validation
815722481,human,0.89,human,0,train
815722482,non_human,0.877,non_human,0,train
815722483,human,0.873,human,0,train
815722484,human,0.771,unknown,0,unknown
815722486,human,0.968,human,1,validation
815722487,human,0.975,human,1,train
815722488,non_human,0.856,non_human,0,train
815722489,human,0.861,human,0,test
815722491,human,0.981,human,1,train
815722492,human,0.739,human,0,train
815722493,human,0.973,human,1,train
815722494,human,0.9,human,1,train
815722495,human,0.861,human,0,train
815722496,human,0.893,human,0,validation
815722497,human,0.656,human,0,test
815722498,human,0.895,human,0,train
815722499,human,0.536,human,0,test
815722500,human,0.739,human,0,test
815722501,human,0.963,human,1,validation
815722502,human,0.935,human,1,test
815722503,human,0.985,human,1,train
815722504,human,0.856,human,0,train
815722505,human,0.884,human,0,train
815722506,human,0.646,non_human,0,train
815722507,human,0.686,human,0,test
815722508,human,0.659,human,0,train
815722509,human,0.984,human,1,train
815722510,non_human,0.79,non_human,0,train
815722511,human,0.89,human,0,train
815722512,human,0.932,human,1,test
815722513,human,0.713,human,0,test
815722515,human,0.973,human,1,train
815722516,non_human,0.723,non_human,0,train
815722517,human,0.851,non_human,0,train
815722518,human,0.758,non_human,0,train
815722519,human,0.831,human,0,validation
815722520,human,0.864,human,0,validation
815722521,human,0.784,human,0,train
815722522,non_human,0.765,non_human,0,train
815722523,human,0.816,human,0,test
815722524,human,0.955,human,1,validation
815722525,human,0.899,human,0,test
815722526,human,0.746,human,0,test
815722527,human,0.968,human,1,train
815722528,human,0.744,human,0,train
815722529,non_human,0.67,non_human,0,train
815722530,non_human,0.686,non_human,0,train
815722531,human,0.921,human,1,train
815722532,human,0.796,human,0,train
815722533,human,0.834,human,0,train
815722534,human,0.873,human,0,train
815722535,human,0.69,human,0,train
815722536,human,0.766,human,0,train
815722537,non_human,0.715,non_human,0,train
815722538,non_human,0.503,non_human,0,train
815722539,non_human,0.602,non_human,0,validation
815722540,human,0.94,human,1,train
815722541,human,0.907,human,1,test
815722542,human,0.801,human,0,train
815722543,human,0.678,non_human,0,train
815722544,non_human,0.865,non_human,0,train
815722545,non_human,0.605,human,0,test
815722546,human,0.714,human,0,test
815722547,human,0.831,human,0,train
815722548,human,0.807,human,0,train
815722549,non_human,0.758,non_human,0,train
815722550,human,0.64,human,0,train
815722551,non_human,0.811,non_human,0,train
815722553,human,0.562,human,0,validation
815722554,human,0.934,human,1,train
815722555,human,0.638,human,0,train
815722556,human,0.979,human,1,test
815722557,non_human,0.898,non_human,0,train
815722558,human,0.801,human,0,train
815722559,human,0.619,unknown,0,unknown
815722560,human,0.906,human,1,test
815722561,human,0.869,human,0,validation
815722562,human,0.934,human,1,test
815722563,human,0.879,human,0,train
815722564,human,0.785,human,0,train
815722565,human,0.865,human,0,validation
815722566,human,0.803,human,0,train
815722567,human,0.975,human,1,validation
815722568,human,0.817,human,0,train
815722569,human,0.917,human,1,train
815722570,human,0.961,human,1,train
815722571,non_human,0.583,human,0,validation
815722572,human,0.881,human,0,test
815722573,human,0.914,human,1,train
815722574,human,0.891,human,0,test
815722575,human,0.811,human,0,test
815722576,human,0.989,human,1,train
815722577,human,0.98,human,1,validation
815722578,non_human,0.833,non_human,0,validation
815722579,human,0.97,non_human,1,train
815722580,human,0.929,human,1,train
815722581,human,0.886,human,0,train
815722582,human,0.723,unknown,0,unknown
815722583,non_human,0.647,non_human,0,test
815722584,human,0.817,human,0,train
815722585,human,0.943,human,1,train
815722586,non_human,0.871,non_human,0,train
815722587,human,0.889,human,0,train
815722588,human,0.803,human,0,validation
815722590,human,0.828,human,0,train
815722591,non_human,0.628,human,0,validation
815722592,human,0.908,human,1,validation
815722593,non_human,0.628,non_human,0,train
815722594,human,0.776,human,0,validation
815722596,human,0.872,human,0,validation
815722597,human,0.94,human,1,train
815722598,human,0.868,human,0,train
815722599,human,0.972,human,1,validation
815722600,non_human,0.647,non_human,0,train
815722601,human,0.694,human,0,train
815722602,non_human,0.732,non_human,0,train
815722603,human,0.852,human,0,validation
815722604,human,0.745,human,0,train
815722605,human,0.912,human,1,validation
815722606,non_human,0.601,non_human,0,train
815722607,human,0.562,human,0,train
815722608,non_human,0.827,non_human,0,train
815722609,human,0.808,human,0,test
815722611,human,0.936,human,1,train
815722612,human,0.725,human,0,train
815722613,human,0.842,human,0,train
815722614,human,0.848,human,0,validation
815722615,human,0.738,human,0,train
815722616,non_human,0.716,human,0,train
815722617,human,0.622,human,0,validation
815722618,human,0.888,human,0,test
815722619,non_human,0.503,human,0,train
815722620,human,0.917,unknown,1,unknown
815722621,human,0.954,human,1,test
815722622,human,0.574,human,0,train
815722623,non_human,0.593,human,0,validation
815722624,human,0.912,human,1,validation
815722625,human,0.721,human,0,train
815722626,human,0.904,human,1,train
815722627,human,0.77,human,0,train
815722628,human,0.757,human,0,train
815722629,human,0.795,human,0,train
815722630,human,0.97,human,1,validation
815722631,human,0.96,human,1,train
815722632,human,0.782,human,0,train
815722635,human,0.934,human,1,train
815722637,human,0.782,human,0,validation
815722638,non_human,0.596,non_human,0,train
815722639,human,0.911,human,1,test
815722640,human,0.613,non_human,0,validation
815722641,human,0.892,human,0,train
815722642,human,0.813,human,0,train
815722644,human,0.642,unknown,0,unknown
815722645,human,0.894,human,0,train
815722646,human,0.905,human,1,train
815722647,human,0.853,human,0,test
815722648,human,0.94,human,1,train
815722649,human,0.777,human,0,train
815722650,human,0.96,human,1,train
815722651,human,0.977,human,1,train
815722652,human,0.824,human,0,train
815722653,human,0.559,human,0,test
815722654,non_human,0.533,human,0,validation
815722655,non_human,0.895,non_human,0,test
815722656,human,0.911,human,1,train
815722657,human,0.904,human,1,test
815722658,human,0.897,human,0,validation
815722659,human,0.807,human,0,train
815722660,human,0.953,human,1,train
815722661,human,0.755,unknown,0,unknown
815722662,human,0.879,human,0,train
815722663,human,0.555,unknown,0,unknown
815722664,human,0.949,human,1,train
815722665,human,0.93,human,1,validation
815722666,human,0.968,human,1,train
815722667,human,0.627,human,0,train
815722668,human,0.953,human,1,test
815722669,human,0.671,human,0,validation
815722670,human,0.768,human,0,validation
815722671,human,0.945,human,1,test
815722672,human,0.804,human,0,train
815722673,human,0.937,human,1,test
815722674,human,0.73,non_human,0,test
815722675,human,0.763,human,0,validation
815722676,human,0.74,human,0,validation
815722678,human,0.943,unknown,1,unknown
815722680,human,0.725,human,0,train
815722681,human,0.965,human,1,validation
815722682,human,0.695,human,0,train
815722683,human,0.856,unknown,0,unknown
815722684,non_human,0.851,non_human,0,train
815722685,human,0.915,human,1,train
815722687,human,0.818,human,0,train
815722688,human,0.965,unknown,1,unknown
815722689,human,0.911,human,1,train
815722690,human,0.916,human,1,test
815722691,human,0.714,human,0,train
815722692,human,0.89,human,0,train
815722693,human,0.777,human,0,train
815722694,non_human,0.885,non_human,0,train
815722695,human,0.918,human,1,test
815722696,human,0.963,human,1,validation
815722697,non_human,0.788,non_human,0,train
815722698,human,0.909,human,1,train
815722699,human,0.927,human,1,train
815722700,human,0.808,human,0,train
815722701,human,0.962,human,1,validation
815722702,human,0.873,human,0,train
815722703,human,0.628,human,0,test
815722704,human,0.737,human,0,train
815722705,non_human,0.716,human,0,train
815722706,non_human,0.636,non_human,0,train
815722707,non_human,0.663,human,0,train
815722708,human,0.946,human,1,test
815722709,human,0.601,human,0,test
815722710,human,0.735,human,0,train
815722711,human,0.774,human,0,validation
815722712,human,0.834,non_human,0,train
815722713,human,0.622,non_human,0,test
815722714,non_human,0.929,non_human,1,validation
815722715,non_human,0.777,non_human,0,train
815722716,human,0.826,human,0,validation
815722717,human,0.84,non_human,0,train
815722718,non_human,0.525,human,0,train
815722719,human,0.95,human,1,test
815722721,human,0.662,non_human,0,train
815722722,human,0.829,unknown,0,unknown
815722723,human,0.873,unknown,0,unknown
815722724,non_human,0.635,non_human,0,validation
815722725,human,0.902,human,1,train
815722726,human,0.738,human,0,train
815722729,human,0.84,human,0,validation
815722730,human,0.838,non_human,0,test
815722731,human,0.907,human,1,test
815722732,human,0.782,human,0,train
815722733,non_human,0.911,non_human,1,train
815722734,non_human,0.546,non_human,0,test
815722735,human,0.982,human,1,validation
815722736,human,0.812,human,0,train
815722737,human,0.88,human,0,test
815722738,human,0.755,human,0,train
815722739,non_human,0.691,non_human,0,train
815722740,human,0.964,human,1,test
815722741,human,0.778,human,0,train
815722742,human,0.957,human,1,test
815722743,human,0.853,non_human,0,validation
815722744,non_human,0.749,non_human,0,train
815722745,human,0.796,human,0,train
815722746,human,0.801,human,0,train
815722747,human,0.805,human,0,test
815722748,human,0.79,human,0,train
815722749,human,0.813,human,0,train
815722750,human,0.872,human,0,train
815722751,human,0.503,human,0,test
815722752,human,0.923,human,1,validation
815722753,human,0.791,human,0,train
815722754,human,0.659,non_human,0,validation
815722755,human,0.791,human,0,train
815722756,non_human,0.629,non_human,0,validation
815722757,non_human,0.578,human,0,validation
815722758,human,0.679,non_human,0,train
815722759,human,0.934,human,1,test
815722760,human,0.754,human,0,train
815722762,human,0.861,human,0,train
815722763,human,0.799,human,0,train
815722764,human,0.904,human,1,train
815722765,non_human,0.767,unknown,0,unknown
815722766,human,0.911,human,1,test
815722767,human,0.891,human,0,train
815722768,human,0.781,human,0,validation
815722769,human,0.962,human,1,test
815722770,human,0.974,human,1,train
815722771,non_human,0.603,human,0,train
815722772,human,0.837,human,0,test
815722773,human,0.938,human,1,train
815722774,non_human,0.593,non_human,0,train
815722775,human,0.643,human,0,train
815722776,human,0.9,unknown,1,unknown
815722777,human,0.947,human,1,train
815722778,human,0.897,human,0,train
815722779,human,0.774,unknown,0,unknown
815722780,human,0.92,human,1,train
815722781,human,0.835,unknown,0,unknown
815722782,human,0.599,unknown,0,unknown
815722783,human,0.909,human,1,train
815722784,human,0.855,human,0,test
815722785,non_human,0.652,non_human,0,validation
815722786,non_human,0.927,non_human,1,train
815722787,human,0.866,human,0,train
815722788,human,0.855,human,0,train
815722789,human,0.773,human,0,train
815722790,human,0.946,human,1,test
815722791,human,0.944,human,1,validation
815722792,human,0.84,human,0,train
815722794,human,0.947,human,1,train
815722795,human,0.799,human,0,validation
815722796,human,0.712,human,0,test
815722797,human,0.749,human,0,train
815722798,human,0.53,non_human,0,train
815722799,human,0.933,human,1,validation
815722800,human,0.565,human,0,train
815722801,human,0.926,human,1,train
815722802,non_human,0.53,non_human,0,validation
815722803,human,0.905,human,1,train
815722804,human,0.88,human,0,train
815722805,human,0.85,human,0,test
815722806,human,0.65,human,0,train
815722807,human,0.702,non_human,0,test
815722808,human,0.965,human,1,train
815722809,non_human,0.954,non_human,1,validation
815722810,human,0.829,human,0,train
815722811,human,0.646,human,0,validation
815722812,human,0.708,non_human,0,test
815722813,human,0.791,human,0,train
815722814,human,0.924,human,1,train
815722815,human,0.924,human,1,train
815722816,human,0.953,human,1,test
815722817,non_human,0.811,non_human,0,validation
815722818,non_human,0.65,non_human,0,train
815722819,human,0.679,human,0,validation
815722820,human,0.934,human,1,test
815722821,human,0.936,human,1,validation
815722822,human,0.807,human,0,test
815722823,human,0.728,human,0,train
815722824,human,0.807,human,0,test
815722825,human,0.632,non_human,0,validation
815722826,non_human,0.752,non_human,0,test
815722827,human,0.73,human,0,test
815722828,human,0.615,non_human,0,train
815722829,human,0.677,unknown,0,unknown
815722830,human,0.873,human,0,train
815722831,human,0.574,human,0,train
815722832,human,0.974,human,1,train
815722833,non_human,0.677,non_human,0,train
815722834,human,0.578,non_human,0,train
815722835,non_human,0.61,non_human,0,train
815722836,human,0.715,non_human,0,train
815722837,human,0.828,human,0,train
815722838,human,0.728,non_human,0,train
815722839,human,0.842,human,0,train
815722840,non_human,0.793,non_human,0,train
815722841,human,0.632,human,0,train
815722842,non_human,0.933,non_human,1,train
815722843,human,0.79,human,0,test
815722844,human,0.578,human,0,train
815722845,human,0.7,human,0,train
815722846,human,0.717,human,0,test
815722847,human,0.698,human,0,train
815722848,human,0.988,human,1,train
815722850,human,0.921,human,1,train
815722851,human,0.8,non_human,0,test
815722852,human,0.651,human,0,test
815722854,human,0.941,human,1,train
815722855,human,0.687,human,0,train
815722856,human,0.698,human,0,train
815722857,human,0.77,non_human,0,train
815722858,human,0.807,human,0,test
815722860,non_human,0.59,human,0,train
815722862,human,0.731,human,0,test
815722863,non_human,0.566,human,0,test
815722864,human,0.755,human,0,test
815722867,human,0.925,human,1,train
815722868,human,0.872,human,0,test
815722869,human,0.922,human,1,train
815722870,human,0.957,human,1,train
815722871,human,0.861,human,0,test
815722873,human,0.856,human,0,test
815722874,human,0.75,human,0,train
815722875,human,0.548,human,0,train
815722876,human,0.726,non_human,0,validation
815722877,human,0.864,human,0,train
815722878,human,0.774,human,0,validation
815722879,human,0.835,human,0,train
815722880,non_human,0.533,non_human,0,test
815722881,human,0.838,human,0,train
815722882,human,0.89,human,0,train
815722883,human,0.702,non_human,0,test
815722884,human,0.565,human,0,test
815722885,human,0.883,human,0,train
815722887,human,0.958,human,1,validation
815722888,human,0.869,human,0,train
815722889,human,0.694,human,0,test
815722890,human,0.968,human,1,test
815722891,human,0.725,human,0,validation
815722892,human,0.633,human,0,validation
815722893,human,0.747,human,0,train
815722894,human,0.906,human,1,test
815722895,human,0.833,non_human,0,test
815722896,human,0.732,human,0,train
815722897,human,0.938,unknown,1,unknown
815722898,human,0.817,human,0,test
815722902,human,0.928,human,1,validation
815722903,human,0.854,human,0,train
815722905,human,0.7,non_human,0,validation
815722908,human,0.986,human,1,train
815722912,human,0.948,human,1,train
815722916,human,0.81,human,0,validation
815722917,human,0.803,human,0,validation
815722918,human,0.69,human,0,train
815722921,human,0.943,human,1,validation
815722922,human,0.533,human,0,test
815722923,human,0.696,non_human,0,test
815722927,human,0.872,human,0,test
815722928,human,0.744,non_human,0,train
815722929,human,0.979,non_human,1,test
815722930,human,0.787,human,0,validation
815722931,human,0.906,human,1,test
815722932,human,0.736,human,0,train
815722933,human,0.85,human,0,validation
815722934,human,0.943,human,1,test
815722935,non_human,0.506,non_human,0,validation
815722936,human,0.9,human,1,test
815722937,human,0.952,human,1,train
815722938,human,0.946,human,1,validation
815722939,human,0.739,human,0,train
815722940,human,0.913,human,1,validation
815722941,human,0.703,human,0,train
815722942,human,0.924,human,1,train
815722943,human,0.91,human,1,train
815722944,human,0.857,human,0,validation
815722945,human,0.838,human,0,test
815722946,non_human,0.81,non_human,0,validation
815722947,human,0.749,human,0,train
815722948,non_human,0.865,non_human,0,test
815722949,human,0.921,human,1,train
815722950,non_human,0.642,human,0,train
815722951,human,0.614,human,0,train
815722952,human,0.821,human,0,test
815722954,human,0.885,unknown,0,unknown
815722955,human,0.833,human,0,train
815722956,human,0.889,human,0,train
815722957,non_human,0.687,non_human,0,train
815722958,human,0.885,human,0,test
815722959,human,0.905,human,1,test
815722960,human,0.774,human,0,train
815722961,non_human,0.626,non_human,0,train
815722962,non_human,0.832,non_human,0,train
815722963,human,0.812,human,0,validation
815722964,human,0.927,human,1,train
815722965,non_human,0.555,human,0,train
815722966,human,0.947,human,1,train
815722967,human,0.501,non_human,0,train
815722968,human,0.838,human,0,train
815722969,human,0.871,human,0,test
815722970,human,0.778,non_human,0,train
815722971,human,0.793,non_human,0,train
815722972,human,0.948,human,1,validation
815722973,human,0.989,human,1,train
815722974,human,0.824,non_human,0,train
815722975,human,0.682,non_human,0,validation
815722976,non_human,0.569,non_human,0,train
815722977,human,0.714,non_human,0,train
815722978,human,0.766,human,0,train
815722979,human,0.854,human,0,test
815722981,human,0.901,human,1,train
815722982,human,0.895,human,0,test
815722983,human,0.989,human,1,validation
815722984,human,0.866,human,0,train
815722985,human,0.95,human,1,train
815722986,human,0.897,human,0,train
815722987,human,0.845,human,0,train
815722988,human,0.824,unknown,0,unknown
815722989,human,0.94,human,1,test
815722990,non_human,0.762,non_human,0,test
815722991,human,0.894,human,0,test
815722992,human,0.878,human,0,test
815722993,human,0.891,human,0,test
815722995,human,0.675,non_human,0,validation
815722997,human,0.821,unknown,0,unknown
815722998,human,0.827,human,0,train
815722999,human,0.862,human,0,train
815723000,human,0.742,human,0,validation
815723001,non_human,0.82,non_human,0,train
815723003,human,0.929,human,1,validation
815723004,human,0.779,human,0,train
815723005,human,0.778,human,0,train
815723006,human,0.989,human,1,validation
815723007,human,0.789,unknown,0,unknown
815723008,human,0.921,human,1,validation
815723009,human,0.888,human,0,test
815723010,human,0.851,human,0,validation
815723011,human,0.838,human,0,train
815723012,human,0.85,human,0,train
815723013,human,0.948,human,1,test
815723014,human,0.761,human,0,test
815723015,human,0.76,human,0,test
815723016,human,0.866,human,0,train
815723017,human,0.626,human,0,validation
815723018,human,0.757,human,0,train
815723020,human,0.911,human,1,train
815723021,non_human,0.906,non_human,1,train
815723022,human,0.895,human,0,train
815723023,human,0.798,human,0,validation
815723024,human,0.77,human,0,train
815723025,non_human,0.915,non_human,1,train
815723026,human,0.89,human,0,train
815723027,human,0.956,human,1,validation
815723028,human,0.852,non_human,0,validation
815723029,human,0.659,human,0,validation
815723030,human,0.891,human,0,train
815723031,human,0.842,human,0,train
815723032,human,0.668,non_human,0,validation
815723033,human,0.935,human,1,test
815723034,human,0.768,non_human,0,train
815723035,human,0.873,human,0,train
815723037,human,0.775,non_human,0,validation
815723038,human,0.815,human,0,train
815723039,human,0.89,human,0,train
815723040,human,0.781,human,0,test
815723041,human,0.884,human,0,test
815723042,human,0.95,human,1,validation
815723043,human,0.777,human,0,train
815723045,non_human,0.704,non_human,0,train
815723046,human,0.887,human,0,test
815723047,human,0.772,human,0,validation
815723048,human,0.772,human,0,train
815723049,human,0.689,human,0,train
815723050,human,0.773,unknown,0,unknown
815723051,human,0.891,human,0,train
815723052,non_human,0.606,non_human,0,test
815723053,non_human,0.626,non_human,0,train
815723054,human,0.736,non_human,0,train
815723056,human,0.746,non_human,0,train
815723057,human,0.777,human,0,train
815723058,human,0.916,human,1,train
815723059,human,0.801,human,0,train
815723060,human,0.717,human,0,test
815723061,non_human,0.856,non_human,0,test
815723062,human,0.753,human,0,train
815723063,human,0.961,human,1,validation
815723064,human,0.824,human,0,train
815723065,human,0.954,human,1,train
815723066,human,0.97,non_human,1,test
815723067,human,0.934,human,1,validation
815723068,human,0.707,human,0,test
815723069,human,0.942,human,1,train
815723070,human,0.934,human,1,train
815723071,human,0.925,human,1,train
815723072,human,0.99,human,1,train
815723073,human,0.832,human,0,train
815723074,human,0.579,unknown,0,unknown
815723075,non_human,0.905,non_human,1,train
815723076,human,0.979,human,1,train
815723077,human,0.903,human,1,train
815723078,human,0.941,human,1,train
815723079,human,0.66,human,0,train
815723080,non_human,0.554,human,0,test
815723081,human,0.643,non_human,0,validation
815723082,human,0.741,human,0,train
815723083,non_human,0.614,non_human,0,train
815723084,human,0.755,human,0,validation
815723085,human,0.868,human,0,validation
815723086,human,0.981,human,1,train
815723087,human,0.957,human,1,train
815723089,human,0.765,human,0,validation
815723090,human,0.517,human,0,train
815723091,human,0.813,non_human,0,train
815723092,human,0.894,human,0,train
815723093,human,0.861,human,0,train
815723094,human,0.967,human,1,train
815723095,human,0.775,non_human,0,test
815723096,human,0.842,human,0,train
815723097,human,0.652,human,0,validation
815723098,human,0.904,human,1,train
815723099,human,0.963,human,1,train
815723100,human,0.844,human,0,train
815723101,human,0.982,human,1,test
815723102,human,0.727,non_human,0,validation
815723103,human,0.626,human,0,validation
815723104,human,0.934,human,1,train
815723105,non_human,0.711,non_human,0,test
815723106,non_human,0.594,non_human,0,train
815723107,human,0.877,human,0,train
815723108,non_human,0.651,non_human,0,validation
815723109,human,0.948,human,1,test
815723110,human,0.861,human,0,train
815723111,human,0.868,human,0,test
815723112,human,0.924,human,1,validation
815723113,human,0.913,human,1,train
815723114,human,0.924,human,1,test
815723115,non_human,0.873,non_human,0,train
815723116,human,0.884,human,0,test
815723117,human,0.595,non_human,0,train
815723118,human,0.833,unknown,0,unknown
815723119,human,0.897,human,0,train
815723120,human,0.918,human,1,train
815723121,human,0.778,human,0,train
815723122,human,0.894,human,0,test
815723123,non_human,0.932,non_human,1,test
815723124,human,0.804,human,0,train
815723125,human,0.888,human,0,train
815723127,human,0.989,human,1,train
815723128,human,0.974,human,1,test
815723129,human,0.723,human,0,train
815723130,human,0.535,non_human,0,train
815723131,human,0.88,human,0,validation
815723132,human,0.942,human,1,train
815723133,human,0.801,unknown,0,unknown
815723134,human,0.883,human,0,train
815723135,non_human,0.714,non_human,0,train
815723136,human,0.789,human,0,train
815723137,non_human,0.546,non_human,0,validation
815723138,human,0.696,unknown,0,unknown
815723139,human,0.91,human,1,validation
815723140,non_human,0.664,non_human,0,train
815723141,human,0.926,human,1,train
815723142,human,0.924,human,1,train
815723143,human,0.982,human,1,train
815723144,non_human,0.832,non_human,0,validation
815723145,human,0.566,unknown,0,unknown
815723146,human,0.893,human,0,train
815723147,human,0.824,human,0,test
815723148,human,0.751,human,0,train
815723149,human,0.889,human,0,test
815723150,human,0.825,human,0,train
815723151,human,0.84,human,0,test
815723152,human,0.757,human,0,train
815723154,human,0.755,human,0,train
815723155,human,0.701,human,0,test
815723156,human,0.963,human,1,test
815723157,human,0.943,human,1,train
815723158,human,0.763,human,0,train
815723159,human,0.931,human,1,train
815723160,non_human,0.695,human,0,test
815723161,human,0.665,unknown,0,unknown
815723162,human,0.793,unknown,0,unknown
815723163,non_human,0.756,non_human,0,train
815723164,non_human,0.756,non_human,0,train
815723165,human,0.934,human,1,train
815723166,human,0.524,non_human,0,train
815723167,human,0.82,human,0,train
815723168,human,0.93,human,1,train
815723169,human,0.687,non_human,0,test
815723170,human,0.828,human,0,train
815723171,human,0.783,non_human,0,train
815723172,human,0.662,human,0,validation
815723173,human,0.995,human,1,validation
815723174,human,0.79,human,0,train
815723175,human,0.835,human,0,train
815723176,human,0.69,non_human,0,test
815723177,human,0.776,human,0,train
815723178,human,0.646,unknown,0,unknown
815723179,human,0.732,human,0,validation
815723180,human,0.768,unknown,0,unknown
815723181,human,0.887,human,0,test
815723182,human,0.965,unknown,1,unknown
815723183,non_human,0.689,non_human,0,train
815723184,human,0.915,human,1,train
815723186,human,0.9,human,1,train
815723187,non_human,0.914,non_human,1,validation
815723188,non_human,0.738,non_human,0,test
815723189,human,0.767,human,0,test
815723190,human,0.947,unknown,1,unknown
815723191,human,0.737,human,0,validation
815723192,human,0.723,human,0,train
815723193,non_human,0.771,non_human,0,train
815723194,human,0.937,unknown,1,unknown
815723195,human,0.868,human,0,train
815723196,human,0.576,non_human,0,test
815723197,human,0.861,human,0,test
815723198,human,0.914,human,1,train
815723199,human,0.772,human,0,test
815723200,human,0.862,human,0,train
815723202,human,0.952,human,1,train
815723203,human,0.963,human,1,validation
815723204,human,0.901,human,1,train
815723205,human,0.714,non_human,0,train
815723206,human,0.771,non_human,0,test
815723207,human,0.727,human,0,train
815723208,human,0.804,human,0,test
815723209,human,0.814,human,0,train
815723210,human,0.913,human,1,train
815723211,human,0.774,unknown,0,unknown
815723212,non_human,0.832,non_human,0,validation
815723213,non_human,0.72,non_human,0,train
815723215,human,0.858,human,0,train
815723216,human,0.9,human,1,train
815723217,human,0.58,human,0,train
815723218,human,0.931,human,1,train
815723219,human,0.715,non_human,0,train
815723220,human,0.879,human,0,test
815723221,human,0.592,non_human,0,test
815723222,human,0.88,human,0,validation
815723223,human,0.952,human,1,train
815723224,human,0.809,human,0,train
815723225,human,0.916,human,1,test
815723226,human,0.698,human,0,train
815723227,human,0.911,human,1,train
815723228,human,0.956,human,1,train
815723229,human,0.671,human,0,train
815723230,human,0.805,non_human,0,train
815723231,human,0.872,non_human,0,test
815723232,human,0.901,human,1,validation
815723233,non_human,0.796,non_human,0,train
815723234,human,0.728,non_human,0,test
815723235,human,0.872,non_human,0,train
815723236,human,0.599,human,0,test
815723237,human,0.763,human,0,test
815723240,human,0.804,human,0,train
815723241,human,0.883,human,0,train
815723242,non_human,0.628,non_human,0,train
815723243,human,0.829,human,0,test
815723244,human,0.652,human,0,train
815723246,non_human,0.53,human,0,test
815723247,human,0.725,non_human,0,train
815723250,human,0.88,human,0,train
815723251,human,0.89,human,0,test
815723252,human,0.842,human,0,validation
815723253,human,0.889,human,0,train
815723254,human,0.865,human,0,train
815723255,human,0.948,human,1,validation
815723256,human,0.747,human,0,validation
815723257,human,0.877,human,0,test
815723258,human,0.953,human,1,test
815723259,non_human,0.618,non_human,0,train
815723260,non_human,0.59,non_human,0,train
815723261,human,0.952,human,1,train
815723262,human,0.89,human,0,train
815723263,non_human,0.528,non_human,0,validation
815723264,human,0.837,human,0,train
815723265,human,0.84,non_human,0,train
815723266,non_human,0.945,non_human,1,train
815723267,human,0.736,non_human,0,train
815723268,human,0.848,human,0,train
815723269,human,0.66,human,0,validation
815723270,human,0.787,human,0,test
815723271,human,0.944,human,1,test
815723272,human,0.96,human,1,test
815723273,human,0.915,human,1,train
815723274,human,0.634,human,0,test
815723275,human,0.627,human,0,train
815723276,human,0.952,human,1,train
815723277,human,0.914,unknown,1,unknown
815723278,human,0.82,human,0,train
815723279,human,0.713,human,0,validation
815723280,non_human,0.631,non_human,0,train
815723281,human,0.846,human,0,train
815723282,human,0.547,human,0,train
815723283,human,0.907,human,1,test
815723284,human,0.894,human,0,train
815723285,non_human,0.89,non_human,0,test
815723286,human,0.736,human,0,train
815723287,human,0.865,non_human,0,validation
815723288,non_human,0.741,non_human,0,train
815723289,human,0.925,human,1,test
815723290,non_human,0.685,non_human,0,train
815723291,human,0.896,human,0,train
815723293,human,0.857,human,0,test
815723294,human,0.959,human,1,test
815723295,human,0.621,non_human,0,train
815723296,human,0.745,non_human,0,train
815723298,human,0.884,human,0,train
815723299,human,0.714,human,0,validation
815723301,human,0.757,human,0,validation
815723302,human,0.655,human,0,test
815723303,non_human,0.652,non_human,0,train
815723304,human,0.98,human,1,test
815723305,human,0.951,human,1,train
815723307,human,0.829,human,0,validation
815723308,non_human,0.546,human,0,validation
815723309,human,0.888,human,0,train
815723310,human,0.832,human,0,test
815723311,human,0.618,non_human,0,validation
815723312,human,0.915,human,1,validation
815723313,human,0.512,human,0,train
815723314,human,0.714,human,0,validation
815723315,human,0.582,non_human,0,train
815723316,human,0.745,human,0,train
815723317,human,0.813,non_human,0,train
815723318,non_human,0.804,non_human,0,train
815723319,non_human,0.772,non_human,0,train
815723320,non_human,0.807,non_human,0,train
815723321,non_human,0.524,human,0,validation
815723322,human,0.879,human,0,validation
815723323,human,0.869,human,0,train
815723324,human,0.825,non_human,0,train
815723325,non_human,0.622,human,0,train
815723326,human,0.731,human,0,train
815723327,human,0.87,human,0,train
815723328,human,0.964,human,1,validation
815723329,human,0.738,non_human,0,train
815723330,human,0.71,human,0,test
815723331,human,0.8,human,0,train
815723332,human,0.633,human,0,train
815723334,human,0.859,human,0,train
815723335,human,0.978,non_human,1,test
815723336,human,0.945,human,1,train
815723337,human,0.862,human,0,train
815723338,human,0.524,human,0,test
815723339,human,0.904,human,1,train
815723340,human,0.815,non_human,0,train
815723341,human,0.743,human,0,train
815723342,human,0.881,human,0,train
815723343,human,0.904,human,1,train
815723344,human,0.915,human,1,train
815723345,human,0.799,human,0,validation
815723346,human,0.809,unknown,0,unknown
815723347,human,0.82,human,0,train
815723348,human,0.897,human,0,validation
815723350,human,0.942,human,1,test
815723351,non_human,0.678,non_human,0,train
815723352,human,0.869,non_human,0,validation
815723353,human,0.882,human,0,validation
815723354,human,0.842,human,0,train
815723355,human,0.893,non_human,0,validation
815723356,human,0.817,non_human,0,validation
815723357,human,0.556,non_human,0,test
815723358,human,0.789,human,0,validation
815723359,human,0.837,human,0,test
815723360,human,0.809,human,0,train
815723361,human,0.97,human,1,test
815723362,human,0.773,human,0,test
815723363,non_human,0.841,non_human,0,train
815723364,human,0.88,human,0,test
815723365,non_human,0.572,non_human,0,validation
815723366,human,0.851,human,0,train
815723367,non_human,0.596,human,0,test
815723368,human,0.743,human,0,train
815723369,human,0.962,human,1,train
815723371,non_human,0.562,non_human,0,train
815723372,human,0.742,non_human,0,test
815723373,human,0.918,human,1,validation
815723374,human,0.949,human,1,test
815723375,human,0.696,non_human,0,test
815723376,human,0.699,human,0,train
815723377,non_human,0.739,non_human,0,train
815723378,human,0.858,human,0,train
815723379,non_human,0.92,non_human,1,train
815723380,human,0.763,non_human,0,validation
815723381,human,0.895,human,0,train
815723382,human,0.851,non_human,0,validation
815723383,human,0.902,human,1,train
815723384,human,0.92,human,1,train
815723385,human,0.721,human,0,train
815723387,human,0.807,human,0,train
815723388,human,0.737,human,0,validation
815723389,non_human,0.505,non_human,0,train
815723390,human,0.922,human,1,train
815723391,non_human,0.823,non_human,0,test
815723392,non_human,0.83,non_human,0,validation
815723393,human,0.895,human,0,train
815723394,human,0.982,unknown,1,unknown
815723395,human,0.909,human,1,train
815723396,human,0.897,human,0,train
815723397,human,0.877,human,0,train
815723399,non_human,0.824,non_human,0,train
815723400,human,0.717,human,0,test
815723401,human,0.507,non_human,0,train
815723402,human,0.888,human,0,test
815723403,human,0.918,human,1,test
815723404,non_human,0.638,non_human,0,train
815723405,human,0.721,non_human,0,validation
815723406,human,0.889,human,0,train
815723407,human,0.743,non_human,0,validation
815723408,non_human,0.721,non_human,0,train
815723409,non_human,0.828,non_human,0,train
815723410,non_human,0.522,non_human,0,train
815723411,human,0.524,non_human,0,train
815723412,human,0.944,human,1,train
815723413,human,0.589,human,0,train
815723414,human,0.967,human,1,train
815723415,human,0.526,human,0,train
815723416,human,0.846,human,0,validation
815723417,human,0.883,human,0,train
815723418,non_human,0.615,human,0,test
815723419,human,0.979,human,1,train
815723420,human,0.869,human,0,train
815723421,human,0.854,human,0,test
815723422,human,0.784,human,0,train
815723423,human,0.874,human,0,train
815723424,human,0.902,human,1,validation
815723425,human,0.979,human,1,test
815723426,human,0.679,non_human,0,test
815723428,non_human,0.538,non_human,0,validation
815723429,human,0.653,human,0,validation
815723430,human,0.874,non_human,0,test
815723431,human,0.802,non_human,0,train
815723432,human,0.524,human,0,train
815723433,human,0.941,human,1,train
815723434,human,0.737,human,0,train
815723435,non_human,0.758,non_human,0,train
815723436,human,0.96,human,1,test
815723437,human,0.672,human,0,train
815723438,human,0.786,human,0,validation
815723439,non_human,0.706,non_human,0,train
815723440,human,0.754,non_human,0,test
815723441,human,0.858,human,0,train
815723442,human,0.945,human,1,train
815723443,human,0.905,unknown,1,unknown
815723444,human,0.862,human,0,test
815723445,human,0.862,human,0,validation
815723446,non_human,0.83,non_human,0,train
815723447,human,0.881,human,0,test
815723448,human,0.927,unknown,1,unknown
815723449,human,0.935,human,1,train
815723450,non_human,0.958,non_human,1,validation
815723452,human,0.553,human,0,train
815723453,human,0.829,human,0,test
815723454,human,0.575,human,0,test
815723455,human,0.808,human,0,test
815723457,human,0.571,human,0,train
815723458,human,0.847,human,0,validation
815723459,human,0.891,human,0,train
815723460,human,0.849,human,0,train
815723461,human,0.737,non_human,0,train
815723462,human,0.916,human,1,train
815723464,human,0.911,human,1,train
815723465,human,0.682,non_human,0,train
815723466,human,0.862,human,0,test
815723467,human,0.926,human,1,train
815723468,human,0.9,human,1,test
815723469,human,0.847,human,0,train
815723470,human,0.937,human,1,train
815723471,human,0.708,human,0,train
815723473,human,0.824,human,0,train
815723474,human,0.822,non_human,0,train
815723475,human,0.755,human,0,train
815723476,human,0.852,human,0,validation
815723477,human,0.694,human,0,test
815723478,human,0.767,unknown,0,unknown
815723479,non_human,0.858,non_human,0,train
815723480,human,0.915,human,1,train
815723481,human,0.888,human,0,train
815723483,human,0.887,human,0,train
815723485,human,0.866,human,0,train
815723486,human,0.903,unknown,1,unknown
815723487,human,0.775,human,0,train
815723488,human,0.902,human,1,train
815723489,human,0.552,non_human,0,train
815723490,non_human,0.743,non_human,0,train
815723491,human,0.789,human,0,train
815723492,non_human,0.705,non_human,0,train
815723493,human,0.939,human,1,train
815723494,human,0.942,human,1,train
815723495,human,0.539,non_human,0,validation
815723496,human,0.83,human,0,train
815723497,human,0.793,non_human,0,train
815723498,human,0.93,human,1,train
815723499,human,0.969,human,1,validation
815723500,human,0.613,human,0,validation
815723501,human,0.9,human,1,train
815723502,human,0.941,human,1,validation
815723503,human,0.832,human,0,test
815723504,human,0.524,non_human,0,test
815723505,human,0.652,human,0,train
815723506,human,0.967,human,1,train
815723508,human,0.527,human,0,train
815723509,human,0.909,non_human,1,test
815723510,human,0.734,human,0,train
815723511,human,0.708,human,0,validation
815723512,human,0.911,human,1,train
815723513,human,0.872,human,0,train
815723514,non_human,0.571,human,0,validation
815723515,human,0.923,human,1,train
815723516,human,0.825,human,0,train
815723517,human,0.964,human,1,train
815723518,human,0.924,human,1,validation
815723519,human,0.914,human,1,train
815723520,human,0.914,human,1,train
815723522,human,0.982,human,1,train
815723523,human,0.953,human,1,validation
815723524,human,0.844,human,0,train
815723525,non_human,0.845,non_human,0,train
815723526,human,0.832,unknown,0,unknown
815723527,human,0.866,human,0,train
815723528,human,0.96,human,1,validation
815723529,human,0.835,human,0,train
815723530,human,0.706,human,0,train
815723531,human,0.541,human,0,validation
815723532,human,0.802,human,0,train
815723533,human,0.966,human,1,train
815723534,human,0.553,non_human,0,test
815723535,human,0.923,non_human,1,validation
815723536,human,0.956,human,1,train
815723537,human,0.813,non_human,0,train
815723538,non_human,0.941,non_human,1,train
815723539,human,0.924,human,1,train
815723540,human,0.829,human,0,train
815723541,non_human,0.632,non_human,0,train
815723542,human,0.566,human,0,train
815723543,human,0.507,non_human,0,train
815723545,human,0.825,human,0,train
815723546,human,0.898,human,0,train
815723547,human,0.818,human,0,test
815723548,human,0.765,human,0,train
815723549,human,0.907,human,1,train
815723550,human,0.584,non_human,0,validation
815723551,human,0.923,human,1,test
815723552,human,0.611,non_human,0,train
815723553,human,0.81,human,0,train
815723554,human,0.956,human,1,train
815723555,human,0.524,human,0,validation
815723556,non_human,0.578,human,0,validation
815723557,human,0.636,human,0,train
815723559,human,0.9,human,1,train
815723560,human,0.891,human,0,train
815723561,human,0.953,unknown,1,unknown
815723562,human,0.814,human,0,test
815723563,non_human,0.985,non_human,1,train
815723564,human,0.74,human,0,train
815723565,human,0.931,unknown,1,unknown
815723566,human,0.73,non_human,0,test
815723567,human,0.983,human,1,train
815723568,human,0.935,human,1,test
815723569,human,0.609,non_human,0,validation
815723570,human,0.864,human,0,train
815723571,human,0.535,non_human,0,train
815723573,human,0.835,human,0,train
815723574,human,0.751,non_human,0,test
815723575,non_human,0.51,non_human,0,validation
815723576,human,0.668,human,0,train
815723577,human,0.842,human,0,train
815723578,human,0.838,human,0,train
815723579,human,0.897,human,0,train
815723580,human,0.917,human,1,test
815723581,human,0.687,non_human,0,train
815723582,human,0.878,human,0,train
815723584,non_human,0.686,unknown,0,unknown
815723585,non_human,0.772,non_human,0,test
815723586,human,0.969,human,1,validation
815723587,human,0.897,human,0,test
815723588,human,0.579,non_human,0,test
815723589,non_human,0.789,non_human,0,train
815723590,non_human,0.762,non_human,0,test
815723591,human,0.715,human,0,test
815723592,human,0.79,non_human,0,validation
815723593,human,0.792,non_human,0,train
815723594,human,0.885,non_human,0,train
815723596,human,0.854,human,0,validation
815723598,human,0.846,human,0,test
815723600,human,0.76,non_human,0,train
815723601,human,0.962,human,1,train
815723602,human,0.748,human,0,test
815723603,human,0.914,human,1,validation
815723604,human,0.585,non_human,0,test
815723605,human,0.953,human,1,train
815723606,human,0.947,unknown,1,unknown
815723608,human,0.88,human,0,train
815723609,human,0.783,human,0,train
815723610,human,0.893,non_human,0,train
815723611,non_human,0.565,non_human,0,test
815723612,human,0.894,human,0,test
815723614,human,0.735,human,0,validation
815723615,human,0.959,human,1,train
815723616,non_human,0.581,non_human,0,train
815723617,human,0.733,human,0,train
815723618,human,0.786,human,0,test
815723619,human,0.958,human,1,train
815723620,human,0.923,human,1,train
815723621,non_human,0.636,non_human,0,train
815723622,non_human,0.82,non_human,0,train
815723623,non_human,0.666,non_human,0,validation
815723624,human,0.974,human,1,test
815723625,human,0.847,human,0,train
815723626,human,0.54,human,0,test
815723629,human,0.922,human,1,train
815723630,human,0.923,human,1,train
815723631,human,0.93,human,1,train
815723632,human,0.785,unknown,0,unknown
815723633,human,0.855,human,0,train
815723634,human,0.678,human,0,validation
815723635,human,0.98,human,1,train
815723636,human,0.842,human,0,train
815723637,human,0.562,non_human,0,train
815723638,human,0.894,human,0,train
815723639,human,0.892,human,0,validation
815723640,human,0.796,human,0,train
815723641,human,0.915,human,1,validation
815723642,human,0.818,human,0,train
815723643,human,0.871,human,0,train
815723644,non_human,0.706,non_human,0,validation
815723645,non_human,0.737,non_human,0,train
815723646,human,0.586,human,0,train
815723647,human,0.941,human,1,train
815723648,human,0.848,non_human,0,test
815723649,human,0.806,human,0,test
815723651,human,0.573,human,0,validation
815723652,human,0.825,human,0,train
815723653,human,0.842,human,0,validation
815723654,non_human,0.985,non_human,1,train
815723655,human,0.865,human,0,train
815723657,non_human,0.985,non_human,1,train
815723658,human,0.923,human,1,validation
815723659,human,0.734,human,0,train
815723660,non_human,0.674,non_human,0,train
815723661,non_human,0.652,non_human,0,train
815723662,human,0.915,human,1,validation
815723663,human,0.603,non_human,0,test
815723664,human,0.74,human,0,train
815723665,human,0.638,human,0,train
815723666,human,0.918,human,1,train
815723667,human,0.743,human,0,train
815723668,human,0.777,unknown,0,unknown
815723669,non_human,0.65,human,0,test
815723670,human,0.899,human,0,train
815723671,human,0.638,non_human,0,validation
815723672,non_human,0.628,human,0,train
815723673,human,0.606,non_human,0,train
815723674,human,0.638,non_human,0,test
815723675,human,0.638,human,0,validation
815723676,human,0.966,human,1,train
815723677,human,0.669,non_human,0,validation
815723678,human,0.84,human,0,test
815723679,human,0.638,human,0,validation
815723680,non_human,0.868,non_human,0,train
815723681,human,0.896,human,0,train
815723683,human,0.965,human,1,train
815723684,human,0.654,non_human,0,test
815723685,human,0.679,human,0,test
815723686,human,0.837,human,0,train
815723687,human,0.55,human,0,train
815723688,human,0.93,human,1,train
815723689,human,0.981,human,1,train
815723690,human,0.839,human,0,test
815723691,non_human,0.896,non_human,0,train
815723692,non_human,0.688,human,0,test
815723693,non_human,0.707,non_human,0,train
815723694,human,0.638,non_human,0,validation
815723695,human,0.638,non_human,0,train
815723696,human,0.638,human,0,train
815723697,human,0.74,human,0,test
815723698,human,0.792,human,0,train
815723699,human,0.688,non_human,0,validation
815723702,human,0.609,non_human,0,validation
815723703,human,0.894,human,0,validation
815723704,human,0.939,human,1,validation
815723705,human,0.949,human,1,validation
815723706,non_human,0.985,non_human,1,train
815723707,human,0.861,human,0,train
815723708,human,0.967,human,1,train
815723709,non_human,0.771,non_human,0,test
815723710,human,0.939,human,1,validation
815723711,human,0.952,human,1,train
815723712,human,0.638,non_human,0,train
815723713,human,0.638,non_human,0,test
815723714,human,0.638,non_human,0,train
815723715,human,0.937,human,1,train
815723717,human,0.817,human,0,validation
815723718,human,0.985,human,1,train
815723719,human,0.923,human,1,train
815723720,human,0.886,human,0,train
815723721,human,0.895,human,0,test
815723722,human,0.794,non_human,0,validation
815723723,human,0.897,human,0,train
815723724,human,0.84,human,0,train
815723725,human,0.949,human,1,train
815723727,human,0.964,human,1,train
815723728,non_human,0.787,non_human,0,test
815723729,human,0.914,human,1,train
815723730,human,0.683,human,0,train
815723731,human,0.669,human,0,train
815723732,human,0.912,human,1,train
815723733,human,0.944,human,1,train
815723734,human,0.948,human,1,test
815723735,human,0.976,human,1,validation
815723736,human,0.724,human,0,test
815723737,non_human,0.985,non_human,1,train
815723738,human,0.951,human,1,test
815723739,human,0.524,human,0,train
815723740,human,0.872,human,0,train
815723741,human,0.848,human,0,train
815723742,human,0.884,human,0,validation
815723743,human,0.842,human,0,train
815723745,non_human,0.618,non_human,0,train
815723746,human,0.655,human,0,test
815723747,human,0.908,human,1,train
815723748,human,0.516,non_human,0,validation
815723749,human,0.76,human,0,validation
815723750,human,0.857,human,0,validation
815723751,human,0.767,unknown,0,unknown
815723752,human,0.924,human,1,train
815723753,non_human,0.966,non_human,1,validation
815723754,human,0.875,human,0,train
815723755,human,0.766,human,0,train
815723756,human,0.793,human,0,train
815723757,human,0.72,human,0,train
815723758,human,0.92,human,1,train
815723759,human,0.927,human,1,test
815723760,human,0.718,human,0,train
815723761,human,0.912,human,1,train
815723762,non_human,0.664,non_human,0,test
815723763,human,0.924,human,1,train
815723764,human,0.866,unknown,0,unknown
815723765,human,0.873,human,0,train
815723766,non_human,0.991,unknown,1,unknown
815723767,non_human,0.514,non_human,0,validation
815723768,non_human,0.676,non_human,0,train
815723769,human,0.927,non_human,1,train
815723771,human,0.829,human,0,train
815723772,human,0.778,non_human,0,train
815723774,human,0.701,human,0,train
815723776,human,0.81,human,0,train
815723777,human,0.901,human,1,test
815723778,human,0.964,human,1,train
815723779,non_human,0.856,non_human,0,test
815723780,human,0.963,human,1,train
815723781,human,0.976,human,1,train
815723782,non_human,0.985,non_human,1,validation
815723784,human,0.972,human,1,train
815723785,human,0.979,human,1,validation
815723786,human,0.697,human,0,test
815723787,non_human,0.985,non_human,1,test
815723789,non_human,0.985,non_human,1,test
815723790,human,0.834,human,0,train
815723791,human,0.741,human,0,train
815723792,human,0.82,human,0,validation
815723793,human,0.982,human,1,train
815723794,human,0.697,non_human,0,validation
815723795,human,0.903,human,1,validation
815723796,human,0.874,human,0,train
815723797,non_human,0.893,non_human,0,train
815723798,human,0.925,non_human,1,test
815723799,human,0.947,human,1,train
815723800,human,0.836,human,0,test
815723801,human,0.87,unknown,0,unknown
815723802,human,0.765,human,0,train
815723804,human,0.831,human,0,train
815723805,non_human,0.839,non_human,0,train
815723806,human,0.936,human,1,train
815723807,non_human,0.787,non_human,0,train
815723808,human,0.627,human,0,train
815723809,human,0.952,human,1,validation
815723810,human,0.889,human,0,train
815723811,human,0.928,human,1,train
815723812,human,0.658,non_human,0,validation
815723813,human,0.826,human,0,test
815723814,human,0.704,human,0,train
815723815,non_human,0.856,non_human,0,validation
815723816,non_human,0.841,non_human,0,train
815723817,non_human,0.985,non_human,1,train
815723818,human,0.745,non_human,0,validation
815723819,human,0.872,human,0,train
815723820,non_human,0.504,human,0,test
815723821,human,0.616,human,0,train
815723822,human,0.927,human,1,test
815723824,human,0.938,human,1,train
815723825,non_human,0.729,non_human,0,train
815723826,human,0.985,human,1,train
815723827,human,0.773,non_human,0,train
815723828,human,0.904,human,1,train
815723829,human,0.784,human,0,test
815723830,human,0.536,human,0,validation
815723832,human,0.725,non_human,0,train
815723833,human,0.979,human,1,test
815723834,non_human,0.985,non_human,1,train
815723835,non_human,0.642,unknown,0,unknown
815723836,human,0.607,human,0,test
815723837,human,0.878,human,0,train
815723839,human,0.816,human,0,test
815723840,non_human,0.996,non_human,1,train
815723841,non_human,0.806,human,0,train
815723842,human,0.85,human,0,train
815723844,human,0.671,human,0,train
815723845,non_human,0.545,non_human,0,test
815723846,human,0.815,human,0,train
815723847,human,0.962,human,1,test
815723848,human,0.639,human,0,validation
815723849,non_human,0.985,non_human,1,validation
815723850,human,0.985,human,1,validation
815723851,human,0.948,human,1,validation
815723852,human,0.873,non_human,0,validation
815723853,human,0.707,human,0,train
815723854,human,0.616,non_human,0,train
815723855,non_human,0.863,non_human,0,validation
815723856,human,0.884,human,0,train
815723857,human,0.885,human,0,validation
815723858,human,0.616,human,0,validation
815723859,human,0.915,human,1,validation
815723860,human,0.795,non_human,0,validation
815723861,human,0.934,human,1,train
815723862,human,0.841,human,0,test
815723863,non_human,0.985,unknown,1,unknown
815723864,non_human,0.771,non_human,0,validation
815723865,non_human,0.985,non_human,1,train
815723866,human,0.946,human,1,train
815723868,human,0.856,human,0,test
815723869,human,0.825,human,0,train
815723870,human,0.957,human,1,train
815723871,human,0.691,non_human,0,train
815723872,non_human,0.596,human,0,train
815723873,human,0.651,human,0,test
815723874,human,0.913,human,1,test
815723875,non_human,0.841,non_human,0,train
815723876,human,0.918,human,1,validation
815723877,non_human,0.645,non_human,0,validation
815723878,human,0.822,human,0,validation
815723879,non_human,0.575,unknown,0,unknown
815723880,non_human,0.586,non_human,0,train
815723882,human,0.677,human,0,test
815723883,human,0.647,human,0,test
815723884,human,0.575,human,0,validation
815723885,non_human,0.659,non_human,0,test
815723886,human,0.789,human,0,validation
815723887,non_human,0.985,non_human,1,train
815723888,human,0.869,non_human,0,train
815723889,human,0.726,human,0,test
815723890,human,0.808,human,0,train
815723891,human,0.917,human,1,train
815723893,human,0.921,human,1,train
815723894,human,0.83,human,0,train
815723895,human,0.952,human,1,test
815723896,human,0.777,human,0,train
815723897,human,0.944,human,1,test
815723898,human,0.853,human,0,validation
815723900,human,0.851,human,0,train
815723901,human,0.949,human,1,validation
815723902,human,0.954,human,1,train
815723903,human,0.619,human,0,train
815723904,human,0.733,human,0,train
815723905,human,0.549,human,0,train
815723906,non_human,0.996,non_human,1,train
815723907,human,0.646,human,0,validation
815723908,human,0.925,human,1,train
815723910,human,0.642,human,0,train
815723912,human,0.604,non_human,0,train
815723913,non_human,0.985,non_human,1,train
815723914,human,0.74,human,0,test
815723915,human,0.731,human,0,train
815723916,human,0.904,human,1,train
815723917,non_human,0.537,non_human,0,train
815723918,human,0.809,non_human,0,train
815723919,human,0.814,human,0,train
815723920,human,0.553,non_human,0,test
815723921,human,0.896,human,0,test
815723922,human,0.681,human,0,train
815723923,human,0.753,human,0,test
815723924,human,0.576,non_human,0,test
815723925,non_human,0.985,non_human,1,validation
815723926,non_human,0.576,non_human,0,validation
815723927,human,0.755,human,0,validation
815723928,non_human,0.69,non_human,0,train
815723929,human,0.781,non_human,0,train
815723931,non_human,0.826,non_human,0,validation
815723932,human,0.963,human,1,validation
815723933,human,0.538,non_human,0,train
815723934,non_human,0.501,non_human,0,train
815723935,non_human,0.861,non_human,0,test
815723936,non_human,0.985,non_human,1,train
815723937,human,0.758,human,0,validation
815723938,human,0.658,human,0,train
815723939,non_human,0.985,non_human,1,train
815723940,human,0.791,human,0,train
815723941,human,0.866,human,0,train
815723942,non_human,0.808,non_human,0,train
815723944,non_human,0.991,non_human,1,train
815723945,human,0.772,human,0,validation
815723946,human,0.782,human,0,validation
815723947,human,0.505,non_human,0,train
815723948,human,0.821,human,0,train
815723949,non_human,0.678,non_human,0,train
815723950,human,0.738,human,0,train
815723951,non_human,0.985,non_human,1,test
815723952,human,0.932,non_human,1,test
815723953,human,0.841,human,0,test
815723954,human,0.796,human,0,train
815723955,human,0.649,non_human,0,train
815723956,human,0.921,human,1,train
815723957,human,0.88,human,0,validation
815723958,human,0.869,unknown,0,unknown
815723959,human,0.681,non_human,0,train
815723960,non_human,0.716,non_human,0,train
815723961,human,0.824,human,0,test
815723963,non_human,0.985,non_human,1,train
815723964,human,0.872,human,0,validation
815723965,human,0.899,human,0,validation
815723966,human,0.949,human,1,validation
815723967,non_human,0.985,non_human,1,train
815723968,non_human,0.732,non_human,0,train
815723970,non_human,0.699,non_human,0,test
815723971,human,0.867,non_human,0,test
815723972,human,0.98,human,1,train
815723973,human,0.926,human,1,validation
815723974,human,0.872,human,0,train
815723975,human,0.919,human,1,test
815723976,non_human,0.691,non_human,0,train
815723977,non_human,0.981,non_human,1,train
815723978,human,0.873,non_human,0,test
815723979,human,0.801,human,0,train
815723980,non_human,0.64,non_human,0,validation
815723982,human,0.972,unknown,1,unknown
815723983,human,0.745,unknown,0,unknown
815723984,human,0.794,human,0,test
815723985,human,0.96,human,1,validation
815723986,human,0.789,human,0,train
815723987,human,0.577,non_human,0,validation
815723988,non_human,0.702,non_human,0,train
815723989,non_human,0.817,non_human,0,train
815723990,human,0.868,human,0,test
815723991,human,0.856,human,0,train
815723992,human,0.959,human,1,train
815723993,human,0.876,human,0,test
815723994,human,0.843,human,0,train
815723995,human,0.827,human,0,test
815723997,human,0.926,human,1,train
815723998,human,0.657,human,0,validation
815723999,non_human,0.985,non_human,1,train
815724000,human,0.831,human,0,validation
815724001,human,0.94,human,1,train
815724003,non_human,0.575,human,0,test
815724004,human,0.61,human,0,train
815724005,human,0.615,human,0,validation
815724006,non_human,0.985,non_human,1,test
815724007,human,0.964,human,1,test
815724008,non_human,0.728,non_human,0,train
815724009,human,0.967,human,1,validation
815724010,human,0.854,human,0,train
815724011,non_human,0.994,non_human,1,train
815724012,non_human,0.82,non_human,0,validation
815724013,non_human,0.885,non_human,0,validation
815724014,non_human,0.985,non_human,1,train
815724015,human,0.856,human,0,train
815724016,human,0.785,human,0,validation
815724017,human,0.828,human,0,train
815724018,non_human,0.985,non_human,1,test
815724019,human,0.949,human,1,test
815724020,non_human,0.917,non_human,1,train
815724021,human,0.994,human,1,train
815724022,non_human,0.59,non_human,0,validation
815724023,non_human,0.576,non_human,0,train
815724024,human,0.654,human,0,train
815724025,non_human,0.649,non_human,0,train
815724026,human,0.936,human,1,test
815724027,human,0.946,human,1,train
815724028,human,0.969,human,1,train
815724029,human,0.901,unknown,1,unknown
815724030,non_human,0.502,non_human,0,train
815724031,non_human,0.991,non_human,1,train
815724032,non_human,0.985,non_human,1,validation
815724033,human,0.904,non_human,1,test
815724034,human,0.91,human,1,validation
815724035,non_human,0.608,human,0,validation
815724036,human,0.637,human,0,train
815724037,human,0.812,human,0,train
815724038,non_human,0.82,non_human,0,train
815724039,human,0.596,non_human,0,train
815724040,human,0.777,unknown,0,unknown
815724041,human,0.895,human,0,train
815724042,human,0.866,human,0,validation
815724043,human,0.812,human,0,train
815724044,human,0.873,human,0,train
815724045,non_human,0.89,non_human,0,train
815724047,human,0.795,human,0,train
815724048,human,0.55,human,0,train
815724049,human,0.518,human,0,test
815724050,human,0.987,human,1,validation
815724051,human,0.76,non_human,0,train
815724053,human,0.894,human,0,train
815724054,human,0.953,human,1,validation
815724055,human,0.682,human,0,test
815724056,human,0.838,human,0,train
815724057,non_human,0.982,non_human,1,train
815724058,human,0.76,human,0,test
815724059,human,0.857,human,0,test
815724060,human,0.868,human,0,train
815724061,human,0.517,non_human,0,train
815724062,human,0.903,human,1,test
815724063,human,0.832,human,0,test
815724064,human,0.686,human,0,train
815724066,non_human,0.985,non_human,1,train
815724067,non_human,0.996,non_human,1,train
815724068,human,0.766,human,0,validation
815724069,human,0.966,human,1,test
815724070,human,0.941,human,1,train
815724071,human,0.887,human,0,train
815724072,non_human,0.902,non_human,1,validation
815724073,human,0.902,human,1,test
815724074,human,0.75,human,0,train
815724075,non_human,0.601,non_human,0,train
815724076,human,0.982,human,1,validation
815724077,non_human,0.555,non_human,0,train
815724078,human,0.9,human,1,train
815724079,non_human,0.985,unknown,1,unknown
815724080,non_human,0.615,human,0,validation
815724081,human,0.823,human,0,train
815724082,human,0.869,human,0,validation
815724083,human,0.626,non_human,0,train
815724084,non_human,0.985,non_human,1,train
815724085,human,0.861,human,0,test
815724087,human,0.744,human,0,train
815724088,non_human,0.985,non_human,1,train
815724089,human,0.851,human,0,train
815724090,non_human,0.648,human,0,train
815724091,non_human,0.65,non_human,0,train
815724092,non_human,0.686,non_human,0,train
815724093,human,0.944,human,1,train
815724094,human,0.709,human,0,train
815724095,human,0.887,human,0,train
815724096,human,0.814,human,0,train
815724097,human,0.861,human,0,test
815724098,human,0.757,human,0,validation
815724099,human,0.975,human,1,train
815724100,human,0.924,human,1,train
815724101,non_human,0.975,non_human,1,train
815724102,human,0.796,human,0,test
815724106,non_human,0.552,non_human,0,test
815724107,human,0.719,non_human,0,train
815724108,human,0.857,human,0,validation
815724109,human,0.861,human,0,test
815724110,human,0.924,non_human,1,validation
815724112,human,0.858,human,0,test
815724113,human,0.88,human,0,train
815724114,human,0.863,unknown,0,unknown
815724115,human,0.832,human,0,train
815724117,human,0.95,human,1,train
815724118,non_human,0.985,non_human,1,validation
815724119,human,0.874,human,0,train
815724120,non_human,0.713,non_human,0,test
815724121,non_human,0.889,non_human,0,train
815724122,human,0.771,human,0,train
815724123,human,0.824,human,0,train
815724124,non_human,0.75,non_human,0,train
815724125,human,0.803,human,0,train
815724127,human,0.886,human,0,train
815724128,human,0.879,human,0,test
815724129,non_human,0.894,non_human,0,train
815724130,human,0.684,human,0,train
815724131,human,0.846,human,0,train
815724132,human,0.677,human,0,validation
815724133,human,0.92,human,1,train
815724134,human,0.814,non_human,0,train
815724136,human,0.863,human,0,validation
815724137,human,0.868,human,0,train
815724138,human,0.939,human,1,train
815724140,non_human,0.985,non_human,1,validation
815724141,non_human,0.745,non_human,0,test
815724142,non_human,0.985,non_human,1,train
815724143,human,0.933,human,1,train
815724144,human,0.538,non_human,0,train
815724145,human,0.853,human,0,test
815724146,non_human,0.889,non_human,0,test
815724147,non_human,0.519,non_human,0,train
815724148,human,0.906,human,1,train
815724149,human,0.89,human,0,train
815724150,human,0.872,human,0,train
815724151,human,0.934,human,1,validation
815724152,human,0.727,human,0,train
815724153,human,0.697,non_human,0,train
815724154,non_human,0.985,non_human,1,train
815724155,human,0.693,non_human,0,train
815724156,human,0.971,human,1,train
815724158,human,0.961,human,1,train
815724159,human,0.894,human,0,train
815724160,human,0.906,human,1,train
815724161,human,0.857,non_human,0,test
815724162,human,0.65,human,0,train
815724163,non_human,0.997,non_human,1,test
815724164,human,0.922,human,1,test
815724165,non_human,0.936,non_human,1,validation
815724166,non_human,0.985,non_human,1,train
815724167,non_human,0.788,non_human,0,train
815724168,non_human,0.525,non_human,0,train
815724169,human,0.917,human,1,train
815724170,human,0.946,human,1,test
815724171,human,0.929,human,1,train
815724172,non_human,0.985,non_human,1,train
815724173,non_human,0.629,non_human,0,test
815724174,human,0.923,human,1,train
815724175,human,0.946,human,1,train
815724176,human,0.91,human,1,train
815724177,non_human,0.985,non_human,1,test
815724178,non_human,0.875,non_human,0,validation
815724179,human,0.851,human,0,validation
815724180,human,0.907,human,1,validation
815724181,non_human,0.607,non_human,0,train
815724182,human,0.766,unknown,0,unknown
815724183,human,0.753,human,0,train
815724184,non_human,0.718,non_human,0,train
815724185,human,0.749,human,0,train
815724186,human,0.545,non_human,0,train
815724187,human,0.592,non_human,0,validation
815724188,non_human,0.985,unknown,1,unknown
815724189,non_human,0.733,non_human,0,validation
815724190,non_human,0.985,non_human,1,train
815724191,human,0.942,human,1,test
815724192,non_human,0.985,non_human,1,train
815724193,human,0.964,human,1,train
815724194,human,0.824,human,0,train
815724195,human,0.848,human,0,train
815724196,human,0.985,human,1,train
815724197,human,0.934,human,1,test
815724198,human,0.959,human,1,train
815724199,non_human,0.985,non_human,1,train
815724200,human,0.832,human,0,validation
815724201,non_human,0.588,non_human,0,train
815724202,non_human,0.996,non_human,1,train
815724203,human,0.885,human,0,validation
815724204,human,0.617,human,0,train
815724205,non_human,0.985,non_human,1,train
815724206,human,0.953,human,1,train
815724207,human,0.775,non_human,0,train
815724208,human,0.872,human,0,validation
815724209,non_human,0.804,non_human,0,train
815724210,human,0.809,human,0,train
815724211,non_human,0.985,non_human,1,train
815724213,non_human,0.733,non_human,0,train
815724214,human,0.893,human,0,train
815724216,human,0.845,human,0,test
815724217,human,0.586,human,0,test
815724218,human,0.865,human,0,train
815724219,human,0.847,human,0,validation
815724220,human,0.826,human,0,train
815724221,non_human,0.502,unknown,0,unknown
815724222,human,0.838,human,0,train
815724223,human,0.78,human,0,validation
815724224,human,0.968,human,1,train
815724226,human,0.556,human,0,validation
815724228,non_human,0.744,non_human,0,validation
815724229,non_human,0.985,non_human,1,test
815724231,human,0.636,human,0,validation
815724232,human,0.91,human,1,train
815724233,non_human,0.535,non_human,0,test
815724234,human,0.918,human,1,train
815724235,human,0.619,human,0,train
815724237,human,0.846,non_human,0,train
815724238,human,0.971,human,1,validation
815724239,non_human,0.991,non_human,1,test
815724240,human,0.647,human,0,validation
815724241,human,0.625,non_human,0,train
815724242,non_human,0.985,non_human,1,train
815724243,non_human,0.985,non_human,1,train
815724244,human,0.813,human,0,train
815724245,non_human,0.59,non_human,0,train
815724246,human,0.652,non_human,0,train
815724247,non_human,0.53,non_human,0,train
815724248,human,0.893,unknown,0,unknown
815724249,non_human,0.541,unknown,0,unknown
815724250,non_human,0.537,human,0,test
815724251,human,0.765,non_human,0,train
815724252,non_human,0.985,non_human,1,train
815724253,human,0.84,human,0,train
815724254,human,0.524,unknown,0,unknown
815724255,human,0.604,non_human,0,test
815724256,human,0.897,human,0,test
815724257,human,0.697,human,0,train
815724258,human,0.9,human,1,train
815724259,non_human,0.603,non_human,0,test
815724260,human,0.937,human,1,train
815724261,human,0.94,human,1,train
815724262,human,0.824,human,0,validation
815724263,non_human,0.985,non_human,1,test
815724264,non_human,0.985,non_human,1,train
815724265,human,0.962,human,1,train
815724266,human,0.779,human,0,validation
815724267,human,0.901,human,1,train
815724268,human,0.693,human,0,train
815724269,human,0.865,human,0,train
815724270,non_human,0.985,unknown,1,unknown
815724271,non_human,0.985,non_human,1,train
815724272,human,0.89,human,0,test
815724273,human,0.912,human,1,test
815724274,human,0.906,human,1,train
815724275,non_human,0.985,non_human,1,train
815724276,non_human,0.501,human,0,validation
815724277,human,0.843,human,0,validation
815724278,non_human,0.996,non_human,1,train
815724279,human,0.731,human,0,train
815724280,non_human,0.985,non_human,1,train
815724281,non_human,0.985,non_human,1,train
815724282,human,0.779,human,0,validation
815724283,non_human,0.869,non_human,0,test
815724285,non_human,0.613,non_human,0,train
815724286,human,0.968,human,1,train
815724287,human,0.853,unknown,0,unknown
815724288,human,0.925,human,1,train
815724289,human,0.836,unknown,0,unknown
815724290,human,0.926,human,1,train
815724291,non_human,0.893,non_human,0,train
815724292,human,0.812,human,0,validation
815724293,human,0.882,human,0,test
815724294,human,0.98,human,1,validation
815724295,human,0.657,non_human,0,train
815724296,human,0.919,human,1,train
815724297,human,0.7,human,0,test
815724298,non_human,0.938,non_human,1,validation
815724299,human,0.826,non_human,0,validation
815724300,non_human,0.887,non_human,0,validation
815724301,non_human,0.688,non_human,0,test
815724302,human,0.803,non_human,0,validation
815724303,non_human,0.985,non_human,1,train
815724304,human,0.792,human,0,train
815724305,non_human,0.985,non_human,1,validation
815724306,human,0.926,human,1,train
815724307,human,0.938,human,1,train
815724308,human,0.877,human,0,test
815724309,non_human,0.985,unknown,1,unknown
815724310,human,0.902,human,1,train
815724311,non_human,0.985,non_human,1,test
815724312,human,0.75,human,0,train
815724313,human,0.856,human,0,test
815724314,non_human,0.985,non_human,1,train
815724315,human,0.569,non_human,0,test
815724316,non_human,0.985,non_human,1,train
815724317,non_human,0.586,non_human,0,train
815724318,human,0.943,human,1,test
815724319,human,0.786,human,0,train
815724320,human,0.909,human,1,train
815724321,human,0.787,non_human,0,train
815724322,human,0.598,non_human,0,validation
815724323,human,0.825,human,0,train
815724324,non_human,0.538,human,0,validation
815724325,non_human,0.985,non_human,1,train
815724326,non_human,0.85,non_human,0,train
815724327,human,0.923,human,1,train
815724328,human,0.896,human,0,train
815724329,non_human,0.59,human,0,test
815724331,human,0.965,non_human,1,test
815724332,human,0.708,non_human,0,test
815724333,non_human,0.985,unknown,1,unknown
815724334,human,0.95,human,1,train
815724335,non_human,0.641,human,0,test
815724336,human,0.818,human,0,train
815724337,human,0.903,human,1,train
815724338,non_human,0.985,non_human,1,train
815724339,human,0.613,non_human,0,validation
815724340,human,0.657,human,0,test
815724341,non_human,0.985,non_human,1,train
815724342,human,0.756,human,0,test
815724343,human,0.873,human,0,train
815724344,human,0.921,human,1,train
815724345,human,0.879,human,0,train
815724346,human,0.707,human,0,train
815724347,human,0.915,human,1,validation
815724348,non_human,0.895,non_human,0,validation
815724349,human,0.874,human,0,train
815724351,human,0.733,human,0,train
815724352,non_human,0.537,non_human,0,validation
815724353,human,0.971,human,1,validation
815724354,non_human,0.751,non_human,0,validation
815724355,human,0.93,human,1,validation
815724356,non_human,0.985,unknown,1,unknown
815724357,human,0.778,human,0,validation
815724358,human,0.706,non_human,0,train
815724359,human,0.625,human,0,train
815724360,non_human,0.985,unknown,1,unknown
815724361,human,0.596,human,0,train
815724362,human,0.868,human,0,train
815724363,human,0.939,human,1,validation
815724364,non_human,0.626,non_human,0,train
815724365,human,0.943,human,1,train
815724366,human,0.93,human,1,validation
815724367,non_human,0.831,non_human,0,train
815724368,human,0.871,human,0,train
815724369,non_human,0.985,non_human,1,train
815724370,human,0.708,human,0,validation
815724371,human,0.71,human,0,train
815724372,human,0.83,human,0,train
815724374,human,0.713,human,0,validation
815724375,non_human,0.985,non_human,1,train
815724376,human,0.833,human,0,test
815724377,non_human,0.985,non_human,1,train
815724378,non_human,0.985,non_human,1,train
815724380,non_human,0.985,non_human,1,train
815724381,non_human,0.985,non_human,1,test
815724382,human,0.833,human,0,train
815724383,non_human,0.985,non_human,1,test
815724384,human,0.961,human,1,test
815724385,human,0.714,non_human,0,train
815724386,human,0.726,human,0,train
815724387,non_human,0.985,non_human,1,validation
815724388,human,0.901,unknown,1,unknown
815724389,non_human,0.985,non_human,1,test
815724390,human,0.686,non_human,0,train
815724391,non_human,0.653,non_human,0,train
815724392,human,0.644,human,0,train
815724393,human,0.624,human,0,train
815724394,non_human,0.656,non_human,0,train
815724395,non_human,0.765,non_human,0,train
815724396,human,0.569,non_human,0,validation
815724397,non_human,0.985,non_human,1,train
815724398,non_human,0.985,non_human,1,train
815724400,human,0.83,human,0,test
815724401,non_human,0.838,non_human,0,train
815724402,non_human,0.591,non_human,0,test
815724403,human,0.898,unknown,0,unknown
815724404,non_human,0.985,non_human,1,train
815724405,human,0.876,human,0,test
815724407,human,0.993,human,1,validation
815724408,human,0.805,non_human,0,test
815724409,human,0.924,human,1,train
815724410,human,0.891,human,0,train
815724411,human,0.917,human,1,test
815724412,non_human,0.985,non_human,1,validation
815724413,non_human,0.693,non_human,0,validation
815724414,non_human,0.843,non_human,0,validation
815724415,non_human,0.641,non_human,0,test
815724416,human,0.895,human,0,train
815724417,human,0.91,human,1,train
815724419,non_human,0.985,non_human,1,train
815724420,human,0.813,human,0,train
815724421,human,0.905,human,1,train
815724422,human,0.912,human,1,train
815724423,human,0.799,human,0,train
815724424,human,0.806,human,0,train
815724425,non_human,0.644,non_human,0,train
815724426,non_human,0.84,non_human,0,train
815724427,non_human,0.896,non_human,0,train
815724428,non_human,0.985,non_human,1,train
815724429,human,0.808,unknown,0,unknown
815724430,non_human,0.997,non_human,1,train
815724431,non_human,0.757,non_human,0,train
815724432,human,0.67,human,0,train
815724433,non_human,0.985,unknown,1,unknown
815724434,non_human,0.985,unknown,1,unknown
815724435,human,0.812,human,0,validation
815724436,non_human,0.922,non_human,1,train
815724437,human,0.674,non_human,0,train
815724438,human,0.593,non_human,0,test
815724439,human,0.927,human,1,train
815724440,human,0.606,non_human,0,train
815724441,non_human,0.736,non_human,0,train
815724442,human,0.783,human,0,train
815724443,non_human,0.819,human,0,train
815724444,non_human,0.985,unknown,1,unknown
815724445,human,0.965,human,1,train
815724447,human,0.819,human,0,test
815724448,human,0.947,human,1,train
815724449,non_human,0.812,non_human,0,train
815724450,non_human,0.991,unknown,1,unknown
815724451,non_human,0.998,unknown,1,unknown
815724452,human,0.523,non_human,0,train
815724453,human,0.53,unknown,0,unknown
815724454,human,0.92,human,1,train
815724455,human,0.78,non_human,0,train
815724456,human,0.727,non_human,0,test
815724457,human,0.919,human,1,train
815724458,non_human,0.985,unknown,1,unknown
815724459,human,0.959,human,1,train
815724460,human,0.784,non_human,0,validation
815724461,non_human,0.614,non_human,0,train
815724462,human,0.899,human,0,train
815724463,non_human,0.985,non_human,1,train
815724464,human,0.962,human,1,validation
815724465,human,0.784,human,0,train
815724466,non_human,0.628,human,0,validation
815724467,non_human,0.985,unknown,1,unknown
815724468,human,0.928,human,1,train
815724469,human,0.97,human,1,train
815724470,human,0.942,human,1,train
815724471,human,0.916,human,1,test
815724473,non_human,0.544,non_human,0,train
815724474,human,0.969,human,1,train
815724475,human,0.818,human,0,validation
815724476,human,0.95,human,1,validation
815724477,non_human,0.985,non_human,1,validation
815724478,human,0.831,human,0,validation
815724479,human,0.846,human,0,test
815724480,human,0.864,unknown,0,unknown
815724481,human,0.855,human,0,validation
815724482,human,0.54,non_human,0,train
815724483,human,0.873,human,0,train
815724484,human,0.801,human,0,train
815724485,human,0.839,human,0,train
815724486,non_human,0.756,non_human,0,train
815724487,human,0.881,human,0,train
815724488,non_human,0.985,non_human,1,test
815724489,human,0.717,human,0,validation
815724490,human,0.517,non_human,0,test
815724491,non_human,0.985,non_human,1,train
815724492,non_human,0.985,non_human,1,train
815724493,human,0.744,human,0,train
815724494,human,0.891,human,0,train
815724496,non_human,0.786,non_human,0,train
815724497,human,0.677,human,0,train
815724498,non_human,0.985,non_human,1,test
815724500,non_human,0.985,non_human,1,train
815724501,human,0.892,human,0,validation
815724502,human,0.739,human,0,validation
815724503,human,0.92,human,1,train
815724504,human,0.772,human,0,validation
815724505,non_human,0.856,non_human,0,validation
815724506,human,0.966,unknown,1,unknown
815724507,human,0.923,human,1,train
815724508,human,0.787,human,0,test
815724509,non_human,0.985,non_human,1,train
815724510,non_human,0.985,non_human,1,train
815724511,human,0.755,human,0,train
815724512,human,0.687,human,0,test
815724513,human,0.831,human,0,train
815724514,human,0.81,human,0,train
815724515,human,0.91,human,1,train
815724516,human,0.969,human,1,train
815724517,human,0.886,human,0,train
815724518,non_human,0.509,non_human,0,train
815724519,human,0.851,human,0,validation
815724520,non_human,0.985,non_human,1,train
815724522,non_human,0.985,non_human,1,train
815724523,non_human,0.985,non_human,1,train
815724524,non_human,0.985,non_human,1,test
815724525,human,0.632,human,0,train
815724526,non_human,0.985,non_human,1,test
815724527,human,0.567,non_human,0,train
815724529,human,0.542,non_human,0,test
815724530,non_human,0.704,non_human,0,train
815724531,non_human,0.985,non_human,1,train
815724532,non_human,0.985,non_human,1,train
815724533,human,0.801,human,0,train
815724534,human,0.931,human,1,test
815724535,human,0.737,human,0,train
815724536,human,0.973,human,1,test
815724537,non_human,0.985,non_human,1,train
815724538,non_human,0.985,non_human,1,validation
815724539,human,0.635,non_human,0,train
815724540,human,0.804,human,0,train
815724541,human,0.745,human,0,train
815724542,human,0.776,human,0,train
815724543,human,0.858,unknown,0,unknown
815724544,non_human,0.985,non_human,1,train
815724545,human,0.938,human,1,train
815724546,human,0.91,human,1,validation
815724547,human,0.854,human,0,train
815724548,human,0.582,human,0,validation
815724549,non_human,0.985,non_human,1,train
815724550,human,0.616,human,0,validation
815724551,non_human,0.985,unknown,1,unknown
815724552,human,0.869,human,0,train
815724554,non_human,0.985,non_human,1,validation
815724555,human,0.931,human,1,train
815724556,human,0.99,human,1,train
815724557,human,0.931,human,1,train
815724558,human,0.94,human,1,train
815724559,human,0.934,human,1,train
815724560,non_human,0.608,non_human,0,test
815724561,non_human,0.985,non_human,1,validation
815724562,human,0.768,non_human,0,train
815724563,non_human,0.682,non_human,0,train
815724564,non_human,0.998,non_human,1,train
815724565,non_human,0.995,non_human,1,train
815724566,non_human,0.985,non_human,1,train
815724567,non_human,0.985,non_human,1,validation
815724568,non_human,0.985,non_human,1,train
815724569,human,0.812,human,0,train
815724570,human,0.879,human,0,validation
815724571,human,0.782,human,0,train
815724572,human,0.788,human,0,train
815724573,human,0.859,human,0,validation
815724574,human,0.786,human,0,test
815724575,human,0.878,human,0,train
815724576,non_human,0.918,non_human,1,train
815724577,human,0.865,human,0,test
815724578,non_human,0.985,non_human,1,train
815724579,non_human,0.985,non_human,1,test
815724580,human,0.586,non_human,0,train
815724581,human,0.839,human,0,train
815724582,non_human,0.985,non_human,1,train
815724583,human,0.922,human,1,test
815724584,non_human,0.985,non_human,1,validation
815724585,non_human,0.985,non_human,1,test
815724586,human,0.79,unknown,0,unknown
815724587,human,0.875,non_human,0,validation
815724588,non_human,0.985,non_human,1,test
815724589,human,0.934,human,1,train
815724590,human,0.925,human,1,validation
815724591,non_human,0.985,non_human,1,validation
815724592,human,0.858,human,0,train
815724593,human,0.861,human,0,train
815724594,non_human,0.919,non_human,1,validation
815724595,human,0.92,human,1,train
815724596,non_human,0.985,unknown,1,unknown
815724597,non_human,0.577,human,0,train
815724598,human,0.638,non_human,0,train
815724599,non_human,0.503,non_human,0,train
815724600,human,0.946,human,1,train
815724601,human,0.875,unknown,0,unknown
815724602,human,0.856,human,0,train
815724603,non_human,0.985,non_human,1,test
815724604,human,0.794,human,0,test
815724605,human,0.916,human,1,train
815724606,human,0.79,human,0,validation
815724607,human,0.743,human,0,train
815724608,human,0.931,human,1,train
815724609,human,0.783,human,0,test
815724610,non_human,0.985,non_human,1,train
815724611,non_human,0.76,non_human,0,train
815724612,human,0.686,human,0,train
815724613,human,0.903,human,1,train
815724614,human,0.7,human,0,train
815724615,non_human,0.991,non_human,1,train
815724616,human,0.801,human,0,validation
815724617,non_human,0.985,non_human,1,train
815724618,human,0.871,human,0,train
815724619,non_human,0.985,unknown,1,unknown
815724620,non_human,0.985,non_human,1,validation
815724621,human,0.891,human,0,test
815724622,non_human,0.802,non_human,0,train
815724623,non_human,0.985,non_human,1,train
815724624,human,0.809,human,0,validation
815724625,human,0.949,human,1,test
815724626,human,0.986,human,1,train
815724627,human,0.646,human,0,test
815724628,non_human,0.985,non_human,1,test
815724629,non_human,0.991,non_human,1,train
815724630,non_human,0.843,non_human,0,train
815724631,human,0.945,human,1,train
815724632,human,0.926,human,1,train
815724633,human,0.688,human,0,train
815724634,human,0.562,human,0,validation
815724635,non_human,0.985,non_human,1,test
815724636,human,0.981,human,1,train
815724637,human,0.866,human,0,train
815724638,non_human,0.985,non_human,1,train
815724639,human,0.935,human,1,train
815724640,human,0.959,human,1,validation
815724641,non_human,0.502,non_human,0,train
815724642,non_human,0.985,non_human,1,validation
815724643,human,0.56,human,0,train
815724644,human,0.868,human,0,train
815724645,human,0.918,human,1,train
815724646,human,0.865,human,0,test
815724647,human,0.952,human,1,validation
815724648,non_human,0.985,non_human,1,train
815724649,human,0.632,human,0,validation
815724650,human,0.632,human,0,validation
815724651,non_human,0.985,non_human,1,train
815724652,non_human,0.545,non_human,0,test
815724653,human,0.838,human,0,train
815724654,human,0.74,human,0,test
815724655,human,0.518,non_human,0,validation
815724656,human,0.823,human,0,train
815724657,non_human,0.829,non_human,0,train
815724658,non_human,0.67,unknown,0,unknown
815724659,human,0.502,human,0,train
815724660,human,0.844,human,0,test
815724661,non_human,0.812,non_human,0,train
815724662,non_human,0.71,non_human,0,train
815724663,human,0.935,human,1,validation
815724664,human,0.966,human,1,train
815724666,non_human,0.991,non_human,1,train
815724667,human,0.767,non_human,0,validation
815724668,non_human,0.73,non_human,0,train
815724669,human,0.8,human,0,test
815724670,human,0.961,human,1,train
815724671,non_human,0.985,non_human,1,train
815724672,non_human,0.985,non_human,1,test
815724673,human,0.831,human,0,validation
815724674,human,0.945,human,1,train
815724675,human,0.614,human,0,validation
815724676,non_human,0.911,non_human,1,validation
815724677,non_human,0.531,human,0,validation
815724678,human,0.663,unknown,0,unknown
815724679,human,0.97,human,1,test
815724680,non_human,0.908,non_human,1,train
815724681,human,0.928,human,1,validation
815724682,non_human,0.985,unknown,1,unknown
815724683,human,0.599,human,0,train
815724684,human,0.869,human,0,validation
815724685,human,0.765,human,0,train
815724686,non_human,0.995,non_human,1,train
815724687,human,0.84,human,0,train
815724688,human,0.873,human,0,validation
815724689,human,0.621,unknown,0,unknown
815724690,non_human,0.985,non_human,1,train
815724691,human,0.705,non_human,0,train
815724692,human,0.657,non_human,0,train
815724693,human,0.85,human,0,train
815724694,non_human,0.985,non_human,1,train
815724695,human,0.978,human,1,test
815724696,human,0.787,human,0,validation
815724697,human,0.81,human,0,test
815724698,non_human,0.757,non_human,0,validation
815724699,human,0.927,human,1,train
815724700,non_human,0.985,non_human,1,validation
815724701,non_human,0.766,non_human,0,train
815724702,non_human,0.996,non_human,1,test
815724703,human,0.935,human,1,train
815724704,human,0.814,human,0,train
815724705,non_human,0.995,non_human,1,validation
815724706,human,0.832,human,0,test
815724708,human,0.864,human,0,train
815724709,non_human,0.985,non_human,1,train
815724710,human,0.873,human,0,train
815724711,non_human,0.985,non_human,1,train
815724712,human,0.728,human,0,train
815724713,non_human,0.985,non_human,1,train
815724714,non_human,0.828,non_human,0,train
815724715,non_human,0.985,non_human,1,train
815724716,human,0.791,non_human,0,test
815724717,human,0.934,human,1,validation
815724718,human,0.616,non_human,0,validation
815724719,non_human,0.985,non_human,1,validation
815724720,non_human,0.985,non_human,1,validation
815724721,non_human,0.726,non_human,0,test
815724722,non_human,0.985,non_human,1,train
815724723,human,0.951,human,1,test
815724724,human,0.865,human,0,train
815724725,human,0.957,unknown,1,unknown
815724726,non_human,0.985,non_human,1,test
815724727,human,0.715,non_human,0,train
815724728,non_human,0.985,unknown,1,unknown
815724730,human,0.786,human,0,train
815724731,human,0.729,human,0,train
815724732,human,0.913,human,1,train
815724733,human,0.797,human,0,validation
815724734,human,0.801,human,0,test
815724735,human,0.914,human,1,train
815724736,human,0.814,human,0,train
815724737,human,0.802,human,0,test
815724738,non_human,0.996,non_human,1,train
815724739,human,0.968,human,1,train
815724740,human,0.636,unknown,0,unknown
815724741,human,0.804,non_human,0,train
815724742,human,0.906,human,1,train
815724743,human,0.909,human,1,train
815724744,human,0.602,non_human,0,train
815724745,human,0.642,non_human,0,train
815724746,human,0.843,human,0,validation
815724747,human,0.897,human,0,test
815724748,non_human,0.985,non_human,1,validation
815724749,human,0.826,human,0,train
815724750,human,0.892,human,0,train
815724751,non_human,0.985,non_human,1,train
815724752,non_human,0.593,non_human,0,train
815724753,human,0.922,human,1,train
815724754,human,0.808,unknown,0,unknown
815724755,human,0.626,human,0,test
815724757,human,0.772,human,0,train
815724758,human,0.833,human,0,validation
815724759,human,0.876,human,0,train
815724760,human,0.642,non_human,0,train
815724761,human,0.695,non_human,0,train
815724762,human,0.89,non_human,0,validation
815724763,human,0.954,human,1,train
815724764,human,0.802,human,0,train
815724765,non_human,0.985,non_human,1,train
815724766,non_human,0.985,non_human,1,validation
815724767,human,0.878,human,0,train
815724768,human,0.664,human,0,train
815724769,human,0.964,human,1,validation
815724770,human,0.653,non_human,0,train
815724771,human,0.952,human,1,train
815724772,human,0.981,human,1,train
815724773,human,0.6,human,0,validation
815724774,human,0.62,non_human,0,train
815724775,human,0.665,human,0,validation
815724776,human,0.918,human,1,train
815724777,human,0.783,non_human,0,train
815724778,non_human,0.985,non_human,1,train
815724779,human,0.675,human,0,train
815724780,human,0.918,human,1,train
815724781,human,0.96,human,1,train
815724782,non_human,0.985,non_human,1,train
815724783,human,0.938,human,1,validation
815724784,non_human,0.86,non_human,0,train
815724785,non_human,0.985,non_human,1,test
815724786,human,0.962,human,1,train
815724788,human,0.887,human,0,train
815724789,human,0.505,human,0,train
815724790,non_human,0.985,non_human,1,validation
815724791,human,0.938,human,1,train
815724792,non_human,0.993,non_human,1,test
815724794,human,0.743,human,0,train
815724795,human,0.971,human,1,train
815724796,human,0.711,human,0,validation
815724797,human,0.891,human,0,train
815724798,non_human,0.631,non_human,0,train
815724799,non_human,0.985,non_human,1,train
815724800,non_human,0.68,non_human,0,train
815724801,human,0.814,human,0,train
815724803,human,0.885,human,0,test
815724804,non_human,0.985,non_human,1,train
815724805,non_human,0.985,non_human,1,train
815724806,non_human,0.686,human,0,test
815724807,human,0.863,human,0,train
815724809,human,0.819,human,0,train
815724810,non_human,0.985,non_human,1,test
815724811,human,0.801,unknown,0,unknown
815724812,non_human,0.985,non_human,1,validation
815724813,non_human,0.985,non_human,1,train
815724814,human,0.879,human,0,train
815724815,human,0.698,non_human,0,test
815724816,non_human,0.985,non_human,1,train
815724817,human,0.971,human,1,train
815724818,non_human,0.985,non_human,1,validation
815724819,human,0.771,non_human,0,train
815724820,human,0.895,human,0,train
815724821,non_human,0.528,non_human,0,train
815724822,human,0.918,human,1,validation
815724823,non_human,0.985,non_human,1,validation
815724824,non_human,0.596,non_human,0,train
815724825,human,0.907,human,1,train
815724827,non_human,0.985,unknown,1,unknown
815724828,human,0.644,non_human,0,test
815724829,non_human,0.996,non_human,1,validation
815724830,human,0.833,human,0,test
815724831,human,0.834,human,0,train
815724832,non_human,0.985,non_human,1,train
815724833,human,0.624,human,0,validation
815724834,human,0.512,non_human,0,train
815724835,non_human,0.985,non_human,1,train
815724836,human,0.805,human,0,validation
815724837,non_human,0.985,non_human,1,train
815724838,non_human,0.779,non_human,0,train
815724839,human,0.907,human,1,test
815724840,human,0.968,human,1,train
815724841,non_human,0.985,non_human,1,validation
815724842,human,0.572,non_human,0,train
815724843,non_human,0.985,non_human,1,train
815724844,non_human,0.97,non_human,1,train
815724845,non_human,0.997,non_human,1,test
815724846,human,0.628,non_human,0,train
815724847,non_human,0.715,non_human,0,train
815724848,human,0.94,human,1,train
815724849,non_human,0.985,non_human,1,test
815724850,human,0.939,human,1,validation
815724851,non_human,0.995,non_human,1,train
815724853,non_human,0.991,human,1,train
815724854,human,0.798,human,0,train
815724855,human,0.929,human,1,train
815724856,human,0.814,non_human,0,test
815724857,human,0.849,non_human,0,test
815724858,human,0.829,human,0,train
815724859,human,0.879,human,0,train
815724860,non_human,0.985,non_human,1,train
815724861,non_human,0.927,non_human,1,train
815724862,non_human,0.985,unknown,1,unknown
815724863,non_human,0.996,non_human,1,train
815724864,human,0.751,human,0,train
815724865,non_human,0.822,non_human,0,train
815724866,non_human,0.985,non_human,1,test
815724867,non_human,0.76,non_human,0,validation
815724868,non_human,0.985,non_human,1,train
815724869,human,0.982,human,1,test
815724870,human,0.949,human,1,train
815724871,human,0.973,human,1,train
815724874,non_human,0.896,non_human,0,train
815724875,non_human,0.643,human,0,test
815724876,non_human,0.985,non_human,1,train
815724877,human,0.659,human,0,train
815724878,human,0.848,human,0,train
815724879,human,0.52,non_human,0,test
815724880,human,0.936,human,1,train
815724881,human,0.898,human,0,train
815724882,non_human,0.985,unknown,1,unknown
815724883,human,0.916,human,1,validation
815724884,human,0.933,human,1,train
815724885,human,0.91,human,1,train
815724886,human,0.829,human,0,train
815724887,human,0.635,human,0,train
815724888,human,0.67,human,0,train
815724889,human,0.637,human,0,validation
815724890,non_human,0.985,unknown,1,unknown
815724891,human,0.62,non_human,0,train
815724892,non_human,0.985,non_human,1,validation
815724893,human,0.857,unknown,0,unknown
815724894,human,0.76,unknown,0,unknown
815724895,non_human,0.565,non_human,0,train
815724896,human,0.939,human,1,validation
815724897,human,0.839,human,0,train
815724898,non_human,0.835,non_human,0,train
815724900,non_human,0.985,non_human,1,train
815724901,human,0.834,human,0,validation
815724902,non_human,0.985,non_human,1,train
815724903,non_human,0.985,non_human,1,train
815724904,non_human,0.985,unknown,1,unknown
815724905,non_human,0.985,non_human,1,test
815724906,human,0.604,human,0,validation
815724907,human,0.924,human,1,validation
815724908,non_human,0.594,human,0,validation
815724909,non_human,0.985,non_human,1,validation
815724910,non_human,0.985,non_human,1,train
815724911,non_human,0.985,non_human,1,test
815724912,human,0.953,human,1,validation
815724913,human,0.752,human,0,validation
815724914,human,0.838,human,0,test
815724915,human,0.687,human,0,train
815724916,human,0.684,human,0,test
815724917,human,0.884,human,0,train
815724918,human,0.935,human,1,test
815724919,human,0.6,human,0,train
815724920,non_human,0.996,non_human,1,train
815724921,non_human,0.994,non_human,1,train
815724922,human,0.955,human,1,train
815724923,non_human,0.985,non_human,1,test
815724924,non_human,0.991,non_human,1,test
815724925,human,0.73,non_human,0,train
815724926,human,0.881,human,0,train
815724927,human,0.932,human,1,train
815724928,non_human,0.985,non_human,1,test
815724929,human,0.86,human,0,train
815724930,non_human,0.985,non_human,1,train
815724931,human,0.802,human,0,train
815724932,non_human,0.985,non_human,1,validation
815724933,non_human,0.6,non_human,0,train
815724934,human,0.501,human,0,train
815724935,non_human,0.778,non_human,0,train
815724936,non_human,0.985,non_human,1,train
815724937,non_human,0.793,non_human,0,train
815724938,human,0.503,non_human,0,validation
815724939,human,0.765,human,0,test
815724940,non_human,0.996,non_human,1,validation
815724941,non_human,0.791,non_human,0,train
815724942,non_human,0.985,non_human,1,train
815724943,non_human,0.985,non_human,1,train
815724945,non_human,0.634,non_human,0,test
815724946,non_human,0.985,unknown,1,unknown
815724947,non_human,0.537,non_human,0,test
815724948,human,0.731,human,0,validation
815724949,human,0.862,human,0,train
815724950,human,0.619,non_human,0,validation
815724951,human,0.798,human,0,test
815724952,human,0.856,human,0,train
815724953,human,0.908,human,1,train
815724954,human,0.744,human,0,test
815724955,non_human,0.825,non_human,0,train
815724956,non_human,0.985,non_human,1,train
815724957,human,0.846,human,0,train
815724958,human,0.956,human,1,train
815724959,non_human,0.985,unknown,1,unknown
815724960,non_human,0.985,non_human,1,validation
815724961,human,0.892,human,0,validation
815724962,human,0.982,human,1,train
815724963,non_human,0.612,human,0,train
815724964,human,0.81,human,0,test
815724965,human,0.823,human,0,train
815724967,non_human,0.985,non_human,1,train
815724968,human,0.897,human,0,validation
815724969,non_human,0.985,non_human,1,validation
815724970,non_human,0.985,non_human,1,train
815724971,human,0.937,human,1,train
815724972,human,0.822,non_human,0,test
815724973,human,0.621,non_human,0,validation
815724974,human,0.935,human,1,train
815724975,non_human,0.627,human,0,train
815724976,human,0.985,human,1,validation
815724977,human,0.971,human,1,test
815724978,non_human,0.985,non_human,1,test
815724979,human,0.943,human,1,train
815724980,non_human,0.732,non_human,0,train
815724981,non_human,0.855,non_human,0,train
815724982,non_human,0.551,human,0,train
815724983,human,0.787,human,0,test
815724984,human,0.629,non_human,0,validation
815724985,non_human,0.985,non_human,1,validation
815724986,human,0.864,human,0,train
815724987,human,0.942,human,1,validation
815724988,human,0.604,non_human,0,validation
815724989,non_human,0.985,non_human,1,train
815724990,human,0.856,human,0,test
815724991,non_human,0.63,non_human,0,validation
815724992,non_human,0.985,non_human,1,validation
815724993,human,0.813,non_human,0,validation
815724994,human,0.594,human,0,train
815724995,human,0.628,non_human,0,train
815724996,non_human,0.985,non_human,1,validation
815724997,non_human,0.985,unknown,1,unknown
815724998,non_human,0.985,non_human,1,train
815724999,non_human,0.985,unknown,1,unknown
815725000,non_human,0.818,non_human,0,validation
815725001,human,0.726,non_human,0,train
815725002,non_human,0.985,non_human,1,validation
815725003,non_human,0.883,non_human,0,train
815725004,non_human,0.985,unknown,1,unknown
815725005,human,0.898,human,0,train
815725006,human,0.821,human,0,train
815725007,non_human,0.985,non_human,1,validation
815725008,human,0.901,human,1,train
815725009,non_human,0.985,unknown,1,unknown
815725010,non_human,0.985,non_human,1,train
815725011,human,0.934,human,1,test
815725012,non_human,0.546,non_human,0,train
815725013,human,0.737,human,0,train
815725014,non_human,0.506,human,0,train
815725015,human,0.857,human,0,validation
815725016,human,0.679,non_human,0,train
815725017,non_human,0.985,unknown,1,unknown
815725018,non_human,0.991,non_human,1,train
815725019,human,0.75,non_human,0,train
815725020,non_human,0.643,non_human,0,test
815725021,human,0.869,human,0,test
815725022,human,0.641,human,0,test
815725023,human,0.827,non_human,0,test
815725024,human,0.712,human,0,train
815725025,human,0.822,non_human,0,validation
815725026,human,0.786,non_human,0,validation
815725027,human,0.917,human,1,test
815725028,human,0.946,human,1,train
815725030,non_human,0.985,non_human,1,train
815725031,human,0.986,human,1,train
815725032,non_human,0.985,non_human,1,train
815725033,non_human,0.985,non_human,1,train
815725034,human,0.785,human,0,validation
815725035,non_human,0.985,non_human,1,test
815725036,non_human,0.757,non_human,0,validation
815725037,human,0.815,human,0,validation
815725038,non_human,0.985,non_human,1,validation
815725039,human,0.85,human,0,test
815725040,human,0.512,non_human,0,test
815725041,non_human,0.985,non_human,1,train
815725042,human,0.934,human,1,train
815725043,human,0.85,human,0,test
815725044,non_human,0.718,non_human,0,validation
815725045,non_human,0.806,non_human,0,train
815725046,non_human,0.985,non_human,1,train
815725047,non_human,0.985,non_human,1,test
815725048,human,0.933,human,1,test
815725049,human,0.819,human,0,train
815725050,human,0.544,human,0,test
815725051,human,0.514,human,0,validation
815725052,human,0.844,human,0,test
815725053,human,0.973,unknown,1,unknown
815725054,non_human,0.985,unknown,1,unknown
815725055,non_human,0.985,non_human,1,validation
815725056,non_human,0.985,non_human,1,validation
815725057,non_human,0.985,unknown,1,unknown
815725058,non_human,0.985,non_human,1,validation
815725059,human,0.949,human,1,train
815725060,human,0.852,human,0,train
815725061,non_human,0.985,non_human,1,validation
815725062,non_human,0.58,non_human,0,validation
815725063,human,0.6,human,0,test
815725064,non_human,0.985,unknown,1,unknown
815725065,human,0.931,human,1,train
815725066,human,0.93,human,1,train
815725067,human,0.689,human,0,train
815725068,non_human,0.515,human,0,validation
815725070,human,0.816,human,0,train
815725071,non_human,0.729,non_human,0,train
815725072,non_human,0.985,unknown,1,unknown
815725073,human,0.629,human,0,train
815725074,non_human,0.985,unknown,1,unknown
815725075,non_human,0.711,non_human,0,train
815725076,non_human,0.673,non_human,0,train
815725078,human,0.869,human,0,train
815725079,human,0.52,non_human,0,train
815725080,non_human,0.985,non_human,1,validation
815725081,human,0.776,human,0,test
815725082,non_human,0.985,non_human,1,train
815725083,non_human,0.809,non_human,0,train
815725084,human,0.907,human,1,test
815725085,non_human,0.641,non_human,0,test
815725086,non_human,0.985,non_human,1,test
815725087,non_human,0.985,non_human,1,train
815725088,non_human,0.829,non_human,0,train
815725089,non_human,0.985,non_human,1,validation
815725090,non_human,0.736,non_human,0,train
815725091,human,0.897,human,0,train
815725092,non_human,0.537,non_human,0,train
815725093,human,0.687,unknown,0,unknown
815725094,human,0.898,human,0,train
815725095,non_human,0.927,non_human,1,train
815725096,human,0.884,unknown,0,unknown
815725097,non_human,0.985,non_human,1,train
815725098,non_human,0.985,non_human,1,train
815725099,human,0.742,human,0,train
815725100,human,0.594,human,0,validation
815725101,non_human,0.985,non_human,1,train
815725102,non_human,0.985,non_human,1,train
815725103,non_human,0.985,non_human,1,validation
815725104,non_human,0.985,non_human,1,train
815725105,human,0.91,human,1,train
815725107,non_human,0.94,non_human,1,train
815725108,human,0.913,human,1,train
815725109,human,0.916,human,1,train
815725110,human,0.865,human,0,train
815725111,non_human,0.985,non_human,1,train
815725112,non_human,0.985,non_human,1,train
815725113,non_human,0.985,unknown,1,unknown
815725114,human,0.968,human,1,train
815725115,non_human,0.985,unknown,1,unknown
815725116,human,0.932,human,1,train
815725117,human,0.83,human,0,test
815725119,human,0.859,human,0,train
815725120,human,0.723,human,0,train
815725121,human,0.588,human,0,test
815725122,human,0.899,human,0,train
815725123,non_human,0.985,non_human,1,train
815725124,human,0.896,human,0,train
815725125,non_human,0.831,non_human,0,train
815725126,human,0.871,human,0,train
815725127,non_human,0.985,non_human,1,train
815725128,non_human,0.985,non_human,1,test
815725129,non_human,0.985,non_human,1,train
815725130,human,0.927,human,1,train
815725131,human,0.814,human,0,validation
815725132,human,0.774,non_human,0,train
815725133,human,0.72,human,0,train
815725134,human,0.964,human,1,train
815725135,human,0.729,human,0,validation
815725136,human,0.616,unknown,0,unknown
815725138,non_human,0.985,unknown,1,unknown
815725139,non_human,0.985,non_human,1,test
815725140,human,0.85,human,0,train
815725141,human,0.921,human,1,test
815725142,non_human,0.874,non_human,0,validation
815725143,human,0.861,human,0,train
815725144,non_human,0.985,non_human,1,test
815725145,non_human,0.985,non_human,1,test
815725146,non_human,0.985,non_human,1,train
815725147,human,0.641,non_human,0,test
815725148,human,0.96,human,1,train
815725149,non_human,0.985,non_human,1,train
815725150,non_human,0.985,non_human,1,train
815725151,human,0.887,human,0,train
815725152,human,0.93,human,1,test
815725153,human,0.724,non_human,0,train
815725154,non_human,0.672,non_human,0,validation
815725155,human,0.606,non_human,0,train
815725157,human,0.502,non_human,0,validation
815725158,human,0.98,human,1,validation
815725159,non_human,0.687,non_human,0,validation
815725160,human,0.869,human,0,train
815725161,non_human,0.985,non_human,1,train
815725162,human,0.856,non_human,0,test
815725163,non_human,0.546,non_human,0,validation
815725164,human,0.878,human,0,test
815725165,non_human,0.985,non_human,1,test
815725166,human,0.83,non_human,0,train
815725167,human,0.771,human,0,validation
815725168,human,0.991,human,1,train
815725169,human,0.925,human,1,train
815725170,non_human,0.985,non_human,1,train
815725171,human,0.911,human,1,validation
815725172,human,0.943,non_human,1,test
815725173,human,0.955,non_human,1,test
815725175,human,0.967,human,1,train
815725176,human,0.718,human,0,train
815725177,human,0.878,human,0,validation
815725178,human,0.961,human,1,validation
815725179,human,0.527,human,0,train
815725180,human,0.616,human,0,train
815725181,human,0.747,human,0,test
815725182,human,0.926,human,1,train
815725183,non_human,0.985,non_human,1,test
815725184,human,0.98,human,1,train
815725185,human,0.722,human,0,test
815725186,non_human,0.617,human,0,test
815725188,human,0.629,unknown,0,unknown
815725189,human,0.962,human,1,validation
815725190,non_human,0.611,non_human,0,validation
815725192,human,0.702,non_human,0,test
815725193,human,0.892,human,0,train
815725194,non_human,0.991,non_human,1,test
815725195,non_human,0.985,unknown,1,unknown
815725196,human,0.721,human,0,train
815725197,human,0.709,non_human,0,test
815725198,human,0.687,non_human,0,validation
815725199,human,0.929,human,1,test
815725200,human,0.95,human,1,train
815725201,human,0.687,unknown,0,unknown
815725202,human,0.696,human,0,train
815725203,human,0.683,human,0,train
815725204,non_human,0.985,non_human,1,train
815725205,non_human,0.985,non_human,1,train
815725206,human,0.678,human,0,test
815725207,non_human,0.985,non_human,1,train
815725208,non_human,0.985,unknown,1,unknown
815725210,non_human,0.858,human,0,train
815725211,non_human,0.985,non_human,1,test
815725212,non_human,0.501,human,0,validation
815725213,human,0.798,human,0,test
815725214,human,0.919,human,1,test
815725215,human,0.524,non_human,0,train
815725216,human,0.932,human,1,validation
815725217,non_human,0.985,non_human,1,train
815725218,non_human,0.677,non_human,0,train
815725219,human,0.917,unknown,1,unknown
815725220,human,0.883,human,0,test
815725221,human,0.936,human,1,test
815725222,human,0.931,human,1,validation
815725223,human,0.61,human,0,train
815725224,non_human,0.985,non_human,1,train
815725225,non_human,0.985,non_human,1,train
815725226,non_human,0.985,non_human,1,train
815725227,non_human,0.985,non_human,1,test
815725228,non_human,0.718,non_human,0,train
815725229,non_human,0.985,non_human,1,test
815725230,non_human,0.985,non_human,1,train
815725231,human,0.971,human,1,validation
815725232,non_human,0.985,non_human,1,train
815725233,human,0.686,non_human,0,train
815725234,human,0.628,non_human,0,validation
815725235,non_human,0.996,non_human,1,test
815725236,non_human,0.985,non_human,1,train
815725237,human,0.691,non_human,0,train
815725238,non_human,0.985,non_human,1,train
815725239,human,0.812,human,0,validation
815725240,human,0.827,human,0,train
815725241,human,0.956,human,1,train
815725242,human,0.952,human,1,validation
815725243,human,0.957,human,1,train
815725244,non_human,0.711,non_human,0,train
815725245,non_human,0.985,non_human,1,train
815725246,non_human,0.991,non_human,1,train
815725247,human,0.844,unknown,0,unknown
815725249,human,0.596,human,0,validation
815725250,non_human,0.985,non_human,1,train
815725251,non_human,0.985,non_human,1,train
815725252,non_human,0.985,unknown,1,unknown
815725253,non_human,0.62,non_human,0,train
815725254,human,0.932,human,1,validation
815725255,non_human,0.631,non_human,0,train
815725256,human,0.749,unknown,0,unknown
815725257,non_human,0.985,non_human,1,test
815725259,human,0.776,human,0,train
815725260,human,0.936,human,1,test
815725262,human,0.852,human,0,train
815725263,human,0.815,non_human,0,validation
815725264,human,0.82,human,0,train
815725265,non_human,0.996,unknown,1,unknown
815725266,non_human,0.991,non_human,1,train
815725267,non_human,0.985,non_human,1,train
815725268,human,0.905,unknown,1,unknown
815725269,non_human,0.985,non_human,1,train
815725270,non_human,0.628,non_human,0,train
815725271,human,0.73,non_human,0,test
815725272,human,0.807,human,0,train
815725273,human,0.91,human,1,validation
815725274,human,0.763,human,0,train
815725275,non_human,0.996,non_human,1,test
815725276,non_human,0.985,non_human,1,train
815725277,non_human,0.69,non_human,0,validation
815725278,human,0.924,non_human,1,test
815725279,human,0.559,non_human,0,train
815725280,non_human,0.743,non_human,0,validation
815725281,human,0.668,human,0,train
815725282,non_human,0.985,non_human,1,train
815725283,human,0.564,non_human,0,validation
815725284,human,0.727,unknown,0,unknown
815725285,human,0.868,human,0,train
815725286,human,0.926,human,1,train
815725287,human,0.515,non_human,0,train
815725288,non_human,0.985,non_human,1,train
815725289,non_human,0.906,non_human,1,validation
815725290,human,0.933,human,1,train
815725291,human,0.909,human,1,train
815725292,human,0.848,human,0,train
815725293,human,0.977,human,1,train
815725294,human,0.569,human,0,train
815725295,human,0.843,non_human,0,test
815725296,human,0.898,human,0,train
815725297,non_human,0.985,non_human,1,train
815725298,non_human,0.985,non_human,1,train
815725299,non_human,0.991,non_human,1,train
815725300,human,0.581,human,0,train
815725302,human,0.85,human,0,test
815725303,human,0.97,human,1,train
815725304,non_human,0.985,non_human,1,validation
815725305,human,0.87,human,0,train
815725306,non_human,0.546,non_human,0,test
815725307,human,0.987,human,1,test
815725308,human,0.804,human,0,train
815725309,human,0.774,human,0,train
815725310,non_human,0.623,non_human,0,validation
815725311,human,0.8,human,0,train
815725313,human,0.929,human,1,train
815725314,human,0.946,human,1,train
815725315,non_human,0.985,non_human,1,validation
815725316,non_human,0.985,non_human,1,train
815725317,human,0.946,human,1,validation
815725318,human,0.669,human,0,train
815725319,human,0.53,non_human,0,validation
815725320,human,0.972,human,1,validation
815725321,human,0.6,human,0,validation
815725323,human,0.732,human,0,train
815725324,human,0.921,human,1,validation
815725325,human,0.553,human,0,train
815725326,non_human,0.785,non_human,0,train
815725327,human,0.832,human,0,train
815725328,human,0.552,non_human,0,validation
815725329,human,0.573,non_human,0,test
815725330,human,0.573,non_human,0,train
815725332,non_human,0.748,non_human,0,validation
815725334,non_human,0.985,non_human,1,validation
815725335,non_human,0.991,non_human,1,train
815725336,non_human,0.985,unknown,1,unknown
815725337,human,0.731,human,0,test
815725338,human,0.968,human,1,train
815725339,non_human,0.985,non_human,1,test
815725340,non_human,0.995,non_human,1,train
815725341,human,0.754,non_human,0,train
815725342,human,0.672,human,0,train
815725343,non_human,0.985,non_human,1,train
815725344,non_human,0.985,non_human,1,validation
815725345,non_human,0.985,non_human,1,train
815725346,non_human,0.985,non_human,1,train
815725347,non_human,0.985,non_human,1,train
815725348,non_human,0.985,non_human,1,train
815725349,non_human,0.985,non_human,1,train
815725350,human,0.916,human,1,train
815725351,human,0.835,human,0,test
815725352,human,0.903,human,1,train
815725353,non_human,0.985,non_human,1,test
815725354,non_human,0.796,non_human,0,validation
815725355,non_human,0.985,unknown,1,unknown
815725356,non_human,0.985,non_human,1,train
815725357,human,0.86,human,0,train
815725358,non_human,0.985,non_human,1,validation
815725359,non_human,0.598,human,0,train
815725360,non_human,0.985,non_human,1,test
815725361,non_human,0.985,non_human,1,test
815725362,non_human,0.985,non_human,1,train
815725363,human,0.721,human,0,test
815725364,non_human,0.985,non_human,1,test
815725365,human,0.626,human,0,validation
815725366,human,0.773,human,0,train
815725367,human,0.744,human,0,train
815725368,human,0.824,human,0,train
815725369,human,0.979,human,1,validation
815725370,human,0.8,human,0,train
815725371,non_human,0.985,non_human,1,train
815725372,non_human,0.991,unknown,1,unknown
815725373,non_human,0.985,non_human,1,test
815725374,human,0.729,human,0,test
815725375,human,0.874,unknown,0,unknown
815725376,non_human,0.994,non_human,1,train
815725377,human,0.988,human,1,train
815725378,non_human,0.678,non_human,0,train
815725379,human,0.918,human,1,test
815725380,human,0.943,human,1,validation
815725381,human,0.82,non_human,0,validation
815725382,non_human,0.985,non_human,1,test
815725383,human,0.57,non_human,0,validation
815725384,human,0.968,human,1,train
815725385,non_human,0.542,human,0,test
815725386,non_human,0.985,non_human,1,train
815725387,human,0.868,human,0,test
815725388,non_human,0.985,non_human,1,train
815725389,non_human,0.985,non_human,1,test
815725390,human,0.873,human,0,train
815725391,human,0.866,non_human,0,test
815725393,human,0.652,human,0,train
815725394,human,0.791,unknown,0,unknown
815725395,human,0.87,human,0,train
815725396,human,0.902,human,1,test
815725397,human,0.651,non_human,0,train
815725400,human,0.714,non_human,0,train
815725401,non_human,0.996,non_human,1,validation
815725402,non_human,0.995,non_human,1,train
815725404,non_human,0.985,unknown,1,unknown
815725405,non_human,0.985,non_human,1,train
815725406,human,0.751,unknown,0,unknown
815725408,human,0.926,human,1,test
815725409,human,0.908,unknown,1,unknown
815725410,human,0.836,human,0,train
815725411,human,0.993,human,1,test
815725412,human,0.955,human,1,validation
815725413,human,0.927,human,1,train
815725414,human,0.664,human,0,validation
815725415,non_human,0.985,unknown,1,unknown
815725416,human,0.953,human,1,train
815725417,human,0.787,human,0,validation
815725418,human,0.792,human,0,train
815725419,human,0.778,human,0,train
815725420,non_human,0.547,human,0,validation
815725421,non_human,0.722,non_human,0,train
815725422,human,0.797,human,0,test
815725423,human,0.868,human,0,validation
815725424,non_human,0.557,human,0,train
815725425,human,0.727,human,0,train
815725426,human,0.933,human,1,validation
815725427,human,0.717,human,0,validation
815725428,non_human,0.985,non_human,1,test
815725429,non_human,0.543,non_human,0,train
815725430,human,0.602,human,0,train
815725432,human,0.508,non_human,0,train
815725433,human,0.566,human,0,train
815725434,non_human,0.985,non_human,1,train
815725435,human,0.707,human,0,train
815725436,non_human,0.985,non_human,1,train
815725437,non_human,0.985,non_human,1,validation
815725438,human,0.873,human,0,train
815725439,non_human,0.985,non_human,1,train
815725440,non_human,0.985,unknown,1,unknown
815725441,human,0.876,human,0,train
815725442,non_human,0.998,non_human,1,train
815725444,human,0.879,human,0,test
815725445,human,0.809,unknown,0,unknown
815725446,human,0.848,human,0,train
815725447,human,0.876,non_human,0,train
815725448,human,0.736,non_human,0,validation
815725449,human,0.809,human,0,train
815725450,non_human,0.985,non_human,1,train
815725451,non_human,0.985,non_human,1,test
815725452,non_human,0.985,non_human,1,train
815725453,human,0.9,human,1,validation
815725454,non_human,0.985,non_human,1,train
815725455,non_human,0.993,non_human,1,train
815725456,human,0.967,human,1,validation
815725457,non_human,0.985,non_human,1,test
815725458,human,0.951,human,1,train
815725459,human,0.915,human,1,test
815725460,human,0.822,human,0,train
815725461,non_human,0.985,non_human,1,validation
815725462,human,0.665,human,0,train
815725463,non_human,0.996,non_human,1,train
815725464,human,0.882,human,0,test
815725465,human,0.762,human,0,test
815725466,non_human,0.985,non_human,1,validation
815725467,human,0.567,non_human,0,train
815725468,non_human,0.69,human,0,validation
815725469,non_human,0.985,unknown,1,unknown
815725470,human,0.797,human,0,train
815725471,non_human,0.985,non_human,1,train
815725472,human,0.915,human,1,train
815725473,human,0.908,human,1,validation
815725474,human,0.84,human,0,validation
815725475,non_human,0.985,non_human,1,train
815725476,non_human,0.987,non_human,1,train
815725477,non_human,0.985,non_human,1,train
815725478,non_human,0.985,non_human,1,train
815725479,non_human,0.985,non_human,1,train
815725480,human,0.944,human,1,train
815725481,non_human,0.684,non_human,0,train
815725482,non_human,0.997,non_human,1,train
815725483,non_human,0.985,non_human,1,test
815725484,non_human,0.593,non_human,0,validation
815725485,non_human,0.985,non_human,1,train
815725486,human,0.633,non_human,0,validation
815725487,non_human,0.985,unknown,1,unknown
815725488,human,0.801,human,0,test
815725489,human,0.764,human,0,validation
815725490,human,0.931,human,1,train
815725491,human,0.946,human,1,train
815725492,human,0.953,human,1,train
815725493,human,0.835,unknown,0,unknown
815725494,non_human,0.985,non_human,1,train
815725495,human,0.906,human,1,train
815725496,non_human,0.985,non_human,1,test
815725497,human,0.787,unknown,0,unknown
815725498,non_human,0.985,non_human,1,test
815725499,human,0.911,human,1,validation
815725500,human,0.983,human,1,train
815725501,human,0.985,human,1,train
815725503,non_human,0.996,unknown,1,unknown
815725504,non_human,0.701,non_human,0,validation
815725505,human,0.941,human,1,train
815725506,human,0.835,human,0,test
815725507,human,0.842,human,0,train
815725508,non_human,0.985,non_human,1,train
815725509,non_human,0.792,non_human,0,test
815725511,non_human,0.996,non_human,1,train
815725512,human,0.838,human,0,train
815725513,human,0.837,human,0,test
815725514,non_human,0.951,non_human,1,train
815725515,human,0.677,human,0,train
815725516,human,0.917,human,1,train
815725517,human,0.848,human,0,train
815725518,human,0.821,human,0,train
815725519,human,0.894,human,0,train
815725520,human,0.536,human,0,test
815725521,human,0.626,human,0,validation
815725522,human,0.703,unknown,0,unknown
815725523,human,0.87,human,0,train
815725524,human,0.671,human,0,validation
815725525,non_human,0.763,non_human,0,validation
815725526,non_human,0.985,non_human,1,validation
815725527,human,0.811,human,0,validation
815725528,human,0.893,human,0,train
815725529,non_human,0.985,non_human,1,train
815725530,non_human,0.985,unknown,1,unknown
815725531,non_human,0.985,unknown,1,unknown
815725532,non_human,0.686,non_human,0,train
815725534,non_human,0.985,non_human,1,train
815725535,human,0.877,human,0,train
815725536,non_human,0.985,non_human,1,train
815725537,human,0.568,non_human,0,test
815725538,non_human,0.985,unknown,1,unknown
815725539,human,0.829,human,0,validation
815725540,non_human,0.985,non_human,1,train
815725541,non_human,0.547,non_human,0,train
815725542,human,0.93,human,1,test
815725543,non_human,0.985,non_human,1,test
815725544,human,0.844,human,0,validation
815725545,human,0.952,human,1,train
815725546,non_human,0.733,non_human,0,train
815725547,human,0.862,human,0,train
815725548,human,0.781,human,0,train
815725549,non_human,0.797,non_human,0,train
815725550,non_human,0.7,non_human,0,validation
815725551,non_human,0.527,non_human,0,train
815725553,human,0.923,unknown,1,unknown
815725554,non_human,0.996,non_human,1,train
815725555,human,0.559,non_human,0,train
815725556,non_human,0.985,non_human,1,train
815725557,non_human,0.985,non_human,1,validation
815725558,human,0.807,human,0,train
815725559,non_human,0.841,non_human,0,train
815725560,human,0.963,human,1,test
815725561,non_human,0.985,unknown,1,unknown
815725563,human,0.758,non_human,0,validation
815725564,non_human,0.985,non_human,1,train
815725565,non_human,0.985,non_human,1,validation
815725566,non_human,0.985,unknown,1,unknown
815725567,human,0.926,unknown,1,unknown
815725568,non_human,0.985,non_human,1,validation
815725569,human,0.838,human,0,test
815725570,human,0.567,human,0,test
815725571,non_human,0.572,non_human,0,train
815725572,human,0.631,non_human,0,train
815725573,non_human,0.995,non_human,1,train
815725574,human,0.917,human,1,train
815725575,non_human,0.985,non_human,1,train
815725576,human,0.958,human,1,test
815725577,non_human,0.799,non_human,0,test
815725578,human,0.772,human,0,test
815725579,non_human,0.985,non_human,1,test
815725580,human,0.651,human,0,train
815725581,non_human,0.985,non_human,1,train
815725582,non_human,0.991,unknown,1,unknown
815725583,non_human,0.524,non_human,0,train
815725584,non_human,0.985,non_human,1,train
815725585,non_human,0.985,non_human,1,train
815725586,human,0.969,human,1,train
815725587,human,0.865,human,0,test
815725588,non_human,0.996,non_human,1,train
815725589,human,0.551,human,0,test
815725591,human,0.622,human,0,train
815725592,human,0.712,human,0,train
815725593,human,0.675,human,0,test
815725594,non_human,0.985,non_human,1,validation
815725595,human,0.754,human,0,test
815725596,human,0.789,human,0,train
815725597,human,0.802,unknown,0,unknown
815725598,human,0.795,human,0,validation
815725599,non_human,0.985,non_human,1,validation
815725600,human,0.887,human,0,validation
815725601,human,0.926,human,1,train
815725602,non_human,0.985,non_human,1,train
815725603,non_human,0.985,non_human,1,train
815725604,human,0.938,human,1,validation
815725605,non_human,0.985,non_human,1,train
815725606,human,0.713,human,0,train
815725607,human,0.732,human,0,train
815725608,non_human,0.55,non_human,0,test
815725609,human,0.673,human,0,train
815725610,human,0.942,human,1,train
815725611,non_human,0.985,unknown,1,unknown
815725612,non_human,0.985,non_human,1,validation
815725613,non_human,0.653,non_human,0,train
815725614,non_human,0.619,non_human,0,train
815725615,human,0.869,human,0,train
815725617,non_human,0.985,non_human,1,validation
815725618,non_human,0.814,non_human,0,validation
815725619,non_human,0.64,non_human,0,validation
815725620,human,0.916,human,1,train
815725621,human,0.876,human,0,train
815725622,non_human,0.991,non_human,1,test
815725623,non_human,0.752,non_human,0,train
815725624,human,0.944,human,1,validation
815725625,human,0.854,human,0,train
815725626,human,0.863,human,0,validation
815725627,human,0.939,human,1,test
815725628,human,0.853,non_human,0,validation
815725629,non_human,0.508,human,0,train
815725630,human,0.929,human,1,test
815725631,non_human,0.542,non_human,0,train
815725632,human,0.71,human,0,train
815725633,non_human,0.985,non_human,1,train
815725634,human,0.828,human,0,test
815725635,non_human,0.985,non_human,1,train
815725636,human,0.736,human,0,validation
815725637,non_human,0.985,non_human,1,validation
815725638,non_human,0.985,non_human,1,train
815725639,non_human,0.985,non_human,1,train
815725640,human,0.923,human,1,validation
815725641,non_human,0.756,non_human,0,train
815725642,non_human,0.812,non_human,0,train
815725643,human,0.89,human,0,train
815725644,human,0.805,human,0,validation
815725645,non_human,0.523,non_human,0,test
815725646,non_human,0.772,non_human,0,train
815725648,non_human,0.985,non_human,1,train
815725649,non_human,0.985,non_human,1,train
815725650,human,0.741,human,0,train
815725651,non_human,0.769,non_human,0,train
815725652,human,0.687,non_human,0,train
815725653,human,0.839,human,0,train
815725655,non_human,0.985,non_human,1,validation
815725656,human,0.899,human,0,train
815725657,non_human,0.985,non_human,1,validation
815725658,non_human,0.985,non_human,1,train
815725659,non_human,0.985,non_human,1,train
815725661,non_human,0.985,non_human,1,train
815725662,human,0.962,human,1,validation
815725663,non_human,0.994,non_human,1,train
815725664,non_human,0.985,non_human,1,train
815725665,non_human,0.985,non_human,1,train
815725666,non_human,0.985,non_human,1,train
815725667,non_human,0.985,non_human,1,train
815725668,non_human,0.985,non_human,1,train
815725669,non_human,0.985,non_human,1,train
815725670,human,0.738,human,0,test
815725671,human,0.884,human,0,train
815725672,non_human,0.835,non_human,0,train
815725674,non_human,0.567,non_human,0,test
815725675,human,0.852,unknown,0,unknown
815725676,human,0.935,human,1,validation
815725677,non_human,0.985,non_human,1,train
815725678,non_human,0.841,non_human,0,validation
815725679,human,0.918,human,1,train
815725680,human,0.841,human,0,train
815725681,human,0.874,human,0,train
815725683,non_human,0.996,non_human,1,train
815725684,non_human,0.705,non_human,0,train
815725685,non_human,0.991,non_human,1,train
815725687,non_human,0.985,unknown,1,unknown
815725688,human,0.875,human,0,train
815725689,human,0.869,human,0,train
815725690,non_human,0.993,non_human,1,test
815725691,non_human,0.985,non_human,1,train
815725693,non_human,0.991,non_human,1,test
815725694,non_human,0.985,non_human,1,train
815725695,non_human,0.985,non_human,1,train
815725697,non_human,0.667,non_human,0,train
815725698,human,0.967,human,1,validation
815725699,non_human,0.901,non_human,1,validation
815725700,human,0.595,human,0,train
815725701,human,0.813,human,0,test
815725703,non_human,0.726,non_human,0,train
815725704,non_human,0.655,non_human,0,train
815725706,non_human,0.936,non_human,1,train
815725707,human,0.96,human,1,train
815725708,human,0.788,human,0,test
815725709,non_human,0.826,non_human,0,validation
815725710,human,0.88,human,0,train
815725712,non_human,0.543,non_human,0,validation
815725713,human,0.861,human,0,train
815725714,human,0.843,human,0,train
815725715,non_human,0.798,non_human,0,test
815725716,human,0.857,human,0,test
815725717,human,0.972,human,1,validation
815725718,human,0.95,human,1,train
815725719,human,0.92,human,1,train
815725720,human,0.677,human,0,train
815725721,non_human,0.539,human,0,test
815725722,human,0.977,human,1,train
815725723,human,0.687,human,0,test
815725724,non_human,0.799,non_human,0,train
815725725,non_human,0.74,non_human,0,train
815725726,non_human,0.646,non_human,0,validation
815725728,non_human,0.887,non_human,0,train
815725730,human,0.763,human,0,test
815725731,human,0.852,human,0,train
815725732,non_human,0.53,human,0,train
815725733,human,0.873,human,0,train
815725734,non_human,0.536,non_human,0,train
815725735,non_human,0.985,non_human,1,test
815725736,non_human,0.985,non_human,1,test
815725737,non_human,0.985,non_human,1,test
815725739,non_human,0.996,non_human,1,validation
815725740,human,0.816,human,0,train
815725741,human,0.785,human,0,train
815725742,human,0.821,human,0,train
815725743,non_human,0.985,non_human,1,train
815725745,non_human,0.985,non_human,1,test
815725746,human,0.903,human,1,train
815725747,human,0.791,human,0,train
815725748,human,0.925,human,1,train
815725749,human,0.78,human,0,test
815725751,non_human,0.985,non_human,1,validation
815725752,non_human,0.689,non_human,0,test
815725753,human,0.844,human,0,train
815725754,human,0.904,non_human,1,validation
815725756,human,0.969,human,1,train
815725757,human,0.875,human,0,train
815725758,human,0.584,human,0,train
815725759,human,0.84,human,0,test
815725760,human,0.95,human,1,test
815725761,human,0.888,non_human,0,test
815725762,non_human,0.996,non_human,1,validation
815725763,human,0.928,human,1,train
815725764,human,0.94,human,1,test
815725765,human,0.96,human,1,test
815725766,human,0.735,human,0,test
815725767,human,0.877,human,0,train
815725768,human,0.51,human,0,train
815725769,human,0.849,human,0,train
815725770,non_human,0.985,non_human,1,validation
815725771,human,0.815,human,0,train
815725773,non_human,0.985,non_human,1,test
815725774,non_human,0.933,non_human,1,validation
815725775,human,0.91,human,1,validation
815725776,human,0.923,human,1,validation
815725777,human,0.877,human,0,validation
815725778,non_human,0.985,non_human,1,train
815725779,non_human,0.914,non_human,1,train
815725781,human,0.691,human,0,train
815725782,non_human,0.928,non_human,1,train
815725783,human,0.747,non_human,0,test
815725784,human,0.917,human,1,test
815725785,non_human,0.815,non_human,0,validation
815725786,human,0.823,human,0,validation
815725787,non_human,0.985,non_human,1,validation
815725788,human,0.715,human,0,validation
815725789,non_human,0.985,non_human,1,train
815725790,human,0.803,non_human,0,train
815725791,human,0.631,non_human,0,validation
815725792,human,0.93,human,1,validation
815725794,human,0.973,human,1,train
815725795,human,0.645,human,0,validation
815725796,non_human,0.985,human,1,train
815725797,human,0.734,human,0,train
815725798,non_human,0.87,non_human,0,test
815725799,human,0.621,non_human,0,validation
815725801,human,0.83,human,0,test
815725803,non_human,0.985,non_human,1,train
815725804,non_human,0.674,non_human,0,test
815725805,human,0.941,human,1,train
815725806,non_human,0.607,human,0,validation
815725807,human,0.764,human,0,test
815725808,non_human,0.985,non_human,1,validation
815725809,non_human,0.985,non_human,1,train
815725810,non_human,0.985,non_human,1,train
815725811,non_human,0.653,non_human,0,validation
815725812,non_human,0.985,unknown,1,unknown
815725813,human,0.513,human,0,validation
815725814,human,0.795,human,0,train
815725817,non_human,0.985,non_human,1,train
815725818,human,0.752,human,0,train
815725819,human,0.794,human,0,validation
815725820,human,0.942,human,1,train
815725821,human,0.677,human,0,validation
815725822,human,0.79,human,0,train
815725823,non_human,0.5,non_human,0,validation
815725824,human,0.693,human,0,train
815725825,human,0.622,non_human,0,train
815725826,human,0.936,human,1,train
815725827,human,0.953,human,1,validation
815725828,human,0.943,human,1,validation
815725829,non_human,0.541,human,0,test
815725830,human,0.963,human,1,train
815725831,non_human,0.996,non_human,1,test
815725832,human,0.59,non_human,0,train
815725833,non_human,0.525,non_human,0,train
815725834,human,0.827,human,0,train
815725835,human,0.794,human,0,train
815725836,human,0.723,human,0,validation
815725837,non_human,0.985,non_human,1,train
815725838,human,0.852,human,0,test
815725839,non_human,0.985,non_human,1,train
815725840,human,0.949,human,1,test
815725841,non_human,0.985,non_human,1,validation
815725842,non_human,0.985,non_human,1,test
815725843,non_human,0.846,non_human,0,train
815725844,human,0.799,human,0,train
815725845,human,0.69,human,0,train
815725846,non_human,0.985,unknown,1,unknown
815725847,human,0.744,non_human,0,train
815725848,human,0.661,human,0,validation
815725849,non_human,0.985,unknown,1,unknown
815725851,non_human,0.677,non_human,0,train
815725852,non_human,0.834,non_human,0,validation
815725853,non_human,0.841,non_human,0,test
815725854,human,0.811,human,0,train
815725855,human,0.681,human,0,train
815725856,human,0.838,human,0,train
815725857,non_human,0.985,non_human,1,validation
815725858,human,0.847,human,0,train
815725859,non_human,0.985,non_human,1,test
815725860,human,0.893,human,0,train
815725861,non_human,0.985,non_human,1,train
815725862,human,0.873,human,0,train
815725863,non_human,0.985,unknown,1,unknown
815725864,human,0.885,human,0,train
815725866,human,0.732,human,0,validation
815725867,non_human,0.985,non_human,1,test
815725868,non_human,0.779,human,0,test
815725869,non_human,0.985,non_human,1,validation
815725870,human,0.773,human,0,test
815725873,non_human,0.996,non_human,1,test
815725874,human,0.967,human,1,validation
815725875,non_human,0.985,unknown,1,unknown
815725876,non_human,0.985,non_human,1,train
815725877,human,0.533,non_human,0,train
815725878,non_human,0.771,non_human,0,train
815725879,non_human,0.985,non_human,1,train
815725880,human,0.83,human,0,validation
815725881,non_human,0.985,non_human,1,test
815725882,human,0.643,non_human,0,train
815725883,non_human,0.67,non_human,0,train
815725884,human,0.921,human,1,validation
815725885,human,0.784,non_human,0,train
815725887,human,0.943,human,1,train
815725888,non_human,0.598,non_human,0,train
815725889,non_human,0.985,non_human,1,train
815725890,non_human,0.985,non_human,1,validation
815725891,non_human,0.504,non_human,0,train
815725892,non_human,0.985,non_human,1,test
815725893,human,0.94,human,1,train
815725894,non_human,0.985,unknown,1,unknown
815725895,human,0.649,non_human,0,train
815725896,human,0.951,human,1,validation
815725897,human,0.95,human,1,train
815725898,non_human,0.71,non_human,0,test
815725899,human,0.832,human,0,train
815725900,human,0.947,human,1,validation
815725902,human,0.905,human,1,test
815725903,non_human,0.985,non_human,1,train
815725904,human,0.931,human,1,train
815725905,non_human,0.985,non_human,1,train
815725906,non_human,0.985,unknown,1,unknown
815725907,human,0.754,human,0,train
815725908,human,0.91,human,1,train
815725909,human,0.637,human,0,train
815725910,human,0.688,human,0,train
815725911,non_human,0.985,non_human,1,test
815725913,non_human,0.985,unknown,1,unknown
815725914,human,0.548,non_human,0,test
815725915,human,0.774,human,0,validation
815725916,human,0.879,human,0,train
815725917,human,0.946,human,1,train
815725918,human,0.8,non_human,0,test
815725920,non_human,0.985,non_human,1,validation
815725921,human,0.854,non_human,0,validation
815725922,non_human,0.985,non_human,1,test
815725923,non_human,0.567,non_human,0,test
815725924,non_human,0.991,non_human,1,train
815725925,non_human,0.642,non_human,0,train
815725926,non_human,0.562,non_human,0,train
815725928,non_human,0.985,non_human,1,train
815725929,human,0.937,human,1,train
815725930,non_human,0.985,non_human,1,validation
815725931,non_human,0.918,non_human,1,test
815725932,human,0.987,human,1,test
815725933,human,0.585,non_human,0,test
815725934,human,0.753,non_human,0,train
815725935,human,0.73,human,0,train
815725936,non_human,0.985,non_human,1,train
815725937,non_human,0.91,non_human,1,train
815725938,human,0.945,human,1,test
815725939,human,0.91,human,1,test
815725941,human,0.935,human,1,train
815725943,non_human,0.985,non_human,1,train
815725944,non_human,0.985,non_human,1,train
815725945,human,0.987,human,1,train
815725946,human,0.914,human,1,train
815725947,human,0.784,human,0,train
815725948,human,0.848,human,0,train
815725949,human,0.898,human,0,train
815725950,human,0.608,human,0,train
815725951,human,0.778,human,0,train
815725952,non_human,0.985,unknown,1,unknown
815725953,non_human,0.714,non_human,0,validation
815725954,human,0.673,non_human,0,train
815725955,non_human,0.849,non_human,0,train
815725956,human,0.752,non_human,0,validation
815725957,non_human,0.985,unknown,1,unknown
815725958,human,0.859,non_human,0,train
815725959,human,0.701,non_human,0,train
815725960,human,0.809,human,0,train
815725961,human,0.881,human,0,train
815725962,human,0.932,human,1,validation
815725963,non_human,0.857,non_human,0,train
815725965,human,0.869,non_human,0,train
815725966,human,0.503,non_human,0,validation
815725967,human,0.795,human,0,train
815725968,non_human,0.985,unknown,1,unknown
815725969,human,0.717,human,0,validation
815725970,non_human,0.589,non_human,0,train
815725971,non_human,0.857,non_human,0,train
815725972,non_human,0.996,unknown,1,unknown
815725973,non_human,0.716,non_human,0,train
815725974,non_human,0.59,non_human,0,train
815725975,human,0.961,human,1,train
815725976,human,0.94,human,1,train
815725977,human,0.597,non_human,0,validation
815725978,human,0.542,human,0,test
815725979,non_human,0.899,non_human,0,train
815725980,non_human,0.703,non_human,0,train
815725981,human,0.88,human,0,test
815725982,human,0.911,human,1,train
815725983,human,0.501,human,0,validation
815725984,human,0.505,non_human,0,validation
815725985,human,0.87,human,0,train
815725986,human,0.801,non_human,0,train
815725987,human,0.753,human,0,validation
815725988,human,0.822,human,0,train
815725989,human,0.604,unknown,0,unknown
815725990,human,0.72,human,0,validation
815725991,human,0.875,human,0,validation
815725992,human,0.687,human,0,train
815725993,human,0.926,unknown,1,unknown
815725994,human,0.82,human,0,test
815725995,human,0.833,human,0,test
815725996,human,0.916,human,1,validation
815725997,human,0.785,human,0,train
815725998,non_human,0.706,non_human,0,test
815725999,non_human,0.668,non_human,0,train
815726000,non_human,0.996,unknown,1,unknown
815726001,non_human,0.985,non_human,1,validation
815726002,human,0.874,human,0,train
815726003,non_human,0.985,non_human,1,train
815726004,human,0.911,human,1,train
815726005,human,0.761,non_human,0,train
815726006,human,0.926,unknown,1,unknown
815726007,non_human,0.985,unknown,1,unknown
815726008,non_human,0.985,non_human,1,train
815726009,non_human,0.996,non_human,1,train
815726010,human,0.943,non_human,1,test
815726011,human,0.81,human,0,train
815726012,human,0.89,human,0,train
815726016,non_human,0.995,non_human,1,train
815726017,human,0.649,human,0,train
815726018,human,0.842,human,0,train
815726019,non_human,0.985,non_human,1,test
815726020,non_human,0.985,non_human,1,train
815726021,non_human,0.985,non_human,1,train
815726022,human,0.92,human,1,train
815726023,non_human,0.985,non_human,1,test
815726024,human,0.929,human,1,validation
815726025,non_human,0.985,unknown,1,unknown
815726026,non_human,0.765,non_human,0,train
815726027,human,0.687,human,0,test
815726028,non_human,0.985,non_human,1,train
815726029,non_human,0.557,non_human,0,test
815726030,non_human,0.985,non_human,1,test
815726031,non_human,0.985,unknown,1,unknown
815726032,non_human,0.985,unknown,1,unknown
815726033,non_human,0.985,unknown,1,unknown
815726034,non_human,0.991,unknown,1,unknown
815726035,non_human,0.985,non_human,1,train
815726036,non_human,0.612,non_human,0,train
815726037,human,0.856,human,0,test
815726038,human,0.876,human,0,train
815726039,human,0.861,human,0,train
815726040,human,0.846,human,0,validation
815726041,human,0.781,human,0,train
815726043,non_human,0.985,non_human,1,test
815726044,human,0.687,non_human,0,train
815726045,non_human,0.985,non_human,1,validation
815726046,human,0.715,human,0,train
815726048,human,0.935,human,1,train
815726049,human,0.711,human,0,train
815726050,human,0.952,human,1,train
815726052,non_human,0.985,non_human,1,test
815726053,non_human,0.985,non_human,1,test
815726054,non_human,0.985,unknown,1,unknown
815726055,human,0.948,human,1,train
815726056,non_human,0.734,non_human,0,train
815726057,non_human,0.514,non_human,0,train
815726058,human,0.508,non_human,0,validation
815726059,human,0.602,non_human,0,train
815726060,human,0.958,human,1,train
815726062,non_human,0.985,non_human,1,validation
815726063,human,0.937,human,1,train
815726064,human,0.865,human,0,validation
815726065,human,0.937,human,1,validation
815726067,non_human,0.985,non_human,1,train
815726068,human,0.665,human,0,validation
815726069,human,0.691,human,0,validation
815726070,human,0.889,human,0,validation
815726071,human,0.817,non_human,0,validation
815726072,non_human,0.996,non_human,1,train
815726073,human,0.547,human,0,validation
815726075,non_human,0.568,human,0,train
815726076,human,0.916,human,1,train
815726077,human,0.848,non_human,0,test
815726078,human,0.941,human,1,train
815726079,non_human,0.53,non_human,0,train
815726080,human,0.642,non_human,0,test
815726081,human,0.943,human,1,test
815726082,human,0.641,human,0,validation
815726083,human,0.607,non_human,0,test
815726084,human,0.733,non_human,0,train
815726085,human,0.983,human,1,train
815726086,non_human,0.519,non_human,0,train
815726088,non_human,0.882,non_human,0,test
815726089,human,0.946,human,1,train
815726090,human,0.868,human,0,validation
815726091,human,0.922,human,1,train
815726092,human,0.569,human,0,test
815726093,non_human,0.985,non_human,1,train
815726094,human,0.851,human,0,train
815726095,human,0.795,non_human,0,train
815726096,human,0.892,human,0,train
815726097,non_human,0.915,non_human,1,test
815726098,human,0.535,non_human,0,test
815726099,non_human,0.812,non_human,0,train
815726100,human,0.813,human,0,test
815726101,non_human,0.985,non_human,1,train
815726102,non_human,0.851,non_human,0,test
815726103,non_human,0.654,non_human,0,train
815726104,non_human,0.996,non_human,1,validation
815726105,human,0.868,human,0,train
815726106,human,0.812,human,0,test
815726107,non_human,0.985,unknown,1,unknown
815726108,human,0.847,human,0,train
815726109,non_human,0.985,non_human,1,test
815726110,non_human,0.985,non_human,1,train
815726111,human,0.601,non_human,0,test
815726112,non_human,0.985,non_human,1,validation
815726113,non_human,0.995,non_human,1,validation
815726114,non_human,0.985,non_human,1,test
815726115,human,0.818,human,0,train
815726116,human,0.881,non_human,0,test
815726117,non_human,0.985,non_human,1,validation
815726118,non_human,0.985,unknown,1,unknown
815726120,non_human,0.985,non_human,1,train
815726121,human,0.961,human,1,test
815726122,human,0.626,non_human,0,train
815726123,human,0.93,human,1,validation
815726125,human,0.969,human,1,test
815726126,non_human,0.985,non_human,1,validation
815726127,non_human,0.985,non_human,1,train
815726128,non_human,0.985,non_human,1,train
815726129,human,0.789,human,0,validation
815726130,non_human,0.985,non_human,1,train
815726131,human,0.636,non_human,0,train
815726132,non_human,0.985,unknown,1,unknown
815726133,non_human,0.985,unknown,1,unknown
815726134,human,0.678,non_human,0,train
815726135,human,0.673,non_human,0,train
815726136,non_human,0.985,non_human,1,train
815726137,non_human,0.985,non_human,1,validation
815726138,non_human,0.985,non_human,1,train
815726139,non_human,0.985,non_human,1,train
815726140,non_human,0.751,non_human,0,train
815726141,non_human,0.985,non_human,1,test
815726142,non_human,0.985,non_human,1,validation
815726143,non_human,0.985,non_human,1,test
815726144,non_human,0.985,unknown,1,unknown
815726145,non_human,0.505,human,0,train
815726146,human,0.923,human,1,train
815726147,non_human,0.86,non_human,0,train
815726148,human,0.915,human,1,train
815726151,human,0.903,human,1,test
815726152,human,0.939,unknown,1,unknown
815726154,human,0.965,human,1,validation
815726155,non_human,0.904,non_human,1,test
815726156,human,0.554,non_human,0,train
815726157,human,0.885,human,0,train
815726158,human,0.521,human,0,train
815726160,non_human,0.985,non_human,1,test
815726161,human,0.798,human,0,train
815726162,human,0.795,human,0,train
815726163,human,0.757,non_human,0,test
815726164,human,0.898,human,0,validation
815726165,human,0.575,non_human,0,train
815726166,human,0.561,non_human,0,train
815726167,human,0.78,non_human,0,test
815726168,human,0.898,human,0,train
815726169,human,0.65,non_human,0,train
815726170,human,0.889,human,0,train
815726171,non_human,0.735,non_human,0,train
815726172,human,0.773,human,0,test
815726173,human,0.903,human,1,train
815726174,human,0.638,non_human,0,train
815726175,human,0.736,human,0,train
815726176,human,0.765,non_human,0,train
815726177,human,0.972,human,1,validation
815726179,human,0.905,human,1,test
815726180,non_human,0.667,human,0,test
815726182,human,0.938,human,1,train
815726183,human,0.978,human,1,test
815726184,human,0.649,human,0,train
815726185,non_human,0.995,non_human,1,train
815726187,human,0.777,human,0,train
815726188,human,0.718,human,0,train
815726189,human,0.808,human,0,train
815726190,non_human,0.697,non_human,0,train
815726191,human,0.589,human,0,train
815726192,non_human,0.985,unknown,1,unknown
815726193,human,0.749,human,0,train
815726194,human,0.738,human,0,validation
815726195,non_human,0.94,non_human,1,validation
815726196,human,0.809,human,0,train
815726197,human,0.771,human,0,test
815726198,human,0.992,human,1,validation
815726200,human,0.572,non_human,0,test
815726201,non_human,0.985,non_human,1,train
815726202,non_human,0.65,non_human,0,train
815726203,human,0.618,human,0,test
815726204,human,0.566,non_human,0,train
815726205,human,0.766,human,0,validation
815726206,human,0.689,human,0,train
815726207,non_human,0.985,unknown,1,unknown
815726208,human,0.853,human,0,train
815726209,human,0.687,non_human,0,train
815726210,human,0.788,human,0,train
815726211,human,0.888,human,0,validation
815726212,human,0.572,human,0,test
815726213,human,0.891,human,0,test
815726214,human,0.797,human,0,train
815726215,human,0.94,human,1,validation
815726216,non_human,0.745,non_human,0,train
815726217,human,0.944,human,1,test
815726218,human,0.675,non_human,0,train
815726219,non_human,0.985,non_human,1,train
815726220,human,0.939,human,1,validation
815726221,non_human,0.985,non_human,1,test
815726222,human,0.564,human,0,train
815726223,non_human,0.985,non_human,1,train
815726224,non_human,0.985,non_human,1,validation
815726226,human,0.844,human,0,validation
815726227,non_human,0.985,non_human,1,train
815726228,non_human,0.884,non_human,0,train
815726229,human,0.89,human,0,train
815726230,human,0.826,human,0,test
815726231,human,0.534,human,0,train
815726232,human,0.948,unknown,1,unknown
815726234,human,0.672,non_human,0,train
815726235,human,0.726,human,0,train
815726236,human,0.976,human,1,train
815726237,non_human,0.777,human,0,train
815726238,human,0.922,human,1,train
815726239,human,0.878,human,0,validation
815726240,non_human,0.991,non_human,1,test
815726241,non_human,0.646,non_human,0,test
815726242,non_human,0.866,non_human,0,train
815726243,non_human,0.985,non_human,1,train
815726244,non_human,0.985,non_human,1,train
815726245,human,0.915,human,1,train
815726246,non_human,0.985,non_human,1,train
815726247,human,0.878,human,0,train
815726248,non_human,0.921,non_human,1,test
815726249,non_human,0.985,non_human,1,train
815726250,non_human,0.971,non_human,1,validation
815726251,human,0.944,human,1,train
815726253,human,0.802,non_human,0,test
815726254,human,0.88,human,0,train
815726255,human,0.919,human,1,train
815726256,human,0.785,non_human,0,train
815726257,human,0.94,human,1,train
815726259,human,0.817,human,0,train
815726260,non_human,0.985,non_human,1,train
815726261,non_human,0.703,non_human,0,train
815726262,human,0.726,human,0,train
815726263,human,0.614,human,0,train
815726264,human,0.779,non_human,0,validation
815726265,non_human,0.985,non_human,1,train
815726266,human,0.848,human,0,validation
815726267,non_human,0.985,non_human,1,train
815726269,human,0.677,non_human,0,train
815726270,human,0.858,human,0,train
815726271,human,0.685,unknown,0,unknown
815726272,non_human,0.872,non_human,0,train
815726273,human,0.975,human,1,test
815726275,human,0.949,human,1,train
815726276,human,0.921,human,1,test
815726277,human,0.685,human,0,train
815726278,human,0.524,non_human,0,train
815726279,human,0.703,human,0,test
815726280,human,0.781,human,0,train
815726281,non_human,0.606,human,0,train
815726282,human,0.806,human,0,train
815726283,human,0.819,human,0,train
815726284,human,0.677,unknown,0,unknown
815726285,non_human,0.807,non_human,0,train
815726286,non_human,0.985,non_human,1,validation
815726287,non_human,0.555,non_human,0,validation
815726288,human,0.847,human,0,train
815726289,non_human,0.797,non_human,0,test
815726291,human,0.507,non_human,0,test
815726292,human,0.582,non_human,0,train
815726293,human,0.937,human,1,train
815726294,human,0.791,human,0,train
815726295,non_human,0.985,non_human,1,validation
815726296,human,0.974,human,1,test
815726297,human,0.953,human,1,train
815726298,non_human,0.85,non_human,0,train
815726299,human,0.924,human,1,train
815726301,non_human,0.985,non_human,1,validation
815726302,non_human,0.985,non_human,1,test
815726304,human,0.881,human,0,train
815726306,human,0.826,unknown,0,unknown
815726307,non_human,0.985,non_human,1,train
815726308,non_human,0.985,non_human,1,train
815726309,human,0.981,human,1,train
815726311,non_human,0.759,non_human,0,train
815726312,non_human,0.985,unknown,1,unknown
815726313,human,0.832,non_human,0,validation
815726314,non_human,0.985,non_human,1,train
815726316,non_human,0.985,unknown,1,unknown
815726317,human,0.933,human,1,validation
815726318,non_human,0.985,non_human,1,validation
815726319,human,0.951,human,1,train
815726320,non_human,0.985,non_human,1,train
815726321,non_human,0.802,non_human,0,train
815726322,human,0.978,human,1,train
815726323,human,0.897,human,0,train
815726324,human,0.876,human,0,validation
815726325,human,0.769,human,0,validation
815726326,non_human,0.985,non_human,1,train
815726327,human,0.695,unknown,0,unknown
815726328,non_human,0.985,non_human,1,train
815726329,non_human,0.985,unknown,1,unknown
815726330,human,0.861,unknown,0,unknown
815726331,non_human,0.985,non_human,1,train
815726332,human,0.924,human,1,train
815726333,non_human,0.985,non_human,1,validation
815726334,non_human,0.985,unknown,1,unknown
815726335,non_human,0.985,non_human,1,train
815726336,non_human,0.985,non_human,1,train
815726337,human,0.728,human,0,train
815726338,non_human,0.985,non_human,1,test
815726339,human,0.937,human,1,validation
815726340,human,0.698,human,0,test
815726341,human,0.803,human,0,test
815726342,human,0.878,human,0,validation
815726343,human,0.53,non_human,0,train
815726344,human,0.844,unknown,0,unknown
815726345,human,0.794,human,0,test
815726346,human,0.891,human,0,test
815726347,human,0.905,human,1,validation
815726348,human,0.849,human,0,train
815726349,human,0.97,human,1,validation
815726350,non_human,0.81,non_human,0,train
815726351,human,0.878,human,0,validation
815726352,non_human,0.985,non_human,1,test
815726353,non_human,0.985,unknown,1,unknown
815726354,human,0.938,human,1,train
815726355,non_human,0.985,unknown,1,unknown
815726356,human,0.674,human,0,train
815726357,non_human,0.985,non_human,1,validation
815726358,non_human,0.985,unknown,1,unknown
815726360,non_human,0.996,non_human,1,train
815726361,human,0.91,human,1,test
815726362,human,0.81,human,0,train
815726364,human,0.594,non_human,0,train
815726365,human,0.777,human,0,test
815726366,human,0.77,human,0,train
815726367,human,0.902,human,1,train
815726368,human,0.614,non_human,0,train
815726369,non_human,0.616,non_human,0,train
815726370,human,0.879,non_human,0,test
815726371,human,0.667,human,0,validation
815726372,human,0.824,human,0,train
815726373,human,0.74,human,0,train
815726374,human,0.918,human,1,validation
815726377,non_human,0.806,non_human,0,train
815726378,human,0.877,human,0,train
815726380,human,0.677,non_human,0,test
815726381,non_human,0.572,non_human,0,train
815726382,non_human,0.797,non_human,0,test
815726383,human,0.943,human,1,train
815726384,non_human,0.935,non_human,1,train
815726385,non_human,0.935,non_human,1,train
815726386,non_human,0.985,non_human,1,test
815726388,human,0.738,human,0,test
815726389,human,0.718,unknown,0,unknown
815726390,non_human,0.985,non_human,1,train
815726391,non_human,0.646,non_human,0,train
815726392,human,0.865,human,0,train
815726393,human,0.741,human,0,train
815726394,non_human,0.985,non_human,1,train
815726395,non_human,0.807,non_human,0,train
815726396,non_human,0.985,unknown,1,unknown
815726397,human,0.854,human,0,validation
815726398,human,0.653,human,0,train
815726399,human,0.624,non_human,0,validation
815726400,non_human,0.985,unknown,1,unknown
815726401,human,0.879,human,0,validation
815726402,human,0.941,human,1,test
815726405,non_human,0.513,human,0,validation
815726406,human,0.651,human,0,validation
815726407,human,0.851,human,0,validation
815726408,non_human,0.582,non_human,0,train
815726409,human,0.892,human,0,train
815726410,human,0.928,human,1,train
815726411,non_human,0.917,non_human,1,train
815726412,non_human,0.996,non_human,1,train
815726413,non_human,0.985,non_human,1,validation
815726414,human,0.708,human,0,validation
815726415,human,0.8,human,0,train
815726416,human,0.765,non_human,0,test
815726417,non_human,0.985,non_human,1,train
815726418,human,0.941,human,1,test
815726419,human,0.953,human,1,train
815726421,human,0.563,human,0,train
815726422,human,0.814,non_human,0,validation
815726423,non_human,0.985,non_human,1,validation
815726424,non_human,0.991,unknown,1,unknown
815726425,human,0.882,human,0,validation
815726426,non_human,0.985,unknown,1,unknown
815726427,human,0.9,human,1,test
815726428,human,0.945,human,1,test
815726429,non_human,0.985,non_human,1,train
815726430,non_human,0.985,non_human,1,train
815726431,human,0.739,human,0,train
815726432,human,0.948,human,1,train
815726433,non_human,0.985,non_human,1,train
815726434,non_human,0.991,non_human,1,test
815726435,non_human,0.985,non_human,1,train
815726437,human,0.9,human,1,train
815726438,human,0.636,non_human,0,test
815726439,human,0.78,human,0,train
815726440,human,0.827,human,0,validation
815726441,human,0.547,human,0,test
815726442,human,0.896,human,0,train
815726443,non_human,0.985,non_human,1,train
815726444,human,0.708,non_human,0,test
815726445,non_human,0.626,human,0,train
815726446,human,0.846,non_human,0,test
815726447,human,0.829,human,0,train
815726448,human,0.588,human,0,train
815726449,human,0.971,human,1,train
815726450,non_human,0.985,non_human,1,train
815726451,human,0.651,human,0,train
815726452,human,0.895,human,0,test
815726453,non_human,0.985,unknown,1,unknown
815726454,non_human,0.985,non_human,1,test
815726455,human,0.961,human,1,train
815726456,human,0.865,human,0,validation
815726457,human,0.857,human,0,validation
815726458,human,0.861,human,0,train
815726459,non_human,0.985,non_human,1,train
815726460,non_human,0.985,non_human,1,test
815726461,human,0.61,non_human,0,test
815726462,human,0.876,human,0,test
815726463,human,0.84,human,0,validation
815726464,human,0.853,human,0,train
815726465,non_human,0.701,non_human,0,train
815726466,human,0.77,human,0,validation
815726467,human,0.781,human,0,train
815726468,non_human,0.985,unknown,1,unknown
815726469,human,0.855,human,0,train
815726470,human,0.82,unknown,0,unknown
815726471,human,0.881,human,0,test
815726473,non_human,0.985,unknown,1,unknown
815726475,human,0.838,human,0,test
815726476,human,0.55,non_human,0,test
815726477,human,0.662,human,0,test
815726478,human,0.963,human,1,train
815726479,human,0.836,human,0,validation
815726480,human,0.774,human,0,train
815726481,human,0.677,non_human,0,train
815726482,human,0.725,non_human,0,train
815726483,human,0.896,human,0,train
815726484,human,0.862,human,0,train
815726485,non_human,0.523,human,0,train
815726486,human,0.981,human,1,train
815726487,human,0.593,non_human,0,test
815726488,non_human,0.596,non_human,0,train
815726489,human,0.836,non_human,0,train
815726490,human,0.943,human,1,test
815726491,non_human,0.985,non_human,1,train
815726492,human,0.71,human,0,train
815726493,non_human,0.996,non_human,1,train
815726495,non_human,0.985,non_human,1,train
815726496,human,0.896,human,0,train
815726497,non_human,0.985,non_human,1,test
815726498,non_human,0.648,non_human,0,validation
815726499,non_human,0.985,non_human,1,train
815726500,non_human,0.69,non_human,0,train
815726501,non_human,0.985,non_human,1,train
815726502,human,0.853,human,0,train
815726503,human,0.883,non_human,0,test
815726504,human,0.941,human,1,train
815726505,non_human,0.996,non_human,1,test
815726506,human,0.933,human,1,test
815726507,human,0.947,human,1,train
815726508,human,0.838,non_human,0,train
815726509,human,0.9,human,1,train
815726510,non_human,0.997,non_human,1,train
815726511,non_human,0.985,unknown,1,unknown
815726512,non_human,0.985,non_human,1,test
815726513,human,0.833,human,0,train
815726514,human,0.831,human,0,test
815726515,human,0.675,non_human,0,test
815726516,non_human,0.995,non_human,1,train
815726517,human,0.704,non_human,0,test
815726518,human,0.829,human,0,train
815726519,human,0.772,unknown,0,unknown
815726520,human,0.743,unknown,0,unknown
815726522,non_human,0.984,non_human,1,train
815726523,human,0.839,unknown,0,unknown
815726524,human,0.91,human,1,train
815726525,non_human,0.985,unknown,1,unknown
815726526,human,0.927,human,1,train
815726527,human,0.643,non_human,0,validation
815726528,human,0.61,non_human,0,train
815726529,human,0.841,human,0,test
815726530,human,0.916,human,1,validation
815726532,non_human,0.985,non_human,1,train
815726533,non_human,0.985,non_human,1,train
815726534,non_human,0.521,non_human,0,validation
815726535,human,0.895,human,0,train
815726536,human,0.662,human,0,train
815726537,human,0.857,human,0,test
815726538,non_human,0.65,non_human,0,train
815726539,non_human,0.804,non_human,0,train
815726540,non_human,0.827,human,0,test
815726541,human,0.909,human,1,validation
815726542,non_human,0.994,non_human,1,train
815726543,non_human,0.985,unknown,1,unknown
815726544,non_human,0.707,non_human,0,train
815726545,human,0.726,non_human,0,validation
815726546,human,0.971,human,1,train
815726547,non_human,0.985,non_human,1,train
815726549,human,0.923,human,1,train
815726550,human,0.812,human,0,train
815726551,human,0.936,human,1,train
815726552,human,0.598,human,0,test
815726553,human,0.875,human,0,train
815726554,human,0.887,human,0,train
815726555,human,0.804,non_human,0,validation
815726556,human,0.667,human,0,train
815726557,human,0.748,human,0,test
815726558,human,0.919,unknown,1,unknown
815726559,human,0.525,non_human,0,train
815726561,human,0.98,human,1,test
815726562,human,0.93,human,1,validation
815726563,non_human,0.985,non_human,1,validation
815726564,non_human,0.985,non_human,1,validation
815726565,non_human,0.985,non_human,1,validation
815726566,non_human,0.985,non_human,1,validation
815726567,human,0.61,non_human,0,train
815726568,human,0.849,human,0,test
815726569,non_human,0.55,unknown,0,unknown
815726570,non_human,0.722,human,0,test
815726571,non_human,0.985,non_human,1,train
815726572,human,0.672,human,0,train
815726573,non_human,0.985,non_human,1,train
815726574,non_human,0.985,unknown,1,unknown
815726576,non_human,0.692,human,0,validation
815726578,human,0.851,human,0,train
815726579,human,0.735,non_human,0,validation
815726580,non_human,0.996,non_human,1,train
815726581,non_human,0.985,non_human,1,test
815726582,human,0.798,human,0,validation
815726583,non_human,0.972,non_human,1,train
815726584,human,0.557,human,0,train
815726585,human,0.924,human,1,validation
815726586,human,0.771,unknown,0,unknown
815726587,non_human,0.906,non_human,1,test
815726588,human,0.932,human,1,train
815726589,non_human,0.741,non_human,0,train
815726590,human,0.815,human,0,validation
815726591,human,0.695,human,0,validation
815726592,non_human,0.985,non_human,1,train
815726593,non_human,0.985,unknown,1,unknown
815726594,human,0.756,human,0,train
815726595,human,0.836,unknown,0,unknown
815726596,non_human,0.985,non_human,1,train
815726597,non_human,0.985,non_human,1,train
815726598,human,0.728,human,0,train
815726599,non_human,0.985,non_human,1,train
815726600,human,0.863,human,0,validation
815726601,human,0.807,human,0,test
815726602,human,0.566,human,0,test
815726603,human,0.683,non_human,0,train
815726604,non_human,0.985,non_human,1,train
815726605,non_human,0.909,non_human,1,train
815726606,human,0.9,human,1,validation
815726607,human,0.855,human,0,train
815726608,human,0.792,unknown,0,unknown
815726610,non_human,0.633,non_human,0,train
815726611,human,0.789,human,0,test
815726612,human,0.952,human,1,train
815726613,human,0.509,non_human,0,train
815726614,non_human,0.511,non_human,0,train
815726615,human,0.961,human,1,validation
815726616,human,0.935,non_human,1,test
815726618,human,0.761,human,0,validation
815726619,non_human,0.692,non_human,0,train
815726620,human,0.804,human,0,train
815726621,human,0.751,unknown,0,unknown
815726622,human,0.995,human,1,validation
815726623,human,0.897,non_human,0,train
815726624,non_human,0.701,human,0,validation
815726625,human,0.777,human,0,train
815726626,human,0.845,human,0,train
815726627,human,0.864,human,0,validation
815726628,non_human,0.985,non_human,1,train
815726629,non_human,0.753,non_human,0,validation
815726630,human,0.955,human,1,train
815726631,human,0.891,human,0,train
815726632,non_human,0.907,non_human,1,test
815726633,human,0.586,non_human,0,test
815726634,human,0.786,human,0,test
815726635,human,0.796,human,0,train
815726636,human,0.84,human,0,train
815726637,non_human,0.985,unknown,1,unknown
815726638,non_human,0.602,non_human,0,train
815726639,human,0.87,human,0,test
815726640,human,0.699,non_human,0,train
815726641,human,0.97,human,1,test
815726643,human,0.8,human,0,test
815726644,non_human,0.985,non_human,1,validation
815726645,human,0.974,human,1,train
815726646,human,0.825,human,0,train
815726647,human,0.595,human,0,test
815726648,non_human,0.65,non_human,0,test
815726649,non_human,0.985,non_human,1,test
815726650,human,0.571,non_human,0,train
815726651,non_human,0.869,non_human,0,validation
815726652,non_human,0.853,non_human,0,train
815726653,non_human,0.561,human,0,train
815726654,human,0.965,human,1,train
815726655,non_human,0.626,non_human,0,validation
815726656,human,0.508,human,0,validation
815726657,non_human,0.985,non_human,1,test
815726658,non_human,0.985,unknown,1,unknown
815726659,human,0.823,human,0,test
815726660,non_human,0.985,unknown,1,unknown
815726661,human,0.94,human,1,validation
815726663,non_human,0.985,non_human,1,validation
815726664,non_human,0.985,non_human,1,train
815726665,human,0.867,human,0,validation
815726666,human,0.926,human,1,test
815726667,human,0.706,human,0,test
815726668,human,0.928,human,1,test
815726669,non_human,0.985,non_human,1,train
815726670,non_human,0.985,non_human,1,validation
815726671,non_human,0.994,non_human,1,test
815726672,non_human,0.985,unknown,1,unknown
815726673,non_human,0.985,non_human,1,train
815726674,non_human,0.996,non_human,1,train
815726675,non_human,0.996,non_human,1,train
815726676,non_human,0.608,non_human,0,train
815726677,human,0.78,human,0,validation
815726678,non_human,0.932,non_human,1,validation
815726679,non_human,0.642,non_human,0,train
815726680,non_human,0.524,non_human,0,train
815726681,non_human,0.557,human,0,train
815726682,human,0.962,human,1,test
815726683,human,0.915,human,1,train
815726684,non_human,0.757,non_human,0,train
815726685,human,0.88,human,0,train
815726686,non_human,0.873,non_human,0,train
815726687,non_human,0.985,non_human,1,test
815726688,non_human,0.548,non_human,0,train
815726689,human,0.746,non_human,0,train
815726690,human,0.941,human,1,train
815726691,non_human,0.985,non_human,1,validation
815726692,non_human,0.985,non_human,1,test
815726693,non_human,0.985,non_human,1,train
815726694,non_human,0.985,non_human,1,train
815726695,non_human,0.985,non_human,1,train
815726696,non_human,0.7,non_human,0,test
815726697,human,0.591,human,0,train
815726698,non_human,0.985,non_human,1,train
815726699,non_human,0.985,non_human,1,test
815726701,human,0.892,human,0,train
815726703,human,0.782,human,0,train
815726705,human,0.989,human,1,train
815726706,human,0.932,human,1,validation
815726707,human,0.807,human,0,validation
815726708,human,0.845,non_human,0,test
815726709,human,0.896,human,0,validation
815726711,human,0.955,human,1,train
815726712,human,0.787,human,0,validation
815726713,human,0.627,human,0,validation
815726714,non_human,0.834,non_human,0,validation
815726715,human,0.912,human,1,train
815726716,human,0.912,human,1,train
815726717,human,0.759,human,0,train
815726718,non_human,0.548,non_human,0,train
815726719,human,0.915,non_human,1,validation
815726720,human,0.801,human,0,train
815726721,human,0.899,human,0,train
815726722,non_human,0.716,non_human,0,train
815726723,human,0.925,human,1,train
815726724,human,0.667,non_human,0,train
815726725,human,0.631,human,0,train
815726726,human,0.606,human,0,train
815726727,human,0.895,human,0,train
815726728,human,0.735,human,0,train
815726729,human,0.893,human,0,train
815726730,human,0.748,non_human,0,train
815726731,human,0.809,human,0,train
815726732,human,0.689,non_human,0,train
815726733,human,0.89,human,0,train
815726734,non_human,0.738,non_human,0,train
815726735,human,0.735,human,0,validation
815726736,non_human,0.594,non_human,0,train
815726737,human,0.862,human,0,train
815726738,non_human,0.809,non_human,0,train
815726739,non_human,0.985,non_human,1,train
815726740,human,0.8,human,0,train
815726741,human,0.85,human,0,test
815726742,non_human,0.985,unknown,1,unknown
815726743,non_human,0.985,non_human,1,train
815726744,human,0.947,human,1,train
815726745,human,0.968,human,1,train
815726746,non_human,0.554,non_human,0,train
815726747,non_human,0.639,non_human,0,train
815726748,non_human,0.985,non_human,1,train
815726749,human,0.986,human,1,test
815726750,human,0.815,unknown,0,unknown
815726751,human,0.717,human,0,validation
815726752,non_human,0.795,non_human,0,test
815726753,human,0.801,human,0,validation
815726755,human,0.915,human,1,validation
815726756,human,0.701,human,0,train
815726757,human,0.955,human,1,train
815726758,human,0.907,human,1,test
815726759,human,0.866,human,0,train
815726760,human,0.708,non_human,0,validation
815726761,human,0.968,human,1,train
815726762,human,0.824,human,0,train
815726764,human,0.946,human,1,train
815726765,human,0.623,non_human,0,test
815726766,human,0.72,human,0,train
815726767,human,0.566,non_human,0,test
815726768,human,0.623,human,0,train
815726769,human,0.806,human,0,train
815726770,human,0.517,non_human,0,validation
815726771,human,0.671,non_human,0,train
815726772,non_human,0.785,non_human,0,train
815726773,non_human,0.985,non_human,1,validation
815726774,human,0.609,non_human,0,test
815726775,non_human,0.985,non_human,1,validation
815726776,non_human,0.926,non_human,1,validation
815726777,human,0.579,non_human,0,test
815726778,human,0.547,human,0,test
815726779,human,0.972,human,1,test
815726780,non_human,0.662,human,0,test
815726781,human,0.815,non_human,0,validation
815726782,human,0.66,non_human,0,train
815726783,human,0.984,human,1,train
815726784,non_human,0.985,non_human,1,test
815726785,human,0.754,non_human,0,train
815726786,human,0.945,human,1,train
815726787,human,0.827,human,0,validation
815726788,human,0.884,human,0,test
815726789,human,0.908,human,1,train
815726790,non_human,0.985,non_human,1,validation
815726791,human,0.888,human,0,train
815726792,human,0.803,non_human,0,train
815726793,human,0.95,human,1,validation
815726794,non_human,0.985,non_human,1,train
815726795,human,0.958,human,1,validation
815726796,human,0.9,human,1,train
815726797,human,0.921,human,1,validation
815726798,human,0.784,non_human,0,train
815726799,human,0.706,human,0,train
815726800,human,0.96,human,1,train
815726801,human,0.905,human,1,train
815726802,human,0.913,human,1,validation
815726803,non_human,0.985,unknown,1,unknown
815726804,non_human,0.985,non_human,1,train
815726805,human,0.861,human,0,train
815726806,non_human,0.985,non_human,1,test
815726807,human,0.935,unknown,1,unknown
815726808,human,0.803,human,0,test
815726809,human,0.759,human,0,test
815726810,non_human,0.985,non_human,1,test
815726811,human,0.824,unknown,0,unknown
815726812,non_human,0.985,non_human,1,train
815726813,human,0.91,human,1,validation
815726814,non_human,0.51,non_human,0,train
815726815,human,0.919,human,1,train
815726816,non_human,0.637,non_human,0,train
815726817,human,0.803,non_human,0,test
815726820,human,0.822,human,0,validation
815726821,non_human,0.635,human,0,validation
815726822,human,0.915,unknown,1,unknown
815726823,non_human,0.692,non_human,0,validation
815726824,human,0.809,human,0,validation
815726825,non_human,0.985,non_human,1,validation
815726826,human,0.924,human,1,train
815726828,human,0.898,human,0,validation
815726829,human,0.819,human,0,train
815726830,non_human,0.985,non_human,1,train
815726831,human,0.926,human,1,train
815726832,human,0.968,human,1,train
815726834,human,0.925,unknown,1,unknown
815726835,non_human,0.985,non_human,1,train
815726836,human,0.855,human,0,validation
815726838,non_human,0.985,non_human,1,test
815726839,human,0.876,human,0,validation
815726840,human,0.84,human,0,train
815726841,human,0.938,unknown,1,unknown
815726842,non_human,0.985,non_human,1,train
815726843,human,0.867,human,0,train
815726844,non_human,0.604,non_human,0,validation
815726845,human,0.826,non_human,0,train
815726846,non_human,0.666,human,0,train
815726847,non_human,0.985,non_human,1,train
815726848,human,0.776,human,0,test
815726850,non_human,0.995,non_human,1,train
815726851,non_human,0.985,non_human,1,validation
815726852,non_human,0.985,non_human,1,train
815726853,non_human,0.916,non_human,1,test
815726854,human,0.842,non_human,0,train
815726855,non_human,0.791,non_human,0,train
815726856,human,0.979,human,1,test
815726857,human,0.739,unknown,0,unknown
815726858,non_human,0.985,non_human,1,train
815726859,human,0.512,human,0,train
815726860,non_human,0.991,non_human,1,train
815726861,human,0.925,human,1,train
815726862,non_human,0.985,non_human,1,train
815726863,human,0.912,human,1,test
815726864,human,0.985,human,1,validation
815726865,non_human,0.985,non_human,1,validation
815726866,non_human,0.619,non_human,0,test
815726867,human,0.941,human,1,train
815726868,human,0.902,human,1,train
815726869,human,0.77,non_human,0,train
815726870,human,0.758,human,0,test
815726871,human,0.829,non_human,0,validation
815726873,human,0.565,human,0,validation
815726874,non_human,0.638,non_human,0,test
815726875,human,0.782,non_human,0,validation
815726876,human,0.804,human,0,train
815726877,human,0.834,human,0,validation
815726878,human,0.863,human,0,train
815726879,human,0.916,human,1,train
815726880,non_human,0.633,non_human,0,train
815726882,human,0.831,human,0,test
815726883,non_human,0.615,non_human,0,train
815726884,non_human,0.985,non_human,1,test
815726885,non_human,0.985,unknown,1,unknown
815726886,human,0.885,human,0,train
815726887,human,0.755,human,0,train
815726888,non_human,0.985,non_human,1,validation
815726889,human,0.847,non_human,0,train
815726890,human,0.934,human,1,test
815726891,human,0.903,human,1,validation
815726892,non_human,0.985,non_human,1,validation
815726893,human,0.709,non_human,0,validation
815726894,non_human,0.79,non_human,0,train
815726895,non_human,0.996,non_human,1,train
815726896,non_human,0.985,non_human,1,train
815726897,non_human,0.985,non_human,1,train
815726898,non_human,0.985,unknown,1,unknown
815726899,non_human,0.985,non_human,1,validation
815726900,human,0.955,human,1,train
815726901,human,0.694,non_human,0,train
815726902,human,0.911,human,1,train
815726903,non_human,0.985,non_human,1,validation
815726904,non_human,0.985,non_human,1,train
815726905,human,0.82,human,0,validation
815726906,human,0.944,human,1,validation
815726907,non_human,0.985,non_human,1,validation
815726908,human,0.825,human,0,train
815726910,human,0.776,unknown,0,unknown
815726911,human,0.807,human,0,train
815726912,non_human,0.985,non_human,1,train
815726914,human,0.792,human,0,train
815726915,human,0.511,human,0,train
815726916,non_human,0.985,non_human,1,train
815726917,non_human,0.746,non_human,0,test
815726918,non_human,0.985,non_human,1,train
815726920,human,0.73,human,0,validation
815726921,human,0.803,non_human,0,test
815726922,human,0.835,human,0,train
815726924,human,0.849,unknown,0,unknown
815726925,human,0.805,human,0,test
815726926,human,0.912,human,1,train
815726927,human,0.968,human,1,train
815726928,non_human,0.985,non_human,1,train
815726929,non_human,0.896,non_human,0,train
815726930,human,0.836,non_human,0,validation
815726931,human,0.822,human,0,test
815726932,non_human,0.985,unknown,1,unknown
815726933,non_human,0.995,non_human,1,train
815726934,non_human,0.985,non_human,1,train
815726935,human,0.695,non_human,0,train
815726936,non_human,0.985,non_human,1,train
815726937,non_human,0.663,human,0,train
815726938,human,0.927,human,1,train
815726939,non_human,0.869,non_human,0,validation
815726940,human,0.847,human,0,train
815726941,human,0.879,human,0,train
815726942,non_human,0.985,non_human,1,validation
815726943,human,0.813,human,0,test
815726944,human,0.748,unknown,0,unknown
815726945,human,0.874,human,0,train
815726946,human,0.777,human,0,train
815726948,human,0.795,human,0,test
815726949,non_human,0.864,non_human,0,train
815726950,human,0.813,human,0,validation
815726952,human,0.862,human,0,test
815726953,human,0.796,human,0,test
815726954,human,0.71,human,0,test
815726955,non_human,0.985,non_human,1,train
815726956,human,0.512,non_human,0,test
815726957,non_human,0.676,non_human,0,validation
815726958,human,0.926,human,1,train
815726959,non_human,0.985,non_human,1,train
815726960,non_human,0.985,non_human,1,train
815726961,non_human,0.723,non_human,0,train
815726962,human,0.952,human,1,test
815726963,human,0.817,human,0,train
815726964,human,0.754,human,0,train
815726965,non_human,0.985,non_human,1,test
815726966,human,0.921,human,1,train
815726967,human,0.634,human,0,validation
815726968,non_human,0.572,non_human,0,train
815726969,non_human,0.985,non_human,1,train
815726970,human,0.852,human,0,train
815726971,human,0.989,human,1,validation
815726972,human,0.954,human,1,test
815726973,non_human,0.985,non_human,1,train
815726974,human,0.569,non_human,0,train
815726975,human,0.898,human,0,train
815726976,human,0.951,non_human,1,test
815726977,human,0.77,human,0,train
815726978,non_human,0.854,non_human,0,train
815726979,human,0.844,unknown,0,unknown
815726980,human,0.891,human,0,validation
815726981,non_human,0.678,non_human,0,validation
815726982,human,0.799,human,0,test
815726983,non_human,0.985,unknown,1,unknown
815726984,human,0.926,human,1,train
815726985,non_human,0.985,non_human,1,train
815726987,human,0.782,human,0,test
815726988,human,0.971,human,1,train
815726989,non_human,0.903,non_human,1,train
815726990,human,0.554,human,0,train
815726991,human,0.877,human,0,validation
815726992,human,0.75,non_human,0,test
815726993,non_human,0.985,non_human,1,train
815726994,human,0.946,human,1,train
815726995,non_human,0.75,non_human,0,validation
815726996,human,0.785,human,0,train
815726997,human,0.94,human,1,validation
815726998,non_human,0.665,non_human,0,test
815727000,human,0.828,human,0,train
815727001,human,0.776,human,0,test
815727002,human,0.919,human,1,test
815727003,human,0.885,human,0,train
815727004,non_human,0.743,non_human,0,train
815727005,human,0.621,human,0,train
815727006,non_human,0.996,non_human,1,validation
815727007,human,0.653,non_human,0,train
815727008,human,0.782,human,0,test
815727009,non_human,0.985,unknown,1,unknown
815727010,non_human,0.635,non_human,0,test
815727011,non_human,0.9,non_human,1,train
815727012,non_human,0.997,non_human,1,validation
815727013,non_human,0.818,non_human,0,validation
815727014,non_human,0.895,non_human,0,train
815727015,human,0.859,human,0,test
815727016,human,0.943,human,1,train
815727017,human,0.928,human,1,validation
815727018,non_human,0.985,unknown,1,unknown
815727020,human,0.808,human,0,test
815727021,non_human,0.985,unknown,1,unknown
815727022,non_human,0.985,non_human,1,validation
815727023,human,0.861,human,0,test
815727024,human,0.85,non_human,0,test
815727025,human,0.955,human,1,test
815727026,human,0.67,non_human,0,train
815727027,non_human,0.985,non_human,1,validation
815727028,non_human,0.985,non_human,1,train
815727029,human,0.748,non_human,0,validation
815727030,human,0.884,human,0,train
815727031,human,0.793,unknown,0,unknown
815727032,human,0.836,human,0,train
815727033,non_human,0.842,non_human,0,train
815727034,human,0.787,human,0,train
815727035,non_human,0.631,non_human,0,train
815727037,human,0.983,human,1,train
815727038,human,0.863,human,0,train
815727039,human,0.811,non_human,0,train
815727040,human,0.892,human,0,train
815727041,non_human,0.985,non_human,1,validation
815727042,non_human,0.985,unknown,1,unknown
815727043,non_human,0.668,non_human,0,validation
815727044,non_human,0.985,non_human,1,train
815727045,human,0.847,unknown,0,unknown
815727046,human,0.785,non_human,0,train
815727047,non_human,0.588,non_human,0,train
815727048,human,0.617,non_human,0,validation
815727049,non_human,0.985,unknown,1,unknown
815727050,non_human,0.985,non_human,1,train
815727051,non_human,0.742,human,0,test
815727052,human,0.691,non_human,0,train
815727053,non_human,0.935,non_human,1,validation
815727054,human,0.95,human,1,train
815727055,non_human,0.726,non_human,0,validation
815727056,human,0.933,human,1,train
815727057,human,0.812,human,0,validation
815727058,non_human,0.86,non_human,0,train
815727059,human,0.831,human,0,train
815727060,human,0.893,human,0,train
815727061,non_human,0.985,unknown,1,unknown
815727062,human,0.526,human,0,train
815727063,human,0.705,human,0,train
815727064,human,0.789,non_human,0,test
815727065,human,0.761,human,0,train
815727066,non_human,0.507,non_human,0,train
815727067,non_human,0.985,non_human,1,validation
815727068,human,0.839,non_human,0,test
815727070,human,0.653,human,0,validation
815727071,human,0.789,non_human,0,test
815727072,human,0.971,human,1,test
815727073,human,0.939,non_human,1,test
815727074,non_human,0.985,non_human,1,train
815727075,non_human,0.985,non_human,1,train
815727076,non_human,0.985,non_human,1,validation
815727077,non_human,0.985,non_human,1,validation
815727078,non_human,0.991,non_human,1,train
815727079,non_human,0.597,non_human,0,train
815727080,human,0.843,non_human,0,validation
815727081,human,0.621,human,0,validation
815727082,human,0.987,human,1,train
815727083,non_human,0.985,non_human,1,test
815727084,human,0.919,human,1,train
815727085,human,0.764,human,0,train
815727086,non_human,0.985,non_human,1,train
815727087,human,0.91,human,1,train
815727088,human,0.944,human,1,test
815727089,human,0.534,non_human,0,test
815727090,non_human,0.985,non_human,1,validation
815727093,non_human,0.985,non_human,1,train
815727094,non_human,0.985,non_human,1,test
815727095,non_human,0.591,human,0,train
815727096,human,0.954,human,1,train
815727097,human,0.525,non_human,0,train
815727098,human,0.732,human,0,validation
815727099,human,0.853,human,0,train
815727100,human,0.762,unknown,0,unknown
815727101,human,0.533,human,0,train
815727102,non_human,0.985,non_human,1,train
815727104,non_human,0.923,non_human,1,test
815727105,non_human,0.847,non_human,0,test
815727106,non_human,0.613,non_human,0,test
815727107,non_human,0.985,non_human,1,train
815727108,human,0.901,human,1,train
815727109,human,0.88,non_human,0,validation
815727110,non_human,0.992,non_human,1,train
815727111,human,0.993,human,1,train
815727112,human,0.82,human,0,train
815727113,human,0.739,human,0,test
815727114,human,0.884,non_human,0,train
815727115,human,0.961,human,1,train
815727116,non_human,0.985,non_human,1,train
815727117,human,0.871,non_human,0,train
815727118,non_human,0.995,non_human,1,train
815727119,non_human,0.985,non_human,1,test
815727122,human,0.937,human,1,test
815727123,human,0.771,human,0,validation
815727124,non_human,0.985,non_human,1,train
815727125,non_human,0.985,non_human,1,train
815727126,human,0.85,human,0,train
815727127,non_human,0.985,non_human,1,validation
815727128,non_human,0.798,non_human,0,validation
815727130,human,0.738,human,0,train
815727131,non_human,0.621,non_human,0,train
815727132,human,0.836,non_human,0,test
815727133,human,0.794,non_human,0,train
815727135,human,0.815,human,0,train
815727136,human,0.596,non_human,0,train
815727137,human,0.797,human,0,validation
815727138,non_human,0.562,unknown,0,unknown
815727139,human,0.888,human,0,test
815727140,human,0.7,human,0,validation
815727141,non_human,0.686,human,0,validation
815727142,human,0.936,human,1,train
815727143,human,0.862,non_human,0,validation
815727144,non_human,0.793,non_human,0,test
815727146,non_human,0.768,non_human,0,train
815727147,human,0.861,human,0,train
815727148,human,0.614,human,0,train
815727149,non_human,0.996,non_human,1,train
815727150,non_human,0.985,unknown,1,unknown
815727151,human,0.561,non_human,0,validation
815727152,human,0.915,human,1,train
815727153,non_human,0.557,non_human,0,validation
815727154,human,0.746,human,0,train
815727155,human,0.717,human,0,train
815727156,non_human,0.985,non_human,1,train
815727157,human,0.63,non_human,0,train
815727158,human,0.924,human,1,validation
815727159,non_human,0.985,non_human,1,validation
815727160,non_human,0.985,non_human,1,test
815727161,non_human,0.985,non_human,1,train
815727162,non_human,0.787,non_human,0,train
815727163,non_human,0.646,non_human,0,test
815727164,human,0.956,unknown,1,unknown
815727165,non_human,0.654,non_human,0,validation
815727166,human,0.918,human,1,train
815727167,human,0.704,human,0,train
815727168,human,0.978,human,1,validation
815727169,human,0.943,human,1,test
815727170,human,0.887,human,0,train
815727171,human,0.915,human,1,train
815727173,human,0.767,human,0,validation
815727174,human,0.842,human,0,train
815727175,human,0.898,human,0,train
815727176,human,0.576,non_human,0,train
815727177,human,0.844,human,0,train
815727178,human,0.973,human,1,train
815727180,non_human,0.73,non_human,0,train
815727181,non_human,0.996,non_human,1,test
815727182,non_human,0.985,non_human,1,train
815727183,non_human,0.985,non_human,1,train
815727184,human,0.612,human,0,train
815727185,human,0.698,human,0,validation
815727186,human,0.929,human,1,train
815727187,human,0.919,human,1,train
815727188,human,0.855,human,0,test
815727189,human,0.762,human,0,validation
815727190,human,0.849,human,0,validation
815727192,non_human,0.562,non_human,0,validation
815727193,non_human,0.72,non_human,0,train
815727194,human,0.825,human,0,train
815727195,human,0.815,human,0,test
815727197,human,0.974,human,1,train
815727198,human,0.708,human,0,train
815727199,non_human,0.752,non_human,0,train
815727200,human,0.554,human,0,train
815727201,human,0.953,human,1,validation
815727202,non_human,0.961,non_human,1,train
815727203,human,0.963,human,1,validation
815727204,human,0.916,human,1,validation
815727205,human,0.928,human,1,test
815727206,human,0.932,human,1,train
815727207,human,0.534,non_human,0,train
815727208,human,0.979,human,1,train
815727209,non_human,0.716,non_human,0,train
815727210,human,0.743,non_human,0,train
815727211,non_human,0.915,non_human,1,train
815727212,non_human,0.545,non_human,0,validation
815727213,non_human,0.727,human,0,test
815727214,non_human,0.859,non_human,0,validation
815727215,human,0.641,non_human,0,validation
815727216,human,0.75,human,0,test
815727217,human,0.845,non_human,0,test
815727218,human,0.815,non_human,0,test
815727219,human,0.759,human,0,train
815727220,non_human,0.637,non_human,0,train
815727221,human,0.951,human,1,train
815727222,human,0.645,non_human,0,train
815727223,human,0.752,unknown,0,unknown
815727224,human,0.744,human,0,train
815727225,human,0.733,unknown,0,unknown
815727227,non_human,0.985,non_human,1,validation
815727228,human,0.878,human,0,train
815727229,non_human,0.915,non_human,1,train
815727230,non_human,0.608,non_human,0,validation
815727231,human,0.931,human,1,train
815727232,non_human,0.783,non_human,0,train
815727233,human,0.89,human,0,train
815727234,human,0.948,human,1,test
815727237,non_human,0.751,non_human,0,test
815727238,human,0.936,human,1,validation
815727239,human,0.667,unknown,0,unknown
815727240,non_human,0.713,non_human,0,test
815727241,human,0.887,human,0,train
815727242,human,0.799,human,0,validation
815727243,human,0.649,non_human,0,train
815727244,non_human,0.766,non_human,0,test
815727245,non_human,0.985,non_human,1,train
815727246,non_human,0.985,non_human,1,validation
815727247,non_human,0.985,unknown,1,unknown
815727248,non_human,0.985,non_human,1,train
815727249,human,0.735,human,0,train
815727250,human,0.815,human,0,train
815727251,non_human,0.985,non_human,1,train
815727252,human,0.961,human,1,train
815727253,human,0.883,human,0,train
815727254,non_human,0.985,non_human,1,validation
815727255,human,0.945,human,1,train
815727256,non_human,0.754,non_human,0,train
815727257,human,0.726,human,0,train
815727258,human,0.94,human,1,train
815727259,non_human,0.985,non_human,1,train
815727260,non_human,0.985,non_human,1,validation
815727261,human,0.835,non_human,0,train
815727262,non_human,0.985,non_human,1,train
815727263,human,0.869,human,0,train
815727264,non_human,0.985,non_human,1,train
815727265,human,0.892,human,0,validation
815727266,human,0.975,human,1,validation
815727267,human,0.832,non_human,0,train
815727268,human,0.629,human,0,train
815727269,human,0.983,unknown,1,unknown
815727270,non_human,0.991,non_human,1,train
815727271,non_human,0.985,non_human,1,test
815727272,non_human,0.985,non_human,1,train
815727273,non_human,0.985,non_human,1,train
815727274,human,0.909,human,1,validation
815727275,human,0.879,human,0,train
815727276,human,0.831,human,0,train
815727277,human,0.872,human,0,train
815727278,human,0.818,human,0,validation
815727279,non_human,0.985,non_human,1,train
815727280,human,0.913,human,1,train
815727281,human,0.744,human,0,train
815727282,human,0.708,human,0,validation
815727283,human,0.785,human,0,train
815727285,non_human,0.564,non_human,0,test
815727286,human,0.678,non_human,0,validation
815727287,human,0.847,human,0,train
815727288,human,0.916,human,1,train
815727289,non_human,0.985,non_human,1,train
815727290,non_human,0.985,non_human,1,train
815727291,human,0.742,non_human,0,train
815727292,human,0.968,human,1,test
815727293,human,0.682,non_human,0,train
815727294,human,0.982,human,1,train
815727295,human,0.759,human,0,train
815727296,human,0.587,human,0,validation
815727297,human,0.887,human,0,train
815727298,human,0.809,human,0,train
815727299,human,0.557,non_human,0,train
815727300,human,0.904,human,1,test
815727302,non_human,0.687,non_human,0,test
815727303,human,0.957,human,1,test
815727304,human,0.576,human,0,train
815727305,human,0.729,human,0,train
815727306,human,0.839,non_human,0,train
815727308,human,0.687,human,0,test
815727309,human,0.597,human,0,train
815727310,human,0.952,human,1,train
815727311,human,0.782,unknown,0,unknown
815727312,non_human,0.699,human,0,train
815727313,human,0.84,human,0,test
815727314,human,0.959,human,1,train
815727315,human,0.78,unknown,0,unknown
815727316,human,0.91,human,1,train
815727317,human,0.766,non_human,0,train
815727318,human,0.893,human,0,train
815727319,non_human,0.69,non_human,0,validation
815727320,non_human,0.91,non_human,1,train
815727321,non_human,0.68,non_human,0,train
815727322,non_human,0.857,non_human,0,train
815727323,non_human,0.985,non_human,1,validation
815727324,human,0.765,non_human,0,train
815727325,human,0.851,human,0,test
815727326,human,0.85,human,0,validation
815727327,human,0.915,human,1,train
815727328,human,0.953,human,1,test
815727329,human,0.873,human,0,test
815727330,non_human,0.985,non_human,1,train
815727331,non_human,0.985,non_human,1,validation
815727332,human,0.791,human,0,train
815727333,human,0.959,human,1,test
815727334,non_human,0.985,non_human,1,test
815727335,human,0.846,human,0,train
815727336,human,0.851,unknown,0,unknown
815727337,non_human,0.985,non_human,1,validation
815727338,non_human,0.985,non_human,1,train
815727339,non_human,0.996,non_human,1,test
815727340,non_human,0.985,non_human,1,validation
815727341,human,0.955,human,1,validation
815727342,non_human,0.985,non_human,1,train
815727343,non_human,0.985,non_human,1,validation
815727344,non_human,0.985,unknown,1,unknown
815727345,non_human,0.985,non_human,1,validation
815727346,non_human,0.985,non_human,1,validation
815727347,non_human,0.985,non_human,1,test
815727348,non_human,0.985,non_human,1,validation
815727349,non_human,0.985,non_human,1,test
815727350,human,0.94,human,1,test
815727351,human,0.958,human,1,validation
815727352,human,0.874,human,0,train
815727353,human,0.929,non_human,1,validation
815727354,human,0.884,human,0,test
815727355,human,0.871,human,0,test
815727356,human,0.719,human,0,train
815727358,human,0.904,human,1,train
815727359,human,0.847,human,0,validation
815727360,non_human,0.985,non_human,1,test
815727361,human,0.867,human,0,validation
815727363,human,0.659,non_human,0,train
815727364,human,0.615,non_human,0,test
815727365,human,0.933,human,1,train
815727366,human,0.926,human,1,train
815727367,human,0.635,human,0,validation
815727368,non_human,0.985,non_human,1,train
815727369,non_human,0.985,non_human,1,validation
815727370,human,0.898,human,0,train
815727371,non_human,0.985,unknown,1,unknown
815727372,non_human,0.985,non_human,1,test
815727373,human,0.868,human,0,train
815727374,human,0.866,human,0,validation
815727375,human,0.83,human,0,validation
815727376,human,0.789,human,0,validation
815727377,human,0.908,human,1,train
815727378,human,0.882,human,0,train
815727379,human,0.805,human,0,train
815727381,human,0.829,human,0,train
815727382,human,0.922,human,1,train
815727383,human,0.946,human,1,train
815727384,human,0.88,human,0,test
815727385,human,0.98,human,1,train
815727386,human,0.594,human,0,train
815727387,human,0.817,human,0,train
815727388,human,0.77,non_human,0,train
815727389,human,0.839,non_human,0,train
815727390,human,0.696,human,0,train
815727391,human,0.78,human,0,test
815727392,human,0.804,human,0,test
815727393,human,0.978,human,1,train
815727394,non_human,0.622,non_human,0,train
815727395,human,0.974,human,1,test
815727396,human,0.889,human,0,validation
815727397,human,0.858,human,0,train
815727398,human,0.782,human,0,train
815727399,human,0.969,human,1,test
815727400,human,0.83,human,0,train
815727401,human,0.911,human,1,test
815727402,human,0.935,human,1,validation
815727403,non_human,0.786,non_human,0,train
815727404,human,0.818,non_human,0,test
815727405,human,0.934,human,1,train
815727406,human,0.841,unknown,0,unknown
815727407,human,0.708,human,0,validation
815727408,human,0.933,human,1,test
815727409,human,0.845,human,0,test
815727410,human,0.584,non_human,0,train
815727411,human,0.727,human,0,train
815727412,human,0.537,non_human,0,train
815727413,human,0.875,non_human,0,train
815727414,human,0.771,non_human,0,train
815727415,human,0.989,human,1,test
815727416,human,0.845,human,0,train
815727417,human,0.848,human,0,train
815727418,non_human,0.985,non_human,1,test
815727419,human,0.811,human,0,train
815727420,non_human,0.985,non_human,1,train
815727421,human,0.815,human,0,test
815727422,human,0.941,human,1,train
815727423,human,0.904,human,1,test
815727425,non_human,0.985,non_human,1,test
815727426,human,0.817,human,0,test
815727427,human,0.637,unknown,0,unknown
815727428,non_human,0.985,unknown,1,unknown
815727429,human,0.956,human,1,test
815727430,human,0.877,non_human,0,test
815727431,human,0.905,human,1,validation
815727432,human,0.776,unknown,0,unknown
815727433,non_human,0.985,non_human,1,train
815727434,human,0.97,human,1,train
815727435,non_human,0.985,non_human,1,train
815727436,human,0.94,human,1,train
815727437,human,0.59,human,0,test
815727438,non_human,0.985,non_human,1,train
815727439,non_human,0.985,unknown,1,unknown
815727440,human,0.863,human,0,validation
815727441,non_human,0.985,non_human,1,train
815727442,human,0.681,human,0,validation
815727443,non_human,0.985,non_human,1,train
815727444,non_human,0.985,non_human,1,train
815727445,non_human,0.997,non_human,1,test
815727446,human,0.978,human,1,validation
815727448,human,0.636,human,0,validation
815727449,human,0.844,non_human,0,validation
815727450,human,0.856,human,0,train
815727451,human,0.771,non_human,0,train
815727452,human,0.797,non_human,0,validation
815727454,non_human,0.985,non_human,1,train
815727455,human,0.926,human,1,test
815727456,non_human,0.985,non_human,1,train
815727457,non_human,0.985,non_human,1,train
815727458,non_human,0.985,non_human,1,validation
815727461,human,0.707,non_human,0,train
815727462,non_human,0.621,non_human,0,train
815727463,non_human,0.985,non_human,1,validation
815727464,non_human,0.985,non_human,1,train
815727465,non_human,0.985,non_human,1,train
815727466,human,0.966,human,1,validation
815727467,human,0.946,human,1,validation
815727469,non_human,0.985,non_human,1,train
815727470,non_human,0.985,non_human,1,test
815727471,human,0.694,non_human,0,train
815727472,non_human,0.985,non_human,1,train
815727473,human,0.571,non_human,0,train
815727474,human,0.932,human,1,train
815727475,human,0.959,human,1,train
815727476,non_human,0.985,unknown,1,unknown
815727478,human,0.696,human,0,train
815727479,human,0.785,non_human,0,train
815727480,human,0.731,human,0,validation
815727482,non_human,0.985,unknown,1,unknown
815727483,human,0.9,human,1,train
815727484,human,0.905,human,1,validation
815727485,human,0.947,human,1,train
815727486,human,0.864,human,0,test
815727487,human,0.748,human,0,train
815727489,non_human,0.816,non_human,0,test
815727490,human,0.786,human,0,train
815727491,human,0.859,human,0,train
815727492,human,0.755,human,0,train
815727493,human,0.881,human,0,train
815727494,human,0.821,human,0,train
815727495,human,0.868,human,0,test
815727497,non_human,0.985,non_human,1,train
815727498,human,0.982,human,1,validation
815727499,non_human,0.959,non_human,1,test
815727500,non_human,0.985,non_human,1,train
815727501,human,0.687,human,0,train
815727502,human,0.938,human,1,test
815727503,human,0.888,human,0,train
815727504,human,0.872,human,0,validation
815727505,non_human,0.88,non_human,0,train
815727506,human,0.935,human,1,train
815727507,non_human,0.985,non_human,1,train
815727509,human,0.736,non_human,0,test
815727510,non_human,0.985,non_human,1,train
815727511,non_human,0.737,non_human,0,train
815727512,non_human,0.985,non_human,1,validation
815727513,human,0.778,human,0,train
815727514,non_human,0.985,non_human,1,train
815727515,non_human,0.985,non_human,1,train
815727516,human,0.872,human,0,train
815727517,non_human,0.985,non_human,1,validation
815727518,human,0.817,human,0,test
815727519,human,0.79,human,0,test
815727521,non_human,0.994,non_human,1,train
815727523,human,0.955,human,1,train
815727524,human,0.853,human,0,train
815727526,non_human,0.985,non_human,1,train
815727527,non_human,0.985,non_human,1,validation
815727528,non_human,0.985,unknown,1,unknown
815727529,non_human,0.985,non_human,1,validation
815727530,human,0.835,human,0,validation
815727531,non_human,0.991,non_human,1,test
815727532,human,0.818,human,0,train
815727533,human,0.881,human,0,train
815727534,non_human,0.985,non_human,1,train
815727535,human,0.641,non_human,0,test
815727536,human,0.852,human,0,train
815727537,human,0.929,human,1,train
815727538,human,0.9,human,1,test
815727539,human,0.605,non_human,0,train
815727540,non_human,0.985,unknown,1,unknown
815727541,human,0.755,human,0,train
815727542,human,0.589,non_human,0,train
815727543,non_human,0.985,non_human,1,validation
815727544,human,0.83,non_human,0,train
815727545,human,0.782,human,0,train
815727546,non_human,0.985,non_human,1,train
815727547,human,0.664,human,0,train
815727548,human,0.905,human,1,train
815727549,human,0.711,human,0,test
815727550,human,0.68,unknown,0,unknown
815727551,non_human,0.819,non_human,0,train
815727552,non_human,0.991,non_human,1,train
815727553,non_human,0.985,non_human,1,validation
815727554,human,0.817,human,0,train
815727555,non_human,0.985,non_human,1,train
815727556,human,0.739,human,0,train
815727557,human,0.876,human,0,train
815727558,human,0.961,human,1,test
815727559,human,0.778,human,0,train
815727560,human,0.771,non_human,0,train
815727561,human,0.794,non_human,0,validation
815727562,human,0.884,human,0,train
815727563,human,0.747,non_human,0,validation
815727564,non_human,0.556,non_human,0,train
815727565,non_human,0.985,unknown,1,unknown
815727566,human,0.849,human,0,validation
815727567,human,0.838,human,0,validation
815727568,human,0.913,human,1,train
815727569,human,0.795,non_human,0,validation
815727570,human,0.941,human,1,test
815727571,human,0.694,human,0,train
815727572,human,0.854,human,0,test
815727573,human,0.747,human,0,validation
815727574,human,0.869,human,0,train
815727575,human,0.925,human,1,train
815727576,non_human,0.727,non_human,0,train
815727577,human,0.869,human,0,validation
815727578,non_human,0.985,non_human,1,train
815727579,non_human,0.598,non_human,0,validation
815727580,human,0.859,human,0,train
815727581,human,0.771,human,0,train
815727582,human,0.958,human,1,validation
815727583,human,0.874,human,0,train
815727584,human,0.892,human,0,train
815727585,human,0.865,non_human,0,validation
815727586,human,0.932,human,1,train
815727587,human,0.91,human,1,train
815727588,human,0.887,unknown,0,unknown
815727589,human,0.719,human,0,validation
815727590,non_human,0.985,non_human,1,train
815727591,human,0.822,human,0,test
815727592,human,0.826,human,0,test
815727593,non_human,0.985,unknown,1,unknown
815727594,non_human,0.791,unknown,0,unknown
815727595,non_human,0.996,non_human,1,train
815727596,non_human,0.985,unknown,1,unknown
815727597,non_human,0.996,non_human,1,train
815727598,non_human,0.985,non_human,1,validation
815727600,non_human,0.985,non_human,1,train
815727601,non_human,0.985,non_human,1,train
815727602,non_human,0.985,non_human,1,train
815727603,non_human,0.985,non_human,1,train
815727604,non_human,0.985,unknown,1,unknown
815727606,non_human,0.825,non_human,0,test
815727607,non_human,0.985,non_human,1,validation
815727608,non_human,0.985,non_human,1,validation
815727609,human,0.919,human,1,test
815727610,non_human,0.542,non_human,0,train
815727611,non_human,0.782,non_human,0,test
815727612,human,0.759,human,0,train
815727613,non_human,0.985,non_human,1,train
815727614,non_human,0.996,non_human,1,train
815727615,non_human,0.985,unknown,1,unknown
815727616,non_human,0.985,non_human,1,train
815727617,non_human,0.985,non_human,1,train
815727618,non_human,0.985,non_human,1,validation
815727619,human,0.784,human,0,validation
815727620,human,0.909,unknown,1,unknown
815727621,human,0.864,human,0,train
815727622,human,0.814,human,0,train
815727629,human,0.82,unknown,0,unknown
815727630,human,0.837,human,0,train
815727631,human,0.927,human,1,train
815727632,human,0.694,non_human,0,test
815727633,human,0.761,human,0,train
815727634,human,0.961,non_human,1,test
815727636,non_human,0.991,non_human,1,validation
815727637,non_human,0.709,non_human,0,train
815727638,human,0.916,human,1,test
815727639,human,0.923,human,1,train
815727640,human,0.871,human,0,train
815727641,human,0.702,human,0,train
815727642,human,0.552,human,0,train
815727643,human,0.65,non_human,0,train
815727644,human,0.664,human,0,test
815727645,human,0.929,unknown,1,unknown
815727646,human,0.888,human,0,train
815727647,non_human,0.841,unknown,0,unknown
815727648,human,0.597,non_human,0,train
815727649,human,0.989,human,1,validation
815727650,human,0.59,non_human,0,train
815727651,human,0.539,human,0,train
815727652,human,0.638,human,0,validation
815727653,human,0.741,human,0,train
815727654,human,0.876,human,0,validation
815727656,human,0.885,human,0,train
815727657,human,0.947,human,1,test
815727658,non_human,0.603,non_human,0,test
815727659,human,0.904,human,1,train
815727660,non_human,0.985,non_human,1,test
815727661,human,0.951,human,1,train
815727663,non_human,0.535,non_human,0,validation
815727664,non_human,0.985,non_human,1,train
815727665,human,0.869,human,0,train
815727666,human,0.911,human,1,train
815727667,human,0.796,human,0,train
815727669,non_human,0.506,non_human,0,train
815727670,human,0.917,human,1,validation
815727671,non_human,0.985,non_human,1,validation
815727672,human,0.957,human,1,test
815727673,human,0.563,non_human,0,train
815727674,human,0.917,human,1,train
815727675,human,0.914,human,1,train
815727677,non_human,0.985,non_human,1,train
815727678,non_human,0.985,non_human,1,train
815727679,non_human,0.985,unknown,1,unknown
815727680,non_human,0.985,unknown,1,unknown
815727681,human,0.915,human,1,train
815727682,human,0.553,non_human,0,train
815727683,human,0.886,human,0,validation
815727684,human,0.664,non_human,0,train
815727685,human,0.784,human,0,train
815727686,human,0.955,unknown,1,unknown
815727687,non_human,0.985,non_human,1,train
815727688,human,0.95,human,1,train
815727689,non_human,0.985,non_human,1,train
815727690,non_human,0.985,non_human,1,train
815727691,non_human,0.985,non_human,1,train
815727692,non_human,0.985,non_human,1,test
815727693,non_human,0.985,non_human,1,validation
815727694,non_human,0.985,non_human,1,validation
815727695,non_human,0.985,non_human,1,train
815727696,non_human,0.958,non_human,1,test
815727697,non_human,0.985,non_human,1,train
815727698,non_human,0.993,non_human,1,validation
815727699,human,0.977,human,1,validation
815727700,human,0.92,unknown,1,unknown
815727701,non_human,0.985,non_human,1,test
815727702,human,0.713,human,0,train
815727703,human,0.769,human,0,test
815727704,non_human,0.996,non_human,1,test
815727705,non_human,0.985,unknown,1,unknown
815727706,non_human,0.985,unknown,1,unknown
815727707,human,0.822,human,0,train
815727708,human,0.997,human,1,validation
815727709,human,0.96,human,1,test
815727710,human,0.669,human,0,test
815727711,human,0.796,human,0,test
815727712,human,0.951,human,1,test
815727713,human,0.855,human,0,train
815727714,human,0.912,human,1,train
815727716,human,0.874,human,0,train
815727718,human,0.924,human,1,train
815727719,human,0.701,human,0,train
815727720,human,0.602,human,0,train
815727721,human,0.781,human,0,validation
815727722,human,0.964,human,1,test
815727723,human,0.905,human,1,test
815727724,human,0.927,human,1,train
815727725,human,0.924,non_human,1,validation
815727726,human,0.683,non_human,0,train
815727727,human,0.779,human,0,train
815727728,human,0.959,human,1,train
815727729,human,0.631,human,0,train
815727730,human,0.882,human,0,train
815727731,non_human,0.892,non_human,0,train
815727733,human,0.914,human,1,validation
815727734,non_human,0.607,human,0,test
815727735,human,0.891,human,0,validation
815727736,human,0.822,human,0,train
815727737,human,0.836,human,0,train
815727739,non_human,0.501,non_human,0,train
815727740,human,0.892,human,0,train
815727741,human,0.795,human,0,train
815727742,human,0.866,human,0,train
815727743,human,0.826,human,0,validation
815727744,human,0.886,human,0,train
815727746,human,0.718,human,0,validation
815727747,human,0.61,human,0,train
815727748,human,0.879,unknown,0,unknown
815727749,human,0.965,human,1,validation
815727750,human,0.879,human,0,train
815727751,non_human,0.647,non_human,0,test
815727752,human,0.954,human,1,test
815727753,human,0.899,human,0,train
815727754,human,0.64,non_human,0,train
815727755,human,0.937,human,1,train
815727756,human,0.544,human,0,validation
815727757,non_human,0.985,non_human,1,train
815727758,human,0.833,human,0,train
815727759,human,0.901,human,1,validation
815727760,human,0.952,human,1,validation
815727762,human,0.921,human,1,validation
815727763,human,0.882,human,0,validation
815727764,non_human,0.985,non_human,1,test
815727765,human,0.946,human,1,validation
815727766,non_human,0.985,non_human,1,test
815727767,human,0.847,human,0,validation
815727768,non_human,0.985,non_human,1,train
815727770,non_human,0.991,non_human,1,validation
815727772,human,0.86,human,0,validation
815727773,non_human,0.985,non_human,1,train
815727774,non_human,0.991,non_human,1,train
815727775,non_human,0.985,non_human,1,train
815727776,non_human,0.985,non_human,1,test
815727777,non_human,0.985,non_human,1,train
815727778,non_human,0.991,non_human,1,test
815727779,non_human,0.985,non_human,1,validation
815727780,non_human,0.743,non_human,0,train
815727781,human,0.87,human,0,test
815727782,non_human,0.515,human,0,test
815727783,non_human,0.985,unknown,1,unknown
815727784,human,0.707,human,0,train
815727785,non_human,0.985,non_human,1,train
815727786,human,0.541,human,0,train
815727787,non_human,0.985,non_human,1,test
815727788,human,0.91,human,1,test
815727789,non_human,0.995,non_human,1,train
815727790,human,0.801,human,0,train
815727791,non_human,0.985,non_human,1,validation
815727792,human,0.559,non_human,0,train
815727793,human,0.758,unknown,0,unknown
815727794,non_human,0.939,human,1,test
815727795,human,0.959,human,1,test
815727796,non_human,0.637,non_human,0,train
815727797,non_human,0.76,non_human,0,train
815727798,non_human,0.985,unknown,1,unknown
815727799,human,0.787,human,0,train
815727800,human,0.552,human,0,test
815727801,human,0.801,human,0,train
815727802,human,0.693,human,0,test
815727803,human,0.658,human,0,train
815727804,human,0.915,unknown,1,unknown
815727805,human,0.842,human,0,validation
815727806,human,0.691,human,0,validation
815727807,human,0.68,human,0,validation
815727809,human,0.838,human,0,train
815727810,human,0.679,human,0,train
815727811,human,0.898,human,0,validation
815727812,non_human,0.706,human,0,test
815727813,non_human,0.985,non_human,1,train
815727814,human,0.876,human,0,test
815727815,human,0.894,human,0,train
815727816,human,0.512,human,0,train
815727817,human,0.697,human,0,train
815727818,human,0.93,human,1,test
815727819,human,0.812,unknown,0,unknown
815727820,human,0.816,human,0,train
815727821,human,0.97,human,1,validation
815727822,human,0.744,human,0,train
815727823,non_human,0.798,non_human,0,validation
815727824,human,0.634,non_human,0,test
815727825,human,0.761,human,0,validation
815727826,human,0.911,unknown,1,unknown
815727827,human,0.944,human,1,train
815727829,human,0.9,human,1,train
815727830,human,0.904,human,1,test
815727831,non_human,0.949,non_human,1,test
815727832,non_human,0.585,non_human,0,train
815727833,non_human,0.922,non_human,1,train
815727834,human,0.939,human,1,test
815727835,non_human,0.985,non_human,1,train
815727836,human,0.876,human,0,test
815727837,non_human,0.693,human,0,train
815727838,non_human,0.985,non_human,1,train
815727839,human,0.918,human,1,train
815727840,non_human,0.985,non_human,1,train
815727841,non_human,0.985,non_human,1,train
815727842,human,0.893,human,0,test
815727844,human,0.823,human,0,train
815727845,non_human,0.985,non_human,1,test
815727846,non_human,0.985,non_human,1,train
815727847,human,0.881,human,0,train
815727848,non_human,0.985,non_human,1,train
815727849,non_human,0.985,non_human,1,train
815727850,non_human,0.985,unknown,1,unknown
815727851,non_human,0.985,non_human,1,test
815727852,non_human,0.543,non_human,0,train
815727854,human,0.91,human,1,train
815727855,human,0.949,human,1,test
815727856,non_human,0.985,non_human,1,validation
815727857,human,0.765,human,0,test
815727858,non_human,0.985,non_human,1,validation
815727859,non_human,0.985,non_human,1,test
815727860,non_human,0.985,non_human,1,test
815727861,human,0.984,human,1,train
815727862,non_human,0.995,non_human,1,train
815727863,non_human,0.985,non_human,1,train
815727864,non_human,0.996,non_human,1,validation
815727865,human,0.86,human,0,validation
815727866,human,0.857,human,0,train
815727867,non_human,0.927,non_human,1,test
815727868,human,0.931,human,1,train
815727869,non_human,0.671,non_human,0,train
815727870,non_human,0.985,non_human,1,train
815727871,non_human,0.948,non_human,1,test
815727872,non_human,0.985,non_human,1,validation
815727873,human,0.738,human,0,test
815727874,non_human,0.985,non_human,1,train
815727875,human,0.869,human,0,test
815727876,non_human,0.859,non_human,0,train
815727879,non_human,0.996,non_human,1,train
815727880,human,0.889,human,0,test
815727882,non_human,0.985,non_human,1,test
815727883,human,0.908,human,1,train
815727884,human,0.698,human,0,validation
815727885,human,0.906,human,1,train
815727886,human,0.859,human,0,validation
815727887,human,0.968,human,1,train
815727888,non_human,0.928,non_human,1,validation
815727889,human,0.92,human,1,validation
815727890,human,0.888,human,0,train
815727891,human,0.618,human,0,train
815727892,human,0.893,human,0,train
815727894,human,0.886,human,0,validation
815727895,non_human,0.662,non_human,0,train
815727897,human,0.658,human,0,validation
815727898,human,0.846,human,0,train
815727899,human,0.923,human,1,test
815727900,non_human,0.801,human,0,test
815727901,non_human,0.804,non_human,0,train
815727902,human,0.963,human,1,train
815727903,human,0.94,human,1,train
815727904,human,0.788,human,0,validation
815727905,human,0.964,human,1,train
815727906,human,0.781,human,0,test
815727907,human,0.911,human,1,train
815727908,non_human,0.985,non_human,1,train
815727909,non_human,0.839,non_human,0,train
815727910,human,0.646,human,0,validation
815727911,non_human,0.906,non_human,1,train
815727912,human,0.748,human,0,train
815727913,human,0.848,human,0,train
815727914,human,0.915,human,1,test
815727916,non_human,0.956,non_human,1,train
815727917,non_human,0.985,non_human,1,train
815727918,non_human,0.818,non_human,0,train
815727919,human,0.87,human,0,train
815727920,non_human,0.727,non_human,0,train
815727921,human,0.618,human,0,train
815727922,human,0.557,non_human,0,train
815727923,non_human,0.985,non_human,1,test
815727924,human,0.97,human,1,train
815727925,non_human,0.756,non_human,0,validation
815727926,human,0.765,non_human,0,train
815727927,non_human,0.505,non_human,0,validation
815727928,human,0.924,human,1,train
815727932,human,0.79,non_human,0,validation
815727933,non_human,0.985,non_human,1,train
815727934,human,0.604,human,0,test
815727935,human,0.982,human,1,validation
815727936,human,0.565,unknown,0,unknown
815727939,non_human,0.985,non_human,1,test
815727940,human,0.944,human,1,train
815727941,non_human,0.985,non_human,1,test
815727942,human,0.802,human,0,validation
815727943,human,0.79,human,0,validation
815727944,non_human,0.985,non_human,1,train
815727945,non_human,0.68,non_human,0,test
815727946,human,0.823,unknown,0,unknown
815727947,non_human,0.985,non_human,1,train
815727948,non_human,0.985,non_human,1,train
815727949,non_human,0.985,non_human,1,test
815727951,human,0.804,human,0,train
815727952,non_human,0.985,non_human,1,train
815727953,non_human,0.985,non_human,1,train
815727954,human,0.915,human,1,test
815727955,non_human,0.985,non_human,1,validation
815727956,human,0.823,human,0,train
815727957,non_human,0.985,non_human,1,train
815727958,non_human,0.985,non_human,1,train
815727960,non_human,0.985,non_human,1,validation
815727961,non_human,0.948,non_human,1,train
815727963,non_human,0.985,unknown,1,unknown
815727964,non_human,0.996,non_human,1,test
815727965,human,0.871,human,0,validation
815727966,human,0.956,human,1,train
815727967,human,0.795,human,0,test
815727968,human,0.94,human,1,train
815727969,non_human,0.985,non_human,1,test
815727970,human,0.887,human,0,train
815727971,human,0.907,human,1,train
815727972,human,0.82,unknown,0,unknown
815727973,non_human,0.985,non_human,1,train
815727974,human,0.762,non_human,0,train
815727975,non_human,0.519,non_human,0,train
815727976,human,0.926,human,1,train
815727977,non_human,0.985,non_human,1,train
815727978,human,0.834,human,0,train
815727979,human,0.621,non_human,0,test
815727980,human,0.783,human,0,train
815727981,non_human,0.5,human,0,train
815727982,human,0.971,human,1,validation
815727983,human,0.667,non_human,0,validation
815727984,human,0.721,human,0,train
815727985,human,0.635,human,0,train
815727986,non_human,0.985,unknown,1,unknown
815727987,human,0.971,human,1,train
815727988,human,0.89,human,0,train
815727989,non_human,0.505,human,0,test
815727990,non_human,0.985,non_human,1,train
815727991,human,0.768,human,0,train
815727992,human,0.739,human,0,test
815727993,human,0.905,human,1,test
815727994,human,0.629,human,0,test
815727995,human,0.848,unknown,0,unknown
815727996,human,0.866,human,0,train
815727997,non_human,0.718,non_human,0,train
815727998,human,0.949,human,1,train
815727999,human,0.796,human,0,train
815728000,human,0.861,human,0,train
815728001,human,0.875,human,0,test
815728002,human,0.912,human,1,train
815728003,non_human,0.985,non_human,1,validation
815728004,non_human,0.985,non_human,1,train
815728005,non_human,0.962,non_human,1,train
815728006,non_human,0.985,non_human,1,train
815728007,non_human,0.985,non_human,1,test
815728008,human,0.85,human,0,test
815728009,human,0.909,human,1,train
815728010,non_human,0.985,non_human,1,train
815728011,non_human,0.996,non_human,1,train
815728012,non_human,0.985,non_human,1,validation
815728013,human,0.857,human,0,train
815728014,non_human,0.991,non_human,1,train
815728016,non_human,0.985,non_human,1,train
815728017,non_human,0.985,non_human,1,train
815728018,human,0.819,human,0,test
815728020,human,0.914,non_human,1,train
815728021,human,0.928,human,1,train
815728022,non_human,0.985,non_human,1,train
815728023,human,0.528,non_human,0,train
815728024,non_human,0.995,non_human,1,train
815728025,human,0.786,human,0,validation
815728026,non_human,0.985,non_human,1,test
815728027,human,0.812,non_human,0,train
815728028,human,0.909,human,1,train
815728029,human,0.924,human,1,train
815728030,human,0.856,human,0,train
815728031,human,0.945,human,1,validation
815728034,human,0.528,unknown,0,unknown
815728035,human,0.617,human,0,train
815728036,human,0.513,human,0,test
815728037,non_human,0.776,non_human,0,train
815728038,non_human,0.881,non_human,0,test
815728039,human,0.758,human,0,test
815728041,human,0.807,human,0,train
815728042,human,0.929,human,1,train
815728043,human,0.797,human,0,validation
815728044,non_human,0.985,non_human,1,train
815728045,non_human,0.591,non_human,0,train
815728046,human,0.982,human,1,test
815728048,human,0.513,unknown,0,unknown
815728049,non_human,0.985,unknown,1,unknown
815728050,human,0.94,human,1,train
815728051,human,0.907,human,1,train
815728052,human,0.77,non_human,0,train
815728054,human,0.707,human,0,validation
815728055,human,0.868,human,0,train
815728056,human,0.953,human,1,validation
815728057,non_human,0.511,non_human,0,train
815728058,non_human,0.995,non_human,1,train
815728059,non_human,0.985,non_human,1,train
815728060,human,0.856,human,0,train
815728061,non_human,0.724,non_human,0,train
815728062,non_human,0.752,human,0,test
815728063,human,0.927,human,1,train
815728064,human,0.97,human,1,train
815728065,human,0.847,unknown,0,unknown
815728066,non_human,0.985,non_human,1,train
815728067,human,0.728,non_human,0,train
815728068,human,0.947,human,1,train
815728069,human,0.88,human,0,train
815728070,human,0.786,unknown,0,unknown
815728071,human,0.533,human,0,train
815728072,human,0.785,human,0,train
815728073,human,0.979,human,1,train
815728074,human,0.955,human,1,train
815728075,human,0.849,human,0,test
815728076,human,0.96,human,1,train
815728077,non_human,0.764,non_human,0,train
815728078,non_human,0.985,non_human,1,train
815728079,non_human,0.985,non_human,1,train
815728080,non_human,0.985,non_human,1,train
815728081,human,0.5,non_human,0,train
815728084,human,0.679,human,0,train
815728085,human,0.767,human,0,train
815728086,human,0.956,human,1,train
815728087,non_human,0.985,non_human,1,train
815728088,human,0.889,human,0,train
815728089,non_human,0.525,human,0,train
815728090,human,0.778,human,0,train
815728091,non_human,0.995,non_human,1,train
815728092,non_human,0.985,non_human,1,train
815728093,non_human,0.985,unknown,1,unknown
815728094,non_human,0.985,non_human,1,train
815728095,non_human,0.985,non_human,1,train
815728096,non_human,0.577,non_human,0,train
815728097,human,0.909,human,1,train
815728098,human,0.615,non_human,0,validation
815728100,non_human,0.651,non_human,0,train
815728101,human,0.857,human,0,train
815728102,non_human,0.985,unknown,1,unknown
815728103,non_human,0.985,non_human,1,validation
815728104,non_human,0.979,non_human,1,train
815728105,non_human,0.738,non_human,0,train
815728106,human,0.738,human,0,train
815728107,non_human,0.985,non_human,1,train
815728108,non_human,0.985,non_human,1,train
815728109,human,0.863,human,0,validation
815728110,human,0.685,non_human,0,train
815728111,human,0.927,human,1,train
815728112,non_human,0.985,unknown,1,unknown
815728113,non_human,0.985,non_human,1,train
815728114,non_human,0.994,non_human,1,test
815728115,human,0.953,human,1,train
815728116,human,0.907,human,1,train
815728117,non_human,0.997,non_human,1,train
815728118,human,0.705,non_human,0,test
815728119,human,0.963,human,1,validation
815728121,human,0.835,human,0,test
815728122,human,0.875,human,0,train
815728124,human,0.858,human,0,train
815728125,human,0.832,non_human,0,validation
815728126,non_human,0.985,unknown,1,unknown
815728127,human,0.813,human,0,test
815728128,human,0.918,human,1,test
815728129,non_human,0.728,non_human,0,validation
815728130,human,0.611,human,0,train
815728131,human,0.623,human,0,validation
815728132,human,0.893,human,0,train
815728133,human,0.975,human,1,test
815728135,human,0.955,human,1,train
815728136,human,0.812,human,0,validation
815728137,non_human,0.901,non_human,1,train
815728138,human,0.804,human,0,validation
815728139,non_human,0.846,non_human,0,train
815728140,human,0.803,human,0,train
815728141,human,0.868,human,0,test
815728142,human,0.969,human,1,test
815728143,non_human,0.985,non_human,1,validation
815728144,human,0.77,human,0,train
815728145,human,0.857,human,0,test
815728146,human,0.916,human,1,train
815728147,human,0.915,human,1,train
815728148,human,0.839,human,0,train
815728150,human,0.955,human,1,test
815728151,non_human,0.985,unknown,1,unknown
815728152,human,0.728,human,0,validation
815728153,non_human,0.996,non_human,1,train
815728154,non_human,0.985,non_human,1,train
815728155,non_human,0.985,non_human,1,train
815728156,non_human,0.985,unknown,1,unknown
815728157,non_human,0.991,non_human,1,validation
815728158,human,0.789,human,0,train
815728159,non_human,0.985,non_human,1,train
815728160,non_human,0.985,non_human,1,train
815728161,human,0.959,human,1,test
815728163,human,0.966,human,1,test
815728164,human,0.832,human,0,train
815728165,human,0.877,human,0,train
815728167,non_human,0.774,non_human,0,train
815728168,human,0.653,human,0,validation
815728169,human,0.584,non_human,0,train
815728170,non_human,0.985,non_human,1,train
815728171,human,0.683,human,0,test
815728172,non_human,0.583,non_human,0,train
815728174,non_human,0.985,non_human,1,train
815728175,non_human,0.985,non_human,1,train
815728176,human,0.81,human,0,test
815728177,non_human,0.781,non_human,0,train
815728178,human,0.879,human,0,train
815728179,non_human,0.985,non_human,1,train
815728180,non_human,0.985,non_human,1,train
815728181,non_human,0.985,non_human,1,train
815728182,non_human,0.985,non_human,1,train
815728183,non_human,0.985,non_human,1,train
815728184,human,0.661,human,0,test
815728185,human,0.924,human,1,validation
815728186,human,0.921,human,1,train
815728187,human,0.837,human,0,validation
815728188,human,0.793,human,0,validation
815728189,human,0.847,human,0,train
815728190,human,0.844,human,0,validation
815728191,non_human,0.985,unknown,1,unknown
815728192,non_human,0.985,non_human,1,test
815728194,non_human,0.993,non_human,1,train
815728195,non_human,0.985,non_human,1,validation
815728196,human,0.843,human,0,test
815728197,human,0.754,human,0,train
815728198,human,0.977,human,1,train
815728199,human,0.835,human,0,train
815728200,human,0.925,human,1,validation
815728201,human,0.824,human,0,train
815728202,human,0.916,human,1,validation
815728203,non_human,0.985,non_human,1,train
815728204,human,0.895,human,0,train
815728205,human,0.805,human,0,train
815728206,non_human,0.991,non_human,1,train
815728207,non_human,0.683,non_human,0,train
815728208,human,0.71,human,0,train
815728209,human,0.92,human,1,test
815728210,non_human,0.956,non_human,1,train
815728213,non_human,0.985,non_human,1,validation
815728214,human,0.763,human,0,test
815728215,human,0.744,unknown,0,unknown
815728216,human,0.893,human,0,validation
815728217,human,0.906,human,1,train
815728218,human,0.783,human,0,validation
815728219,human,0.797,human,0,train
815728220,human,0.924,human,1,train
815728221,non_human,0.53,non_human,0,train
815728222,human,0.873,human,0,test
815728223,human,0.923,human,1,train
815728224,human,0.884,human,0,test
815728225,non_human,0.8,non_human,0,validation
815728226,human,0.877,human,0,test
815728227,human,0.889,unknown,0,unknown
815728228,non_human,0.985,non_human,1,train
815728229,human,0.84,human,0,test
815728230,non_human,0.996,non_human,1,train
815728231,human,0.919,human,1,train
815728232,human,0.868,human,0,train
815728234,human,0.858,human,0,train
815728238,non_human,0.648,non_human,0,train
815728239,human,0.649,non_human,0,train
815728240,non_human,0.985,non_human,1,train
815728241,human,0.892,human,0,train
815728242,human,0.926,human,1,train
815728243,human,0.929,human,1,test
815728244,human,0.889,human,0,validation
815728245,non_human,0.985,non_human,1,validation
815728246,human,0.914,human,1,train
815728247,human,0.847,human,0,train
815728248,human,0.974,human,1,train
815728249,non_human,0.985,non_human,1,validation
815728250,human,0.967,human,1,validation
815728251,non_human,0.985,non_human,1,train
815728253,human,0.852,human,0,train
815728255,non_human,0.985,unknown,1,unknown
815728256,non_human,0.985,non_human,1,train
815728257,non_human,0.985,non_human,1,test
815728258,non_human,0.985,non_human,1,train
815728259,non_human,0.985,non_human,1,validation
815728260,non_human,0.985,unknown,1,unknown
815728261,non_human,0.985,non_human,1,validation
815728262,human,0.969,human,1,train
815728263,human,0.961,human,1,test
815728264,human,0.924,human,1,train
815728265,human,0.618,human,0,train
815728266,human,0.731,unknown,0,unknown
815728269,human,0.539,non_human,0,train
815728270,human,0.766,human,0,train
815728271,human,0.841,human,0,train
815728272,human,0.857,human,0,validation
815728273,non_human,0.502,non_human,0,train
815728274,non_human,0.985,non_human,1,validation
815728275,human,0.912,human,1,test
815728276,human,0.734,human,0,train
815728277,non_human,0.985,non_human,1,validation
815728278,non_human,0.985,non_human,1,train
815728279,non_human,0.985,non_human,1,validation
815728280,non_human,0.995,non_human,1,test
815728281,non_human,0.991,non_human,1,validation
815728282,human,0.674,non_human,0,test
815728283,human,0.713,human,0,train
815728284,human,0.913,human,1,train
815728285,human,0.684,non_human,0,train
815728286,non_human,0.685,non_human,0,validation
815728287,human,0.724,non_human,0,train
815728288,human,0.746,non_human,0,validation
815728289,human,0.746,human,0,validation
815728290,human,0.882,human,0,train
815728291,human,0.921,human,1,train
815728292,human,0.828,non_human,0,validation
815728294,non_human,0.51,non_human,0,train
815728295,human,0.699,non_human,0,train
815728296,human,0.986,human,1,test
815728297,human,0.989,human,1,validation
815728298,human,0.89,human,0,train
815728299,human,0.951,human,1,train
815728300,human,0.62,human,0,train
815728301,human,0.881,human,0,train
815728302,human,0.788,human,0,train
815728303,non_human,0.995,non_human,1,validation
815728304,human,0.925,human,1,train
815728305,non_human,0.985,non_human,1,validation
815728306,non_human,0.985,non_human,1,test
815728307,non_human,0.985,non_human,1,train
815728308,human,0.835,human,0,train
815728309,human,0.908,human,1,validation
815728310,human,0.91,human,1,train
815728311,human,0.777,non_human,0,validation
815728312,non_human,0.985,non_human,1,train
815728313,human,0.829,human,0,validation
815728314,human,0.863,human,0,test
815728315,human,0.939,human,1,test
815728317,human,0.856,human,0,train
815728318,non_human,0.65,non_human,0,train
815728319,human,0.884,human,0,validation
815728320,human,0.949,human,1,train
815728321,human,0.947,human,1,train
815728322,non_human,0.985,non_human,1,train
815728323,non_human,0.985,non_human,1,train
815728324,non_human,0.985,non_human,1,train
815728325,non_human,0.995,non_human,1,train
815728326,human,0.91,human,1,train
815728327,human,0.97,human,1,test
815728328,non_human,0.985,non_human,1,train
815728329,non_human,0.991,non_human,1,train
815728330,non_human,0.985,unknown,1,unknown
815728331,non_human,0.947,non_human,1,train
815728332,human,0.83,human,0,train
815728333,non_human,0.985,non_human,1,validation
815728334,non_human,0.985,non_human,1,test
815728335,human,0.824,human,0,train
815728336,human,0.888,human,0,validation
815728337,human,0.878,human,0,train
815728341,human,0.819,human,0,validation
815728342,human,0.918,human,1,validation
815728343,human,0.769,human,0,validation
815728344,non_human,0.679,human,0,validation
815728345,human,0.889,human,0,validation
815728346,human,0.968,human,1,test
815728347,human,0.787,human,0,train
815728348,human,0.607,non_human,0,test
815728349,human,0.966,human,1,train
815728350,non_human,0.753,non_human,0,test
815728351,non_human,0.582,non_human,0,train
815728352,human,0.864,human,0,validation
815728353,human,0.799,human,0,validation
815728354,non_human,0.985,human,1,validation
815728355,human,0.786,human,0,validation
815728356,human,0.619,non_human,0,validation
815728357,non_human,0.996,non_human,1,train
815728358,human,0.825,human,0,train
815728359,human,0.977,human,1,test
815728360,human,0.84,unknown,0,unknown
815728361,human,0.655,human,0,train
815728362,human,0.899,unknown,0,unknown
815728363,human,0.774,non_human,0,train
815728364,human,0.762,human,0,test
815728365,non_human,0.643,non_human,0,train
815728366,non_human,0.661,non_human,0,train
815728367,human,0.879,human,0,test
815728368,human,0.937,human,1,train
815728369,human,0.818,human,0,validation
815728370,human,0.714,human,0,test
815728371,human,0.751,human,0,train
815728372,human,0.776,non_human,0,train
815728374,human,0.888,human,0,train
815728375,human,0.831,human,0,validation
815728376,human,0.831,human,0,test
815728377,human,0.838,human,0,train
815728378,human,0.8,human,0,train
815728379,human,0.859,human,0,train
815728380,human,0.964,human,1,validation
815728381,human,0.633,human,0,train
815728382,human,0.647,human,0,validation
815728383,human,0.982,human,1,train
815728384,human,0.651,human,0,train
815728385,human,0.892,human,0,test
815728386,human,0.791,human,0,test
815728387,non_human,0.985,non_human,1,train
815728388,human,0.844,human,0,train
815728390,non_human,0.533,non_human,0,train
815728391,human,0.873,human,0,train
815728392,non_human,0.77,non_human,0,validation
815728393,non_human,0.985,non_human,1,test
815728394,human,0.853,human,0,train
815728395,human,0.586,human,0,test
815728396,human,0.971,human,1,test
815728397,non_human,0.985,non_human,1,validation
815728398,human,0.876,human,0,test
815728399,human,0.568,human,0,train
815728400,non_human,0.814,non_human,0,train
815728401,non_human,0.97,non_human,1,validation
815728402,human,0.905,human,1,train
815728403,human,0.862,human,0,train
815728405,non_human,0.985,non_human,1,train
815728406,non_human,0.985,non_human,1,train
815728407,non_human,0.996,non_human,1,train
815728408,non_human,0.65,non_human,0,train
815728409,human,0.865,human,0,train
815728410,human,0.689,non_human,0,test
815728411,human,0.591,human,0,train
815728412,human,0.514,non_human,0,train
815728413,human,0.526,human,0,test
815728414,non_human,0.985,unknown,1,unknown
815728415,non_human,0.985,non_human,1,test
815728416,human,0.731,unknown,0,unknown
815728417,non_human,0.755,non_human,0,validation
815728418,non_human,0.985,non_human,1,train
815728419,human,0.503,human,0,train
815728421,human,0.881,human,0,train
815728422,human,0.953,human,1,test
815728423,human,0.701,human,0,validation
815728424,human,0.845,human,0,train
815728425,non_human,0.985,non_human,1,train
815728426,non_human,0.985,non_human,1,validation
815728427,human,0.689,human,0,test
815728428,human,0.587,human,0,train
815728429,non_human,0.985,unknown,1,unknown
815728430,human,0.934,human,1,train
815728432,non_human,0.985,non_human,1,test
815728433,human,0.94,human,1,train
815728434,human,0.93,human,1,validation
815728435,non_human,0.985,non_human,1,validation
815728436,non_human,0.985,non_human,1,train
815728437,non_human,0.985,non_human,1,train
815728438,human,0.853,human,0,test
815728440,human,0.885,human,0,test
815728442,human,0.875,human,0,train
815728443,human,0.878,human,0,train
815728444,human,0.585,non_human,0,validation
815728445,non_human,0.985,unknown,1,unknown
815728446,human,0.719,non_human,0,train
815728447,human,0.645,non_human,0,train
815728448,non_human,0.65,human,0,validation
815728449,human,0.843,human,0,test
815728450,human,0.819,human,0,train
815728451,human,0.756,human,0,train
815728452,non_human,0.985,non_human,1,train
815728453,human,0.828,human,0,train
815728454,human,0.8,human,0,test
815728455,human,0.774,human,0,validation
815728456,human,0.937,human,1,test
815728457,non_human,0.985,non_human,1,train
815728458,human,0.827,human,0,train
815728459,human,0.896,human,0,train
815728460,non_human,0.985,non_human,1,test
815728461,human,0.86,non_human,0,train
815728462,human,0.58,human,0,test
815728463,non_human,0.985,non_human,1,train
815728465,non_human,0.73,non_human,0,train
815728466,human,0.939,human,1,train
815728467,non_human,0.985,non_human,1,train
815728468,non_human,0.828,non_human,0,train
815728469,human,0.933,human,1,train
815728470,human,0.817,human,0,train
815728471,human,0.695,human,0,train
815728472,non_human,0.985,non_human,1,test
815728473,non_human,0.985,non_human,1,validation
815728474,non_human,0.985,non_human,1,train
815728476,human,0.855,human,0,test
815728477,human,0.879,human,0,train
815728478,non_human,0.985,non_human,1,train
815728479,human,0.593,non_human,0,train
815728481,human,0.579,human,0,train
815728482,human,0.895,human,0,train
815728483,non_human,0.507,human,0,validation
815728484,human,0.835,unknown,0,unknown
815728485,human,0.889,human,0,test
815728486,non_human,0.985,non_human,1,validation
815728487,non_human,0.985,non_human,1,train
815728488,non_human,0.985,unknown,1,unknown
815728489,human,0.889,human,0,train
815728490,human,0.701,human,0,train
815728491,non_human,0.985,non_human,1,validation
815728492,human,0.767,human,0,validation
815728493,human,0.926,human,1,test
815728494,human,0.929,human,1,train
815728495,human,0.867,human,0,validation
815728496,non_human,0.985,non_human,1,test
815728497,non_human,0.985,non_human,1,validation
815728498,non_human,0.985,non_human,1,train
815728499,non_human,0.985,non_human,1,train
815728500,human,0.905,human,1,train
815728501,non_human,0.985,non_human,1,validation
815728502,non_human,0.985,non_human,1,train
815728503,human,0.747,human,0,train
815728504,human,0.934,human,1,train
815728505,human,0.904,unknown,1,unknown
815728506,human,0.868,human,0,test
815728507,human,0.931,human,1,train
815728508,non_human,0.898,non_human,0,train
815728509,non_human,0.696,non_human,0,train
815728510,non_human,0.985,unknown,1,unknown
815728511,non_human,0.737,non_human,0,train
815728512,human,0.923,human,1,train
815728513,non_human,0.994,non_human,1,test
815728514,human,0.929,human,1,train
815728516,non_human,0.985,non_human,1,validation
815728517,non_human,0.985,unknown,1,unknown
815728518,human,0.964,human,1,test
815728520,non_human,0.985,non_human,1,train
815728522,non_human,0.734,non_human,0,test
815728523,human,0.882,human,0,train
815728524,non_human,0.985,non_human,1,train
815728526,non_human,0.562,unknown,0,unknown
815728527,non_human,0.985,unknown,1,unknown
815728528,human,0.556,human,0,test
815728529,human,0.825,human,0,test
815728530,human,0.822,human,0,train
815728531,human,0.88,human,0,test
815728532,human,0.829,human,0,train
815728533,human,0.959,human,1,test
815728534,human,0.883,human,0,train
815728535,human,0.978,human,1,train
815728536,human,0.687,non_human,0,validation
815728537,human,0.835,human,0,validation
815728538,non_human,0.924,non_human,1,validation
815728539,human,0.969,human,1,train
815728541,human,0.517,non_human,0,validation
815728543,human,0.853,human,0,train
815728545,human,0.798,human,0,test
815728546,human,0.701,unknown,0,unknown
815728547,human,0.958,human,1,train
815728548,human,0.936,human,1,train
815728549,non_human,0.997,non_human,1,test
815728550,non_human,0.985,non_human,1,train
815728551,non_human,0.996,non_human,1,train
815728552,non_human,0.781,non_human,0,train
815728553,human,0.779,human,0,train
815728554,human,0.916,human,1,train
815728555,human,0.935,human,1,train
815728556,non_human,0.985,non_human,1,train
815728557,human,0.943,human,1,train
815728558,human,0.872,human,0,validation
815728559,non_human,0.985,non_human,1,train
815728560,non_human,0.985,non_human,1,train
815728562,non_human,0.985,unknown,1,unknown
815728563,non_human,0.985,non_human,1,train
815728564,non_human,0.985,non_human,1,train
815728565,human,0.827,human,0,test
815728566,non_human,0.985,unknown,1,unknown
815728567,non_human,0.985,unknown,1,unknown
815728568,non_human,0.985,non_human,1,validation
815728569,non_human,0.985,non_human,1,train
815728570,non_human,0.985,non_human,1,train
815728571,human,0.891,human,0,validation
815728572,human,0.806,human,0,train
815728573,non_human,0.985,non_human,1,train
815728574,human,0.63,human,0,test
815728575,human,0.664,non_human,0,train
815728576,human,0.85,non_human,0,test
815728577,human,0.953,human,1,train
815728578,non_human,0.985,non_human,1,train
815728579,non_human,0.782,non_human,0,train
815728580,human,0.846,human,0,train
815728581,non_human,0.631,human,0,test
815728582,human,0.906,human,1,train
815728583,human,0.928,human,1,train
815728584,non_human,0.985,non_human,1,validation
815728585,human,0.778,human,0,validation
815728586,human,0.834,human,0,test
815728587,non_human,0.985,unknown,1,unknown
815728588,non_human,0.985,unknown,1,unknown
815728589,human,0.65,human,0,test
815728590,non_human,0.985,non_human,1,train
815728591,human,0.566,non_human,0,test
815728592,human,0.924,human,1,train
815728593,human,0.772,unknown,0,unknown
815728594,non_human,0.985,non_human,1,validation
815728595,human,0.922,human,1,train
815728596,non_human,0.985,non_human,1,train
815728597,human,0.972,human,1,train
815728599,human,0.695,human,0,test
815728600,human,0.85,human,0,train
815728601,non_human,0.527,human,0,train
815728602,human,0.754,human,0,validation
815728603,human,0.93,human,1,test
815728604,human,0.887,human,0,train
815728607,human,0.941,human,1,test
815728608,human,0.92,human,1,train
815728609,human,0.861,unknown,0,unknown
815728611,non_human,0.69,non_human,0,train
815728612,human,0.913,human,1,train
815728613,human,0.955,human,1,train
815728614,human,0.951,human,1,test
815728615,human,0.88,human,0,train
815728616,human,0.866,human,0,train
815728617,human,0.94,human,1,train
815728618,human,0.956,human,1,test
815728619,human,0.989,human,1,train
815728620,human,0.986,human,1,train
815728621,human,0.925,human,1,train
815728622,non_human,0.997,non_human,1,train
815728623,human,0.835,human,0,train
815728624,non_human,0.752,non_human,0,validation
815728626,non_human,0.985,non_human,1,train
815728627,non_human,0.985,non_human,1,train
815728628,non_human,0.985,non_human,1,train
815728629,human,0.801,human,0,validation
815728630,non_human,0.985,non_human,1,train
815728632,non_human,0.985,non_human,1,test
815728633,non_human,0.985,non_human,1,train
815728634,non_human,0.639,non_human,0,train
815728635,human,0.595,non_human,0,test
815728636,human,0.887,human,0,test
815728637,human,0.899,human,0,train
815728639,human,0.934,human,1,validation
815728640,human,0.938,unknown,1,unknown
815728641,non_human,0.985,non_human,1,train
815728642,non_human,0.641,non_human,0,train
815728645,non_human,0.985,non_human,1,train
815728646,non_human,0.985,non_human,1,validation
815728647,non_human,0.694,non_human,0,validation
815728649,non_human,0.985,non_human,1,test
815728650,non_human,0.997,non_human,1,validation
815728651,human,0.81,human,0,validation
815728652,non_human,0.676,non_human,0,train
815728653,human,0.63,human,0,validation
815728654,non_human,0.985,unknown,1,unknown
815728655,non_human,0.985,non_human,1,train
815728656,non_human,0.985,non_human,1,train
815728658,non_human,0.985,non_human,1,train
815728659,non_human,0.985,unknown,1,unknown
815728660,human,0.802,human,0,train
815728661,human,0.714,human,0,train
815728662,human,0.728,human,0,validation
815728663,non_human,0.985,unknown,1,unknown
815728664,human,0.926,human,1,validation
815728665,human,0.697,non_human,0,test
815728666,non_human,0.655,non_human,0,train
815728667,non_human,0.985,unknown,1,unknown
815728668,human,0.921,human,1,validation
815728669,non_human,0.985,unknown,1,unknown
815728670,non_human,0.556,human,0,test
815728672,human,0.881,human,0,train
815728673,non_human,0.985,non_human,1,train
815728674,non_human,0.907,non_human,1,train
815728675,human,0.936,human,1,train
815728676,human,0.854,human,0,train
815728677,human,0.797,human,0,validation
815728678,human,0.974,human,1,train
815728679,human,0.936,human,1,train
815728680,human,0.856,non_human,0,validation
815728681,human,0.896,human,0,train
815728682,human,0.906,human,1,validation
815728683,human,0.868,human,0,train
815728684,human,0.853,human,0,train
815728685,human,0.904,human,1,train
815728686,non_human,0.813,non_human,0,validation
815728687,human,0.76,human,0,validation
815728688,human,0.861,unknown,0,unknown
815728689,human,0.785,human,0,test
815728690,human,0.824,non_human,0,validation
815728691,non_human,0.985,non_human,1,train
815728692,human,0.893,non_human,0,validation
815728693,human,0.99,human,1,train
815728694,human,0.85,human,0,test
815728695,non_human,0.985,non_human,1,train
815728698,non_human,0.985,unknown,1,unknown
815728699,non_human,0.985,unknown,1,unknown
815728700,human,0.97,human,1,train
815728701,human,0.948,human,1,test
815728702,human,0.931,human,1,train
815728703,human,0.952,human,1,test
815728704,human,0.833,non_human,0,train
815728705,non_human,0.985,non_human,1,train
815728706,human,0.932,human,1,test
815728707,non_human,0.681,non_human,0,train
815728709,human,0.832,human,0,train
815728710,non_human,0.985,non_human,1,train
815728711,human,0.877,human,0,train
815728712,non_human,0.996,unknown,1,unknown
815728713,human,0.849,unknown,0,unknown
815728714,non_human,0.985,non_human,1,train
815728715,human,0.761,human,0,train
815728717,human,0.759,human,0,test
815728718,human,0.961,human,1,validation
815728719,human,0.582,human,0,validation
815728720,human,0.839,human,0,train
815728721,human,0.712,human,0,validation
815728722,human,0.887,human,0,train
815728724,non_human,0.647,human,0,test
815728725,human,0.962,human,1,validation
815728726,human,0.934,human,1,train
815728727,human,0.835,non_human,0,validation
815728728,non_human,0.995,non_human,1,test
815728729,human,0.763,human,0,train
815728730,human,0.871,human,0,test
815728731,human,0.965,human,1,test
815728732,non_human,0.985,non_human,1,train
815728733,non_human,0.985,non_human,1,test
815728734,human,0.649,non_human,0,train
815728735,non_human,0.985,non_human,1,train
815728736,non_human,0.985,non_human,1,test
815728737,non_human,0.985,unknown,1,unknown
815728738,non_human,0.985,non_human,1,train
815728739,human,0.761,non_human,0,validation
815728740,human,0.964,human,1,validation
815728741,non_human,0.985,non_human,1,train
815728742,non_human,0.759,human,0,validation
815728743,human,0.74,human,0,train
815728744,human,0.797,human,0,train
815728747,human,0.651,human,0,validation
815728748,non_human,0.985,non_human,1,train
815728749,non_human,0.741,non_human,0,train
815728750,non_human,0.985,unknown,1,unknown
815728751,non_human,0.985,non_human,1,train
815728752,human,0.787,non_human,0,train
815728753,human,0.686,non_human,0,validation
815728754,non_human,0.985,non_human,1,train
815728755,non_human,0.985,non_human,1,train
815728756,non_human,0.985,unknown,1,unknown
815728757,non_human,0.985,unknown,1,unknown
815728758,non_human,0.65,unknown,0,unknown
815728759,non_human,0.985,non_human,1,train
815728760,human,0.893,human,0,train
815728761,human,0.869,human,0,train
815728762,human,0.936,human,1,train
815728763,human,0.732,human,0,train
815728764,human,0.708,non_human,0,train
815728765,human,0.813,non_human,0,train
815728766,human,0.965,human,1,test
815728767,human,0.664,human,0,test
815728768,human,0.815,human,0,train
815728769,human,0.845,non_human,0,validation
815728770,human,0.809,human,0,test
815728771,human,0.936,human,1,train
815728772,human,0.921,human,1,train
815728774,human,0.927,human,1,train
815728775,human,0.85,human,0,train
815728776,non_human,0.536,human,0,train
815728777,human,0.987,human,1,validation
815728778,human,0.741,unknown,0,unknown
815728779,human,0.853,human,0,train
815728780,non_human,0.985,non_human,1,train
815728782,non_human,0.907,non_human,1,train
815728783,human,0.927,human,1,train
815728784,human,0.815,human,0,train
815728785,non_human,0.747,non_human,0,validation
815728787,human,0.748,non_human,0,train
815728788,human,0.838,human,0,train
815728789,human,0.886,human,0,train
815728790,human,0.747,non_human,0,test
815728791,human,0.828,human,0,train
815728792,human,0.907,human,1,train
815728793,human,0.955,human,1,validation
815728794,human,0.959,human,1,train
815728795,human,0.764,unknown,0,unknown
815728796,human,0.714,human,0,test
815728798,human,0.943,human,1,train
815728799,human,0.898,human,0,train
815728800,human,0.53,non_human,0,test
815728801,human,0.86,human,0,train
815728802,human,0.835,unknown,0,unknown
815728803,human,0.77,human,0,train
815728804,human,0.886,human,0,train
815728805,human,0.727,human,0,train
815728806,human,0.974,human,1,test
815728807,human,0.96,human,1,train
815728808,human,0.826,human,0,test
815728809,human,0.974,human,1,test
815728810,non_human,0.523,non_human,0,train
815728811,human,0.78,human,0,train
815728812,human,0.832,human,0,test
815728813,non_human,0.985,non_human,1,train
815728814,human,0.741,human,0,validation
815728815,non_human,0.58,unknown,0,unknown
815728817,human,0.955,human,1,validation
815728818,human,0.886,human,0,train
815728819,non_human,0.517,non_human,0,train
815728820,human,0.723,non_human,0,train
815728821,human,0.914,human,1,test
815728822,human,0.934,human,1,train
815728823,non_human,0.985,non_human,1,train
815728824,non_human,0.985,non_human,1,train
815728825,human,0.561,human,0,train
815728826,human,0.868,human,0,train
815728827,human,0.841,human,0,test
815728828,human,0.882,human,0,train
815728829,non_human,0.985,non_human,1,test
815728830,human,0.758,human,0,validation
815728831,human,0.898,human,0,train
815728832,non_human,0.985,non_human,1,train
815728833,human,0.964,human,1,train
815728834,non_human,0.985,non_human,1,train
815728835,non_human,0.985,non_human,1,test
815728836,human,0.855,human,0,train
815728837,human,0.965,human,1,train
815728838,human,0.967,human,1,test
815728839,non_human,0.985,non_human,1,test
815728840,human,0.822,human,0,validation
815728841,human,0.76,human,0,train
815728843,non_human,0.932,non_human,1,test
815728844,human,0.857,human,0,validation
815728845,non_human,0.985,non_human,1,validation
815728846,non_human,0.985,non_human,1,train
815728847,human,0.823,human,0,train
815728851,human,0.858,human,0,train
815728852,human,0.943,human,1,train
815728853,human,0.942,human,1,train
815728854,human,0.81,non_human,0,train
815728855,non_human,0.996,non_human,1,train
815728856,non_human,0.985,non_human,1,train
815728857,non_human,0.993,unknown,1,unknown
815728858,non_human,0.985,non_human,1,train
815728859,human,0.655,human,0,train
815728860,human,0.877,human,0,train
815728861,non_human,0.985,non_human,1,train
815728862,non_human,0.985,unknown,1,unknown
815728863,non_human,0.985,non_human,1,train
815728864,human,0.828,human,0,train
815728865,human,0.69,human,0,train
815728866,non_human,0.985,unknown,1,unknown
815728867,non_human,0.985,non_human,1,train
815728868,human,0.829,human,0,validation
815728869,human,0.911,human,1,train
815728870,non_human,0.985,non_human,1,validation
815728872,non_human,0.985,non_human,1,train
815728873,human,0.86,human,0,train
815728874,human,0.95,human,1,train
815728875,non_human,0.884,non_human,0,validation
815728876,human,0.885,human,0,train
815728877,human,0.936,human,1,train
815728878,human,0.845,human,0,validation
815728879,human,0.818,human,0,train
815728880,human,0.964,human,1,train
815728881,human,0.595,non_human,0,train
815728882,non_human,0.685,non_human,0,validation
815728883,human,0.87,human,0,train
815728884,human,0.856,human,0,test
815728885,human,0.923,human,1,train
815728886,human,0.533,unknown,0,unknown
815728887,human,0.92,unknown,1,unknown
815728888,human,0.923,human,1,train
815728889,human,0.939,human,1,train
815728890,human,0.937,human,1,test
815728891,human,0.884,human,0,test
815728892,human,0.855,human,0,train
815728896,human,0.978,human,1,test
815728897,human,0.723,non_human,0,train
815728898,human,0.772,human,0,train
815728899,human,0.934,human,1,test
815728900,non_human,0.819,non_human,0,train
815728901,non_human,0.992,non_human,1,train
815728902,non_human,0.762,non_human,0,train
815728903,human,0.814,human,0,train
815728904,non_human,0.624,non_human,0,train
815728905,human,0.885,human,0,train
815728907,human,0.921,human,1,validation
815728908,human,0.88,human,0,validation
815728909,non_human,0.54,non_human,0,train
815728911,non_human,0.985,non_human,1,train
815728912,human,0.6,non_human,0,test
815728913,non_human,0.985,non_human,1,test
815728914,human,0.924,human,1,validation
815728915,non_human,0.985,non_human,1,train
815728916,non_human,0.985,non_human,1,train
815728917,human,0.949,human,1,train
815728918,non_human,0.985,non_human,1,train
815728919,non_human,0.985,unknown,1,unknown
815728920,human,0.869,human,0,train
815728921,human,0.794,human,0,test
815728922,non_human,0.991,non_human,1,test
815728923,human,0.832,non_human,0,train
815728924,human,0.827,non_human,0,train
815728925,non_human,0.997,non_human,1,test
815728926,human,0.877,human,0,train
815728927,human,0.856,human,0,test
815728928,human,0.576,human,0,validation
815728929,non_human,0.985,non_human,1,validation
815728930,human,0.811,human,0,validation
815728931,non_human,0.94,non_human,1,train
815728932,non_human,0.985,non_human,1,train
815728933,non_human,0.985,non_human,1,train
815728934,human,0.794,unknown,0,unknown
815728935,human,0.556,unknown,0,unknown
815728936,non_human,0.985,non_human,1,train
815728937,human,0.843,human,0,train
815728938,non_human,0.985,non_human,1,test
815728939,non_human,0.985,non_human,1,test
815728940,human,0.79,non_human,0,train
815728941,human,0.954,human,1,train
815728942,non_human,0.985,non_human,1,test
815728943,non_human,0.985,non_human,1,train
815728944,non_human,0.985,non_human,1,train
815728945,non_human,0.985,non_human,1,train
815728946,human,0.984,human,1,test
815728947,human,0.686,human,0,train
815728948,human,0.968,human,1,train
815728949,non_human,0.716,non_human,0,train
815728952,human,0.795,human,0,train
815728953,human,0.558,human,0,train
815728954,human,0.503,unknown,0,unknown
815728955,human,0.95,human,1,validation
815728956,human,0.869,human,0,train
815728957,human,0.975,human,1,validation
815728958,human,0.957,human,1,validation
815728959,non_human,0.985,non_human,1,validation
815728960,human,0.696,non_human,0,validation
815728961,human,0.955,human,1,test
815728963,human,0.815,unknown,0,unknown
815728964,human,0.874,human,0,validation
815728965,human,0.781,human,0,validation
815728966,non_human,0.985,non_human,1,train
815728967,human,0.952,human,1,train
815728968,human,0.867,human,0,train
815728969,human,0.745,human,0,validation
815728970,human,0.895,human,0,test
815728971,human,0.959,human,1,train
815728973,human,0.588,human,0,train
815728974,human,0.954,human,1,validation
815728975,human,0.821,human,0,train
815728976,non_human,0.985,non_human,1,train
815728977,human,0.805,human,0,train
815728978,human,0.684,human,0,validation
815728979,non_human,0.991,non_human,1,train
815728980,non_human,0.985,unknown,1,unknown
815728981,non_human,0.997,non_human,1,train
815728982,human,0.938,human,1,test
815728983,non_human,0.985,non_human,1,train
815728984,non_human,0.985,unknown,1,unknown
815728985,non_human,0.985,non_human,1,train
815728986,non_human,0.985,non_human,1,train
815728987,non_human,0.985,non_human,1,train
815728988,non_human,0.985,non_human,1,train
815728989,non_human,0.985,unknown,1,unknown
815728990,non_human,0.985,non_human,1,train
815728991,human,0.864,human,0,train
815728992,human,0.882,human,0,train
815728993,non_human,0.985,non_human,1,train
815728994,human,0.904,human,1,train
815728995,non_human,0.985,non_human,1,validation
815728996,human,0.715,human,0,test
815728997,human,0.909,human,1,train
815728998,human,0.958,human,1,validation
815728999,non_human,0.985,non_human,1,train
815729000,human,0.896,human,0,train
815729001,human,0.732,human,0,train
815729002,human,0.957,human,1,test
815729003,human,0.854,non_human,0,test
815729004,human,0.715,human,0,train
815729005,human,0.889,human,0,validation
815729006,human,0.828,human,0,train
815729007,human,0.673,non_human,0,test
815729008,human,0.748,non_human,0,train
815729009,human,0.777,human,0,train
815729010,human,0.693,human,0,test
815729011,human,0.779,unknown,0,unknown
815729012,human,0.953,non_human,1,validation
815729014,human,0.938,human,1,train
815729015,human,0.619,human,0,train
815729016,human,0.845,human,0,train
815729017,human,0.888,human,0,train
815729018,non_human,0.985,non_human,1,train
815729019,non_human,0.985,non_human,1,train
815729020,human,0.964,human,1,train
815729021,non_human,0.526,human,0,validation
815729022,human,0.757,human,0,train
815729023,human,0.98,human,1,test
815729024,human,0.861,non_human,0,train
815729025,human,0.942,human,1,train
815729026,human,0.775,human,0,test
815729027,non_human,0.985,non_human,1,test
815729028,human,0.949,human,1,validation
815729029,human,0.955,human,1,test
815729030,human,0.863,human,0,test
815729031,human,0.929,human,1,test
815729032,non_human,0.985,non_human,1,train
815729033,human,0.996,human,1,train
815729034,non_human,0.995,non_human,1,test
815729035,human,0.804,human,0,train
815729036,human,0.946,human,1,train
815729037,non_human,0.985,non_human,1,test
815729039,human,0.657,non_human,0,test
815729040,human,0.889,human,0,train
815729041,human,0.933,human,1,test
815729042,non_human,0.985,non_human,1,train
815729043,human,0.952,unknown,1,unknown
815729044,human,0.982,human,1,train
815729045,non_human,0.607,non_human,0,train
815729046,non_human,0.985,non_human,1,train
815729047,human,0.937,human,1,test
815729048,human,0.988,human,1,test
815729049,non_human,0.985,unknown,1,unknown
815729051,human,0.634,human,0,test
815729055,non_human,0.985,non_human,1,train
815729056,human,0.816,human,0,validation
815729057,non_human,0.985,non_human,1,train
815729058,human,0.768,human,0,train
815729059,non_human,0.985,non_human,1,validation
815729060,non_human,0.985,non_human,1,test
815729061,non_human,0.985,non_human,1,validation
815729062,human,0.556,human,0,test
815729063,human,0.869,human,0,validation
815729064,human,0.762,non_human,0,train
815729065,human,0.752,human,0,train
815729066,non_human,0.985,non_human,1,train
815729067,human,0.64,human,0,test
815729068,human,0.851,human,0,train
815729069,non_human,0.985,non_human,1,validation
815729070,human,0.648,unknown,0,unknown
815729071,human,0.537,human,0,validation
815729072,human,0.714,human,0,train
815729073,human,0.94,human,1,train
815729074,human,0.856,human,0,train
815729075,non_human,0.985,human,1,train
815729076,non_human,0.985,non_human,1,train
815729077,human,0.851,non_human,0,test
815729078,non_human,0.985,non_human,1,train
815729079,non_human,0.985,non_human,1,test
815729080,human,0.976,human,1,test
815729081,non_human,0.985,non_human,1,train
815729082,non_human,0.985,non_human,1,train
815729083,human,0.938,human,1,test
815729084,human,0.887,human,0,train
815729085,non_human,0.985,non_human,1,test
815729086,non_human,0.985,non_human,1,test
815729087,non_human,0.985,non_human,1,test
815729088,non_human,0.985,non_human,1,test
815729089,non_human,0.985,non_human,1,validation
815729090,human,0.879,human,0,test
815729091,human,0.943,human,1,validation
815729092,non_human,0.81,non_human,0,train
815729093,non_human,0.824,non_human,0,train
815729094,non_human,0.996,non_human,1,validation
815729095,non_human,0.985,non_human,1,test
815729096,human,0.909,human,1,test
815729097,human,0.929,human,1,test
815729098,non_human,0.633,non_human,0,validation
815729100,non_human,0.703,non_human,0,train
815729101,human,0.818,human,0,train
815729102,human,0.851,human,0,validation
815729103,human,0.936,human,1,validation
815729104,human,0.796,human,0,test
815729105,non_human,0.639,non_human,0,train
815729106,non_human,0.991,non_human,1,train
815729108,non_human,0.802,non_human,0,train
815729109,human,0.715,human,0,test
815729110,human,0.53,human,0,validation
815729111,non_human,0.985,non_human,1,train
815729112,human,0.964,human,1,train
815729113,human,0.701,human,0,validation
815729114,non_human,0.624,non_human,0,train
815729115,non_human,0.985,non_human,1,validation
815729116,human,0.797,human,0,train
815729117,human,0.847,human,0,train
815729118,human,0.902,unknown,1,unknown
815729119,non_human,0.985,non_human,1,train
815729120,non_human,0.985,non_human,1,train
815729121,non_human,0.985,unknown,1,unknown
815729122,human,0.849,human,0,train
815729123,non_human,0.985,non_human,1,train
815729124,human,0.978,human,1,train
815729125,human,0.918,human,1,train
815729126,non_human,0.985,non_human,1,train
815729127,human,0.821,human,0,test
815729128,human,0.915,human,1,validation
815729129,human,0.71,human,0,test
815729130,human,0.902,human,1,train
815729131,non_human,0.985,non_human,1,train
815729132,non_human,0.804,non_human,0,train
815729133,non_human,0.985,non_human,1,train
815729134,non_human,0.599,non_human,0,validation
815729135,human,0.97,human,1,train
815729136,human,0.734,human,0,train
815729137,human,0.6,non_human,0,train
815729138,human,0.772,unknown,0,unknown
815729139,non_human,0.985,non_human,1,train
815729140,human,0.946,human,1,validation
815729141,non_human,0.985,unknown,1,unknown
815729142,human,0.954,non_human,1,test
815729143,human,0.949,human,1,train
815729144,human,0.857,human,0,train
815729145,human,0.584,human,0,train
815729146,non_human,0.985,non_human,1,test
815729147,non_human,0.753,non_human,0,train
815729148,human,0.992,human,1,validation
815729149,non_human,0.673,non_human,0,train
815729150,human,0.916,human,1,train
815729151,human,0.86,human,0,train
815729152,non_human,0.6,non_human,0,train
815729154,non_human,0.985,non_human,1,train
815729157,human,0.503,non_human,0,validation
815729158,human,0.828,non_human,0,validation
815729159,non_human,0.964,non_human,1,train
815729160,non_human,0.74,non_human,0,test
815729162,human,0.818,non_human,0,test
815729163,non_human,0.985,non_human,1,train
815729164,non_human,0.985,non_human,1,train
815729165,non_human,0.985,non_human,1,test
815729166,non_human,0.843,non_human,0,validation
815729167,human,0.652,non_human,0,validation
815729168,human,0.961,human,1,train
815729169,human,0.753,human,0,validation
815729170,human,0.745,human,0,validation
815729171,non_human,0.788,non_human,0,train
815729172,human,0.769,human,0,train
815729173,human,0.592,human,0,validation
815729174,human,0.912,human,1,train
815729175,human,0.955,human,1,validation
815729176,human,0.88,non_human,0,test
815729177,human,0.892,human,0,train
815729178,non_human,0.985,non_human,1,train
815729179,non_human,0.985,non_human,1,validation
815729180,human,0.825,human,0,train
815729181,human,0.981,human,1,train
815729182,human,0.897,human,0,test
815729183,human,0.947,human,1,train
815729184,human,0.979,human,1,train
815729186,human,0.866,human,0,train
815729187,human,0.813,human,0,validation
815729188,human,0.773,human,0,validation
815729189,human,0.95,human,1,test
815729190,human,0.884,human,0,test
815729191,non_human,0.985,non_human,1,test
815729192,human,0.75,human,0,validation
815729193,human,0.978,human,1,train
815729194,human,0.794,human,0,train
815729195,human,0.685,human,0,train
815729196,human,0.94,human,1,train
815729197,human,0.905,human,1,train
815729198,human,0.905,human,1,test
815729199,human,0.662,human,0,test
815729201,human,0.569,non_human,0,train
815729202,human,0.777,human,0,train
815729203,non_human,0.985,non_human,1,test
815729204,non_human,0.994,unknown,1,unknown
815729205,human,0.895,human,0,train
815729206,human,0.892,human,0,validation
815729207,human,0.857,human,0,test
815729208,non_human,0.985,non_human,1,train
815729209,non_human,0.985,non_human,1,test
815729210,non_human,0.876,non_human,0,test
815729211,human,0.766,human,0,train
815729212,human,0.92,human,1,test
815729213,non_human,0.832,non_human,0,validation
815729214,non_human,0.574,non_human,0,train
815729215,human,0.715,human,0,test
815729216,human,0.891,human,0,validation
815729217,non_human,0.985,non_human,1,train
815729218,human,0.864,human,0,test
815729219,non_human,0.619,non_human,0,test
815729220,non_human,0.991,unknown,1,unknown
815729221,non_human,0.985,unknown,1,unknown
815729222,non_human,0.985,non_human,1,test
815729223,non_human,0.985,non_human,1,train
815729224,non_human,0.985,unknown,1,unknown
815729225,human,0.847,human,0,validation
815729226,human,0.884,human,0,train
815729227,human,0.936,human,1,train
815729228,human,0.677,human,0,train
815729229,non_human,0.985,non_human,1,train
815729230,human,0.974,human,1,test
815729231,human,0.639,human,0,train
815729232,non_human,0.985,non_human,1,test
815729233,non_human,0.985,non_human,1,train
815729234,non_human,0.985,non_human,1,validation
815729235,human,0.557,human,0,validation
815729236,non_human,0.985,unknown,1,unknown
815729237,non_human,0.985,non_human,1,validation
815729238,non_human,0.985,non_human,1,train
815729239,non_human,0.985,non_human,1,train
815729240,non_human,0.985,unknown,1,unknown
815729241,human,0.962,human,1,train
815729242,human,0.923,human,1,validation
815729243,human,0.825,human,0,train
815729244,non_human,0.985,non_human,1,train
815729245,human,0.892,human,0,train
815729246,human,0.561,human,0,validation
815729247,non_human,0.985,non_human,1,validation
815729248,human,0.985,human,1,train
815729250,non_human,0.717,non_human,0,train
815729251,human,0.933,human,1,test
815729252,human,0.76,human,0,validation
815729253,human,0.674,human,0,train
815729256,human,0.927,human,1,validation
815729258,human,0.774,human,0,train
815729259,human,0.933,human,1,train
815729260,human,0.938,human,1,train
815729261,human,0.632,non_human,0,train
815729262,human,0.951,human,1,validation
815729263,human,0.944,human,1,train
815729264,non_human,0.985,non_human,1,train
815729265,human,0.803,human,0,train
815729266,human,0.811,human,0,test
815729267,human,0.777,human,0,validation
815729269,human,0.851,human,0,validation
815729270,non_human,0.985,non_human,1,train
815729271,human,0.913,human,1,train
815729273,human,0.727,non_human,0,train
815729274,non_human,0.985,non_human,1,validation
815729275,non_human,0.996,non_human,1,test
815729276,non_human,0.729,non_human,0,train
815729277,human,0.931,human,1,train
815729278,human,0.601,human,0,train
815729279,human,0.858,non_human,0,validation
815729280,human,0.956,human,1,validation
815729282,human,0.833,human,0,validation
815729283,human,0.797,unknown,0,unknown
815729284,non_human,0.662,non_human,0,train
815729285,human,0.945,human,1,test
815729286,human,0.964,human,1,test
815729288,human,0.811,human,0,train
815729289,non_human,0.772,non_human,0,train
815729290,non_human,0.807,non_human,0,train
815729291,human,0.9,human,1,train
815729292,human,0.95,human,1,train
815729293,human,0.762,non_human,0,test
815729294,human,0.95,human,1,validation
815729295,human,0.967,human,1,test
815729296,human,0.676,human,0,train
815729297,human,0.695,non_human,0,train
815729298,non_human,0.817,non_human,0,train
815729299,human,0.728,unknown,0,unknown
815729300,human,0.875,human,0,train
815729301,human,0.878,human,0,test
815729302,non_human,0.985,non_human,1,test
815729303,human,0.679,non_human,0,train
815729304,non_human,0.985,non_human,1,test
815729305,human,0.831,human,0,train
815729306,human,0.701,human,0,test
815729307,non_human,0.985,non_human,1,train
815729308,non_human,0.995,non_human,1,train
815729309,human,0.839,human,0,validation
815729310,human,0.846,non_human,0,validation
815729311,non_human,0.52,non_human,0,test
815729312,human,0.72,human,0,validation
815729313,non_human,0.985,non_human,1,train
815729314,non_human,0.561,non_human,0,validation
815729315,non_human,0.985,unknown,1,unknown
815729316,non_human,0.993,non_human,1,train
815729317,human,0.852,human,0,test
815729318,non_human,0.985,non_human,1,validation
815729319,non_human,0.985,non_human,1,train
815729320,human,0.731,human,0,validation
815729321,human,0.806,non_human,0,validation
815729322,human,0.511,non_human,0,train
815729323,human,0.919,human,1,train
815729324,human,0.797,human,0,train
815729325,human,0.984,human,1,validation
815729326,non_human,0.695,non_human,0,test
815729327,human,0.638,human,0,train
815729328,human,0.784,human,0,train
815729329,human,0.936,human,1,train
815729331,human,0.592,human,0,train
815729332,human,0.861,human,0,train
815729333,human,0.812,human,0,validation
815729334,human,0.932,human,1,test
815729335,human,0.695,human,0,validation
815729336,human,0.942,human,1,train
815729337,human,0.942,human,1,train
815729338,non_human,0.985,non_human,1,validation
815729339,human,0.523,human,0,train
815729340,human,0.829,human,0,train
815729341,human,0.965,human,1,train
815729344,human,0.876,human,0,test
815729345,human,0.963,human,1,train
815729346,human,0.777,non_human,0,train
815729347,non_human,0.985,non_human,1,test
815729348,non_human,0.985,non_human,1,train
815729349,non_human,0.985,unknown,1,unknown
815729350,non_human,0.956,non_human,1,train
815729351,human,0.675,human,0,test
815729352,non_human,0.985,non_human,1,train
815729353,human,0.846,human,0,train
815729354,human,0.691,human,0,validation
815729355,human,0.948,human,1,validation
815729356,human,0.955,human,1,train
815729357,human,0.829,human,0,train
815729359,human,0.905,human,1,train
815729360,non_human,0.94,non_human,1,test
815729361,human,0.875,human,0,test
815729362,human,0.818,human,0,train
815729363,human,0.905,human,1,test
815729364,human,0.908,human,1,train
815729365,human,0.899,human,0,train
815729366,human,0.673,human,0,train
815729367,human,0.822,human,0,validation
815729368,human,0.882,human,0,validation
815729369,human,0.932,human,1,train
815729370,human,0.976,human,1,train
815729371,human,0.759,human,0,train
815729372,human,0.969,human,1,validation
815729373,human,0.968,human,1,validation
815729374,human,0.946,human,1,train
815729375,human,0.889,human,0,train
815729376,non_human,0.601,unknown,0,unknown
815729377,non_human,0.826,non_human,0,train
815729378,non_human,0.695,non_human,0,validation
815729379,human,0.957,non_human,1,train
815729380,human,0.929,human,1,test
815729381,human,0.664,human,0,test
815729382,human,0.918,human,1,train
815729383,human,0.783,human,0,train
815729384,human,0.931,human,1,train
815729385,non_human,0.897,non_human,0,train
815729386,human,0.839,human,0,train
815729387,human,0.517,non_human,0,train
815729388,human,0.942,human,1,test
815729389,human,0.854,human,0,validation
815729390,human,0.871,human,0,validation
815729391,human,0.937,human,1,validation
815729392,human,0.957,human,1,test
815729393,human,0.874,human,0,train
815729394,non_human,0.635,non_human,0,train
815729396,human,0.858,human,0,train
815729397,human,0.959,human,1,validation
815729398,human,0.904,human,1,train
815729399,human,0.94,human,1,train
815729400,human,0.747,human,0,validation
815729401,human,0.71,non_human,0,validation
815729402,human,0.901,human,1,test
815729403,human,0.882,human,0,train
815729404,human,0.91,human,1,train
815729405,human,0.871,human,0,train
815729406,human,0.889,human,0,train
815729407,human,0.784,human,0,test
815729408,human,0.879,human,0,test
815729409,human,0.804,non_human,0,train
815729410,human,0.95,human,1,train
815729411,human,0.767,human,0,train
815729412,human,0.752,human,0,train
815729413,human,0.608,human,0,train
815729414,human,0.783,human,0,train
815729415,human,0.805,human,0,train
815729417,human,0.51,non_human,0,train
815729418,human,0.731,non_human,0,train
815729419,human,0.922,human,1,train
815729420,human,0.923,human,1,validation
815729421,human,0.829,human,0,train
815729422,human,0.817,human,0,train
815729423,human,0.846,unknown,0,unknown
815729424,non_human,0.54,non_human,0,train
815729425,human,0.872,non_human,0,test
815729426,human,0.957,human,1,validation
815729427,human,0.932,human,1,test
815729428,human,0.903,human,1,test
815729429,human,0.968,human,1,test
815729430,human,0.846,human,0,validation
815729431,human,0.923,human,1,train
815729432,human,0.911,human,1,train
815729433,human,0.813,human,0,train
815729434,human,0.98,human,1,validation
815729435,non_human,0.58,non_human,0,train
815729436,human,0.921,human,1,train
815729437,human,0.977,human,1,test
815729438,human,0.771,human,0,train
815729439,human,0.947,human,1,train
815729440,human,0.933,human,1,train
815729441,non_human,0.829,non_human,0,train
815729442,non_human,0.863,non_human,0,train
815729443,human,0.901,human,1,train
815729444,human,0.879,human,0,train
815729445,human,0.887,human,0,validation
815729446,human,0.801,human,0,train
815729447,human,0.963,human,1,validation
815729448,human,0.854,human,0,validation
815729449,human,0.816,human,0,train
815729451,human,0.857,human,0,train
815729452,human,0.507,human,0,test
815729453,non_human,0.701,non_human,0,validation
815729454,human,0.742,human,0,train
815729455,human,0.694,non_human,0,train
815729456,human,0.629,human,0,train
815729457,non_human,0.711,non_human,0,train
815729458,human,0.529,non_human,0,train
815729460,human,0.874,unknown,0,unknown
815729461,human,0.826,unknown,0,unknown
815729462,human,0.576,non_human,0,train
815729463,human,0.911,human,1,train
815729465,human,0.82,unknown,0,unknown
815729466,human,0.896,human,0,train
815729467,non_human,0.903,non_human,1,train
815729468,human,0.972,human,1,train
815729469,human,0.532,human,0,train
815729470,human,0.934,human,1,validation
815729471,non_human,0.574,non_human,0,test
815729472,human,0.676,human,0,test
815729473,human,0.879,human,0,train
815729474,non_human,0.607,non_human,0,train
815729475,human,0.96,human,1,train
815729476,non_human,0.812,non_human,0,train
815729477,non_human,0.948,non_human,1,test
815729478,human,0.974,unknown,1,unknown
815729479,human,0.977,unknown,1,unknown
815729480,human,0.868,non_human,0,train
815729481,human,0.974,human,1,test
815729482,human,0.729,human,0,train
815729483,human,0.784,human,0,validation
815729484,human,0.96,human,1,test
815729485,human,0.684,non_human,0,train
815729486,non_human,0.798,non_human,0,test
815729487,non_human,0.731,non_human,0,validation
815729488,human,0.571,non_human,0,validation
815729489,human,0.952,human,1,train
815729490,human,0.903,human,1,train
815729491,human,0.852,human,0,train
815729492,human,0.918,human,1,train
815729493,human,0.934,human,1,train
815729494,non_human,0.681,non_human,0,train
815729495,non_human,0.735,non_human,0,train
815729496,non_human,0.69,non_human,0,train
815729497,non_human,0.823,non_human,0,validation
815729498,human,0.88,human,0,train
815729499,human,0.93,human,1,train
815729500,non_human,0.546,non_human,0,validation
815729501,human,0.95,unknown,1,unknown
815729502,human,0.679,human,0,train
815729503,non_human,0.808,non_human,0,train
815729505,non_human,0.642,non_human,0,validation
815729506,human,0.505,human,0,train
815729507,non_human,0.52,non_human,0,train
815729508,human,0.609,non_human,0,test
815729509,human,0.58,non_human,0,validation
815729510,human,0.747,human,0,test
815729511,human,0.804,human,0,validation
815729512,human,0.898,human,0,train
815729513,human,0.574,human,0,test
815729514,non_human,0.751,non_human,0,test
815729515,human,0.749,human,0,train
815729516,human,0.958,human,1,train
815729517,human,0.877,human,0,train
815729518,human,0.563,non_human,0,test
815729519,human,0.791,unknown,0,unknown
815729520,human,0.788,human,0,train
815729521,human,0.854,human,0,test
815729522,non_human,0.556,human,0,train
815729524,human,0.981,human,1,train
815729525,human,0.775,human,0,train
815729526,human,0.98,unknown,1,unknown
815729527,human,0.877,human,0,test
815729528,human,0.953,human,1,train
815729529,human,0.848,human,0,train
815729530,human,0.905,human,1,train
815729531,human,0.875,human,0,train
815729532,human,0.956,human,1,train
815729533,human,0.828,human,0,train
815729534,non_human,0.63,non_human,0,test
815729535,human,0.646,non_human,0,validation
815729536,human,0.776,human,0,train
815729537,human,0.745,human,0,train
815729538,non_human,0.752,non_human,0,train
815729539,human,0.86,human,0,train
815729540,non_human,0.579,non_human,0,train
815729541,non_human,0.792,non_human,0,train
815729542,human,0.561,human,0,test
815729543,human,0.919,human,1,validation
815729544,human,0.844,human,0,train
815729545,human,0.881,non_human,0,validation
815729546,human,0.836,human,0,validation
815729547,human,0.907,human,1,train
815729548,human,0.972,human,1,train
815729549,human,0.928,human,1,train
815729550,non_human,0.569,non_human,0,train
815729551,human,0.538,human,0,test
815729552,human,0.909,human,1,train
815729553,human,0.764,human,0,validation
815729554,human,0.968,human,1,test
815729556,human,0.532,non_human,0,test
815729557,human,0.87,human,0,train
815729558,non_human,0.964,non_human,1,train
815729559,human,0.815,human,0,train
815729562,human,0.835,human,0,train
815729563,human,0.65,non_human,0,train
815729564,human,0.873,human,0,train
815729565,human,0.984,human,1,validation
815729566,non_human,0.634,human,0,test
815729567,human,0.896,human,0,train
815729568,non_human,0.823,non_human,0,validation
815729569,human,0.995,human,1,test
815729570,human,0.886,human,0,train
815729571,human,0.88,human,0,train
815729572,human,0.605,non_human,0,train
815729573,human,0.965,human,1,train
815729574,human,0.873,human,0,train
815729575,human,0.942,human,1,train
815729576,non_human,0.867,non_human,0,validation
815729577,non_human,0.921,non_human,1,train
815729578,non_human,0.718,non_human,0,test
815729579,human,0.598,human,0,train
815729580,human,0.671,non_human,0,train
815729581,human,0.75,human,0,train
815729582,human,0.972,human,1,test
815729583,human,0.882,human,0,test
815729584,human,0.957,human,1,validation
815729585,human,0.973,human,1,test
815729586,human,0.674,human,0,train
815729587,human,0.982,human,1,train
815729588,human,0.695,non_human,0,train
815729589,human,0.973,unknown,1,unknown
815729590,human,0.977,human,1,train
815729591,human,0.939,human,1,test
815729592,human,0.969,human,1,train
815729593,human,0.955,human,1,train
815729594,human,0.874,human,0,train
815729595,human,0.782,human,0,test
815729596,human,0.819,non_human,0,test
815729597,human,0.973,non_human,1,train
815729598,human,0.95,human,1,train
815729599,non_human,0.632,non_human,0,test
815729600,human,0.926,human,1,train
815729601,human,0.967,human,1,validation
815729602,human,0.96,human,1,test
815729604,non_human,0.883,non_human,0,validation
815729605,human,0.762,human,0,test
815729606,human,0.823,human,0,train
815729607,human,0.852,unknown,0,unknown
815729609,human,0.895,human,0,test
815729610,human,0.738,human,0,train
815729611,human,0.731,human,0,train
815729612,human,0.952,human,1,train
815729613,human,0.973,human,1,train
815729615,human,0.731,human,0,test
815729616,human,0.961,human,1,train
815729617,human,0.928,human,1,validation
815729618,human,0.853,human,0,train
815729619,human,0.903,human,1,train
815729620,human,0.898,human,0,validation
815729621,non_human,0.789,non_human,0,validation
815729622,human,0.894,human,0,train
815729623,human,0.9,human,1,train
815729624,human,0.871,human,0,test
815729625,non_human,0.527,non_human,0,test
815729626,non_human,0.704,non_human,0,validation
815729628,human,0.531,human,0,validation
815729629,human,0.925,human,1,validation
815729630,human,0.899,human,0,train
815729631,non_human,0.582,non_human,0,train
815729632,human,0.597,human,0,test
815729633,human,0.901,non_human,1,train
815729634,human,0.771,human,0,test
815729635,human,0.734,human,0,train
815729636,non_human,0.533,non_human,0,train
815729637,non_human,0.722,non_human,0,train
815729638,human,0.816,human,0,train
815729639,human,0.845,human,0,train
815729640,human,0.979,human,1,test
815729641,human,0.838,human,0,test
815729642,human,0.93,human,1,validation
815729643,human,0.943,human,1,train
815729644,human,0.864,human,0,train
815729645,human,0.973,human,1,train
815729646,human,0.857,human,0,train
815729647,human,0.552,non_human,0,validation
815729648,non_human,0.797,non_human,0,train
815729649,human,0.846,human,0,train
815729650,human,0.563,non_human,0,train
815729651,human,0.9,human,1,validation
815729653,human,0.776,non_human,0,train
815729654,human,0.91,human,1,test
815729656,human,0.799,human,0,train
815729657,human,0.876,human,0,train
815729658,human,0.901,human,1,train
815729659,human,0.934,human,1,validation
815729661,human,0.891,human,0,test
815729662,human,0.783,human,0,test
815729663,human,0.834,human,0,test
815729664,human,0.573,non_human,0,validation
815729665,human,0.842,human,0,validation
815729666,human,0.686,human,0,train
815729668,human,0.642,unknown,0,unknown
815729669,human,0.727,human,0,train
815729670,human,0.642,non_human,0,validation
815729671,human,0.749,human,0,train
815729672,human,0.555,non_human,0,validation
815729673,human,0.698,human,0,train
815729674,human,0.665,non_human,0,validation
815729675,human,0.913,human,1,train
815729676,human,0.922,human,1,train
815729677,human,0.945,human,1,train
815729678,non_human,0.821,non_human,0,train
815729679,non_human,0.601,human,0,train
815729680,non_human,0.888,non_human,0,train
815729681,non_human,0.827,non_human,0,train
815729683,human,0.961,non_human,1,train
815729684,human,0.628,non_human,0,test
815729685,human,0.957,human,1,train
815729686,human,0.953,human,1,train
815729687,human,0.89,human,0,train
815729688,human,0.934,human,1,test
815729689,human,0.969,unknown,1,unknown
815729690,non_human,0.77,non_human,0,train
815729691,human,0.613,non_human,0,train
815729692,human,0.908,human,1,test
815729693,human,0.893,human,0,test
815729694,human,0.979,human,1,validation
815729695,human,0.732,human,0,train
815729696,human,0.863,human,0,train
815729698,human,0.512,non_human,0,validation
815729699,human,0.939,human,1,train
815729700,non_human,0.555,non_human,0,test
815729701,human,0.917,non_human,1,validation
815729702,human,0.754,human,0,validation
815729703,human,0.948,human,1,train
815729704,human,0.83,human,0,train
815729705,human,0.882,human,0,train
815729706,human,0.807,human,0,train
815729707,human,0.795,human,0,train
815729708,human,0.914,human,1,train
815729709,human,0.751,non_human,0,train
815729710,human,0.913,human,1,test
815729711,human,0.728,human,0,train
815729712,human,0.964,human,1,validation
815729713,human,0.574,human,0,validation
815729714,human,0.973,human,1,train
815729715,human,0.864,human,0,train
815729716,human,0.529,non_human,0,train
815729717,human,0.837,human,0,test
815729718,non_human,0.688,non_human,0,train
815729719,human,0.915,human,1,train
815729720,human,0.772,human,0,train
815729721,human,0.913,human,1,train
815729722,non_human,0.957,non_human,1,validation
815729723,non_human,0.61,non_human,0,validation
815729724,human,0.812,non_human,0,validation
815729725,human,0.887,human,0,train
815729726,human,0.965,human,1,train
815729727,human,0.731,non_human,0,train
815729728,human,0.9,human,1,test
815729729,human,0.784,human,0,train
815729730,human,0.936,human,1,train
815729731,human,0.891,human,0,train
815729732,human,0.809,non_human,0,train
815729733,human,0.827,human,0,train
815729734,human,0.951,human,1,validation
815729735,human,0.758,human,0,test
815729736,human,0.76,non_human,0,test
815729737,human,0.889,human,0,test
815729738,human,0.915,human,1,train
815729739,human,0.774,human,0,test
815729740,non_human,0.531,human,0,train
815729741,human,0.865,human,0,train
815729742,human,0.755,human,0,train
815729743,human,0.806,human,0,test
815729744,human,0.923,human,1,train
815729745,human,0.807,human,0,train
815729746,human,0.821,human,0,validation
815729747,human,0.879,human,0,test
815729749,human,0.76,human,0,train
815729750,human,0.846,non_human,0,validation
815729751,human,0.777,human,0,test
815729752,human,0.911,human,1,train
815729753,human,0.988,human,1,train
815729754,human,0.856,human,0,train
815729755,human,0.88,human,0,train
815729756,human,0.952,human,1,train
815729757,non_human,0.762,non_human,0,train
815729758,human,0.908,human,1,train
815729759,human,0.957,human,1,validation
815729760,human,0.905,human,1,train
815729761,non_human,0.514,human,0,train
815729764,human,0.9,human,1,test
815729765,human,0.84,human,0,train
815729766,human,0.934,human,1,test
815729767,human,0.723,human,0,train
815729768,human,0.695,non_human,0,validation
815729769,human,0.897,human,0,train
815729770,human,0.88,non_human,0,train
815729771,non_human,0.946,non_human,1,train
815729772,human,0.962,human,1,train
815729773,human,0.751,human,0,train
815729774,human,0.722,human,0,test
815729775,human,0.784,human,0,train
815729776,human,0.953,non_human,1,validation
815729777,non_human,0.562,unknown,0,unknown
815729778,human,0.909,human,1,validation
815729779,human,0.913,human,1,validation
815729780,human,0.954,non_human,1,validation
815729781,human,0.778,human,0,train
815729782,human,0.826,human,0,train
815729784,human,0.659,human,0,test
815729785,human,0.543,human,0,train
815729786,non_human,0.537,non_human,0,train
815729787,non_human,0.699,non_human,0,train
815729788,non_human,0.725,non_human,0,train
815729789,human,0.958,human,1,test
815729790,non_human,0.863,non_human,0,train
815729791,human,0.808,human,0,train
815729792,non_human,0.733,non_human,0,train
815729793,non_human,0.816,non_human,0,train
815729794,human,0.905,human,1,validation
815729795,human,0.941,human,1,train
815729797,non_human,0.925,non_human,1,train
815729798,human,0.933,human,1,train
815729799,non_human,0.942,non_human,1,test
815729800,human,0.541,non_human,0,train
815729801,non_human,0.65,non_human,0,test
815729802,human,0.91,human,1,test
815729804,human,0.867,human,0,test
815729806,human,0.769,human,0,test
815729807,human,0.826,human,0,train
815729808,human,0.587,human,0,test
815729809,non_human,0.901,non_human,1,train
815729810,non_human,0.94,non_human,1,train
815729811,non_human,0.93,non_human,1,train
815729813,human,0.756,non_human,0,validation
815729814,human,0.752,human,0,validation
815729815,human,0.846,human,0,train
815729816,human,0.893,human,0,validation
815729817,non_human,0.939,non_human,1,train
815729818,human,0.969,human,1,train
815729819,human,0.834,human,0,test
815729820,human,0.68,unknown,0,unknown
815729821,human,0.941,human,1,train
815729822,human,0.849,human,0,train
815729823,human,0.791,human,0,train
815729824,human,0.848,human,0,train
815729825,human,0.848,human,0,train
815729826,human,0.684,non_human,0,train
815729827,human,0.99,unknown,1,unknown
815729828,human,0.921,human,1,validation
815729829,human,0.798,human,0,validation
815729830,human,0.932,human,1,train
815729831,human,0.866,human,0,train
815729832,human,0.95,human,1,train
815729833,human,0.955,human,1,train
815729834,human,0.979,human,1,train
815729835,human,0.935,human,1,train
815729836,human,0.944,human,1,train
815729837,human,0.926,human,1,train
815729838,human,0.691,human,0,train
815729839,human,0.909,unknown,1,unknown
815729840,human,0.85,non_human,0,test
815729841,human,0.722,human,0,train
815729842,non_human,0.563,non_human,0,train
815729843,human,0.943,unknown,1,unknown
815729844,non_human,0.778,non_human,0,test
815729845,human,0.93,human,1,train
815729846,human,0.513,non_human,0,train
815729847,human,0.858,human,0,validation
815729848,human,0.876,human,0,train
815729849,human,0.735,human,0,validation
815729850,human,0.897,human,0,test
815729851,non_human,0.779,non_human,0,validation
815729852,human,0.73,non_human,0,validation
815729853,non_human,0.659,non_human,0,train
815729854,human,0.884,human,0,train
815729855,non_human,0.641,human,0,train
815729856,human,0.615,non_human,0,test
815729859,human,0.767,non_human,0,train
815729860,human,0.812,human,0,train
815729861,human,0.891,human,0,test
815729862,human,0.905,human,1,train
815729863,human,0.874,human,0,train
815729867,human,0.882,human,0,train
815729869,non_human,0.607,non_human,0,train
815729870,human,0.838,human,0,validation
815729871,human,0.889,human,0,train
815729872,human,0.893,human,0,train
815729873,human,0.945,human,1,test
815729874,human,0.59,non_human,0,train
815729875,human,0.661,non_human,0,test
815729876,non_human,0.8,non_human,0,train
815729877,human,0.932,human,1,train
815729878,human,0.789,human,0,train
815729879,human,0.939,human,1,train
815729880,human,0.776,human,0,validation
815729881,human,0.813,human,0,train
815729882,human,0.782,human,0,train
815729883,non_human,0.691,non_human,0,train
815729884,human,0.949,human,1,train
815729885,non_human,0.791,non_human,0,train
815729886,human,0.706,human,0,train
815729887,human,0.892,unknown,0,unknown
815729888,human,0.714,human,0,test
815729890,human,0.846,human,0,train
815729891,human,0.901,human,1,test
815729892,human,0.904,human,1,test
815729893,human,0.859,human,0,test
815729894,human,0.854,human,0,train
815729895,human,0.94,human,1,train
815729896,human,0.968,human,1,train
815729897,non_human,0.69,non_human,0,train
815729898,human,0.878,human,0,train
815729899,human,0.939,human,1,train
815729900,human,0.588,non_human,0,train
815729901,human,0.865,human,0,test
815729902,human,0.738,unknown,0,unknown
815729903,human,0.912,human,1,train
815729904,human,0.989,human,1,train
815729905,human,0.769,human,0,test
815729906,human,0.986,human,1,train
815729907,human,0.62,non_human,0,train
815729908,human,0.974,human,1,train
815729909,human,0.737,human,0,train
815729910,human,0.934,human,1,test
815729911,human,0.794,non_human,0,train
815729912,human,0.966,human,1,test
815729913,human,0.518,non_human,0,test
815729914,human,0.87,human,0,test
815729915,human,0.948,human,1,test
815729916,non_human,0.693,non_human,0,train
815729917,human,0.752,human,0,train
815729919,non_human,0.898,non_human,0,train
815729920,non_human,0.86,non_human,0,validation
815729921,human,0.911,human,1,validation
815729922,human,0.97,human,1,train
815729923,human,0.896,human,0,validation
815729924,non_human,0.505,human,0,train
815729925,human,0.871,human,0,train
815729926,human,0.796,human,0,validation
815729928,human,0.877,human,0,train
815729929,human,0.583,human,0,test
815729930,human,0.91,human,1,validation
815729932,human,0.944,human,1,train
815729933,human,0.961,human,1,train
815729934,non_human,0.566,non_human,0,test
815729935,human,0.897,unknown,0,unknown
815729936,human,0.855,human,0,validation
815729937,human,0.747,human,0,train
815729938,human,0.755,human,0,train
815729939,non_human,0.764,non_human,0,train
815729941,non_human,0.545,non_human,0,train
815729942,human,0.823,human,0,train
815729943,human,0.834,human,0,test
815729944,human,0.851,non_human,0,train
815729945,human,0.837,human,0,train
815729946,human,0.807,human,0,validation
815729947,human,0.98,human,1,train
815729948,human,0.796,human,0,train
815729949,non_human,0.767,non_human,0,test
815729950,human,0.874,human,0,train
815729951,human,0.968,human,1,validation
815729952,human,0.869,human,0,train
815729953,human,0.947,human,1,train
815729954,human,0.654,human,0,train
815729955,non_human,0.593,non_human,0,train
815729957,human,0.939,human,1,train
815729958,human,0.679,human,0,train
815729959,human,0.795,human,0,train
815729960,human,0.966,human,1,test
815729961,non_human,0.708,non_human,0,train
815729962,human,0.969,human,1,train
815729963,human,0.783,human,0,train
815729964,human,0.869,human,0,test
815729965,human,0.812,non_human,0,train
815729966,human,0.904,human,1,train
815729967,human,0.932,human,1,train
815729968,human,0.948,human,1,train
815729969,human,0.736,human,0,train
815729970,human,0.985,human,1,validation
815729971,human,0.92,human,1,train
815729973,human,0.825,human,0,train
815729974,human,0.63,human,0,test
815729975,human,0.86,human,0,train
815729976,human,0.95,human,1,train
815729977,human,0.93,human,1,test
815729978,non_human,0.539,non_human,0,train
815729979,human,0.946,human,1,train
815729980,human,0.863,human,0,train
815729981,human,0.774,non_human,0,train
815729982,human,0.521,human,0,validation
815729983,human,0.646,human,0,validation
815729984,human,0.855,human,0,train
815729985,human,0.959,human,1,train
815729986,human,0.838,human,0,train
815729987,human,0.939,human,1,train
815729988,human,0.661,non_human,0,validation
815729989,human,0.986,human,1,train
815729990,human,0.883,human,0,validation
815729991,human,0.896,human,0,test
815729992,non_human,0.671,non_human,0,test
815729993,non_human,0.898,unknown,0,unknown
815729994,human,0.896,unknown,0,unknown
815729997,human,0.748,human,0,train
815729998,human,0.875,human,0,train
815729999,human,0.731,human,0,test
815730000,human,0.809,non_human,0,train
815730001,human,0.99,human,1,train
815730002,human,0.738,human,0,test
815730003,human,0.948,human,1,validation
815730004,human,0.908,human,1,validation
815730005,human,0.869,human,0,train
815730006,non_human,0.967,non_human,1,train
815730007,human,0.588,human,0,validation
815730008,human,0.939,human,1,train
815730009,human,0.826,human,0,test
815730010,non_human,0.522,human,0,validation
815730011,non_human,0.513,non_human,0,validation
815730012,human,0.929,human,1,train
815730013,human,0.687,human,0,train
815730014,human,0.865,human,0,test
815730015,non_human,0.977,non_human,1,train
815730016,human,0.891,human,0,train
815730017,human,0.852,human,0,train
815730018,human,0.967,human,1,train
815730019,non_human,0.557,non_human,0,train
815730020,human,0.881,human,0,train
815730021,human,0.844,non_human,0,train
815730022,human,0.707,human,0,test
815730023,human,0.932,human,1,test
815730024,human,0.629,human,0,train
815730025,human,0.958,human,1,test
815730026,human,0.948,human,1,train
815730028,human,0.912,human,1,validation
815730029,human,0.786,unknown,0,unknown
815730030,human,0.904,human,1,train
815730031,human,0.578,non_human,0,train
815730032,human,0.954,human,1,validation
815730033,human,0.956,human,1,train
815730035,human,0.726,human,0,test
815730036,human,0.938,human,1,train
815730037,human,0.881,human,0,train
815730038,human,0.938,human,1,train
815730039,non_human,0.705,non_human,0,test
815730040,human,0.894,human,0,train
815730041,human,0.604,human,0,train
815730042,human,0.903,human,1,validation
815730043,human,0.909,human,1,test
815730044,human,0.947,human,1,validation
815730045,human,0.574,non_human,0,validation
815730046,human,0.99,human,1,train
815730047,human,0.922,human,1,train
815730048,human,0.724,human,0,train
815730049,human,0.914,human,1,train
815730050,human,0.897,human,0,train
815730051,human,0.985,human,1,test
815730052,human,0.862,human,0,validation
815730053,human,0.779,human,0,test
815730054,human,0.844,unknown,0,unknown
815730055,human,0.517,human,0,test
815730056,human,0.963,human,1,train
815730057,human,0.939,unknown,1,unknown
815730058,human,0.823,human,0,validation
815730060,human,0.89,human,0,train
815730061,human,0.774,unknown,0,unknown
815730062,non_human,0.862,non_human,0,train
815730064,non_human,0.522,non_human,0,test
815730065,human,0.912,human,1,train
815730066,human,0.925,human,1,test
815730067,non_human,0.939,non_human,1,train
815730069,human,0.912,human,1,train
815730070,human,0.778,non_human,0,test
815730071,human,0.92,human,1,train
815730072,human,0.804,human,0,train
815730074,human,0.764,human,0,train
815730075,human,0.949,human,1,train
815730076,human,0.907,human,1,train
815730077,human,0.778,human,0,train
815730078,human,0.996,human,1,train
815730079,human,0.905,human,1,train
815730080,human,0.817,human,0,validation
815730081,non_human,0.898,non_human,0,train
815730082,human,0.893,human,0,validation
815730083,human,0.885,human,0,validation
815730084,non_human,0.779,non_human,0,validation
815730085,human,0.663,human,0,test
815730086,human,0.546,non_human,0,train
815730087,human,0.984,human,1,train
815730088,human,0.815,non_human,0,validation
815730089,human,0.896,human,0,train
815730091,non_human,0.787,non_human,0,train
815730092,human,0.892,human,0,validation
815730093,human,0.836,human,0,train
815730094,human,0.641,human,0,train
815730095,human,0.898,human,0,train
815730096,human,0.994,human,1,train
815730097,human,0.699,human,0,validation
815730098,non_human,0.955,non_human,1,train
815730099,non_human,0.757,non_human,0,test
815730100,human,0.848,human,0,train
815730101,human,0.987,human,1,train
815730102,human,0.703,human,0,train
815730103,human,0.955,human,1,validation
815730104,human,0.893,human,0,train
815730105,human,0.922,human,1,test
815730106,human,0.761,human,0,train
815730107,human,0.956,human,1,train
815730108,human,0.659,non_human,0,train
815730109,human,0.874,non_human,0,train
815730110,human,0.766,human,0,test
815730111,human,0.792,human,0,test
815730112,human,0.949,human,1,train
815730113,human,0.824,human,0,train
815730114,non_human,0.916,non_human,1,test
815730115,human,0.914,human,1,train
815730116,human,0.868,non_human,0,train
815730117,human,0.968,human,1,train
815730118,non_human,0.931,non_human,1,train
815730120,human,0.752,human,0,train
815730121,human,0.65,human,0,test
815730122,human,0.985,human,1,test
815730123,human,0.816,unknown,0,unknown
815730124,human,0.986,human,1,test
815730125,non_human,0.917,non_human,1,validation
815730126,human,0.647,non_human,0,test
815730127,human,0.994,human,1,train
815730128,human,0.848,unknown,0,unknown
815730129,human,0.931,human,1,train
815730130,non_human,0.536,non_human,0,train
815730131,human,0.799,human,0,test
815730132,human,0.942,human,1,validation
815730133,human,0.891,human,0,test
815730134,human,0.919,human,1,test
815730135,human,0.876,human,0,validation
815730136,human,0.669,human,0,train
815730138,human,0.967,unknown,1,unknown
815730139,human,0.898,human,0,train
815730141,human,0.902,unknown,1,unknown
815730142,human,0.893,non_human,0,validation
815730143,human,0.673,human,0,validation
815730145,human,0.935,human,1,train
815730146,non_human,0.591,non_human,0,validation
815730148,human,0.905,human,1,test
815730149,human,0.805,human,0,train
815730150,human,0.713,human,0,train
815730151,human,0.805,human,0,test
815730152,human,0.955,unknown,1,unknown
815730153,non_human,0.898,human,0,train
815730154,human,0.91,human,1,train
815730155,human,0.828,human,0,train
815730156,human,0.707,human,0,validation
815730157,human,0.785,human,0,train
815730158,human,0.979,human,1,train
815730159,human,0.628,non_human,0,train
815730160,human,0.923,human,1,validation
815730161,human,0.966,human,1,validation
815730163,human,0.954,human,1,test
815730164,human,0.936,human,1,test
815730165,human,0.615,human,0,test
815730166,human,0.765,non_human,0,validation
815730167,human,0.977,non_human,1,validation
815730168,human,0.911,human,1,validation
815730172,human,0.833,human,0,test
815730174,human,0.908,non_human,1,test
815730175,human,0.923,human,1,train
815730176,human,0.873,human,0,train
815730177,non_human,0.769,non_human,0,validation
815730178,human,0.835,human,0,train
815730179,non_human,0.95,non_human,1,train
815730180,human,0.532,non_human,0,train
815730181,human,0.658,human,0,train
815730182,human,0.869,human,0,validation
815730184,human,0.986,human,1,test
815730185,human,0.927,human,1,train
815730186,human,0.909,human,1,validation
815730187,non_human,0.774,non_human,0,train
815730188,non_human,0.679,non_human,0,train
815730189,human,0.912,human,1,test
815730190,non_human,0.833,unknown,0,unknown
815730191,human,0.919,human,1,test
815730194,human,0.681,human,0,train
815730195,human,0.936,human,1,train
815730196,human,0.787,human,0,train
815730197,human,0.707,non_human,0,train
815730199,human,0.709,human,0,train
815730200,human,0.762,human,0,train
815730201,non_human,0.602,human,0,train
815730202,human,0.92,human,1,test
815730203,human,0.976,human,1,validation
815730204,human,0.873,human,0,train
815730205,human,0.955,human,1,test
815730206,human,0.634,human,0,train
815730207,human,0.58,non_human,0,train
815730208,non_human,0.771,non_human,0,train
815730209,human,0.871,human,0,train
815730210,human,0.913,human,1,test
815730211,human,0.903,human,1,train
815730212,human,0.977,human,1,train
815730214,human,0.868,human,0,test
815730215,human,0.945,human,1,train
815730216,human,0.949,human,1,test
815730217,human,0.763,human,0,train
815730218,human,0.921,human,1,validation
815730219,non_human,0.733,non_human,0,test
815730220,human,0.927,human,1,train
815730221,non_human,0.837,non_human,0,validation
815730222,human,0.83,human,0,train
815730223,non_human,0.698,non_human,0,train
815730224,non_human,0.947,non_human,1,test
815730226,human,0.91,human,1,validation
815730228,human,0.811,human,0,test
815730229,non_human,0.715,non_human,0,validation
815730230,human,0.93,human,1,train
815730231,non_human,0.896,non_human,0,test
815730232,non_human,0.898,non_human,0,test
815730233,human,0.915,human,1,train
815730234,non_human,0.792,non_human,0,validation
815730235,human,0.829,human,0,validation
815730236,human,0.744,non_human,0,test
815730237,human,0.975,human,1,test
815730238,human,0.923,human,1,validation
815730239,human,0.507,non_human,0,train
815730240,human,0.804,human,0,validation
815730242,human,0.876,human,0,validation
815730243,human,0.864,human,0,train
815730244,human,0.687,human,0,train
815730245,human,0.693,unknown,0,unknown
815730246,human,0.595,non_human,0,train
815730247,human,0.832,human,0,validation
815730248,human,0.574,human,0,validation
815730249,non_human,0.729,non_human,0,train
815730251,human,0.943,human,1,train
815730252,human,0.925,human,1,train
815730254,human,0.941,human,1,train
815730255,human,0.949,human,1,train
815730256,human,0.788,human,0,train
815730257,human,0.987,human,1,train
815730258,non_human,0.828,non_human,0,train
815730259,human,0.792,human,0,train
815730260,human,0.746,human,0,train
815730261,non_human,0.645,non_human,0,train
815730262,human,0.625,non_human,0,train
815730263,non_human,0.783,non_human,0,train
815730264,human,0.715,non_human,0,test
815730265,human,0.657,human,0,validation
815730266,human,0.894,human,0,validation
815730267,human,0.887,human,0,validation
815730268,human,0.67,human,0,train
815730269,non_human,0.634,non_human,0,train
815730270,human,0.934,human,1,train
815730271,human,0.962,unknown,1,unknown
815730275,non_human,0.528,non_human,0,validation
815730276,human,0.877,human,0,validation
815730277,human,0.981,human,1,validation
815730278,human,0.976,human,1,train
815730279,human,0.968,human,1,train
815730280,human,0.798,human,0,train
815730281,human,0.707,human,0,train
815730282,human,0.97,human,1,validation
815730283,human,0.873,human,0,validation
815730284,non_human,0.601,non_human,0,train
815730285,human,0.704,human,0,train
815730286,human,0.637,human,0,test
815730287,human,0.857,human,0,train
815730288,human,0.932,human,1,train
815730289,human,0.732,non_human,0,train
815730290,human,0.915,human,1,train
815730291,human,0.884,human,0,train
815730292,non_human,0.913,non_human,1,train
815730293,human,0.859,human,0,train
815730294,human,0.928,human,1,test
815730295,human,0.763,human,0,train
815730296,human,0.578,human,0,validation
815730297,human,0.939,human,1,train
815730298,human,0.719,human,0,train
815730299,human,0.511,non_human,0,validation
815730300,human,0.772,human,0,train
815730301,human,0.63,human,0,train
815730302,human,0.875,unknown,0,unknown
815730304,non_human,0.787,non_human,0,train
815730305,human,0.624,human,0,test
815730306,human,0.678,non_human,0,train
815730307,human,0.904,human,1,train
815730308,human,0.954,human,1,train
815730309,human,0.893,non_human,0,validation
815730310,human,0.897,human,0,train
815730311,human,0.718,human,0,train
815730312,human,0.611,non_human,0,test
815730313,human,0.852,unknown,0,unknown
815730314,human,0.961,human,1,train
815730315,human,0.873,human,0,validation
815730316,human,0.845,human,0,validation
815730317,human,0.93,unknown,1,unknown
815730318,human,0.951,human,1,validation
815730319,non_human,0.826,non_human,0,test
815730320,human,0.73,human,0,train
815730321,human,0.907,unknown,1,unknown
815730322,human,0.838,non_human,0,train
815730323,human,0.698,unknown,0,unknown
815730324,human,0.778,human,0,test
815730325,human,0.525,non_human,0,test
815730326,human,0.707,human,0,validation
815730327,human,0.946,human,1,train
815730329,non_human,0.898,non_human,0,train
815730330,human,0.977,human,1,test
815730331,human,0.959,unknown,1,unknown
815730332,human,0.84,human,0,validation
815730333,human,0.943,human,1,train
815730334,human,0.833,human,0,train
815730335,human,0.916,human,1,test
815730336,human,0.679,human,0,validation
815730337,human,0.836,human,0,validation
815730338,human,0.9,human,1,validation
815730339,human,0.851,non_human,0,train
815730340,non_human,0.863,non_human,0,test
815730341,human,0.98,human,1,train
815730342,human,0.795,human,0,validation
815730343,human,0.82,unknown,0,unknown
815730344,human,0.89,human,0,train
815730345,human,0.861,human,0,validation
815730346,human,0.837,unknown,0,unknown
815730347,human,0.808,unknown,0,unknown
815730348,human,0.861,human,0,train
815730349,human,0.718,non_human,0,train
815730350,non_human,0.676,non_human,0,test
815730353,human,0.781,human,0,train
815730355,human,0.929,human,1,train
815730356,human,0.842,human,0,train
815730357,human,0.892,human,0,test
815730358,human,0.862,human,0,train
815730359,non_human,0.537,non_human,0,train
815730360,human,0.965,human,1,train
815730361,human,0.921,human,1,train
815730362,human,0.874,human,0,validation
815730363,human,0.712,human,0,train
815730364,human,0.678,human,0,train
815730365,human,0.967,unknown,1,unknown
815730366,non_human,0.831,non_human,0,train
815730367,human,0.922,human,1,test
815730368,human,0.933,human,1,train
815730369,human,0.84,human,0,train
815730370,human,0.742,human,0,train
815730371,human,0.629,human,0,train
815730372,human,0.841,human,0,train
815730373,human,0.757,human,0,train
815730374,human,0.798,human,0,train
815730377,human,0.887,human,0,train
815730378,human,0.728,human,0,train
815730379,human,0.88,human,0,train
815730380,human,0.598,human,0,train
815730381,human,0.895,human,0,validation
815730382,human,0.861,human,0,train
815730383,human,0.976,human,1,test
815730384,human,0.809,human,0,test
815730385,human,0.893,human,0,test
815730387,human,0.961,human,1,train
815730388,human,0.895,human,0,train
815730389,human,0.928,human,1,test
815730390,human,0.805,human,0,train
815730391,non_human,0.756,non_human,0,train
815730392,human,0.943,non_human,1,validation
815730393,human,0.723,human,0,test
815730394,human,0.725,human,0,validation
815730395,human,0.816,human,0,validation
815730397,human,0.845,human,0,train
815730398,human,0.831,human,0,test
815730399,human,0.707,human,0,test
815730400,human,0.976,human,1,train
815730401,human,0.986,human,1,test
815730402,human,0.917,human,1,test
815730403,human,0.768,human,0,validation
815730404,human,0.584,non_human,0,train
815730406,human,0.783,unknown,0,unknown
815730407,human,0.952,human,1,test
815730408,human,0.936,unknown,1,unknown
815730409,human,0.942,human,1,validation
815730410,human,0.839,human,0,train
815730411,non_human,0.529,non_human,0,validation
815730412,human,0.962,human,1,train
815730413,human,0.83,human,0,train
815730414,human,0.845,human,0,train
815730415,non_human,0.764,non_human,0,train
815730416,human,0.856,unknown,0,unknown
815730417,human,0.967,human,1,train
815730418,non_human,0.869,non_human,0,train
815730419,non_human,0.542,non_human,0,train
815730420,human,0.665,human,0,train
815730421,human,0.915,human,1,validation
815730422,non_human,0.898,non_human,0,train
815730423,human,0.888,human,0,train
815730424,human,0.896,human,0,train
815730425,human,0.896,human,0,validation
815730426,human,0.94,human,1,validation
815730427,human,0.847,human,0,train
815730428,non_human,0.606,non_human,0,train
815730429,non_human,0.74,non_human,0,train
815730430,human,0.593,non_human,0,train
815730431,human,0.953,human,1,test
815730432,human,0.803,human,0,train
815730433,human,0.819,human,0,train
815730434,human,0.982,human,1,test
815730435,human,0.835,human,0,train
815730436,human,0.899,unknown,0,unknown
815730437,human,0.916,non_human,1,validation
815730438,human,0.967,human,1,train
815730439,human,0.936,human,1,test
815730441,human,0.849,human,0,train
815730442,human,0.695,human,0,train
815730443,human,0.884,human,0,train
815730444,non_human,0.503,unknown,0,unknown
815730445,human,0.831,human,0,validation
815730446,human,0.923,human,1,train
815730447,human,0.912,human,1,train
815730448,human,0.832,non_human,0,train
815730449,human,0.57,non_human,0,train
815730450,human,0.951,human,1,train
815730451,human,0.571,non_human,0,train
815730452,human,0.996,human,1,train
815730453,non_human,0.669,non_human,0,test
815730454,non_human,0.64,non_human,0,train
815730455,human,0.866,non_human,0,validation
815730456,human,0.813,human,0,validation
815730458,human,0.896,human,0,validation
815730459,human,0.885,human,0,test
815730460,human,0.958,unknown,1,unknown
815730461,human,0.587,non_human,0,train
815730462,human,0.707,human,0,validation
815730463,human,0.913,human,1,train
815730465,human,0.932,human,1,validation
815730466,human,0.934,human,1,train
815730467,human,0.92,human,1,train
815730468,human,0.883,human,0,train
815730469,human,0.994,human,1,train
815730470,non_human,0.925,non_human,1,validation
815730471,human,0.83,human,0,train
815730472,human,0.845,non_human,0,validation
815730473,human,0.996,human,1,train
815730474,human,0.8,human,0,train
815730476,human,0.91,human,1,train
815730478,human,0.869,human,0,test
815730479,human,0.935,human,1,train
815730480,human,0.762,human,0,validation
815730481,human,0.916,human,1,test
815730482,human,0.963,human,1,validation
815730483,human,0.928,human,1,train
815730484,human,0.918,human,1,train
815730485,human,0.884,unknown,0,unknown
815730486,non_human,0.706,non_human,0,test
815730487,human,0.972,human,1,train
815730488,non_human,0.778,non_human,0,test
815730489,human,0.84,human,0,train
815730490,human,0.738,human,0,train
815730491,human,0.883,human,0,train
815730492,human,0.7,human,0,train
815730493,human,0.68,human,0,test
815730494,human,0.915,human,1,train
815730495,non_human,0.898,non_human,0,train
815730496,human,0.784,non_human,0,test
815730497,human,0.821,human,0,train
815730498,human,0.861,human,0,test
815730499,human,0.858,human,0,train
815730500,human,0.83,human,0,validation
815730501,human,0.707,human,0,validation
815730502,human,0.962,human,1,train
815730503,human,0.894,human,0,train
815730504,human,0.956,human,1,train
815730507,human,0.699,human,0,train
815730508,human,0.867,human,0,train
815730509,human,0.712,non_human,0,test
815730510,human,0.694,human,0,validation
815730511,human,0.876,human,0,train
815730512,human,0.949,human,1,test
815730513,human,0.58,unknown,0,unknown
815730514,human,0.852,human,0,train
815730515,non_human,0.851,non_human,0,train
815730516,non_human,0.565,non_human,0,train
815730517,human,0.895,human,0,validation
815730518,human,0.634,human,0,train
815730519,human,0.896,human,0,train
815730520,human,0.871,human,0,train
815730521,non_human,0.533,human,0,train
815730522,human,0.945,human,1,train
815730525,human,0.769,human,0,train
815730526,human,0.563,unknown,0,unknown
815730527,human,0.933,human,1,validation
815730528,human,0.795,human,0,train
815730529,human,0.818,human,0,train
815730530,human,0.757,human,0,validation
815730531,human,0.963,human,1,train
815730532,human,0.755,human,0,test
815730533,human,0.838,human,0,validation
815730534,human,0.769,human,0,validation
815730535,human,0.915,human,1,test
815730536,human,0.597,non_human,0,train
815730537,non_human,0.645,human,0,train
815730538,human,0.662,non_human,0,train
815730540,human,0.831,unknown,0,unknown
815730541,human,0.656,non_human,0,train
815730542,human,0.821,human,0,test
815730543,human,0.966,human,1,train
815730544,human,0.76,human,0,train
815730545,human,0.804,human,0,train
815730546,human,0.937,human,1,validation
815730547,human,0.878,human,0,validation
815730548,human,0.586,human,0,validation
815730549,human,0.905,human,1,validation
815730550,non_human,0.868,non_human,0,train
815730551,non_human,0.555,non_human,0,train
815730553,human,0.972,human,1,test
815730554,human,0.595,human,0,train
815730555,human,0.716,non_human,0,validation
815730556,human,0.849,human,0,train
815730557,non_human,0.765,non_human,0,train
815730558,human,0.848,human,0,train
815730559,human,0.753,non_human,0,train
815730560,non_human,0.956,non_human,1,train
815730561,non_human,0.604,non_human,0,train
815730562,human,0.685,non_human,0,train
815730563,human,0.902,human,1,train
815730564,human,0.958,unknown,1,unknown
815730565,human,0.598,human,0,validation
815730566,human,0.884,human,0,test
815730568,human,0.948,human,1,test
815730569,human,0.768,human,0,test
815730570,human,0.893,unknown,0,unknown
815730572,human,0.936,human,1,train
815730573,human,0.86,human,0,validation
815730575,human,0.922,human,1,train
815730576,human,0.652,human,0,validation
815730577,human,0.857,non_human,0,test
815730581,human,0.644,human,0,test
815730582,human,0.773,human,0,test
815730583,human,0.962,human,1,validation
815730584,human,0.839,human,0,train
815730585,human,0.933,human,1,train
815730586,human,0.901,human,1,validation
815730587,human,0.599,non_human,0,train
815730588,human,0.839,unknown,0,unknown
815730589,human,0.804,non_human,0,train
815730590,human,0.878,human,0,train
815730591,human,0.943,human,1,test
815730592,non_human,0.898,non_human,0,test
815730593,non_human,0.651,non_human,0,test
815730594,human,0.843,human,0,validation
815730595,human,0.868,non_human,0,validation
815730596,non_human,0.722,non_human,0,train
815730597,human,0.811,human,0,train
815730598,human,0.585,human,0,validation
815730599,non_human,0.579,non_human,0,validation
815730600,human,0.959,human,1,test
815730601,human,0.9,human,1,train
815730602,human,0.854,human,0,train
815730603,human,0.796,human,0,train
815730604,non_human,0.563,non_human,0,test
815730606,human,0.886,human,0,train
815730607,human,0.929,unknown,1,unknown
815730608,human,0.906,human,1,validation
815730609,non_human,0.791,non_human,0,train
815730610,human,0.897,human,0,train
815730611,human,0.637,unknown,0,unknown
815730612,non_human,0.501,non_human,0,validation
815730613,human,0.894,human,0,train
815730614,human,0.768,human,0,test
815730615,human,0.832,human,0,validation
815730616,human,0.954,human,1,test
815730617,human,0.948,human,1,train
815730618,human,0.837,human,0,test
815730619,human,0.653,non_human,0,train
815730620,human,0.812,human,0,validation
815730621,human,0.929,human,1,train
815730622,non_human,0.913,non_human,1,train
815730623,human,0.692,human,0,train
815730624,human,0.864,human,0,train
815730625,human,0.507,non_human,0,test
815730626,human,0.899,human,0,train
815730627,human,0.89,human,0,train
815730628,human,0.816,human,0,train
815730629,human,0.856,human,0,validation
815730630,human,0.854,human,0,test
815730631,non_human,0.784,non_human,0,train
815730632,human,0.855,human,0,train
815730633,human,0.811,human,0,train
815730634,human,0.95,human,1,train
815730635,human,0.942,human,1,train
815730636,human,0.812,unknown,0,unknown
815730637,human,0.755,non_human,0,validation
815730638,human,0.796,human,0,test
815730639,human,0.817,human,0,train
815730640,non_human,0.673,non_human,0,validation
815730641,non_human,0.691,non_human,0,test
815730642,human,0.917,human,1,train
815730643,human,0.703,human,0,train
815730644,human,0.972,human,1,train
815730645,human,0.859,human,0,test
815730646,human,0.862,human,0,validation
815730647,human,0.896,human,0,test
815730648,human,0.886,human,0,train
815730649,human,0.917,human,1,train
815730650,human,0.881,human,0,train
815730652,non_human,0.903,non_human,1,train
815730653,human,0.855,non_human,0,test
815730655,human,0.881,human,0,train
815730656,human,0.811,human,0,train
815730657,human,0.654,human,0,test
815730659,human,0.958,human,1,test
815730660,non_human,0.545,human,0,test
815730661,human,0.929,human,1,train
815730662,human,0.899,unknown,0,unknown
815730663,human,0.547,non_human,0,train
815730664,human,0.692,non_human,0,train
815730665,human,0.666,human,0,validation
815730666,non_human,0.848,non_human,0,test
815730667,human,0.68,human,0,train
815730668,human,0.758,human,0,train
815730669,human,0.912,human,1,validation
815730670,human,0.895,human,0,validation
815730671,non_human,0.882,non_human,0,validation
815730672,human,0.845,human,0,train
815730673,human,0.936,human,1,validation
815730674,human,0.915,human,1,train
815730675,human,0.936,human,1,test
815730676,human,0.86,human,0,test
815730678,human,0.673,non_human,0,test
815730679,human,0.65,human,0,validation
815730680,human,0.9,human,1,test
815730682,human,0.791,non_human,0,validation
815730683,human,0.899,human,0,train
815730684,human,0.965,human,1,validation
815730685,human,0.787,human,0,test
815730686,human,0.763,human,0,validation
815730687,human,0.897,human,0,validation
815730688,non_human,0.898,unknown,0,unknown
815730689,human,0.784,human,0,train
815730691,human,0.893,human,0,train
815730692,human,0.87,human,0,validation
815730693,non_human,0.845,non_human,0,train
815730694,human,0.936,human,1,train
815730695,human,0.831,human,0,train
815730696,human,0.871,human,0,train
815730697,human,0.971,human,1,train
815730698,non_human,0.578,non_human,0,train
815730699,non_human,0.631,non_human,0,train
815730700,human,0.81,non_human,0,test
815730701,human,0.747,non_human,0,train
815730702,human,0.934,human,1,train
815730703,human,0.795,human,0,train
815730704,human,0.973,human,1,validation
815730705,human,0.714,human,0,train
815730706,human,0.73,non_human,0,train
815730707,human,0.695,human,0,train
815730708,human,0.925,human,1,validation
815730709,non_human,0.676,non_human,0,train
815730710,human,0.521,non_human,0,train
815730711,human,0.839,human,0,train
815730712,human,0.891,human,0,test
815730713,human,0.943,human,1,train
815730714,human,0.725,human,0,test
815730715,human,0.942,human,1,train
815730716,human,0.854,non_human,0,test
815730717,human,0.542,non_human,0,train
815730718,non_human,0.698,non_human,0,train
815730719,human,0.747,human,0,test
815730720,non_human,0.538,non_human,0,train
815730721,non_human,0.563,non_human,0,test
815730722,human,0.907,human,1,train
815730723,human,0.611,non_human,0,train
815730724,non_human,0.731,non_human,0,test
815730725,human,0.871,human,0,train
815730726,human,0.843,human,0,train
815730727,human,0.988,unknown,1,unknown
815730728,human,0.8,human,0,test
815730729,human,0.889,human,0,train
815730730,human,0.871,human,0,train
815730731,human,0.613,human,0,test
815730732,human,0.778,unknown,0,unknown
815730733,human,0.799,human,0,train
815730734,human,0.879,human,0,test
815730735,human,0.679,human,0,train
815730736,human,0.689,human,0,train
815730738,human,0.785,non_human,0,train
815730739,human,0.928,human,1,train
815730740,non_human,0.867,non_human,0,test
815730741,human,0.841,human,0,train
815730742,human,0.864,human,0,train
815730743,human,0.99,human,1,train
815730744,human,0.972,human,1,train
815730745,human,0.791,human,0,train
815730746,human,0.765,human,0,train
815730747,non_human,0.618,non_human,0,test
815730748,human,0.937,human,1,validation
815730749,human,0.959,human,1,train
815730750,human,0.739,human,0,validation
815730751,human,0.846,human,0,test
815730752,non_human,0.543,non_human,0,train
815730753,non_human,0.513,non_human,0,train
815730754,human,0.838,unknown,0,unknown
815730755,human,0.88,human,0,validation
815730756,human,0.925,human,1,test
815730757,non_human,0.8,non_human,0,validation
815730758,human,0.974,human,1,validation
815730759,human,0.821,human,0,train
815730760,non_human,0.919,non_human,1,validation
815730761,non_human,0.69,non_human,0,test
815730762,non_human,0.522,non_human,0,test
815730763,human,0.91,human,1,train
815730764,non_human,0.898,non_human,0,test
815730765,human,0.55,non_human,0,train
815730766,human,0.916,human,1,train
815730767,human,0.886,unknown,0,unknown
815730768,human,0.964,human,1,validation
815730769,human,0.887,human,0,validation
815730770,non_human,0.83,non_human,0,train
815730771,human,0.838,human,0,train
815730772,human,0.889,human,0,test
815730773,human,0.535,non_human,0,validation
815730774,human,0.941,human,1,train
815730775,human,0.929,human,1,train
815730776,human,0.814,human,0,test
815730777,human,0.556,non_human,0,train
815730778,human,0.848,human,0,train
815730779,human,0.954,human,1,train
815730780,human,0.715,human,0,validation
815730781,human,0.929,human,1,validation
815730786,human,0.794,human,0,test
815730787,human,0.923,human,1,validation
815730788,human,0.857,human,0,validation
815730789,human,0.984,human,1,validation
815730790,human,0.925,human,1,test
815730791,human,0.863,human,0,validation
815730792,human,0.872,human,0,train
815730793,human,0.966,human,1,train
815730795,human,0.781,non_human,0,test
815730796,human,0.577,non_human,0,train
815730797,human,0.828,human,0,test
815730798,human,0.859,human,0,train
815730799,human,0.859,human,0,validation
815730801,human,0.848,human,0,validation
815730802,human,0.965,human,1,test
815730803,non_human,0.68,non_human,0,train
815730804,non_human,0.944,non_human,1,test
815730805,human,0.574,non_human,0,test
815730806,human,0.87,human,0,train
815730807,human,0.622,non_human,0,test
815730808,non_human,0.503,non_human,0,validation
815730809,human,0.929,human,1,test
815730810,human,0.986,human,1,train
815730811,human,0.919,human,1,test
815730812,non_human,0.629,non_human,0,test
815730813,non_human,0.791,non_human,0,train
815730814,human,0.984,human,1,validation
815730815,non_human,0.75,non_human,0,validation
815730816,non_human,0.511,non_human,0,train
815730817,human,0.87,human,0,train
815730818,human,0.89,human,0,train
815730820,human,0.736,non_human,0,train
815730821,human,0.944,human,1,train
815730822,non_human,0.85,non_human,0,train
815730823,human,0.901,human,1,train
815730824,human,0.899,human,0,validation
815730825,human,0.878,non_human,0,train
815730826,human,0.689,non_human,0,train
815730828,human,0.632,non_human,0,test
815730829,human,0.951,human,1,test
815730830,human,0.937,human,1,validation
815730831,human,0.965,human,1,train
815730832,human,0.82,human,0,train
815730833,human,0.517,non_human,0,test
815730834,human,0.721,human,0,train
815730835,non_human,0.706,non_human,0,train
815730836,human,0.918,human,1,train
815730837,human,0.923,human,1,train
815730838,human,0.941,human,1,train
815730839,human,0.958,human,1,train
815730840,non_human,0.55,non_human,0,test
815730841,human,0.812,human,0,train
815730843,human,0.927,human,1,validation
815730844,non_human,0.696,non_human,0,train
815730846,non_human,0.819,non_human,0,train
815730847,human,0.937,human,1,train
815730848,human,0.819,human,0,train
815730849,human,0.925,human,1,validation
815730850,human,0.844,human,0,train
815730852,non_human,0.679,human,0,validation
815730853,non_human,0.898,non_human,0,train
815730854,human,0.892,human,0,train
815730855,human,0.942,human,1,validation
815730856,human,0.83,human,0,train
815730858,human,0.955,human,1,train
815730859,human,0.599,human,0,validation
815730860,non_human,0.509,non_human,0,train
815730861,human,0.739,human,0,train
815730862,human,0.903,human,1,train
815730863,non_human,0.652,non_human,0,train
815730864,human,0.988,human,1,train
815730865,non_human,0.766,non_human,0,train
815730866,human,0.939,human,1,validation
815730867,human,0.694,human,0,validation
815730868,non_human,0.88,non_human,0,validation
815730869,human,0.912,human,1,validation
815730870,human,0.89,human,0,train
815730871,human,0.903,human,1,test
815730873,human,0.928,human,1,train
815730874,non_human,0.821,non_human,0,train
815730875,human,0.964,human,1,train
815730876,human,0.822,human,0,train
815730877,non_human,0.964,non_human,1,train
815730879,non_human,0.598,non_human,0,train
815730880,human,0.714,human,0,train
815730881,human,0.627,human,0,train
815730882,non_human,0.569,non_human,0,train
815730883,human,0.917,human,1,test
815730884,human,0.987,human,1,test
815730885,human,0.98,human,1,train
815730890,human,0.781,human,0,train
815730891,human,0.863,human,0,test
815730892,non_human,0.902,non_human,1,test
815730893,non_human,0.965,non_human,1,train
815730894,human,0.911,human,1,validation
815730897,human,0.905,human,1,train
815730898,human,0.928,human,1,test
815730899,human,0.862,human,0,test
815730900,human,0.896,human,0,validation
815730901,human,0.803,human,0,train
815730902,human,0.976,human,1,train
815730903,human,0.895,human,0,train
815730904,human,0.968,human,1,train
815730905,human,0.942,human,1,train
815730906,human,0.947,human,1,train
815730907,human,0.584,human,0,test
815730909,human,0.84,human,0,train
815730910,non_human,0.761,non_human,0,test
815730911,non_human,0.72,non_human,0,train
815730912,human,0.935,human,1,test
815730913,human,0.838,human,0,test
815730914,human,0.938,human,1,validation
815730915,human,0.985,human,1,test
815730916,human,0.966,human,1,train
815730917,human,0.971,human,1,test
815730918,non_human,0.73,non_human,0,train
815730919,non_human,0.898,non_human,0,train
815730920,human,0.619,human,0,train
815730921,human,0.937,human,1,test
815730923,human,0.68,non_human,0,validation
815730924,human,0.883,human,0,validation
815730925,human,0.515,non_human,0,test
815730926,human,0.891,human,0,validation
815730927,human,0.912,human,1,validation
815730928,human,0.836,human,0,train
815730929,human,0.785,human,0,test
815730930,human,0.926,human,1,train
815730931,non_human,0.611,non_human,0,train
815730932,human,0.755,human,0,test
815730933,human,0.942,human,1,train
815730934,human,0.714,non_human,0,train
815730935,human,0.917,human,1,validation
815730936,non_human,0.847,non_human,0,train
815730937,human,0.772,human,0,train
815730938,human,0.964,human,1,train
815730941,human,0.927,human,1,validation
815730942,human,0.969,human,1,train
815730943,human,0.809,human,0,train
815730944,human,0.929,human,1,train
815730945,human,0.688,human,0,train
815730946,human,0.667,human,0,train
815730947,non_human,0.57,non_human,0,test
815730948,human,0.881,human,0,train
815730949,human,0.946,non_human,1,validation
815730950,human,0.817,non_human,0,train
815730951,human,0.88,non_human,0,train
815730952,human,0.692,human,0,train
815730953,human,0.944,human,1,validation
815730954,human,0.906,unknown,1,unknown
815730955,human,0.806,human,0,train
815730956,non_human,0.902,non_human,1,validation
815730957,human,0.93,human,1,test
815730958,non_human,0.609,non_human,0,train
815730959,non_human,0.511,human,0,train
815730960,non_human,0.508,human,0,validation
815730961,human,0.908,human,1,validation
815730962,non_human,0.706,non_human,0,train
815730963,human,0.972,human,1,train
815730964,human,0.855,human,0,validation
815730965,non_human,0.928,non_human,1,train
815730966,human,0.753,human,0,train
815730969,non_human,0.759,non_human,0,train
815730970,non_human,0.826,non_human,0,test
815730971,human,0.817,human,0,train
815730972,human,0.962,human,1,train
815730973,human,0.8,unknown,0,unknown
815730974,human,0.887,human,0,train
815730975,human,0.71,human,0,train
815730976,non_human,0.54,human,0,validation
815730977,human,0.975,human,1,train
815730978,human,0.765,human,0,train
815730979,human,0.77,non_human,0,test
815730980,human,0.882,human,0,validation
815730981,human,0.708,human,0,train
815730982,human,0.777,human,0,validation
815730983,human,0.943,human,1,validation
815730984,human,0.932,unknown,1,unknown
815730985,human,0.787,human,0,train
815730986,human,0.94,human,1,train
815730987,human,0.853,human,0,train
815730988,human,0.784,human,0,train
815730989,human,0.85,non_human,0,test
815730992,human,0.929,human,1,validation
815730993,human,0.969,human,1,train
815730996,non_human,0.848,non_human,0,train
815730997,human,0.834,human,0,train
815730998,human,0.985,human,1,test
815730999,non_human,0.898,non_human,0,test
815731000,human,0.539,non_human,0,test
815731001,human,0.507,non_human,0,train
815731002,human,0.928,non_human,1,test
815731003,non_human,0.68,non_human,0,train
815731004,human,0.938,human,1,train
815731005,human,0.62,non_human,0,train
815731006,human,0.966,human,1,train
815731007,non_human,0.901,non_human,1,test
815731008,human,0.873,human,0,validation
815731009,human,0.71,non_human,0,train
815731010,non_human,0.793,non_human,0,validation
815731011,human,0.939,human,1,train
815731012,human,0.835,human,0,train
815731013,human,0.876,human,0,train
815731014,human,0.902,human,1,train
815731015,human,0.902,human,1,validation
815731016,human,0.962,human,1,validation
815731017,human,0.652,human,0,train
815731018,human,0.933,human,1,train
815731019,human,0.741,non_human,0,validation
815731020,human,0.947,human,1,train
815731021,human,0.974,human,1,train
815731022,human,0.849,human,0,train
815731023,human,0.742,human,0,train
815731024,human,0.639,human,0,train
815731025,human,0.543,human,0,test
815731026,non_human,0.808,non_human,0,train
815731027,human,0.977,human,1,train
815731028,human,0.865,human,0,test
815731029,human,0.769,human,0,train
815731030,human,0.59,non_human,0,train
815731031,human,0.938,human,1,train
815731032,human,0.949,human,1,test
815731033,human,0.932,human,1,train
815731034,human,0.627,human,0,train
815731035,human,0.888,human,0,test
815731036,human,0.735,non_human,0,test
815731037,human,0.901,human,1,train
815731039,human,0.937,human,1,validation
815731040,human,0.893,human,0,validation
815731041,human,0.912,human,1,train
815731042,human,0.908,human,1,train
815731043,human,0.912,unknown,1,unknown
815731044,human,0.954,human,1,train
815731045,human,0.829,human,0,validation
815731046,human,0.937,human,1,train
815731047,human,0.739,non_human,0,test
815731048,human,0.907,human,1,train
815731049,human,0.969,non_human,1,test
815731050,non_human,0.571,human,0,train
815731051,human,0.728,human,0,train
815731052,non_human,0.944,non_human,1,train
815731053,human,0.821,human,0,train
815731056,human,0.982,unknown,1,unknown
815731057,human,0.9,non_human,1,test
815731059,non_human,0.58,human,0,test
815731060,human,0.952,human,1,train
815731062,human,0.592,non_human,0,train
815731063,human,0.738,human,0,train
815731064,human,0.818,human,0,validation
815731065,non_human,0.799,non_human,0,validation
815731066,human,0.901,human,1,train
815731068,human,0.676,non_human,0,test
815731069,human,0.91,human,1,train
815731070,human,0.811,human,0,test
815731071,human,0.9,human,1,train
815731072,human,0.718,human,0,train
815731073,human,0.867,human,0,validation
815731074,human,0.958,human,1,train
815731075,human,0.948,human,1,train
815731076,human,0.925,human,1,train
815731077,human,0.785,human,0,validation
815731078,human,0.917,non_human,1,validation
815731079,human,0.979,human,1,validation
815731080,non_human,0.541,non_human,0,test
815731081,human,0.739,human,0,test
815731082,human,0.955,human,1,train
815731083,human,0.529,non_human,0,train
815731084,non_human,0.582,non_human,0,validation
815731085,human,0.879,human,0,train
815731087,human,0.878,human,0,train
815731088,human,0.921,human,1,train
815731089,human,0.637,non_human,0,train
815731090,human,0.985,human,1,validation
815731091,human,0.987,human,1,train
815731095,human,0.635,non_human,0,train
815731096,human,0.955,human,1,train
815731097,human,0.951,human,1,train
815731098,human,0.74,non_human,0,test
815731099,human,0.785,human,0,test
815731101,human,0.951,human,1,train
815731102,human,0.969,human,1,train
815731103,human,0.779,human,0,test
815731104,human,0.643,non_human,0,test
815731105,non_human,0.562,non_human,0,test
815731106,human,0.719,human,0,test
815731107,human,0.93,human,1,train
815731108,human,0.995,human,1,validation
815731110,human,0.903,human,1,train
815731111,human,0.649,human,0,train
815731112,human,0.889,human,0,test
815731113,non_human,0.667,non_human,0,train
815731114,human,0.883,human,0,train
815731115,human,0.671,non_human,0,train
815731116,human,0.921,human,1,validation
815731117,human,0.971,human,1,train
815731118,human,0.947,human,1,train
815731119,non_human,0.898,non_human,0,train
815731120,human,0.705,non_human,0,train
815731121,human,0.765,non_human,0,train
815731122,non_human,0.803,non_human,0,train
815731123,non_human,0.545,non_human,0,validation
815731124,non_human,0.858,non_human,0,train
815731125,human,0.702,human,0,validation
815731126,non_human,0.795,non_human,0,train
815731127,human,0.963,human,1,train
815731128,human,0.648,unknown,0,unknown
815731129,human,0.958,human,1,train
815731130,human,0.861,unknown,0,unknown
815731131,human,0.911,human,1,train
815731132,human,0.695,human,0,validation
815731133,non_human,0.751,non_human,0,test
815731134,human,0.968,human,1,train
815731135,human,0.858,non_human,0,train
815731136,human,0.694,non_human,0,test
815731137,human,0.536,human,0,train
815731139,human,0.995,human,1,train
815731140,human,0.706,non_human,0,validation
815731141,human,0.564,human,0,train
815731142,human,0.931,human,1,train
815731143,human,0.935,human,1,train
815731144,human,0.979,unknown,1,unknown
815731145,human,0.84,human,0,train
815731146,human,0.976,human,1,train
815731148,non_human,0.505,non_human,0,train
815731149,non_human,0.654,non_human,0,validation
815731150,human,0.855,human,0,train
815731151,human,0.771,non_human,0,validation
815731152,non_human,0.657,non_human,0,train
815731153,human,0.794,human,0,train
815731154,human,0.838,non_human,0,test
815731155,human,0.917,human,1,test
815731156,human,0.858,human,0,test
815731158,human,0.811,non_human,0,train
815731159,human,0.955,human,1,train
815731160,human,0.808,human,0,train
815731161,human,0.531,non_human,0,train
815731162,non_human,0.6,non_human,0,test
815731163,human,0.928,human,1,train
815731164,human,0.823,human,0,train
815731165,human,0.723,non_human,0,train
815731166,human,0.939,human,1,train
815731167,non_human,0.954,non_human,1,validation
815731168,non_human,0.696,non_human,0,train
815731169,non_human,0.863,non_human,0,validation
815731170,human,0.818,human,0,validation
815731171,human,0.877,human,0,test
815731172,human,0.854,human,0,train
815731173,human,0.932,human,1,train
815731174,human,0.939,human,1,train
815731175,human,0.897,human,0,train
815731176,human,0.914,unknown,1,unknown
815731177,human,0.904,non_human,1,validation
815731178,human,0.986,unknown,1,unknown
815731179,human,0.911,human,1,train
815731180,human,0.937,human,1,train
815731181,human,0.901,human,1,train
815731182,human,0.988,human,1,validation
815731183,human,0.673,human,0,train
815731184,human,0.941,human,1,train
815731185,human,0.658,non_human,0,train
815731186,human,0.794,human,0,test
815731187,human,0.88,human,0,validation
815731188,human,0.799,human,0,train
815731189,human,0.842,human,0,train
815731190,human,0.955,human,1,train
815731192,human,0.898,human,0,train
815731193,human,0.964,human,1,test
815731194,human,0.705,human,0,train
815731198,human,0.621,human,0,validation
815731199,human,0.76,human,0,test
815731200,non_human,0.729,non_human,0,train
815731201,human,0.741,non_human,0,train
815731202,human,0.687,non_human,0,validation
815731203,human,0.957,human,1,train
815731204,human,0.985,human,1,train
815731205,human,0.899,human,0,train
815731206,human,0.872,human,0,train
815731207,human,0.946,non_human,1,validation
815731209,non_human,0.898,non_human,0,train
815731210,human,0.818,unknown,0,unknown
815731211,human,0.782,human,0,train
815731212,human,0.84,non_human,0,train
815731213,human,0.767,human,0,train
815731214,non_human,0.898,non_human,0,train
815731215,non_human,0.844,non_human,0,validation
815731216,human,0.501,human,0,test
815731217,human,0.859,human,0,test
815731218,non_human,0.538,human,0,test
815731220,non_human,0.747,non_human,0,test
815731221,human,0.894,human,0,train
815731222,human,0.947,human,1,validation
815731223,human,0.938,human,1,train
815731224,non_human,0.721,non_human,0,train
815731225,non_human,0.969,non_human,1,test
815731226,human,0.625,human,0,train
815731227,human,0.959,human,1,train
815731228,human,0.898,human,0,validation
815731229,human,0.954,non_human,1,validation
815731230,human,0.861,human,0,train
815731231,human,0.98,human,1,train
815731232,human,0.853,human,0,train
815731233,non_human,0.548,human,0,train
815731234,non_human,0.706,non_human,0,train
815731235,non_human,0.85,non_human,0,test
815731236,human,0.924,human,1,train
815731237,human,0.895,human,0,validation
815731239,human,0.709,human,0,train
815731240,non_human,0.969,non_human,1,test
815731241,non_human,0.938,non_human,1,train
815731242,human,0.967,human,1,train
815731243,human,0.81,human,0,train
815731244,human,0.869,non_human,0,validation
815731245,non_human,0.806,non_human,0,train
815731246,human,0.985,human,1,validation
815731247,human,0.953,human,1,test
815731248,non_human,0.662,non_human,0,validation
815731249,non_human,0.566,non_human,0,validation
815731250,human,0.881,human,0,validation
815731251,human,0.504,non_human,0,train
815731252,human,0.904,human,1,test
815731254,human,0.747,human,0,train
815731255,human,0.787,non_human,0,train
815731256,human,0.633,human,0,train
815731257,human,0.836,human,0,train
815731258,non_human,0.644,non_human,0,train
815731259,human,0.63,human,0,test
815731260,human,0.856,human,0,train
815731261,human,0.931,human,1,train
815731262,human,0.878,human,0,train
815731263,human,0.943,human,1,train
815731264,human,0.834,human,0,train
815731265,human,0.514,non_human,0,validation
815731266,human,0.86,human,0,test
815731267,human,0.76,human,0,train
815731268,human,0.945,human,1,train
815731269,human,0.784,human,0,train
815731270,human,0.885,human,0,validation
815731271,human,0.98,human,1,validation
815731272,human,0.849,human,0,validation
815731273,human,0.625,human,0,train
815731274,human,0.792,human,0,test
815731275,human,0.867,human,0,train
815731276,human,0.948,human,1,train
815731277,non_human,0.699,non_human,0,train
815731278,human,0.612,non_human,0,train
815731279,human,0.974,human,1,train
815731280,human,0.919,human,1,train
815731281,non_human,0.825,non_human,0,train
815731282,non_human,0.898,non_human,0,train
815731283,human,0.919,unknown,1,unknown
815731284,human,0.772,human,0,train
815731285,human,0.739,non_human,0,train
815731287,human,0.937,human,1,test
815731288,non_human,0.762,non_human,0,validation
815731289,non_human,0.731,non_human,0,train
815731290,non_human,0.656,non_human,0,train
815731291,human,0.912,human,1,validation
815731292,human,0.506,human,0,validation
815731293,human,0.756,human,0,test
815731294,non_human,0.619,non_human,0,train
815731295,human,0.933,human,1,train
815731296,human,0.832,human,0,train
815731301,human,0.99,human,1,train
815731302,human,0.866,human,0,train
815731303,non_human,0.516,non_human,0,train
815731304,human,0.913,human,1,train
815731305,human,0.952,human,1,test
815731306,human,0.845,non_human,0,train
815731307,human,0.951,human,1,train
815731308,human,0.876,unknown,0,unknown
815731309,human,0.967,human,1,test
815731310,human,0.962,human,1,test
815731311,human,0.638,human,0,test
815731312,non_human,0.863,non_human,0,validation
815731313,human,0.922,human,1,validation
815731314,human,0.855,human,0,train
815731315,human,0.875,human,0,validation
815731316,human,0.855,human,0,train
815731317,human,0.835,human,0,test
815731318,human,0.981,human,1,train
815731319,human,0.767,human,0,train
815731320,non_human,0.543,non_human,0,train
815731321,human,0.807,non_human,0,test
815731322,human,0.906,human,1,train
815731323,human,0.893,human,0,validation
815731324,human,0.89,human,0,train
815731325,human,0.678,human,0,train
815731326,human,0.51,non_human,0,train
815731327,human,0.845,human,0,train
815731328,human,0.699,human,0,validation
815731329,human,0.92,human,1,train
815731330,human,0.967,human,1,test
815731331,human,0.869,human,0,train
815731332,human,0.804,human,0,train
815731333,human,0.805,human,0,train
815731334,human,0.747,human,0,train
815731335,human,0.806,human,0,train
815731336,non_human,0.618,non_human,0,test
815731337,human,0.988,human,1,validation
815731338,human,0.826,human,0,train
815731339,human,0.824,human,0,train
815731340,non_human,0.757,non_human,0,train
815731341,human,0.854,human,0,train
815731342,human,0.971,human,1,train
815731343,human,0.977,human,1,train
815731344,human,0.611,non_human,0,train
815731345,human,0.561,non_human,0,train
815731346,human,0.918,human,1,validation
815731347,human,0.827,human,0,train
815731348,human,0.922,human,1,train
815731349,non_human,0.972,non_human,1,train
815731350,human,0.866,human,0,train
815731351,human,0.987,human,1,test
815731352,human,0.93,human,1,train
815731353,human,0.687,human,0,train
815731354,human,0.882,human,0,test
815731355,human,0.984,human,1,test
815731356,human,0.651,non_human,0,validation
815731357,human,0.959,human,1,train
815731358,human,0.881,human,0,test
815731359,human,0.938,human,1,train
815731360,non_human,0.898,non_human,0,validation
815731361,human,0.865,human,0,train
815731362,human,0.785,non_human,0,train
815731363,human,0.82,human,0,test
815731364,non_human,0.691,non_human,0,train
815731365,human,0.927,human,1,validation
815731366,human,0.746,human,0,train
815731367,human,0.904,unknown,1,unknown
815731368,human,0.909,human,1,train
815731369,human,0.696,non_human,0,train
815731370,non_human,0.867,non_human,0,train
815731371,human,0.739,human,0,train
815731372,non_human,0.825,non_human,0,train
815731373,human,0.799,human,0,validation
815731374,human,0.643,human,0,train
815731376,non_human,0.635,human,0,test
815731377,human,0.779,human,0,train
815731378,human,0.855,human,0,train
815731379,human,0.802,human,0,train
815731380,non_human,0.773,non_human,0,train
815731382,human,0.906,human,1,train
815731383,human,0.763,human,0,train
815731384,human,0.988,human,1,validation
815731385,human,0.812,human,0,train
815731386,non_human,0.779,non_human,0,validation
815731387,human,0.92,human,1,validation
815731388,human,0.977,human,1,train
815731389,non_human,0.571,human,0,train
815731390,human,0.62,non_human,0,test
815731391,human,0.931,unknown,1,unknown
815731392,human,0.898,human,0,train
815731393,human,0.988,human,1,validation
815731394,non_human,0.862,non_human,0,train
815731395,human,0.964,human,1,train
815731396,human,0.938,human,1,test
815731397,non_human,0.671,non_human,0,test
815731398,human,0.927,non_human,1,test
815731399,human,0.804,non_human,0,train
815731400,human,0.658,non_human,0,validation
815731406,human,0.962,human,1,train
815731407,human,0.784,non_human,0,train
815731408,human,0.804,human,0,train
815731409,human,0.674,human,0,test
815731410,human,0.981,human,1,train
815731411,non_human,0.911,non_human,1,test
815731412,non_human,0.589,human,0,test
815731413,non_human,0.863,non_human,0,test
815731414,human,0.788,human,0,validation
815731415,human,0.888,human,0,validation
815731416,human,0.759,human,0,train
815731417,human,0.707,human,0,train
815731418,non_human,0.581,non_human,0,train
815731419,human,0.686,human,0,validation
815731420,human,0.967,human,1,train
815731421,human,0.943,human,1,train
815731422,human,0.843,human,0,test
815731423,human,0.549,non_human,0,train
815731425,human,0.897,human,0,train
815731426,human,0.837,human,0,train
815731427,human,0.914,human,1,train
815731428,non_human,0.663,non_human,0,train
815731429,human,0.939,unknown,1,unknown
815731430,human,0.866,unknown,0,unknown
815731431,non_human,0.898,non_human,0,train
815731432,human,0.734,non_human,0,train
815731433,human,0.829,human,0,train
815731434,human,0.809,human,0,train
815731435,human,0.928,human,1,train
815731436,human,0.5,human,0,validation
815731437,non_human,0.634,human,0,train
815731439,human,0.937,human,1,test
815731440,human,0.947,human,1,train
815731441,non_human,0.813,non_human,0,train
815731442,human,0.722,unknown,0,unknown
815731443,human,0.931,human,1,test
815731444,human,0.921,human,1,train
815731447,human,0.621,human,0,train
815731448,human,0.944,human,1,train
815731449,human,0.964,human,1,validation
815731450,human,0.955,human,1,train
815731451,human,0.946,human,1,train
815731452,human,0.954,human,1,train
815731453,human,0.656,human,0,train
815731454,human,0.921,human,1,train
815731455,human,0.883,human,0,train
815731457,human,0.954,human,1,train
815731459,human,0.991,human,1,test
815731460,human,0.925,human,1,test
815731463,human,0.946,human,1,validation
815731464,human,0.893,human,0,validation
815731465,human,0.829,human,0,train
815731466,human,0.867,human,0,train
815731467,human,0.802,human,0,train
815731468,human,0.967,human,1,test
815731469,human,0.894,human,0,train
815731470,human,0.609,unknown,0,unknown
815731471,human,0.878,human,0,train
815731472,human,0.516,non_human,0,validation
815731473,human,0.779,human,0,train
815731474,human,0.883,unknown,0,unknown
815731475,human,0.867,unknown,0,unknown
815731476,human,0.897,human,0,train
815731477,human,0.664,non_human,0,train
815731478,human,0.901,human,1,train
815731479,human,0.509,human,0,train
815731480,human,0.863,human,0,train
815731481,human,0.808,human,0,train
815731482,human,0.679,human,0,train
815731483,human,0.721,human,0,train
815731484,human,0.75,human,0,train
815731485,human,0.953,human,1,test
815731486,human,0.964,human,1,train
815731487,human,0.941,human,1,train
815731488,human,0.868,human,0,train
815731489,human,0.889,human,0,train
815731490,human,0.843,non_human,0,test
815731491,human,0.822,human,0,validation
815731492,human,0.694,non_human,0,train
815731493,human,0.732,human,0,train
815731494,human,0.833,human,0,test
815731495,human,0.919,human,1,train
815731496,non_human,0.945,non_human,1,train
815731497,human,0.816,unknown,0,unknown
815731499,human,0.939,human,1,train
815731500,human,0.502,non_human,0,train
815731501,non_human,0.545,human,0,test
815731502,human,0.915,human,1,test
815731503,human,0.771,human,0,validation
815731504,human,0.971,human,1,train
815731505,human,0.973,human,1,train
815731508,non_human,0.901,non_human,1,train
815731509,human,0.801,human,0,validation
815731510,human,0.823,human,0,validation
815731512,human,0.989,human,1,train
815731513,human,0.588,human,0,train
815731514,human,0.819,human,0,train
815731515,human,0.957,human,1,train
815731516,human,0.916,human,1,test
815731517,non_human,0.781,non_human,0,validation
815731518,non_human,0.627,non_human,0,validation
815731519,human,0.801,human,0,train
815731520,human,0.782,human,0,validation
815731521,human,0.903,human,1,train
815731522,non_human,0.674,non_human,0,test
815731523,human,0.888,human,0,train
815731524,human,0.739,human,0,test
815731525,human,0.821,non_human,0,train
815731526,non_human,0.58,non_human,0,train
815731527,human,0.813,non_human,0,test
815731528,human,0.9,human,1,train
815731529,human,0.863,human,0,validation
815731530,human,0.86,human,0,train
815731531,human,0.841,human,0,test
815731532,human,0.907,human,1,train
815731533,human,0.912,human,1,validation
815731534,non_human,0.733,non_human,0,train
815731535,human,0.871,human,0,train
815731536,human,0.775,human,0,train
815731539,human,0.644,non_human,0,validation
815731541,human,0.878,non_human,0,validation
815731543,human,0.898,human,0,test
815731544,non_human,0.898,non_human,0,train
815731545,human,0.69,human,0,validation
815731546,non_human,0.929,non_human,1,train
815731547,human,0.767,human,0,train
815731548,human,0.933,human,1,test
815731549,human,0.79,non_human,0,validation
815731550,human,0.884,human,0,train
815731551,human,0.903,human,1,train
815731552,human,0.953,human,1,train
815731553,human,0.941,human,1,train
815731554,human,0.89,unknown,0,unknown
815731555,human,0.652,human,0,train
815731556,human,0.565,unknown,0,unknown
815731557,human,0.939,human,1,test
815731559,human,0.941,human,1,train
815731561,human,0.775,non_human,0,test
815731562,human,0.74,human,0,test
815731563,human,0.85,human,0,train
815731564,human,0.752,non_human,0,test
815731565,human,0.919,human,1,train
815731566,non_human,0.936,non_human,1,train
815731567,human,0.832,human,0,validation
815731568,human,0.886,non_human,0,test
815731569,non_human,0.861,non_human,0,train
815731570,human,0.793,human,0,validation
815731571,human,0.944,human,1,validation
815731572,human,0.581,human,0,train
815731573,human,0.582,human,0,validation
815731574,human,0.913,non_human,1,validation
815731575,human,0.942,human,1,validation
815731576,human,0.859,human,0,train
815731577,human,0.896,human,0,train
815731578,human,0.787,human,0,validation
815731579,non_human,0.581,human,0,validation
815731580,human,0.949,human,1,train
815731581,human,0.99,human,1,test
815731582,human,0.81,human,0,train
815731584,human,0.933,human,1,validation
815731585,human,0.527,non_human,0,test
815731586,human,0.656,human,0,train
815731587,human,0.96,human,1,train
815731588,human,0.987,human,1,test
815731589,human,0.925,human,1,train
815731590,human,0.941,unknown,1,unknown
815731591,human,0.574,non_human,0,validation
815731592,human,0.847,human,0,test
815731593,human,0.536,human,0,test
815731594,non_human,0.703,non_human,0,train
815731595,human,0.836,human,0,validation
815731596,human,0.574,human,0,validation
815731598,human,0.862,human,0,train
815731600,human,0.906,human,1,train
815731601,human,0.842,human,0,train
815731602,human,0.756,human,0,train
815731603,human,0.804,human,0,train
815731604,human,0.899,human,0,validation
815731605,non_human,0.756,non_human,0,train
815731606,human,0.681,human,0,validation
815731607,non_human,0.651,non_human,0,validation
815731612,non_human,0.528,non_human,0,train
815731613,human,0.669,human,0,train
815731614,human,0.906,human,1,validation
815731615,human,0.885,human,0,train
815731616,human,0.795,non_human,0,test
815731617,human,0.979,human,1,train
815731619,human,0.505,non_human,0,train
815731620,human,0.522,human,0,train
815731621,non_human,0.529,human,0,test
815731622,human,0.911,human,1,train
815731623,human,0.913,human,1,train
815731624,non_human,0.898,non_human,0,validation
815731625,human,0.795,human,0,train
815731626,human,0.844,human,0,train
815731627,human,0.899,human,0,test
815731628,human,0.878,human,0,validation
815731629,human,0.757,human,0,validation
815731630,human,0.7,unknown,0,unknown
815731631,human,0.872,human,0,train
815731632,human,0.801,human,0,train
815731633,human,0.611,human,0,train
815731634,human,0.787,human,0,train
815731635,non_human,0.594,non_human,0,train
815731636,human,0.567,human,0,validation
815731637,human,0.71,human,0,train
815731638,human,0.771,human,0,train
815731639,human,0.542,non_human,0,train
815731640,human,0.728,human,0,train
815731641,human,0.87,human,0,train
815731642,human,0.809,human,0,train
815731643,human,0.903,human,1,train
815731644,human,0.931,human,1,train
815731645,human,0.976,non_human,1,test
815731646,human,0.821,non_human,0,train
815731647,human,0.824,human,0,train
815731648,human,0.89,human,0,train
815731649,human,0.581,non_human,0,test
815731650,human,0.886,human,0,train
815731651,human,0.823,human,0,train
815731652,human,0.934,human,1,validation
815731653,human,0.948,human,1,train
815731654,human,0.947,human,1,test
815731655,human,0.65,human,0,train
815731656,human,0.97,human,1,validation
815731657,human,0.936,human,1,train
815731658,non_human,0.676,non_human,0,train
815731659,human,0.965,human,1,train
815731660,human,0.936,human,1,test
815731661,human,0.951,unknown,1,unknown
815731662,human,0.901,human,1,train
815731663,human,0.812,human,0,test
815731664,human,0.956,human,1,validation
815731665,human,0.864,human,0,train
815731666,human,0.776,non_human,0,test
815731667,human,0.886,human,0,validation
815731669,human,0.781,human,0,train
815731670,human,0.955,human,1,train
815731671,human,0.696,human,0,train
815731672,non_human,0.913,non_human,1,train
815731673,human,0.873,human,0,train
815731675,non_human,0.597,non_human,0,train
815731676,human,0.816,human,0,train
815731677,human,0.914,human,1,train
815731678,human,0.9,human,1,train
815731679,non_human,0.65,non_human,0,train
815731680,non_human,0.505,non_human,0,test
815731681,non_human,0.915,non_human,1,train
815731683,human,0.86,human,0,train
815731684,human,0.914,human,1,test
815731685,human,0.968,human,1,test
815731686,human,0.926,human,1,validation
815731687,human,0.952,human,1,train
815731688,human,0.777,non_human,0,train
815731689,human,0.825,human,0,train
815731690,human,0.857,human,0,train
815731691,human,0.631,human,0,test
815731692,human,0.586,non_human,0,train
815731693,human,0.549,non_human,0,train
815731694,human,0.658,human,0,test
815731695,human,0.885,human,0,test
815731696,human,0.888,human,0,validation
815731697,human,0.768,human,0,test
815731698,human,0.935,unknown,1,unknown
815731699,non_human,0.613,non_human,0,test
815731700,non_human,0.898,non_human,0,test
815731701,human,0.935,human,1,validation
815731703,human,0.815,human,0,validation
815731704,non_human,0.604,non_human,0,train
815731705,human,0.897,human,0,train
815731706,human,0.666,human,0,train
815731707,human,0.781,human,0,validation
815731708,human,0.969,human,1,train
815731709,human,0.683,non_human,0,train
815731710,non_human,0.502,non_human,0,test
815731711,human,0.899,human,0,train
815731714,human,0.984,human,1,train
815731715,human,0.869,human,0,validation
815731716,human,0.585,non_human,0,train
815731717,human,0.948,human,1,test
815731718,human,0.92,non_human,1,train
815731719,human,0.904,non_human,1,test
815731720,human,0.724,unknown,0,unknown
815731721,human,0.839,human,0,validation
815731722,human,0.938,human,1,train
815731723,human,0.752,human,0,train
815731724,human,0.551,non_human,0,train
815731725,non_human,0.654,non_human,0,train
815731726,human,0.955,human,1,train
815731727,human,0.777,human,0,train
815731728,human,0.685,human,0,train
815731729,human,0.886,human,0,train
815731730,human,0.986,human,1,test
815731732,human,0.736,human,0,train
815731733,non_human,0.85,non_human,0,test
815731734,human,0.909,human,1,validation
815731735,human,0.941,non_human,1,validation
815731736,human,0.52,non_human,0,train
815731737,human,0.832,non_human,0,validation
815731738,human,0.919,human,1,validation
815731739,human,0.987,human,1,train
815731740,human,0.791,non_human,0,train
815731741,human,0.963,human,1,train
815731742,human,0.81,unknown,0,unknown
815731743,human,0.886,human,0,train
815731744,human,0.92,human,1,train
815731745,human,0.683,non_human,0,test
815731746,human,0.884,human,0,train
815731747,human,0.879,human,0,train
815731748,human,0.738,human,0,train
815731749,human,0.899,non_human,0,train
815731750,human,0.609,human,0,train
815731751,human,0.816,human,0,train
815731752,non_human,0.739,non_human,0,train
815731753,human,0.732,non_human,0,validation
815731754,human,0.949,human,1,train
815731755,non_human,0.697,non_human,0,validation
815731756,human,0.93,human,1,train
815731757,human,0.63,unknown,0,unknown
815731758,human,0.894,human,0,train
815731759,non_human,0.913,non_human,1,validation
815731760,human,0.889,unknown,0,unknown
815731761,human,0.941,human,1,train
815731762,human,0.702,human,0,train
815731763,non_human,0.704,human,0,train
815731764,human,0.909,human,1,train
815731765,human,0.643,unknown,0,unknown
815731766,human,0.959,human,1,train
815731767,human,0.966,human,1,validation
815731768,human,0.914,human,1,train
815731770,human,0.743,human,0,train
815731771,non_human,0.566,non_human,0,train
815731772,human,0.924,non_human,1,train
815731773,human,0.906,human,1,validation
815731774,human,0.672,human,0,train
815731775,human,0.923,human,1,train
815731776,human,0.653,non_human,0,train
815731777,human,0.821,human,0,train
815731778,non_human,0.815,non_human,0,train
815731779,human,0.897,human,0,train
815731780,human,0.665,human,0,train
815731781,human,0.95,human,1,train
815731782,human,0.824,human,0,test
815731783,human,0.987,human,1,train
815731784,human,0.921,human,1,train
815731785,human,0.974,human,1,train
815731786,human,0.923,unknown,1,unknown
815731787,human,0.882,human,0,validation
815731788,human,0.804,human,0,validation
815731789,human,0.89,human,0,train
815731790,human,0.881,human,0,train
815731791,human,0.852,human,0,train
815731792,human,0.922,human,1,train
815731793,human,0.872,human,0,validation
815731794,human,0.659,human,0,train
815731795,human,0.792,human,0,validation
815731796,non_human,0.898,non_human,0,test
815731797,non_human,0.972,non_human,1,validation
815731798,human,0.937,human,1,validation
815731799,human,0.913,human,1,validation
815731800,human,0.917,human,1,validation
815731801,non_human,0.596,non_human,0,train
815731802,human,0.68,human,0,train
815731803,non_human,0.8,non_human,0,train
815731804,human,0.685,non_human,0,train
815731805,human,0.894,human,0,train
815731806,human,0.806,human,0,validation
815731807,non_human,0.8,non_human,0,train
815731808,human,0.914,human,1,train
815731809,human,0.963,human,1,train
815731810,human,0.917,non_human,1,test
815731811,human,0.784,human,0,train
815731812,human,0.598,human,0,train
815731813,human,0.939,human,1,train
815731816,human,0.886,human,0,train
815731817,human,0.945,human,1,test
815731818,human,0.902,human,1,test
815731819,human,0.907,human,1,train
815731820,human,0.793,human,0,validation
815731821,human,0.705,non_human,0,train
815731822,human,0.921,non_human,1,validation
815731823,human,0.836,non_human,0,test
815731824,non_human,0.591,non_human,0,train
815731826,non_human,0.58,non_human,0,validation
815731827,human,0.896,human,0,test
815731828,human,0.805,human,0,train
815731829,human,0.878,human,0,train
815731830,human,0.891,human,0,train
815731831,human,0.963,human,1,train
815731832,human,0.523,unknown,0,unknown
815731833,non_human,0.785,non_human,0,train
815731834,human,0.85,human,0,validation
815731835,human,0.874,human,0,train
815731836,human,0.876,human,0,test
815731837,human,0.951,human,1,test
815731838,human,0.923,human,1,train
815731839,human,0.852,human,0,train
815731840,human,0.948,human,1,train
815731841,human,0.8,human,0,train
815731842,human,0.917,unknown,1,unknown
815731843,human,0.895,human,0,train
815731844,human,0.934,non_human,1,test
815731845,human,0.948,non_human,1,validation
815731846,human,0.738,human,0,test
815731847,human,0.931,human,1,test
815731848,human,0.933,human,1,test
815731849,human,0.856,human,0,train
815731850,human,0.931,human,1,train
815731851,non_human,0.7,non_human,0,test
815731852,human,0.934,human,1,test
815731853,human,0.743,human,0,train
815731854,human,0.795,human,0,train
815731855,non_human,0.722,non_human,0,train
815731856,non_human,0.837,non_human,0,train
815731857,human,0.701,human,0,train
815731858,non_human,0.868,non_human,0,train
815731859,human,0.929,human,1,validation
815731862,human,0.877,human,0,test
815731863,non_human,0.898,non_human,0,train
815731864,human,0.911,human,1,train
815731865,human,0.663,human,0,test
815731866,human,0.775,human,0,train
815731868,human,0.78,human,0,train
815731869,human,0.844,human,0,train
815731870,human,0.911,human,1,train
815731871,human,0.783,human,0,train
815731872,non_human,0.642,non_human,0,train
815731873,human,0.788,human,0,train
815731874,human,0.728,human,0,train
815731875,human,0.948,human,1,train
815731876,human,0.89,human,0,validation
815731877,human,0.83,human,0,train
815731878,human,0.873,human,0,train
815731879,human,0.972,human,1,train
815731880,human,0.732,human,0,test
815731881,human,0.586,human,0,train
815731882,non_human,0.711,non_human,0,train
815731883,human,0.967,human,1,train
815731884,human,0.829,human,0,validation
815731885,human,0.829,human,0,train
815731886,human,0.632,human,0,validation
815731887,human,0.775,human,0,validation
815731888,non_human,0.935,non_human,1,train
815731889,human,0.779,non_human,0,train
815731890,non_human,0.602,human,0,validation
815731891,human,0.556,non_human,0,train
815731892,human,0.861,human,0,train
815731893,human,0.847,human,0,train
815731894,human,0.814,non_human,0,validation
815731895,human,0.608,human,0,train
815731896,human,0.853,non_human,0,validation
815731897,non_human,0.654,human,0,train
815731898,human,0.584,non_human,0,train
815731899,human,0.882,human,0,train
815731901,human,0.88,human,0,train
815731902,human,0.754,human,0,train
815731903,human,0.919,human,1,train
815731904,non_human,0.549,human,0,validation
815731905,human,0.962,human,1,train
815731906,human,0.804,human,0,train
815731907,human,0.932,human,1,validation
815731908,human,0.997,human,1,validation
815731909,human,0.839,human,0,train
815731910,human,0.875,human,0,train
815731911,non_human,0.859,non_human,0,train
815731912,human,0.788,human,0,train
815731913,human,0.504,non_human,0,train
815731914,non_human,0.755,non_human,0,train
815731915,human,0.905,unknown,1,unknown
815731918,non_human,0.915,non_human,1,train
815731919,human,0.959,human,1,test
815731920,human,0.88,human,0,train
815731921,human,0.954,human,1,validation
815731922,human,0.955,human,1,test
815731923,non_human,0.551,human,0,validation
815731924,human,0.881,human,0,train
815731925,human,0.565,non_human,0,train
815731926,non_human,0.647,non_human,0,validation
815731927,non_human,0.914,non_human,1,validation
815731928,human,0.507,unknown,0,unknown
815731929,human,0.943,human,1,train
815731930,human,0.969,human,1,train
815731931,non_human,0.555,human,0,train
815731932,human,0.966,human,1,train
815731935,human,0.974,human,1,test
815731936,human,0.935,human,1,test
815731937,human,0.955,human,1,validation
815731938,human,0.981,non_human,1,validation
815731939,non_human,0.913,non_human,1,validation
815731940,non_human,0.6,non_human,0,test
815731942,human,0.78,human,0,train
815731943,human,0.807,human,0,train
815731944,human,0.796,human,0,train
815731945,human,0.947,human,1,test
815731946,non_human,0.606,human,0,train
815731947,human,0.726,human,0,train
815731948,human,0.949,human,1,train
815731949,human,0.509,human,0,train
815731950,human,0.88,human,0,validation
815731951,human,0.951,human,1,validation
815731952,human,0.737,human,0,train
815731953,non_human,0.866,non_human,0,train
815731954,human,0.983,human,1,test
815731955,human,0.859,human,0,train
815731956,human,0.556,non_human,0,test
815731957,human,0.817,human,0,validation
815731959,non_human,0.571,non_human,0,train
815731960,non_human,0.95,non_human,1,train
815731961,human,0.94,human,1,test
815731962,human,0.969,human,1,train
815731963,human,0.613,non_human,0,train
815731964,human,0.929,human,1,validation
815731965,human,0.928,human,1,test
815731966,human,0.805,human,0,train
815731968,human,0.968,human,1,train
815731969,human,0.904,human,1,test
815731970,human,0.805,human,0,train
815731971,human,0.952,human,1,train
815731972,human,0.623,human,0,validation
815731973,human,0.892,non_human,0,test
815731974,human,0.856,human,0,validation
815731975,human,0.95,human,1,train
815731976,human,0.834,human,0,train
815731977,human,0.889,human,0,train
815731978,non_human,0.696,non_human,0,train
815731979,human,0.911,human,1,train
815731980,non_human,0.591,non_human,0,train
815731981,non_human,0.898,non_human,0,test
815731982,human,0.941,human,1,train
815731983,human,0.533,human,0,train
815731986,human,0.82,human,0,train
815731987,human,0.581,human,0,train
815731988,human,0.969,human,1,train
815731989,human,0.545,non_human,0,train
815731990,human,0.711,human,0,validation
815731992,human,0.793,non_human,0,test
815731993,human,0.644,human,0,train
815731994,human,0.707,human,0,test
815731995,human,0.961,human,1,test
815731996,human,0.573,non_human,0,test
815731997,human,0.729,non_human,0,train
815731998,human,0.81,human,0,train
815731999,human,0.898,human,0,train
815732000,human,0.926,human,1,validation
815732001,human,0.897,human,0,train
815732002,human,0.983,human,1,validation
815732003,human,0.967,human,1,validation
815732004,human,0.84,non_human,0,train
815732005,human,0.922,human,1,test
815732006,human,0.958,human,1,test
815732007,human,0.924,human,1,validation
815732008,human,0.829,human,0,train
815732009,human,0.56,non_human,0,train
815732010,human,0.835,human,0,train
815732011,human,0.625,human,0,train
815732012,human,0.86,non_human,0,train
815732013,non_human,0.551,non_human,0,train
815732014,human,0.752,human,0,train
815732015,human,0.73,human,0,train
815732016,non_human,0.784,non_human,0,train
815732017,human,0.9,human,1,train
815732022,human,0.754,non_human,0,train
815732023,non_human,0.624,non_human,0,validation
815732024,human,0.514,non_human,0,train
815732025,human,0.866,human,0,train
815732026,non_human,0.868,non_human,0,train
815732027,human,0.964,human,1,train
815732028,human,0.848,human,0,train
815732029,human,0.836,human,0,test
815732030,non_human,0.75,non_human,0,validation
815732031,human,0.827,human,0,validation
815732032,human,0.93,human,1,validation
815732033,human,0.896,human,0,train
815732034,non_human,0.815,non_human,0,train
815732035,non_human,0.651,non_human,0,test
815732036,human,0.901,non_human,1,train
815732037,human,0.715,non_human,0,train
815732038,human,0.926,human,1,test
815732039,human,0.716,non_human,0,test
815732040,human,0.916,human,1,train
815732041,human,0.963,human,1,validation
815732042,human,0.908,human,1,train
815732043,human,0.98,human,1,train
815732044,human,0.933,human,1,train
815732045,human,0.834,human,0,train
815732046,human,0.912,human,1,validation
815732047,non_human,0.515,human,0,train
815732048,human,0.954,human,1,validation
815732049,non_human,0.734,non_human,0,test
815732050,human,0.852,human,0,train
815732051,human,0.965,human,1,train
815732052,human,0.858,human,0,validation
815732053,human,0.748,human,0,test
815732054,human,0.96,human,1,train
815732055,human,0.771,human,0,train
815732056,human,0.968,human,1,validation
815732057,human,0.946,human,1,test
815732058,non_human,0.838,non_human,0,train
815732059,human,0.842,human,0,validation
815732060,non_human,0.898,non_human,0,train
815732061,human,0.934,human,1,test
815732062,human,0.926,human,1,train
815732063,non_human,0.555,human,0,test
815732064,human,0.824,human,0,train
815732065,human,0.912,human,1,test
815732066,human,0.883,human,0,test
815732067,human,0.8,human,0,train
815732068,human,0.878,human,0,train
815732069,human,0.839,unknown,0,unknown
815732070,non_human,0.843,unknown,0,unknown
815732071,human,0.918,human,1,train
815732072,human,0.713,unknown,0,unknown
815732073,human,0.879,human,0,train
815732074,non_human,0.685,non_human,0,train
815732075,human,0.921,human,1,train
815732076,human,0.976,human,1,train
815732078,human,0.798,non_human,0,test
815732079,human,0.908,human,1,validation
815732080,human,0.807,human,0,train
815732081,non_human,0.601,non_human,0,train
815732082,non_human,0.911,non_human,1,validation
815732083,human,0.92,human,1,train
815732084,non_human,0.72,non_human,0,train
815732085,human,0.98,human,1,train
815732086,human,0.503,non_human,0,validation
815732087,human,0.914,human,1,train
815732088,human,0.669,human,0,test
815732089,human,0.845,human,0,validation
815732091,human,0.596,non_human,0,test
815732092,human,0.795,human,0,train
815732093,human,0.961,human,1,train
815732094,human,0.947,human,1,train
815732095,non_human,0.929,non_human,1,train
815732096,human,0.912,human,1,test
815732097,human,0.75,human,0,train
815732098,human,0.744,human,0,train
815732099,human,0.813,human,0,validation
815732100,human,0.875,human,0,test
815732101,human,0.92,human,1,train
815732102,non_human,0.886,non_human,0,train
815732103,human,0.919,human,1,train
815732104,human,0.892,human,0,train
815732105,human,0.935,non_human,1,test
815732106,human,0.952,human,1,train
815732107,human,0.741,human,0,train
815732108,human,0.768,human,0,train
815732109,human,0.901,human,1,validation
815732110,human,0.905,human,1,train
815732112,non_human,0.838,non_human,0,validation
815732113,human,0.927,human,1,train
815732114,human,0.925,human,1,train
815732115,human,0.798,human,0,train
815732116,human,0.93,human,1,train
815732117,human,0.992,human,1,validation
815732118,human,0.581,human,0,train
815732119,human,0.798,human,0,train
815732120,human,0.984,human,1,test
815732121,non_human,0.674,non_human,0,train
815732124,human,0.919,human,1,test
815732125,human,0.947,human,1,train
815732126,human,0.897,unknown,0,unknown
815732127,human,0.917,human,1,test
815732128,human,0.824,human,0,train
815732129,non_human,0.528,non_human,0,validation
815732130,human,0.901,human,1,train
815732131,human,0.889,human,0,train
815732132,human,0.908,human,1,train
815732133,human,0.711,human,0,train
815732134,human,0.926,human,1,train
815732135,human,0.856,human,0,train
815732136,human,0.762,non_human,0,validation
815732137,human,0.942,human,1,validation
815732138,non_human,0.621,non_human,0,train
815732139,human,0.958,human,1,test
815732140,human,0.987,human,1,validation
815732141,human,0.792,human,0,train
815732142,human,0.888,human,0,train
815732143,human,0.965,human,1,test
815732144,human,0.886,human,0,train
815732145,human,0.983,human,1,train
815732146,human,0.567,non_human,0,test
815732147,human,0.856,human,0,train
815732148,human,0.934,human,1,validation
815732149,human,0.694,non_human,0,train
815732150,non_human,0.713,non_human,0,validation
815732152,non_human,0.569,non_human,0,train
815732153,non_human,0.621,human,0,validation
815732154,human,0.894,human,0,validation
815732155,non_human,0.898,non_human,0,test
815732156,human,0.944,human,1,train
815732157,human,0.881,human,0,test
815732158,human,0.666,human,0,train
815732159,human,0.866,unknown,0,unknown
815732160,non_human,0.807,human,0,validation
815732161,human,0.733,unknown,0,unknown
815732162,human,0.798,human,0,validation
815732163,human,0.952,human,1,validation
815732164,human,0.82,human,0,train
815732165,human,0.88,human,0,test
815732166,human,0.889,human,0,train
815732167,human,0.884,human,0,train
815732168,human,0.566,non_human,0,train
815732169,human,0.896,human,0,test
815732170,non_human,0.644,human,0,train
815732171,human,0.871,human,0,test
815732172,human,0.942,human,1,test
815732173,non_human,0.562,non_human,0,test
815732174,human,0.882,human,0,train
815732175,human,0.842,human,0,train
815732176,human,0.788,human,0,validation
815732177,non_human,0.952,non_human,1,test
815732178,human,0.583,non_human,0,train
815732179,human,0.828,human,0,validation
815732180,human,0.955,human,1,test
815732181,human,0.865,human,0,train
815732182,human,0.813,human,0,test
815732183,human,0.548,non_human,0,test
815732184,human,0.836,human,0,train
815732185,human,0.824,human,0,validation
815732186,human,0.738,unknown,0,unknown
815732187,non_human,0.87,non_human,0,train
815732188,non_human,0.562,non_human,0,train
815732190,human,0.642,non_human,0,validation
815732191,human,0.532,non_human,0,train
815732192,human,0.917,human,1,train
815732193,non_human,0.515,human,0,test
815732194,human,0.84,human,0,train
815732195,human,0.969,human,1,train
815732196,human,0.72,human,0,validation
815732197,human,0.838,human,0,validation
815732198,human,0.69,human,0,validation
815732199,human,0.975,human,1,validation
815732200,human,0.793,human,0,train
815732201,human,0.822,human,0,test
815732202,human,0.567,unknown,0,unknown
815732203,non_human,0.632,non_human,0,test
815732204,non_human,0.588,non_human,0,test
815732205,non_human,0.714,human,0,validation
815732206,human,0.902,human,1,validation
815732207,human,0.584,non_human,0,train
815732208,human,0.903,human,1,train
815732209,human,0.668,non_human,0,validation
815732211,human,0.877,human,0,test
815732212,human,0.897,non_human,0,validation
815732213,non_human,0.691,non_human,0,train
815732214,human,0.95,human,1,train
815732215,human,0.845,human,0,test
815732216,human,0.704,human,0,test
815732217,human,0.934,human,1,train
815732218,human,0.912,human,1,train
815732219,human,0.8,unknown,0,unknown
815732220,human,0.941,human,1,test
815732221,human,0.952,human,1,train
815732222,non_human,0.915,human,1,validation
815732223,non_human,0.775,non_human,0,test
815732229,human,0.971,human,1,validation
815732230,non_human,0.626,non_human,0,train
815732231,human,0.914,human,1,validation
815732232,human,0.875,human,0,train
815732233,human,0.732,human,0,test
815732234,non_human,0.616,non_human,0,test
815732235,human,0.903,human,1,train
815732236,human,0.682,human,0,test
815732237,human,0.641,non_human,0,train
815732238,human,0.633,non_human,0,train
815732239,human,0.597,non_human,0,train
815732240,human,0.874,human,0,test
815732241,human,0.93,human,1,validation
815732242,human,0.871,human,0,train
815732243,human,0.789,human,0,train
815732244,human,0.976,human,1,train
815732245,human,0.817,human,0,test
815732246,human,0.842,non_human,0,train
815732247,non_human,0.756,non_human,0,test
815732248,human,0.854,human,0,train
815732249,human,0.877,human,0,train
815732250,non_human,0.675,non_human,0,train
815732251,human,0.959,human,1,train
815732252,human,0.823,human,0,train
815732253,human,0.831,human,0,train
815732254,non_human,0.882,non_human,0,train
815732255,human,0.788,unknown,0,unknown
815732256,human,0.899,human,0,validation
815732257,human,0.87,human,0,test
815732258,human,0.962,human,1,train
815732259,human,0.786,human,0,train
815732260,human,0.877,human,0,validation
815732261,human,0.638,human,0,train
815732262,human,0.753,human,0,test
815732263,human,0.945,human,1,train
815732264,human,0.804,human,0,validation
815732265,human,0.586,non_human,0,test
815732266,human,0.8,human,0,validation
815732267,non_human,0.696,human,0,validation
815732268,human,0.679,non_human,0,train
815732269,human,0.794,human,0,test
815732270,human,0.876,human,0,train
815732272,human,0.818,human,0,train
815732273,non_human,0.801,non_human,0,test
815732274,human,0.935,human,1,test
815732275,human,0.896,unknown,0,unknown
815732276,human,0.964,human,1,train
815732277,human,0.902,human,1,validation
815732278,human,0.869,human,0,train
815732279,human,0.95,human,1,train
815732280,human,0.879,human,0,train
815732281,human,0.919,non_human,1,train
815732282,non_human,0.898,non_human,0,train
815732283,human,0.855,human,0,train
815732284,non_human,0.748,non_human,0,train
815732285,non_human,0.788,non_human,0,validation
815732286,human,0.9,human,1,validation
815732287,non_human,0.688,human,0,test
815732288,human,0.707,human,0,train
815732289,human,0.88,human,0,train
815732290,human,0.802,non_human,0,train
815732291,non_human,0.922,non_human,1,validation
815732292,human,0.826,human,0,validation
815732293,human,0.809,human,0,train
815732294,human,0.908,human,1,train
815732295,human,0.887,human,0,test
815732296,non_human,0.521,human,0,train
815732297,human,0.776,human,0,train
815732298,human,0.755,human,0,train
815732299,human,0.604,non_human,0,train
815732300,human,0.864,human,0,train
815732301,human,0.906,human,1,validation
815732302,human,0.948,human,1,validation
815732303,non_human,0.927,non_human,1,train
815732304,non_human,0.91,non_human,1,train
815732305,human,0.714,human,0,test
815732306,human,0.874,human,0,train
815732307,human,0.869,non_human,0,train
815732308,human,0.972,human,1,train
815732309,human,0.916,human,1,validation
815732311,human,0.846,unknown,0,unknown
815732312,human,0.87,human,0,train
815732313,human,0.591,human,0,train
815732315,non_human,0.681,non_human,0,test
815732316,human,0.546,non_human,0,validation
815732317,human,0.934,human,1,train
815732319,human,0.937,human,1,validation
815732320,human,0.905,human,1,train
815732321,human,0.835,human,0,validation
815732322,human,0.85,human,0,test
815732323,human,0.81,human,0,test
815732324,human,0.873,human,0,validation
815732325,human,0.942,human,1,train
815732326,human,0.753,human,0,train
815732327,human,0.842,human,0,validation
815732333,human,0.7,non_human,0,validation
815732334,human,0.933,human,1,test
815732335,human,0.961,human,1,train
815732336,non_human,0.832,non_human,0,train
815732337,human,0.81,non_human,0,test
815732338,human,0.732,non_human,0,validation
815732340,human,0.928,human,1,train
815732341,human,0.75,non_human,0,train
815732342,non_human,0.649,non_human,0,validation
815732343,human,0.71,non_human,0,train
815732344,non_human,0.636,non_human,0,test
815732346,human,0.811,human,0,validation
815732347,human,0.901,human,1,train
815732348,human,0.807,human,0,train
815732349,human,0.826,human,0,train
815732350,human,0.806,human,0,train
815732351,non_human,0.641,non_human,0,train
815732352,human,0.917,human,1,validation
815732353,human,0.713,human,0,validation
815732354,human,0.899,human,0,train
815732355,human,0.719,human,0,train
815732356,human,0.842,human,0,train
815732357,non_human,0.536,non_human,0,validation
815732358,human,0.882,human,0,train
815732359,human,0.847,human,0,train
815732360,non_human,0.63,non_human,0,train
815732361,human,0.974,human,1,validation
815732362,non_human,0.59,unknown,0,unknown
815732363,human,0.873,human,0,train
815732364,human,0.504,non_human,0,validation
815732365,human,0.927,human,1,test
815732366,human,0.721,non_human,0,train
815732367,human,0.864,unknown,0,unknown
815732368,human,0.931,human,1,validation
815732369,human,0.59,non_human,0,validation
815732371,human,0.88,human,0,test
815732372,human,0.815,human,0,train
815732373,non_human,0.503,human,0,train
815732374,human,0.926,human,1,test
815732376,human,0.802,human,0,validation
815732377,human,0.813,unknown,0,unknown
815732378,non_human,0.898,non_human,0,validation
815732379,human,0.812,human,0,train
815732380,human,0.862,human,0,train
815732381,human,0.987,human,1,train
815732382,human,0.838,human,0,train
815732383,non_human,0.865,non_human,0,test
815732384,human,0.967,human,1,train
815732385,non_human,0.77,non_human,0,train
815732386,human,0.542,non_human,0,train
815732387,human,0.537,human,0,validation
815732388,non_human,0.693,human,0,test
815732389,human,0.78,human,0,validation
815732390,human,0.917,human,1,train
815732391,human,0.886,human,0,validation
815732392,human,0.624,human,0,validation
815732393,human,0.907,human,1,train
815732394,human,0.749,human,0,validation
815732395,human,0.651,human,0,test
815732396,non_human,0.811,non_human,0,test
815732397,human,0.867,human,0,test
815732398,human,0.545,non_human,0,train
815732399,human,0.883,unknown,0,unknown
815732400,human,0.88,human,0,train
815732401,human,0.736,human,0,validation
815732402,human,0.737,human,0,train
815732403,non_human,0.855,non_human,0,validation
815732404,human,0.829,unknown,0,unknown
815732405,human,0.942,unknown,1,unknown
815732406,non_human,0.81,non_human,0,train
815732407,human,0.75,non_human,0,validation
815732408,human,0.866,human,0,train
815732409,human,0.627,human,0,test
815732410,human,0.863,human,0,test
815732411,human,0.566,non_human,0,validation
815732412,human,0.895,human,0,train
815732413,human,0.769,human,0,test
815732414,human,0.803,non_human,0,train
815732415,human,0.851,non_human,0,train
815732416,non_human,0.689,non_human,0,train
815732417,human,0.754,non_human,0,test
815732418,non_human,0.817,non_human,0,train
815732419,non_human,0.897,non_human,0,validation
815732420,human,0.965,human,1,train
815732421,human,0.58,non_human,0,train
815732422,human,0.947,human,1,test
815732423,human,0.936,human,1,train
815732424,human,0.786,non_human,0,validation
815732425,human,0.928,human,1,train
815732426,human,0.89,human,0,train
815732427,human,0.927,human,1,validation
815732428,human,0.927,human,1,validation
815732429,human,0.782,human,0,train
815732430,human,0.937,human,1,train
815732431,human,0.596,human,0,test
815732432,human,0.732,non_human,0,test
815732436,human,0.902,human,1,train
815732437,human,0.582,human,0,test
815732438,human,0.85,human,0,train
815732439,human,0.834,human,0,train
815732440,human,0.913,human,1,train
815732441,human,0.831,human,0,train
815732442,human,0.851,human,0,validation
815732444,human,0.967,human,1,test
815732445,human,0.732,unknown,0,unknown
815732446,human,0.576,non_human,0,validation
815732448,human,0.594,non_human,0,validation
815732449,non_human,0.898,non_human,0,test
815732450,human,0.841,human,0,train
815732451,non_human,0.598,unknown,0,unknown
815732452,human,0.678,non_human,0,train
815732453,human,0.821,non_human,0,train
815732454,human,0.825,human,0,train
815732455,human,0.864,human,0,train
815732456,human,0.704,human,0,train
815732457,human,0.943,human,1,train
815732458,human,0.599,human,0,test
815732459,human,0.965,unknown,1,unknown
815732460,non_human,0.58,human,0,validation
815732461,human,0.702,non_human,0,test
815732462,human,0.938,human,1,test
815732463,human,0.631,human,0,train
815732464,non_human,0.632,non_human,0,train
815732465,human,0.933,human,1,test
815732466,human,0.909,human,1,train
815732467,human,0.659,human,0,train
815732468,human,0.719,human,0,train
815732469,human,0.798,human,0,train
815732470,human,0.837,human,0,test
815732471,non_human,0.91,non_human,1,train
815732472,human,0.976,human,1,train
815732473,human,0.782,human,0,train
815732474,human,0.869,human,0,train
815732475,non_human,0.693,non_human,0,train
815732476,human,0.934,human,1,validation
815732477,non_human,0.965,non_human,1,test
815732478,human,0.95,human,1,train
815732479,human,0.937,human,1,train
815732480,human,0.916,human,1,train
815732481,human,0.803,human,0,test
815732482,human,0.907,human,1,test
815732483,human,0.632,non_human,0,train
815732484,non_human,0.661,non_human,0,test
815732485,non_human,0.615,non_human,0,train
815732486,human,0.9,human,1,train
815732487,non_human,0.916,non_human,1,validation
815732490,human,0.952,human,1,train
815732491,human,0.606,human,0,train
815732492,human,0.764,non_human,0,train
815732493,non_human,0.841,non_human,0,train
815732494,non_human,0.841,non_human,0,train
815732495,non_human,0.638,non_human,0,validation
815732496,human,0.946,human,1,train
815732497,human,0.946,human,1,train
815732498,human,0.796,non_human,0,validation
815732499,human,0.691,non_human,0,train
815732500,human,0.933,human,1,train
815732501,human,0.759,non_human,0,validation
815732502,human,0.831,human,0,train
815732503,human,0.844,human,0,validation
815732504,human,0.807,human,0,test
815732505,human,0.943,human,1,train
815732506,human,0.877,human,0,train
815732507,human,0.689,non_human,0,validation
815732508,human,0.517,human,0,train
815732509,human,0.947,human,1,test
815732510,human,0.914,human,1,validation
815732511,human,0.964,human,1,validation
815732512,human,0.78,human,0,test
815732513,human,0.857,unknown,0,unknown
815732514,human,0.808,human,0,train
815732515,human,0.869,human,0,train
815732516,human,0.925,human,1,test
815732517,non_human,0.806,non_human,0,train
815732518,human,0.665,non_human,0,validation
815732519,human,0.906,human,1,test
815732520,non_human,0.523,non_human,0,validation
815732521,human,0.738,non_human,0,validation
815732522,human,0.959,human,1,train
815732523,human,0.78,human,0,train
815732524,human,0.934,non_human,1,validation
815732526,human,0.83,non_human,0,validation
815732527,non_human,0.512,human,0,test
815732528,human,0.901,human,1,train
815732529,human,0.652,non_human,0,train
815732530,non_human,0.561,non_human,0,test
815732531,human,0.744,non_human,0,train
815732533,human,0.924,human,1,train
815732534,human,0.728,non_human,0,train
815732535,human,0.789,non_human,0,validation
815732539,human,0.843,human,0,train
815732540,human,0.991,human,1,test
815732541,non_human,0.83,non_human,0,train
815732542,human,0.918,human,1,train
815732543,human,0.878,human,0,train
815732544,non_human,0.898,non_human,0,train
815732545,human,0.674,human,0,test
815732546,non_human,0.682,non_human,0,train
815732547,non_human,0.74,non_human,0,train
815732548,human,0.832,human,0,test
815732549,human,0.902,human,1,validation
815732551,human,0.87,human,0,test
815732552,human,0.517,human,0,train
815732553,human,0.959,human,1,train
815732554,human,0.745,human,0,train
815732556,human,0.88,human,0,train
815732557,human,0.897,unknown,0,unknown
815732558,non_human,0.601,non_human,0,train
815732559,human,0.894,human,0,train
815732560,non_human,0.669,non_human,0,validation
815732562,non_human,0.899,non_human,0,train
815732563,human,0.907,human,1,train
815732564,non_human,0.794,non_human,0,train
815732565,human,0.923,human,1,train
815732566,human,0.779,human,0,test
815732567,human,0.815,non_human,0,train
815732568,human,0.547,non_human,0,validation
815732569,non_human,0.533,non_human,0,validation
815732570,human,0.82,human,0,train
815732571,human,0.844,human,0,test
815732572,human,0.855,human,0,validation
815732573,human,0.811,unknown,0,unknown
815732574,non_human,0.906,non_human,1,train
815732575,human,0.627,human,0,train
815732576,human,0.861,non_human,0,train
815732577,non_human,0.891,non_human,0,test
815732578,human,0.779,human,0,validation
815732579,human,0.822,human,0,train
815732580,human,0.958,human,1,train
815732581,human,0.538,non_human,0,test
815732584,human,0.793,human,0,test
815732585,human,0.964,human,1,train
815732587,non_human,0.793,non_human,0,test
815732588,human,0.887,human,0,train
815732589,human,0.879,human,0,test
815732590,human,0.918,human,1,test
815732591,non_human,0.616,human,0,test
815732592,non_human,0.65,human,0,test
815732593,human,0.927,unknown,1,unknown
815732594,non_human,0.602,non_human,0,validation
815732595,non_human,0.927,non_human,1,train
815732597,human,0.987,human,1,train
815732598,non_human,0.539,non_human,0,train
815732599,human,0.71,non_human,0,train
815732600,human,0.928,human,1,train
815732601,human,0.848,human,0,test
815732602,non_human,0.539,non_human,0,train
815732603,human,0.941,human,1,train
815732604,human,0.576,non_human,0,train
815732605,human,0.623,human,0,test
815732606,human,0.882,human,0,train
815732607,human,0.921,human,1,train
815732608,non_human,0.614,non_human,0,train
815732609,human,0.637,human,0,test
815732610,human,0.962,human,1,train
815732611,non_human,0.639,non_human,0,validation
815732612,non_human,0.505,human,0,test
815732613,human,0.9,human,1,train
815732614,human,0.733,unknown,0,unknown
815732615,non_human,0.954,non_human,1,test
815732616,non_human,0.793,non_human,0,train
815732617,non_human,0.76,non_human,0,train
815732618,non_human,0.857,non_human,0,train
815732619,non_human,0.794,non_human,0,train
815732620,human,0.861,human,0,train
815732621,non_human,0.86,non_human,0,train
815732622,human,0.98,human,1,test
815732623,non_human,0.657,non_human,0,train
815732624,human,0.933,human,1,train
815732625,non_human,0.863,non_human,0,test
815732626,human,0.729,human,0,train
815732627,human,0.822,human,0,train
815732628,human,0.734,non_human,0,test
815732629,human,0.64,human,0,validation
815732630,non_human,0.876,non_human,0,train
815732631,human,0.92,human,1,train
815732632,human,0.705,human,0,validation
815732633,human,0.588,human,0,test
815732634,human,0.882,human,0,validation
815732635,non_human,0.718,non_human,0,test
815732636,human,0.933,human,1,validation
815732637,human,0.973,human,1,train
815732638,non_human,0.924,non_human,1,train
815732640,human,0.967,human,1,train
815732641,human,0.732,non_human,0,train
815732642,non_human,0.622,non_human,0,train
815732643,human,0.697,human,0,train
815732644,human,0.98,human,1,train
815732645,human,0.905,human,1,train
815732646,human,0.781,non_human,0,test
815732647,human,0.963,non_human,1,validation
815732648,non_human,0.676,non_human,0,train
815732649,human,0.858,human,0,train
815732650,human,0.869,non_human,0,validation
815732651,human,0.911,human,1,train
815732652,human,0.908,human,1,validation
815732653,non_human,0.685,non_human,0,validation
815732654,human,0.865,human,0,validation
815732656,human,0.577,human,0,test
815732657,human,0.545,non_human,0,train
815732659,human,0.958,human,1,validation
815732660,non_human,0.542,non_human,0,train
815732661,human,0.879,human,0,train
815732662,non_human,0.898,non_human,0,train
815732663,human,0.955,human,1,train
815732664,non_human,0.502,non_human,0,test
815732665,human,0.653,human,0,train
815732666,human,0.61,non_human,0,train
815732667,human,0.915,human,1,train
815732668,human,0.881,human,0,test
815732669,non_human,0.753,non_human,0,validation
815732670,human,0.851,human,0,train
815732671,human,0.973,human,1,test
815732672,human,0.732,human,0,validation
815732673,human,0.568,non_human,0,train
815732674,non_human,0.614,non_human,0,train
815732675,human,0.955,human,1,validation
815732676,human,0.818,human,0,train
815732677,human,0.942,human,1,train
815732678,human,0.507,non_human,0,test
815732680,human,0.875,human,0,train
815732682,non_human,0.612,non_human,0,test
815732683,human,0.869,human,0,train
815732684,human,0.714,human,0,test
815732685,human,0.909,human,1,train
815732686,human,0.542,human,0,train
815732687,human,0.858,human,0,train
815732688,human,0.953,human,1,validation
815732689,human,0.856,human,0,train
815732690,non_human,0.887,non_human,0,train
815732691,human,0.776,human,0,train
815732692,human,0.901,human,1,train
815732693,human,0.597,non_human,0,test
815732694,human,0.527,human,0,train
815732695,human,0.967,human,1,train
815732696,human,0.899,human,0,train
815732697,human,0.954,human,1,train
815732698,human,0.864,unknown,0,unknown
815732699,non_human,0.585,non_human,0,train
815732700,human,0.889,human,0,validation
815732701,human,0.694,human,0,train
815732702,human,0.8,human,0,train
815732703,human,0.742,non_human,0,validation
815732704,human,0.834,human,0,test
815732705,human,0.932,human,1,train
815732706,human,0.569,human,0,train
815732707,human,0.897,human,0,train
815732708,human,0.896,human,0,validation
815732709,human,0.502,non_human,0,train
815732710,human,0.941,human,1,validation
815732711,human,0.582,human,0,train
815732712,human,0.831,human,0,validation
815732713,human,0.856,human,0,validation
815732714,human,0.987,unknown,1,unknown
815732715,human,0.691,human,0,train
815732716,human,0.916,human,1,train
815732717,non_human,0.805,non_human,0,train
815732719,human,0.96,human,1,validation
815732720,human,0.928,human,1,train
815732721,human,0.705,non_human,0,train
815732722,human,0.803,human,0,validation
815732723,human,0.934,human,1,train
815732724,human,0.868,human,0,validation
815732725,human,0.668,human,0,train
815732726,non_human,0.683,non_human,0,train
815732727,human,0.897,human,0,train
815732728,human,0.925,human,1,train
815732729,human,0.908,human,1,validation
815732730,human,0.62,non_human,0,test
815732731,human,0.967,human,1,train
815732732,human,0.857,human,0,train
815732733,human,0.976,unknown,1,unknown
815732734,human,0.745,unknown,0,unknown
815732735,non_human,0.727,non_human,0,train
815732736,human,0.83,human,0,train
815732737,human,0.645,human,0,train
815732738,human,0.793,non_human,0,train
815732739,human,0.889,human,0,validation
815732742,human,0.864,human,0,train
815732743,human,0.681,human,0,train
815732744,human,0.969,human,1,test
815732745,human,0.899,human,0,train
815732746,human,0.886,human,0,train
815732747,human,0.917,human,1,train
815732748,non_human,0.959,non_human,1,train
815732749,human,0.781,human,0,validation
815732750,human,0.951,human,1,validation
815732751,human,0.948,non_human,1,validation
815732752,human,0.943,unknown,1,unknown
815732753,non_human,0.828,non_human,0,test
815732754,non_human,0.665,non_human,0,train
815732755,human,0.855,human,0,train
815732756,human,0.98,human,1,validation
815732757,human,0.922,human,1,validation
815732758,human,0.966,human,1,train
815732759,human,0.508,non_human,0,train
815732760,non_human,0.946,non_human,1,validation
815732761,non_human,0.539,non_human,0,test
815732762,non_human,0.703,non_human,0,train
815732763,human,0.666,non_human,0,train
815732764,human,0.853,human,0,test
815732765,human,0.869,human,0,test
815732766,human,0.962,human,1,test
815732767,non_human,0.534,non_human,0,train
815732769,human,0.569,non_human,0,train
815732770,non_human,0.813,non_human,0,train
815732771,human,0.912,human,1,train
815732772,non_human,0.656,human,0,validation
815732774,human,0.887,human,0,train
815732775,human,0.974,human,1,validation
815732776,non_human,0.635,human,0,train
815732777,human,0.943,human,1,train
815732778,human,0.79,human,0,train
815732779,non_human,0.898,non_human,0,train
815732780,human,0.778,non_human,0,train
815732781,human,0.725,non_human,0,train
815732782,human,0.685,non_human,0,train
815732783,non_human,0.515,non_human,0,train
815732784,human,0.884,human,0,train
815732785,human,0.922,human,1,test
815732786,human,0.803,human,0,train
815732787,human,0.86,human,0,validation
815732788,human,0.648,non_human,0,validation
815732789,human,0.753,human,0,train
815732791,human,0.901,human,1,test
815732792,human,0.95,human,1,train
815732793,human,0.936,human,1,train
815732794,human,0.699,non_human,0,train
815732795,human,0.799,human,0,validation
815732796,human,0.887,human,0,validation
815732797,non_human,0.61,non_human,0,train
815732798,human,0.829,human,0,train
815732799,human,0.838,human,0,train
815732800,non_human,0.63,non_human,0,train
815732801,human,0.541,non_human,0,train
815732802,human,0.886,human,0,train
815732803,human,0.938,human,1,validation
815732804,human,0.93,human,1,train
815732805,non_human,0.675,human,0,train
815732806,human,0.934,human,1,test
815732807,human,0.689,human,0,train
815732808,human,0.921,human,1,test
815732809,human,0.986,human,1,validation
815732811,human,0.816,human,0,train
815732812,human,0.792,human,0,train
815732813,human,0.785,human,0,train
815732814,human,0.824,non_human,0,validation
815732815,human,0.933,human,1,train
815732816,human,0.695,human,0,train
815732817,human,0.929,human,1,test
815732818,human,0.954,human,1,test
815732819,human,0.925,human,1,train
815732820,non_human,0.855,non_human,0,train
815732821,human,0.955,human,1,train
815732822,human,0.942,human,1,test
815732823,non_human,0.904,non_human,1,train
815732824,human,0.842,human,0,validation
815732825,non_human,0.821,non_human,0,validation
815732826,non_human,0.591,non_human,0,train
815732827,human,0.765,unknown,0,unknown
815732828,non_human,0.592,non_human,0,train
815732829,human,0.918,human,1,train
815732830,human,0.913,human,1,train
815732831,non_human,0.747,non_human,0,train
815732832,non_human,0.612,non_human,0,test
815732833,human,0.948,human,1,test
815732834,human,0.539,non_human,0,train
815732835,human,0.897,human,0,train
815732836,non_human,0.841,non_human,0,test
815732837,human,0.827,human,0,train
815732838,human,0.695,non_human,0,validation
815732839,non_human,0.933,non_human,1,train
815732840,human,0.91,human,1,train
815732841,human,0.966,human,1,validation
815732844,human,0.925,human,1,train
815732845,human,0.954,human,1,train
815732847,non_human,0.639,non_human,0,train
815732848,human,0.629,non_human,0,test
815732849,non_human,0.752,non_human,0,train
815732850,human,0.865,non_human,0,train
815732851,human,0.712,unknown,0,unknown
815732852,human,0.671,human,0,train
815732853,human,0.921,human,1,validation
815732854,human,0.931,human,1,validation
815732855,human,0.895,unknown,0,unknown
815732856,human,0.932,human,1,train
815732857,human,0.876,human,0,train
815732858,human,0.738,human,0,validation
815732859,human,0.864,human,0,train
815732860,human,0.73,human,0,test
815732861,human,0.568,human,0,train
815732862,human,0.923,human,1,train
815732863,human,0.578,human,0,train
815732864,human,0.922,human,1,validation
815732865,non_human,0.553,non_human,0,train
815732866,human,0.876,human,0,train
815732867,human,0.671,human,0,train
815732868,human,0.969,human,1,test
815732869,human,0.789,human,0,train
815732870,human,0.881,human,0,train
815732871,human,0.786,non_human,0,train
815732872,human,0.918,human,1,train
815732873,human,0.863,human,0,train
815732874,human,0.795,human,0,train
815732875,non_human,0.68,non_human,0,train
815732876,non_human,0.877,non_human,0,train
815732877,human,0.823,human,0,train
815732878,human,0.832,non_human,0,test
815732879,non_human,0.734,non_human,0,train
815732880,human,0.935,human,1,train
815732881,human,0.832,human,0,test
815732882,human,0.943,human,1,train
815732883,human,0.975,human,1,train
815732884,non_human,0.688,non_human,0,validation
815732885,human,0.917,unknown,1,unknown
815732886,human,0.857,human,0,validation
815732887,non_human,0.583,non_human,0,validation
815732888,human,0.968,human,1,test
815732889,human,0.905,human,1,train
815732890,human,0.76,human,0,test
815732891,human,0.98,human,1,test
815732892,human,0.801,human,0,validation
815732893,human,0.807,human,0,train
815732895,human,0.956,human,1,train
815732896,human,0.807,human,0,train
815732897,human,0.874,human,0,train
815732898,human,0.949,human,1,train
815732899,non_human,0.557,non_human,0,validation
815732900,human,0.896,human,0,train
815732901,human,0.65,non_human,0,train
815732902,non_human,0.609,non_human,0,test
815732903,human,0.933,unknown,1,unknown
815732904,human,0.861,unknown,0,unknown
815732905,human,0.611,non_human,0,test
815732906,human,0.67,human,0,test
815732907,human,0.905,human,1,train
815732908,human,0.922,human,1,validation
815732909,human,0.628,human,0,train
815732910,human,0.649,unknown,0,unknown
815732911,human,0.943,human,1,train
815732912,human,0.807,human,0,test
815732913,human,0.592,human,0,train
815732914,non_human,0.815,non_human,0,train
815732915,human,0.997,human,1,validation
815732916,human,0.827,human,0,train
815732917,human,0.624,non_human,0,train
815732918,human,0.818,human,0,test
815732919,human,0.792,human,0,test
815732920,human,0.85,non_human,0,train
815732921,non_human,0.727,human,0,validation
815732922,human,0.989,human,1,train
815732923,human,0.898,human,0,test
815732924,non_human,0.868,non_human,0,train
815732925,human,0.953,human,1,train
815732926,human,0.931,human,1,train
815732928,non_human,0.711,non_human,0,train
815732929,human,0.945,human,1,train
815732930,human,0.607,non_human,0,validation
815732931,human,0.949,human,1,train
815732932,non_human,0.634,human,0,train
815732933,human,0.722,unknown,0,unknown
815732934,non_human,0.64,non_human,0,test
815732935,human,0.745,human,0,train
815732936,human,0.776,human,0,train
815732937,human,0.737,human,0,train
815732938,human,0.761,human,0,validation
815732939,human,0.659,human,0,train
815732940,human,0.894,human,0,train
815732941,non_human,0.898,non_human,0,train
815732942,human,0.934,human,1,train
815732943,human,0.923,human,1,validation
815732945,human,0.927,human,1,test
815732946,human,0.55,human,0,validation
815732947,human,0.916,human,1,train
815732948,non_human,0.507,non_human,0,validation
815732949,human,0.888,human,0,train
815732950,non_human,0.595,non_human,0,train
815732951,human,0.766,human,0,train
815732952,human,0.938,human,1,train
815732953,human,0.797,human,0,train
815732954,non_human,0.856,non_human,0,train
815732955,human,0.671,non_human,0,train
815732956,human,0.86,human,0,test
815732957,human,0.878,unknown,0,unknown
815732958,human,0.594,human,0,validation
815732959,human,0.953,human,1,train
815732960,human,0.964,human,1,train
815732961,human,0.875,human,0,train
815732962,non_human,0.509,human,0,train
815732963,human,0.751,human,0,validation
815732964,human,0.919,human,1,test
815732965,non_human,0.547,non_human,0,test
815732967,human,0.899,human,0,train
815732968,human,0.887,human,0,validation
815732969,human,0.963,human,1,train
815732970,human,0.771,human,0,train
815732971,human,0.949,human,1,train
815732972,human,0.736,human,0,train
815732973,human,0.85,human,0,train
815732974,human,0.811,human,0,train
815732975,human,0.734,human,0,train
815732977,human,0.785,human,0,validation
815732978,human,0.694,human,0,train
815732979,non_human,0.651,non_human,0,train
815732980,human,0.912,human,1,train
815732981,human,0.807,human,0,validation
815732982,non_human,0.823,non_human,0,train
815732983,human,0.767,human,0,train
815732984,non_human,0.531,non_human,0,train
815732985,non_human,0.823,non_human,0,validation
815732986,human,0.935,human,1,test
815732987,human,0.88,human,0,validation
815732988,human,0.857,human,0,validation
815732989,human,0.622,non_human,0,validation
815732990,human,0.557,non_human,0,train
815732991,human,0.962,human,1,train
815732992,human,0.885,unknown,0,unknown
815732993,human,0.837,human,0,train
815732994,human,0.972,human,1,validation
815732995,human,0.89,unknown,0,unknown
815732996,human,0.791,human,0,validation
815732997,human,0.927,human,1,validation
815732999,human,0.973,human,1,test
815733000,human,0.956,human,1,train
815733001,non_human,0.65,non_human,0,train
815733002,human,0.764,non_human,0,train
815733003,human,0.974,human,1,train
815733004,human,0.885,human,0,train
815733005,human,0.681,non_human,0,train
815733006,human,0.857,human,0,validation
815733007,human,0.869,human,0,test
815733009,human,0.979,human,1,train
815733010,human,0.964,human,1,validation
815733011,non_human,0.758,non_human,0,train
815733012,human,0.508,non_human,0,train
815733013,human,0.81,non_human,0,test
815733014,non_human,0.514,non_human,0,test
815733015,human,0.93,human,1,train
815733017,non_human,0.739,non_human,0,train
815733018,human,0.783,human,0,test
815733019,non_human,0.948,non_human,1,train
815733020,human,0.955,unknown,1,unknown
815733021,human,0.927,human,1,train
815733022,non_human,0.504,non_human,0,train
815733023,human,0.962,human,1,validation
815733024,human,0.886,unknown,0,unknown
815733026,non_human,0.767,non_human,0,test
815733027,human,0.916,human,1,test
815733028,human,0.808,human,0,train
815733029,human,0.723,unknown,0,unknown
815733030,human,0.976,human,1,train
815733031,human,0.897,human,0,train
815733032,human,0.936,human,1,train
815733033,human,0.718,human,0,train
815733034,human,0.954,human,1,test
815733035,human,0.912,human,1,train
815733036,human,0.748,human,0,validation
815733038,non_human,0.879,non_human,0,train
815733039,human,0.968,human,1,validation
815733040,human,0.891,human,0,test
815733041,human,0.899,human,0,train
815733042,non_human,0.595,non_human,0,test
815733043,human,0.744,human,0,train
815733044,non_human,0.898,non_human,0,train
815733045,non_human,0.518,non_human,0,test
815733048,human,0.895,unknown,0,unknown
815733049,human,0.558,human,0,train
815733050,non_human,0.507,non_human,0,train
815733051,human,0.786,human,0,test
815733052,non_human,0.767,non_human,0,train
815733053,human,0.937,human,1,test
815733054,human,0.768,human,0,test
815733055,human,0.509,non_human,0,test
815733056,human,0.982,human,1,validation
815733057,non_human,0.897,non_human,0,train
815733059,non_human,0.809,non_human,0,train
815733060,human,0.848,human,0,train
815733061,human,0.932,human,1,train
815733062,human,0.884,human,0,validation
815733063,human,0.83,human,0,test
815733064,human,0.706,human,0,validation
815733066,human,0.981,non_human,1,train
815733067,human,0.779,human,0,train
815733068,human,0.635,human,0,train
815733069,human,0.983,human,1,validation
815733070,human,0.863,unknown,0,unknown
815733071,human,0.583,human,0,train
815733072,non_human,0.893,non_human,0,train
815733074,non_human,0.533,non_human,0,test
815733075,human,0.971,human,1,test
815733076,human,0.571,human,0,train
815733077,human,0.93,human,1,train
815733078,human,0.836,human,0,test
815733079,human,0.851,human,0,validation
815733080,non_human,0.521,non_human,0,train
815733081,human,0.875,human,0,train
815733083,human,0.947,human,1,train
815733084,human,0.762,human,0,test
815733085,human,0.862,human,0,train
815733086,non_human,0.652,non_human,0,validation
815733087,human,0.982,human,1,test
815733088,non_human,0.64,non_human,0,train
815733089,human,0.754,human,0,validation
815733090,human,0.901,human,1,train
815733092,non_human,0.596,non_human,0,train
815733093,human,0.621,non_human,0,validation
815733094,human,0.872,human,0,train
815733095,non_human,0.908,non_human,1,test
815733096,human,0.76,non_human,0,test
815733098,human,0.908,human,1,validation
815733099,human,0.932,human,1,train
815733100,human,0.732,non_human,0,test
815733101,non_human,0.737,non_human,0,validation
815733102,human,0.705,human,0,test
815733103,human,0.847,unknown,0,unknown
815733104,human,0.532,non_human,0,test
815733105,human,0.991,human,1,test
815733106,human,0.944,human,1,train
815733107,human,0.544,non_human,0,train
815733108,human,0.658,human,0,validation
815733109,human,0.76,human,0,test
815733110,human,0.975,human,1,train
815733111,non_human,0.831,non_human,0,train
815733112,human,0.944,human,1,train
815733114,human,0.863,human,0,train
815733115,human,0.738,human,0,validation
815733116,human,0.706,unknown,0,unknown
815733117,human,0.989,non_human,1,validation
815733118,human,0.879,human,0,train
815733119,non_human,0.836,non_human,0,train
815733120,non_human,0.633,non_human,0,train
815733121,human,0.752,non_human,0,train
815733122,human,0.95,human,1,test
815733123,non_human,0.899,non_human,0,train
815733124,human,0.936,human,1,train
815733125,human,0.934,human,1,train
815733126,human,0.927,human,1,train
815733127,human,0.735,non_human,0,test
815733128,human,0.923,unknown,1,unknown
815733129,human,0.922,unknown,1,unknown
815733130,human,0.894,non_human,0,test
815733131,human,0.967,human,1,train
815733132,human,0.964,human,1,validation
815733133,human,0.942,human,1,validation
815733134,human,0.932,human,1,train
815733135,human,0.918,human,1,train
815733136,human,0.734,non_human,0,validation
815733137,human,0.812,human,0,train
815733138,human,0.937,human,1,train
815733139,human,0.787,non_human,0,train
815733140,human,0.789,human,0,train
815733141,human,0.981,human,1,test
815733142,human,0.939,human,1,validation
815733143,human,0.576,human,0,train
815733144,human,0.861,human,0,train
815733145,human,0.842,human,0,validation
815733146,non_human,0.686,non_human,0,validation
815733147,human,0.892,human,0,train
815733151,human,0.814,human,0,train
815733152,human,0.848,human,0,train
815733153,human,0.843,non_human,0,test
815733154,human,0.512,human,0,validation
815733155,human,0.906,human,1,validation
815733156,human,0.801,human,0,test
815733157,human,0.848,human,0,train
815733158,human,0.531,non_human,0,train
815733159,human,0.939,human,1,train
815733160,human,0.862,non_human,0,train
815733161,human,0.94,human,1,train
815733162,human,0.935,human,1,train
815733163,human,0.773,human,0,validation
815733164,human,0.911,human,1,train
815733165,human,0.808,human,0,validation
815733166,non_human,0.764,non_human,0,train
815733167,human,0.963,human,1,validation
815733168,human,0.869,human,0,train
815733169,human,0.891,human,0,train
815733170,human,0.684,unknown,0,unknown
815733171,human,0.731,non_human,0,validation
815733172,human,0.903,human,1,train
815733173,non_human,0.882,unknown,0,unknown
815733174,human,0.902,non_human,1,train
815733175,human,0.933,non_human,1,test
815733176,human,0.839,non_human,0,validation
815733177,human,0.89,human,0,validation
815733178,human,0.737,human,0,train
815733179,human,0.682,human,0,validation
815733180,human,0.887,human,0,validation
815733181,human,0.728,human,0,train
815733182,human,0.76,non_human,0,test
815733183,human,0.837,human,0,validation
815733184,human,0.617,non_human,0,train
815733185,human,0.981,human,1,train
815733186,human,0.951,human,1,train
815733187,human,0.921,human,1,validation
815733188,human,0.956,human,1,train
815733189,human,0.732,human,0,train
815733190,human,0.971,human,1,validation
815733191,human,0.984,human,1,train
815733192,human,0.879,non_human,0,train
815733194,human,0.838,human,0,test
815733195,human,0.686,non_human,0,train
815733196,human,0.955,non_human,1,test
815733197,human,0.745,non_human,0,train
815733198,human,0.973,unknown,1,unknown
815733199,human,0.826,non_human,0,validation
815733200,non_human,0.516,non_human,0,test
815733201,human,0.974,human,1,test
815733202,human,0.86,non_human,0,train
815733203,non_human,0.647,non_human,0,train
815733204,human,0.854,human,0,train
815733205,non_human,0.586,non_human,0,validation
815733206,human,0.842,human,0,train
815733207,human,0.745,human,0,test
815733208,human,0.914,human,1,validation
815733209,human,0.847,human,0,train
815733210,human,0.773,human,0,test
815733211,human,0.938,human,1,test
815733212,human,0.93,human,1,train
815733213,human,0.95,human,1,validation
815733214,human,0.763,non_human,0,train
815733215,human,0.947,human,1,train
815733216,human,0.9,human,1,validation
815733217,human,0.924,human,1,train
815733218,human,0.81,human,0,train
815733220,human,0.785,non_human,0,train
815733221,human,0.829,human,0,train
815733222,human,0.683,non_human,0,train
815733223,human,0.659,human,0,train
815733224,human,0.975,human,1,train
815733225,human,0.706,unknown,0,unknown
815733226,human,0.531,non_human,0,train
815733227,human,0.605,non_human,0,validation
815733228,non_human,0.913,non_human,1,test
815733229,non_human,0.874,non_human,0,train
815733230,human,0.869,human,0,train
815733231,human,0.82,non_human,0,test
815733232,human,0.606,non_human,0,train
815733233,human,0.871,human,0,test
815733234,human,0.839,unknown,0,unknown
815733235,human,0.913,human,1,test
815733236,human,0.91,human,1,train
815733237,human,0.91,human,1,train
815733238,human,0.815,human,0,train
815733239,human,0.901,human,1,train
815733240,human,0.874,human,0,train
815733241,human,0.533,non_human,0,train
815733242,human,0.955,human,1,train
815733243,non_human,0.521,human,0,validation
815733244,human,0.89,human,0,test
815733245,human,0.899,non_human,0,validation
815733246,human,0.902,human,1,validation
815733247,human,0.929,human,1,train
815733248,human,0.964,human,1,train
815733249,human,0.657,human,0,train
815733250,human,0.971,human,1,validation
815733253,human,0.864,human,0,train
815733254,human,0.613,human,0,train
815733255,human,0.885,human,0,validation
815733256,human,0.819,human,0,train
815733257,human,0.816,human,0,train
815733258,non_human,0.802,human,0,train
815733259,human,0.923,human,1,validation
815733260,human,0.646,non_human,0,validation
815733261,human,0.939,human,1,train
815733262,human,0.809,human,0,validation
815733263,human,0.907,human,1,train
815733264,human,0.907,human,1,train
815733265,human,0.77,human,0,train
815733266,human,0.941,human,1,test
815733267,human,0.851,human,0,train
815733268,human,0.939,human,1,train
815733269,non_human,0.762,non_human,0,train
815733270,human,0.531,non_human,0,test
815733271,human,0.847,human,0,validation
815733272,non_human,0.762,non_human,0,train
815733273,human,0.581,human,0,validation
815733274,human,0.684,human,0,validation
815733275,human,0.91,human,1,train
815733276,non_human,0.722,non_human,0,train
815733277,human,0.753,non_human,0,test
815733278,human,0.888,human,0,test
815733279,human,0.682,human,0,validation
815733282,human,0.628,unknown,0,unknown
815733283,human,0.853,human,0,test
815733284,human,0.922,human,1,train
815733285,human,0.767,human,0,train
815733286,human,0.76,human,0,test
815733287,human,0.931,human,1,test
815733288,non_human,0.8,non_human,0,train
815733289,human,0.87,human,0,train
815733290,human,0.839,human,0,test
815733291,human,0.914,human,1,train
815733292,non_human,0.791,non_human,0,train
815733293,human,0.713,human,0,train
815733294,human,0.773,human,0,train
815733295,human,0.847,human,0,train
815733296,human,0.916,human,1,train
815733297,human,0.576,human,0,train
815733298,human,0.91,non_human,1,validation
815733299,non_human,0.943,non_human,1,train
815733300,human,0.953,human,1,test
815733302,human,0.859,human,0,train
815733303,human,0.98,human,1,train
815733304,human,0.938,human,1,train
815733306,human,0.865,human,0,train
815733307,human,0.895,human,0,train
815733308,human,0.97,human,1,validation
815733309,non_human,0.678,non_human,0,train
815733310,human,0.811,human,0,train
815733311,human,0.531,unknown,0,unknown
815733312,human,0.514,non_human,0,train
815733313,human,0.927,human,1,train
815733314,human,0.885,human,0,train
815733315,human,0.944,human,1,train
815733316,human,0.861,non_human,0,train
815733317,human,0.935,human,1,train
815733318,human,0.918,human,1,train
815733321,human,0.967,human,1,test
815733323,human,0.957,human,1,train
815733324,human,0.951,human,1,test
815733325,human,0.816,human,0,train
815733326,human,0.963,unknown,1,unknown
815733327,human,0.572,non_human,0,train
815733328,human,0.832,human,0,train
815733330,human,0.831,human,0,test
815733331,human,0.917,human,1,train
815733332,human,0.785,human,0,train
815733333,human,0.961,human,1,validation
815733334,human,0.531,unknown,0,unknown
815733335,human,0.844,unknown,0,unknown
815733336,non_human,0.514,non_human,0,train
815733337,human,0.888,human,0,test
815733338,human,0.724,human,0,train
815733339,human,0.963,human,1,test
815733340,human,0.701,human,0,train
815733341,human,0.935,human,1,train
815733342,human,0.927,human,1,validation
815733343,human,0.902,human,1,train
815733344,non_human,0.516,human,0,train
815733345,human,0.967,human,1,train
815733346,human,0.829,human,0,train
815733347,human,0.923,non_human,1,train
815733348,human,0.861,human,0,train
815733349,human,0.778,human,0,test
815733350,human,0.943,human,1,validation
815733351,human,0.823,human,0,train
815733352,non_human,0.609,non_human,0,train
815733355,human,0.853,human,0,validation
815733356,human,0.593,non_human,0,train
815733357,human,0.949,human,1,train
815733358,non_human,0.562,non_human,0,train
815733359,non_human,0.925,non_human,1,validation
815733360,human,0.867,human,0,train
815733361,human,0.98,human,1,test
815733362,human,0.531,human,0,train
815733363,human,0.942,human,1,train
815733364,human,0.83,human,0,validation
815733365,human,0.871,human,0,train
815733366,human,0.898,human,0,train
815733367,human,0.986,human,1,train
815733369,human,0.929,human,1,validation
815733370,human,0.936,human,1,validation
815733371,human,0.518,human,0,train
815733372,human,0.926,human,1,train
815733373,human,0.708,human,0,train
815733374,human,0.955,non_human,1,test
815733375,human,0.764,non_human,0,train
815733376,human,0.843,non_human,0,test
815733377,human,0.967,human,1,train
815733378,human,0.839,human,0,train
815733379,human,0.918,human,1,train
815733380,human,0.79,human,0,train
815733381,human,0.877,human,0,train
815733382,human,0.807,human,0,train
815733383,human,0.95,human,1,train
815733384,human,0.765,human,0,validation
815733385,human,0.957,human,1,test
815733386,human,0.945,human,1,train
815733387,human,0.948,human,1,train
815733389,human,0.995,human,1,test
815733390,human,0.945,human,1,test
815733391,human,0.975,human,1,train
815733392,non_human,0.56,non_human,0,test
815733393,human,0.531,unknown,0,unknown
815733394,non_human,0.846,non_human,0,train
815733395,human,0.784,human,0,validation
815733396,human,0.818,non_human,0,train
815733397,non_human,0.963,non_human,1,train
815733398,human,0.843,human,0,train
815733399,human,0.826,unknown,0,unknown
815733400,human,0.706,human,0,test
815733401,human,0.876,human,0,test
815733402,human,0.889,human,0,validation
815733403,human,0.824,human,0,train
815733404,human,0.921,human,1,test
815733405,human,0.976,human,1,train
815733406,human,0.767,human,0,train
815733407,human,0.896,human,0,validation
815733408,human,0.72,non_human,0,train
815733409,non_human,0.812,non_human,0,test
815733410,human,0.9,unknown,1,unknown
815733411,human,0.843,human,0,validation
815733412,human,0.975,human,1,train
815733413,human,0.745,human,0,validation
815733414,human,0.841,human,0,test
815733415,human,0.901,human,1,validation
815733416,human,0.827,human,0,train
815733417,human,0.678,human,0,train
815733418,human,0.845,human,0,train
815733419,human,0.552,non_human,0,train
815733420,human,0.93,human,1,train
815733422,human,0.86,human,0,validation
815733423,human,0.544,human,0,validation
815733425,human,0.923,human,1,train
815733426,human,0.985,human,1,train
815733427,non_human,0.646,non_human,0,train
815733428,human,0.666,unknown,0,unknown
815733429,human,0.531,human,0,validation
815733430,human,0.865,human,0,validation
815733431,human,0.927,human,1,train
815733432,non_human,0.531,non_human,0,train
815733433,human,0.86,non_human,0,train
815733434,human,0.966,human,1,train
815733435,human,0.907,human,1,train
815733436,human,0.893,human,0,train
815733437,human,0.913,human,1,train
815733438,human,0.985,human,1,train
815733439,human,0.556,unknown,0,unknown
815733441,human,0.874,human,0,train
815733442,human,0.944,human,1,train
815733443,human,0.808,non_human,0,train
815733444,non_human,0.505,non_human,0,validation
815733445,human,0.968,human,1,validation
815733447,human,0.852,human,0,train
815733448,human,0.691,non_human,0,validation
815733449,human,0.861,human,0,train
815733450,human,0.843,human,0,test
815733451,non_human,0.563,human,0,validation
815733452,human,0.531,non_human,0,train
815733453,human,0.872,human,0,train
815733454,human,0.531,human,0,validation
815733457,human,0.788,human,0,train
815733458,human,0.935,human,1,train
815733459,human,0.852,human,0,train
815733460,human,0.796,human,0,train
815733462,human,0.968,human,1,test
815733463,human,0.722,human,0,train
815733464,non_human,0.666,non_human,0,train
815733465,human,0.928,human,1,train
815733466,human,0.778,human,0,test
815733467,human,0.542,human,0,train
815733468,human,0.708,non_human,0,train
815733469,non_human,0.779,non_human,0,train
815733470,human,0.919,human,1,train
815733471,human,0.761,human,0,test
815733472,human,0.849,human,0,train
815733473,human,0.938,human,1,test
815733474,non_human,0.974,non_human,1,validation
815733475,human,0.974,human,1,test
815733476,human,0.902,human,1,train
815733477,human,0.641,human,0,test
815733479,human,0.904,human,1,train
815733480,human,0.88,non_human,0,validation
815733481,human,0.531,non_human,0,train
815733482,human,0.788,human,0,test
815733483,human,0.925,human,1,train
815733484,human,0.925,human,1,train
815733485,human,0.716,human,0,validation
815733486,human,0.986,human,1,train
815733487,human,0.849,human,0,train
815733488,non_human,0.616,non_human,0,validation
815733489,human,0.877,human,0,train
815733490,non_human,0.829,non_human,0,train
815733491,human,0.768,non_human,0,test
815733492,human,0.797,human,0,validation
815733493,human,0.911,human,1,train
815733494,human,0.739,human,0,test
815733495,human,0.866,human,0,validation
815733496,human,0.84,non_human,0,test
815733497,human,0.989,human,1,train
815733498,human,0.881,human,0,train
815733499,human,0.972,human,1,train
815733500,human,0.732,human,0,test
815733501,human,0.791,human,0,train
815733503,human,0.603,human,0,validation
815733504,human,0.755,non_human,0,train
815733505,human,0.965,human,1,train
815733506,human,0.969,human,1,train
815733507,non_human,0.881,non_human,0,train
815733508,human,0.774,human,0,train
815733509,human,0.918,human,1,train
815733510,human,0.753,human,0,train
815733511,human,0.777,human,0,validation
815733512,human,0.822,human,0,train
815733513,human,0.647,non_human,0,train
815733514,human,0.944,human,1,train
815733515,human,0.761,human,0,validation
815733516,human,0.646,human,0,test
815733517,human,0.602,unknown,0,unknown
815733518,human,0.626,human,0,train
815733519,human,0.637,non_human,0,train
815733520,human,0.909,human,1,train
815733521,human,0.995,human,1,validation
815733522,human,0.914,human,1,train
815733523,human,0.97,human,1,test
815733524,human,0.903,human,1,validation
815733525,non_human,0.609,unknown,0,unknown
815733526,human,0.879,human,0,train
815733527,human,0.933,human,1,train
815733528,human,0.857,human,0,test
815733529,human,0.847,human,0,train
815733531,human,0.978,human,1,validation
815733532,human,0.805,human,0,validation
815733533,human,0.733,unknown,0,unknown
815733534,human,0.752,unknown,0,unknown
815733535,human,0.9,human,1,test
815733536,human,0.9,human,1,train
815733537,human,0.595,human,0,train
815733538,human,0.882,human,0,test
815733539,human,0.949,human,1,validation
815733540,human,0.879,human,0,test
815733541,human,0.941,human,1,train
815733542,non_human,0.865,non_human,0,test
815733543,human,0.964,human,1,test
815733544,human,0.973,unknown,1,unknown
815733546,human,0.742,human,0,train
815733547,human,0.565,human,0,train
815733548,human,0.936,human,1,train
815733549,human,0.882,human,0,test
815733550,human,0.531,non_human,0,train
815733551,human,0.747,human,0,test
815733552,human,0.983,human,1,train
815733553,human,0.716,non_human,0,validation
815733554,human,0.605,human,0,train
815733555,human,0.844,human,0,test
815733556,human,0.616,non_human,0,train
815733557,human,0.94,human,1,train
815733558,human,0.903,human,1,test
815733559,human,0.789,human,0,validation
815733560,human,0.567,human,0,validation
815733561,human,0.905,human,1,train
815733562,human,0.586,non_human,0,train
815733563,human,0.948,human,1,train
815733564,human,0.922,human,1,test
815733565,human,0.889,unknown,0,unknown
815733566,human,0.817,human,0,validation
815733567,non_human,0.596,non_human,0,train
815733568,human,0.596,human,0,train
815733569,human,0.977,human,1,validation
815733570,human,0.704,human,0,train
815733571,human,0.953,human,1,train
815733572,human,0.909,human,1,validation
815733573,human,0.773,unknown,0,unknown
815733574,human,0.672,human,0,train
815733575,human,0.917,unknown,1,unknown
815733576,human,0.939,human,1,train
815733577,human,0.658,non_human,0,validation
815733578,human,0.834,human,0,test
815733579,human,0.858,human,0,train
815733580,human,0.886,human,0,train
815733581,human,0.96,human,1,train
815733582,non_human,0.77,non_human,0,test
815733584,non_human,0.629,non_human,0,train
815733585,human,0.86,human,0,train
815733586,human,0.531,non_human,0,validation
815733587,human,0.788,human,0,test
815733588,human,0.746,human,0,train
815733589,human,0.966,human,1,train
815733590,human,0.904,human,1,train
815733591,human,0.963,human,1,validation
815733592,human,0.956,human,1,train
815733593,human,0.551,non_human,0,train
815733594,human,0.516,non_human,0,train
815733596,human,0.721,human,0,train
815733597,human,0.751,human,0,test
815733598,human,0.808,human,0,train
815733599,human,0.819,human,0,train
815733600,human,0.931,human,1,test
815733601,human,0.849,human,0,test
815733602,human,0.941,human,1,validation
815733603,human,0.561,non_human,0,validation
815733604,human,0.776,non_human,0,validation
815733605,human,0.749,human,0,train
815733606,human,0.68,non_human,0,train
815733607,human,0.892,human,0,test
815733608,human,0.945,human,1,test
815733609,human,0.813,human,0,train
815733610,human,0.905,human,1,train
815733611,human,0.648,human,0,train
815733612,human,0.972,human,1,test
815733613,human,0.85,human,0,train
815733614,human,0.739,human,0,train
815733615,human,0.822,human,0,train
815733616,human,0.85,human,0,train
815733617,human,0.869,human,0,test
815733618,human,0.63,non_human,0,train
815733619,human,0.832,human,0,train
815733620,human,0.797,human,0,train
815733621,human,0.531,non_human,0,test
815733622,non_human,0.78,non_human,0,train
815733623,human,0.98,human,1,validation
815733624,human,0.847,human,0,train
815733625,human,0.895,human,0,train
815733626,human,0.775,human,0,test
815733627,human,0.669,human,0,train
815733628,human,0.782,human,0,train
815733630,human,0.937,human,1,train
815733631,human,0.932,unknown,1,unknown
815733632,human,0.906,human,1,train
815733633,human,0.848,human,0,validation
815733634,human,0.969,human,1,train
815733635,non_human,0.886,non_human,0,test
815733636,human,0.833,human,0,validation
815733637,human,0.886,non_human,0,train
815733638,human,0.717,unknown,0,unknown
815733639,non_human,0.978,non_human,1,test
815733641,human,0.743,human,0,validation
815733642,human,0.956,human,1,test
815733643,human,0.891,human,0,validation
815733644,human,0.718,non_human,0,train
815733645,human,0.876,human,0,train
815733646,human,0.932,human,1,train
815733647,human,0.964,human,1,test
815733648,human,0.921,human,1,train
815733649,human,0.66,non_human,0,validation
815733651,human,0.564,human,0,train
815733652,human,0.949,human,1,validation
815733653,human,0.888,human,0,train
815733654,human,0.991,human,1,test
815733655,human,0.878,human,0,train
815733656,human,0.754,human,0,test
815733657,human,0.549,human,0,train
815733660,human,0.698,human,0,train
815733661,non_human,0.632,non_human,0,validation
815733662,human,0.97,human,1,train
815733663,non_human,0.72,non_human,0,train
815733664,human,0.858,human,0,validation
815733665,non_human,0.549,non_human,0,train
815733666,human,0.786,human,0,train
815733667,human,0.91,human,1,train
815733668,human,0.813,non_human,0,train
815733669,human,0.675,human,0,train
815733670,human,0.913,human,1,train
815733671,non_human,0.899,non_human,0,test
815733672,human,0.855,human,0,validation
815733673,human,0.796,non_human,0,validation
815733675,human,0.907,non_human,1,train
815733676,human,0.979,human,1,train
815733677,human,0.786,human,0,validation
815733678,human,0.9,human,1,train
815733679,human,0.881,human,0,test
815733680,human,0.828,human,0,train
815733681,non_human,0.682,non_human,0,train
815733682,human,0.855,human,0,train
815733683,human,0.884,human,0,train
815733684,human,0.882,human,0,train
815733685,human,0.872,human,0,train
815733686,human,0.907,human,1,train
815733687,human,0.956,human,1,test
815733688,human,0.913,human,1,train
815733689,non_human,0.601,human,0,train
815733690,human,0.941,human,1,validation
815733691,human,0.926,human,1,validation
815733692,human,0.552,non_human,0,validation
815733693,human,0.712,non_human,0,validation
815733694,human,0.86,human,0,train
815733695,human,0.806,human,0,test
815733696,human,0.777,human,0,validation
815733697,non_human,0.631,non_human,0,train
815733698,human,0.712,non_human,0,train
815733699,human,0.871,human,0,train
815733701,non_human,0.861,non_human,0,validation
815733702,non_human,0.932,non_human,1,test
815733703,human,0.76,non_human,0,train
815733704,human,0.903,human,1,train
815733705,human,0.924,human,1,train
815733706,human,0.939,human,1,test
815733707,human,0.924,human,1,train
815733708,human,0.883,human,0,train
815733709,human,0.908,human,1,train
815733710,human,0.972,human,1,validation
815733711,human,0.786,human,0,train
815733712,human,0.928,human,1,test
815733713,human,0.937,human,1,test
815733714,human,0.711,human,0,test
815733715,human,0.876,human,0,train
815733716,human,0.649,non_human,0,train
815733717,human,0.81,human,0,train
815733718,human,0.608,non_human,0,train
815733719,human,0.786,human,0,train
815733720,human,0.77,unknown,0,unknown
815733721,human,0.981,human,1,validation
815733722,human,0.94,human,1,train
815733723,human,0.745,human,0,test
815733724,human,0.909,human,1,train
815733725,human,0.665,unknown,0,unknown
815733726,human,0.747,human,0,test
815733727,human,0.679,non_human,0,validation
815733728,human,0.934,human,1,train
815733729,human,0.876,non_human,0,validation
815733730,human,0.798,human,0,train
815733731,human,0.937,human,1,validation
815733732,human,0.832,human,0,train
815733733,human,0.614,non_human,0,test
815733734,human,0.819,non_human,0,train
815733735,human,0.991,human,1,validation
815733736,human,0.765,non_human,0,train
815733737,non_human,0.627,human,0,train
815733738,human,0.924,human,1,test
815733739,human,0.803,human,0,test
815733740,human,0.988,human,1,train
815733741,human,0.768,human,0,validation
815733742,human,0.856,human,0,train
815733743,human,0.721,unknown,0,unknown
815733744,non_human,0.689,non_human,0,train
815733745,human,0.897,human,0,train
815733746,non_human,0.556,non_human,0,train
815733747,human,0.863,human,0,test
815733748,human,0.747,human,0,train
815733749,human,0.919,human,1,validation
815733750,human,0.807,human,0,train
815733751,human,0.976,human,1,train
815733752,human,0.937,human,1,test
815733753,human,0.755,non_human,0,train
815733755,human,0.983,unknown,1,unknown
815733756,human,0.983,human,1,validation
815733757,human,0.727,human,0,train
815733758,human,0.927,human,1,train
815733759,human,0.87,human,0,train
815733763,human,0.849,human,0,validation
815733764,human,0.938,human,1,validation
815733765,human,0.995,human,1,train
815733766,human,0.589,human,0,train
815733767,human,0.899,human,0,validation
815733768,non_human,0.67,non_human,0,validation
815733769,human,0.78,human,0,validation
815733770,human,0.871,non_human,0,train
815733771,human,0.841,human,0,train
815733772,human,0.748,human,0,train
815733773,human,0.737,human,0,test
815733774,human,0.953,human,1,train
815733775,human,0.956,human,1,test
815733776,human,0.944,human,1,validation
815733777,human,0.905,human,1,validation
815733778,human,0.988,human,1,validation
815733780,human,0.552,human,0,validation
815733781,human,0.6,non_human,0,validation
815733782,human,0.943,human,1,train
815733783,human,0.977,human,1,train
815733785,human,0.941,human,1,train
815733786,human,0.89,human,0,train
815733788,human,0.763,human,0,train
815733789,human,0.897,human,0,test
815733790,human,0.923,human,1,train
815733791,human,0.716,human,0,test
815733792,human,0.92,unknown,1,unknown
815733793,human,0.854,non_human,0,train
815733794,human,0.98,human,1,train
815733795,human,0.739,unknown,0,unknown
815733796,human,0.801,human,0,train
815733797,human,0.862,human,0,validation
815733798,human,0.76,human,0,train
815733800,human,0.889,human,0,validation
815733801,human,0.965,human,1,test
815733802,human,0.889,human,0,train
815733803,human,0.889,human,0,train
815733804,human,0.773,human,0,train
815733805,human,0.835,human,0,train
815733806,human,0.544,human,0,train
815733807,human,0.972,human,1,train
815733808,human,0.985,human,1,train
815733809,human,0.942,human,1,train
815733810,human,0.674,non_human,0,train
815733811,non_human,0.606,non_human,0,validation
815733812,human,0.961,human,1,train
815733813,human,0.873,human,0,train
815733814,human,0.807,human,0,train
815733815,human,0.962,human,1,validation
815733817,human,0.985,human,1,validation
815733818,human,0.963,human,1,train
815733819,human,0.896,human,0,test
815733821,human,0.944,human,1,train
815733822,human,0.899,unknown,0,unknown
815733823,human,0.755,human,0,validation
815733824,human,0.876,human,0,train
815733825,human,0.559,unknown,0,unknown
815733826,human,0.935,human,1,validation
815733828,non_human,0.549,non_human,0,train
815733829,human,0.954,human,1,train
815733830,human,0.792,unknown,0,unknown
815733831,non_human,0.793,non_human,0,test
815733833,human,0.791,human,0,test
815733835,non_human,0.607,non_human,0,train
815733836,human,0.819,human,0,train
815733837,non_human,0.747,non_human,0,train
815733839,human,0.822,human,0,train
815733840,human,0.957,human,1,train
815733841,human,0.918,human,1,test
815733842,human,0.912,human,1,train
815733843,human,0.917,human,1,validation
815733844,human,0.779,human,0,train
815733845,human,0.832,non_human,0,test
815733846,human,0.928,human,1,train
815733847,human,0.93,human,1,test
815733848,human,0.854,human,0,train
815733849,human,0.878,human,0,train
815733850,human,0.94,human,1,validation
815733851,human,0.693,non_human,0,train
815733852,human,0.541,human,0,validation
815733853,human,0.801,human,0,validation
815733854,human,0.861,human,0,train
815733855,human,0.928,human,1,test
815733856,human,0.962,human,1,train
815733857,human,0.908,unknown,1,unknown
815733858,non_human,0.539,non_human,0,train
815733859,human,0.853,human,0,train
815733860,non_human,0.501,human,0,test
815733861,human,0.737,non_human,0,validation
815733862,human,0.839,human,0,train
815733866,human,0.9,human,1,test
815733867,human,0.792,human,0,train
815733868,human,0.945,human,1,validation
815733869,human,0.871,unknown,0,unknown
815733870,human,0.984,human,1,validation
815733871,human,0.876,human,0,test
815733872,human,0.872,human,0,train
815733873,human,0.95,human,1,train
815733874,human,0.876,human,0,train
815733875,human,0.952,human,1,validation
815733876,human,0.944,human,1,validation
815733877,human,0.982,human,1,train
815733879,non_human,0.574,non_human,0,test
815733880,human,0.96,human,1,train
815733881,human,0.946,human,1,validation
815733882,human,0.702,human,0,validation
815733883,human,0.952,human,1,train
815733884,human,0.881,human,0,train
815733885,human,0.745,human,0,validation
815733886,human,0.905,human,1,train
815733887,human,0.888,human,0,train
815733889,human,0.895,human,0,validation
815733890,human,0.775,human,0,test
815733891,human,0.545,non_human,0,test
815733892,human,0.574,human,0,train
815733893,human,0.789,human,0,test
815733894,human,0.749,human,0,train
815733895,non_human,0.642,non_human,0,validation
815733896,human,0.943,human,1,train
815733897,human,0.795,human,0,validation
815733898,human,0.88,unknown,0,unknown
815733899,human,0.725,human,0,train
815733900,human,0.776,human,0,train
815733901,human,0.724,non_human,0,test
815733902,human,0.896,human,0,test
815733903,non_human,0.736,non_human,0,test
815733904,human,0.834,human,0,train
815733905,human,0.845,human,0,train
815733906,human,0.841,human,0,validation
815733907,human,0.857,human,0,test
815733908,human,0.856,human,0,test
815733909,human,0.938,human,1,train
815733911,human,0.947,human,1,test
815733912,human,0.902,human,1,validation
815733913,human,0.927,human,1,validation
815733914,human,0.956,human,1,validation
815733915,human,0.957,human,1,train
815733916,human,0.985,human,1,validation
815733917,human,0.958,human,1,train
815733918,human,0.809,human,0,test
815733919,human,0.948,human,1,train
815733920,human,0.694,human,0,train
815733921,non_human,0.54,non_human,0,train
815733922,human,0.787,non_human,0,test
815733923,human,0.852,human,0,train
815733924,human,0.876,non_human,0,test
815733925,human,0.965,unknown,1,unknown
815733926,human,0.927,human,1,validation
815733927,human,0.891,human,0,train
815733928,human,0.913,human,1,test
815733929,non_human,0.532,non_human,0,train
815733930,human,0.7,human,0,train
815733931,human,0.881,human,0,validation
815733932,human,0.849,human,0,train
815733933,human,0.625,human,0,train
815733934,human,0.971,human,1,train
815733935,human,0.616,human,0,train
815733936,human,0.886,human,0,train
815733937,human,0.947,human,1,train
815733938,human,0.892,human,0,train
815733939,human,0.799,human,0,train
815733940,human,0.813,human,0,train
815733941,human,0.953,human,1,train
815733942,human,0.838,non_human,0,train
815733943,non_human,0.798,non_human,0,test
815733944,human,0.939,human,1,test
815733945,human,0.903,human,1,train
815733946,human,0.728,human,0,train
815733947,non_human,0.542,non_human,0,train
815733948,human,0.828,human,0,train
815733949,human,0.87,human,0,train
815733950,human,0.795,human,0,train
815733951,human,0.965,human,1,train
815733952,human,0.866,human,0,train
815733953,human,0.866,non_human,0,validation
815733954,human,0.911,human,1,validation
815733955,human,0.883,human,0,train
815733956,human,0.817,human,0,train
815733957,human,0.711,human,0,validation
815733958,human,0.625,human,0,train
815733959,human,0.752,human,0,test
815733960,non_human,0.892,non_human,0,train
815733961,human,0.63,human,0,test
815733962,human,0.903,human,1,train
815733963,human,0.928,human,1,train
815733964,human,0.868,human,0,train
815733966,human,0.855,non_human,0,test
815733967,human,0.958,human,1,validation
815733968,human,0.904,human,1,train
815733969,human,0.851,human,0,train
815733970,human,0.96,human,1,train
815733971,human,0.625,non_human,0,train
815733972,human,0.909,human,1,validation
815733974,human,0.832,human,0,test
815733975,human,0.75,human,0,test
815733976,human,0.931,human,1,train
815733977,human,0.943,human,1,train
815733978,human,0.763,human,0,train
815733979,human,0.947,human,1,validation
815733981,human,0.983,human,1,train
815733982,human,0.856,human,0,test
815733983,human,0.745,human,0,validation
815733985,human,0.927,human,1,train
815733986,human,0.509,human,0,validation
815733987,human,0.869,human,0,train
815733988,human,0.794,human,0,train
815733989,human,0.619,human,0,train
815733990,human,0.87,human,0,train
815733991,human,0.88,human,0,train
815733992,human,0.945,non_human,1,validation
815733993,human,0.818,human,0,validation
815733995,human,0.707,human,0,train
815733996,human,0.782,human,0,validation
815733997,human,0.91,human,1,test
815733998,human,0.654,non_human,0,train
815733999,human,0.504,non_human,0,train
815734000,human,0.686,human,0,train
815734001,human,0.97,human,1,train
815734002,human,0.876,human,0,test
815734003,human,0.927,human,1,train
815734004,human,0.874,human,0,validation
815734006,non_human,0.54,human,0,test
815734007,human,0.943,human,1,validation
815734008,human,0.702,non_human,0,train
815734010,human,0.934,human,1,validation
815734011,human,0.943,human,1,train
815734012,human,0.911,human,1,train
815734015,human,0.914,non_human,1,test
815734016,human,0.956,human,1,validation
815734017,human,0.856,human,0,train
815734018,human,0.893,human,0,test
815734019,human,0.887,human,0,validation
815734020,human,0.848,human,0,train
815734021,human,0.879,human,0,train
815734022,non_human,0.546,human,0,validation
815734023,human,0.919,human,1,train
815734024,human,0.959,human,1,train
815734025,human,0.699,human,0,test
815734026,human,0.817,human,0,validation
815734028,human,0.835,human,0,train
815734029,human,0.855,human,0,validation
815734030,human,0.869,human,0,train
815734031,human,0.952,unknown,1,unknown
815734032,human,0.95,human,1,validation
815734033,human,0.919,non_human,1,test
815734034,human,0.888,human,0,validation
815734036,human,0.923,human,1,test
815734037,human,0.933,non_human,1,validation
815734038,human,0.765,non_human,0,train
815734039,human,0.829,human,0,train
815734041,human,0.892,human,0,train
815734042,non_human,0.897,non_human,0,validation
815734043,human,0.901,human,1,train
815734044,human,0.769,non_human,0,test
815734045,human,0.967,human,1,validation
815734046,human,0.953,human,1,test
815734047,human,0.869,human,0,train
815734048,human,0.924,human,1,test
815734049,human,0.924,human,1,test
815734051,human,0.778,human,0,train
815734052,non_human,0.635,non_human,0,train
815734053,human,0.959,human,1,validation
815734054,human,0.808,human,0,train
815734055,non_human,0.507,human,0,train
815734056,non_human,0.725,non_human,0,train
815734057,human,0.923,human,1,train
815734058,non_human,0.728,non_human,0,train
815734059,human,0.852,human,0,validation
815734060,human,0.87,human,0,validation
815734062,human,0.748,human,0,validation
815734063,human,0.78,human,0,train
815734064,human,0.962,human,1,train
815734068,human,0.642,non_human,0,test
815734069,human,0.953,human,1,train
815734070,human,0.927,human,1,train
815734071,human,0.926,human,1,train
815734072,human,0.817,human,0,train
815734073,human,0.655,human,0,train
815734074,human,0.978,human,1,test
815734075,human,0.64,non_human,0,train
815734076,human,0.746,human,0,validation
815734077,human,0.73,unknown,0,unknown
815734078,human,0.694,non_human,0,train
815734079,non_human,0.805,non_human,0,train
815734080,non_human,0.644,unknown,0,unknown
815734081,human,0.852,human,0,test
815734083,human,0.889,human,0,train
815734084,human,0.786,non_human,0,test
815734085,non_human,0.734,non_human,0,test
815734086,human,0.839,human,0,validation
815734087,human,0.86,human,0,validation
815734088,human,0.944,human,1,train
815734089,human,0.789,human,0,train
815734090,human,0.506,non_human,0,test
815734091,human,0.876,human,0,test
815734092,human,0.806,human,0,train
815734093,human,0.831,human,0,test
815734094,human,0.915,human,1,train
815734095,non_human,0.575,non_human,0,validation
815734096,human,0.848,human,0,train
815734097,human,0.826,non_human,0,validation
815734098,human,0.91,human,1,train
815734099,human,0.807,human,0,train
815734100,human,0.816,human,0,validation
815734101,non_human,0.524,non_human,0,train
815734104,non_human,0.848,non_human,0,train
815734105,human,0.904,human,1,train
815734106,human,0.763,human,0,validation
815734107,human,0.794,human,0,train
815734108,non_human,0.6,human,0,train
815734109,human,0.949,human,1,test
815734110,non_human,0.654,non_human,0,test
815734111,human,0.947,human,1,validation
815734112,human,0.95,human,1,test
815734113,human,0.935,human,1,train
815734114,human,0.911,human,1,test
815734115,human,0.604,human,0,train
815734117,human,0.961,human,1,validation
815734118,human,0.986,human,1,test
815734120,human,0.699,human,0,train
815734121,human,0.883,human,0,train
815734122,human,0.78,human,0,train
815734123,human,0.845,human,0,train
815734124,human,0.762,non_human,0,validation
815734125,human,0.821,unknown,0,unknown
815734126,human,0.711,human,0,train
815734127,human,0.812,human,0,train
815734128,human,0.786,human,0,train
815734129,human,0.928,human,1,train
815734130,non_human,0.68,non_human,0,validation
815734131,human,0.895,human,0,test
815734132,non_human,0.918,non_human,1,train
815734133,human,0.844,non_human,0,test
815734134,non_human,0.811,non_human,0,test
815734135,human,0.965,human,1,validation
815734136,non_human,0.656,non_human,0,validation
815734137,human,0.607,human,0,test
815734138,human,0.881,human,0,train
815734139,human,0.869,human,0,test
815734140,human,0.66,non_human,0,train
815734141,human,0.784,human,0,train
815734142,human,0.93,human,1,train
815734143,human,0.752,human,0,train
815734144,human,0.94,human,1,train
815734145,human,0.799,human,0,train
815734148,human,0.617,human,0,train
815734149,non_human,0.56,non_human,0,train
815734150,human,0.871,human,0,train
815734151,human,0.75,human,0,test
815734152,human,0.932,human,1,train
815734153,human,0.974,human,1,test
815734154,human,0.716,non_human,0,train
815734155,human,0.844,human,0,train
815734156,human,0.777,non_human,0,train
815734157,human,0.868,human,0,test
815734158,human,0.894,human,0,train
815734159,non_human,0.634,human,0,train
815734160,non_human,0.53,human,0,validation
815734161,human,0.713,human,0,train
815734163,human,0.967,human,1,validation
815734164,human,0.968,human,1,test
815734165,human,0.952,human,1,train
815734166,human,0.957,human,1,validation
815734167,human,0.912,human,1,test
815734169,non_human,0.786,non_human,0,train
815734170,human,0.864,human,0,train
815734171,human,0.84,non_human,0,test
815734172,human,0.852,human,0,train
815734173,human,0.942,unknown,1,unknown
815734174,human,0.979,human,1,test
815734175,human,0.793,human,0,train
815734176,human,0.731,human,0,test
815734177,non_human,0.934,non_human,1,test
815734178,human,0.596,human,0,train
815734180,non_human,0.52,human,0,test
815734181,human,0.682,non_human,0,train
815734182,human,0.931,human,1,train
815734183,human,0.924,human,1,train
815734184,human,0.932,human,1,validation
815734185,human,0.829,human,0,train
815734186,human,0.819,human,0,validation
815734187,human,0.909,human,1,train
815734188,human,0.516,human,0,validation
815734189,human,0.89,human,0,test
815734190,human,0.962,human,1,train
815734191,human,0.943,human,1,train
815734192,human,0.771,non_human,0,validation
815734193,human,0.617,human,0,test
815734194,human,0.809,non_human,0,train
815734196,human,0.9,human,1,train
815734197,human,0.902,human,1,validation
815734198,human,0.925,human,1,train
815734199,human,0.908,human,1,test
815734200,human,0.958,human,1,train
815734201,human,0.916,human,1,validation
815734202,human,0.908,human,1,train
815734203,human,0.82,human,0,train
815734204,human,0.796,non_human,0,test
815734205,human,0.976,human,1,test
815734206,human,0.844,human,0,train
815734207,human,0.502,non_human,0,train
815734208,human,0.852,human,0,train
815734209,human,0.655,human,0,train
815734210,human,0.583,non_human,0,train
815734211,human,0.905,human,1,train
815734212,human,0.616,non_human,0,train
815734213,human,0.845,human,0,validation
815734214,human,0.889,human,0,train
815734215,human,0.853,human,0,train
815734216,human,0.953,human,1,train
815734217,human,0.88,non_human,0,train
815734218,human,0.552,human,0,train
815734219,human,0.689,human,0,train
815734220,human,0.882,human,0,train
815734221,human,0.886,human,0,validation
815734222,non_human,0.731,non_human,0,train
815734223,human,0.967,human,1,train
815734224,non_human,0.592,non_human,0,train
815734225,human,0.663,human,0,train
815734227,human,0.882,non_human,0,train
815734228,human,0.571,non_human,0,train
815734229,human,0.987,human,1,validation
815734230,human,0.953,human,1,train
815734231,human,0.973,human,1,train
815734232,human,0.915,human,1,train
815734233,human,0.973,human,1,train
815734234,human,0.738,human,0,test
815734235,human,0.96,human,1,test
815734236,human,0.969,human,1,train
815734237,human,0.689,human,0,test
815734238,human,0.898,human,0,train
815734239,human,0.768,human,0,train
815734240,human,0.949,human,1,validation
815734241,human,0.706,human,0,train
815734242,human,0.785,unknown,0,unknown
815734243,human,0.769,human,0,train
815734244,human,0.708,non_human,0,train
815734245,human,0.938,unknown,1,unknown
815734246,human,0.705,human,0,test
815734247,human,0.933,human,1,test
815734248,human,0.739,human,0,train
815734249,human,0.777,human,0,train
815734250,human,0.895,human,0,test
815734251,human,0.897,human,0,validation
815734252,human,0.816,human,0,test
815734254,human,0.767,non_human,0,validation
815734255,human,0.89,human,0,train
815734256,human,0.855,human,0,train
815734257,human,0.567,unknown,0,unknown
815734258,human,0.993,human,1,train
815734259,human,0.939,human,1,train
815734261,human,0.888,human,0,test
815734262,non_human,0.617,non_human,0,test
815734263,human,0.797,human,0,train
815734264,human,0.87,human,0,train
815734265,human,0.967,human,1,validation
815734266,human,0.988,human,1,train
815734267,human,0.634,human,0,validation
815734268,human,0.781,human,0,train
815734272,human,0.939,human,1,train
815734273,human,0.985,human,1,train
815734274,human,0.964,human,1,train
815734275,human,0.966,human,1,test
815734276,human,0.788,human,0,validation
815734277,human,0.529,human,0,validation
815734278,human,0.988,human,1,train
815734279,human,0.898,human,0,validation
815734280,human,0.853,human,0,test
815734281,human,0.919,human,1,train
815734282,human,0.903,human,1,test
815734283,human,0.87,human,0,test
815734284,human,0.819,human,0,train
815734286,human,0.731,non_human,0,validation
815734287,human,0.709,human,0,validation
815734288,human,0.94,human,1,test
815734289,human,0.907,human,1,train
815734290,human,0.776,human,0,train
815734291,human,0.879,human,0,validation
815734292,non_human,0.928,non_human,1,train
815734293,human,0.903,human,1,train
815734294,human,0.934,human,1,train
815734295,human,0.959,human,1,test
815734296,human,0.836,unknown,0,unknown
815734297,human,0.888,human,0,train
815734298,human,0.819,human,0,validation
815734299,non_human,0.798,human,0,train
815734300,human,0.864,human,0,train
815734301,human,0.918,human,1,train
815734302,human,0.832,human,0,train
815734303,non_human,0.578,non_human,0,validation
815734304,human,0.671,non_human,0,validation
815734305,human,0.789,human,0,test
815734306,human,0.75,human,0,train
815734307,human,0.866,human,0,test
815734308,non_human,0.643,non_human,0,train
815734309,human,0.9,human,1,train
815734310,human,0.901,human,1,train
815734312,human,0.975,human,1,train
815734313,human,0.758,human,0,validation
815734314,human,0.934,human,1,test
815734315,non_human,0.967,non_human,1,train
815734316,non_human,0.634,human,0,test
815734317,human,0.665,human,0,train
815734318,human,0.903,human,1,test
815734319,non_human,0.594,human,0,train
815734320,human,0.955,human,1,test
815734321,human,0.857,non_human,0,test
815734322,human,0.676,human,0,train
815734323,human,0.9,human,1,validation
815734324,human,0.8,human,0,train
815734325,human,0.833,human,0,train
815734326,human,0.916,human,1,test
815734327,non_human,0.802,non_human,0,validation
815734328,human,0.921,unknown,1,unknown
815734329,human,0.879,human,0,validation
815734330,human,0.757,human,0,validation
815734331,human,0.693,non_human,0,validation
815734333,human,0.928,unknown,1,unknown
815734334,human,0.787,non_human,0,train
815734335,non_human,0.945,non_human,1,train
815734336,human,0.885,human,0,train
815734337,human,0.907,human,1,train
815734338,human,0.892,human,0,train
815734339,human,0.886,human,0,train
815734340,human,0.849,human,0,train
815734341,non_human,0.829,non_human,0,train
815734342,human,0.755,non_human,0,validation
815734343,human,0.581,non_human,0,train
815734344,human,0.857,human,0,train
815734346,human,0.778,unknown,0,unknown
815734347,human,0.82,human,0,train
815734348,human,0.898,human,0,train
815734349,human,0.911,unknown,1,unknown
815734350,human,0.667,non_human,0,train
815734351,human,0.926,human,1,train
815734352,human,0.949,unknown,1,unknown
815734353,human,0.845,human,0,test
815734354,human,0.982,human,1,train
815734355,human,0.949,human,1,train
815734356,human,0.854,human,0,train
815734357,human,0.764,human,0,train
815734358,human,0.615,unknown,0,unknown
815734359,non_human,0.756,non_human,0,train
815734360,human,0.963,human,1,train
815734361,human,0.976,human,1,validation
815734362,human,0.735,human,0,train
815734363,human,0.766,human,0,test
815734365,human,0.914,human,1,train
815734366,human,0.856,human,0,train
815734367,human,0.625,non_human,0,test
815734368,human,0.888,human,0,test
815734369,human,0.709,non_human,0,test
815734370,human,0.913,human,1,test
815734371,non_human,0.568,human,0,validation
815734375,human,0.633,non_human,0,test
815734376,human,0.829,human,0,train
815734377,non_human,0.651,human,0,train
815734378,human,0.933,human,1,train
815734379,human,0.918,human,1,train
815734380,human,0.759,non_human,0,train
815734381,non_human,0.821,human,0,train
815734382,human,0.931,human,1,train
815734383,human,0.889,human,0,validation
815734384,human,0.766,human,0,train
815734385,human,0.871,human,0,validation
815734386,human,0.928,human,1,train
815734387,human,0.812,unknown,0,unknown
815734388,human,0.924,human,1,validation
815734389,human,0.89,human,0,train
815734390,human,0.93,human,1,train
815734391,human,0.836,unknown,0,unknown
815734392,human,0.683,human,0,train
815734393,human,0.913,human,1,test
815734394,human,0.973,human,1,train
815734395,human,0.606,unknown,0,unknown
815734396,human,0.901,human,1,train
815734397,human,0.786,non_human,0,train
815734398,human,0.865,non_human,0,train
815734399,human,0.868,human,0,train
815734400,human,0.783,human,0,train
815734401,human,0.915,human,1,train
815734402,non_human,0.81,non_human,0,train
815734403,human,0.942,human,1,train
815734404,human,0.911,human,1,validation
815734406,human,0.717,human,0,test
815734407,non_human,0.652,non_human,0,train
815734408,non_human,0.892,non_human,0,train
815734409,human,0.981,human,1,validation
815734410,human,0.787,non_human,0,train
815734411,human,0.987,human,1,train
815734412,human,0.819,unknown,0,unknown
815734413,human,0.785,human,0,test
815734414,human,0.963,human,1,train
815734415,human,0.808,non_human,0,train
815734416,human,0.819,human,0,validation
815734417,human,0.852,human,0,train
815734419,human,0.898,human,0,test
815734420,human,0.828,non_human,0,test
815734421,human,0.916,human,1,train
815734422,human,0.869,human,0,validation
815734423,human,0.899,human,0,train
815734424,human,0.962,human,1,test
815734425,human,0.894,non_human,0,train
815734426,human,0.818,human,0,train
815734427,human,0.898,human,0,train
815734428,human,0.969,human,1,validation
815734429,human,0.98,human,1,validation
815734430,human,0.504,human,0,train
815734432,human,0.947,human,1,train
815734433,non_human,0.877,non_human,0,train
815734434,human,0.962,human,1,train
815734435,non_human,0.573,non_human,0,train
815734436,human,0.638,human,0,train
815734437,non_human,0.561,non_human,0,train
815734438,human,0.91,human,1,train
815734439,human,0.698,human,0,train
815734440,human,0.936,human,1,validation
815734441,non_human,0.937,non_human,1,train
815734442,human,0.703,human,0,train
815734443,human,0.92,human,1,train
815734444,non_human,0.898,non_human,0,train
815734445,human,0.87,human,0,train
815734446,human,0.878,human,0,train
815734447,human,0.678,human,0,validation
815734448,human,0.833,human,0,validation
815734449,human,0.903,human,1,train
815734450,human,0.635,human,0,train
815734451,human,0.787,non_human,0,train
815734452,non_human,0.726,non_human,0,test
815734453,human,0.904,human,1,train
815734454,human,0.868,human,0,train
815734455,non_human,0.658,human,0,validation
815734457,human,0.684,human,0,train
815734458,non_human,0.565,human,0,train
815734459,human,0.69,human,0,train
815734460,human,0.825,human,0,validation
815734461,human,0.897,human,0,train
815734462,human,0.87,human,0,train
815734463,human,0.967,human,1,validation
815734465,non_human,0.724,non_human,0,test
815734466,human,0.939,human,1,test
815734467,human,0.927,human,1,train
815734468,human,0.921,human,1,train
815734469,human,0.957,human,1,train
815734470,human,0.794,human,0,train
815734471,human,0.75,human,0,validation
815734472,human,0.976,human,1,train
815734473,human,0.963,human,1,validation
815734474,human,0.958,human,1,train
815734477,human,0.722,non_human,0,train
815734478,human,0.839,human,0,test
815734479,human,0.742,non_human,0,validation
815734480,human,0.914,human,1,train
815734481,human,0.922,human,1,test
815734482,human,0.822,human,0,train
815734483,human,0.933,human,1,train
815734484,human,0.742,human,0,train
815734485,human,0.977,human,1,train
815734486,human,0.736,human,0,train
815734487,non_human,0.717,non_human,0,validation
815734488,human,0.844,human,0,validation
815734489,non_human,0.616,non_human,0,train
815734490,human,0.761,human,0,train
815734491,human,0.7,human,0,validation
815734492,human,0.901,human,1,train
815734493,human,0.863,human,0,train
815734494,human,0.898,human,0,train
815734496,human,0.807,human,0,train
815734497,human,0.75,unknown,0,unknown
815734498,human,0.802,human,0,train
815734499,human,0.774,human,0,train
815734500,human,0.943,human,1,train
815734501,human,0.949,human,1,train
815734502,human,0.812,non_human,0,train
815734505,human,0.769,unknown,0,unknown
815734506,human,0.69,human,0,test
815734507,human,0.907,human,1,train
815734509,human,0.905,human,1,train
815734510,human,0.969,human,1,validation
815734511,human,0.5,non_human,0,train
815734512,non_human,0.819,non_human,0,test
815734513,human,0.745,non_human,0,train
815734514,human,0.913,human,1,test
815734515,human,0.955,human,1,train
815734516,human,0.958,human,1,train
815734517,human,0.91,human,1,train
815734518,human,0.916,unknown,1,unknown
815734519,human,0.598,non_human,0,train
815734520,human,0.93,human,1,train
815734521,human,0.895,human,0,test
815734522,human,0.89,human,0,test
815734523,human,0.933,human,1,validation
815734524,human,0.814,non_human,0,train
815734525,human,0.777,unknown,0,unknown
815734526,human,0.975,human,1,test
815734527,human,0.976,human,1,validation
815734528,human,0.927,human,1,train
815734529,human,0.903,human,1,train
815734530,human,0.561,non_human,0,test
815734531,human,0.856,human,0,train
815734532,human,0.953,human,1,validation
815734533,human,0.954,human,1,validation
815734535,human,0.878,human,0,train
815734536,human,0.986,human,1,validation
815734537,human,0.891,human,0,test
815734538,human,0.887,human,0,train
815734539,human,0.853,unknown,0,unknown
815734540,human,0.613,human,0,train
815734541,human,0.954,human,1,train
815734542,human,0.901,human,1,train
815734543,human,0.799,human,0,validation
815734544,human,0.95,human,1,train
815734545,non_human,0.769,non_human,0,test
815734546,human,0.932,human,1,train
815734547,human,0.601,non_human,0,train
815734548,non_human,0.561,non_human,0,train
815734550,non_human,0.73,non_human,0,validation
815734551,human,0.736,human,0,train
815734552,human,0.968,unknown,1,unknown
815734553,human,0.967,human,1,test
815734554,human,0.95,human,1,train
815734555,human,0.7,human,0,test
815734556,non_human,0.817,non_human,0,validation
815734557,human,0.942,human,1,train
815734558,human,0.974,human,1,train
815734559,human,0.804,non_human,0,train
815734560,human,0.814,human,0,train
815734561,human,0.855,non_human,0,train
815734562,human,0.804,human,0,train
815734563,non_human,0.538,human,0,validation
815734564,human,0.688,non_human,0,train
815734566,human,0.908,human,1,train
815734567,non_human,0.575,non_human,0,train
815734568,human,0.969,human,1,test
815734569,human,0.879,human,0,train
815734570,human,0.878,human,0,validation
815734571,human,0.862,human,0,test
815734572,human,0.916,human,1,train
815734573,human,0.934,non_human,1,validation
815734574,human,0.91,non_human,1,train
815734575,human,0.916,human,1,train
815734576,human,0.977,human,1,train
815734580,human,0.827,human,0,test
815734581,human,0.885,human,0,test
815734582,human,0.721,human,0,validation
815734584,human,0.93,human,1,train
815734585,human,0.885,human,0,train
815734586,human,0.97,human,1,test
815734587,human,0.913,human,1,train
815734588,human,0.775,human,0,validation
815734589,human,0.9,human,1,test
815734590,human,0.706,non_human,0,train
815734591,human,0.786,human,0,train
815734592,human,0.967,unknown,1,unknown
815734593,non_human,0.598,non_human,0,train
815734594,human,0.744,human,0,train
815734595,human,0.967,human,1,train
815734596,human,0.917,human,1,train
815734598,human,0.835,human,0,train
815734599,human,0.984,human,1,train
815734600,human,0.682,non_human,0,train
815734601,human,0.898,human,0,validation
815734602,human,0.77,human,0,train
815734603,human,0.908,human,1,validation
815734606,human,0.883,human,0,train
815734607,human,0.982,human,1,train
815734608,human,0.763,human,0,train
815734610,human,0.916,unknown,1,unknown
815734611,human,0.952,human,1,train
815734612,human,0.928,human,1,validation
815734613,human,0.673,non_human,0,train
815734614,human,0.896,human,0,validation
815734615,human,0.96,human,1,test
815734616,human,0.743,human,0,train
815734617,human,0.675,human,0,validation
815734618,human,0.853,human,0,train
815734619,human,0.966,human,1,train
815734620,human,0.857,unknown,0,unknown
815734621,non_human,0.868,non_human,0,validation
815734622,non_human,0.829,non_human,0,train
815734623,human,0.833,human,0,train
815734624,human,0.836,human,0,train
815734625,human,0.864,human,0,validation
815734626,human,0.932,unknown,1,unknown
815734627,human,0.959,human,1,train
815734628,human,0.967,human,1,train
815734629,non_human,0.554,non_human,0,train
815734630,human,0.796,human,0,train
815734631,human,0.781,human,0,test
815734632,human,0.876,human,0,validation
815734633,non_human,0.701,non_human,0,test
815734634,non_human,0.819,non_human,0,train
815734635,non_human,0.748,non_human,0,test
815734636,human,0.968,human,1,test
815734637,human,0.721,unknown,0,unknown
815734638,human,0.917,unknown,1,unknown
815734639,human,0.722,non_human,0,validation
815734640,human,0.556,human,0,test
815734641,human,0.924,human,1,train
815734642,human,0.851,human,0,validation
815734643,human,0.819,human,0,test
815734644,human,0.756,human,0,train
815734645,human,0.679,human,0,train
815734646,human,0.952,unknown,1,unknown
815734647,human,0.93,human,1,train
815734648,human,0.855,unknown,0,unknown
815734649,human,0.784,human,0,test
815734650,human,0.523,non_human,0,validation
815734651,human,0.945,human,1,validation
815734652,human,0.785,unknown,0,unknown
815734653,human,0.911,human,1,test
815734654,human,0.805,human,0,test
815734655,human,0.554,non_human,0,validation
815734656,non_human,0.924,non_human,1,test
815734657,human,0.904,human,1,test
815734658,human,0.882,human,0,test
815734659,non_human,0.714,non_human,0,test
815734660,non_human,0.717,non_human,0,train
815734661,human,0.853,human,0,test
815734662,human,0.865,human,0,train
815734663,human,0.871,human,0,train
815734664,human,0.697,non_human,0,train
815734665,non_human,0.625,non_human,0,train
815734666,human,0.862,human,0,train
815734667,human,0.715,human,0,train
815734668,human,0.903,human,1,test
815734669,human,0.914,human,1,test
815734670,non_human,0.636,non_human,0,train
815734671,human,0.949,human,1,train
815734672,human,0.762,human,0,validation
815734673,human,0.782,human,0,train
815734674,human,0.861,human,0,train
815734675,human,0.873,human,0,train
815734676,non_human,0.596,non_human,0,test
815734677,human,0.603,human,0,test
815734678,human,0.926,human,1,test
815734679,human,0.978,human,1,train
815734682,human,0.915,human,1,train
815734683,human,0.903,human,1,train
815734684,human,0.89,human,0,train
815734685,human,0.907,unknown,1,unknown
815734686,non_human,0.88,non_human,0,train
815734687,human,0.848,human,0,train
815734689,human,0.737,human,0,train
815734690,human,0.808,non_human,0,train
815734691,non_human,0.639,non_human,0,train
815734692,human,0.9,human,1,test
815734693,human,0.89,human,0,test
815734694,human,0.858,human,0,validation
815734695,human,0.9,human,1,train
815734696,human,0.971,unknown,1,unknown
815734697,human,0.835,human,0,test
815734698,human,0.801,human,0,train
815734699,human,0.899,human,0,train
815734700,human,0.884,human,0,train
815734702,human,0.981,human,1,train
815734703,human,0.782,human,0,train
815734704,human,0.951,human,1,train
815734705,human,0.928,human,1,train
815734706,human,0.718,human,0,train
815734708,human,0.933,human,1,train
815734709,non_human,0.757,non_human,0,train
815734710,human,0.96,human,1,train
815734711,human,0.938,human,1,train
815734712,human,0.9,human,1,train
815734713,human,0.945,human,1,train
815734714,human,0.819,human,0,test
815734715,non_human,0.818,non_human,0,train
815734716,human,0.884,human,0,validation
815734717,human,0.942,human,1,train
815734718,human,0.978,human,1,train
815734719,non_human,0.513,non_human,0,validation
815734720,human,0.784,human,0,validation
815734721,human,0.82,human,0,train
815734722,human,0.855,human,0,train
815734723,human,0.862,unknown,0,unknown
815734724,non_human,0.688,non_human,0,test
815734726,human,0.907,human,1,validation
815734728,human,0.744,human,0,validation
815734729,human,0.95,human,1,test
815734730,human,0.614,human,0,train
815734731,human,0.867,human,0,validation
815734732,human,0.673,human,0,train
815734733,human,0.955,human,1,train
815734734,human,0.868,human,0,validation
815734735,human,0.949,human,1,train
815734737,human,0.588,human,0,train
815734738,human,0.895,human,0,test
815734739,human,0.923,human,1,train
815734740,human,0.917,human,1,train
815734741,human,0.947,human,1,train
815734742,non_human,0.951,non_human,1,train
815734743,human,0.851,human,0,train
815734744,human,0.854,human,0,validation
815734745,human,0.934,human,1,validation
815734746,non_human,0.512,non_human,0,train
815734747,human,0.89,human,0,train
815734748,human,0.868,human,0,validation
815734749,human,0.762,human,0,train
815734750,human,0.528,human,0,train
815734751,human,0.742,human,0,train
815734753,human,0.975,human,1,train
815734754,human,0.928,human,1,train
815734755,human,0.776,human,0,train
815734756,human,0.771,human,0,train
815734757,human,0.949,human,1,validation
815734758,human,0.984,human,1,test
815734759,human,0.953,human,1,test
815734760,human,0.655,non_human,0,test
815734761,human,0.87,human,0,train
815734762,human,0.977,human,1,train
815734763,human,0.722,unknown,0,unknown
815734764,human,0.968,human,1,train
815734765,non_human,0.801,non_human,0,test
815734766,human,0.845,human,0,train
815734767,human,0.562,non_human,0,train
815734768,human,0.989,human,1,train
815734769,human,0.919,human,1,train
815734770,human,0.774,non_human,0,test
815734771,human,0.942,human,1,test
815734772,human,0.563,non_human,0,validation
815734773,human,0.86,human,0,train
815734774,non_human,0.822,non_human,0,train
815734775,human,0.786,human,0,train
815734776,human,0.888,non_human,0,validation
815734777,non_human,0.846,non_human,0,train
815734778,human,0.784,human,0,train
815734779,human,0.843,human,0,train
815734780,human,0.973,human,1,test
815734781,non_human,0.816,non_human,0,train
815734784,human,0.873,human,0,test
815734785,human,0.916,human,1,train
815734786,human,0.853,human,0,train
815734787,human,0.795,human,0,validation
815734788,human,0.647,non_human,0,validation
815734789,human,0.722,human,0,train
815734790,human,0.888,non_human,0,train
815734791,human,0.951,human,1,train
815734792,human,0.722,non_human,0,train
815734793,human,0.918,human,1,train
815734794,human,0.788,human,0,test
815734795,human,0.85,human,0,train
815734796,human,0.958,human,1,train
815734797,non_human,0.737,non_human,0,train
815734798,human,0.933,human,1,train
815734799,human,0.669,non_human,0,train
815734800,non_human,0.576,non_human,0,validation
815734801,human,0.836,human,0,train
815734802,human,0.637,human,0,validation
815734803,human,0.768,human,0,validation
815734804,human,0.797,human,0,train
815734805,human,0.823,non_human,0,train
815734806,human,0.755,human,0,train
815734807,human,0.959,human,1,validation
815734808,human,0.785,non_human,0,train
815734809,human,0.906,human,1,train
815734810,human,0.858,human,0,train
815734811,human,0.787,unknown,0,unknown
815734812,human,0.767,unknown,0,unknown
815734814,human,0.965,human,1,validation
815734815,human,0.897,human,0,train
815734816,human,0.758,unknown,0,unknown
815734817,human,0.769,human,0,train
815734818,human,0.945,human,1,train
815734819,human,0.878,human,0,test
815734820,non_human,0.64,non_human,0,validation
815734821,non_human,0.931,non_human,1,train
815734822,human,0.961,human,1,train
815734823,human,0.974,human,1,train
815734824,human,0.693,unknown,0,unknown
815734825,human,0.894,human,0,train
815734826,human,0.961,human,1,train
815734827,human,0.787,non_human,0,train
815734828,human,0.668,human,0,train
815734829,non_human,0.573,non_human,0,train
815734830,human,0.97,human,1,train
815734831,human,0.958,human,1,train
815734833,human,0.865,human,0,train
815734834,human,0.946,human,1,test
815734835,human,0.652,human,0,validation
815734836,non_human,0.88,unknown,0,unknown
815734837,human,0.933,human,1,train
815734838,human,0.888,human,0,test
815734839,human,0.928,human,1,validation
815734841,human,0.735,human,0,train
815734842,human,0.748,human,0,test
815734843,human,0.92,human,1,validation
815734844,human,0.747,human,0,train
815734845,human,0.739,non_human,0,test
815734846,non_human,0.523,human,0,test
815734847,human,0.978,human,1,train
815734848,human,0.8,human,0,train
815734849,human,0.887,human,0,train
815734850,human,0.881,human,0,validation
815734851,human,0.993,human,1,train
815734852,human,0.668,human,0,train
815734853,human,0.922,human,1,train
815734854,human,0.7,human,0,train
815734855,human,0.828,non_human,0,train
815734856,human,0.934,human,1,validation
815734857,human,0.919,human,1,test
815734858,human,0.898,human,0,test
815734859,human,0.975,human,1,validation
815734860,non_human,0.679,non_human,0,train
815734861,human,0.86,unknown,0,unknown
815734862,human,0.953,human,1,train
815734863,human,0.918,human,1,test
815734864,human,0.964,human,1,train
815734865,human,0.897,human,0,train
815734866,human,0.724,human,0,test
815734867,human,0.85,human,0,train
815734868,human,0.984,human,1,train
815734869,human,0.906,human,1,train
815734870,human,0.925,human,1,train
815734871,non_human,0.531,non_human,0,train
815734872,human,0.777,human,0,train
815734873,human,0.958,human,1,train
815734874,non_human,0.818,non_human,0,train
815734875,non_human,0.729,non_human,0,train
815734876,human,0.924,human,1,train
815734877,human,0.976,non_human,1,validation
815734878,human,0.77,human,0,validation
815734879,human,0.843,human,0,validation
815734880,non_human,0.875,non_human,0,train
815734881,human,0.862,human,0,test
815734882,human,0.889,human,0,test
815734888,human,0.989,human,1,validation
815734889,human,0.98,human,1,train
815734890,human,0.912,human,1,train
815734892,human,0.844,human,0,train
815734893,human,0.812,human,0,test
815734894,human,0.897,human,0,test
815734896,non_human,0.516,non_human,0,validation
815734897,human,0.794,human,0,train
815734898,human,0.864,human,0,validation
815734899,human,0.675,human,0,train
815734901,human,0.776,human,0,train
815734902,human,0.873,human,0,train
815734903,human,0.984,human,1,validation
815734904,human,0.893,human,0,validation
815734905,human,0.942,human,1,test
815734906,human,0.958,human,1,train
815734908,non_human,0.845,non_human,0,test
815734909,human,0.693,human,0,test
815734910,human,0.849,human,0,train
815734911,human,0.784,non_human,0,test
815734913,human,0.545,non_human,0,train
815734915,human,0.961,human,1,validation
815734917,human,0.88,unknown,0,unknown
815734918,non_human,0.792,non_human,0,train
815734919,human,0.978,human,1,test
815734920,human,0.947,human,1,train
815734922,human,0.969,human,1,train
815734923,human,0.915,human,1,validation
815734924,human,0.822,human,0,validation
815734925,human,0.546,non_human,0,train
815734926,human,0.978,human,1,validation
815734927,non_human,0.665,non_human,0,validation
815734928,human,0.577,non_human,0,train
815734930,human,0.842,human,0,train
815734931,non_human,0.837,non_human,0,train
815734932,human,0.888,human,0,test
815734934,human,0.852,human,0,train
815734935,human,0.571,unknown,0,unknown
815734936,human,0.938,human,1,validation
815734937,non_human,0.573,non_human,0,train
815734939,non_human,0.868,non_human,0,test
815734940,human,0.885,human,0,train
815734941,human,0.948,human,1,train
815734942,human,0.764,human,0,train
815734943,human,0.938,human,1,train
815734944,human,0.866,human,0,train
815734945,human,0.731,human,0,train
815734946,human,0.922,human,1,train
815734947,human,0.932,human,1,train
815734948,human,0.867,non_human,0,test
815734949,human,0.952,human,1,train
815734950,non_human,0.559,non_human,0,train
815734951,human,0.949,human,1,train
815734952,human,0.935,human,1,train
815734953,non_human,0.665,unknown,0,unknown
815734954,non_human,0.715,non_human,0,validation
815734955,human,0.887,human,0,train
815734956,human,0.91,human,1,validation
815734957,human,0.984,human,1,train
815734958,human,0.962,human,1,test
815734959,human,0.962,human,1,train
815734960,human,0.912,human,1,train
815734961,human,0.881,human,0,train
815734962,human,0.898,human,0,test
815734963,human,0.957,human,1,train
815734964,human,0.818,non_human,0,test
815734965,human,0.927,non_human,1,validation
815734966,human,0.976,human,1,test
815734967,human,0.778,human,0,validation
815734968,human,0.937,human,1,train
815734969,human,0.846,human,0,test
815734970,human,0.73,human,0,train
815734972,human,0.965,human,1,train
815734973,human,0.633,human,0,validation
815734974,human,0.862,human,0,train
815734975,human,0.751,human,0,test
815734976,human,0.915,human,1,train
815734977,human,0.715,human,0,test
815734978,human,0.933,human,1,test
815734979,human,0.9,human,1,validation
815734980,human,0.682,human,0,train
815734981,human,0.961,human,1,train
815734982,human,0.902,human,1,test
815734984,human,0.901,human,1,validation
815734985,human,0.857,human,0,validation
815734986,human,0.787,human,0,train
815734987,human,0.945,human,1,train
815734992,human,0.807,human,0,test
815734993,human,0.783,unknown,0,unknown
815734994,human,0.943,human,1,train
815734996,human,0.755,non_human,0,train
815734997,human,0.765,human,0,validation
815734998,human,0.885,human,0,train
815734999,non_human,0.507,non_human,0,train
815735000,non_human,0.801,non_human,0,train
815735001,human,0.96,human,1,train
815735002,human,0.954,human,1,train
815735003,human,0.902,human,1,test
815735004,human,0.891,human,0,train
815735005,human,0.719,non_human,0,train
815735006,human,0.759,human,0,test
815735007,human,0.965,human,1,train
815735008,human,0.663,non_human,0,train
815735009,human,0.886,human,0,train
815735010,human,0.742,human,0,test
815735011,human,0.806,human,0,validation
815735012,human,0.774,unknown,0,unknown
815735013,human,0.968,human,1,train
815735014,human,0.765,human,0,train
815735015,human,0.854,human,0,train
815735016,human,0.958,human,1,train
815735017,human,0.881,human,0,validation
815735018,human,0.646,human,0,test
815735019,human,0.954,human,1,test
815735020,human,0.98,human,1,train
815735021,human,0.961,human,1,train
815735023,human,0.542,non_human,0,train
815735024,human,0.96,human,1,train
815735025,human,0.875,human,0,train
815735026,human,0.647,human,0,validation
815735027,human,0.964,human,1,test
815735029,human,0.908,human,1,train
815735030,human,0.943,human,1,validation
815735031,human,0.71,non_human,0,validation
815735032,human,0.87,human,0,train
815735034,human,0.955,human,1,test
815735035,non_human,0.697,non_human,0,train
815735036,human,0.512,non_human,0,train
815735037,human,0.93,human,1,train
815735038,human,0.842,human,0,train
815735039,human,0.919,human,1,train
815735041,human,0.854,human,0,train
815735042,human,0.985,unknown,1,unknown
815735043,human,0.804,unknown,0,unknown
815735044,non_human,0.583,human,0,train
815735045,human,0.907,human,1,validation
815735046,human,0.856,human,0,train
815735047,human,0.907,human,1,train
815735048,human,0.943,human,1,train
815735049,human,0.867,human,0,train
815735050,human,0.517,human,0,validation
815735052,human,0.675,non_human,0,train
815735053,non_human,0.531,non_human,0,train
815735054,human,0.981,human,1,test
815735055,human,0.838,non_human,0,test
815735056,human,0.97,human,1,train
815735057,human,0.951,human,1,train
815735058,human,0.879,human,0,train
815735059,human,0.677,human,0,test
815735060,human,0.861,non_human,0,validation
815735061,human,0.818,human,0,train
815735062,human,0.9,human,1,test
815735063,human,0.914,human,1,train
815735065,human,0.799,human,0,test
815735066,human,0.634,human,0,train
815735067,human,0.811,human,0,test
815735068,human,0.699,human,0,test
815735069,human,0.969,human,1,validation
815735070,human,0.908,unknown,1,unknown
815735072,human,0.982,human,1,train
815735074,human,0.883,human,0,train
815735075,human,0.871,human,0,validation
815735076,human,0.801,human,0,train
815735077,human,0.897,human,0,test
815735078,human,0.938,human,1,train
815735079,human,0.823,human,0,train
815735080,human,0.99,human,1,train
815735081,non_human,0.762,human,0,test
815735082,human,0.948,human,1,train
815735083,non_human,0.581,non_human,0,train
815735084,human,0.895,human,0,train
815735085,human,0.874,human,0,train
815735086,human,0.896,human,0,test
815735087,human,0.961,human,1,train
815735088,human,0.927,human,1,validation
815735089,human,0.84,human,0,train
815735090,human,0.971,human,1,train
815735091,human,0.901,unknown,1,unknown
815735092,human,0.977,human,1,train
815735093,human,0.951,human,1,train
815735094,human,0.851,human,0,train
815735095,human,0.832,human,0,train
815735096,non_human,0.551,non_human,0,validation
815735097,human,0.74,human,0,test
815735098,human,0.907,human,1,train
815735099,human,0.516,non_human,0,test
815735100,human,0.778,human,0,train
815735101,human,0.843,human,0,train
815735102,human,0.907,human,1,validation
815735103,human,0.906,non_human,1,test
815735104,human,0.721,non_human,0,validation
815735105,non_human,0.754,non_human,0,train
815735106,human,0.617,non_human,0,train
815735107,human,0.96,human,1,train
815735108,human,0.879,human,0,test
815735109,human,0.876,human,0,validation
815735110,human,0.884,human,0,train
815735111,human,0.842,human,0,train
815735112,human,0.906,human,1,train
815735113,human,0.975,human,1,train
815735114,non_human,0.864,non_human,0,train
815735115,human,0.882,human,0,train
815735116,human,0.864,human,0,train
815735118,human,0.897,human,0,validation
815735119,human,0.768,human,0,train
815735121,human,0.702,human,0,train
815735122,human,0.811,human,0,train
815735123,human,0.691,non_human,0,train
815735124,human,0.855,human,0,validation
815735125,human,0.765,unknown,0,unknown
815735126,human,0.665,human,0,test
815735127,human,0.924,human,1,test
815735128,human,0.596,non_human,0,train
815735129,human,0.949,human,1,train
815735130,human,0.901,human,1,validation
815735131,human,0.87,human,0,train
815735132,human,0.96,human,1,train
815735134,human,0.89,human,0,train
815735135,human,0.855,human,0,train
815735136,human,0.871,human,0,train
815735137,non_human,0.768,human,0,train
815735138,human,0.909,non_human,1,test
815735141,non_human,0.884,non_human,0,train
815735142,human,0.91,human,1,validation
815735143,human,0.755,unknown,0,unknown
815735144,human,0.797,human,0,train
815735145,human,0.88,human,0,train
815735146,non_human,0.595,non_human,0,train
815735147,non_human,0.943,non_human,1,train
815735149,human,0.949,human,1,test
815735150,human,0.884,human,0,test
815735151,human,0.834,human,0,validation
815735152,human,0.888,human,0,train
815735153,non_human,0.872,non_human,0,train
815735154,human,0.894,human,0,train
815735155,human,0.745,human,0,train
815735156,human,0.873,non_human,0,test
815735158,human,0.696,human,0,train
815735159,human,0.95,human,1,train
815735160,human,0.977,human,1,test
815735161,non_human,0.754,non_human,0,test
815735162,non_human,0.53,non_human,0,train
815735163,non_human,0.971,non_human,1,train
815735164,human,0.963,human,1,train
815735165,human,0.966,human,1,train
815735166,human,0.751,human,0,train
815735167,human,0.82,unknown,0,unknown
815735168,human,0.897,human,0,test
815735169,human,0.928,human,1,train
815735170,human,0.925,human,1,validation
815735171,human,0.738,human,0,train
815735172,human,0.629,non_human,0,test
815735173,human,0.807,non_human,0,train
815735174,human,0.73,human,0,train
815735177,human,0.651,human,0,train
815735179,human,0.95,human,1,train
815735180,human,0.975,human,1,validation
815735181,non_human,0.918,non_human,1,train
815735182,non_human,0.676,non_human,0,train
815735183,human,0.919,human,1,train
815735184,human,0.865,human,0,train
815735185,human,0.898,unknown,0,unknown
815735186,human,0.788,human,0,train
815735187,human,0.913,human,1,test
815735188,human,0.516,non_human,0,train
815735189,human,0.973,human,1,train
815735190,human,0.962,human,1,train
815735191,human,0.578,non_human,0,train
815735196,human,0.625,human,0,train
815735197,human,0.656,non_human,0,test
815735198,human,0.944,human,1,train
815735199,human,0.978,human,1,test
815735200,human,0.797,non_human,0,validation
815735201,human,0.626,human,0,test
815735202,human,0.77,non_human,0,train
815735203,human,0.883,human,0,test
815735204,human,0.899,unknown,0,unknown
815735206,human,0.956,human,1,validation
815735207,human,0.984,human,1,train
815735208,human,0.692,human,0,test
815735209,human,0.865,human,0,validation
815735210,human,0.771,human,0,train
815735211,human,0.943,human,1,test
815735212,human,0.948,human,1,train
815735213,non_human,0.67,non_human,0,train
815735214,human,0.977,human,1,train
815735215,human,0.772,human,0,test
815735216,human,0.946,human,1,train
815735217,human,0.704,human,0,validation
815735218,human,0.932,human,1,train
815735219,human,0.914,human,1,validation
815735220,human,0.587,human,0,train
815735221,human,0.925,human,1,train
815735222,human,0.772,non_human,0,train
815735223,non_human,0.957,non_human,1,validation
815735224,non_human,0.895,non_human,0,validation
815735225,human,0.888,non_human,0,train
815735226,human,0.888,human,0,train
815735227,human,0.798,human,0,train
815735228,human,0.679,human,0,train
815735229,non_human,0.791,non_human,0,train
815735230,human,0.938,human,1,train
815735231,human,0.832,human,0,train
815735232,non_human,0.942,non_human,1,validation
815735233,human,0.885,human,0,test
815735234,human,0.905,human,1,validation
815735235,human,0.774,human,0,train
815735237,human,0.896,human,0,validation
815735238,human,0.921,human,1,train
815735240,human,0.937,human,1,test
815735241,human,0.913,human,1,validation
815735242,human,0.89,human,0,train
815735243,human,0.852,human,0,train
815735244,non_human,0.531,non_human,0,train
815735245,human,0.769,human,0,train
815735246,human,0.964,human,1,train
815735247,human,0.553,human,0,train
815735248,human,0.894,human,0,test
815735249,human,0.831,human,0,train
815735250,human,0.892,human,0,train
815735251,human,0.911,unknown,1,unknown
815735252,human,0.961,human,1,train
815735253,human,0.952,human,1,train
815735254,human,0.597,human,0,test
815735255,human,0.636,human,0,train
815735256,human,0.801,non_human,0,validation
815735257,human,0.676,non_human,0,train
815735259,human,0.916,human,1,train
815735260,human,0.784,human,0,train
815735261,human,0.963,human,1,train
815735262,human,0.956,human,1,test
815735263,non_human,0.769,non_human,0,train
815735264,human,0.865,human,0,train
815735265,human,0.977,human,1,validation
815735266,human,0.811,human,0,train
815735267,human,0.881,human,0,train
815735268,human,0.92,human,1,test
815735269,human,0.846,unknown,0,unknown
815735270,human,0.837,human,0,train
815735272,human,0.686,human,0,train
815735273,human,0.88,human,0,train
815735274,human,0.938,human,1,train
815735275,human,0.731,human,0,train
815735276,human,0.945,human,1,train
815735277,non_human,0.589,human,0,train
815735278,human,0.889,human,0,train
815735279,non_human,0.718,non_human,0,train
815735280,human,0.956,human,1,train
815735281,human,0.883,human,0,train
815735282,human,0.858,non_human,0,validation
815735283,human,0.912,non_human,1,validation
815735284,human,0.825,non_human,0,train
815735285,human,0.781,human,0,train
815735286,human,0.793,human,0,test
815735287,human,0.933,human,1,test
815735288,human,0.972,human,1,train
815735289,non_human,0.645,non_human,0,train
815735290,human,0.968,human,1,train
815735291,non_human,0.53,non_human,0,train
815735292,human,0.525,non_human,0,validation
815735294,human,0.584,non_human,0,train
815735295,non_human,0.577,non_human,0,train
815735300,human,0.574,human,0,train
815735301,human,0.713,human,0,test
815735303,human,0.844,human,0,train
815735304,non_human,0.849,non_human,0,train
815735305,human,0.764,human,0,test
815735306,human,0.9,non_human,1,validation
815735307,human,0.809,human,0,train
815735308,human,0.951,human,1,train
815735310,human,0.755,human,0,test
815735311,human,0.847,human,0,train
815735313,human,0.911,human,1,validation
815735315,human,0.952,human,1,test
815735316,human,0.943,human,1,test
815735317,human,0.897,human,0,train
815735318,human,0.957,human,1,test
815735319,non_human,0.522,non_human,0,train
815735320,human,0.927,human,1,train
815735321,human,0.787,non_human,0,train
815735322,human,0.977,human,1,test
815735323,human,0.935,human,1,train
815735324,human,0.754,non_human,0,train
815735325,human,0.916,human,1,validation
815735326,human,0.883,human,0,validation
815735327,human,0.734,human,0,train
815735328,human,0.907,human,1,test
815735329,non_human,0.805,non_human,0,train
815735330,non_human,0.504,non_human,0,train
815735331,human,0.965,human,1,train
815735332,human,0.923,human,1,test
815735333,human,0.739,human,0,train
815735334,human,0.652,human,0,train
815735335,human,0.976,unknown,1,unknown
815735336,human,0.763,human,0,train
815735337,human,0.904,human,1,train
815735339,human,0.941,human,1,train
815735340,human,0.838,human,0,train
815735341,human,0.964,human,1,train
815735342,human,0.802,human,0,validation
815735343,human,0.753,human,0,validation
815735344,human,0.972,human,1,test
815735345,non_human,0.503,non_human,0,validation
815735346,human,0.851,human,0,train
815735347,human,0.93,human,1,train
815735348,human,0.962,human,1,train
815735349,non_human,0.889,non_human,0,train
815735350,human,0.931,human,1,test
815735351,human,0.9,unknown,1,unknown
815735352,human,0.904,human,1,validation
815735353,human,0.975,human,1,train
815735354,human,0.827,non_human,0,train
815735355,human,0.963,human,1,train
815735356,human,0.938,human,1,validation
815735357,non_human,0.581,human,0,test
815735358,human,0.956,human,1,validation
815735359,human,0.974,human,1,validation
815735360,human,0.986,human,1,train
815735361,human,0.908,human,1,validation
815735362,human,0.723,human,0,train
815735363,human,0.529,human,0,train
815735364,human,0.787,non_human,0,test
815735365,human,0.818,human,0,train
815735366,human,0.942,human,1,train
815735367,human,0.891,human,0,train
815735368,human,0.969,human,1,test
815735369,human,0.905,human,1,train
815735370,human,0.88,human,0,train
815735371,human,0.562,non_human,0,validation
815735372,human,0.707,non_human,0,test
815735373,non_human,0.681,non_human,0,test
815735374,human,0.857,human,0,test
815735375,human,0.966,human,1,test
815735376,human,0.91,human,1,test
815735377,human,0.956,human,1,test
815735378,human,0.947,human,1,validation
815735379,human,0.935,human,1,train
815735380,human,0.943,human,1,train
815735381,human,0.947,human,1,train
815735382,human,0.712,unknown,0,unknown
815735383,human,0.984,human,1,train
815735384,human,0.901,human,1,test
815735385,non_human,0.801,non_human,0,train
815735386,human,0.973,human,1,test
815735387,human,0.723,non_human,0,train
815735388,non_human,0.85,non_human,0,train
815735389,human,0.928,non_human,1,train
815735390,human,0.931,human,1,train
815735391,human,0.977,human,1,test
815735392,human,0.907,human,1,validation
815735393,human,0.906,non_human,1,validation
815735394,non_human,0.889,non_human,0,train
815735395,human,0.854,human,0,train
815735396,human,0.928,unknown,1,unknown
815735397,human,0.831,human,0,train
815735398,human,0.795,non_human,0,validation
815735399,human,0.85,non_human,0,train
815735402,human,0.918,human,1,test
815735403,human,0.917,human,1,test
815735404,human,0.899,human,0,train
815735405,human,0.933,human,1,train
815735406,human,0.89,human,0,train
815735407,human,0.869,unknown,0,unknown
815735408,non_human,0.503,human,0,test
815735409,human,0.743,non_human,0,test
815735410,human,0.893,human,0,validation
815735412,non_human,0.904,non_human,1,test
815735414,human,0.749,human,0,train
815735415,human,0.885,human,0,test
815735416,human,0.94,unknown,1,unknown
815735417,human,0.755,human,0,validation
815735418,human,0.697,human,0,train
815735419,non_human,0.74,non_human,0,train
815735420,human,0.901,unknown,1,unknown
815735421,human,0.843,human,0,train
815735423,human,0.938,human,1,train
815735425,human,0.946,human,1,train
815735427,human,0.695,human,0,validation
815735428,human,0.9,human,1,train
815735429,human,0.832,human,0,validation
815735430,human,0.911,human,1,train
815735431,human,0.798,human,0,train
815735432,human,0.789,non_human,0,test
815735433,human,0.81,human,0,validation
815735435,human,0.583,non_human,0,validation
815735436,human,0.74,human,0,validation
815735437,human,0.726,human,0,train
815735438,human,0.892,human,0,test
815735439,human,0.895,human,0,test
815735440,human,0.911,human,1,train
815735441,human,0.848,human,0,train
815735442,human,0.836,human,0,train
815735443,human,0.915,human,1,test
815735444,human,0.601,human,0,test
815735445,human,0.894,human,0,train
815735447,human,0.868,human,0,test
815735448,human,0.964,human,1,train
815735449,human,0.911,non_human,1,validation
815735450,non_human,0.599,non_human,0,train
815735451,human,0.617,non_human,0,validation
815735452,human,0.981,human,1,test
815735453,human,0.972,human,1,train
815735454,human,0.905,human,1,train
815735455,human,0.755,human,0,train
815735456,human,0.698,non_human,0,train
815735457,human,0.905,human,1,train
815735458,human,0.764,non_human,0,validation
815735459,human,0.895,human,0,train
815735460,human,0.737,unknown,0,unknown
815735461,human,0.651,non_human,0,train
815735462,human,0.883,human,0,test
815735463,human,0.695,human,0,validation
815735464,human,0.7,human,0,train
815735465,human,0.978,unknown,1,unknown
815735466,human,0.545,human,0,train
815735467,human,0.541,human,0,train
815735468,human,0.851,human,0,train
815735469,human,0.897,human,0,train
815735470,human,0.919,human,1,train
815735471,human,0.979,human,1,train
815735472,human,0.896,human,0,test
815735473,human,0.825,human,0,train
815735475,human,0.933,human,1,train
815735477,non_human,0.807,human,0,validation
815735478,human,0.775,human,0,train
815735479,human,0.778,human,0,train
815735480,human,0.942,human,1,train
815735481,human,0.878,human,0,test
815735482,non_human,0.789,non_human,0,train
815735483,human,0.941,human,1,test
815735484,human,0.696,human,0,train
815735485,human,0.884,human,0,train
815735486,non_human,0.531,non_human,0,train
815735487,human,0.932,human,1,train
815735488,human,0.973,human,1,validation
815735489,human,0.881,human,0,validation
815735490,human,0.935,human,1,train
815735491,human,0.985,human,1,train
815735492,human,0.951,human,1,train
815735493,human,0.83,human,0,test
815735494,human,0.866,human,0,train
815735495,human,0.913,human,1,train
815735496,human,0.905,human,1,train
815735497,human,0.848,human,0,train
815735498,human,0.957,human,1,test
815735499,human,0.974,human,1,train
815735500,non_human,0.5,non_human,0,train
815735503,human,0.921,human,1,validation
815735504,human,0.946,human,1,validation
815735505,human,0.815,human,0,train
815735506,human,0.966,human,1,train
815735507,human,0.939,human,1,train
815735508,non_human,0.728,non_human,0,train
815735509,human,0.871,human,0,test
815735510,human,0.833,non_human,0,test
815735511,non_human,0.576,non_human,0,train
815735512,human,0.913,human,1,validation
815735514,human,0.755,human,0,validation
815735515,non_human,0.631,non_human,0,test
815735516,human,0.915,human,1,validation
815735517,human,0.995,human,1,train
815735518,non_human,0.74,human,0,test
815735519,human,0.892,human,0,test
815735520,human,0.863,human,0,train
815735521,human,0.981,human,1,train
815735522,human,0.849,human,0,train
815735523,human,0.957,human,1,test
815735524,human,0.946,human,1,train
815735525,human,0.774,human,0,train
815735526,human,0.916,human,1,train
815735527,human,0.932,non_human,1,test
815735528,human,0.939,human,1,test
815735529,human,0.879,non_human,0,train
815735530,human,0.967,human,1,train
815735531,human,0.854,human,0,train
815735532,human,0.9,human,1,train
815735533,non_human,0.781,non_human,0,test
815735534,human,0.515,non_human,0,train
815735535,human,0.917,human,1,validation
815735536,human,0.984,human,1,train
815735537,non_human,0.859,non_human,0,train
815735538,human,0.713,human,0,test
815735539,human,0.902,human,1,train
815735540,human,0.842,human,0,validation
815735541,human,0.865,human,0,train
815735542,human,0.868,human,0,train
815735543,human,0.812,human,0,test
815735544,human,0.825,human,0,train
815735545,non_human,0.685,non_human,0,test
815735546,non_human,0.865,non_human,0,train
815735547,human,0.731,human,0,train
815735548,human,0.804,unknown,0,unknown
815735549,human,0.931,human,1,validation
815735550,human,0.98,human,1,test
815735551,non_human,0.899,non_human,0,train
815735552,human,0.944,human,1,validation
815735553,human,0.795,non_human,0,train
815735554,human,0.758,non_human,0,train
815735555,human,0.781,human,0,train
815735556,human,0.78,human,0,validation
815735557,human,0.883,human,0,train
815735558,human,0.948,human,1,train
815735559,non_human,0.559,non_human,0,train
815735560,human,0.759,human,0,train
815735561,human,0.799,human,0,validation
815735563,human,0.937,human,1,train
815735564,human,0.859,human,0,train
815735565,human,0.821,human,0,validation
815735566,non_human,0.784,non_human,0,validation
815735567,human,0.693,human,0,validation
815735568,human,0.848,human,0,validation
815735569,human,0.838,human,0,train
815735570,human,0.721,human,0,test
815735571,human,0.898,human,0,train
815735572,human,0.858,human,0,train
815735573,human,0.798,human,0,validation
815735574,human,0.794,human,0,train
815735575,human,0.782,human,0,train
815735576,human,0.92,human,1,validation
815735577,human,0.792,non_human,0,validation
815735578,human,0.8,human,0,train
815735580,human,0.743,human,0,train
815735581,human,0.946,human,1,train
815735582,human,0.53,human,0,validation
815735583,human,0.883,human,0,validation
815735584,human,0.866,human,0,train
815735585,human,0.813,non_human,0,train
815735586,non_human,0.827,non_human,0,train
815735587,human,0.822,unknown,0,unknown
815735588,non_human,0.763,non_human,0,train
815735589,non_human,0.773,non_human,0,train
815735591,human,0.918,human,1,validation
815735592,non_human,0.504,human,0,train
815735593,human,0.947,human,1,validation
815735594,human,0.898,human,0,validation
815735595,human,0.628,unknown,0,unknown
815735596,human,0.878,human,0,train
815735597,human,0.878,human,0,test
815735599,human,0.933,human,1,train
815735600,human,0.752,non_human,0,train
815735602,non_human,0.846,non_human,0,validation
815735606,human,0.895,unknown,0,unknown
815735607,non_human,0.906,non_human,1,validation
815735608,human,0.743,human,0,train
815735609,human,0.788,human,0,train
815735610,human,0.632,human,0,train
815735611,human,0.984,human,1,train
815735612,human,0.945,human,1,validation
815735613,non_human,0.7,non_human,0,validation
815735614,non_human,0.518,human,0,validation
815735615,human,0.937,human,1,train
815735616,human,0.971,human,1,train
815735617,human,0.769,non_human,0,test
815735618,human,0.894,human,0,train
815735619,human,0.941,human,1,train
815735620,human,0.839,human,0,train
815735621,human,0.902,human,1,train
815735622,human,0.755,human,0,train
815735623,human,0.888,human,0,train
815735624,human,0.579,non_human,0,train
815735626,human,0.815,unknown,0,unknown
815735627,human,0.795,non_human,0,validation
815735629,human,0.79,human,0,validation
815735630,non_human,0.894,non_human,0,test
815735631,human,0.904,human,1,train
815735632,human,0.907,unknown,1,unknown
815735635,human,0.937,human,1,validation
815735636,non_human,0.69,non_human,0,train
815735637,non_human,0.517,human,0,validation
815735639,human,0.826,human,0,train
815735640,human,0.936,human,1,train
815735641,human,0.738,human,0,train
815735642,human,0.611,non_human,0,train
815735643,human,0.989,human,1,train
815735644,human,0.789,unknown,0,unknown
815735645,human,0.856,human,0,train
815735646,human,0.978,unknown,1,unknown
815735648,human,0.961,human,1,test
815735649,non_human,0.818,non_human,0,train
815735650,human,0.942,human,1,train
815735651,human,0.672,human,0,train
815735652,human,0.918,human,1,train
815735653,human,0.848,human,0,validation
815735654,human,0.718,human,0,test
815735655,human,0.958,human,1,validation
815735656,human,0.559,human,0,validation
815735657,human,0.677,human,0,test
815735658,human,0.798,human,0,test
815735659,human,0.991,human,1,train
815735660,non_human,0.65,non_human,0,train
815735661,human,0.93,human,1,test
815735662,human,0.849,human,0,train
815735663,non_human,0.801,non_human,0,test
815735664,human,0.964,human,1,test
815735665,human,0.874,human,0,validation
815735666,human,0.833,non_human,0,train
815735667,human,0.724,human,0,train
815735668,human,0.948,human,1,test
815735669,human,0.883,human,0,train
815735670,human,0.795,non_human,0,validation
815735671,human,0.665,non_human,0,train
815735672,human,0.964,human,1,train
815735674,human,0.608,human,0,validation
815735675,human,0.914,human,1,train
815735676,human,0.811,human,0,train
815735677,non_human,0.894,non_human,0,train
815735678,human,0.893,human,0,train
815735679,human,0.759,human,0,train
815735680,human,0.847,human,0,train
815735681,non_human,0.68,non_human,0,validation
815735682,human,0.895,human,0,train
815735683,human,0.742,unknown,0,unknown
815735684,human,0.943,human,1,validation
815735685,human,0.957,human,1,validation
815735686,human,0.507,non_human,0,train
815735687,human,0.986,non_human,1,validation
815735688,human,0.992,human,1,test
815735689,human,0.732,non_human,0,test
815735690,human,0.918,human,1,validation
815735691,non_human,0.914,non_human,1,train
815735692,human,0.639,human,0,validation
815735693,human,0.804,human,0,test
815735694,non_human,0.503,non_human,0,train
815735696,human,0.781,human,0,validation
815735697,human,0.583,human,0,test
815735698,human,0.854,human,0,train
815735699,human,0.898,human,0,train
815735700,non_human,0.602,non_human,0,train
815735701,non_human,0.531,non_human,0,train
815735702,human,0.838,human,0,test
815735703,human,0.895,human,0,test
815735704,non_human,0.654,non_human,0,train
815735708,human,0.82,human,0,train
815735709,human,0.926,non_human,1,test
815735710,human,0.559,non_human,0,train
815735712,human,0.897,human,0,validation
815735713,non_human,0.762,non_human,0,validation
815735714,human,0.896,human,0,test
815735715,human,0.738,non_human,0,test
815735717,human,0.669,non_human,0,validation
815735718,human,0.921,human,1,test
815735719,human,0.914,human,1,train
815735720,non_human,0.844,non_human,0,train
815735721,human,0.781,human,0,train
815735722,human,0.89,human,0,test
815735723,human,0.795,human,0,train
815735724,human,0.925,human,1,train
815735725,human,0.83,human,0,validation
815735727,human,0.79,human,0,test
815735729,human,0.917,human,1,validation
815735730,non_human,0.598,non_human,0,train
815735731,human,0.888,human,0,test
815735732,human,0.916,human,1,validation
815735733,human,0.747,human,0,test
815735734,non_human,0.873,non_human,0,test
815735735,non_human,0.769,non_human,0,train
815735736,human,0.892,human,0,test
815735738,human,0.963,human,1,train
815735739,human,0.567,non_human,0,validation
815735740,human,0.833,human,0,test
815735741,human,0.848,human,0,train
815735742,human,0.707,non_human,0,train
815735743,human,0.843,human,0,train
815735744,human,0.961,human,1,train
815735745,human,0.903,human,1,train
815735746,human,0.94,human,1,train
815735747,human,0.977,human,1,train
815735748,human,0.731,non_human,0,train
815735749,human,0.929,human,1,train
815735750,human,0.961,human,1,train
815735751,human,0.882,unknown,0,unknown
815735753,human,0.698,human,0,train
815735754,human,0.796,human,0,train
815735755,human,0.874,human,0,train
815735756,human,0.79,unknown,0,unknown
815735757,human,0.924,human,1,test
815735759,human,0.752,non_human,0,train
815735760,human,0.859,human,0,test
815735761,human,0.964,human,1,train
815735762,human,0.951,human,1,train
815735763,non_human,0.549,non_human,0,train
815735764,non_human,0.744,non_human,0,train
815735765,human,0.95,human,1,train
815735766,human,0.741,human,0,train
815735767,human,0.588,non_human,0,train
815735768,human,0.942,human,1,validation
815735769,human,0.795,non_human,0,test
815735770,human,0.916,human,1,train
815735771,human,0.867,human,0,test
815735772,human,0.985,human,1,train
815735773,non_human,0.683,non_human,0,train
815735774,human,0.932,human,1,test
815735775,human,0.917,human,1,train
815735776,human,0.541,non_human,0,train
815735777,human,0.936,human,1,validation
815735778,human,0.944,human,1,train
815735779,human,0.804,unknown,0,unknown
815735780,human,0.795,human,0,test
815735781,human,0.974,human,1,train
815735782,human,0.569,non_human,0,validation
815735784,human,0.812,human,0,validation
815735785,non_human,0.773,human,0,train
815735786,human,0.864,human,0,train
815735788,human,0.875,human,0,train
815735789,human,0.578,human,0,train
815735790,human,0.847,human,0,train
815735791,non_human,0.773,human,0,train
815735792,human,0.788,unknown,0,unknown
815735793,human,0.93,human,1,test
815735794,human,0.951,human,1,test
815735795,non_human,0.727,non_human,0,train
815735796,human,0.755,non_human,0,train
815735797,human,0.945,human,1,validation
815735798,human,0.728,non_human,0,train
815735799,human,0.507,non_human,0,train
815735800,non_human,0.656,non_human,0,train
815735801,non_human,0.811,human,0,train
815735802,human,0.919,human,1,train
815735803,non_human,0.765,non_human,0,train
815735804,non_human,0.948,non_human,1,train
815735805,non_human,0.777,non_human,0,test
815735806,human,0.795,unknown,0,unknown
815735807,non_human,0.774,non_human,0,train
815735810,human,0.913,human,1,train
815735811,human,0.542,non_human,0,train
815735812,human,0.599,human,0,train
815735814,human,0.673,human,0,train
815735815,human,0.742,human,0,train
815735816,human,0.747,human,0,validation
815735817,non_human,0.958,non_human,1,train
815735818,human,0.852,human,0,train
815735820,human,0.886,human,0,test
815735821,human,0.609,non_human,0,test
815735822,human,0.862,human,0,validation
815735823,non_human,0.823,non_human,0,train
815735824,human,0.83,human,0,train
815735825,human,0.57,non_human,0,train
815735826,human,0.885,human,0,test
815735827,human,0.723,human,0,train
815735828,non_human,0.855,human,0,train
815735829,human,0.883,human,0,train
815735830,human,0.786,unknown,0,unknown
815735831,non_human,0.71,non_human,0,train
815735832,non_human,0.541,non_human,0,train
815735833,human,0.925,human,1,train
815735834,human,0.935,human,1,train
815735836,human,0.79,non_human,0,train
815735837,non_human,0.946,non_human,1,train
815735838,human,0.797,unknown,0,unknown
815735839,human,0.939,human,1,validation
815735840,non_human,0.586,non_human,0,train
815735841,human,0.568,non_human,0,train
815735842,human,0.859,human,0,train
815735843,human,0.849,human,0,test
815735844,human,0.937,human,1,train
815735845,human,0.941,human,1,train
815735846,non_human,0.539,non_human,0,test
815735847,human,0.728,human,0,train
815735848,human,0.947,human,1,train
815735849,human,0.938,human,1,train
815735850,non_human,0.516,non_human,0,train
815735851,human,0.77,human,0,test
815735852,human,0.981,human,1,test
815735853,human,0.793,human,0,test
815735854,human,0.769,human,0,train
815735855,human,0.592,non_human,0,train
815735856,human,0.831,non_human,0,train
815735857,human,0.95,human,1,train
815735858,human,0.526,non_human,0,test
815735859,human,0.743,non_human,0,test
815735860,human,0.904,human,1,train
815735861,non_human,0.633,human,0,train
815735862,human,0.906,human,1,train
815735863,non_human,0.977,non_human,1,train
815735864,human,0.88,human,0,validation
815735865,human,0.917,human,1,train
815735867,human,0.819,non_human,0,train
815735868,non_human,0.932,non_human,1,train
815735869,human,0.849,human,0,train
815735870,non_human,0.834,non_human,0,train
815735871,human,0.587,non_human,0,test
815735872,human,0.844,human,0,train
815735873,human,0.879,human,0,test
815735874,human,0.92,human,1,train
815735876,human,0.554,human,0,test
815735877,human,0.667,human,0,train
815735878,non_human,0.564,non_human,0,validation
815735879,human,0.801,human,0,train
815735880,human,0.949,human,1,validation
815735881,human,0.869,human,0,test
815735882,human,0.843,human,0,test
815735883,human,0.956,human,1,train
815735884,human,0.665,human,0,validation
815735885,human,0.935,human,1,train
815735886,human,0.921,human,1,test
815735887,human,0.93,human,1,validation
815735888,human,0.731,human,0,train
815735889,human,0.851,non_human,0,train
815735890,human,0.772,human,0,train
815735891,human,0.805,non_human,0,train
815735892,human,0.953,human,1,train
815735893,human,0.724,unknown,0,unknown
815735894,human,0.801,human,0,train
815735895,human,0.897,human,0,train
815735896,human,0.593,human,0,train
815735897,human,0.959,human,1,validation
815735899,human,0.909,human,1,train
815735900,human,0.8,human,0,test
815735901,human,0.654,human,0,train
815735902,human,0.736,human,0,test
815735903,human,0.965,human,1,train
815735905,non_human,0.845,non_human,0,train
815735906,human,0.84,human,0,train
815735907,non_human,0.9,non_human,1,train
815735908,human,0.835,human,0,validation
815735909,human,0.856,human,0,train
815735911,non_human,0.684,non_human,0,test
815735912,non_human,0.652,non_human,0,test
815735913,human,0.894,unknown,0,unknown
815735915,human,0.881,human,0,train
815735916,non_human,0.806,non_human,0,train
815735917,human,0.89,human,0,train
815735918,human,0.815,human,0,test
815735919,human,0.897,human,0,train
815735920,human,0.959,human,1,test
815735921,human,0.752,human,0,validation
815735922,human,0.916,unknown,1,unknown
815735923,human,0.867,human,0,train
815735925,human,0.812,human,0,train
815735926,human,0.933,human,1,train
815735928,human,0.878,human,0,test
815735929,non_human,0.717,non_human,0,train
815735930,human,0.828,unknown,0,unknown
815735931,non_human,0.879,non_human,0,train
815735932,human,0.95,human,1,train
815735933,human,0.832,human,0,train
815735934,human,0.905,human,1,test
815735935,human,0.865,human,0,train
815735936,human,0.961,human,1,train
815735937,human,0.906,human,1,train
815735938,human,0.953,non_human,1,validation
815735939,human,0.8,unknown,0,unknown
815735940,human,0.733,unknown,0,unknown
815735941,non_human,0.563,non_human,0,validation
815735942,human,0.9,human,1,train
815735943,human,0.846,human,0,train
815735944,human,0.925,human,1,validation
815735945,human,0.796,human,0,train
815735946,non_human,0.516,non_human,0,train
815735947,human,0.938,human,1,test
815735948,non_human,0.525,human,0,validation
815735949,human,0.89,human,0,train
815735950,human,0.877,human,0,train
815735951,human,0.889,human,0,train
815735952,human,0.932,human,1,validation
815735953,human,0.664,unknown,0,unknown
815735954,human,0.844,human,0,test
815735955,human,0.933,human,1,train
815735956,human,0.818,human,0,train
815735957,human,0.529,non_human,0,train
815735960,human,0.963,human,1,train
815735961,human,0.81,unknown,0,unknown
815735962,human,0.718,human,0,train
815735963,human,0.922,non_human,1,test
815735964,human,0.777,human,0,test
815735965,human,0.72,human,0,train
815735966,human,0.923,unknown,1,unknown
815735967,human,0.793,non_human,0,train
815735968,human,0.86,non_human,0,validation
815735969,human,0.729,human,0,train
815735970,human,0.837,human,0,train
815735971,human,0.817,unknown,0,unknown
815735972,human,0.926,human,1,train
815735973,human,0.686,human,0,train
815735974,human,0.838,unknown,0,unknown
815735975,human,0.857,human,0,validation
815735978,human,0.866,human,0,train
815735979,human,0.764,human,0,train
815735980,non_human,0.579,non_human,0,train
815735981,human,0.926,human,1,validation
815735982,non_human,0.733,non_human,0,test
815735983,human,0.965,human,1,train
815735985,human,0.94,non_human,1,validation
815735986,human,0.947,human,1,test
815735987,human,0.876,human,0,train
815735988,human,0.841,non_human,0,test
815735989,human,0.899,human,0,train
815735990,human,0.513,non_human,0,train
815735992,human,0.577,unknown,0,unknown
815735993,human,0.878,unknown,0,unknown
815735994,human,0.96,non_human,1,test
815735995,human,0.951,human,1,train
815735996,human,0.537,human,0,test
815735997,human,0.848,human,0,train
815735998,human,0.768,human,0,validation
815735999,human,0.789,human,0,test
815736000,non_human,0.671,non_human,0,validation
815736001,human,0.624,non_human,0,train
815736002,human,0.876,human,0,train
815736003,human,0.942,human,1,validation
815736004,human,0.874,human,0,train
815736005,human,0.886,human,0,test
815736007,human,0.916,human,1,train
815736008,human,0.979,human,1,train
815736009,human,0.751,non_human,0,test
815736010,human,0.584,human,0,test
815736013,human,0.963,non_human,1,test
815736014,human,0.954,human,1,test
815736015,non_human,0.602,human,0,test
815736016,human,0.551,human,0,test
815736017,human,0.945,human,1,test
815736018,human,0.907,human,1,validation
815736019,human,0.83,human,0,test
815736020,human,0.638,human,0,train
815736021,human,0.987,human,1,test
815736022,human,0.906,human,1,test
815736023,human,0.921,human,1,train
815736024,human,0.74,human,0,validation
815736025,human,0.898,human,0,train
815736026,human,0.649,non_human,0,train
815736027,human,0.873,human,0,validation
815736029,human,0.752,human,0,train
815736030,human,0.91,human,1,test
815736031,human,0.82,unknown,0,unknown
815736034,human,0.899,human,0,test
815736035,human,0.896,human,0,validation
815736036,human,0.667,human,0,train
815736037,human,0.905,human,1,validation
815736038,human,0.817,human,0,validation
815736039,human,0.629,non_human,0,train
815736040,human,0.862,human,0,validation
815736041,human,0.946,human,1,test
815736042,human,0.925,human,1,train
815736043,human,0.832,human,0,train
815736044,human,0.856,non_human,0,test
815736045,human,0.971,human,1,train
815736046,human,0.952,human,1,validation
815736047,human,0.661,non_human,0,train
815736048,human,0.793,human,0,train
815736049,human,0.733,human,0,test
815736050,human,0.903,human,1,train
815736051,human,0.819,human,0,train
815736052,human,0.721,human,0,train
815736053,human,0.896,human,0,train
815736054,human,0.829,human,0,validation
815736055,human,0.945,human,1,validation
815736056,human,0.948,human,1,train
815736057,human,0.949,human,1,test
815736058,human,0.936,human,1,validation
815736059,human,0.711,human,0,test
815736060,human,0.903,human,1,train
815736061,human,0.96,human,1,train
815736063,human,0.576,human,0,validation
815736064,human,0.983,human,1,train
815736065,human,0.728,non_human,0,train
815736066,human,0.904,human,1,train
815736067,human,0.725,unknown,0,unknown
815736068,human,0.595,non_human,0,train
815736069,human,0.854,human,0,train
815736070,human,0.898,human,0,train
815736071,human,0.748,human,0,validation
815736072,human,0.557,non_human,0,train
815736073,human,0.94,human,1,train
815736074,human,0.875,human,0,train
815736075,human,0.609,human,0,train
815736076,human,0.686,human,0,validation
815736077,human,0.767,human,0,validation
815736078,human,0.946,human,1,train
815736079,human,0.868,human,0,test
815736080,human,0.862,human,0,validation
815736081,human,0.981,human,1,train
815736082,human,0.944,unknown,1,unknown
815736083,human,0.844,human,0,train
815736084,human,0.913,human,1,train
815736085,human,0.941,human,1,train
815736086,human,0.837,non_human,0,test
815736087,human,0.935,human,1,train
815736088,human,0.931,human,1,train
815736089,human,0.924,human,1,test
815736090,human,0.935,human,1,test
815736091,non_human,0.83,non_human,0,train
815736092,human,0.776,human,0,train
815736093,human,0.677,non_human,0,train
815736094,human,0.857,unknown,0,unknown
815736095,human,0.681,non_human,0,train
815736096,human,0.989,human,1,train
815736097,human,0.881,human,0,train
815736098,human,0.883,human,0,train
815736099,human,0.851,human,0,train
815736100,human,0.984,human,1,train
815736101,human,0.878,human,0,test
815736102,human,0.859,human,0,train
815736103,human,0.948,human,1,train
815736104,human,0.641,human,0,train
815736105,human,0.875,human,0,validation
815736106,human,0.78,non_human,0,train
815736107,human,0.897,human,0,train
815736108,human,0.873,human,0,train
815736109,human,0.86,human,0,train
815736110,non_human,0.524,non_human,0,validation
815736111,human,0.883,human,0,test
815736112,human,0.84,human,0,train
815736115,human,0.79,human,0,train
815736116,human,0.946,human,1,test
815736117,human,0.95,human,1,train
815736118,human,0.921,human,1,train
815736119,human,0.896,human,0,train
815736120,human,0.871,human,0,train
815736122,human,0.813,human,0,train
815736123,human,0.913,human,1,train
815736124,human,0.95,human,1,validation
815736125,human,0.824,human,0,train
815736126,human,0.524,human,0,train
815736127,human,0.923,human,1,train
815736128,human,0.703,unknown,0,unknown
815736129,human,0.863,human,0,train
815736130,human,0.947,human,1,train
815736131,human,0.959,human,1,train
815736132,human,0.658,human,0,train
815736133,human,0.701,non_human,0,train
815736134,human,0.852,non_human,0,train
815736135,human,0.635,non_human,0,train
815736137,non_human,0.751,non_human,0,train
815736139,human,0.723,human,0,train
815736140,human,0.8,human,0,validation
815736141,human,0.943,human,1,validation
815736142,human,0.708,human,0,train
815736143,non_human,0.502,non_human,0,test
815736144,human,0.702,non_human,0,train
815736146,non_human,0.624,human,0,validation
815736147,human,0.812,non_human,0,validation
815736148,human,0.847,human,0,train
815736149,human,0.832,non_human,0,train
815736150,human,0.893,human,0,test
815736151,human,0.774,human,0,test
815736152,human,0.834,human,0,validation
815736153,human,0.891,human,0,train
815736154,human,0.569,non_human,0,train
815736156,human,0.838,human,0,train
815736157,non_human,0.665,non_human,0,train
815736159,non_human,0.509,human,0,validation
815736160,human,0.908,human,1,train
815736161,human,0.767,human,0,test
815736162,human,0.922,human,1,train
815736163,human,0.879,human,0,train
815736165,non_human,0.551,human,0,test
815736166,non_human,0.634,human,0,train
815736167,human,0.991,human,1,train
815736168,non_human,0.893,non_human,0,train
815736169,human,0.787,human,0,validation
815736170,human,0.94,human,1,train
815736171,human,0.508,human,0,train
815736172,human,0.859,human,0,test
815736173,non_human,0.626,non_human,0,train
815736174,human,0.768,human,0,train
815736175,human,0.738,human,0,test
815736176,human,0.979,human,1,train
815736177,human,0.755,non_human,0,validation
815736178,human,0.921,human,1,train
815736179,human,0.808,non_human,0,train
815736180,human,0.549,human,0,test
815736181,non_human,0.751,non_human,0,train
815736182,human,0.786,human,0,test
815736183,human,0.884,human,0,validation
815736184,human,0.738,human,0,test
815736185,human,0.979,human,1,train
815736186,human,0.889,human,0,train
815736187,human,0.928,human,1,train
815736188,human,0.866,human,0,test
815736189,human,0.939,human,1,validation
815736190,human,0.924,human,1,train
815736191,human,0.849,human,0,test
815736192,non_human,0.694,non_human,0,train
815736193,human,0.507,non_human,0,validation
815736194,human,0.837,unknown,0,unknown
815736195,human,0.622,human,0,test
815736196,human,0.806,human,0,train
815736197,human,0.768,human,0,validation
815736198,human,0.94,human,1,validation
815736199,human,0.947,human,1,test
815736200,human,0.847,human,0,test
815736201,human,0.944,human,1,train
815736202,human,0.976,human,1,test
815736203,human,0.761,human,0,train
815736204,human,0.988,human,1,train
815736205,human,0.839,human,0,train
815736206,human,0.905,human,1,train
815736207,human,0.927,human,1,train
815736208,human,0.795,human,0,validation
815736209,human,0.951,human,1,train
815736210,human,0.83,unknown,0,unknown
815736211,human,0.833,human,0,train
815736212,human,0.772,human,0,train
815736213,non_human,0.84,non_human,0,train
815736214,human,0.85,human,0,train
815736217,non_human,0.909,non_human,1,train
815736218,human,0.961,unknown,1,unknown
815736219,human,0.877,human,0,test
815736220,human,0.915,human,1,train
815736221,non_human,0.557,human,0,validation
815736222,human,0.844,unknown,0,unknown
815736223,human,0.947,human,1,validation
815736224,human,0.915,human,1,validation
815736225,non_human,0.786,non_human,0,train
815736226,human,0.69,non_human,0,train
815736227,human,0.627,human,0,train
815736228,non_human,0.636,human,0,train
815736229,human,0.983,human,1,validation
815736230,human,0.808,human,0,train
815736231,human,0.769,unknown,0,unknown
815736232,human,0.807,human,0,validation
815736234,human,0.983,human,1,train
815736235,human,0.954,human,1,train
815736236,human,0.544,non_human,0,train
815736237,human,0.889,human,0,test
815736238,human,0.698,human,0,test
815736239,human,0.831,human,0,train
815736240,human,0.833,non_human,0,train
815736241,human,0.979,human,1,test
815736242,human,0.898,human,0,train
815736244,human,0.852,human,0,train
815736245,non_human,0.598,non_human,0,test
815736246,human,0.981,human,1,train
815736247,human,0.912,non_human,1,train
815736248,human,0.88,human,0,test
815736249,human,0.709,non_human,0,train
815736251,human,0.958,human,1,test
815736252,human,0.766,human,0,test
815736253,human,0.86,human,0,train
815736255,human,0.912,human,1,train
815736256,human,0.924,human,1,validation
815736257,human,0.915,unknown,1,unknown
815736258,human,0.745,human,0,train
815736259,human,0.9,human,1,train
815736260,human,0.9,unknown,1,unknown
815736261,human,0.643,non_human,0,train
815736263,human,0.949,human,1,test
815736264,human,0.568,non_human,0,train
815736265,human,0.842,human,0,train
815736266,human,0.953,human,1,train
815736267,human,0.85,human,0,test
815736268,non_human,0.805,non_human,0,train
815736269,human,0.965,human,1,test
815736270,human,0.775,non_human,0,train
815736271,human,0.881,human,0,train
815736272,human,0.856,human,0,validation
815736273,human,0.935,human,1,train
815736274,human,0.587,human,0,train
815736275,human,0.952,human,1,train
815736276,non_human,0.512,non_human,0,train
815736277,human,0.714,human,0,train
815736278,human,0.614,human,0,validation
815736279,human,0.677,non_human,0,train
815736280,human,0.932,human,1,validation
815736281,non_human,0.63,non_human,0,train
815736282,non_human,0.832,non_human,0,train
815736283,non_human,0.897,non_human,0,train
815736284,human,0.867,human,0,train
815736285,non_human,0.616,human,0,validation
815736286,non_human,0.868,non_human,0,test
815736287,human,0.876,human,0,train
815736288,human,0.867,non_human,0,validation
815736289,non_human,0.768,non_human,0,train
815736290,human,0.821,human,0,train
815736291,human,0.915,human,1,train
815736292,non_human,0.918,non_human,1,train
815736293,human,0.785,non_human,0,train
815736294,human,0.599,non_human,0,validation
815736295,human,0.891,human,0,train
815736296,human,0.521,non_human,0,train
815736297,human,0.937,non_human,1,validation
815736298,human,0.688,unknown,0,unknown
815736299,human,0.989,human,1,test
815736300,human,0.911,human,1,test
815736301,human,0.581,non_human,0,train
815736302,human,0.933,human,1,validation
815736303,human,0.909,human,1,train
815736304,non_human,0.605,non_human,0,train
815736305,human,0.819,human,0,train
815736307,human,0.771,human,0,train
815736308,human,0.926,human,1,train
815736309,human,0.785,human,0,validation
815736310,human,0.978,human,1,validation
815736311,human,0.871,human,0,test
815736313,human,0.872,human,0,train
815736314,human,0.839,human,0,validation
815736315,human,0.82,human,0,test
815736316,non_human,0.502,non_human,0,train
815736319,human,0.841,human,0,train
815736320,human,0.939,human,1,train
815736321,human,0.552,non_human,0,train
815736322,human,0.904,human,1,train
815736323,human,0.584,human,0,train
815736324,human,0.646,unknown,0,unknown
815736325,non_human,0.653,non_human,0,test
815736326,human,0.936,human,1,validation
815736327,non_human,0.755,non_human,0,train
815736328,non_human,0.608,non_human,0,train
815736329,human,0.767,human,0,test
815736330,human,0.88,non_human,0,train
815736331,human,0.959,human,1,train
815736332,human,0.806,non_human,0,train
815736333,human,0.928,human,1,train
815736334,human,0.863,human,0,train
815736335,human,0.93,non_human,1,validation
815736336,human,0.928,human,1,train
815736337,human,0.977,human,1,train
815736338,human,0.938,human,1,test
815736340,human,0.691,human,0,train
815736341,human,0.81,human,0,validation
815736342,human,0.934,human,1,train
815736343,human,0.737,human,0,validation
815736344,human,0.85,non_human,0,validation
815736345,human,0.645,human,0,test
815736346,human,0.896,non_human,0,train
815736347,non_human,0.817,non_human,0,train
815736348,non_human,0.604,non_human,0,train
815736349,human,0.758,human,0,train
815736350,human,0.596,human,0,validation
815736351,human,0.763,non_human,0,test
815736352,human,0.926,human,1,train
815736353,human,0.966,human,1,train
815736354,human,0.939,unknown,1,unknown
815736355,non_human,0.944,non_human,1,train
815736356,human,0.758,non_human,0,test
815736357,human,0.97,human,1,train
815736358,human,0.961,unknown,1,unknown
815736359,human,0.793,unknown,0,unknown
815736360,human,0.884,human,0,train
815736361,non_human,0.668,non_human,0,train
815736362,human,0.927,human,1,train
815736363,human,0.957,human,1,train
815736364,human,0.63,non_human,0,validation
815736365,human,0.849,human,0,train
815736366,human,0.59,human,0,train
815736367,human,0.84,human,0,train
815736368,human,0.899,human,0,train
815736369,human,0.89,human,0,test
815736370,human,0.958,human,1,validation
815736371,human,0.506,non_human,0,test
815736372,human,0.893,human,0,train
815736373,non_human,0.768,non_human,0,validation
815736374,human,0.541,non_human,0,test
815736375,human,0.916,human,1,train
815736376,human,0.599,human,0,validation
815736377,human,0.956,human,1,train
815736378,human,0.935,human,1,validation
815736379,non_human,0.771,non_human,0,train
815736380,human,0.958,human,1,validation
815736381,human,0.834,human,0,validation
815736382,human,0.99,human,1,validation
815736383,non_human,0.794,non_human,0,validation
815736384,human,0.838,human,0,train
815736385,human,0.74,unknown,0,unknown
815736386,non_human,0.543,human,0,test
815736387,human,0.72,human,0,validation
815736388,human,0.971,human,1,validation
815736389,human,0.699,human,0,train
815736390,human,0.943,human,1,validation
815736391,human,0.828,human,0,train
815736392,human,0.828,human,0,validation
815736393,human,0.887,human,0,validation
815736395,human,0.636,non_human,0,validation
815736396,human,0.959,human,1,train
815736397,non_human,0.687,non_human,0,train
815736398,human,0.778,human,0,train
815736399,human,0.797,non_human,0,validation
815736400,human,0.78,human,0,train
815736401,human,0.898,human,0,train
815736402,human,0.932,human,1,test
815736403,human,0.845,human,0,train
815736404,human,0.765,human,0,train
815736406,human,0.844,human,0,train
815736407,human,0.715,human,0,train
815736408,human,0.731,non_human,0,train
815736409,non_human,0.676,human,0,validation
815736410,human,0.85,human,0,train
815736411,human,0.872,human,0,test
815736412,human,0.871,non_human,0,test
815736413,human,0.964,human,1,test
815736414,human,0.936,human,1,validation
815736415,human,0.879,human,0,train
815736416,human,0.778,human,0,train
815736417,human,0.922,human,1,validation
815736418,human,0.721,human,0,train
815736421,human,0.737,human,0,train
815736422,human,0.882,human,0,validation
815736423,human,0.867,human,0,train
815736424,non_human,0.631,non_human,0,train
815736425,human,0.96,human,1,train
815736426,human,0.839,human,0,train
815736427,non_human,0.676,non_human,0,train
815736428,human,0.933,human,1,train
815736429,human,0.931,human,1,test
815736431,human,0.862,human,0,train
815736432,non_human,0.816,non_human,0,train
815736433,human,0.932,human,1,validation
815736434,human,0.735,human,0,train
815736435,human,0.939,human,1,test
815736436,human,0.883,non_human,0,test
815736437,human,0.56,non_human,0,train
815736438,human,0.96,human,1,train
815736439,human,0.918,human,1,train
815736440,human,0.844,human,0,test
815736441,human,0.897,non_human,0,validation
815736442,non_human,0.722,non_human,0,train
815736443,human,0.909,human,1,train
815736444,human,0.953,human,1,validation
815736445,human,0.933,human,1,train
815736446,human,0.975,human,1,train
815736447,human,0.751,human,0,train
815736448,human,0.896,human,0,train
815736449,human,0.8,non_human,0,train
815736450,human,0.876,human,0,train
815736451,human,0.936,human,1,train
815736453,non_human,0.742,non_human,0,train
815736454,human,0.907,human,1,validation
815736455,human,0.783,unknown,0,unknown
815736456,human,0.955,human,1,test
815736457,human,0.968,human,1,train
815736458,human,0.842,human,0,train
815736459,human,0.858,human,0,test
815736460,human,0.91,human,1,train
815736461,human,0.737,non_human,0,validation
815736462,non_human,0.574,non_human,0,test
815736463,human,0.916,human,1,test
815736464,human,0.654,unknown,0,unknown
815736465,human,0.885,human,0,train
815736466,human,0.78,human,0,validation
815736467,human,0.79,human,0,train
815736468,human,0.771,unknown,0,unknown
815736469,human,0.627,human,0,train
815736470,human,0.961,human,1,train
815736471,human,0.724,human,0,train
815736472,non_human,0.877,non_human,0,train
815736474,human,0.93,non_human,1,train
815736475,human,0.823,human,0,validation
815736476,human,0.899,human,0,validation
815736478,human,0.625,human,0,train
815736479,non_human,0.781,non_human,0,train
815736480,human,0.835,human,0,test
815736481,human,0.915,human,1,test
815736482,human,0.727,non_human,0,train
815736483,human,0.985,human,1,train
815736484,human,0.89,human,0,test
815736485,non_human,0.554,non_human,0,train
815736486,human,0.892,human,0,train
815736488,human,0.817,human,0,train
815736489,non_human,0.551,non_human,0,test
815736490,non_human,0.667,non_human,0,train
815736492,non_human,0.607,non_human,0,train
815736493,human,0.598,non_human,0,validation
815736494,human,0.69,human,0,train
815736495,human,0.613,human,0,train
815736496,human,0.873,human,0,validation
815736497,human,0.99,human,1,test
815736498,human,0.816,human,0,train
815736500,human,0.928,human,1,train
815736501,human,0.63,human,0,train
815736502,human,0.925,non_human,1,train
815736503,non_human,0.781,non_human,0,test
815736504,human,0.985,human,1,validation
815736505,human,0.809,unknown,0,unknown
815736506,human,0.902,human,1,train
815736507,human,0.944,human,1,train
815736508,human,0.888,human,0,train
815736509,human,0.936,human,1,validation
815736510,non_human,0.872,non_human,0,train
815736513,human,0.838,human,0,train
815736514,non_human,0.625,non_human,0,validation
815736515,human,0.769,human,0,train
815736516,human,0.921,human,1,validation
815736517,human,0.89,unknown,0,unknown
815736518,human,0.887,human,0,train
815736519,non_human,0.794,non_human,0,validation
815736520,human,0.673,human,0,train
815736523,human,0.959,human,1,validation
815736524,non_human,0.567,human,0,validation
815736525,human,0.796,human,0,test
815736526,non_human,0.577,unknown,0,unknown
815736527,human,0.646,human,0,train
815736528,human,0.964,human,1,train
815736529,human,0.793,human,0,train
815736530,human,0.961,human,1,train
815736531,human,0.896,human,0,train
815736532,human,0.738,human,0,train
815736533,human,0.848,human,0,train
815736534,human,0.721,human,0,test
815736535,non_human,0.592,human,0,test
815736536,human,0.814,human,0,train
815736537,non_human,0.787,non_human,0,validation
815736538,human,0.954,human,1,test
815736539,human,0.955,human,1,train
815736540,human,0.72,human,0,train
815736541,human,0.936,human,1,train
815736542,human,0.953,human,1,validation
815736543,human,0.893,human,0,validation
815736544,human,0.854,human,0,train
815736545,human,0.633,human,0,train
815736546,human,0.883,unknown,0,unknown
815736547,human,0.812,human,0,train
815736548,human,0.963,human,1,test
815736549,human,0.888,human,0,train
815736550,non_human,0.666,non_human,0,train
815736551,human,0.855,human,0,train
815736552,human,0.955,human,1,train
815736553,human,0.783,human,0,test
815736554,human,0.919,human,1,validation
815736555,non_human,0.54,non_human,0,train
815736556,human,0.829,human,0,validation
815736558,human,0.902,human,1,train
815736559,human,0.828,unknown,0,unknown
815736561,human,0.951,human,1,train
815736562,human,0.601,non_human,0,train
815736563,human,0.851,human,0,train
815736564,human,0.968,human,1,validation
815736565,human,0.855,human,0,train
815736566,human,0.84,human,0,train
815736567,human,0.83,human,0,train
815736568,human,0.51,human,0,train
815736569,human,0.962,human,1,train
815736571,human,0.841,human,0,train
815736572,human,0.914,non_human,1,test
815736573,human,0.961,human,1,train
815736574,human,0.79,human,0,test
815736575,human,0.737,human,0,validation
815736576,human,0.933,human,1,train
815736577,human,0.952,human,1,train
815736578,human,0.633,human,0,test
815736579,non_human,0.557,human,0,validation
815736580,non_human,0.93,non_human,1,train
815736581,human,0.969,human,1,train
815736582,human,0.963,human,1,train
815736583,human,0.843,human,0,train
815736584,human,0.744,human,0,train
815736585,human,0.778,human,0,test
815736586,non_human,0.648,human,0,test
815736587,human,0.893,human,0,train
815736588,human,0.819,human,0,test
815736589,human,0.957,non_human,1,validation
815736590,human,0.738,unknown,0,unknown
815736591,human,0.759,human,0,test
815736594,human,0.897,human,0,train
815736595,human,0.809,human,0,train
815736596,human,0.84,human,0,train
815736597,human,0.94,human,1,train
815736601,human,0.905,non_human,1,train
815736602,human,0.935,human,1,train
815736603,human,0.789,human,0,train
815736604,non_human,0.5,unknown,0,unknown
815736606,human,0.918,human,1,test
815736607,human,0.785,human,0,train
815736608,human,0.933,human,1,test
815736609,human,0.726,human,0,test
815736610,human,0.794,unknown,0,unknown
815736611,human,0.9,human,1,validation
815736612,human,0.902,human,1,validation
815736613,human,0.939,human,1,test
815736615,human,0.799,non_human,0,train
815736616,human,0.965,human,1,train
815736617,human,0.944,human,1,train
815736618,human,0.964,human,1,train
815736619,non_human,0.883,non_human,0,train
815736620,human,0.922,human,1,train
815736621,human,0.851,human,0,train
815736622,human,0.973,human,1,test
815736626,human,0.937,human,1,train
815736627,human,0.869,human,0,train
815736628,human,0.921,human,1,test
815736629,human,0.923,human,1,train
815736630,human,0.865,human,0,train
815736631,human,0.963,human,1,train
815736632,human,0.987,human,1,train
815736633,human,0.856,human,0,train
815736634,human,0.922,human,1,train
815736635,human,0.912,human,1,train
815736636,human,0.716,human,0,train
815736637,human,0.786,unknown,0,unknown
815736638,human,0.972,human,1,train
815736639,human,0.931,human,1,train
815736642,human,0.979,human,1,test
815736643,human,0.668,unknown,0,unknown
815736644,human,0.551,non_human,0,train
815736645,human,0.814,human,0,test
815736646,human,0.818,human,0,train
815736647,human,0.813,human,0,test
815736648,non_human,0.877,non_human,0,train
815736649,human,0.793,human,0,validation
815736650,human,0.976,human,1,test
815736652,human,0.874,human,0,train
815736653,human,0.883,human,0,train
815736655,human,0.689,human,0,train
815736656,human,0.844,human,0,test
815736657,human,0.881,human,0,train
815736658,human,0.864,human,0,validation
815736659,human,0.71,human,0,test
815736660,human,0.879,human,0,train
815736661,human,0.863,human,0,test
815736662,human,0.926,human,1,validation
815736663,human,0.809,human,0,train
815736664,human,0.821,human,0,test
815736665,human,0.949,human,1,train
815736666,human,0.92,unknown,1,unknown
815736668,human,0.85,human,0,train
815736669,human,0.597,non_human,0,test
815736670,human,0.75,non_human,0,train
815736671,human,0.535,non_human,0,train
815736672,human,0.875,human,0,validation
815736675,human,0.523,non_human,0,test
815736676,human,0.843,human,0,train
815736677,human,0.664,human,0,test
815736678,human,0.658,human,0,train
815736679,human,0.933,human,1,train
815736680,human,0.971,human,1,test
815736681,human,0.531,human,0,train
815736682,human,0.956,human,1,train
815736683,human,0.876,unknown,0,unknown
815736684,human,0.9,human,1,train
815736685,human,0.763,non_human,0,train
815736686,human,0.986,human,1,validation
815736687,human,0.743,non_human,0,train
815736688,human,0.986,human,1,test
815736690,human,0.859,human,0,validation
815736691,human,0.663,non_human,0,train
815736692,human,0.704,human,0,train
815736693,human,0.752,non_human,0,train
815736694,human,0.815,non_human,0,validation
815736695,human,0.85,human,0,validation
815736696,non_human,0.757,non_human,0,train
815736697,human,0.916,human,1,validation
815736699,human,0.898,human,0,train
815736700,human,0.885,human,0,train
815736701,human,0.67,human,0,train
815736702,human,0.829,human,0,validation
815736703,human,0.908,human,1,train
815736704,human,0.904,human,1,validation
815736705,human,0.964,human,1,test
815736706,human,0.926,unknown,1,unknown
815736707,human,0.922,human,1,test
815736708,human,0.874,human,0,train
815736709,human,0.511,human,0,train
815736710,human,0.922,human,1,validation
815736711,human,0.588,human,0,train
815736712,human,0.96,human,1,train
815736713,human,0.925,human,1,train
815736714,human,0.848,human,0,train
815736715,human,0.865,human,0,train
815736716,human,0.961,human,1,validation
815736717,human,0.565,non_human,0,validation
815736718,human,0.812,human,0,train
815736719,human,0.877,human,0,test
815736720,human,0.832,human,0,train
815736721,human,0.703,human,0,train
815736722,human,0.843,non_human,0,train
815736723,human,0.974,human,1,validation
815736724,human,0.925,human,1,test
815736725,human,0.969,human,1,validation
815736728,human,0.843,human,0,train
815736730,non_human,0.838,non_human,0,validation
815736731,human,0.924,human,1,train
815736732,human,0.911,human,1,validation
815736733,human,0.917,non_human,1,test
815736734,human,0.873,human,0,test
815736735,human,0.797,non_human,0,train
815736736,human,0.854,non_human,0,test
815736737,human,0.906,human,1,train
815736738,human,0.968,human,1,validation
815736739,human,0.761,human,0,train
815736740,human,0.577,human,0,train
815736741,human,0.812,human,0,validation
815736742,human,0.942,human,1,train
815736743,human,0.963,human,1,validation
815736744,human,0.976,human,1,train
815736745,human,0.964,human,1,train
815736746,human,0.877,human,0,train
815736747,human,0.962,human,1,validation
815736748,human,0.73,human,0,test
815736749,human,0.952,human,1,train
815736750,human,0.962,human,1,train
815736751,human,0.925,human,1,train
815736752,human,0.937,human,1,train
815736753,human,0.708,human,0,train
815736754,human,0.916,human,1,train
815736755,human,0.741,human,0,train
815736756,non_human,0.76,non_human,0,test
815736757,human,0.889,human,0,validation
815736758,human,0.929,human,1,train
815736760,human,0.842,human,0,train
815736761,human,0.706,human,0,validation
815736762,human,0.846,human,0,train
815736763,human,0.875,human,0,validation
815736764,human,0.679,human,0,validation
815736766,human,0.748,human,0,validation
815736767,human,0.792,unknown,0,unknown
815736768,human,0.807,human,0,test
815736769,human,0.725,human,0,validation
815736770,human,0.792,human,0,train
815736771,human,0.883,human,0,validation
815736772,non_human,0.77,non_human,0,train
815736773,human,0.579,non_human,0,train
815736775,human,0.74,human,0,train
815736776,human,0.819,human,0,validation
815736777,non_human,0.751,non_human,0,test
815736778,non_human,0.545,non_human,0,train
815736779,human,0.719,human,0,test
815736780,human,0.967,human,1,validation
815736781,human,0.818,human,0,train
815736782,human,0.743,human,0,train
815736783,human,0.762,non_human,0,train
815736784,human,0.994,human,1,train
815736785,human,0.725,human,0,train
815736786,human,0.893,human,0,validation
815736787,human,0.73,human,0,train
815736788,human,0.781,non_human,0,train
815736789,human,0.839,human,0,train
815736790,human,0.786,human,0,validation
815736791,human,0.761,human,0,train
815736792,human,0.832,human,0,test
815736793,human,0.651,human,0,train
815736794,human,0.578,human,0,validation
815736795,human,0.803,human,0,validation
815736796,human,0.926,human,1,validation
815736797,human,0.871,human,0,validation
815736798,non_human,0.8,non_human,0,validation
815736799,non_human,0.725,non_human,0,train
815736800,human,0.915,human,1,train
815736801,human,0.695,human,0,test
815736802,human,0.887,human,0,train
815736803,human,0.956,human,1,train
815736804,human,0.776,human,0,train
815736805,human,0.878,human,0,train
815736807,human,0.899,human,0,train
815736808,human,0.636,human,0,test
815736809,human,0.983,human,1,validation
815736810,non_human,0.502,non_human,0,train
815736811,non_human,0.827,non_human,0,train
815736812,human,0.909,unknown,1,unknown
815736813,human,0.677,human,0,validation
815736814,human,0.896,human,0,validation
815736815,human,0.807,human,0,validation
815736816,human,0.623,human,0,train
815736817,human,0.854,non_human,0,test
815736819,human,0.94,human,1,train
815736820,human,0.95,human,1,test
815736821,human,0.912,human,1,train
815736822,non_human,0.872,non_human,0,test
815736823,human,0.543,human,0,train
815736824,human,0.891,human,0,train
815736825,human,0.872,human,0,train
815736826,human,0.897,human,0,train
815736827,human,0.923,human,1,train
815736831,human,0.885,human,0,test
815736832,human,0.949,human,1,validation
815736833,non_human,0.909,non_human,1,train
815736834,human,0.898,human,0,train
815736835,human,0.963,human,1,train
815736836,non_human,0.504,human,0,train
815736837,human,0.946,human,1,train
815736838,human,0.973,human,1,test
815736840,human,0.79,human,0,train
815736842,human,0.946,non_human,1,validation
815736843,human,0.9,human,1,train
815736844,non_human,0.699,non_human,0,train
815736846,human,0.939,human,1,test
815736847,human,0.91,human,1,test
815736848,human,0.865,human,0,test
815736849,human,0.884,human,0,test
815736850,human,0.823,human,0,test
815736851,human,0.97,human,1,test
815736852,human,0.888,human,0,train
815736853,human,0.769,non_human,0,test
815736854,human,0.765,human,0,train
815736855,human,0.961,human,1,train
815736857,non_human,0.816,non_human,0,test
815736859,human,0.942,human,1,train
815736860,human,0.896,human,0,test
815736861,human,0.911,human,1,train
815736862,non_human,0.564,non_human,0,train
815736863,human,0.873,human,0,train
815736864,human,0.844,human,0,train
815736865,human,0.873,human,0,train
815736866,human,0.863,human,0,validation
815736867,human,0.743,human,0,test
815736868,non_human,0.748,non_human,0,train
815736869,human,0.561,unknown,0,unknown
815736870,human,0.983,human,1,train
815736871,human,0.968,human,1,test
815736872,human,0.963,human,1,train
815736873,human,0.888,human,0,train
815736874,human,0.918,human,1,validation
815736875,human,0.934,human,1,validation
815736876,human,0.927,human,1,train
815736877,human,0.904,human,1,train
815736878,human,0.91,human,1,train
815736879,human,0.605,human,0,test
815736880,human,0.757,human,0,train
815736881,human,0.914,human,1,train
815736883,human,0.837,human,0,train
815736884,human,0.939,human,1,validation
815736885,human,0.882,human,0,train
815736886,human,0.901,human,1,validation
815736887,human,0.842,human,0,train
815736888,human,0.942,human,1,test
815736889,human,0.835,human,0,train
815736890,human,0.661,human,0,train
815736891,human,0.826,unknown,0,unknown
815736892,human,0.726,human,0,train
815736893,human,0.515,non_human,0,train
815736894,human,0.798,human,0,validation
815736895,human,0.875,human,0,train
815736896,human,0.97,human,1,train
815736897,human,0.77,human,0,train
815736898,human,0.852,unknown,0,unknown
815736899,human,0.943,human,1,train
815736900,human,0.897,human,0,test
815736901,human,0.95,human,1,train
815736902,human,0.878,human,0,validation
815736903,human,0.892,human,0,test
815736904,human,0.931,human,1,train
815736905,human,0.905,human,1,train
815736906,human,0.969,human,1,train
815736908,human,0.908,human,1,test
815736909,non_human,0.576,non_human,0,validation
815736910,human,0.985,human,1,train
815736911,human,0.93,human,1,train
815736912,human,0.876,non_human,0,test
815736913,human,0.804,human,0,validation
815736915,human,0.878,unknown,0,unknown
815736916,human,0.617,non_human,0,train
815736917,non_human,0.71,unknown,0,unknown
815736918,non_human,0.579,human,0,train
815736919,human,0.8,human,0,test
815736920,human,0.868,human,0,train
815736921,human,0.603,human,0,validation
815736922,human,0.952,human,1,train
815736923,human,0.835,human,0,train
815736924,human,0.643,non_human,0,train
815736925,human,0.944,human,1,train
815736926,human,0.979,human,1,train
815736927,human,0.869,human,0,test
815736928,human,0.909,human,1,train
815736929,non_human,0.688,non_human,0,validation
815736932,human,0.904,human,1,train
815736933,human,0.97,human,1,train
815736934,human,0.898,human,0,train
815736935,human,0.984,human,1,test
815736936,human,0.699,human,0,test
815736937,human,0.824,human,0,train
815736938,human,0.873,human,0,train
815736939,human,0.905,non_human,1,validation
815736940,human,0.832,human,0,train
815736941,human,0.779,human,0,train
815736942,human,0.864,human,0,validation
815736943,human,0.706,non_human,0,train
815736944,human,0.715,human,0,train
815736945,human,0.954,non_human,1,validation
815736946,human,0.7,human,0,train
815736947,human,0.696,non_human,0,train
815736948,human,0.785,human,0,train
815736949,non_human,0.881,non_human,0,test
815736950,human,0.913,human,1,validation
815736951,human,0.592,human,0,validation
815736952,human,0.931,human,1,validation
815736953,human,0.918,human,1,validation
815736954,human,0.981,human,1,train
815736955,human,0.561,human,0,train
815736956,human,0.772,non_human,0,train
815736957,human,0.676,human,0,train
815736958,human,0.96,unknown,1,unknown
815736959,human,0.92,human,1,test
815736960,human,0.868,human,0,train
815736961,human,0.652,human,0,test
815736962,human,0.865,non_human,0,test
815736963,human,0.876,human,0,train
815736965,human,0.893,human,0,test
815736966,human,0.721,non_human,0,train
815736967,non_human,0.569,non_human,0,test
815736968,human,0.849,human,0,test
815736969,human,0.935,unknown,1,unknown
815736970,human,0.846,human,0,train
815736971,human,0.77,unknown,0,unknown
815736972,human,0.708,non_human,0,validation
815736973,human,0.634,human,0,test
815736974,human,0.964,human,1,train
815736975,human,0.877,human,0,train
815736976,human,0.875,human,0,train
815736977,human,0.885,human,0,train
815736978,human,0.843,human,0,test
815736979,human,0.939,human,1,validation
815736980,human,0.729,human,0,test
815736983,human,0.916,human,1,train
815736984,human,0.955,human,1,test
815736985,human,0.743,human,0,test
815736987,human,0.94,human,1,train
815736988,human,0.96,human,1,train
815736989,human,0.695,non_human,0,train
815736990,human,0.898,non_human,0,train
815736991,human,0.718,human,0,validation
815736992,human,0.901,human,1,validation
815736993,human,0.762,human,0,train
815736994,human,0.669,non_human,0,test
815736995,human,0.962,human,1,train
815736996,human,0.72,non_human,0,train
815736997,non_human,0.8,non_human,0,validation
815736998,non_human,0.66,non_human,0,train
815736999,human,0.792,human,0,validation
815737000,human,0.941,human,1,validation
815737001,human,0.903,human,1,train
815737002,human,0.682,human,0,train
815737003,human,0.954,human,1,train
815737004,human,0.751,non_human,0,train
815737005,human,0.958,unknown,1,unknown
815737006,human,0.799,unknown,0,unknown
815737007,human,0.891,human,0,train
815737008,human,0.89,human,0,train
815737009,human,0.667,human,0,train
815737010,human,0.859,human,0,validation
815737011,non_human,0.755,non_human,0,test
815737012,human,0.928,human,1,train
815737013,human,0.909,human,1,train
815737014,human,0.818,human,0,test
815737015,human,0.814,human,0,validation
815737016,human,0.914,human,1,validation
815737017,human,0.951,human,1,train
815737018,human,0.876,non_human,0,validation
815737019,human,0.862,human,0,train
815737021,human,0.839,human,0,train
815737023,human,0.868,human,0,train
815737024,human,0.818,human,0,train
815737025,human,0.744,human,0,train
815737026,human,0.921,human,1,train
815737027,human,0.801,non_human,0,train
815737028,non_human,0.659,non_human,0,train
815737029,human,0.965,human,1,test
815737030,human,0.924,human,1,train
815737031,human,0.939,human,1,train
815737035,human,0.877,unknown,0,unknown
815737036,human,0.929,non_human,1,validation
815737037,human,0.55,human,0,test
815737038,human,0.686,non_human,0,validation
815737039,human,0.884,human,0,test
815737040,human,0.875,human,0,validation
815737041,human,0.856,human,0,test
815737042,human,0.937,human,1,train
815737043,human,0.92,human,1,train
815737044,non_human,0.67,non_human,0,train
815737045,human,0.878,human,0,train
815737047,human,0.65,non_human,0,train
815737048,non_human,0.65,non_human,0,train
815737049,human,0.969,human,1,train
815737050,human,0.506,non_human,0,validation
815737051,human,0.725,human,0,train
815737052,human,0.866,human,0,train
815737053,human,0.891,human,0,test
815737055,human,0.702,human,0,train
815737056,human,0.862,human,0,validation
815737058,non_human,0.531,non_human,0,train
815737059,non_human,0.963,non_human,1,validation
815737060,human,0.675,human,0,train
815737061,human,0.841,human,0,train
815737064,non_human,0.665,non_human,0,test
815737065,human,0.593,human,0,train
815737066,human,0.969,human,1,validation
815737068,human,0.905,human,1,train
815737069,human,0.937,human,1,validation
815737070,human,0.816,human,0,validation
815737071,human,0.842,human,0,train
815737072,human,0.549,human,0,test
815737073,human,0.92,human,1,train
815737074,human,0.809,human,0,train
815737075,human,0.952,human,1,validation
815737076,human,0.825,human,0,train
815737077,human,0.773,human,0,train
815737078,human,0.536,non_human,0,test
815737079,non_human,0.734,human,0,train
815737080,human,0.755,human,0,test
815737081,human,0.898,human,0,validation
815737082,human,0.741,human,0,train
815737083,non_human,0.532,non_human,0,train
815737084,human,0.882,human,0,train
815737085,human,0.785,human,0,train
815737086,human,0.785,human,0,test
815737087,non_human,0.636,non_human,0,validation
815737088,human,0.764,human,0,train
815737089,non_human,0.652,non_human,0,train
815737090,human,0.88,human,0,test
815737091,human,0.966,human,1,train
815737093,non_human,0.686,non_human,0,validation
815737094,human,0.814,human,0,train
815737095,human,0.839,human,0,train
815737096,human,0.868,human,0,validation
815737098,human,0.873,human,0,train
815737099,human,0.882,human,0,train
815737100,human,0.913,human,1,train
815737101,human,0.892,human,0,validation
815737102,human,0.746,human,0,validation
815737103,human,0.867,human,0,train
815737104,human,0.76,human,0,train
815737105,non_human,0.562,non_human,0,train
815737107,non_human,0.852,non_human,0,train
815737108,human,0.941,human,1,train
815737110,human,0.979,human,1,train
815737111,human,0.538,non_human,0,train
815737112,non_human,0.897,non_human,0,validation
815737113,human,0.962,human,1,validation
815737114,human,0.89,human,0,test
815737115,human,0.647,human,0,train
815737116,human,0.974,human,1,test
815737117,human,0.792,human,0,train
815737118,human,0.856,human,0,train
815737119,human,0.942,human,1,validation
815737120,human,0.907,human,1,test
815737121,human,0.949,unknown,1,unknown
815737122,human,0.79,non_human,0,train
815737123,human,0.91,human,1,test
815737124,human,0.837,human,0,test
815737125,human,0.784,human,0,test
815737126,human,0.847,human,0,train
815737127,human,0.984,human,1,train
815737128,human,0.96,human,1,validation
815737129,human,0.908,human,1,train
815737130,human,0.867,human,0,train
815737131,human,0.923,human,1,train
815737132,non_human,0.789,non_human,0,train
815737133,human,0.964,human,1,train
815737134,human,0.854,human,0,test
815737136,non_human,0.606,non_human,0,test
815737137,human,0.961,human,1,validation
815737138,human,0.961,human,1,train
815737139,human,0.84,human,0,test
815737140,human,0.609,human,0,test
815737141,human,0.562,non_human,0,train
815737142,human,0.993,human,1,test
815737143,human,0.897,human,0,test
815737145,non_human,0.661,non_human,0,test
815737146,human,0.938,unknown,1,unknown
815737147,human,0.978,human,1,train
815737149,human,0.962,human,1,validation
815737150,non_human,0.523,non_human,0,train
815737151,human,0.958,human,1,test
815737152,non_human,0.704,human,0,train
815737153,human,0.9,human,1,train
815737154,human,0.804,human,0,train
815737155,human,0.953,human,1,train
815737156,human,0.564,human,0,train
815737157,human,0.933,human,1,validation
815737158,human,0.716,human,0,validation
815737159,human,0.812,unknown,0,unknown
815737160,human,0.741,human,0,train
815737162,human,0.714,human,0,train
815737163,human,0.94,human,1,validation
815737164,human,0.931,human,1,train
815737165,human,0.895,human,0,train
815737166,human,0.736,human,0,train
815737167,non_human,0.803,non_human,0,validation
815737168,human,0.916,human,1,train
815737169,human,0.988,human,1,train
815737170,human,0.951,human,1,train
815737171,non_human,0.597,non_human,0,train
815737172,human,0.903,human,1,train
815737173,human,0.742,unknown,0,unknown
815737174,human,0.753,human,0,train
815737175,human,0.718,non_human,0,train
815737176,human,0.932,human,1,validation
815737177,human,0.932,human,1,train
815737178,human,0.883,human,0,test
815737179,human,0.666,human,0,test
815737180,human,0.883,human,0,validation
815737181,human,0.603,non_human,0,train
815737182,non_human,0.721,non_human,0,test
815737183,non_human,0.836,non_human,0,test
815737184,human,0.959,human,1,train
815737185,human,0.855,human,0,validation
815737186,human,0.867,non_human,0,test
815737187,human,0.646,human,0,train
815737188,human,0.934,human,1,validation
815737189,human,0.947,human,1,train
815737190,human,0.812,non_human,0,train
815737192,human,0.822,human,0,validation
815737194,human,0.906,human,1,validation
815737195,human,0.864,human,0,train
815737196,non_human,0.69,non_human,0,test
815737197,human,0.76,human,0,train
815737198,human,0.733,human,0,train
815737199,human,0.806,human,0,train
815737200,human,0.927,unknown,1,unknown
815737201,human,0.837,human,0,test
815737202,non_human,0.807,non_human,0,test
815737204,human,0.566,human,0,test
815737205,human,0.857,human,0,test
815737206,human,0.958,human,1,train
815737207,human,0.916,human,1,train
815737209,human,0.881,non_human,0,train
815737210,human,0.86,human,0,test
815737211,human,0.813,human,0,validation
815737212,human,0.886,human,0,train
815737213,human,0.838,human,0,train
815737214,human,0.93,non_human,1,validation
815737215,human,0.967,human,1,test
815737216,human,0.948,human,1,test
815737217,non_human,0.814,non_human,0,train
815737218,human,0.668,human,0,train
815737219,human,0.989,human,1,test
815737220,non_human,0.713,non_human,0,train
815737221,human,0.844,unknown,0,unknown
815737223,human,0.935,human,1,train
815737224,human,0.845,human,0,train
815737225,human,0.946,human,1,train
815737226,human,0.931,human,1,train
815737227,human,0.855,human,0,validation
815737228,human,0.917,human,1,train
815737229,human,0.884,human,0,train
815737230,human,0.76,non_human,0,validation
815737231,human,0.74,human,0,train
815737232,human,0.776,non_human,0,validation
815737233,human,0.816,human,0,train
815737234,human,0.946,human,1,train
815737235,human,0.941,human,1,train
815737239,human,0.964,human,1,validation
815737240,non_human,0.594,non_human,0,train
815737241,non_human,0.714,non_human,0,train
815737242,human,0.94,human,1,train
815737243,human,0.925,human,1,train
815737244,human,0.839,non_human,0,train
815737245,human,0.843,human,0,train
815737246,human,0.929,human,1,validation
815737247,human,0.889,human,0,train
815737248,human,0.937,human,1,validation
815737249,human,0.921,human,1,train
815737250,human,0.879,human,0,train
815737251,human,0.83,human,0,validation
815737252,human,0.861,non_human,0,test
815737253,human,0.636,human,0,train
815737254,non_human,0.917,non_human,1,test
815737255,human,0.745,non_human,0,train
815737256,human,0.877,human,0,train
815737257,non_human,0.56,non_human,0,train
815737258,human,0.916,human,1,train
815737259,human,0.935,human,1,train
815737261,human,0.964,human,1,test
815737262,human,0.921,human,1,test
815737263,human,0.965,human,1,train
815737264,human,0.727,human,0,test
815737265,human,0.92,human,1,train
815737266,human,0.928,human,1,test
815737267,human,0.96,human,1,train
815737268,human,0.979,human,1,validation
815737269,human,0.932,human,1,validation
815737270,non_human,0.759,non_human,0,train
815737271,human,0.907,non_human,1,train
815737272,human,0.956,human,1,train
815737273,human,0.876,human,0,validation
815737274,human,0.906,human,1,validation
815737275,human,0.966,human,1,validation
815737276,human,0.968,human,1,validation
815737277,human,0.87,human,0,train
815737278,human,0.894,human,0,test
815737279,human,0.924,human,1,validation
815737280,human,0.954,human,1,test
815737283,human,0.945,human,1,test
815737284,human,0.9,human,1,train
815737285,human,0.658,non_human,0,train
815737286,non_human,0.648,non_human,0,train
815737288,human,0.958,human,1,train
815737289,human,0.871,non_human,0,train
815737290,human,0.833,human,0,train
815737291,human,0.866,human,0,validation
815737292,human,0.812,non_human,0,validation
815737293,human,0.52,human,0,test
815737294,human,0.956,human,1,train
815737295,human,0.908,human,1,train
815737296,human,0.879,unknown,0,unknown
815737297,human,0.719,human,0,validation
815737298,human,0.934,human,1,train
815737299,human,0.868,human,0,train
815737300,human,0.866,human,0,train
815737301,human,0.92,human,1,train
815737302,human,0.923,human,1,test
815737303,human,0.932,non_human,1,test
815737304,human,0.869,human,0,train
815737305,human,0.903,human,1,train
815737306,human,0.712,non_human,0,train
815737308,human,0.894,unknown,0,unknown
815737309,human,0.834,human,0,train
815737310,non_human,0.595,unknown,0,unknown
815737311,human,0.877,human,0,test
815737312,human,0.874,human,0,train
815737313,human,0.99,human,1,train
815737314,human,0.928,human,1,train
815737315,human,0.712,human,0,test
815737317,human,0.968,human,1,train
815737318,human,0.923,human,1,train
815737319,human,0.95,human,1,train
815737320,human,0.795,human,0,validation
815737321,non_human,0.794,non_human,0,train
815737322,human,0.807,human,0,validation
815737323,human,0.952,human,1,train
815737324,human,0.739,human,0,train
815737325,human,0.857,human,0,train
815737326,human,0.799,non_human,0,train
815737327,human,0.818,human,0,train
815737328,human,0.88,human,0,train
815737329,human,0.727,human,0,validation
815737330,human,0.935,human,1,train
815737331,human,0.957,human,1,train
815737332,human,0.901,human,1,train
815737333,human,0.912,human,1,train
815737334,human,0.907,human,1,test
815737335,human,0.915,human,1,validation
815737336,human,0.973,human,1,train
815737337,human,0.675,non_human,0,validation
815737338,human,0.921,human,1,test
815737342,human,0.954,unknown,1,unknown
815737343,non_human,0.752,human,0,validation
815737345,human,0.872,human,0,train
815737346,non_human,0.913,non_human,1,train
815737347,human,0.941,human,1,test
815737348,human,0.968,human,1,train
815737350,human,0.929,human,1,train
815737351,human,0.816,human,0,train
815737352,human,0.797,human,0,train
815737353,human,0.913,human,1,test
815737354,human,0.73,human,0,train
815737355,human,0.976,human,1,train
815737356,human,0.854,human,0,validation
815737357,human,0.92,human,1,test
815737358,human,0.9,human,1,train
815737359,human,0.69,human,0,train
815737360,human,0.951,human,1,test
815737361,human,0.905,human,1,validation
815737362,human,0.96,human,1,train
815737363,non_human,0.563,non_human,0,validation
815737365,human,0.568,non_human,0,train
815737366,human,0.933,human,1,train
815737367,non_human,0.71,non_human,0,test
815737368,human,0.893,human,0,train
815737369,human,0.626,human,0,train
815737371,human,0.876,unknown,0,unknown
815737372,human,0.96,human,1,train
815737373,human,0.744,unknown,0,unknown
815737374,human,0.879,human,0,train
815737375,human,0.78,human,0,train
815737376,non_human,0.843,non_human,0,train
815737377,human,0.843,human,0,train
815737378,human,0.712,human,0,test
815737379,human,0.851,human,0,train
815737380,human,0.507,human,0,train
815737381,non_human,0.719,non_human,0,train
815737382,human,0.896,human,0,train
815737383,human,0.807,human,0,test
815737384,human,0.857,human,0,test
815737385,human,0.938,human,1,train
815737386,human,0.76,human,0,validation
815737387,human,0.931,human,1,train
815737388,human,0.884,human,0,train
815737389,human,0.862,human,0,train
815737390,human,0.727,human,0,train
815737391,human,0.982,human,1,train
815737393,human,0.676,non_human,0,train
815737394,human,0.869,human,0,train
815737395,non_human,0.777,non_human,0,train
815737396,human,0.87,human,0,test
815737397,human,0.69,unknown,0,unknown
815737398,human,0.939,human,1,validation
815737400,human,0.822,human,0,train
815737401,human,0.934,human,1,train
815737402,human,0.936,human,1,test
815737403,human,0.96,human,1,train
815737404,human,0.802,non_human,0,train
815737405,human,0.898,human,0,test
815737407,human,0.872,human,0,train
815737408,human,0.627,human,0,train
815737409,human,0.964,human,1,validation
815737411,human,0.673,non_human,0,train
815737412,human,0.919,human,1,test
815737413,human,0.908,unknown,1,unknown
815737414,human,0.866,human,0,train
815737415,human,0.727,human,0,test
815737416,human,0.83,unknown,0,unknown
815737417,human,0.54,non_human,0,train
815737418,human,0.981,human,1,train
815737419,non_human,0.704,non_human,0,train
815737420,human,0.737,human,0,train
815737421,human,0.91,human,1,test
815737422,human,0.721,human,0,train
815737423,human,0.904,human,1,validation
815737424,human,0.723,non_human,0,test
815737425,human,0.879,human,0,train
815737426,human,0.974,human,1,validation
815737427,human,0.711,human,0,test
815737428,human,0.862,human,0,train
815737429,non_human,0.735,non_human,0,train
815737431,human,0.617,non_human,0,train
815737432,human,0.643,human,0,train
815737434,human,0.667,human,0,train
815737435,human,0.812,human,0,test
815737436,human,0.841,human,0,train
815737437,non_human,0.95,non_human,1,test
815737438,human,0.943,human,1,train
815737439,human,0.951,human,1,test
815737440,human,0.866,human,0,train
815737441,human,0.975,human,1,validation
815737442,human,0.78,human,0,test
815737444,human,0.77,human,0,train
815737445,human,0.945,human,1,train
815737446,human,0.742,unknown,0,unknown
815737447,human,0.739,unknown,0,unknown
815737448,human,0.902,human,1,train
815737449,human,0.908,human,1,train
815737450,non_human,0.813,non_human,0,train
815737451,human,0.788,unknown,0,unknown
815737452,human,0.883,human,0,train
815737453,human,0.848,human,0,validation
815737454,non_human,0.573,human,0,train
815737455,human,0.965,human,1,train
815737456,human,0.968,human,1,test
815737457,human,0.853,non_human,0,test
815737458,human,0.763,human,0,train
815737459,human,0.925,human,1,validation
815737460,human,0.932,human,1,train
815737461,human,0.698,human,0,train
815737462,human,0.964,human,1,train
815737463,non_human,0.713,non_human,0,test
815737464,human,0.889,unknown,0,unknown
815737465,human,0.708,human,0,train
815737466,human,0.775,human,0,validation
815737467,human,0.912,human,1,train
815737468,human,0.876,human,0,train
815737469,human,0.805,human,0,train
815737471,human,0.868,human,0,train
815737472,human,0.959,unknown,1,unknown
815737473,human,0.909,human,1,validation
815737475,human,0.624,human,0,train
815737476,human,0.812,human,0,test
815737477,human,0.968,human,1,validation
815737478,human,0.812,human,0,train
815737479,non_human,0.831,non_human,0,test
815737480,human,0.901,human,1,train
815737482,human,0.796,human,0,train
815737483,human,0.931,human,1,train
815737484,human,0.801,non_human,0,train
815737485,human,0.919,human,1,train
815737486,human,0.766,human,0,train
815737487,human,0.743,non_human,0,test
815737488,human,0.943,human,1,test
815737489,non_human,0.571,non_human,0,train
815737490,human,0.69,non_human,0,train
815737493,human,0.916,human,1,validation
815737494,human,0.938,human,1,train
815737495,non_human,0.97,non_human,1,test
815737496,non_human,0.824,human,0,validation
815737497,human,0.918,human,1,train
815737498,human,0.985,human,1,test
815737499,human,0.932,human,1,train
815737500,human,0.531,human,0,test
815737501,non_human,0.609,human,0,test
815737502,human,0.876,human,0,train
815737503,human,0.932,human,1,train
815737504,human,0.902,human,1,train
815737505,human,0.942,human,1,validation
815737506,non_human,0.857,non_human,0,train
815737507,non_human,0.675,non_human,0,train
815737508,human,0.874,human,0,train
815737509,human,0.911,non_human,1,validation
815737511,human,0.98,human,1,train
815737512,human,0.541,unknown,0,unknown
815737513,non_human,0.562,non_human,0,validation
815737514,human,0.95,human,1,train
815737515,human,0.823,non_human,0,validation
815737516,human,0.783,non_human,0,train
815737517,human,0.946,human,1,train
815737518,human,0.919,human,1,test
815737519,human,0.854,human,0,train
815737520,human,0.817,human,0,test
815737521,human,0.649,non_human,0,train
815737522,non_human,0.619,non_human,0,validation
815737523,human,0.695,non_human,0,test
815737524,human,0.958,human,1,validation
815737525,human,0.88,human,0,train
815737526,human,0.813,human,0,train
815737528,human,0.943,human,1,train
815737529,human,0.923,human,1,test
815737530,human,0.755,human,0,test
815737531,human,0.881,human,0,train
815737532,human,0.936,human,1,train
815737534,human,0.79,human,0,train
815737535,human,0.972,human,1,train
815737536,human,0.976,human,1,train
815737537,human,0.926,human,1,train
815737538,human,0.674,non_human,0,train
815737539,human,0.684,human,0,train
815737541,non_human,0.958,non_human,1,validation
815737542,human,0.928,human,1,train
815737543,human,0.948,human,1,train
815737544,human,0.925,human,1,train
815737547,human,0.925,human,1,train
815737549,human,0.821,human,0,validation
815737550,non_human,0.688,non_human,0,train
815737551,human,0.812,human,0,train
815737552,human,0.926,human,1,train
815737553,human,0.836,human,0,train
815737554,human,0.791,non_human,0,test
815737555,human,0.791,human,0,train
815737556,human,0.84,human,0,train
815737558,human,0.87,human,0,train
815737560,human,0.925,human,1,validation
815737561,human,0.688,human,0,train
815737562,human,0.827,human,0,validation
815737563,human,0.879,human,0,train
815737564,human,0.885,human,0,train
815737565,human,0.849,human,0,train
815737566,human,0.843,human,0,train
815737567,human,0.855,human,0,train
815737568,human,0.967,human,1,train
815737569,non_human,0.779,non_human,0,validation
815737571,human,0.84,non_human,0,test
815737572,human,0.92,human,1,train
815737573,human,0.819,human,0,train
815737574,human,0.981,human,1,train
815737575,human,0.88,human,0,train
815737576,human,0.758,human,0,train
815737577,non_human,0.539,human,0,test
815737578,non_human,0.583,non_human,0,train
815737579,human,0.913,human,1,validation
815737580,human,0.735,human,0,validation
815737581,non_human,0.854,non_human,0,train
815737582,human,0.878,human,0,test
815737583,human,0.858,human,0,train
815737584,human,0.914,human,1,train
815737585,human,0.985,human,1,train
815737586,human,0.704,human,0,train
815737587,non_human,0.707,non_human,0,train
815737588,human,0.749,non_human,0,train
815737589,human,0.826,human,0,train
815737590,human,0.783,human,0,train
815737591,human,0.936,human,1,test
815737592,human,0.856,human,0,train
815737593,non_human,0.885,non_human,0,test
815737594,human,0.91,human,1,train
815737597,human,0.84,human,0,train
815737598,human,0.94,human,1,train
815737599,human,0.838,human,0,train
815737601,human,0.902,human,1,train
815737602,human,0.915,human,1,train
815737604,human,0.977,human,1,test
815737606,human,0.765,non_human,0,test
815737608,human,0.97,human,1,train
815737609,human,0.941,human,1,test
815737611,human,0.847,human,0,train
815737612,human,0.931,human,1,train
815737613,human,0.668,non_human,0,train
815737614,non_human,0.56,non_human,0,validation
815737615,human,0.966,human,1,train
815737616,human,0.957,human,1,test
815737618,human,0.707,non_human,0,test
815737619,human,0.947,human,1,test
815737620,human,0.928,human,1,train
815737621,human,0.713,human,0,validation
815737622,human,0.937,human,1,train
815737623,human,0.787,human,0,train
815737624,human,0.896,human,0,train
815737625,human,0.525,human,0,validation
815737626,human,0.893,unknown,0,unknown
815737627,human,0.9,human,1,train
815737628,human,0.979,human,1,train
815737629,human,0.835,human,0,train
815737630,human,0.723,human,0,validation
815737631,non_human,0.853,non_human,0,test
815737632,human,0.863,human,0,test
815737633,human,0.907,human,1,train
815737634,human,0.788,human,0,validation
815737635,human,0.756,human,0,train
815737637,human,0.803,human,0,validation
815737638,human,0.685,human,0,train
815737639,human,0.955,human,1,test
815737640,human,0.75,human,0,test
815737641,human,0.819,human,0,train
815737642,non_human,0.816,non_human,0,train
815737643,human,0.832,human,0,validation
815737644,human,0.88,human,0,train
815737645,human,0.888,human,0,train
815737646,human,0.9,human,1,validation
815737650,human,0.875,human,0,train
815737651,human,0.956,human,1,validation
815737652,human,0.905,human,1,train
815737653,human,0.594,non_human,0,train
815737654,human,0.942,human,1,test
815737655,human,0.854,human,0,train
815737656,human,0.759,human,0,train
815737657,human,0.979,human,1,train
815737658,human,0.938,human,1,train
815737659,human,0.83,human,0,validation
815737660,human,0.762,non_human,0,test
815737661,human,0.684,human,0,validation
815737664,human,0.818,human,0,train
815737665,human,0.691,human,0,train
815737666,human,0.681,non_human,0,train
815737667,human,0.806,human,0,train
815737668,human,0.941,human,1,train
815737669,human,0.853,human,0,test
815737670,human,0.948,human,1,validation
815737671,non_human,0.845,non_human,0,train
815737673,human,0.825,human,0,train
815737674,human,0.983,human,1,validation
815737675,human,0.938,human,1,train
815737676,human,0.943,human,1,validation
815737679,human,0.948,human,1,train
815737680,human,0.621,non_human,0,train
815737681,human,0.903,human,1,test
815737682,human,0.875,human,0,train
815737683,human,0.899,human,0,validation
815737684,human,0.862,human,0,train
815737685,human,0.824,non_human,0,test
815737687,non_human,0.925,non_human,1,train
815737688,human,0.65,human,0,train
815737689,human,0.902,unknown,1,unknown
815737691,human,0.917,human,1,train
815737692,human,0.906,human,1,train
815737693,human,0.952,human,1,test
815737694,human,0.927,human,1,validation
815737695,human,0.963,human,1,train
815737696,human,0.619,human,0,train
815737697,non_human,0.76,non_human,0,train
815737698,human,0.922,non_human,1,test
815737699,human,0.725,human,0,validation
815737700,non_human,0.888,non_human,0,validation
815737701,human,0.931,human,1,train
815737702,human,0.969,human,1,train
815737703,non_human,0.845,non_human,0,test
815737704,human,0.777,human,0,train
815737705,non_human,0.883,non_human,0,train
815737706,human,0.92,human,1,train
815737707,human,0.794,human,0,train
815737708,non_human,0.812,non_human,0,train
815737709,human,0.867,human,0,train
815737710,human,0.958,human,1,train
815737711,human,0.814,human,0,validation
815737712,human,0.672,human,0,test
815737713,human,0.861,human,0,test
815737714,human,0.834,human,0,test
815737715,human,0.542,human,0,test
815737716,human,0.883,human,0,validation
815737717,human,0.862,unknown,0,unknown
815737718,human,0.832,human,0,train
815737719,human,0.908,human,1,train
815737720,human,0.957,human,1,train
815737721,human,0.833,human,0,validation
815737722,human,0.836,human,0,test
815737724,human,0.748,human,0,test
815737725,human,0.82,human,0,train
815737726,human,0.839,human,0,test
815737727,human,0.804,human,0,test
815737728,human,0.973,unknown,1,unknown
815737729,human,0.776,human,0,test
815737730,human,0.642,unknown,0,unknown
815737731,human,0.908,human,1,validation
815737733,human,0.861,human,0,validation
815737734,human,0.956,human,1,train
815737735,human,0.956,human,1,validation
815737736,human,0.886,unknown,0,unknown
815737737,human,0.674,human,0,test
815737738,human,0.963,unknown,1,unknown
815737739,human,0.806,human,0,test
815737740,non_human,0.898,non_human,0,train
815737741,human,0.801,human,0,validation
815737742,human,0.682,human,0,test
815737743,human,0.899,human,0,train
815737744,human,0.851,human,0,train
815737745,human,0.705,non_human,0,validation
815737746,human,0.963,human,1,train
815737747,human,0.798,human,0,train
815737748,human,0.793,human,0,train
815737749,human,0.97,human,1,validation
815737753,human,0.605,non_human,0,validation
815737754,human,0.897,human,0,train
815737755,human,0.88,human,0,validation
815737756,human,0.912,human,1,train
815737757,human,0.886,human,0,test
815737759,human,0.945,human,1,validation
815737760,non_human,0.807,non_human,0,test
815737761,human,0.916,human,1,train
815737762,human,0.868,human,0,train
815737764,human,0.588,human,0,validation
815737765,human,0.604,human,0,test
815737767,human,0.678,human,0,train
815737768,human,0.611,non_human,0,train
815737769,human,0.946,non_human,1,test
815737772,human,0.879,human,0,test
815737773,human,0.906,human,1,train
815737774,human,0.829,human,0,train
815737775,non_human,0.885,non_human,0,validation
815737777,non_human,0.677,human,0,test
815737778,human,0.958,human,1,test
815737779,human,0.581,human,0,train
815737780,human,0.932,human,1,validation
815737782,human,0.756,human,0,train
815737783,non_human,0.907,non_human,1,train
815737784,human,0.923,human,1,train
815737785,human,0.879,unknown,0,unknown
815737786,human,0.832,human,0,train
815737787,human,0.846,human,0,train
815737788,human,0.973,human,1,test
815737789,human,0.992,human,1,train
815737790,human,0.925,human,1,validation
815737791,non_human,0.751,non_human,0,validation
815737792,human,0.962,unknown,1,unknown
815737794,human,0.94,human,1,validation
815737795,human,0.864,human,0,validation
815737796,human,0.965,human,1,train
815737797,human,0.58,human,0,train
815737798,non_human,0.856,non_human,0,train
815737799,human,0.925,human,1,validation
815737800,human,0.937,human,1,validation
815737801,human,0.86,human,0,train
815737802,human,0.856,non_human,0,test
815737804,human,0.824,human,0,train
815737805,human,0.851,human,0,train
815737806,human,0.857,human,0,train
815737807,human,0.875,human,0,validation
815737808,human,0.823,unknown,0,unknown
815737809,human,0.992,human,1,test
815737810,human,0.918,human,1,train
815737811,non_human,0.593,non_human,0,test
815737812,human,0.921,human,1,train
815737813,human,0.783,human,0,validation
815737814,human,0.678,non_human,0,test
815737815,non_human,0.523,non_human,0,train
815737816,human,0.818,human,0,train
815737817,human,0.946,non_human,1,test
815737818,human,0.603,human,0,test
815737819,human,0.911,human,1,test
815737820,non_human,0.556,non_human,0,validation
815737821,human,0.722,human,0,train
815737822,human,0.918,human,1,validation
815737823,human,0.784,human,0,validation
815737824,human,0.921,human,1,validation
815737825,non_human,0.529,human,0,train
815737826,human,0.857,human,0,validation
815737827,human,0.95,human,1,train
815737828,human,0.83,human,0,train
815737829,human,0.961,human,1,train
815737830,human,0.764,human,0,train
815737831,human,0.93,human,1,train
815737832,human,0.732,unknown,0,unknown
815737833,human,0.511,non_human,0,test
815737834,non_human,0.88,non_human,0,test
815737835,human,0.953,human,1,train
815737836,human,0.624,human,0,train
815737837,human,0.606,human,0,train
815737838,human,0.832,human,0,test
815737840,human,0.81,human,0,test
815737842,human,0.945,human,1,validation
815737843,human,0.848,human,0,train
815737844,human,0.912,human,1,train
815737845,human,0.879,human,0,train
815737846,human,0.95,human,1,train
815737847,human,0.781,human,0,train
815737848,human,0.855,human,0,train
815737849,human,0.87,human,0,train
815737850,non_human,0.758,non_human,0,train
815737851,human,0.844,human,0,train
815737856,non_human,0.792,non_human,0,validation
815737857,human,0.717,human,0,validation
815737858,human,0.899,human,0,test
815737860,human,0.821,human,0,train
815737861,human,0.912,human,1,train
815737862,human,0.988,human,1,validation
815737863,human,0.621,non_human,0,test
815737864,human,0.787,human,0,test
815737865,human,0.88,human,0,train
815737866,non_human,0.692,non_human,0,validation
815737867,human,0.844,non_human,0,train
815737869,human,0.703,human,0,validation
815737870,non_human,0.507,non_human,0,train
815737871,non_human,0.666,human,0,validation
815737872,human,0.958,human,1,train
815737873,non_human,0.513,human,0,train
815737874,human,0.763,human,0,test
815737875,non_human,0.64,non_human,0,train
815737878,human,0.556,non_human,0,train
815737879,human,0.969,non_human,1,test
815737880,human,0.833,human,0,train
815737881,human,0.772,human,0,train
815737882,human,0.982,human,1,test
815737883,human,0.862,unknown,0,unknown
815737885,human,0.775,human,0,train
815737886,human,0.721,human,0,test
815737887,human,0.953,human,1,train
815737889,human,0.708,human,0,validation
815737890,human,0.601,human,0,train
815737891,human,0.772,human,0,train
815737892,human,0.902,human,1,test
815737893,human,0.918,human,1,test
815737894,human,0.964,unknown,1,unknown
815737895,non_human,0.513,non_human,0,test
815737896,human,0.925,human,1,train
815737897,human,0.896,human,0,validation
815737899,human,0.828,human,0,train
815737900,non_human,0.851,non_human,0,train
815737901,human,0.889,human,0,validation
815737902,non_human,0.687,non_human,0,train
815737903,non_human,0.762,non_human,0,validation
815737904,human,0.563,human,0,train
815737905,human,0.917,human,1,train
815737906,non_human,0.556,non_human,0,test
815737907,human,0.876,human,0,train
815737908,human,0.569,human,0,train
815737909,human,0.943,human,1,train
815737910,human,0.935,human,1,train
815737911,human,0.577,non_human,0,train
815737912,human,0.9,human,1,test
815737913,human,0.779,human,0,validation
815737914,human,0.934,human,1,train
815737915,human,0.963,human,1,test
815737916,human,0.952,human,1,validation
815737918,human,0.965,human,1,validation
815737919,human,0.97,human,1,train
815737920,human,0.742,non_human,0,test
815737921,human,0.94,human,1,train
815737922,human,0.968,human,1,train
815737923,non_human,0.7,non_human,0,train
815737924,human,0.881,human,0,train
815737925,human,0.558,non_human,0,train
815737926,human,0.772,human,0,test
815737927,non_human,0.764,non_human,0,test
815737928,human,0.677,non_human,0,test
815737929,human,0.869,human,0,train
815737930,human,0.881,human,0,test
815737931,human,0.893,human,0,validation
815737932,human,0.691,unknown,0,unknown
815737933,human,0.97,unknown,1,unknown
815737934,human,0.508,human,0,train
815737935,human,0.642,human,0,test
815737936,human,0.956,human,1,validation
815737937,human,0.798,human,0,train
815737938,human,0.994,human,1,test
815737939,human,0.903,human,1,train
815737940,human,0.809,human,0,train
815737941,human,0.71,non_human,0,train
815737942,human,0.911,human,1,test
815737943,human,0.727,unknown,0,unknown
815737944,human,0.934,human,1,train
815737945,human,0.703,non_human,0,test
815737946,non_human,0.832,non_human,0,train
815737947,human,0.895,human,0,validation
815737948,human,0.858,human,0,train
815737949,human,0.731,non_human,0,test
815737950,human,0.916,human,1,train
815737951,human,0.965,human,1,validation
815737952,human,0.662,human,0,train
815737953,human,0.964,human,1,validation
815737954,human,0.953,human,1,train
815737955,human,0.668,human,0,train
815737960,human,0.888,non_human,0,validation
815737961,non_human,0.792,non_human,0,train
815737962,human,0.839,human,0,test
815737963,human,0.944,human,1,train
815737964,human,0.821,human,0,validation
815737965,human,0.875,human,0,train
815737966,non_human,0.502,human,0,validation
815737967,human,0.518,non_human,0,train
815737968,human,0.872,human,0,train
815737969,human,0.888,non_human,0,train
815737970,human,0.939,non_human,1,train
815737971,human,0.517,non_human,0,train
815737972,non_human,0.56,non_human,0,train
815737973,non_human,0.671,non_human,0,test
815737974,human,0.858,human,0,train
815737975,human,0.709,human,0,validation
815737976,human,0.909,human,1,train
815737977,human,0.936,human,1,validation
815737978,human,0.858,unknown,0,unknown
815737979,non_human,0.769,non_human,0,train
815737980,human,0.92,human,1,train
815737981,human,0.799,human,0,train
815737982,human,0.91,human,1,test
815737983,human,0.724,human,0,train
815737984,human,0.826,human,0,train
815737986,human,0.816,human,0,train
815737987,non_human,0.779,non_human,0,validation
815737988,human,0.927,human,1,test
815737989,human,0.81,human,0,train
815737990,human,0.953,human,1,train
815737991,human,0.663,human,0,train
815737992,human,0.75,human,0,train
815737993,human,0.906,human,1,train
815737994,human,0.829,human,0,validation
815737995,human,0.946,human,1,train
815737996,human,0.91,human,1,train
815737997,non_human,0.512,non_human,0,validation
815737998,human,0.911,human,1,train
815737999,human,0.902,human,1,train
815738000,non_human,0.671,non_human,0,test
815738001,human,0.504,human,0,train
815738002,human,0.98,human,1,train
815738003,human,0.52,non_human,0,test
815738004,human,0.835,human,0,train
815738005,human,0.726,non_human,0,validation
815738006,human,0.973,human,1,validation
815738007,human,0.892,human,0,train
815738008,human,0.879,human,0,train
815738009,human,0.61,non_human,0,train
815738010,human,0.872,human,0,test
815738011,human,0.934,human,1,train
815738012,human,0.857,non_human,0,validation
815738013,human,0.835,human,0,train
815738014,human,0.897,human,0,train
815738015,human,0.95,human,1,validation
815738016,non_human,0.577,non_human,0,validation
815738017,human,0.983,human,1,train
815738018,human,0.979,human,1,test
815738019,human,0.825,human,0,validation
815738020,human,0.904,human,1,train
815738021,human,0.995,human,1,train
815738022,human,0.836,human,0,test
815738023,human,0.753,human,0,validation
815738024,human,0.785,human,0,validation
815738025,human,0.965,human,1,test
815738026,human,0.944,human,1,train
815738027,human,0.881,human,0,test
815738028,human,0.9,human,1,train
815738030,human,0.959,human,1,test
815738031,human,0.869,human,0,train
815738032,human,0.918,human,1,train
815738033,human,0.736,human,0,train
815738034,human,0.945,human,1,test
815738035,human,0.952,human,1,test
815738036,human,0.887,human,0,train
815738037,non_human,0.623,non_human,0,validation
815738038,human,0.962,human,1,train
815738040,human,0.949,human,1,validation
815738041,human,0.802,human,0,train
815738042,human,0.963,human,1,train
815738044,human,0.934,human,1,train
815738045,human,0.924,human,1,train
815738046,human,0.942,human,1,validation
815738047,human,0.549,human,0,train
815738048,non_human,0.562,non_human,0,train
815738049,human,0.919,human,1,train
815738050,human,0.81,human,0,train
815738051,human,0.574,non_human,0,train
815738052,non_human,0.654,non_human,0,validation
815738053,human,0.913,human,1,train
815738054,human,0.908,human,1,validation
815738056,non_human,0.971,non_human,1,validation
815738059,human,0.942,human,1,train
815738061,non_human,0.533,human,0,validation
815738062,human,0.871,human,0,train
815738063,human,0.957,non_human,1,validation
815738064,human,0.772,human,0,train
815738065,human,0.798,human,0,train
815738066,human,0.969,human,1,validation
815738067,human,0.838,non_human,0,train
815738068,human,0.918,human,1,train
815738069,non_human,0.674,human,0,train
815738070,non_human,0.675,non_human,0,train
815738071,human,0.87,human,0,train
815738072,human,0.921,human,1,test
815738073,human,0.716,human,0,train
815738074,human,0.622,human,0,train
815738075,human,0.723,non_human,0,train
815738076,human,0.946,human,1,train
815738077,non_human,0.928,non_human,1,train
815738078,human,0.96,human,1,train
815738079,human,0.929,human,1,train
815738080,human,0.844,human,0,train
815738081,human,0.916,human,1,validation
815738082,human,0.923,human,1,train
815738083,human,0.937,human,1,test
815738084,human,0.947,human,1,train
815738086,human,0.89,human,0,validation
815738087,human,0.858,human,0,train
815738088,human,0.95,human,1,train
815738089,human,0.634,non_human,0,train
815738090,human,0.918,human,1,train
815738091,non_human,0.548,non_human,0,train
815738092,human,0.747,non_human,0,train
815738093,human,0.818,human,0,test
815738094,human,0.959,human,1,train
815738095,human,0.505,non_human,0,train
815738096,human,0.93,human,1,train
815738097,human,0.884,unknown,0,unknown
815738098,human,0.923,human,1,train
815738100,human,0.875,human,0,train
815738101,human,0.757,human,0,train
815738102,human,0.87,human,0,train
815738103,human,0.743,human,0,test
815738104,human,0.701,unknown,0,unknown
815738105,human,0.62,human,0,test
815738106,human,0.975,human,1,train
815738107,human,0.608,human,0,train
815738108,human,0.699,unknown,0,unknown
815738109,human,0.603,human,0,train
815738110,human,0.563,human,0,train
815738111,human,0.879,unknown,0,unknown
815738112,human,0.978,human,1,train
815738113,human,0.95,human,1,validation
815738114,human,0.879,human,0,train
815738115,human,0.91,human,1,train
815738116,human,0.802,human,0,train
815738117,human,0.837,human,0,train
815738118,human,0.942,human,1,train
815738119,human,0.717,human,0,validation
815738120,non_human,0.964,non_human,1,test
815738121,non_human,0.533,non_human,0,train
815738122,non_human,0.715,non_human,0,train
815738123,human,0.739,human,0,validation
815738124,human,0.872,human,0,validation
815738125,non_human,0.93,non_human,1,train
815738126,human,0.644,non_human,0,train
815738127,human,0.572,human,0,train
815738128,human,0.708,human,0,test
815738129,human,0.839,human,0,test
815738130,human,0.845,non_human,0,train
815738131,human,0.785,unknown,0,unknown
815738132,non_human,0.711,non_human,0,validation
815738133,human,0.673,non_human,0,test
815738134,human,0.703,human,0,train
815738135,human,0.97,human,1,train
815738136,human,0.948,human,1,train
815738138,human,0.9,human,1,validation
815738139,human,0.745,human,0,train
815738140,human,0.985,unknown,1,unknown
815738141,human,0.921,human,1,test
815738142,human,0.748,human,0,validation
815738143,human,0.941,human,1,test
815738144,human,0.919,human,1,test
815738145,human,0.827,human,0,validation
815738146,non_human,0.881,non_human,0,train
815738147,human,0.858,human,0,train
815738148,human,0.913,human,1,train
815738149,human,0.897,human,0,train
815738150,human,0.579,non_human,0,train
815738151,human,0.641,human,0,train
815738152,human,0.968,human,1,train
815738155,human,0.908,human,1,train
815738156,human,0.867,human,0,validation
815738157,human,0.809,human,0,test
815738158,human,0.912,human,1,validation
815738159,human,0.911,human,1,train
815738160,human,0.669,human,0,train
815738164,human,0.846,human,0,train
815738165,human,0.794,non_human,0,test
815738166,human,0.526,non_human,0,train
815738167,non_human,0.672,non_human,0,train
815738168,human,0.95,human,1,train
815738169,human,0.926,human,1,validation
815738170,human,0.848,human,0,train
815738171,human,0.76,human,0,validation
815738172,human,0.895,human,0,train
815738173,human,0.797,human,0,test
815738174,human,0.865,human,0,test
815738175,human,0.712,human,0,train
815738176,human,0.928,human,1,train
815738177,non_human,0.646,non_human,0,train
815738178,human,0.832,unknown,0,unknown
815738179,human,0.949,human,1,train
815738180,human,0.971,human,1,train
815738181,human,0.729,human,0,train
815738182,human,0.708,human,0,train
815738183,non_human,0.623,non_human,0,validation
815738184,human,0.835,non_human,0,validation
815738185,human,0.947,human,1,train
815738186,human,0.95,human,1,train
815738187,human,0.571,non_human,0,train
815738188,human,0.932,human,1,test
815738189,human,0.902,human,1,validation
815738190,human,0.876,human,0,train
815738191,human,0.6,non_human,0,train
815738192,human,0.965,human,1,train
815738193,human,0.957,human,1,validation
815738194,human,0.923,human,1,validation
815738196,human,0.96,human,1,train
815738197,human,0.647,human,0,train
815738198,human,0.575,human,0,train
815738199,human,0.981,human,1,train
815738200,human,0.9,human,1,train
815738201,human,0.794,human,0,train
815738202,human,0.92,human,1,train
815738203,human,0.976,human,1,test
815738205,human,0.946,non_human,1,validation
815738206,human,0.959,human,1,test
815738207,non_human,0.934,non_human,1,test
815738209,human,0.94,human,1,train
815738210,human,0.888,human,0,train
815738211,human,0.917,unknown,1,unknown
815738212,human,0.713,human,0,train
815738213,human,0.868,human,0,train
815738216,human,0.754,human,0,test
815738217,human,0.914,human,1,train
815738218,human,0.963,human,1,train
815738219,human,0.882,human,0,train
815738220,human,0.886,human,0,train
815738221,human,0.923,human,1,train
815738222,non_human,0.527,non_human,0,validation
815738223,human,0.911,human,1,train
815738224,human,0.77,human,0,train
815738226,non_human,0.738,non_human,0,validation
815738227,human,0.827,human,0,test
815738228,human,0.899,unknown,0,unknown
815738229,human,0.861,unknown,0,unknown
815738230,human,0.761,human,0,train
815738231,human,0.833,human,0,train
815738233,human,0.926,human,1,train
815738234,human,0.961,human,1,validation
815738235,human,0.666,human,0,validation
815738236,human,0.86,human,0,train
815738237,human,0.915,human,1,validation
815738238,human,0.877,human,0,train
815738239,human,0.9,human,1,train
815738240,non_human,0.706,non_human,0,train
815738241,non_human,0.947,non_human,1,validation
815738242,human,0.764,unknown,0,unknown
815738243,human,0.831,human,0,train
815738244,human,0.794,human,0,validation
815738245,human,0.503,human,0,train
815738246,human,0.963,human,1,train
815738247,human,0.935,human,1,train
815738248,human,0.856,unknown,0,unknown
815738250,human,0.919,human,1,train
815738251,human,0.855,human,0,test
815738252,non_human,0.605,non_human,0,validation
815738253,non_human,0.654,non_human,0,train
815738254,human,0.875,human,0,test
815738255,human,0.947,unknown,1,unknown
815738256,human,0.926,human,1,train
815738257,human,0.925,human,1,train
815738258,human,0.874,human,0,train
815738259,human,0.938,human,1,test
815738260,human,0.988,human,1,validation
815738261,human,0.786,human,0,train
815738262,human,0.504,human,0,test
815738263,human,0.789,unknown,0,unknown
815738267,human,0.771,non_human,0,train
815738268,human,0.888,human,0,train
815738269,human,0.883,human,0,train
815738270,human,0.928,human,1,train
815738271,non_human,0.892,non_human,0,train
815738273,human,0.609,non_human,0,test
815738275,human,0.878,human,0,train
815738276,human,0.833,human,0,train
815738277,human,0.866,human,0,test
815738279,human,0.688,human,0,test
815738280,human,0.889,human,0,train
815738281,human,0.899,human,0,test
815738282,non_human,0.807,non_human,0,train
815738283,human,0.845,human,0,validation
815738284,human,0.88,unknown,0,unknown
815738285,human,0.983,human,1,test
815738286,human,0.972,human,1,test
815738287,human,0.678,human,0,train
815738288,human,0.793,human,0,test
815738289,human,0.662,non_human,0,validation
815738290,human,0.952,human,1,train
815738291,human,0.851,non_human,0,train
815738292,human,0.961,human,1,train
815738293,human,0.922,human,1,test
815738294,human,0.927,unknown,1,unknown
815738296,non_human,0.831,non_human,0,train
815738297,human,0.916,human,1,validation
815738298,human,0.933,unknown,1,unknown
815738299,human,0.868,human,0,test
815738300,non_human,0.571,non_human,0,train
815738301,human,0.768,human,0,test
815738302,non_human,0.89,non_human,0,validation
815738303,non_human,0.954,non_human,1,test
815738304,non_human,0.587,non_human,0,train
815738305,human,0.91,human,1,train
815738307,human,0.799,human,0,test
815738310,human,0.958,human,1,train
815738311,human,0.788,non_human,0,train
815738312,human,0.816,human,0,train
815738313,human,0.631,non_human,0,train
815738314,human,0.721,non_human,0,train
815738315,human,0.542,non_human,0,test
815738316,human,0.848,human,0,train
815738317,non_human,0.636,non_human,0,train
815738318,human,0.865,human,0,train
815738319,human,0.849,human,0,test
815738320,human,0.605,human,0,train
815738321,human,0.852,human,0,train
815738322,human,0.847,human,0,train
815738323,non_human,0.931,non_human,1,train
815738324,human,0.578,human,0,train
815738325,human,0.716,human,0,train
815738326,non_human,0.748,non_human,0,train
815738327,human,0.93,human,1,train
815738328,human,0.845,human,0,validation
815738329,non_human,0.593,non_human,0,train
815738330,human,0.81,human,0,train
815738331,human,0.982,human,1,test
815738332,human,0.993,human,1,validation
815738334,human,0.609,human,0,train
815738335,human,0.959,human,1,test
815738336,human,0.746,human,0,train
815738337,human,0.786,non_human,0,test
815738338,non_human,0.592,non_human,0,train
815738339,human,0.923,human,1,train
815738340,human,0.671,human,0,train
815738341,human,0.674,human,0,train
815738342,human,0.957,human,1,train
815738343,human,0.948,human,1,train
815738345,non_human,0.775,human,0,validation
815738346,non_human,0.791,non_human,0,test
815738347,human,0.883,human,0,train
815738348,human,0.917,human,1,test
815738349,human,0.959,human,1,train
815738350,human,0.571,non_human,0,train
815738351,non_human,0.652,non_human,0,train
815738352,human,0.745,human,0,train
815738353,human,0.792,human,0,validation
815738355,human,0.705,human,0,train
815738356,human,0.905,human,1,train
815738359,human,0.968,human,1,validation
815738360,human,0.959,human,1,train
815738361,human,0.913,non_human,1,validation
815738362,human,0.601,human,0,test
815738363,non_human,0.619,non_human,0,train
815738364,human,0.847,human,0,train
815738365,non_human,0.765,non_human,0,train
815738368,human,0.921,human,1,train
815738369,human,0.658,non_human,0,test
815738370,human,0.8,human,0,train
815738371,human,0.818,human,0,train
815738372,human,0.509,non_human,0,validation
815738373,human,0.842,human,0,test
815738374,human,0.931,human,1,train
815738375,human,0.883,human,0,train
815738376,human,0.714,non_human,0,validation
815738377,human,0.875,human,0,train
815738378,human,0.801,human,0,train
815738379,non_human,0.582,non_human,0,test
815738380,human,0.927,human,1,train
815738381,human,0.548,human,0,train
815738382,human,0.934,human,1,test
815738383,human,0.906,human,1,train
815738384,non_human,0.51,non_human,0,train
815738386,human,0.575,non_human,0,validation
815738387,human,0.684,human,0,train
815738388,human,0.973,human,1,train
815738389,human,0.817,human,0,train
815738390,human,0.886,human,0,validation
815738391,non_human,0.69,non_human,0,train
815738392,human,0.601,non_human,0,test
815738393,human,0.942,human,1,test
815738394,human,0.931,human,1,test
815738395,human,0.912,human,1,train
815738396,human,0.758,human,0,train
815738397,human,0.644,human,0,test
815738398,human,0.887,unknown,0,unknown
815738399,human,0.83,human,0,test
815738400,human,0.949,human,1,train
815738401,human,0.897,unknown,0,unknown
815738402,human,0.963,human,1,train
815738403,human,0.88,human,0,train
815738404,human,0.887,human,0,train
815738405,human,0.965,human,1,train
815738406,human,0.782,human,0,validation
815738407,non_human,0.814,non_human,0,train
815738409,human,0.572,non_human,0,train
815738410,human,0.973,human,1,validation
815738411,non_human,0.842,human,0,test
815738412,human,0.646,non_human,0,train
815738414,human,0.924,human,1,train
815738415,human,0.866,human,0,train
815738416,non_human,0.918,non_human,1,test
815738417,human,0.515,non_human,0,train
815738418,human,0.779,unknown,0,unknown
815738419,human,0.592,non_human,0,validation
815738420,human,0.793,human,0,test
815738421,human,0.698,human,0,train
815738422,non_human,0.91,non_human,1,train
815738423,human,0.894,human,0,test
815738424,human,0.652,non_human,0,train
815738425,human,0.644,non_human,0,test
815738426,human,0.972,human,1,train
815738427,human,0.82,non_human,0,train
815738428,non_human,0.683,non_human,0,test
815738429,non_human,0.963,non_human,1,test
815738430,human,0.867,human,0,test
815738431,human,0.821,human,0,validation
815738433,human,0.666,non_human,0,validation
815738434,human,0.538,non_human,0,validation
815738435,human,0.666,non_human,0,test
815738436,human,0.666,human,0,train
815738437,human,0.666,non_human,0,train
815738438,human,0.779,unknown,0,unknown
815738439,human,0.802,human,0,train
815738440,human,0.666,non_human,0,test
815738441,human,0.666,human,0,test
815738442,human,0.694,non_human,0,test
815738443,human,0.666,human,0,train
815738444,human,0.666,human,0,test
815738445,human,0.666,non_human,0,validation
815738446,human,0.666,non_human,0,train
815738447,human,0.666,unknown,0,unknown
815738449,human,0.806,human,0,test
815738450,human,0.666,human,0,test
815738451,human,0.666,non_human,0,validation
815738452,non_human,0.641,non_human,0,train
815738454,human,0.949,human,1,train
815738455,human,0.767,human,0,train
815738456,human,0.811,non_human,0,validation
815738458,non_human,0.68,non_human,0,validation
815738459,human,0.708,non_human,0,train
815738460,human,0.87,human,0,train
815738461,human,0.939,human,1,test
815738462,non_human,0.536,human,0,test
815738464,human,0.817,unknown,0,unknown
815738465,human,0.839,human,0,validation
815738466,human,0.945,human,1,validation
815738467,human,0.799,non_human,0,train
815738469,human,0.666,human,0,validation
815738470,human,0.666,non_human,0,validation
815738471,human,0.666,human,0,train
815738472,human,0.666,human,0,train
815738473,human,0.666,human,0,train
815738474,human,0.666,non_human,0,test
815738475,human,0.666,non_human,0,train
815738476,human,0.666,unknown,0,unknown
815738477,human,0.666,non_human,0,test
815738478,human,0.666,unknown,0,unknown
815738479,human,0.666,human,0,train
815738480,human,0.666,human,0,test
815738481,human,0.666,human,0,train
815738482,human,0.666,human,0,train
815738483,human,0.666,human,0,train
815738484,non_human,0.591,non_human,0,train
815738486,human,0.923,human,1,train
815738487,human,0.705,non_human,0,train
815738488,human,0.625,non_human,0,validation
815738489,human,0.788,human,0,validation
815738491,human,0.937,human,1,train
815738492,human,0.945,human,1,train
815738493,human,0.769,human,0,train
815738494,non_human,0.831,non_human,0,train
815738495,human,0.905,human,1,validation
815738496,human,0.758,human,0,validation
815738497,human,0.847,human,0,train
815738498,human,0.877,human,0,train
815738499,non_human,0.686,non_human,0,train
815738500,human,0.645,human,0,train
815738501,non_human,0.815,human,0,train
815738502,non_human,0.875,non_human,0,train
815738503,human,0.56,non_human,0,validation
815738504,human,0.971,human,1,train
815738505,human,0.824,non_human,0,test
815738506,human,0.87,human,0,train
815738507,human,0.878,human,0,test
815738508,human,0.965,non_human,1,validation
815738509,human,0.69,unknown,0,unknown
815738510,human,0.959,human,1,train
815738511,human,0.931,non_human,1,test
815738512,human,0.893,human,0,test
815738513,human,0.926,human,1,test
815738514,human,0.666,human,0,train
815738515,human,0.666,human,0,validation
815738516,human,0.666,human,0,validation
815738517,human,0.666,non_human,0,validation
815738518,human,0.666,human,0,train
815738520,human,0.842,human,0,train
815738521,human,0.966,human,1,test
815738522,non_human,0.713,non_human,0,train
815738523,human,0.732,human,0,test
815738524,non_human,0.5,non_human,0,test
815738525,non_human,0.836,non_human,0,test
815738526,human,0.902,human,1,train
815738527,non_human,0.833,non_human,0,train
815738528,human,0.927,human,1,train
815738529,human,0.624,human,0,train
815738530,human,0.941,human,1,train
815738531,human,0.886,human,0,train
815738532,human,0.79,human,0,validation
815738533,human,0.709,human,0,validation
815738534,non_human,0.644,non_human,0,train
815738535,human,0.666,non_human,0,train
815738536,human,0.666,human,0,validation
815738537,human,0.666,non_human,0,train
815738538,human,0.666,human,0,validation
815738539,human,0.666,non_human,0,train
815738540,human,0.666,non_human,0,train
815738541,human,0.666,non_human,0,train
815738542,human,0.666,non_human,0,train
815738543,human,0.666,non_human,0,test
815738544,human,0.666,human,0,validation
815738545,human,0.666,human,0,validation
815738546,human,0.666,human,0,train
815738547,human,0.666,non_human,0,train
815738548,human,0.666,human,0,test
815738549,human,0.666,unknown,0,unknown
815738550,human,0.84,human,0,train
815738551,human,0.846,human,0,validation
815738552,human,0.963,human,1,train
815738553,non_human,0.593,human,0,train
815738554,human,0.93,human,1,train
815738555,human,0.881,human,0,train
815738556,human,0.744,human,0,train
815738557,human,0.925,human,1,train
815738558,human,0.851,unknown,0,unknown
815738559,human,0.805,human,0,train
815738560,non_human,0.741,non_human,0,train
815738561,human,0.686,human,0,validation
815738562,non_human,0.653,human,0,validation
815738563,non_human,0.763,non_human,0,train
815738564,human,0.909,human,1,test
815738565,human,0.947,human,1,train
815738566,human,0.944,human,1,train
815738567,human,0.944,human,1,validation
815738568,human,0.756,non_human,0,train
815738569,human,0.601,non_human,0,test
815738570,human,0.714,human,0,validation
815738571,human,0.788,human,0,test
815738572,human,0.928,human,1,train
815738573,non_human,0.608,non_human,0,train
815738574,human,0.844,unknown,0,unknown
815738575,human,0.903,non_human,1,train
815738576,human,0.7,non_human,0,train
815738577,non_human,0.574,non_human,0,train
815738578,human,0.853,human,0,test
815738579,human,0.953,human,1,test
815738580,human,0.878,human,0,train
815738581,human,0.666,human,0,test
815738582,non_human,0.887,non_human,0,train
815738583,human,0.875,human,0,train
815738584,non_human,0.845,non_human,0,train
815738585,human,0.774,human,0,train
815738586,human,0.666,human,0,train
815738587,human,0.666,unknown,0,unknown
815738588,human,0.636,non_human,0,train
815738589,human,0.666,non_human,0,train
815738590,human,0.666,human,0,test
815738591,human,0.666,non_human,0,train
815738592,human,0.666,non_human,0,train
815738593,human,0.666,human,0,train
815738594,human,0.666,human,0,train
815738595,human,0.666,human,0,train
815738596,human,0.666,human,0,train
815738597,human,0.666,human,0,test
815738598,human,0.666,human,0,test
815738599,human,0.666,human,0,train
815738600,human,0.666,non_human,0,test
815738601,human,0.899,human,0,test
815738602,human,0.711,human,0,train
815738603,human,0.666,human,0,train
815738604,human,0.896,non_human,0,train
815738605,human,0.681,non_human,0,train
815738606,human,0.798,human,0,train
815738607,human,0.748,human,0,test
815738608,human,0.666,human,0,train
815738609,human,0.666,unknown,0,unknown
815738610,human,0.666,human,0,train
815738611,human,0.666,human,0,train
815738612,human,0.666,human,0,train
815738613,human,0.783,unknown,0,unknown
815738614,human,0.666,non_human,0,test
815738615,human,0.666,human,0,train
815738616,human,0.604,human,0,train
815738617,human,0.666,human,0,validation
815738618,human,0.672,unknown,0,unknown
815738619,human,0.666,human,0,train
815738620,human,0.666,human,0,train
815738621,human,0.666,human,0,validation
815738622,human,0.531,non_human,0,validation
815738623,human,0.759,human,0,train
815738625,human,0.912,human,1,train
815738626,non_human,0.527,human,0,validation
815738627,human,0.537,non_human,0,train
815738628,human,0.811,human,0,test
815738629,human,0.828,human,0,train
815738630,human,0.899,human,0,train
815738631,human,0.669,human,0,test
815738632,human,0.821,non_human,0,validation
815738633,non_human,0.578,human,0,test
815738634,human,0.902,human,1,train
815738635,human,0.942,human,1,train
815738636,human,0.957,human,1,train
815738637,human,0.825,human,0,train
815738638,human,0.546,human,0,train
815738639,non_human,0.641,human,0,validation
815738640,human,0.943,human,1,validation
815738642,human,0.921,human,1,train
815738643,human,0.666,unknown,0,unknown
815738645,human,0.972,human,1,train
815738646,human,0.894,human,0,train
815738648,human,0.666,non_human,0,validation
815738649,human,0.666,non_human,0,train
815738650,human,0.666,human,0,train
815738651,human,0.666,human,0,validation
815738652,human,0.666,human,0,train
815738653,non_human,0.552,non_human,0,train
815738654,human,0.988,human,1,test
815738655,human,0.938,human,1,train
815738656,human,0.943,human,1,train
815738657,human,0.831,human,0,train
815738658,human,0.91,human,1,train
815738659,human,0.95,human,1,train
815738660,human,0.897,human,0,train
815738662,human,0.958,human,1,train
815738663,human,0.884,human,0,test
815738665,human,0.911,human,1,validation
815738666,human,0.833,human,0,train
815738667,human,0.897,human,0,train
815738668,human,0.95,human,1,validation
815738672,non_human,0.581,non_human,0,test
815738673,human,0.732,human,0,train
815738674,human,0.604,non_human,0,train
815738675,human,0.891,human,0,validation
815738676,human,0.823,human,0,validation
815738677,human,0.884,human,0,train
815738678,human,0.747,human,0,test
815738679,human,0.558,human,0,train
815738680,human,0.902,human,1,train
815738681,non_human,0.581,non_human,0,train
815738682,human,0.719,non_human,0,validation
815738683,human,0.666,human,0,validation
815738684,human,0.828,human,0,train
815738686,human,0.541,non_human,0,train
815738687,human,0.666,human,0,train
815738688,non_human,0.745,non_human,0,train
815738689,non_human,0.584,non_human,0,validation
815738690,human,0.666,human,0,train
815738691,human,0.666,human,0,validation
815738692,human,0.666,human,0,validation
815738693,human,0.666,human,0,validation
815738694,human,0.902,human,1,train
815738695,human,0.936,human,1,validation
815738696,human,0.815,non_human,0,test
815738697,human,0.666,human,0,test
815738698,human,0.593,non_human,0,train
815738699,human,0.666,non_human,0,test
815738700,human,0.635,non_human,0,train
815738701,human,0.884,human,0,validation
815738702,human,0.572,human,0,train
815738703,human,0.943,human,1,train
815738704,non_human,0.831,non_human,0,train
815738705,human,0.888,human,0,validation
815738706,non_human,0.684,non_human,0,train
815738707,human,0.51,human,0,validation
815738708,human,0.502,unknown,0,unknown
815738709,human,0.954,human,1,train
815738710,human,0.681,non_human,0,test
815738711,human,0.96,human,1,train
815738712,human,0.549,non_human,0,test
815738713,human,0.666,human,0,validation
815738714,human,0.788,human,0,validation
815738715,human,0.614,unknown,0,unknown
815738716,human,0.666,non_human,0,train
815738717,human,0.666,non_human,0,train
815738718,human,0.933,human,1,train
815738719,human,0.849,unknown,0,unknown
815738720,human,0.937,human,1,train
815738721,non_human,0.817,non_human,0,train
815738722,human,0.994,human,1,train
815738723,human,0.934,human,1,test
815738725,human,0.916,non_human,1,validation
815738726,human,0.861,human,0,train
815738727,human,0.814,non_human,0,train
815738728,human,0.767,human,0,train
815738732,human,0.855,human,0,validation
815738734,human,0.83,non_human,0,train
815738735,human,0.795,human,0,train
815738736,human,0.87,human,0,train
815738737,human,0.841,human,0,train
815738738,human,0.948,human,1,train
815738739,human,0.794,non_human,0,train
815738740,human,0.654,human,0,train
815738741,human,0.87,human,0,test
815738742,human,0.851,human,0,train
815738743,human,0.967,human,1,train
815738744,human,0.786,human,0,train
815738745,human,0.973,human,1,test
815738746,human,0.844,human,0,validation
815738747,human,0.865,human,0,train
815738748,human,0.981,human,1,train
815738749,human,0.626,human,0,train
815738750,human,0.619,human,0,train
815738751,human,0.664,human,0,test
815738753,non_human,0.635,non_human,0,train
815738754,non_human,0.788,non_human,0,train
815738755,non_human,0.523,non_human,0,train
815738756,human,0.79,non_human,0,test
815738757,human,0.953,human,1,train
815738758,non_human,0.768,non_human,0,train
815738759,human,0.893,human,0,test
815738760,non_human,0.737,non_human,0,validation
815738761,human,0.859,human,0,train
815738763,human,0.918,human,1,test
815738764,human,0.849,human,0,train
815738765,human,0.951,human,1,validation
815738766,human,0.958,human,1,test
815738767,human,0.878,human,0,train
815738768,human,0.99,human,1,train
815738769,human,0.632,non_human,0,train
815738770,human,0.666,human,0,validation
815738771,human,0.503,non_human,0,test
815738772,human,0.666,human,0,validation
815738775,human,0.781,human,0,validation
815738776,human,0.931,human,1,train
815738777,human,0.666,non_human,0,validation
815738778,human,0.666,human,0,test
815738779,human,0.666,non_human,0,test
815738780,human,0.663,human,0,validation
815738781,human,0.815,human,0,test
815738782,human,0.525,non_human,0,train
815738783,human,0.558,human,0,train
815738784,non_human,0.666,non_human,0,test
815738785,human,0.666,human,0,train
815738786,human,0.666,non_human,0,validation
815738787,human,0.774,human,0,train
815738788,human,0.557,non_human,0,test
815738789,human,0.666,human,0,train
815738790,non_human,0.828,non_human,0,train
815738791,human,0.666,human,0,train
815738792,human,0.666,non_human,0,validation
815738793,human,0.666,unknown,0,unknown
815738794,non_human,0.563,non_human,0,test
815738795,human,0.927,human,1,test
815738796,human,0.841,human,0,train
815738797,human,0.516,non_human,0,train
815738799,non_human,0.913,non_human,1,test
815738800,human,0.874,human,0,train
815738803,non_human,0.671,non_human,0,train
815738804,human,0.771,human,0,validation
815738805,non_human,0.52,human,0,train
815738806,human,0.939,human,1,train
815738807,human,0.909,non_human,1,validation
815738808,human,0.906,human,1,train
815738809,human,0.93,human,1,train
815738810,human,0.598,human,0,train
815738811,human,0.717,unknown,0,unknown
815738812,non_human,0.713,non_human,0,train
815738814,human,0.58,human,0,train
815738815,non_human,0.634,non_human,0,train
815738816,human,0.666,human,0,train
815738817,non_human,0.524,non_human,0,train
815738818,human,0.666,unknown,0,unknown
815738819,human,0.854,human,0,train
815738820,human,0.666,non_human,0,validation
815738821,human,0.666,non_human,0,train
815738822,human,0.666,human,0,validation
815738823,human,0.535,unknown,0,unknown
815738824,human,0.666,human,0,train
815738825,human,0.885,human,0,validation
815738826,human,0.875,human,0,train
815738827,human,0.867,human,0,validation
815738828,human,0.885,human,0,validation
815738829,human,0.808,human,0,train
815738830,human,0.811,human,0,train
815738831,human,0.83,non_human,0,validation
815738832,human,0.911,human,1,validation
815738833,human,0.922,human,1,validation
815738834,non_human,0.611,human,0,train
815738835,non_human,0.794,non_human,0,train
815738836,human,0.878,human,0,train
815738837,human,0.984,human,1,test
815738838,human,0.996,human,1,train
815738839,human,0.796,unknown,0,unknown
815738840,human,0.646,human,0,train
815738841,human,0.849,human,0,test
815738842,human,0.975,human,1,test
815738843,human,0.642,non_human,0,validation
815738845,human,0.732,human,0,validation
815738846,human,0.507,non_human,0,train
815738847,human,0.917,human,1,train
815738848,human,0.874,human,0,train
815738849,human,0.967,human,1,test
815738850,human,0.805,human,0,train
815738851,non_human,0.712,non_human,0,validation
815738852,human,0.666,non_human,0,test
815738853,human,0.666,non_human,0,validation
815738854,human,0.783,human,0,validation
815738855,human,0.666,non_human,0,train
815738856,human,0.666,unknown,0,unknown
815738857,human,0.639,human,0,train
815738859,human,0.666,human,0,train
815738860,human,0.666,non_human,0,train
815738861,human,0.667,non_human,0,validation
815738862,human,0.666,human,0,test
815738863,human,0.863,human,0,validation
815738864,human,0.666,non_human,0,train
815738866,human,0.77,human,0,test
815738867,human,0.944,human,1,validation
815738868,human,0.75,human,0,train
815738869,human,0.724,human,0,test
815738870,human,0.76,human,0,test
815738871,human,0.838,human,0,train
815738872,human,0.959,human,1,train
815738874,human,0.887,human,0,test
815738877,human,0.744,human,0,train
815738878,human,0.785,human,0,test
815738879,human,0.85,human,0,test
815738880,human,0.847,human,0,train
815738881,non_human,0.894,non_human,0,train
815738882,human,0.841,human,0,test
815738883,human,0.838,human,0,train
815738884,human,0.934,human,1,train
815738885,human,0.985,human,1,validation
815738886,human,0.886,human,0,train
815738887,human,0.957,human,1,train
815738888,human,0.84,non_human,0,test
815738889,human,0.595,non_human,0,train
815738890,human,0.866,human,0,validation
815738891,human,0.671,human,0,train
815738892,human,0.92,unknown,1,unknown
815738893,human,0.864,human,0,test
815738894,human,0.885,human,0,test
815738895,human,0.969,human,1,validation
815738896,non_human,0.853,non_human,0,validation
815738897,non_human,0.556,non_human,0,train
815738898,human,0.92,human,1,validation
815738899,human,0.909,human,1,train
815738900,non_human,0.934,non_human,1,train
815738901,human,0.769,human,0,train
815738902,human,0.933,human,1,train
815738903,non_human,0.502,human,0,train
815738904,human,0.889,human,0,train
815738905,human,0.852,human,0,train
815738906,human,0.905,human,1,train
815738907,non_human,0.597,non_human,0,train
815738908,human,0.666,unknown,0,unknown
815738909,non_human,0.608,non_human,0,train
815738910,human,0.666,unknown,0,unknown
815738911,human,0.533,non_human,0,test
815738912,non_human,0.875,non_human,0,validation
815738913,human,0.666,human,0,train
815738914,human,0.661,human,0,train
815738915,human,0.871,human,0,train
815738916,human,0.666,unknown,0,unknown
815738917,human,0.577,non_human,0,test
815738918,human,0.666,human,0,validation
815738919,human,0.666,unknown,0,unknown
815738920,human,0.74,non_human,0,validation
815738921,human,0.742,human,0,train
815738923,human,0.931,human,1,train
815738924,human,0.934,human,1,validation
815738925,human,0.893,unknown,0,unknown
815738926,human,0.925,human,1,train
815738927,human,0.921,human,1,train
815738928,human,0.872,human,0,validation
815738929,human,0.835,human,0,train
815738931,human,0.94,human,1,train
815738932,non_human,0.941,non_human,1,train
815738933,human,0.977,human,1,train
815738934,human,0.935,human,1,train
815738935,human,0.928,human,1,train
815738936,human,0.759,human,0,validation
815738937,human,0.819,human,0,test
815738938,human,0.814,human,0,train
815738939,non_human,0.735,non_human,0,train
815738940,human,0.93,human,1,train
815738941,human,0.946,human,1,train
815738942,human,0.986,human,1,train
815738943,human,0.746,human,0,train
815738944,human,0.963,human,1,train
815738946,human,0.92,human,1,validation
815738947,human,0.718,non_human,0,train
815738948,human,0.973,non_human,1,test
815738949,non_human,0.892,non_human,0,test
815738950,human,0.89,human,0,train
815738951,human,0.918,human,1,validation
815738952,human,0.941,human,1,train
815738953,non_human,0.937,non_human,1,train
815738954,human,0.94,human,1,train
815738955,human,0.889,human,0,test
815738956,human,0.821,human,0,test
815738957,human,0.886,human,0,validation
815738958,human,0.9,human,1,train
815738959,human,0.855,human,0,train
815738960,human,0.666,human,0,validation
815738961,human,0.666,human,0,train
815738962,human,0.666,human,0,validation
815738963,human,0.666,human,0,train
815738964,human,0.801,human,0,validation
815738965,human,0.747,human,0,validation
815738966,human,0.851,human,0,test
815738967,human,0.957,human,1,validation
815738968,human,0.856,human,0,validation
815738969,human,0.77,human,0,test
815738970,human,0.666,human,0,train
815738971,non_human,0.833,non_human,0,test
815738972,human,0.666,human,0,train
815738973,human,0.666,human,0,test
815738974,non_human,0.609,human,0,test
815738975,human,0.608,unknown,0,unknown
815738976,non_human,0.626,non_human,0,train
815738980,human,0.666,unknown,0,unknown
815738981,human,0.666,human,0,validation
815738982,human,0.666,human,0,train
815738983,human,0.666,non_human,0,train
815738984,human,0.666,unknown,0,unknown
815738985,human,0.901,human,1,validation
815738986,human,0.666,human,0,train
815738987,human,0.666,human,0,validation
815738988,human,0.792,non_human,0,validation
815738989,human,0.739,non_human,0,train
815738990,human,0.68,human,0,train
815738991,human,0.767,human,0,validation
815738993,human,0.885,human,0,test
815738994,human,0.846,human,0,test
815738995,human,0.835,unknown,0,unknown
815738996,human,0.863,human,0,train
815738997,human,0.953,human,1,train
815738998,human,0.875,human,0,train
815738999,human,0.9,human,1,validation
815739000,non_human,0.566,non_human,0,test
815739001,human,0.835,human,0,validation
815739002,human,0.956,human,1,train
815739003,human,0.765,human,0,test
815739004,human,0.788,human,0,validation
815739005,non_human,0.847,non_human,0,train
815739006,non_human,0.634,non_human,0,test
815739008,human,0.926,human,1,test
815739009,human,0.959,human,1,train
815739010,human,0.913,human,1,train
815739011,human,0.754,human,0,train
815739012,human,0.973,human,1,train
815739013,human,0.921,human,1,validation
815739014,non_human,0.592,unknown,0,unknown
815739015,human,0.781,non_human,0,validation
815739016,non_human,0.519,non_human,0,test
815739018,human,0.947,human,1,train
815739019,human,0.986,human,1,train
815739020,human,0.845,human,0,train
815739021,human,0.875,human,0,train
815739022,human,0.753,non_human,0,train
815739024,non_human,0.979,non_human,1,train
815739025,human,0.721,non_human,0,test
815739026,human,0.935,human,1,test
815739027,human,0.797,human,0,test
815739028,human,0.879,unknown,0,unknown
815739029,non_human,0.868,non_human,0,train
815739030,human,0.805,human,0,train
815739031,human,0.958,human,1,validation
815739032,human,0.929,human,1,train
815739033,non_human,0.785,non_human,0,train
815739034,human,0.882,unknown,0,unknown
815739035,human,0.773,human,0,validation
815739036,human,0.673,unknown,0,unknown
815739037,human,0.94,human,1,test
815739038,human,0.934,human,1,train
815739039,human,0.559,human,0,train
815739040,human,0.864,human,0,test
815739041,human,0.722,human,0,train
815739042,human,0.973,human,1,train
815739043,human,0.964,non_human,1,train
815739045,human,0.931,human,1,train
815739046,non_human,0.939,non_human,1,validation
815739047,human,0.762,human,0,train
815739048,non_human,0.606,non_human,0,train
815739049,human,0.952,human,1,validation
815739050,human,0.893,human,0,validation
815739051,human,0.929,human,1,validation
815739052,human,0.891,human,0,train
815739053,human,0.695,human,0,test
815739054,human,0.899,human,0,validation
815739055,human,0.876,human,0,train
815739056,human,0.701,human,0,test
815739057,human,0.926,human,1,train
815739060,human,0.884,human,0,validation
815739061,human,0.878,human,0,train
815739062,human,0.829,human,0,train
815739063,human,0.987,human,1,train
815739064,non_human,0.711,non_human,0,validation
815739065,human,0.904,human,1,train
815739066,human,0.929,human,1,train
815739067,human,0.911,human,1,test
815739068,human,0.977,human,1,train
815739069,human,0.955,human,1,train
815739070,human,0.942,human,1,train
815739071,human,0.962,human,1,test
815739072,non_human,0.537,non_human,0,test
815739073,human,0.813,non_human,0,train
815739075,human,0.937,human,1,train
815739076,human,0.908,human,1,train
815739077,human,0.929,human,1,train
815739078,human,0.667,non_human,0,train
815739079,non_human,0.52,human,0,train
815739083,human,0.967,human,1,train
815739084,human,0.666,human,0,test
815739085,non_human,0.63,non_human,0,train
815739086,human,0.666,unknown,0,unknown
815739087,human,0.666,human,0,train
815739088,human,0.666,unknown,0,unknown
815739089,human,0.666,unknown,0,unknown
815739090,human,0.666,non_human,0,train
815739091,human,0.666,human,0,train
815739092,human,0.666,human,0,train
815739093,human,0.666,human,0,train
815739094,human,0.899,human,0,validation
815739095,human,0.92,human,1,train
815739096,human,0.915,human,1,train
815739097,human,0.916,human,1,train
815739098,human,0.65,human,0,train
815739099,human,0.622,non_human,0,train
815739102,human,0.697,human,0,validation
815739103,human,0.882,human,0,train
815739104,human,0.78,human,0,train
815739105,human,0.717,human,0,train
815739106,human,0.81,human,0,test
815739107,human,0.894,human,0,train
815739108,human,0.941,human,1,train
815739109,non_human,0.728,non_human,0,train
815739110,human,0.934,human,1,train
815739111,human,0.958,human,1,train
815739112,human,0.953,human,1,train
815739113,human,0.692,human,0,test
815739114,human,0.93,unknown,1,unknown
815739115,human,0.733,human,0,train
815739116,human,0.944,human,1,train
815739117,human,0.949,human,1,train
815739118,human,0.666,human,0,train
815739119,human,0.94,human,1,train
815739120,human,0.533,human,0,validation
815739121,human,0.951,human,1,train
815739122,human,0.861,human,0,train
815739123,human,0.742,human,0,test
815739124,human,0.782,human,0,validation
815739125,human,0.915,human,1,train
815739127,human,0.775,human,0,test
815739128,human,0.666,non_human,0,test
815739129,human,0.666,unknown,0,unknown
815739130,human,0.666,non_human,0,train
815739131,human,0.666,non_human,0,train
815739132,human,0.666,human,0,train
815739133,human,0.666,human,0,train
815739134,human,0.543,human,0,validation
815739135,human,0.666,human,0,train
815739136,human,0.666,non_human,0,train
815739137,human,0.666,human,0,validation
815739138,human,0.666,non_human,0,train
815739139,human,0.666,non_human,0,train
815739140,human,0.815,human,0,train
815739141,human,0.666,human,0,train
815739142,human,0.752,non_human,0,validation
815739143,human,0.666,unknown,0,unknown
815739144,human,0.975,human,1,validation
815739145,human,0.954,human,1,train
815739146,human,0.89,human,0,train
815739147,human,0.763,human,0,train
815739148,human,0.962,human,1,validation
815739149,human,0.799,human,0,test
815739151,human,0.684,human,0,test
815739152,human,0.897,human,0,train
815739153,human,0.881,human,0,train
815739154,human,0.813,human,0,validation
815739155,human,0.957,human,1,train
815739156,human,0.864,human,0,train
815739157,human,0.946,human,1,test
815739158,human,0.903,human,1,train
815739159,human,0.82,human,0,train
815739160,human,0.958,human,1,validation
815739161,human,0.87,non_human,0,train
815739162,human,0.819,human,0,train
815739163,human,0.917,human,1,train
815739164,human,0.598,human,0,train
815739165,human,0.875,non_human,0,validation
815739166,human,0.99,human,1,train
815739167,human,0.992,human,1,train
815739168,human,0.826,human,0,test
815739169,human,0.905,human,1,train
815739171,human,0.943,human,1,train
815739172,human,0.891,human,0,train
815739173,human,0.726,human,0,validation
815739174,human,0.973,human,1,validation
815739175,human,0.584,human,0,validation
815739177,human,0.724,human,0,train
815739178,human,0.573,human,0,train
815739179,human,0.974,human,1,train
815739180,human,0.831,human,0,train
815739181,non_human,0.802,non_human,0,test
815739182,human,0.88,human,0,train
815739187,human,0.52,non_human,0,train
815739188,human,0.772,non_human,0,test
815739190,human,0.898,human,0,train
815739191,human,0.939,human,1,test
815739192,human,0.901,human,1,train
815739193,human,0.912,human,1,train
815739194,human,0.698,human,0,train
815739195,human,0.718,unknown,0,unknown
815739196,human,0.914,human,1,train
815739197,non_human,0.906,non_human,1,train
815739198,human,0.885,human,0,train
815739201,human,0.96,human,1,train
815739202,human,0.807,non_human,0,train
815739204,non_human,0.896,non_human,0,train
815739205,human,0.828,human,0,train
815739206,human,0.898,human,0,test
815739207,human,0.631,non_human,0,train
815739208,human,0.841,human,0,train
815739209,human,0.932,human,1,train
815739210,human,0.863,human,0,train
815739211,human,0.841,human,0,validation
815739212,human,0.614,non_human,0,train
815739213,human,0.614,non_human,0,validation
815739214,human,0.951,unknown,1,unknown
815739215,human,0.915,human,1,train
815739216,non_human,0.501,non_human,0,train
815739217,human,0.627,human,0,test
815739218,human,0.872,non_human,0,test
815739219,human,0.666,human,0,train
815739220,human,0.943,human,1,train
815739221,human,0.819,non_human,0,train
815739222,human,0.961,human,1,validation
815739223,human,0.968,human,1,train
815739224,human,0.879,human,0,train
815739225,human,0.667,human,0,test
815739226,non_human,0.583,non_human,0,train
815739227,human,0.944,human,1,train
815739228,human,0.973,human,1,train
815739229,human,0.868,human,0,validation
815739230,human,0.835,human,0,train
815739231,human,0.722,non_human,0,test
815739232,human,0.968,human,1,train
815739233,human,0.975,human,1,train
815739234,human,0.954,human,1,train
815739235,human,0.969,human,1,train
815739236,non_human,0.854,non_human,0,train
815739237,non_human,0.683,non_human,0,train
815739238,human,0.911,human,1,validation
815739239,human,0.973,human,1,train
815739240,human,0.906,human,1,validation
815739241,non_human,0.924,non_human,1,test
815739242,human,0.955,human,1,train
815739243,human,0.9,human,1,train
815739244,human,0.766,human,0,train
815739245,human,0.577,human,0,test
815739246,human,0.97,human,1,validation
815739247,human,0.929,human,1,train
815739248,human,0.515,non_human,0,train
815739249,human,0.867,human,0,train
815739250,human,0.905,human,1,test
815739251,non_human,0.864,non_human,0,train
815739252,human,0.851,human,0,train
815739253,human,0.89,human,0,test
815739254,human,0.92,unknown,1,unknown
815739255,human,0.902,human,1,train
815739257,human,0.946,human,1,test
815739258,human,0.84,human,0,train
815739259,human,0.781,human,0,train
815739261,human,0.877,human,0,validation
815739262,human,0.794,human,0,validation
815739263,human,0.931,human,1,train
815739264,human,0.743,human,0,test
815739265,human,0.884,human,0,train
815739266,human,0.979,human,1,train
815739267,non_human,0.765,non_human,0,train
815739268,human,0.878,human,0,validation
815739269,human,0.954,human,1,test
815739270,human,0.661,non_human,0,train
815739271,human,0.898,non_human,0,validation
815739272,human,0.946,human,1,train
815739273,non_human,0.522,unknown,0,unknown
815739274,human,0.82,human,0,test
815739275,human,0.746,human,0,validation
815739276,human,0.738,human,0,validation
815739277,human,0.648,human,0,train
815739278,human,0.974,human,1,test
815739279,non_human,0.602,non_human,0,train
815739280,human,0.967,human,1,train
815739281,human,0.957,human,1,test
815739282,human,0.94,human,1,train
815739284,non_human,0.654,non_human,0,train
815739285,human,0.837,human,0,test
815739286,human,0.705,non_human,0,train
815739291,human,0.754,human,0,validation
815739292,non_human,0.782,non_human,0,train
815739293,human,0.972,human,1,train
815739294,human,0.71,unknown,0,unknown
815739295,non_human,0.668,non_human,0,train
815739296,human,0.887,human,0,train
815739297,human,0.746,human,0,validation
815739298,human,0.968,human,1,train
815739299,human,0.96,human,1,test
815739300,human,0.534,non_human,0,test
815739301,human,0.911,human,1,train
815739302,human,0.685,non_human,0,test
815739303,non_human,0.681,non_human,0,test
815739304,human,0.967,human,1,test
815739305,human,0.914,human,1,test
815739306,human,0.863,human,0,test
815739307,human,0.895,non_human,0,test
815739308,human,0.909,unknown,1,unknown
815739309,human,0.875,human,0,train
815739310,human,0.917,human,1,train
815739311,human,0.925,human,1,train
815739312,human,0.791,human,0,test
815739314,human,0.984,human,1,train
815739315,human,0.793,human,0,test
815739316,human,0.633,non_human,0,train
815739317,human,0.559,non_human,0,train
815739318,non_human,0.908,non_human,1,validation
815739319,human,0.815,human,0,train
815739320,human,0.906,human,1,train
815739321,human,0.986,human,1,train
815739322,human,0.626,human,0,test
815739323,human,0.936,unknown,1,unknown
815739324,human,0.919,human,1,train
815739325,human,0.716,human,0,train
815739326,human,0.61,human,0,validation
815739327,human,0.856,unknown,0,unknown
815739328,human,0.807,human,0,test
815739329,human,0.807,human,0,train
815739332,human,0.95,human,1,validation
815739333,human,0.79,human,0,train
815739334,human,0.821,human,0,test
815739335,human,0.975,human,1,train
815739336,human,0.563,human,0,train
815739337,human,0.949,human,1,train
815739338,human,0.986,human,1,train
815739339,human,0.956,human,1,validation
815739340,human,0.84,human,0,train
815739341,human,0.73,human,0,train
815739342,human,0.898,human,0,validation
815739343,human,0.992,human,1,train
815739344,human,0.85,human,0,validation
815739345,human,0.926,unknown,1,unknown
815739346,non_human,0.513,unknown,0,unknown
815739347,human,0.766,human,0,train
815739348,non_human,0.522,non_human,0,train
815739349,human,0.971,human,1,train
815739350,human,0.86,non_human,0,test
815739351,human,0.844,human,0,train
815739352,human,0.912,human,1,validation
815739353,human,0.796,human,0,train
815739354,human,0.931,human,1,validation
815739355,human,0.878,human,0,test
815739356,human,0.946,human,1,train
815739357,non_human,0.562,non_human,0,test
815739358,human,0.983,human,1,train
815739360,human,0.971,human,1,validation
815739361,human,0.749,human,0,test
815739362,human,0.922,human,1,validation
815739363,human,0.879,human,0,train
815739365,human,0.988,human,1,test
815739366,human,0.921,human,1,train
815739367,human,0.909,human,1,train
815739368,human,0.967,human,1,train
815739369,human,0.927,human,1,train
815739370,non_human,0.665,human,0,validation
815739372,human,0.934,human,1,train
815739373,human,0.732,human,0,train
815739374,human,0.899,human,0,validation
815739375,human,0.853,human,0,train
815739377,human,0.638,non_human,0,train
815739378,human,0.814,human,0,train
815739379,human,0.934,human,1,validation
815739380,human,0.757,human,0,train
815739381,human,0.666,human,0,train
815739382,human,0.949,human,1,train
815739383,human,0.945,human,1,validation
815739384,human,0.717,human,0,train
815739385,human,0.874,human,0,train
815739386,human,0.936,human,1,validation
815739387,human,0.859,human,0,train
815739388,human,0.925,human,1,validation
815739389,human,0.966,human,1,train
815739390,human,0.769,human,0,train
815739394,human,0.873,human,0,train
815739395,human,0.86,human,0,train
815739396,human,0.815,human,0,train
815739397,human,0.578,human,0,train
815739398,human,0.897,human,0,train
815739399,human,0.844,human,0,train
815739400,human,0.977,human,1,train
815739401,human,0.886,unknown,0,unknown
815739402,human,0.654,non_human,0,train
815739403,human,0.81,human,0,test
815739404,human,0.622,human,0,train
815739405,human,0.94,unknown,1,unknown
815739406,human,0.823,non_human,0,test
815739407,human,0.832,human,0,test
815739408,human,0.823,human,0,train
815739409,non_human,0.912,non_human,1,train
815739411,human,0.832,human,0,validation
815739412,human,0.855,human,0,train
815739413,human,0.916,unknown,1,unknown
815739414,human,0.83,human,0,train
815739415,non_human,0.72,non_human,0,train
815739416,human,0.653,human,0,train
815739417,human,0.861,human,0,validation
815739419,human,0.936,human,1,train
815739420,human,0.941,human,1,test
815739421,human,0.818,human,0,validation
815739422,human,0.92,unknown,1,unknown
815739423,human,0.872,human,0,train
815739424,human,0.918,human,1,test
815739425,human,0.863,human,0,train
815739426,human,0.934,human,1,train
815739427,human,0.542,human,0,test
815739428,human,0.843,human,0,train
815739429,human,0.815,non_human,0,validation
815739430,human,0.959,human,1,test
815739431,human,0.943,human,1,train
815739432,human,0.849,human,0,train
815739433,human,0.776,human,0,train
815739434,human,0.928,human,1,train
815739435,human,0.836,human,0,test
815739436,human,0.943,unknown,1,unknown
815739438,human,0.892,unknown,0,unknown
815739439,human,0.83,human,0,validation
815739440,human,0.739,human,0,train
815739441,human,0.89,human,0,train
815739442,human,0.724,human,0,validation
815739443,human,0.759,human,0,test
815739444,human,0.875,human,0,validation
815739445,human,0.875,unknown,0,unknown
815739446,human,0.742,human,0,train
815739447,human,0.807,human,0,train
815739448,human,0.928,human,1,test
815739449,human,0.945,human,1,train
815739450,human,0.595,human,0,train
815739451,human,0.75,human,0,test
815739452,human,0.731,human,0,test
815739454,human,0.869,human,0,test
815739456,human,0.88,human,0,train
815739457,human,0.828,human,0,validation
815739458,human,0.746,human,0,train
815739460,human,0.88,human,0,train
815739461,human,0.945,human,1,train
815739462,human,0.789,human,0,train
815739463,human,0.69,unknown,0,unknown
815739464,human,0.841,human,0,train
815739465,human,0.939,human,1,train
815739466,human,0.596,human,0,train
815739467,human,0.941,human,1,validation
815739468,human,0.912,human,1,test
815739469,human,0.837,human,0,train
815739470,human,0.752,human,0,train
815739472,human,0.874,human,0,train
815739473,human,0.744,human,0,test
815739474,human,0.914,human,1,test
815739475,human,0.935,human,1,train
815739476,human,0.938,human,1,train
815739477,human,0.965,human,1,train
815739478,non_human,0.752,non_human,0,test
815739479,human,0.925,unknown,1,unknown
815739480,human,0.729,unknown,0,unknown
815739481,human,0.854,human,0,train
815739483,human,0.833,human,0,test
815739484,human,0.912,unknown,1,unknown
815739485,human,0.713,human,0,test
815739486,human,0.967,human,1,train
815739487,human,0.886,human,0,train
815739488,human,0.858,human,0,train
815739489,human,0.931,human,1,train
815739490,human,0.925,human,1,test
815739491,human,0.767,human,0,validation
815739492,human,0.989,human,1,validation
815739493,human,0.876,human,0,train
815739494,human,0.959,human,1,validation
815739495,human,0.828,human,0,train
815739496,human,0.858,human,0,validation
815739497,human,0.839,human,0,test
815739498,human,0.84,human,0,train
815739499,human,0.923,human,1,validation
815739500,human,0.877,human,0,train
815739501,human,0.949,human,1,train
815739502,human,0.837,human,0,test
815739503,human,0.957,human,1,test
815739505,human,0.943,human,1,train
815739506,human,0.841,human,0,train
815739507,human,0.962,unknown,1,unknown
815739508,human,0.856,human,0,train
815739509,human,0.96,human,1,test
815739510,human,0.65,human,0,train
815739511,human,0.871,human,0,validation
815739512,human,0.891,human,0,train
815739513,human,0.933,human,1,train
815739514,human,0.961,human,1,train
815739515,human,0.966,human,1,train
815739516,human,0.857,human,0,train
815739518,human,0.779,human,0,train
815739521,human,0.888,human,0,train
815739522,human,0.872,human,0,train
815739523,non_human,0.585,non_human,0,train
815739524,non_human,0.567,non_human,0,train
815739525,human,0.849,human,0,test
815739526,human,0.979,human,1,train
815739527,human,0.879,human,0,train
815739528,human,0.859,human,0,train
815739529,non_human,0.612,non_human,0,train
815739530,human,0.907,human,1,train
815739531,human,0.938,human,1,train
815739532,human,0.876,human,0,train
815739533,human,0.925,human,1,train
815739534,human,0.839,human,0,train
815739535,human,0.882,human,0,validation
815739536,human,0.77,non_human,0,train
815739537,human,0.727,human,0,validation
815739538,human,0.779,human,0,test
815739539,non_human,0.86,human,0,train
815739540,human,0.9,non_human,1,train
815739541,human,0.83,unknown,0,unknown
815739542,human,0.938,human,1,train
815739543,human,0.69,unknown,0,unknown
815739544,human,0.888,human,0,train
815739545,human,0.9,human,1,train
815739546,human,0.977,human,1,test
815739547,human,0.761,non_human,0,validation
815739548,human,0.812,unknown,0,unknown
815739549,human,0.84,human,0,train
815739550,human,0.869,human,0,validation
815739552,human,0.876,human,0,train
815739553,human,0.63,human,0,test
815739554,human,0.921,unknown,1,unknown
815739555,human,0.845,human,0,train
815739556,human,0.867,human,0,train
815739557,human,0.946,human,1,train
815739558,human,0.88,human,0,test
815739559,human,0.924,human,1,train
815739560,human,0.892,human,0,train
815739561,non_human,0.93,non_human,1,train
815739562,human,0.837,non_human,0,validation
815739563,human,0.806,human,0,train
815739564,human,0.969,human,1,train
815739565,human,0.933,human,1,train
815739566,non_human,0.899,non_human,0,train
815739567,human,0.875,human,0,train
815739568,non_human,0.526,non_human,0,train
815739569,human,0.976,human,1,train
815739570,human,0.903,human,1,train
815739571,human,0.825,human,0,train
815739572,human,0.99,human,1,train
815739573,human,0.857,human,0,train
815739574,human,0.978,human,1,train
815739575,human,0.911,human,1,test
815739576,human,0.873,human,0,train
815739577,human,0.886,human,0,train
815739578,human,0.703,human,0,validation
815739579,human,0.729,human,0,validation
815739580,human,0.914,non_human,1,train
815739581,human,0.676,unknown,0,unknown
815739582,human,0.79,human,0,test
815739584,human,0.685,human,0,train
815739585,human,0.935,human,1,train
815739586,human,0.828,human,0,validation
815739587,human,0.892,human,0,test
815739588,human,0.96,human,1,train
815739589,human,0.893,human,0,train
815739590,human,0.861,human,0,train
815739591,human,0.876,human,0,train
815739592,human,0.865,human,0,train
815739593,human,0.956,human,1,validation
815739594,human,0.512,non_human,0,train
