_unit_id,name,gender,gender:confidence,label_conflict,is_human,decision_tree_prob_human,decision_tree_prediction,decision_tree_confidence,knn_prob_human,knn_prediction,knn_confidence,naive_bayes_prob_human,naive_bayes_prediction,naive_bayes_confidence,mlp_prob_human,mlp_prediction,mlp_confidence,ensemble_prob_human,consensus_prediction,consensus_label,consensus_votes,decision_tree_contradiction,decision_tree_strong_contradiction,knn_contradiction,knn_strong_contradiction,naive_bayes_contradiction,naive_bayes_strong_contradiction,mlp_contradiction,mlp_strong_contradiction,models_contradicting,strong_models_contradicting,recorded_label,prediction_source,classification_review_status,original_confidence
815731718,AlmiiCuello,brand,0.314,0,0.0,0.8636363636363636,1.0,0.8636363636363636,0.9593221790880048,1.0,0.9593221790880048,0.989130688809847,1.0,0.989130688809847,0.9879022052177076,1.0,0.9879022052177076,0.9499978591879807,1,human,4,1,1,1,1,1,1,1,1,4,4,non-human,held-out candidate,strong candidate,0.314
815728288,Ittledeaths,brand,0.3276,0,0.0,0.932,1.0,0.932,1.0,1.0,1.0,0.9991868834574594,1.0,0.9991868834574594,0.9164173508995599,1.0,0.9164173508995599,0.9619010585892549,1,human,4,1,1,1,1,1,1,1,1,4,4,non-human,held-out candidate,strong candidate,0.3276
815733174,daddy_unchained,brand,0.3303,0,0.0,0.9897750511247444,1.0,0.9897750511247444,1.0,1.0,1.0,0.99957229457548,1.0,0.99957229457548,0.9980250780535572,1.0,0.9980250780535572,0.9968431059384454,1,human,4,1,1,1,1,1,1,1,1,4,4,non-human,held-out candidate,strong candidate,0.3303
815731997,TheSyedKazimAli,brand,0.335,0,0.0,1.0,1.0,1.0,0.8900988497200774,1.0,0.8900988497200774,0.9301308711824642,1.0,0.9301308711824642,0.9242213515067357,1.0,0.9242213515067357,0.9361127681023194,1,human,4,1,1,1,1,1,1,1,1,4,4,non-human,held-out candidate,strong candidate,0.335
815728020,sungohst,brand,0.3354,0,0.0,0.9457364341085271,1.0,0.9457364341085271,0.9522043635375423,1.0,0.9522043635375423,0.9999751762545602,1.0,0.9999751762545602,0.9939018702032966,1.0,0.9939018702032966,0.9729544610259816,1,human,4,1,1,1,1,1,1,1,1,4,4,non-human,held-out candidate,strong candidate,0.3354
815725796,27349stwd,female,0.3357,0,1.0,0.0,0.0,1.0,0.0,0.0,1.0,1.019331225580833e-73,0.0,1.0,0.0030095259608138377,0.0,0.9969904740391862,0.0007523814902034594,0,non-human,4,1,1,1,1,1,1,1,1,4,4,human,held-out candidate,strong candidate,0.3357
815732012,kenziesachen,brand,0.3361,0,0.0,0.9897750511247444,1.0,0.9897750511247444,0.9569534887475493,1.0,0.9569534887475493,0.9999982888021893,1.0,0.9999982888021893,0.9978146229643484,1.0,0.9978146229643484,0.9861353629097079,1,human,4,1,1,1,1,1,1,1,1,4,4,non-human,held-out candidate,strong candidate,0.3361
815725882,fitboar,brand,0.3366,0,0.0,1.0,1.0,1.0,0.8174904284197542,1.0,0.8174904284197542,0.9863357813211563,1.0,0.9863357813211563,0.9095639209293559,1.0,0.9095639209293559,0.9283475326675665,1,human,4,1,1,1,1,1,1,1,1,4,4,non-human,held-out candidate,strong candidate,0.3366
815724853,01808gnlb,female,0.3374,0,1.0,0.0,0.0,1.0,0.0,0.0,1.0,1.4041936828084053e-72,0.0,1.0,0.009473817382443168,0.0,0.9905261826175569,0.002368454345610792,0,non-human,4,1,1,1,1,1,1,1,1,4,4,human,held-out candidate,strong candidate,0.3374
815729846,peartonjohnson,brand,0.3375,0,0.0,0.932,1.0,0.932,0.9006580378321322,1.0,0.9006580378321322,0.9607494889782661,1.0,0.9607494889782661,0.9590171904271373,1.0,0.9590171904271373,0.9381061793093839,1,human,4,1,1,1,1,1,1,1,1,4,4,non-human,held-out candidate,strong candidate,0.3375
815734564,bosunescobar,brand,0.3376,0,0.0,0.9787878787878788,1.0,0.9787878787878788,0.8447572249049258,1.0,0.8447572249049258,0.9883513272504427,1.0,0.9883513272504427,0.9391273660904381,1.0,0.9391273660904381,0.9377559492584213,1,human,4,1,1,1,1,1,1,1,1,4,4,non-human,held-out candidate,strong candidate,0.3376
815734805,nutellAHarris24,brand,0.3385,0,0.0,0.9787878787878788,1.0,0.9787878787878788,0.9134742841499756,1.0,0.9134742841499756,0.9586310287405526,1.0,0.9586310287405526,0.9917150363226266,1.0,0.9917150363226266,0.9606520570002584,1,human,4,1,1,1,1,1,1,1,1,4,4,non-human,held-out candidate,strong candidate,0.3385
815736943,trivialattire,brand,0.3387,0,0.0,0.9457364341085271,1.0,0.9457364341085271,0.836156147603972,1.0,0.836156147603972,0.9999868067415082,1.0,0.9999868067415082,0.9645920143585056,1.0,0.9645920143585056,0.9366178507031282,1,human,4,1,1,1,1,1,1,1,1,4,4,non-human,held-out candidate,strong candidate,0.3387
815719800,KeizerCyrus,brand,0.3388,0,0.0,0.8287671232876712,1.0,0.8287671232876712,0.9613445399939717,1.0,0.9613445399939717,0.9923088792474024,1.0,0.9923088792474024,0.9447810172718736,1.0,0.9447810172718736,0.9318003899502297,1,human,4,1,1,1,1,1,1,1,1,4,4,non-human,held-out candidate,strong candidate,0.3388
815723871,Iouvinglwt,brand,0.3388,0,0.0,0.9787878787878788,1.0,0.9787878787878788,1.0,1.0,1.0,0.9998545374293851,1.0,0.9998545374293851,0.9912951262243122,1.0,0.9912951262243122,0.992484385610394,1,human,4,1,1,1,1,1,1,1,1,4,4,non-human,held-out candidate,strong candidate,0.3388
815737698,Hessahalkhawari,brand,0.3389,0,0.0,1.0,1.0,1.0,0.9110836275668235,1.0,0.9110836275668235,1.0,1.0,1.0,0.9951808656992496,1.0,0.9951808656992496,0.9765661233165183,1,human,4,1,1,1,1,1,1,1,1,4,4,non-human,held-out candidate,strong candidate,0.3389
815734996,soukatsu_,brand,0.3392,0,0.0,0.9787878787878788,1.0,0.9787878787878788,1.0,1.0,1.0,0.9998998287019594,1.0,0.9998998287019594,0.9981667729157191,1.0,0.9981667729157191,0.9942136201013894,1,human,4,1,1,1,1,1,1,1,1,4,4,non-human,held-out candidate,strong candidate,0.3392
815727535,ottawaclique,brand,0.3396,0,0.0,1.0,1.0,1.0,0.9581503239056043,1.0,0.9581503239056043,0.8650084735484362,1.0,0.8650084735484362,0.9922128708291466,1.0,0.9922128708291466,0.9538429170707968,1,human,4,1,1,1,1,1,1,1,1,4,4,non-human,held-out candidate,strong candidate,0.3396
815727024,loseyourself235,brand,0.3397,0,0.0,0.9787878787878788,1.0,0.9787878787878788,0.8612495733046127,1.0,0.8612495733046127,0.9619984165229885,1.0,0.9619984165229885,0.9356427457459037,1.0,0.9356427457459037,0.934419653590346,1,human,4,1,1,1,1,1,1,1,1,4,4,non-human,held-out candidate,strong candidate,0.3397
815724251,kamyb22,brand,0.3401,0,0.0,0.96875,1.0,0.96875,0.9581759800810051,1.0,0.9581759800810051,0.9999999949578289,1.0,0.9999999949578289,0.9879045853365389,1.0,0.9879045853365389,0.9787076400938433,1,human,4,1,1,1,1,1,1,1,1,4,4,non-human,held-out candidate,strong candidate,0.3401
815730816,lynhamlett1,brand,0.3403,0,0.0,0.9457364341085271,1.0,0.9457364341085271,1.0,1.0,1.0,0.9999999999981455,1.0,0.9999999999981455,0.987511373242853,1.0,0.987511373242853,0.9833119518373814,1,human,4,1,1,1,1,1,1,1,1,4,4,non-human,held-out candidate,strong candidate,0.3403
815723594,ranveersbabe,brand,0.3404,0,0.0,0.9457364341085271,1.0,0.9457364341085271,0.9186799280582916,1.0,0.9186799280582916,1.0,1.0,1.0,0.9438243993456964,1.0,0.9438243993456964,0.9520601903781287,1,human,4,1,1,1,1,1,1,1,1,4,4,non-human,held-out candidate,strong candidate,0.3404
815730777,TrianglePascal,brand,0.3408,0,0.0,0.9608695652173913,1.0,0.9608695652173913,0.8670712420506491,1.0,0.8670712420506491,0.9887543613459752,1.0,0.9887543613459752,0.8228641636023022,1.0,0.8228641636023022,0.9098898330540794,1,human,4,1,1,1,1,1,1,1,1,4,4,non-human,held-out candidate,strong candidate,0.3408
815734827,triggzyy,brand,0.3408,0,0.0,0.9457364341085271,1.0,0.9457364341085271,0.8349797255660728,1.0,0.8349797255660728,0.9973146359828124,1.0,0.9973146359828124,0.9746432890255875,1.0,0.9746432890255875,0.9381685211707499,1,human,4,1,1,1,1,1,1,1,1,4,4,non-human,held-out candidate,strong candidate,0.3408
815734573,killuaura,brand,0.341,0,0.0,0.9333333333333333,1.0,0.9333333333333333,0.9547826200543404,1.0,0.9547826200543404,0.9965766774396835,1.0,0.9965766774396835,0.8862541051961582,1.0,0.8862541051961582,0.9427366840058788,1,human,4,1,1,1,1,1,1,1,1,4,4,non-human,held-out candidate,strong candidate,0.341
815725233,WhatMaffTweets,brand,0.3417,0,0.0,0.9787878787878788,1.0,0.9787878787878788,1.0,1.0,1.0,0.9986171062797977,1.0,0.9986171062797977,0.9960480051795686,1.0,0.9960480051795686,0.9933632475618113,1,human,4,1,1,1,1,1,1,1,1,4,4,non-human,held-out candidate,strong candidate,0.3417
815739540,KuKu_EmmaW_fan,brand,0.3418,0,0.0,0.9897750511247444,1.0,0.9897750511247444,0.8484609944843111,1.0,0.8484609944843111,0.9999999999998295,1.0,0.9999999999998295,0.9959567317456949,1.0,0.9959567317456949,0.9585481943386449,1,human,4,1,1,1,1,1,1,1,1,4,4,non-human,held-out candidate,strong candidate,0.3418
815737004,Milena_mico,brand,0.3423,0,0.0,0.9428571428571428,1.0,0.9428571428571428,1.0,1.0,1.0,0.9940688303191997,1.0,0.9940688303191997,0.9153157694157193,1.0,0.9153157694157193,0.9630604356480155,1,human,4,1,1,1,1,1,1,1,1,4,4,non-human,held-out candidate,strong candidate,0.3423
815724980,ARIZONATWEETZ,brand,0.3424,0,0.0,0.8287671232876712,1.0,0.8287671232876712,1.0,1.0,1.0,1.0,1.0,1.0,0.9568136949735864,1.0,0.9568136949735864,0.9463952045653143,1,human,4,1,1,1,1,1,1,1,1,4,4,non-human,held-out candidate,strong candidate,0.3424
815726555,mimisbitch,brand,0.3425,0,0.0,0.9457364341085271,1.0,0.9457364341085271,1.0,1.0,1.0,0.9998380599764928,1.0,0.9998380599764928,0.9623325627040162,1.0,0.9623325627040162,0.976976764197259,1,human,4,1,1,1,1,1,1,1,1,4,4,non-human,held-out candidate,strong candidate,0.3425
815736601,Lunatik_guy,brand,0.3425,0,0.0,0.9457364341085271,1.0,0.9457364341085271,0.9521550029547202,1.0,0.9521550029547202,0.9999999975530436,1.0,0.9999999975530436,0.9779559752621485,1.0,0.9779559752621485,0.9689618524696099,1,human,4,1,1,1,1,1,1,1,1,4,4,non-human,held-out candidate,strong candidate,0.3425
815728769,jeremy_good,brand,0.3426,0,0.0,0.8666666666666667,1.0,0.8666666666666667,0.8177067650418994,1.0,0.8177067650418994,0.9999950241916923,1.0,0.9999950241916923,0.966222160315456,1.0,0.966222160315456,0.9126476540539287,1,human,4,1,1,1,1,1,1,1,1,4,4,non-human,held-out candidate,strong candidate,0.3426
815727389,xtinasvenue,brand,0.3442,0,0.0,0.9787878787878788,1.0,0.9787878787878788,0.9064309006523944,1.0,0.9064309006523944,0.9916589966205437,1.0,0.9916589966205437,0.9157500861334601,1.0,0.9157500861334601,0.9481569655485692,1,human,4,1,1,1,1,1,1,1,1,4,4,non-human,held-out candidate,strong candidate,0.3442
815728354,07199jcsc,female,0.3444,0,1.0,0.0,0.0,1.0,0.0,0.0,1.0,1.157499893648031e-73,0.0,1.0,0.003226561840809529,0.0,0.9967734381591905,0.0008066404602023822,0,non-human,4,1,1,1,1,1,1,1,1,4,4,human,held-out candidate,strong candidate,0.3444
815736474,ThreeGymnopedie,brand,0.3447,0,0.0,0.9457364341085271,1.0,0.9457364341085271,0.9532052086787106,1.0,0.9532052086787106,0.9684052171291911,1.0,0.9684052171291911,0.903710296820651,1.0,0.903710296820651,0.94276428918427,1,human,4,1,1,1,1,1,1,1,1,4,4,non-human,held-out candidate,strong candidate,0.3447
815731692,PG_ESAM,brand,0.3449,0,0.0,1.0,1.0,1.0,0.8607299780406604,1.0,0.8607299780406604,0.999871719255275,1.0,0.999871719255275,0.8983274139348429,1.0,0.8983274139348429,0.9397322778076946,1,human,4,1,1,1,1,1,1,1,1,4,4,non-human,held-out candidate,strong candidate,0.3449
815733966,mywaitisu,brand,0.3449,0,0.0,1.0,1.0,1.0,1.0,1.0,1.0,0.9997714730510633,1.0,0.9997714730510633,0.9900496209756668,1.0,0.9900496209756668,0.9974552735066825,1,human,4,1,1,1,1,1,1,1,1,4,4,non-human,held-out candidate,strong candidate,0.3449
815729008,TheSaintOfTous,brand,0.3451,0,0.0,1.0,1.0,1.0,0.855042586718912,1.0,0.855042586718912,0.999970356265918,1.0,0.999970356265918,0.9672313823534368,1.0,0.9672313823534368,0.9555610813345667,1,human,4,1,1,1,1,1,1,1,1,4,4,non-human,held-out candidate,strong candidate,0.3451
815722012,BinaryeProfit,male,0.3456,0,1.0,0.0,0.0,1.0,0.0969645317918067,0.0,0.9030354682081934,1.3071773527065158e-71,0.0,1.0,0.07700460794449114,0.0,0.9229953920555088,0.04349228493407446,0,non-human,4,1,1,1,1,1,1,1,1,4,4,human,held-out candidate,strong candidate,0.3456
815730820,destiny_weaver,brand,0.3456,0,0.0,0.9897750511247444,1.0,0.9897750511247444,1.0,1.0,1.0,1.0,1.0,1.0,0.9985378760012421,1.0,0.9985378760012421,0.9970782317814966,1,human,4,1,1,1,1,1,1,1,1,4,4,non-human,held-out candidate,strong candidate,0.3456
815726719,Shutter_Lense,brand,0.3459,0,0.0,1.0,1.0,1.0,1.0,1.0,1.0,0.9672487727559153,1.0,0.9672487727559153,0.9987899515833125,1.0,0.9987899515833125,0.991509681084807,1,human,4,1,1,1,1,1,1,1,1,4,4,non-human,held-out candidate,strong candidate,0.3459
815729455,quirkIess,brand,0.346,0,0.0,0.9333333333333333,1.0,0.9333333333333333,0.8597656677218137,1.0,0.8597656677218137,0.9971896520405189,1.0,0.9971896520405189,0.8671210633956031,1.0,0.8671210633956031,0.9143524291228172,1,human,4,1,1,1,1,1,1,1,1,4,4,non-human,held-out candidate,strong candidate,0.346
815731398,hesft1975,brand,0.3462,0,0.0,1.0,1.0,1.0,0.9562902085187324,1.0,0.9562902085187324,0.9999980210056918,1.0,0.9999980210056918,0.9704303415785178,1.0,0.9704303415785178,0.9816796427757355,1,human,4,1,1,1,1,1,1,1,1,4,4,non-human,held-out candidate,strong candidate,0.3462
815732461,xmaya5sos,brand,0.3463,0,0.0,0.9787878787878788,1.0,0.9787878787878788,0.8701245476338869,1.0,0.8701245476338869,0.9956282584503827,1.0,0.9956282584503827,0.9952004774357617,1.0,0.9952004774357617,0.9599352905769776,1,human,4,1,1,1,1,1,1,1,1,4,4,non-human,held-out candidate,strong candidate,0.3463
815735555,cocococcooonan,male,0.3467,0,1.0,0.0,0.0,1.0,0.0,0.0,1.0,4.867937322261522e-71,0.0,1.0,0.12283054501298145,0.0,0.8771694549870186,0.030707636253245362,0,non-human,4,1,1,1,1,1,1,1,1,4,4,human,held-out candidate,strong candidate,0.3467
815729588,luciboo80,brand,0.347,0,0.0,0.8287671232876712,1.0,0.8287671232876712,0.953110785225793,1.0,0.953110785225793,0.991826411389707,1.0,0.991826411389707,0.9945827217288352,1.0,0.9945827217288352,0.9420717604080016,1,human,4,1,1,1,1,1,1,1,1,4,4,non-human,held-out candidate,strong candidate,0.347
815723610,turntsad,brand,0.3471,0,0.0,0.9457364341085271,1.0,0.9457364341085271,0.8314369818405533,1.0,0.8314369818405533,0.9818349155488844,1.0,0.9818349155488844,0.9271816824590519,1.0,0.9271816824590519,0.9215475034892542,1,human,4,1,1,1,1,1,1,1,1,4,4,non-human,held-out candidate,strong candidate,0.3471
815728790,DoHoBOB,brand,0.3472,0,0.0,1.0,1.0,1.0,0.959341576540505,1.0,0.959341576540505,0.9990247778144186,1.0,0.9990247778144186,0.9671855455045807,1.0,0.9671855455045807,0.9813879749648761,1,human,4,1,1,1,1,1,1,1,1,4,4,non-human,held-out candidate,strong candidate,0.3472
815724539,SoddersLiger,brand,0.3474,0,0.0,0.9608695652173913,1.0,0.9608695652173913,1.0,1.0,1.0,0.9999722726816549,1.0,0.9999722726816549,0.9866324483874958,1.0,0.9866324483874958,0.9868685715716355,1,human,4,1,1,1,1,1,1,1,1,4,4,non-human,held-out candidate,strong candidate,0.3474
815721415,221_b_Sherlock,brand,0.348,0,0.0,0.9457364341085271,1.0,0.9457364341085271,0.9574899728504273,1.0,0.9574899728504273,0.972464507831653,1.0,0.972464507831653,0.8551017353857789,1.0,0.8551017353857789,0.9326981625440965,1,human,4,1,1,1,1,1,1,1,1,4,4,non-human,held-out candidate,strong candidate,0.348
815739429,LOSGIDDY,brand,0.3489,0,0.0,1.0,1.0,1.0,1.0,1.0,1.0,0.9934057094164443,1.0,0.9934057094164443,0.9635535499327422,1.0,0.9635535499327422,0.9892398148372966,1,human,4,1,1,1,1,1,1,1,1,4,4,non-human,held-out candidate,strong candidate,0.3489
815719863,microdile,brand,0.3494,0,0.0,0.9897750511247444,1.0,0.9897750511247444,1.0,1.0,1.0,0.9995239424983217,1.0,0.9995239424983217,0.9669710744390043,1.0,0.9669710744390043,0.9890675170155175,1,human,4,1,1,1,1,1,1,1,1,4,4,non-human,held-out candidate,strong candidate,0.3494
815724452,michaelcoyote,brand,0.3494,0,0.0,1.0,1.0,1.0,0.9146527620109896,1.0,0.9146527620109896,0.9994094803631595,1.0,0.9994094803631595,0.9813745866115866,1.0,0.9813745866115866,0.9738592072464339,1,human,4,1,1,1,1,1,1,1,1,4,4,non-human,held-out candidate,strong candidate,0.3494
815729075,04768lktc,male,0.3494,0,1.0,0.0,0.0,1.0,0.0,0.0,1.0,1.312269713208639e-73,0.0,1.0,0.0035490177158340086,0.0,0.996450982284166,0.0008872544289585022,0,non-human,4,1,1,1,1,1,1,1,1,4,4,human,held-out candidate,strong candidate,0.3494
815734194,zelimpa,brand,0.3507,0,0.0,1.0,1.0,1.0,1.0,1.0,1.0,1.0,1.0,1.0,0.999605007144559,1.0,0.999605007144559,0.9999012517861398,1,human,4,1,1,1,1,1,1,1,1,4,4,non-human,held-out candidate,strong candidate,0.3507
815735836,cliffordatass,brand,0.3515,0,0.0,0.9457364341085271,1.0,0.9457364341085271,0.8997080603824351,1.0,0.8997080603824351,0.99999999994467,1.0,0.99999999994467,0.9078084784741879,1.0,0.9078084784741879,0.9383132432274551,1,human,4,1,1,1,1,1,1,1,1,4,4,non-human,held-out candidate,strong candidate,0.3515
815729580,LawrencePatte20,brand,0.3519,0,0.0,0.9457364341085271,1.0,0.9457364341085271,1.0,1.0,1.0,0.9876773259525415,1.0,0.9876773259525415,0.9904474499092939,1.0,0.9904474499092939,0.9809653024925906,1,human,4,1,1,1,1,1,1,1,1,4,4,non-human,held-out candidate,strong candidate,0.3519
815734124,RobProvince,brand,0.352,0,0.0,1.0,1.0,1.0,1.0,1.0,1.0,1.0,1.0,1.0,0.9996019287651121,1.0,0.9996019287651121,0.999900482191278,1,human,4,1,1,1,1,1,1,1,1,4,4,non-human,held-out candidate,strong candidate,0.352
815729633,Kuwaballer,brand,0.3537,0,0.0,0.9457364341085271,1.0,0.9457364341085271,0.9404690972356096,1.0,0.9404690972356096,0.9999999958360242,1.0,0.9999999958360242,0.9726884384894354,1.0,0.9726884384894354,0.964723491417399,1,human,4,1,1,1,1,1,1,1,1,4,4,non-human,held-out candidate,strong candidate,0.3537
815732190,joXn,brand,0.3547,0,0.0,0.9457364341085271,1.0,0.9457364341085271,1.0,1.0,1.0,0.9992796963545082,1.0,0.9992796963545082,0.9879925030308199,1.0,0.9879925030308199,0.9832521583734638,1,human,4,1,1,1,1,1,1,1,1,4,4,non-human,held-out candidate,strong candidate,0.3547
815736939,Terick_7,brand,0.3548,0,0.0,0.9307692307692308,1.0,0.9307692307692308,0.9045800410850732,1.0,0.9045800410850732,0.9905071158649994,1.0,0.9905071158649994,0.9515135283586115,1.0,0.9515135283586115,0.9443424790194787,1,human,4,1,1,1,1,1,1,1,1,4,4,non-human,held-out candidate,strong candidate,0.3548
815738619,elizasoberano11,female,0.356,0,1.0,0.0,0.0,1.0,0.0,0.0,1.0,4.523721438533035e-73,0.0,1.0,0.007239925885588414,0.0,0.9927600741144116,0.0018099814713971034,0,non-human,4,1,1,1,1,1,1,1,1,4,4,human,held-out candidate,strong candidate,0.356
815721979,biIIielurk,brand,0.3566,0,0.0,0.9897750511247444,1.0,0.9897750511247444,0.9057524428397257,1.0,0.9057524428397257,0.9999989215922855,1.0,0.9999989215922855,0.9884468849195343,1.0,0.9884468849195343,0.9709933251190724,1,human,4,1,1,1,1,1,1,1,1,4,4,non-human,held-out candidate,strong candidate,0.3566
815736962,goatsworthy,brand,0.3571,0,0.0,0.9457364341085271,1.0,0.9457364341085271,0.9595690738337718,1.0,0.9595690738337718,0.9999985799100692,1.0,0.9999985799100692,0.9993373549035957,1.0,0.9993373549035957,0.9761603606889909,1,human,4,1,1,1,1,1,1,1,1,4,4,non-human,held-out candidate,strong candidate,0.3571
815722517,ghostofjohanna,brand,0.3574,0,0.0,0.9117647058823529,1.0,0.9117647058823529,0.9102019497154336,1.0,0.9102019497154336,1.0,1.0,1.0,0.9695092014660802,1.0,0.9695092014660802,0.9478689642659667,1,human,4,1,1,1,1,1,1,1,1,4,4,non-human,held-out candidate,strong candidate,0.3574
815734398,1electricpirate,brand,0.3577,0,0.0,0.9457364341085271,1.0,0.9457364341085271,0.9556600327435308,1.0,0.9556600327435308,0.9998082949457221,1.0,0.9998082949457221,0.9625133582596109,1.0,0.9625133582596109,0.9659295300143478,1,human,4,1,1,1,1,1,1,1,1,4,4,non-human,held-out candidate,strong candidate,0.3577
815720996,darklands23,brand,0.3583,0,0.0,0.9339622641509434,1.0,0.9339622641509434,0.9544499699817004,1.0,0.9544499699817004,0.9827317485054803,1.0,0.9827317485054803,0.962951194054028,1.0,0.962951194054028,0.9585237941730379,1,human,4,1,1,1,1,1,1,1,1,4,4,non-human,held-out candidate,strong candidate,0.3583
815736924,mbtimelord,brand,0.3587,0,0.0,0.8287671232876712,1.0,0.8287671232876712,0.9563781072227897,1.0,0.9563781072227897,0.9898901864808952,1.0,0.9898901864808952,0.9187348483458113,1.0,0.9187348483458113,0.9234425663342918,1,human,4,1,1,1,1,1,1,1,1,4,4,non-human,held-out candidate,strong candidate,0.3587
815737588,MewzMe2,brand,0.3587,0,0.0,0.8709677419354839,1.0,0.8709677419354839,0.8097002670235323,1.0,0.8097002670235323,0.9861361005192012,1.0,0.9861361005192012,0.9472130091502691,1.0,0.9472130091502691,0.9035042796571215,1,human,4,1,1,1,1,1,1,1,1,4,4,non-human,held-out candidate,strong candidate,0.3587
815738291,Desolation00,brand,0.3592,0,0.0,0.9307692307692308,1.0,0.9307692307692308,0.8673493498646168,1.0,0.8673493498646168,0.9917949014797178,1.0,0.9917949014797178,0.9621708019295444,1.0,0.9621708019295444,0.9380210710107775,1,human,4,1,1,1,1,1,1,1,1,4,4,non-human,held-out candidate,strong candidate,0.3592
815728023,lowkeylwt_,brand,0.3595,0,0.0,0.9897750511247444,1.0,0.9897750511247444,0.9594383707878363,1.0,0.9594383707878363,1.0,1.0,1.0,0.9940971599222211,1.0,0.9940971599222211,0.9858276454587005,1,human,4,1,1,1,1,1,1,1,1,4,4,non-human,held-out candidate,strong candidate,0.3595
815735938,yomings,brand,0.3632,0,0.0,0.9117647058823529,1.0,0.9117647058823529,0.9138266704674144,1.0,0.9138266704674144,0.9999863270691839,1.0,0.9999863270691839,0.9486747152566122,1.0,0.9486747152566122,0.9435631046688908,1,human,4,1,1,1,1,1,1,1,1,4,4,non-human,held-out candidate,strong candidate,0.3632
815725754,K1LLz_,brand,0.369,0,0.0,1.0,1.0,1.0,0.9591834784755957,1.0,0.9591834784755957,0.9751294639868875,1.0,0.9751294639868875,0.9664656438580903,1.0,0.9664656438580903,0.9751946465801434,1,human,4,1,1,1,1,1,1,1,1,4,4,non-human,held-out candidate,strong candidate,0.369
815733854,kolaaakatsuo,male,0.3709,0,1.0,0.0,0.0,1.0,0.0,0.0,1.0,4.809251010453058e-71,0.0,1.0,0.12289338497903897,0.0,0.877106615020961,0.030723346244759742,0,non-human,4,1,1,1,1,1,1,1,1,4,4,human,held-out candidate,strong candidate,0.3709
815737970,chaacSmite,brand,0.6212,0,0.0,1.0,1.0,1.0,0.8688261977264925,1.0,0.8688261977264925,0.9980775879799224,1.0,0.9980775879799224,0.8862370740503183,1.0,0.8862370740503183,0.9382852149391833,1,human,4,1,1,1,1,1,1,1,1,4,4,non-human,held-out candidate,strong candidate,0.6212
815736346,zjmliamalarca,brand,0.6266,0,0.0,0.932,1.0,0.932,0.9276881496594502,1.0,0.9276881496594502,0.9999002099904772,1.0,0.9999002099904772,0.9739914030781122,1.0,0.9739914030781122,0.9583949406820099,1,human,4,1,1,1,1,1,1,1,1,4,4,non-human,held-out candidate,strong candidate,0.6266
815724599,d_michaelsatele,brand,0.6333,0,0.0,1.0,1.0,1.0,0.9026150115881705,1.0,0.9026150115881705,0.994191715397092,1.0,0.994191715397092,0.9658691712061972,1.0,0.9658691712061972,0.9656689745478649,1,human,4,1,1,1,1,1,1,1,1,4,4,non-human,held-out candidate,strong candidate,0.6333
815727133,Tawa8_12,brand,0.6341,0,0.0,0.9457364341085271,1.0,0.9457364341085271,1.0,1.0,1.0,1.0,1.0,1.0,0.9961510580457216,1.0,0.9961510580457216,0.9854718730385621,1,human,4,1,1,1,1,1,1,1,1,4,4,non-human,held-out candidate,strong candidate,0.6341
815730349,NWSodor23,brand,0.6354,0,0.0,0.9457364341085271,1.0,0.9457364341085271,0.9580852952892263,1.0,0.9580852952892263,0.9994438133083497,1.0,0.9994438133083497,0.9736306770185809,1.0,0.9736306770185809,0.969224054931171,1,human,4,1,1,1,1,1,1,1,1,4,4,non-human,held-out candidate,strong candidate,0.6354
815739580,BabiesGunsJesus,brand,0.6354,0,0.0,1.0,1.0,1.0,1.0,1.0,1.0,0.9965412871661392,1.0,0.9965412871661392,0.9860902757361046,1.0,0.9860902757361046,0.995657890725561,1,human,4,1,1,1,1,1,1,1,1,4,4,non-human,held-out candidate,strong candidate,0.6354
815719590,Istanbull,brand,0.6356,0,0.0,0.8734177215189873,1.0,0.8734177215189873,0.9191542456023459,1.0,0.9191542456023459,0.98166555120415,1.0,0.98166555120415,0.8517000813536719,1.0,0.8517000813536719,0.9064843999197888,1,human,4,1,1,1,1,1,1,1,1,4,4,non-human,held-out candidate,strong candidate,0.6356
815731526,paparatti,brand,0.6361,0,0.0,0.9787878787878788,1.0,0.9787878787878788,0.9561636984593028,1.0,0.9561636984593028,0.9791377158706006,1.0,0.9791377158706006,0.9746752270955374,1.0,0.9746752270955374,0.9721911300533299,1,human,4,1,1,1,1,1,1,1,1,4,4,non-human,held-out candidate,strong candidate,0.6361
815728680,DrHotelMario,brand,0.6362,0,0.0,1.0,1.0,1.0,0.9560429871519627,1.0,0.9560429871519627,0.9999951054316214,1.0,0.9999951054316214,0.9873755003056918,1.0,0.9873755003056918,0.9858533982223189,1,human,4,1,1,1,1,1,1,1,1,4,4,non-human,held-out candidate,strong candidate,0.6362
815738500,conandoyle5,male,0.6365,0,1.0,0.0,0.0,1.0,0.0,0.0,1.0,2.2810041637982703e-70,0.0,1.0,0.029968789284511025,0.0,0.9700312107154889,0.007492197321127756,0,non-human,4,1,1,1,1,1,1,1,1,4,4,human,held-out candidate,strong candidate,0.6365
815722164,oCruiise,brand,0.6368,0,0.0,1.0,1.0,1.0,0.8504686472525155,1.0,0.8504686472525155,0.9842155783372251,1.0,0.9842155783372251,0.986057777134111,1.0,0.986057777134111,0.9551855006809629,1,human,4,1,1,1,1,1,1,1,1,4,4,non-human,held-out candidate,strong candidate,0.6368
815727388,mojo_YOjo,brand,0.6368,0,0.0,0.9787878787878788,1.0,0.9787878787878788,1.0,1.0,1.0,0.9983112527450694,1.0,0.9983112527450694,0.9711411889793186,1.0,0.9711411889793186,0.9870600801280667,1,human,4,1,1,1,1,1,1,1,1,4,4,non-human,held-out candidate,strong candidate,0.6368
815725734,os4185,brand,0.6372,0,0.0,0.8636363636363636,1.0,0.8636363636363636,0.8569149100191166,1.0,0.8569149100191166,0.9999933170935035,1.0,0.9999933170935035,0.9910845364571471,1.0,0.9910845364571471,0.9279072818015327,1,human,4,1,1,1,1,1,1,1,1,4,4,non-human,held-out candidate,strong candidate,0.6372
815724299,Incalex_,brand,0.6377,0,0.0,0.9457364341085271,1.0,0.9457364341085271,0.9176843367904857,1.0,0.9176843367904857,0.99302091266954,1.0,0.99302091266954,0.964469988129353,1.0,0.964469988129353,0.9552279179244765,1,human,4,1,1,1,1,1,1,1,1,4,4,non-human,held-out candidate,strong candidate,0.6377
815730678,SHERWlND,brand,0.6385,0,0.0,0.9457364341085271,1.0,0.9457364341085271,1.0,1.0,1.0,0.9999999933587738,1.0,0.9999999933587738,0.9895087047491317,1.0,0.9895087047491317,0.9838112830541081,1,human,4,1,1,1,1,1,1,1,1,4,4,non-human,held-out candidate,strong candidate,0.6385
815733175,Beardlini,brand,0.6386,1,0.0,0.9457364341085271,1.0,0.9457364341085271,0.8610006861819698,1.0,0.8610006861819698,0.9964766395068861,1.0,0.9964766395068861,0.8684938417078755,1.0,0.8684938417078755,0.9179269003763146,1,human,4,1,1,1,1,1,1,1,1,4,4,non-human,held-out candidate,strong candidate,0.6386
815734690,coadienugent,brand,0.6392,0,0.0,0.9897750511247444,1.0,0.9897750511247444,0.9616335113309965,1.0,0.9616335113309965,0.93657996111183,1.0,0.93657996111183,0.9829799063186239,1.0,0.9829799063186239,0.9677421074715487,1,human,4,1,1,1,1,1,1,1,1,4,4,non-human,held-out candidate,strong candidate,0.6392
815736408,SimplyAnder,brand,0.6396,0,0.0,0.9457364341085271,1.0,0.9457364341085271,0.9526730073729689,1.0,0.9526730073729689,0.9993832645215585,1.0,0.9993832645215585,0.9604484932427567,1.0,0.9604484932427567,0.9645602998114529,1,human,4,1,1,1,1,1,1,1,1,4,4,non-human,held-out candidate,strong candidate,0.6396
815738605,toshboy99,brand,0.6403,0,0.0,1.0,1.0,1.0,0.8267467290220116,1.0,0.8267467290220116,0.9445872733307936,1.0,0.9445872733307936,0.9361779651262981,1.0,0.9361779651262981,0.9268779918697759,1,human,4,1,1,1,1,1,1,1,1,4,4,non-human,held-out candidate,strong candidate,0.6403
815719699,inimba,brand,0.6404,0,0.0,1.0,1.0,1.0,1.0,1.0,1.0,0.9999809613405327,1.0,0.9999809613405327,0.9981002840258747,1.0,0.9981002840258747,0.9995203113416019,1,human,4,1,1,1,1,1,1,1,1,4,4,non-human,held-out candidate,strong candidate,0.6404
815723888,DubbzBear,brand,0.6409,0,0.0,0.9117647058823529,1.0,0.9117647058823529,0.9119233975507165,1.0,0.9119233975507165,0.9999999999832809,1.0,0.9999999999832809,0.9045705321447011,1.0,0.9045705321447011,0.9320646588902628,1,human,4,1,1,1,1,1,1,1,1,4,4,non-human,held-out candidate,strong candidate,0.6409
815723832,CaGardenas,brand,0.6414,0,0.0,1.0,1.0,1.0,0.9548116750046681,1.0,0.9548116750046681,0.8243811053646743,1.0,0.8243811053646743,0.9828694486078606,1.0,0.9828694486078606,0.9405155572443008,1,human,4,1,1,1,1,1,1,1,1,4,4,non-human,held-out candidate,strong candidate,0.6414
815719276,home8biz,male,0.6415,0,1.0,0.10526315789473684,0.0,0.8947368421052632,0.057396083086254775,0.0,0.9426039169137452,0.0015031804868562333,0.0,0.9984968195131437,0.11781014960757787,0.0,0.8821898503924221,0.07049314276885643,0,non-human,4,1,1,1,1,1,1,1,1,4,4,human,held-out candidate,strong candidate,0.6415
815731844,kgracehicks2,brand,0.6429,0,0.0,0.9787878787878788,1.0,0.9787878787878788,0.8378869480843522,1.0,0.8378869480843522,0.8294736968258128,1.0,0.8294736968258128,0.8736189163969527,1.0,0.8736189163969527,0.8799418600237491,1,human,4,1,1,1,1,1,1,1,1,4,4,non-human,held-out candidate,strong candidate,0.6429
815732037,LindaRegber,brand,0.6429,0,0.0,0.9457364341085271,1.0,0.9457364341085271,0.9553987872536246,1.0,0.9553987872536246,0.9993605239042695,1.0,0.9993605239042695,0.9318969570131383,1.0,0.9318969570131383,0.9580981755698899,1,human,4,1,1,1,1,1,1,1,1,4,4,non-human,held-out candidate,strong candidate,0.6429
815722430,creeper32605,brand,0.6432,0,0.0,1.0,1.0,1.0,0.95214280521802,1.0,0.95214280521802,0.9994251616553875,1.0,0.9994251616553875,0.9905435235383553,1.0,0.9905435235383553,0.9855278726029408,1,human,4,1,1,1,1,1,1,1,1,4,4,non-human,held-out candidate,strong candidate,0.6432
815738988,smeggo,brand,0.6437,0,0.0,0.9307692307692308,1.0,0.9307692307692308,0.9443506854281682,1.0,0.9443506854281682,0.9884194771945739,1.0,0.9884194771945739,0.98921017010696,1.0,0.98921017010696,0.9631873908747333,1,human,4,1,1,1,1,1,1,1,1,4,4,non-human,held-out candidate,strong candidate,0.6437
815723880,TCultureVulture,brand,0.6445,0,0.0,1.0,1.0,1.0,0.8657623522585434,1.0,0.8657623522585434,1.0,1.0,1.0,0.9549888024508499,1.0,0.9549888024508499,0.9551877886773483,1,human,4,1,1,1,1,1,1,1,1,4,4,non-human,held-out candidate,strong candidate,0.6445
815735585,ajstenaka,brand,0.6447,0,0.0,1.0,1.0,1.0,0.9579650834973809,1.0,0.9579650834973809,1.0,1.0,1.0,0.9506224828965744,1.0,0.9506224828965744,0.9771468915984888,1,human,4,1,1,1,1,1,1,1,1,4,4,non-human,held-out candidate,strong candidate,0.6447
815736615,WaltFrench,brand,0.6448,0,0.0,0.8936170212765957,1.0,0.8936170212765957,0.8623058806548851,1.0,0.8623058806548851,0.9999982143226651,1.0,0.9999982143226651,0.9331864357475217,1.0,0.9331864357475217,0.9222768880004169,1,human,4,1,1,1,1,1,1,1,1,4,4,non-human,held-out candidate,strong candidate,0.6448
815719911,SpiritOfEnLes,brand,0.6456,0,0.0,0.9117647058823529,1.0,0.9117647058823529,1.0,1.0,1.0,0.9999854047276847,1.0,0.9999854047276847,0.9095549864948195,1.0,0.9095549864948195,0.9553262742762143,1,human,4,1,1,1,1,1,1,1,1,4,4,non-human,held-out candidate,strong candidate,0.6456
815736722,sadwitches,brand,0.6456,0,0.0,0.9787878787878788,1.0,0.9787878787878788,0.9547073715669616,1.0,0.9547073715669616,0.9990442290335536,1.0,0.9990442290335536,0.9729363368458085,1.0,0.9729363368458085,0.9763689540585506,1,human,4,1,1,1,1,1,1,1,1,4,4,non-human,held-out candidate,strong candidate,0.6456
815737554,przemusiowa,brand,0.6461,0,0.0,0.9897750511247444,1.0,0.9897750511247444,1.0,1.0,1.0,0.9942903500569907,1.0,0.9942903500569907,0.9966387925470216,1.0,0.9966387925470216,0.9951760484321892,1,human,4,1,1,1,1,1,1,1,1,4,4,non-human,held-out candidate,strong candidate,0.6461
815722974,Dfitz9477,brand,0.6465,0,0.0,0.932,1.0,0.932,1.0,1.0,1.0,0.9237254886179231,1.0,0.9237254886179231,0.9218004323296991,1.0,0.9218004323296991,0.9443814802369055,1,human,4,1,1,1,1,1,1,1,1,4,4,non-human,held-out candidate,strong candidate,0.6465
815720239,Butcherr666,brand,0.6468,0,0.0,0.9608695652173913,1.0,0.9608695652173913,0.953657182316787,1.0,0.953657182316787,0.9884673426427867,1.0,0.9884673426427867,0.991658837399138,1.0,0.991658837399138,0.9736632318940257,1,human,4,1,1,1,1,1,1,1,1,4,4,non-human,held-out candidate,strong candidate,0.6468
815728447,Cysero,brand,0.6468,0,0.0,0.8936170212765957,1.0,0.8936170212765957,0.8580318725452606,1.0,0.8580318725452606,0.9999999999991154,1.0,0.9999999999991154,0.9325451166309102,1.0,0.9325451166309102,0.9210485026129704,1,human,4,1,1,1,1,1,1,1,1,4,4,non-human,held-out candidate,strong candidate,0.6468
815738862,Unite24Lq,female,0.647,0,1.0,0.0,0.0,1.0,0.0,0.0,1.0,1.3279089600522484e-72,0.0,1.0,0.00985025362671167,0.0,0.9901497463732883,0.0024625634066779175,0,non-human,4,1,1,1,1,1,1,1,1,4,4,human,held-out candidate,strong candidate,0.647
815732878,GMcCorrister,brand,0.6471,0,0.0,1.0,1.0,1.0,0.9561934480408454,1.0,0.9561934480408454,0.9998661282956959,1.0,0.9998661282956959,0.9926223530690237,1.0,0.9926223530690237,0.9871704823513913,1,human,4,1,1,1,1,1,1,1,1,4,4,non-human,held-out candidate,strong candidate,0.6471
815737902,UOTrackFangirl,brand,0.6472,0,0.0,0.9457364341085271,1.0,0.9457364341085271,0.9089350340050889,1.0,0.9089350340050889,0.9999995977786603,1.0,0.9999995977786603,0.9725666180552599,1.0,0.9725666180552599,0.956809420986884,1,human,4,1,1,1,1,1,1,1,1,4,4,non-human,held-out candidate,strong candidate,0.6472
815727643,MartyMcTweet,brand,0.6474,0,0.0,1.0,1.0,1.0,0.827129040415398,1.0,0.827129040415398,0.9317917240167356,1.0,0.9317917240167356,0.9554827259852584,1.0,0.9554827259852584,0.928600872604348,1,human,4,1,1,1,1,1,1,1,1,4,4,non-human,held-out candidate,strong candidate,0.6474
815735225,hologramvron,brand,0.6475,0,0.0,0.9117647058823529,1.0,0.9117647058823529,0.9531837158965952,1.0,0.9531837158965952,0.9999872312210353,1.0,0.9999872312210353,0.9754259980353053,1.0,0.9754259980353053,0.9600904127588221,1,human,4,1,1,1,1,1,1,1,1,4,4,non-human,held-out candidate,strong candidate,0.6475
815736589,iamdaman00,brand,0.6476,0,0.0,0.8287671232876712,1.0,0.8287671232876712,0.9479610720784838,1.0,0.9479610720784838,0.9992408147209765,1.0,0.9992408147209765,0.9428911125528129,1.0,0.9428911125528129,0.9297150306599861,1,human,4,1,1,1,1,1,1,1,1,4,4,non-human,held-out candidate,strong candidate,0.6476
815736788,pear0s,brand,0.6478,0,0.0,0.96875,1.0,0.96875,1.0,1.0,1.0,0.9990316245373717,1.0,0.9990316245373717,0.9533716066376179,1.0,0.9533716066376179,0.9802883077937474,1,human,4,1,1,1,1,1,1,1,1,4,4,non-human,held-out candidate,strong candidate,0.6478
815737697,KnifeStitch,brand,0.6478,0,0.0,1.0,1.0,1.0,0.9532053918131848,1.0,0.9532053918131848,0.9999994670181492,1.0,0.9999994670181492,0.987635738881215,1.0,0.987635738881215,0.9852101494281372,1,human,4,1,1,1,1,1,1,1,1,4,4,non-human,held-out candidate,strong candidate,0.6478
815724770,TheRivermanRuns,brand,0.6479,0,0.0,0.9457364341085271,1.0,0.9457364341085271,0.8280434966025699,1.0,0.8280434966025699,0.9999907783625737,1.0,0.9999907783625737,0.8592349804165009,1.0,0.8592349804165009,0.9082514223725429,1,human,4,1,1,1,1,1,1,1,1,4,4,non-human,held-out candidate,strong candidate,0.6479
815736461,whoaskedyoushit,brand,0.648,0,0.0,0.9897750511247444,1.0,0.9897750511247444,0.9577663570648318,1.0,0.9577663570648318,1.0,1.0,1.0,0.9967592484081237,1.0,0.9967592484081237,0.986075164149425,1,human,4,1,1,1,1,1,1,1,1,4,4,non-human,held-out candidate,strong candidate,0.648
815729024,MegaLobsterFace,brand,0.6487,0,0.0,0.9457364341085271,1.0,0.9457364341085271,0.9587371867038794,1.0,0.9587371867038794,0.9991267595952437,1.0,0.9991267595952437,0.923710804077502,1.0,0.923710804077502,0.9568277961212881,1,human,4,1,1,1,1,1,1,1,1,4,4,non-human,held-out candidate,strong candidate,0.6487
815737393,froleyfilm,brand,0.6495,0,0.0,0.9307692307692308,1.0,0.9307692307692308,0.96117182443452,1.0,0.96117182443452,0.9999999999999929,1.0,0.9999999999999929,0.9977523041503044,1.0,0.9977523041503044,0.972423339838512,1,human,4,1,1,1,1,1,1,1,1,4,4,non-human,held-out candidate,strong candidate,0.6495
815722160,sigmacoder,brand,0.6497,0,0.0,1.0,1.0,1.0,0.8193568581872164,1.0,0.8193568581872164,0.9985229853498808,1.0,0.9985229853498808,0.9965374499915672,1.0,0.9965374499915672,0.953604323382166,1,human,4,1,1,1,1,1,1,1,1,4,4,non-human,held-out candidate,strong candidate,0.6497
815723066,FFGC_SMatthews,brand,0.6497,0,0.0,1.0,1.0,1.0,0.9567611966445144,1.0,0.9567611966445144,0.9609540204237209,1.0,0.9609540204237209,0.9051978084256479,1.0,0.9051978084256479,0.9557282563734708,1,human,4,1,1,1,1,1,1,1,1,4,4,non-human,held-out candidate,strong candidate,0.6497
815731845,sugarspankhorn,brand,0.65,0,0.0,0.9333333333333333,1.0,0.9333333333333333,0.8577612325506616,1.0,0.8577612325506616,0.9997371522741707,1.0,0.9997371522741707,0.9791444407813701,1.0,0.9791444407813701,0.942494039734884,1,human,4,1,1,1,1,1,1,1,1,4,4,non-human,held-out candidate,strong candidate,0.65
815722971,TheTeflon_VON,brand,0.6501,0,0.0,0.9787878787878788,1.0,0.9787878787878788,0.8673487858994076,1.0,0.8673487858994076,0.9738254893011179,1.0,0.9738254893011179,0.9255242976322577,1.0,0.9255242976322577,0.9363716129051655,1,human,4,1,1,1,1,1,1,1,1,4,4,non-human,held-out candidate,strong candidate,0.6501
815733374,littleredspook,brand,0.6502,0,0.0,1.0,1.0,1.0,0.9034093043772594,1.0,0.9034093043772594,0.9999949159696254,1.0,0.9999949159696254,0.9800316919334534,1.0,0.9800316919334534,0.9708589780700846,1,human,4,1,1,1,1,1,1,1,1,4,4,non-human,held-out candidate,strong candidate,0.6502
815734350,pumpkin_horse,brand,0.6502,0,0.0,1.0,1.0,1.0,1.0,1.0,1.0,0.9999264061143659,1.0,0.9999264061143659,0.9790426085337742,1.0,0.9790426085337742,0.9947422536620351,1,human,4,1,1,1,1,1,1,1,1,4,4,non-human,held-out candidate,strong candidate,0.6502
815738412,iAxX23,brand,0.6504,0,0.0,0.9457364341085271,1.0,0.9457364341085271,0.9569947955803338,1.0,0.9569947955803338,0.9996886765748834,1.0,0.9996886765748834,0.9920118973146507,1.0,0.9920118973146507,0.9736079508945987,1,human,4,1,1,1,1,1,1,1,1,4,4,non-human,held-out candidate,strong candidate,0.6504
815727210,haineystuart,brand,0.6506,0,0.0,0.9307692307692308,1.0,0.9307692307692308,0.9063378072688595,1.0,0.9063378072688595,1.0,1.0,1.0,0.9904753065619157,1.0,0.9904753065619157,0.9568955861500016,1,human,4,1,1,1,1,1,1,1,1,4,4,non-human,held-out candidate,strong candidate,0.6506
815730167,twinkhedgehog,brand,0.6506,0,0.0,0.9787878787878788,1.0,0.9787878787878788,1.0,1.0,1.0,0.9998662589578976,1.0,0.9998662589578976,0.997456581604999,1.0,0.997456581604999,0.9940276798376938,1,human,4,1,1,1,1,1,1,1,1,4,4,non-human,held-out candidate,strong candidate,0.6506
815720149,MonicaKoch18,female,0.6507,0,1.0,0.0,0.0,1.0,0.047122911332386996,0.0,0.952877088667613,5.664462883047916e-72,0.0,1.0,0.03372054501308776,0.0,0.9662794549869123,0.02021086408636869,0,non-human,4,1,1,1,1,1,1,1,1,4,4,human,held-out candidate,strong candidate,0.6507
815719693,TreJinkins,brand,0.6508,0,0.0,0.9457364341085271,1.0,0.9457364341085271,1.0,1.0,1.0,1.0,1.0,1.0,0.9920915312323177,1.0,0.9920915312323177,0.9844569913352113,1,human,4,1,1,1,1,1,1,1,1,4,4,non-human,held-out candidate,strong candidate,0.6508
815720588,tomlinsgomez,brand,0.6508,0,0.0,1.0,1.0,1.0,0.9589987782433907,1.0,0.9589987782433907,1.0,1.0,1.0,0.9974514194895301,1.0,0.9974514194895301,0.9891125494332302,1,human,4,1,1,1,1,1,1,1,1,4,4,non-human,held-out candidate,strong candidate,0.6508
815735624,IketheNinja14,brand,0.6508,0,0.0,0.9457364341085271,1.0,0.9457364341085271,0.9501181686535507,1.0,0.9501181686535507,0.9953999276337863,1.0,0.9953999276337863,0.9627747687156563,1.0,0.9627747687156563,0.96350732477788,1,human,4,1,1,1,1,1,1,1,1,4,4,non-human,held-out candidate,strong candidate,0.6508
815732483,CliathAthaBaile,brand,0.6509,0,0.0,0.932,1.0,0.932,0.828448397115625,1.0,0.828448397115625,0.9653496094728303,1.0,0.9653496094728303,0.9711639443421354,1.0,0.9711639443421354,0.9242404877326477,1,human,4,1,1,1,1,1,1,1,1,4,4,non-human,held-out candidate,strong candidate,0.6509
815733199,RCJ13,brand,0.6515,0,0.0,0.9457364341085271,1.0,0.9457364341085271,0.9557097540987405,1.0,0.9557097540987405,0.9982451159188324,1.0,0.9982451159188324,0.9486251999338876,1.0,0.9486251999338876,0.9620791260149969,1,human,4,1,1,1,1,1,1,1,1,4,4,non-human,held-out candidate,strong candidate,0.6515
815738456,Based1UP,brand,0.6516,0,0.0,0.9457364341085271,1.0,0.9457364341085271,0.8687844034558215,1.0,0.8687844034558215,0.9982395977664636,1.0,0.9982395977664636,0.970447175105981,1.0,0.970447175105981,0.9458019026091983,1,human,4,1,1,1,1,1,1,1,1,4,4,non-human,held-out candidate,strong candidate,0.6516
815729683,frankenwentz,brand,0.6524,0,0.0,0.9787878787878788,1.0,0.9787878787878788,0.8069387554830355,1.0,0.8069387554830355,1.0,1.0,1.0,0.8989732593540657,1.0,0.8989732593540657,0.921174973406245,1,human,4,1,1,1,1,1,1,1,1,4,4,non-human,held-out candidate,strong candidate,0.6524
815734913,squid_girl_,brand,0.6525,0,0.0,0.9457364341085271,1.0,0.9457364341085271,1.0,1.0,1.0,0.9737609648744502,1.0,0.9737609648744502,0.9863144833363587,1.0,0.9863144833363587,0.9764529705798339,1,human,4,1,1,1,1,1,1,1,1,4,4,non-human,held-out candidate,strong candidate,0.6525
815734965,KaraAbheri1,brand,0.6525,0,0.0,1.0,1.0,1.0,0.8650093210418898,1.0,0.8650093210418898,0.9857732590793653,1.0,0.9857732590793653,0.9922030164816985,1.0,0.9922030164816985,0.9607463991507383,1,human,4,1,1,1,1,1,1,1,1,4,4,non-human,held-out candidate,strong candidate,0.6525
815723028,inthebarberry,brand,0.6526,0,0.0,1.0,1.0,1.0,0.9581314104873738,1.0,0.9581314104873738,0.9784592324807483,1.0,0.9784592324807483,0.9951491757357367,1.0,0.9951491757357367,0.9829349546759647,1,human,4,1,1,1,1,1,1,1,1,4,4,non-human,held-out candidate,strong candidate,0.6526
815730449,ZroHour,brand,0.6529,0,0.0,0.8287671232876712,1.0,0.8287671232876712,0.9574212478444344,1.0,0.9574212478444344,0.9984898172264538,1.0,0.9984898172264538,0.9557219575109983,1.0,0.9557219575109983,0.9351000364673894,1,human,4,1,1,1,1,1,1,1,1,4,4,non-human,held-out candidate,strong candidate,0.6529
815731891,Mudjokivis,brand,0.6532,0,0.0,0.8936170212765957,1.0,0.8936170212765957,0.8339121127539216,1.0,0.8339121127539216,0.9996177615513221,1.0,0.9996177615513221,0.9620889414467031,1.0,0.9620889414467031,0.9223089592571356,1,human,4,1,1,1,1,1,1,1,1,4,4,non-human,held-out candidate,strong candidate,0.6532
815728924,lawyerinbeta,brand,0.6534,0,0.0,0.9897750511247444,1.0,0.9897750511247444,0.873317234361406,1.0,0.873317234361406,0.9747227262051584,1.0,0.9747227262051584,0.9711414037534812,1.0,0.9711414037534812,0.9522391038611975,1,human,4,1,1,1,1,1,1,1,1,4,4,non-human,held-out candidate,strong candidate,0.6534
815733214,MightyAvocado,brand,0.6534,0,0.0,0.9787878787878788,1.0,0.9787878787878788,0.9456699351928544,1.0,0.9456699351928544,0.9962971118903302,1.0,0.9962971118903302,0.9846390234211042,1.0,0.9846390234211042,0.9763484873230419,1,human,4,1,1,1,1,1,1,1,1,4,4,non-human,held-out candidate,strong candidate,0.6534
815734342,dadadaily,brand,0.6534,0,0.0,1.0,1.0,1.0,0.9551370858516166,1.0,0.9551370858516166,0.9396230540711965,1.0,0.9396230540711965,0.9926554178200862,1.0,0.9926554178200862,0.9718538894357248,1,human,4,1,1,1,1,1,1,1,1,4,4,non-human,held-out candidate,strong candidate,0.6534
815733845,JoySeele,brand,0.6539,0,0.0,0.8087431693989071,1.0,0.8087431693989071,0.9025382651051246,1.0,0.9025382651051246,0.9999999999743885,1.0,0.9999999999743885,0.9568123476729542,1.0,0.9568123476729542,0.9170234455378435,1,human,4,1,1,1,1,1,1,1,1,4,4,non-human,held-out candidate,strong candidate,0.6539
815724834,meekjr_,brand,0.6542,0,0.0,0.9047619047619048,1.0,0.9047619047619048,0.9135625677770365,1.0,0.9135625677770365,0.9933177729110714,1.0,0.9933177729110714,0.8705900956006695,1.0,0.8705900956006695,0.9205580852626706,1,human,4,1,1,1,1,1,1,1,1,4,4,non-human,held-out candidate,strong candidate,0.6542
815723324,LukeIsASequin,brand,0.6543,1,0.0,1.0,1.0,1.0,1.0,1.0,1.0,1.0,1.0,1.0,0.9933064636677313,1.0,0.9933064636677313,0.9983266159169328,1,human,4,1,1,1,1,1,1,1,1,4,4,non-human,held-out candidate,strong candidate,0.6543
815732415,viria13,brand,0.6543,0,0.0,1.0,1.0,1.0,1.0,1.0,1.0,0.9998945943309602,1.0,0.9998945943309602,0.9988824260693548,1.0,0.9988824260693548,0.9996942551000788,1,human,4,1,1,1,1,1,1,1,1,4,4,non-human,held-out candidate,strong candidate,0.6543
815723235,THE_HOEOLOGIST,brand,0.6545,0,0.0,1.0,1.0,1.0,0.9091746070611842,1.0,0.9091746070611842,0.9999999999956195,1.0,0.9999999999956195,0.9838067034364981,1.0,0.9838067034364981,0.9732453276233255,1,human,4,1,1,1,1,1,1,1,1,4,4,non-human,held-out candidate,strong candidate,0.6545
815731047,Taz_Cat1,brand,0.6551,0,0.0,0.9457364341085271,1.0,0.9457364341085271,0.9047404691583271,1.0,0.9047404691583271,0.9870999725038155,1.0,0.9870999725038155,0.9817981744863069,1.0,0.9817981744863069,0.9548437625642441,1,human,4,1,1,1,1,1,1,1,1,4,4,non-human,held-out candidate,strong candidate,0.6551
815725551,pesra01,brand,0.6552,0,0.0,1.0,1.0,1.0,0.9470655567621264,1.0,0.9470655567621264,0.9999999944733524,1.0,0.9999999944733524,0.9946795884287876,1.0,0.9946795884287876,0.9854362849160666,1,human,4,1,1,1,1,1,1,1,1,4,4,non-human,held-out candidate,strong candidate,0.6552
815736154,RazaHussain101,brand,0.6553,0,0.0,0.9457364341085271,1.0,0.9457364341085271,0.9546710514570079,1.0,0.9546710514570079,0.9934210742076158,1.0,0.9934210742076158,0.9643062013214854,1.0,0.9643062013214854,0.9645336902736591,1,human,4,1,1,1,1,1,1,1,1,4,4,non-human,held-out candidate,strong candidate,0.6553
815725026,Marlnnn,brand,0.6555,0,0.0,0.9457364341085271,1.0,0.9457364341085271,0.9501831600186517,1.0,0.9501831600186517,0.9999999351511221,1.0,0.9999999351511221,0.964074850856055,1.0,0.964074850856055,0.964998595033589,1,human,4,1,1,1,1,1,1,1,1,4,4,non-human,held-out candidate,strong candidate,0.6555
815734286,Fatimahamoudi5,brand,0.6555,0,0.0,1.0,1.0,1.0,1.0,1.0,1.0,0.8632726664679903,1.0,0.8632726664679903,0.9886807864824211,1.0,0.9886807864824211,0.9629883632376028,1,human,4,1,1,1,1,1,1,1,1,4,4,non-human,held-out candidate,strong candidate,0.6555
815736240,owldom,brand,0.6556,0,0.0,0.9457364341085271,1.0,0.9457364341085271,0.9555630058358779,1.0,0.9555630058358779,0.9992965283802056,1.0,0.9992965283802056,0.9888694640312549,1.0,0.9888694640312549,0.9723663580889664,1,human,4,1,1,1,1,1,1,1,1,4,4,non-human,held-out candidate,strong candidate,0.6556
815732421,Bigoldsupermoon,brand,0.6557,0,0.0,0.96875,1.0,0.96875,0.8296484420320563,1.0,0.8296484420320563,0.9959611757196879,1.0,0.9959611757196879,0.8803635938539612,1.0,0.8803635938539612,0.9186808029014264,1,human,4,1,1,1,1,1,1,1,1,4,4,non-human,held-out candidate,strong candidate,0.6557
815736330,Jazzzyone,brand,0.6558,0,0.0,0.9787878787878788,1.0,0.9787878787878788,0.9551865185634927,1.0,0.9551865185634927,0.9978315958691875,1.0,0.9978315958691875,0.9437076194697399,1.0,0.9437076194697399,0.9688784031725747,1,human,4,1,1,1,1,1,1,1,1,4,4,non-human,held-out candidate,strong candidate,0.6558
815729944,gemsglow,brand,0.656,0,0.0,0.9787878787878788,1.0,0.9787878787878788,0.9110615410161799,1.0,0.9110615410161799,0.9999989790558412,1.0,0.9999989790558412,0.9352088792553223,1.0,0.9352088792553223,0.9562643195288054,1,human,4,1,1,1,1,1,1,1,1,4,4,non-human,held-out candidate,strong candidate,0.656
815721555,akhileshppp,brand,0.6561,0,0.0,0.8666666666666667,1.0,0.8666666666666667,0.9403493669665342,1.0,0.9403493669665342,0.9935873203224158,1.0,0.9935873203224158,0.9176146307838755,1.0,0.9176146307838755,0.929554496184873,1,human,4,1,1,1,1,1,1,1,1,4,4,non-human,held-out candidate,strong candidate,0.6561
815723537,BlackTopMediaUK,brand,0.6561,0,0.0,0.8287671232876712,1.0,0.8287671232876712,1.0,1.0,1.0,0.9978753948104033,1.0,0.9978753948104033,0.9576182699436424,1.0,0.9576182699436424,0.9460651970104292,1,human,4,1,1,1,1,1,1,1,1,4,4,non-human,held-out candidate,strong candidate,0.6561
815735798,IamalrightJack,brand,0.6561,0,0.0,0.9608695652173913,1.0,0.9608695652173913,0.8142528472173333,1.0,0.8142528472173333,0.9989428445325284,1.0,0.9989428445325284,0.8754425145925938,1.0,0.8754425145925938,0.9123769428899617,1,human,4,1,1,1,1,1,1,1,1,4,4,non-human,held-out candidate,strong candidate,0.6561
815737960,CoolTrainrJulio,brand,0.6562,0,0.0,1.0,1.0,1.0,0.9572654064722101,1.0,0.9572654064722101,1.0,1.0,1.0,0.9987785848332691,1.0,0.9987785848332691,0.9890109978263698,1,human,4,1,1,1,1,1,1,1,1,4,4,non-human,held-out candidate,strong candidate,0.6562
815720227,Ogbanje_,brand,0.6565,0,0.0,0.9457364341085271,1.0,0.9457364341085271,0.822321004260244,1.0,0.822321004260244,0.9999999999999822,1.0,0.9999999999999822,0.9821124858424186,1.0,0.9821124858424186,0.937542481052793,1,human,4,1,1,1,1,1,1,1,1,4,4,non-human,held-out candidate,strong candidate,0.6565
815733637,Fony_Zony,brand,0.6565,0,0.0,0.9608695652173913,1.0,0.9608695652173913,0.9064028592818769,1.0,0.9064028592818769,1.0,1.0,1.0,0.9554729827546505,1.0,0.9554729827546505,0.9556863518134797,1,human,4,1,1,1,1,1,1,1,1,4,4,non-human,held-out candidate,strong candidate,0.6565
815729321,nobrightside,brand,0.6566,0,0.0,1.0,1.0,1.0,1.0,1.0,1.0,0.9998497729557413,1.0,0.9998497729557413,0.999647210014863,1.0,0.999647210014863,0.999874245742651,1,human,4,1,1,1,1,1,1,1,1,4,4,non-human,held-out candidate,strong candidate,0.6566
815725467,80slukeftharry,brand,0.6567,0,0.0,1.0,1.0,1.0,1.0,1.0,1.0,0.9999999999999929,1.0,0.9999999999999929,0.9401408789349521,1.0,0.9401408789349521,0.9850352197337362,1,human,4,1,1,1,1,1,1,1,1,4,4,non-human,held-out candidate,strong candidate,0.6567
815728081,The_Kohinoor,brand,0.6569,0,0.0,0.9047619047619048,1.0,0.9047619047619048,0.8032967493822596,1.0,0.8032967493822596,0.9914320103974621,1.0,0.9914320103974621,0.8543432100126236,1.0,0.8543432100126236,0.8884584686385626,1,human,4,1,1,1,1,1,1,1,1,4,4,non-human,held-out candidate,strong candidate,0.6569
815734420,pepperqt,brand,0.6569,0,0.0,0.9787878787878788,1.0,0.9787878787878788,0.8500851309487717,1.0,0.8500851309487717,0.9896751258223464,1.0,0.9896751258223464,0.9554104928502979,1.0,0.9554104928502979,0.9434896571023237,1,human,4,1,1,1,1,1,1,1,1,4,4,non-human,held-out candidate,strong candidate,0.6569
815723825,ukwarmachine,brand,0.6573,0,0.0,0.9457364341085271,1.0,0.9457364341085271,0.8373387964656601,1.0,0.8373387964656601,0.9972511245026986,1.0,0.9972511245026986,0.9785732665842602,1.0,0.9785732665842602,0.9397249054152865,1,human,4,1,1,1,1,1,1,1,1,4,4,non-human,held-out candidate,strong candidate,0.6573
815727324,MrmappyINOF,brand,0.6574,0,0.0,0.9047619047619048,1.0,0.9047619047619048,0.8575154743989021,1.0,0.8575154743989021,0.9967743318432246,1.0,0.9967743318432246,0.9713147469121082,1.0,0.9713147469121082,0.9325916144790349,1,human,4,1,1,1,1,1,1,1,1,4,4,non-human,held-out candidate,strong candidate,0.6574
815733858,bonorwich,brand,0.6574,0,0.0,0.8287671232876712,1.0,0.8287671232876712,1.0,1.0,1.0,0.9978926627660272,1.0,0.9978926627660272,0.961242834455278,1.0,0.961242834455278,0.9469756551272441,1,human,4,1,1,1,1,1,1,1,1,4,4,non-human,held-out candidate,strong candidate,0.6574
815723206,ChayseFox,brand,0.6577,0,0.0,0.9457364341085271,1.0,0.9457364341085271,0.9583073102709043,1.0,0.9583073102709043,0.9999987635095564,1.0,0.9999987635095564,0.9988377056550534,1.0,0.9988377056550534,0.9757200533860104,1,human,4,1,1,1,1,1,1,1,1,4,4,non-human,held-out candidate,strong candidate,0.6577
815738604,crayoness,brand,0.6577,0,0.0,0.9608695652173913,1.0,0.9608695652173913,0.8658946725701925,1.0,0.8658946725701925,0.9994302872891815,1.0,0.9994302872891815,0.921540051305849,1.0,0.921540051305849,0.9369336440956536,1,human,4,1,1,1,1,1,1,1,1,4,4,non-human,held-out candidate,strong candidate,0.6577
815726930,sensualsehun,brand,0.6578,0,0.0,1.0,1.0,1.0,1.0,1.0,1.0,0.9999699259241112,1.0,0.9999699259241112,0.9954501012149015,1.0,0.9954501012149015,0.9988550067847533,1,human,4,1,1,1,1,1,1,1,1,4,4,non-human,held-out candidate,strong candidate,0.6578
815734181,monstracious,brand,0.6578,0,0.0,0.8287671232876712,1.0,0.8287671232876712,0.9525575093035847,1.0,0.9525575093035847,0.9990154706257182,1.0,0.9990154706257182,0.9754074075928284,1.0,0.9754074075928284,0.9389368777024507,1,human,4,1,1,1,1,1,1,1,1,4,4,non-human,held-out candidate,strong candidate,0.6578
815729597,CrimsonLCC,brand,0.658,0,0.0,0.9457364341085271,1.0,0.9457364341085271,0.9612137452363483,1.0,0.9612137452363483,0.9999994665091594,1.0,0.9999994665091594,0.9895728667535982,1.0,0.9895728667535982,0.9741306281519083,1,human,4,1,1,1,1,1,1,1,1,4,4,non-human,held-out candidate,strong candidate,0.658
815727413,combeferretxt,brand,0.6581,0,0.0,0.8287671232876712,1.0,0.8287671232876712,0.902778884480707,1.0,0.902778884480707,0.9999999909537713,1.0,0.9999999909537713,0.8926258058773275,1.0,0.8926258058773275,0.9060429511498693,1,human,4,1,1,1,1,1,1,1,1,4,4,non-human,held-out candidate,strong candidate,0.6581
815733002,SpinsterAndCat,brand,0.6581,0,0.0,0.9787878787878788,1.0,0.9787878787878788,0.9538105504345131,1.0,0.9538105504345131,0.998349413545114,1.0,0.998349413545114,0.9706653141455509,1.0,0.9706653141455509,0.9754032892282641,1,human,4,1,1,1,1,1,1,1,1,4,4,non-human,held-out candidate,strong candidate,0.6581
815730430,Fuegofandango,brand,0.6582,0,0.0,0.9608695652173913,1.0,0.9608695652173913,1.0,1.0,1.0,1.0,1.0,1.0,0.9766838260419008,1.0,0.9766838260419008,0.984388347814823,1,human,4,1,1,1,1,1,1,1,1,4,4,non-human,held-out candidate,strong candidate,0.6582
815723722,socialismical,brand,0.6585,0,0.0,0.9787878787878788,1.0,0.9787878787878788,0.8969795915083991,1.0,0.8969795915083991,1.0,1.0,1.0,0.9595042438383615,1.0,0.9595042438383615,0.9588179285336599,1,human,4,1,1,1,1,1,1,1,1,4,4,non-human,held-out candidate,strong candidate,0.6585
815739350,noonmohsharfi,brand,0.6585,0,0.0,1.0,1.0,1.0,0.8963457623545316,1.0,0.8963457623545316,0.9999999999996803,1.0,0.9999999999996803,0.9844988105704979,1.0,0.9844988105704979,0.9702111432311775,1,human,4,1,1,1,1,1,1,1,1,4,4,non-human,held-out candidate,strong candidate,0.6585
815727430,aceIucy,brand,0.6589,0,0.0,0.9897750511247444,1.0,0.9897750511247444,1.0,1.0,1.0,0.9999222420936713,1.0,0.9999222420936713,0.9861201005833453,1.0,0.9861201005833453,0.9939543484504402,1,human,4,1,1,1,1,1,1,1,1,4,4,non-human,held-out candidate,strong candidate,0.6589
815727895,_Turntway,brand,0.6589,0,0.0,0.9117647058823529,1.0,0.9117647058823529,0.8677625209534702,1.0,0.8677625209534702,0.9893424053427899,1.0,0.9893424053427899,0.972701053788607,1.0,0.972701053788607,0.935392671491805,1,human,4,1,1,1,1,1,1,1,1,4,4,non-human,held-out candidate,strong candidate,0.6589
815722030,NeilaK20,brand,0.6591,0,0.0,0.8936170212765957,1.0,0.8936170212765957,0.8604580977609178,1.0,0.8604580977609178,0.999661971830401,1.0,0.999661971830401,0.8640185661263502,1.0,0.8640185661263502,0.904438914248566,1,human,4,1,1,1,1,1,1,1,1,4,4,non-human,held-out candidate,strong candidate,0.6591
815729201,KazJester,brand,0.6591,0,0.0,0.9117647058823529,1.0,0.9117647058823529,0.908682461147844,1.0,0.908682461147844,0.9433285364435281,1.0,0.9433285364435281,0.9637766613468798,1.0,0.9637766613468798,0.9318880912051511,1,human,4,1,1,1,1,1,1,1,1,4,4,non-human,held-out candidate,strong candidate,0.6591
815726368,en_iyi_vine,brand,0.6595,0,0.0,0.8087431693989071,1.0,0.8087431693989071,0.9135091485423915,1.0,0.9135091485423915,0.8571933521345194,1.0,0.8571933521345194,0.9266933097358521,1.0,0.9266933097358521,0.8765347449529175,1,human,4,1,1,1,1,1,1,1,1,4,4,non-human,held-out candidate,strong candidate,0.6595
815735694,SWTvictim,brand,0.6597,0,0.0,0.9457364341085271,1.0,0.9457364341085271,0.9598866911645111,1.0,0.9598866911645111,0.9997646685029504,1.0,0.9997646685029504,0.985728651931408,1.0,0.985728651931408,0.9727791114268491,1,human,4,1,1,1,1,1,1,1,1,4,4,non-human,held-out candidate,strong candidate,0.6597
815727569,obsessivity,brand,0.6598,0,0.0,0.9457364341085271,1.0,0.9457364341085271,0.9536711396153972,1.0,0.9536711396153972,1.0,1.0,1.0,0.9840369367494131,1.0,0.9840369367494131,0.9708611276183343,1,human,4,1,1,1,1,1,1,1,1,4,4,non-human,held-out candidate,strong candidate,0.6598
815737867,bones_six7,brand,0.6598,0,0.0,1.0,1.0,1.0,1.0,1.0,1.0,0.9999999999999858,1.0,0.9999999999999858,0.9963022698891603,1.0,0.9963022698891603,0.9990755674722865,1,human,4,1,1,1,1,1,1,1,1,4,4,non-human,held-out candidate,strong candidate,0.6598
815727117,Hobie_Dog,brand,0.66,0,0.0,0.9339622641509434,1.0,0.9339622641509434,0.9502768265321606,1.0,0.9502768265321606,0.999999999999158,1.0,0.999999999999158,0.9487285356678128,1.0,0.9487285356678128,0.9582419065875187,1,human,4,1,1,1,1,1,1,1,1,4,4,non-human,held-out candidate,strong candidate,0.66
815732751,ChanceOneShot,brand,0.66,0,0.0,1.0,1.0,1.0,0.9564384212312732,1.0,0.9564384212312732,1.0,1.0,1.0,0.9852449146165116,1.0,0.9852449146165116,0.9854208339619462,1,human,4,1,1,1,1,1,1,1,1,4,4,non-human,held-out candidate,strong candidate,0.66
815731229,Dizzie_Dog,brand,0.6601,0,0.0,1.0,1.0,1.0,0.9514531107646942,1.0,0.9514531107646942,0.9659422514616779,1.0,0.9659422514616779,0.9785908904125962,1.0,0.9785908904125962,0.973996563159742,1,human,4,1,1,1,1,1,1,1,1,4,4,non-human,held-out candidate,strong candidate,0.6601
815721972,AMCx32,brand,0.6602,0,0.0,0.9457364341085271,1.0,0.9457364341085271,0.864388820118784,1.0,0.864388820118784,0.9999999999624016,1.0,0.9999999999624016,0.964656571774275,1.0,0.964656571774275,0.943695456490997,1,human,4,1,1,1,1,1,1,1,1,4,4,non-human,held-out candidate,strong candidate,0.6602
815723056,byediva,brand,0.6602,0,0.0,0.9897750511247444,1.0,0.9897750511247444,1.0,1.0,1.0,0.9999255542455708,1.0,0.9999255542455708,0.9995025256266153,1.0,0.9995025256266153,0.9973007827492326,1,human,4,1,1,1,1,1,1,1,1,4,4,non-human,held-out candidate,strong candidate,0.6602
815735282,darkIaws,brand,0.6602,0,0.0,0.9608695652173913,1.0,0.9608695652173913,0.9557878211871301,1.0,0.9557878211871301,0.9999850457274863,1.0,0.9999850457274863,0.9763535408394437,1.0,0.9763535408394437,0.973248993242863,1,human,4,1,1,1,1,1,1,1,1,4,4,non-human,held-out candidate,strong candidate,0.6602
815738012,r_wolfcastle,brand,0.6602,0,0.0,1.0,1.0,1.0,0.9057687039917234,1.0,0.9057687039917234,0.9999714357887616,1.0,0.9999714357887616,0.9751037218233253,1.0,0.9751037218233253,0.9702109654009525,1,human,4,1,1,1,1,1,1,1,1,4,4,non-human,held-out candidate,strong candidate,0.6602
815721107,TheDamnedReport,brand,0.6603,0,0.0,0.9457364341085271,1.0,0.9457364341085271,0.9072511230128286,1.0,0.9072511230128286,0.9998900581835858,1.0,0.9998900581835858,0.887717883198771,1.0,0.887717883198771,0.9351488746259281,1,human,4,1,1,1,1,1,1,1,1,4,4,non-human,held-out candidate,strong candidate,0.6603
815730116,skywlka22,brand,0.6603,0,0.0,0.932,1.0,0.932,1.0,1.0,1.0,0.9448444187850839,1.0,0.9448444187850839,0.9546163281593104,1.0,0.9546163281593104,0.9578651867360986,1,human,4,1,1,1,1,1,1,1,1,4,4,non-human,held-out candidate,strong candidate,0.6603
815725986,LibromusicaIES,brand,0.6607,0,0.0,1.0,1.0,1.0,0.8664764399408348,1.0,0.8664764399408348,1.0,1.0,1.0,0.9969486608808859,1.0,0.9969486608808859,0.9658562752054302,1,human,4,1,1,1,1,1,1,1,1,4,4,non-human,held-out candidate,strong candidate,0.6607
815726116,lonhro,brand,0.6609,0,0.0,1.0,1.0,1.0,0.9545160684323414,1.0,0.9545160684323414,0.9999999996935571,1.0,0.9999999996935571,0.9804377707286216,1.0,0.9804377707286216,0.98373845971363,1,human,4,1,1,1,1,1,1,1,1,4,4,non-human,held-out candidate,strong candidate,0.6609
815726921,shibeboy,brand,0.6609,0,0.0,0.971830985915493,1.0,0.971830985915493,0.8621965872560221,1.0,0.8621965872560221,0.9593258785396127,1.0,0.9593258785396127,0.894486718739479,1.0,0.894486718739479,0.9219600426126517,1,human,4,1,1,1,1,1,1,1,1,4,4,non-human,held-out candidate,strong candidate,0.6609
815722739,wwp,brand,0.661,0,0.0,0.971830985915493,1.0,0.971830985915493,0.8957626940203559,1.0,0.8957626940203559,0.9852772104772142,1.0,0.9852772104772142,0.8491863504221852,1.0,0.8491863504221852,0.925514310208812,1,human,4,1,1,1,1,1,1,1,1,4,4,non-human,held-out candidate,strong candidate,0.661
815733356,baekcult,brand,0.6611,0,0.0,0.9333333333333333,1.0,0.9333333333333333,0.8788009783647938,1.0,0.8788009783647938,0.9964629356055439,1.0,0.9964629356055439,0.9539118338884878,1.0,0.9539118338884878,0.9406272702980397,1,human,4,1,1,1,1,1,1,1,1,4,4,non-human,held-out candidate,strong candidate,0.6611
815720107,RidgeWorld,brand,0.6612,0,0.0,0.8734177215189873,1.0,0.8734177215189873,0.9550138730654671,1.0,0.9550138730654671,0.9999999999997371,1.0,0.9999999999997371,0.9643648324700863,1.0,0.9643648324700863,0.9481991067635696,1,human,4,1,1,1,1,1,1,1,1,4,4,non-human,held-out candidate,strong candidate,0.6612
815722995,C_S__,brand,0.6613,0,0.0,1.0,1.0,1.0,0.9514113914035891,1.0,0.9514113914035891,0.9332599938717938,1.0,0.9332599938717938,0.8757026244796411,1.0,0.8757026244796411,0.940093502438756,1,human,4,1,1,1,1,1,1,1,1,4,4,non-human,held-out candidate,strong candidate,0.6613
815732901,SLightmaree,brand,0.6614,0,0.0,0.8287671232876712,1.0,0.8287671232876712,0.9625340654339439,1.0,0.9625340654339439,0.9972754781500728,1.0,0.9972754781500728,0.9364591879710659,1.0,0.9364591879710659,0.9312589637106884,1,human,4,1,1,1,1,1,1,1,1,4,4,non-human,held-out candidate,strong candidate,0.6614
815732178,dariancordova,brand,0.6615,0,0.0,0.9608695652173913,1.0,0.9608695652173913,0.9391409509523495,1.0,0.9391409509523495,0.9986622065082864,1.0,0.9986622065082864,0.9990217640208847,1.0,0.9990217640208847,0.974423621674728,1,human,4,1,1,1,1,1,1,1,1,4,4,non-human,held-out candidate,strong candidate,0.6615
815728390,PixelSSB,brand,0.6616,0,0.0,1.0,1.0,1.0,0.8679939801507555,1.0,0.8679939801507555,0.9997560793852988,1.0,0.9997560793852988,0.9669544523623909,1.0,0.9669544523623909,0.9586761279746113,1,human,4,1,1,1,1,1,1,1,1,4,4,non-human,held-out candidate,strong candidate,0.6616
815733245,RhinosKiss,brand,0.6617,0,0.0,0.9457364341085271,1.0,0.9457364341085271,1.0,1.0,1.0,0.9976128773476135,1.0,0.9976128773476135,0.9965694867235647,1.0,0.9965694867235647,0.9849796995449263,1,human,4,1,1,1,1,1,1,1,1,4,4,non-human,held-out candidate,strong candidate,0.6617
815733770,nyaneyan,brand,0.6617,0,0.0,0.9117647058823529,1.0,0.9117647058823529,0.8891671298611759,1.0,0.8891671298611759,1.0,1.0,1.0,0.9876760691176669,1.0,0.9876760691176669,0.9471519762152989,1,human,4,1,1,1,1,1,1,1,1,4,4,non-human,held-out candidate,strong candidate,0.6617
815722730,naegisnaegi,brand,0.6618,0,0.0,1.0,1.0,1.0,1.0,1.0,1.0,0.9993090715147263,1.0,0.9993090715147263,0.9991812695224388,1.0,0.9991812695224388,0.9996225852592913,1,human,4,1,1,1,1,1,1,1,1,4,4,non-human,held-out candidate,strong candidate,0.6618
815721663,jjgold38,brand,0.6619,0,0.0,0.9608695652173913,1.0,0.9608695652173913,0.9578761246090076,1.0,0.9578761246090076,0.985983865235751,1.0,0.985983865235751,0.908005153889799,1.0,0.908005153889799,0.9531836772379872,1,human,4,1,1,1,1,1,1,1,1,4,4,non-human,held-out candidate,strong candidate,0.6619
815724331,Zachs_A_Million,brand,0.6619,0,0.0,0.8287671232876712,1.0,0.8287671232876712,0.8722167986056125,1.0,0.8722167986056125,0.9495175523395124,1.0,0.9495175523395124,0.9190957286437963,1.0,0.9190957286437963,0.8923993007191482,1,human,4,1,1,1,1,1,1,1,1,4,4,non-human,held-out candidate,strong candidate,0.6619
815724385,afscot,brand,0.6619,0,0.0,0.9897750511247444,1.0,0.9897750511247444,0.9560761909996389,1.0,0.9560761909996389,0.8391979595524417,1.0,0.8391979595524417,0.979242031073404,1.0,0.979242031073404,0.9410728081875573,1,human,4,1,1,1,1,1,1,1,1,4,4,non-human,held-out candidate,strong candidate,0.6619
815725162,WTF301071,brand,0.6619,0,0.0,1.0,1.0,1.0,1.0,1.0,1.0,0.9581342886256271,1.0,0.9581342886256271,0.9682435181992478,1.0,0.9682435181992478,0.9815944517062187,1,human,4,1,1,1,1,1,1,1,1,4,4,non-human,held-out candidate,strong candidate,0.6619
815731889,311guy,brand,0.6619,0,0.0,0.9047619047619048,1.0,0.9047619047619048,0.8630780960449697,1.0,0.8630780960449697,0.9999999999863718,1.0,0.9999999999863718,0.9501930975474259,1.0,0.9501930975474259,0.9295082745851679,1,human,4,1,1,1,1,1,1,1,1,4,4,non-human,held-out candidate,strong candidate,0.6619
815720822,WorcsFaithful,brand,0.6621,0,0.0,0.9307692307692308,1.0,0.9307692307692308,1.0,1.0,1.0,0.8268217073386539,1.0,0.8268217073386539,0.9900822953238533,1.0,0.9900822953238533,0.9369183083579344,1,human,4,1,1,1,1,1,1,1,1,4,4,non-human,held-out candidate,strong candidate,0.6621
815735461,CoolwhipSpecial,brand,0.6622,0,0.0,0.9457364341085271,1.0,0.9457364341085271,0.8764001879451055,1.0,0.8764001879451055,0.9813873964666034,1.0,0.9813873964666034,0.9525750186117232,1.0,0.9525750186117232,0.9390247592829898,1,human,4,1,1,1,1,1,1,1,1,4,4,non-human,held-out candidate,strong candidate,0.6622
815723265,AstroAthene,brand,0.6625,0,0.0,0.8287671232876712,1.0,0.8287671232876712,0.9595999853918495,1.0,0.9595999853918495,0.9230029540580793,1.0,0.9230029540580793,0.8923495180214116,1.0,0.8923495180214116,0.9009298951897529,1,human,4,1,1,1,1,1,1,1,1,4,4,non-human,held-out candidate,strong candidate,0.6625
815731688,MBieber_Smith,brand,0.6627,0,0.0,1.0,1.0,1.0,1.0,1.0,1.0,1.0,1.0,1.0,0.9998453723696887,1.0,0.9998453723696887,0.9999613430924221,1,human,4,1,1,1,1,1,1,1,1,4,4,non-human,held-out candidate,strong candidate,0.6627
815733698,takua343,brand,0.6631,0,0.0,1.0,1.0,1.0,1.0,1.0,1.0,0.9995783650093981,1.0,0.9995783650093981,0.9872238953795269,1.0,0.9872238953795269,0.9967005650972314,1,human,4,1,1,1,1,1,1,1,1,4,4,non-human,held-out candidate,strong candidate,0.6631
815719581,IgniteMeRiRi,brand,0.6634,0,0.0,1.0,1.0,1.0,1.0,1.0,1.0,1.0,1.0,1.0,0.9831622590069745,1.0,0.9831622590069745,0.9957905647517437,1,human,4,1,1,1,1,1,1,1,1,4,4,non-human,held-out candidate,strong candidate,0.6634
815734410,gaiages,brand,0.6634,0,0.0,0.9608695652173913,1.0,0.9608695652173913,0.879054380783572,1.0,0.879054380783572,0.9980167354289571,1.0,0.9980167354289571,0.8997544353413374,1.0,0.8997544353413374,0.9344237791928144,1,human,4,1,1,1,1,1,1,1,1,4,4,non-human,held-out candidate,strong candidate,0.6634
815726253,Lucius_C_Sulla,brand,0.6636,0,0.0,0.932,1.0,0.932,0.9550709444440496,1.0,0.9550709444440496,0.9929706103515669,1.0,0.9929706103515669,0.8986493959487754,1.0,0.8986493959487754,0.9446727376860979,1,human,4,1,1,1,1,1,1,1,1,4,4,non-human,held-out candidate,strong candidate,0.6636
815723335,tasteofassam,brand,0.6638,0,0.0,1.0,1.0,1.0,0.9525338748361462,1.0,0.9525338748361462,0.9395535584281425,1.0,0.9395535584281425,0.8388959727619851,1.0,0.8388959727619851,0.9327458515065684,1,human,4,1,1,1,1,1,1,1,1,4,4,non-human,held-out candidate,strong candidate,0.6638
815731009,GMShivers,brand,0.6638,0,0.0,1.0,1.0,1.0,0.863953765800955,1.0,0.863953765800955,0.9999993745614371,1.0,0.9999993745614371,0.9816067048481202,1.0,0.9816067048481202,0.9613899613026281,1,human,4,1,1,1,1,1,1,1,1,4,4,non-human,held-out candidate,strong candidate,0.6638
815737028,beastcoastlyfe,brand,0.6638,0,0.0,1.0,1.0,1.0,1.0,1.0,1.0,0.9999999999999947,1.0,0.9999999999999947,0.956444068423323,1.0,0.956444068423323,0.9891110171058294,1,human,4,1,1,1,1,1,1,1,1,4,4,non-human,held-out candidate,strong candidate,0.6638
815724358,JesTr0n,brand,0.6639,0,0.0,0.9608695652173913,1.0,0.9608695652173913,1.0,1.0,1.0,0.9999708844566249,1.0,0.9999708844566249,0.9965410681372564,1.0,0.9965410681372564,0.9893453794528182,1,human,4,1,1,1,1,1,1,1,1,4,4,non-human,held-out candidate,strong candidate,0.6639
815730595,SunshineGal24,brand,0.664,0,0.0,0.9307692307692308,1.0,0.9307692307692308,0.9580384168280243,1.0,0.9580384168280243,0.8018771101738327,1.0,0.8018771101738327,0.9677403324412175,1.0,0.9677403324412175,0.9146062725530764,1,human,4,1,1,1,1,1,1,1,1,4,4,non-human,held-out candidate,strong candidate,0.664
815731646,bellezzavitale,brand,0.664,0,0.0,0.9333333333333333,1.0,0.9333333333333333,0.8445777512123958,1.0,0.8445777512123958,0.9974418198406803,1.0,0.9974418198406803,0.8907217259463615,1.0,0.8907217259463615,0.9165186575831926,1,human,4,1,1,1,1,1,1,1,1,4,4,non-human,held-out candidate,strong candidate,0.664
815725263,lojikil,brand,0.6641,0,0.0,0.8734177215189873,1.0,0.8734177215189873,0.9520985442364717,1.0,0.9520985442364717,0.9980436779475412,1.0,0.9980436779475412,0.8909610104307698,1.0,0.8909610104307698,0.9286302385334425,1,human,4,1,1,1,1,1,1,1,1,4,4,non-human,held-out candidate,strong candidate,0.6641
815729067,O8qKkYKnWa7YP3O,female,0.6641,0,1.0,0.0,0.0,1.0,0.04671452632422977,0.0,0.9532854736757702,1.3076807774413931e-73,0.0,1.0,0.017156060607289546,0.0,0.9828439393927104,0.01596764673287983,0,non-human,4,1,1,1,1,1,1,1,1,4,4,human,held-out candidate,strong candidate,0.6641
815735138,FrostyBear21,brand,0.6641,0,0.0,0.9457364341085271,1.0,0.9457364341085271,0.9550446140238916,1.0,0.9550446140238916,0.9995102605412776,1.0,0.9995102605412776,0.9730264649154338,1.0,0.9730264649154338,0.9683294433972826,1,human,4,1,1,1,1,1,1,1,1,4,4,non-human,held-out candidate,strong candidate,0.6641
815722929,fosteravepro,brand,0.6642,0,0.0,0.9608695652173913,1.0,0.9608695652173913,0.9463338328929664,1.0,0.9463338328929664,0.9999977811653866,1.0,0.9999977811653866,0.8204765990913352,1.0,0.8204765990913352,0.9319194445917698,1,human,4,1,1,1,1,1,1,1,1,4,4,non-human,held-out candidate,strong candidate,0.6642
815727725,tomlinflows,brand,0.6643,0,0.0,0.9457364341085271,1.0,0.9457364341085271,0.9032944019300455,1.0,0.9032944019300455,1.0,1.0,1.0,0.994484296899549,1.0,0.994484296899549,0.9608787832345304,1,human,4,1,1,1,1,1,1,1,1,4,4,non-human,held-out candidate,strong candidate,0.6643
815730322,TrueLies6,brand,0.6643,0,0.0,0.9787878787878788,1.0,0.9787878787878788,0.9531664375198626,1.0,0.9531664375198626,0.9371851254916316,1.0,0.9371851254916316,0.9688610549133762,1.0,0.9688610549133762,0.9595001241781873,1,human,4,1,1,1,1,1,1,1,1,4,4,non-human,held-out candidate,strong candidate,0.6643
815735284,aoyager,brand,0.6646,0,0.0,0.8287671232876712,1.0,0.8287671232876712,1.0,1.0,1.0,0.9888224403302004,1.0,0.9888224403302004,0.9251210250337621,1.0,0.9251210250337621,0.9356776471629084,1,human,4,1,1,1,1,1,1,1,1,4,4,non-human,held-out candidate,strong candidate,0.6646
815719992,Heefosaurus,brand,0.6649,0,0.0,1.0,1.0,1.0,0.9141515774292449,1.0,0.9141515774292449,0.9998870403649768,1.0,0.9998870403649768,0.9139222886325888,1.0,0.9139222886325888,0.9569902266067026,1,human,4,1,1,1,1,1,1,1,1,4,4,non-human,held-out candidate,strong candidate,0.6649
815735329,xIamDeath,brand,0.665,0,0.0,0.9457364341085271,1.0,0.9457364341085271,0.9154218066169291,1.0,0.9154218066169291,0.8331500041129921,1.0,0.8331500041129921,0.9754505074289391,1.0,0.9754505074289391,0.9174396880668468,1,human,4,1,1,1,1,1,1,1,1,4,4,non-human,held-out candidate,strong candidate,0.665
815739270,_boog1,brand,0.6653,0,0.0,0.8287671232876712,1.0,0.8287671232876712,1.0,1.0,1.0,1.0,1.0,1.0,0.9951950727431179,1.0,0.9951950727431179,0.9559905490076973,1,human,4,1,1,1,1,1,1,1,1,4,4,non-human,held-out candidate,strong candidate,0.6653
815731290,turnertech_carl,brand,0.6654,0,0.0,0.96875,1.0,0.96875,0.9625665388303957,1.0,0.9625665388303957,0.9762068528644745,1.0,0.9762068528644745,0.9240152066668804,1.0,0.9240152066668804,0.9578846495904376,1,human,4,1,1,1,1,1,1,1,1,4,4,non-human,held-out candidate,strong candidate,0.6654
815719997,AudreyEnjoyLife,brand,0.6655,0,0.0,0.8636363636363636,1.0,0.8636363636363636,0.9511746409120921,1.0,0.9511746409120921,0.985174948449754,1.0,0.985174948449754,0.9415604290172417,1.0,0.9415604290172417,0.9353865955038628,1,human,4,1,1,1,1,1,1,1,1,4,4,non-human,held-out candidate,strong candidate,0.6655
815721246,jadespr1te,brand,0.6655,0,0.0,1.0,1.0,1.0,0.9571389884728844,1.0,0.9571389884728844,0.9999989892880762,1.0,0.9999989892880762,0.9826794569577286,1.0,0.9826794569577286,0.9849543586796723,1,human,4,1,1,1,1,1,1,1,1,4,4,non-human,held-out candidate,strong candidate,0.6655
815722743,iamtwine,brand,0.6656,0,0.0,0.8734177215189873,1.0,0.8734177215189873,0.9114723638215956,1.0,0.9114723638215956,1.0,1.0,1.0,0.9452235235507153,1.0,0.9452235235507153,0.9325284022228245,1,human,4,1,1,1,1,1,1,1,1,4,4,non-human,held-out candidate,strong candidate,0.6656
815724033,ssnaqi,brand,0.6656,0,0.0,0.9117647058823529,1.0,0.9117647058823529,1.0,1.0,1.0,0.9999936744334665,1.0,0.9999936744334665,0.9278351618801172,1.0,0.9278351618801172,0.9598983855489842,1,human,4,1,1,1,1,1,1,1,1,4,4,non-human,held-out candidate,strong candidate,0.6656
815728787,YouareParsons,brand,0.6656,0,0.0,0.9457364341085271,1.0,0.9457364341085271,0.9533599428749674,1.0,0.9533599428749674,0.9885885905448534,1.0,0.9885885905448534,0.9765250175206809,1.0,0.9765250175206809,0.9660524962622572,1,human,4,1,1,1,1,1,1,1,1,4,4,non-human,held-out candidate,strong candidate,0.6656
815728295,superwomanchick,brand,0.6658,0,0.0,0.9457364341085271,1.0,0.9457364341085271,1.0,1.0,1.0,0.9963582877083471,1.0,0.9963582877083471,0.9861017961999765,1.0,0.9861017961999765,0.9820491295042126,1,human,4,1,1,1,1,1,1,1,1,4,4,non-human,held-out candidate,strong candidate,0.6658
815723329,SketchMasterMJH,brand,0.6659,0,0.0,1.0,1.0,1.0,0.9530129223340413,1.0,0.9530129223340413,0.9994281676807493,1.0,0.9994281676807493,0.9874323226658449,1.0,0.9874323226658449,0.9849683531701589,1,human,4,1,1,1,1,1,1,1,1,4,4,non-human,held-out candidate,strong candidate,0.6659
815729158,Nico_boi,brand,0.666,0,0.0,1.0,1.0,1.0,0.9093742825145822,1.0,0.9093742825145822,0.999800855274756,1.0,0.999800855274756,0.9810301014060746,1.0,0.9810301014060746,0.9725513097988532,1,human,4,1,1,1,1,1,1,1,1,4,4,non-human,held-out candidate,strong candidate,0.666
815719315,anneaviel,brand,0.6661,0,0.0,0.932,1.0,0.932,0.8202757718378693,1.0,0.8202757718378693,0.9396165766685579,1.0,0.9396165766685579,0.9484073408331865,1.0,0.9484073408331865,0.9100749223349034,1,human,4,1,1,1,1,1,1,1,1,4,4,non-human,held-out candidate,strong candidate,0.6661
815739402,KINGPOM_FUCKYOU,brand,0.6661,0,0.0,1.0,1.0,1.0,0.9098682734556012,1.0,0.9098682734556012,0.974350877689035,1.0,0.974350877689035,0.9828331479014148,1.0,0.9828331479014148,0.9667630747615128,1,human,4,1,1,1,1,1,1,1,1,4,4,non-human,held-out candidate,strong candidate,0.6661
815724161,hecavanagh,brand,0.6663,0,0.0,0.8734177215189873,1.0,0.8734177215189873,0.9060306428688077,1.0,0.9060306428688077,1.0,1.0,1.0,0.8904865794652951,1.0,0.8904865794652951,0.9174837359632725,1,human,4,1,1,1,1,1,1,1,1,4,4,non-human,held-out candidate,strong candidate,0.6663
815731973,StevesUsername,brand,0.6664,0,0.0,0.9457364341085271,1.0,0.9457364341085271,0.8227906297356165,1.0,0.8227906297356165,0.9999999855690724,1.0,0.9999999855690724,0.916972623736446,1.0,0.916972623736446,0.9213749182874155,1,human,4,1,1,1,1,1,1,1,1,4,4,non-human,held-out candidate,strong candidate,0.6664
815723702,Fendrake,brand,0.6665,0,0.0,1.0,1.0,1.0,0.9517808162248502,1.0,0.9517808162248502,0.9999999993635598,1.0,0.9999999993635598,0.9729321919297454,1.0,0.9729321919297454,0.9811782518795389,1,human,4,1,1,1,1,1,1,1,1,4,4,non-human,held-out candidate,strong candidate,0.6665
815735292,19jim47,brand,0.6665,0,0.0,0.8,1.0,0.8,1.0,1.0,1.0,0.9999999999999183,1.0,0.9999999999999183,0.9891626111174331,1.0,0.9891626111174331,0.9472906527793378,1,human,4,1,1,1,1,1,1,1,1,4,4,non-human,held-out candidate,strong candidate,0.6665
815719253,the_offical_ios,brand,0.6667,0,0.0,1.0,1.0,1.0,0.8196897552964181,1.0,0.8196897552964181,0.9999171172660095,1.0,0.9999171172660095,0.822127304029434,1.0,0.822127304029434,0.9104335441479655,1,human,4,1,1,1,1,1,1,1,1,4,4,non-human,held-out candidate,strong candidate,0.6667
815739043,AsahSkye,brand,0.6667,0,0.0,0.9117647058823529,1.0,0.9117647058823529,0.8090817326838886,1.0,0.8090817326838886,0.9999808000245558,1.0,0.9999808000245558,0.9021317610282935,1.0,0.9021317610282935,0.9057397499047727,1,human,4,1,1,1,1,1,1,1,1,4,4,non-human,held-out candidate,strong candidate,0.6667
815729776,ssquala,brand,0.6669,0,0.0,0.932,1.0,0.932,0.911802197991181,1.0,0.911802197991181,0.9743807873128992,1.0,0.9743807873128992,0.8467173011017256,1.0,0.8467173011017256,0.9162250716014515,1,human,4,1,1,1,1,1,1,1,1,4,4,non-human,held-out candidate,strong candidate,0.6669
815719321,Marit433,brand,0.667,0,0.0,0.8392857142857143,1.0,0.8392857142857143,0.9557811448684407,1.0,0.9557811448684407,0.9999999984399892,1.0,0.9999999984399892,0.8301372010640994,1.0,0.8301372010640994,0.9063010146645609,1,human,4,1,1,1,1,1,1,1,1,4,4,non-human,held-out candidate,strong candidate,0.667
815719776,Rampantredlion1,brand,0.6672,0,0.0,1.0,1.0,1.0,1.0,1.0,1.0,0.9978856753073644,1.0,0.9978856753073644,0.9859946392206375,1.0,0.9859946392206375,0.9959700786320005,1,human,4,1,1,1,1,1,1,1,1,4,4,non-human,held-out candidate,strong candidate,0.6672
815719949,GirlOnUtd,brand,0.6672,0,0.0,0.9608695652173913,1.0,0.9608695652173913,0.8712042335989388,1.0,0.8712042335989388,0.9978350851757959,1.0,0.9978350851757959,0.9739604645008968,1.0,0.9739604645008968,0.9509673371232558,1,human,4,1,1,1,1,1,1,1,1,4,4,non-human,held-out candidate,strong candidate,0.6672
815723827,Dewhz,brand,0.6672,0,0.0,0.8287671232876712,1.0,0.8287671232876712,0.905317164650937,1.0,0.905317164650937,0.9998683885400228,1.0,0.9998683885400228,0.8896065016110314,1.0,0.8896065016110314,0.9058897945224156,1,human,4,1,1,1,1,1,1,1,1,4,4,non-human,held-out candidate,strong candidate,0.6672
815732398,613Linkshot,brand,0.6672,0,0.0,0.8287671232876712,1.0,0.8287671232876712,1.0,1.0,1.0,0.9946913294237317,1.0,0.9946913294237317,0.9533805294061595,1.0,0.9533805294061595,0.9442097455293906,1,human,4,1,1,1,1,1,1,1,1,4,4,non-human,held-out candidate,strong candidate,0.6672
815728098,Hollyoakslover3,brand,0.6674,0,0.0,0.9333333333333333,1.0,0.9333333333333333,0.9509261241434794,1.0,0.9509261241434794,0.9973272001528928,1.0,0.9973272001528928,0.9756345924556495,1.0,0.9756345924556495,0.9643053125213388,1,human,4,1,1,1,1,1,1,1,1,4,4,non-human,held-out candidate,strong candidate,0.6674
815739202,KidrauhllNey,brand,0.6674,0,0.0,0.96875,1.0,0.96875,0.8419707245613505,1.0,0.8419707245613505,0.9999999999999698,1.0,0.9999999999999698,0.9827828263815357,1.0,0.9827828263815357,0.948375887735714,1,human,4,1,1,1,1,1,1,1,1,4,4,non-human,held-out candidate,strong candidate,0.6674
815734451,KrazzyTracy,brand,0.6676,0,0.0,0.9787878787878788,1.0,0.9787878787878788,0.9548812629377795,1.0,0.9548812629377795,0.9977501646801501,1.0,0.9977501646801501,0.9730682165459535,1.0,0.9730682165459535,0.9761218807379405,1,human,4,1,1,1,1,1,1,1,1,4,4,non-human,held-out candidate,strong candidate,0.6676
815720041,dazM33,brand,0.6678,0,0.0,1.0,1.0,1.0,1.0,1.0,1.0,1.0,1.0,1.0,0.9956127861737645,1.0,0.9956127861737645,0.9989031965434412,1,human,4,1,1,1,1,1,1,1,1,4,4,non-human,held-out candidate,strong candidate,0.6678
815720228,bearaboi,brand,0.6678,1,0.0,0.9457364341085271,1.0,0.9457364341085271,1.0,1.0,1.0,0.9813744858973265,1.0,0.9813744858973265,0.9733254302755863,1.0,0.9733254302755863,0.97510908757036,1,human,4,1,1,1,1,1,1,1,1,4,4,non-human,held-out candidate,strong candidate,0.6678
815733298,BardockIRL,brand,0.6678,0,0.0,1.0,1.0,1.0,1.0,1.0,1.0,0.999985545823018,1.0,0.999985545823018,0.9863506402467028,1.0,0.9863506402467028,0.9965840465174303,1,human,4,1,1,1,1,1,1,1,1,4,4,non-human,held-out candidate,strong candidate,0.6678
815721732,the_dirty_ho,brand,0.6679,0,0.0,1.0,1.0,1.0,1.0,1.0,1.0,0.9961251908229419,1.0,0.9961251908229419,0.9802259618045405,1.0,0.9802259618045405,0.9940877881568706,1,human,4,1,1,1,1,1,1,1,1,4,4,non-human,held-out candidate,strong candidate,0.6679
815735767,catholic_nun,brand,0.6681,0,0.0,0.9787878787878788,1.0,0.9787878787878788,1.0,1.0,1.0,0.999995570404275,1.0,0.999995570404275,0.987382823220008,1.0,0.987382823220008,0.9915415681030404,1,human,4,1,1,1,1,1,1,1,1,4,4,non-human,held-out candidate,strong candidate,0.6681
815722078,pseudojustin,brand,0.6682,0,0.0,0.9457364341085271,1.0,0.9457364341085271,1.0,1.0,1.0,0.9976674711956105,1.0,0.9976674711956105,0.9941129125662429,1.0,0.9941129125662429,0.9843792044675951,1,human,4,1,1,1,1,1,1,1,1,4,4,non-human,held-out candidate,strong candidate,0.6682
815727291,iglvzx_ebooks,brand,0.6682,0,0.0,1.0,1.0,1.0,0.868731573122725,1.0,0.868731573122725,0.9132566307892804,1.0,0.9132566307892804,0.9489505804333732,1.0,0.9489505804333732,0.9327346960863447,1,human,4,1,1,1,1,1,1,1,1,4,4,non-human,held-out candidate,strong candidate,0.6682
815733716,SuicideBiscuits,brand,0.6683,1,0.0,0.9608695652173913,1.0,0.9608695652173913,1.0,1.0,1.0,0.9945930103787626,1.0,0.9945930103787626,0.9263759081820425,1.0,0.9263759081820425,0.9704596209445491,1,human,4,1,1,1,1,1,1,1,1,4,4,non-human,held-out candidate,strong candidate,0.6683
815734519,RyProductions_,brand,0.6684,0,0.0,0.9457364341085271,1.0,0.9457364341085271,0.8399460293391434,1.0,0.8399460293391434,0.9999970400808708,1.0,0.9999970400808708,0.9429019942119182,1.0,0.9429019942119182,0.9321453744351148,1,human,4,1,1,1,1,1,1,1,1,4,4,non-human,held-out candidate,strong candidate,0.6684
815721400,gokotai_eng,brand,0.6685,0,0.0,0.8636363636363636,1.0,0.8636363636363636,0.9102331584947493,1.0,0.9102331584947493,0.9986138151157427,1.0,0.9986138151157427,0.8699541746172541,1.0,0.8699541746172541,0.9106093779660274,1,human,4,1,1,1,1,1,1,1,1,4,4,non-human,held-out candidate,strong candidate,0.6685
815731121,nevertooo1D,brand,0.6685,0,0.0,1.0,1.0,1.0,1.0,1.0,1.0,1.0,1.0,1.0,0.991490752814683,1.0,0.991490752814683,0.9978726882036708,1,human,4,1,1,1,1,1,1,1,1,4,4,non-human,held-out candidate,strong candidate,0.6685
815738205,healfranta,brand,0.6685,0,0.0,1.0,1.0,1.0,0.9585753434479581,1.0,0.9585753434479581,1.0,1.0,1.0,0.9980355194714738,1.0,0.9980355194714738,0.9891527157298581,1,human,4,1,1,1,1,1,1,1,1,4,4,non-human,held-out candidate,strong candidate,0.6685
815738807,94charminglouis,brand,0.6686,0,0.0,0.9117647058823529,1.0,0.9117647058823529,1.0,1.0,1.0,0.9999999092243824,1.0,0.9999999092243824,0.9807966182106759,1.0,0.9807966182106759,0.9731403083293527,1,human,4,1,1,1,1,1,1,1,1,4,4,non-human,held-out candidate,strong candidate,0.6686
815727974,jljaina,brand,0.6688,0,0.0,0.9457364341085271,1.0,0.9457364341085271,0.9491064769448879,1.0,0.9491064769448879,0.987329395421605,1.0,0.987329395421605,0.9792467148677025,1.0,0.9792467148677025,0.9653547553356807,1,human,4,1,1,1,1,1,1,1,1,4,4,non-human,held-out candidate,strong candidate,0.6688
815729137,VerseUniverse,brand,0.6688,0,0.0,1.0,1.0,1.0,0.9134264060379261,1.0,0.9134264060379261,0.8699888072619998,1.0,0.8699888072619998,0.9963142708204764,1.0,0.9963142708204764,0.9449323710301005,1,human,4,1,1,1,1,1,1,1,1,4,4,non-human,held-out candidate,strong candidate,0.6688
815737490,themapdallas,brand,0.6688,0,0.0,1.0,1.0,1.0,0.8554625655265715,1.0,0.8554625655265715,0.8760308630703849,1.0,0.8760308630703849,0.9771608556319661,1.0,0.9771608556319661,0.9271635710572307,1,human,4,1,1,1,1,1,1,1,1,4,4,non-human,held-out candidate,strong candidate,0.6688
815738632,irishgoespop,brand,0.6688,0,0.0,1.0,1.0,1.0,1.0,1.0,1.0,1.0,1.0,1.0,0.9997175785422456,1.0,0.9997175785422456,0.9999293946355614,1,human,4,1,1,1,1,1,1,1,1,4,4,non-human,held-out candidate,strong candidate,0.6688
815733013,kaneki_txt,brand,0.669,0,0.0,1.0,1.0,1.0,1.0,1.0,1.0,1.0,1.0,1.0,0.9900909878938401,1.0,0.9900909878938401,0.99752274697346,1,human,4,1,1,1,1,1,1,1,1,4,4,non-human,held-out candidate,strong candidate,0.669
815720053,ChelseaWrenArt,brand,0.6691,0,0.0,1.0,1.0,1.0,1.0,1.0,1.0,0.9999705405370539,1.0,0.9999705405370539,0.9930033101644489,1.0,0.9930033101644489,0.9982434626753758,1,human,4,1,1,1,1,1,1,1,1,4,4,non-human,held-out candidate,strong candidate,0.6691
815721286,phenokage,brand,0.6691,0,0.0,0.9457364341085271,1.0,0.9457364341085271,0.9544536464631126,1.0,0.9544536464631126,0.997684307309041,1.0,0.997684307309041,0.9929038281180579,1.0,0.9929038281180579,0.9726945539996846,1,human,4,1,1,1,1,1,1,1,1,4,4,non-human,held-out candidate,strong candidate,0.6691
815721726,labelsforlunch,brand,0.6694,0,0.0,0.9608695652173913,1.0,0.9608695652173913,1.0,1.0,1.0,1.0,1.0,1.0,0.9989696860807701,1.0,0.9989696860807701,0.9899598128245404,1,human,4,1,1,1,1,1,1,1,1,4,4,non-human,held-out candidate,strong candidate,0.6694
815738686,CandidoDhess,brand,0.6698,0,0.0,1.0,1.0,1.0,0.948666892302393,1.0,0.948666892302393,0.9992409839553721,1.0,0.9992409839553721,0.9790051138059473,1.0,0.9790051138059473,0.9817282475159281,1,human,4,1,1,1,1,1,1,1,1,4,4,non-human,held-out candidate,strong candidate,0.6698
815722399,ItsHumanity,brand,0.6699,0,0.0,0.9608695652173913,1.0,0.9608695652173913,0.8438293789095698,1.0,0.8438293789095698,0.9999999999963336,1.0,0.9999999999963336,0.8445702623280673,1.0,0.8445702623280673,0.9123173016128405,1,human,4,1,1,1,1,1,1,1,1,4,4,non-human,held-out candidate,strong candidate,0.6699
815732360,SoftballConnect,brand,0.6699,0,0.0,1.0,1.0,1.0,1.0,1.0,1.0,0.999281451392343,1.0,0.999281451392343,0.9682393343787592,1.0,0.9682393343787592,0.9918801964427755,1,human,4,1,1,1,1,1,1,1,1,4,4,non-human,held-out candidate,strong candidate,0.6699
815730536,TedTerrier,brand,0.6701,0,0.0,1.0,1.0,1.0,0.8521864811369552,1.0,0.8521864811369552,0.9984650528337834,1.0,0.9984650528337834,0.9559985526291646,1.0,0.9559985526291646,0.9516625216499759,1,human,4,1,1,1,1,1,1,1,1,4,4,non-human,held-out candidate,strong candidate,0.6701
815735364,Einherion,brand,0.6703,0,0.0,0.9457364341085271,1.0,0.9457364341085271,1.0,1.0,1.0,0.8221465064419556,1.0,0.8221465064419556,0.9918268038128221,1.0,0.9918268038128221,0.9399274360908262,1,human,4,1,1,1,1,1,1,1,1,4,4,non-human,held-out candidate,strong candidate,0.6703
815735856,swiftie13_1999,brand,0.6704,0,0.0,0.8,1.0,0.8,0.9554160651256705,1.0,0.9554160651256705,0.8197257599236768,1.0,0.8197257599236768,0.9409442009029262,1.0,0.9409442009029262,0.8790215064880684,1,human,4,1,1,1,1,1,1,1,1,4,4,non-human,held-out candidate,strong candidate,0.6704
815727109,loookapanda,brand,0.6705,0,0.0,0.9897750511247444,1.0,0.9897750511247444,0.9413212461343643,1.0,0.9413212461343643,0.9866948878679361,1.0,0.9866948878679361,0.9632023200604443,1.0,0.9632023200604443,0.9702483762968722,1,human,4,1,1,1,1,1,1,1,1,4,4,non-human,held-out candidate,strong candidate,0.6705
815730109,wahaha1222,brand,0.6706,0,0.0,0.9457364341085271,1.0,0.9457364341085271,0.8619636242221952,1.0,0.8619636242221952,0.9379875423220368,1.0,0.9379875423220368,0.9626509183900005,1.0,0.9626509183900005,0.92708462976069,1,human,4,1,1,1,1,1,1,1,1,4,4,non-human,held-out candidate,strong candidate,0.6706
815723593,spazil,brand,0.6707,0,0.0,0.9897750511247444,1.0,0.9897750511247444,0.9567626394440224,1.0,0.9567626394440224,0.9998819784878052,1.0,0.9998819784878052,0.9764179449480489,1.0,0.9764179449480489,0.9807094035011552,1,human,4,1,1,1,1,1,1,1,1,4,4,non-human,held-out candidate,strong candidate,0.6707
815732850,Mark11888,brand,0.6709,0,0.0,0.9457364341085271,1.0,0.9457364341085271,0.9511880477936855,1.0,0.9511880477936855,0.9717179440759497,1.0,0.9717179440759497,0.9742277645301655,1.0,0.9742277645301655,0.960717547627082,1,human,4,1,1,1,1,1,1,1,1,4,4,non-human,held-out candidate,strong candidate,0.6709
815734056,arsenalamerica,brand,0.6713,0,0.0,0.9457364341085271,1.0,0.9457364341085271,0.9574211175068496,1.0,0.9574211175068496,0.997446880620061,1.0,0.997446880620061,0.9544171633238837,1.0,0.9544171633238837,0.9637553988898303,1,human,4,1,1,1,1,1,1,1,1,4,4,non-human,held-out candidate,strong candidate,0.6713
815727632,Cyberghetto,brand,0.6714,0,0.0,0.9787878787878788,1.0,0.9787878787878788,0.8288775894361196,1.0,0.8288775894361196,0.9619428967847109,1.0,0.9619428967847109,0.9542528299366638,1.0,0.9542528299366638,0.9309652987363433,1,human,4,1,1,1,1,1,1,1,1,4,4,non-human,held-out candidate,strong candidate,0.6714
815732343,Maximal_Liberal,brand,0.6715,0,0.0,0.967741935483871,1.0,0.967741935483871,0.9518809510298257,1.0,0.9518809510298257,0.9944183343986098,1.0,0.9944183343986098,0.980647128601186,1.0,0.980647128601186,0.9736720873783731,1,human,4,1,1,1,1,1,1,1,1,4,4,non-human,held-out candidate,strong candidate,0.6715
815735889,Ovalegal,brand,0.6715,0,0.0,0.9457364341085271,1.0,0.9457364341085271,1.0,1.0,1.0,0.9979602954390951,1.0,0.9979602954390951,0.9904065299006881,1.0,0.9904065299006881,0.9835258148620776,1,human,4,1,1,1,1,1,1,1,1,4,4,non-human,held-out candidate,strong candidate,0.6715
815736945,ThePaintedElf,brand,0.6717,0,0.0,1.0,1.0,1.0,0.8219359389223471,1.0,0.8219359389223471,0.9711859300632234,1.0,0.9711859300632234,0.9674568587992813,1.0,0.9674568587992813,0.9401446819462129,1,human,4,1,1,1,1,1,1,1,1,4,4,non-human,held-out candidate,strong candidate,0.6717
815727046,DiamondDawit,brand,0.672,0,0.0,0.8636363636363636,1.0,0.8636363636363636,0.8538590403732823,1.0,0.8538590403732823,0.9999999999999609,1.0,0.9999999999999609,0.924416352786818,1.0,0.924416352786818,0.9104779391991061,1,human,4,1,1,1,1,1,1,1,1,4,4,non-human,held-out candidate,strong candidate,0.672
815727792,locatheshowgirl,brand,0.672,0,0.0,1.0,1.0,1.0,0.9532870121271276,1.0,0.9532870121271276,0.999782618526625,1.0,0.999782618526625,0.9659897502793227,1.0,0.9659897502793227,0.9797648452332688,1,human,4,1,1,1,1,1,1,1,1,4,4,non-human,held-out candidate,strong candidate,0.672
815720301,irisannwests,brand,0.6723,1,0.0,0.9457364341085271,1.0,0.9457364341085271,0.9173946295487871,1.0,0.9173946295487871,0.9999984558949271,1.0,0.9999984558949271,0.929615558810519,1.0,0.929615558810519,0.94818626959069,1,human,4,1,1,1,1,1,1,1,1,4,4,non-human,held-out candidate,strong candidate,0.6723
815734068,Sunglare,brand,0.6723,0,0.0,1.0,1.0,1.0,1.0,1.0,1.0,1.0,1.0,1.0,0.9971886579533584,1.0,0.9971886579533584,0.9992971644883396,1,human,4,1,1,1,1,1,1,1,1,4,4,non-human,held-out candidate,strong candidate,0.6723
815725192,fact275,brand,0.6725,0,0.0,1.0,1.0,1.0,0.957617288566533,1.0,0.957617288566533,0.9854981245079899,1.0,0.9854981245079899,0.9369175065181168,1.0,0.9369175065181168,0.9700082298981598,1,human,4,1,1,1,1,1,1,1,1,4,4,non-human,held-out candidate,strong candidate,0.6725
815733196,JuanisaGundam,brand,0.6725,0,0.0,0.8287671232876712,1.0,0.8287671232876712,0.8982451384315259,1.0,0.8982451384315259,1.0,1.0,1.0,0.9708375242423768,1.0,0.9708375242423768,0.9244624464903934,1,human,4,1,1,1,1,1,1,1,1,4,4,non-human,held-out candidate,strong candidate,0.6725
815733316,dialecticube,brand,0.6726,0,0.0,0.9117647058823529,1.0,0.9117647058823529,0.9100731721718305,1.0,0.9100731721718305,1.0,1.0,1.0,0.9360777840280177,1.0,0.9360777840280177,0.9394789155205503,1,human,4,1,1,1,1,1,1,1,1,4,4,non-human,held-out candidate,strong candidate,0.6726
815737289,animeneesan,brand,0.6726,0,0.0,1.0,1.0,1.0,1.0,1.0,1.0,0.9999929411415267,1.0,0.9999929411415267,0.9831151588080757,1.0,0.9831151588080757,0.9957770249874006,1,human,4,1,1,1,1,1,1,1,1,4,4,non-human,held-out candidate,strong candidate,0.6726
815724761,sthrob77,brand,0.6727,0,0.0,1.0,1.0,1.0,1.0,1.0,1.0,1.0,1.0,1.0,0.9954938603910557,1.0,0.9954938603910557,0.998873465097764,1,human,4,1,1,1,1,1,1,1,1,4,4,non-human,held-out candidate,strong candidate,0.6727
815734375,semieitas,brand,0.6727,1,0.0,0.9333333333333333,1.0,0.9333333333333333,0.9183485109179232,1.0,0.9183485109179232,0.9978019195867457,1.0,0.9978019195867457,0.9238496398889267,1.0,0.9238496398889267,0.9433333509317323,1,human,4,1,1,1,1,1,1,1,1,4,4,non-human,held-out candidate,strong candidate,0.6727
815733156,lisalisa2123,female,0.6732,0,1.0,0.0,0.0,1.0,0.0,0.0,1.0,4.3037229919661044e-72,0.0,1.0,0.03176463260486083,0.0,0.9682353673951392,0.007941158151215207,0,non-human,4,1,1,1,1,1,1,1,1,4,4,human,held-out candidate,strong candidate,0.6732
815723611,vitalninjaYT,brand,0.6734,0,0.0,1.0,1.0,1.0,1.0,1.0,1.0,0.9405172695482996,1.0,0.9405172695482996,0.9939836701516448,1.0,0.9939836701516448,0.9836252349249861,1,human,4,1,1,1,1,1,1,1,1,4,4,non-human,held-out candidate,strong candidate,0.6734
815720443,always_vote,brand,0.6736,0,0.0,1.0,1.0,1.0,0.9115008349339377,1.0,0.9115008349339377,0.9992674730665505,1.0,0.9992674730665505,0.9428727403387274,1.0,0.9428727403387274,0.963410262084804,1,human,4,1,1,1,1,1,1,1,1,4,4,non-human,held-out candidate,strong candidate,0.6736
815723600,AlboSwagger,brand,0.6736,0,0.0,0.9047619047619048,1.0,0.9047619047619048,0.9027097264082422,1.0,0.9027097264082422,0.9999999999999964,1.0,0.9999999999999964,0.9836499622435669,1.0,0.9836499622435669,0.9477803983534275,1,human,4,1,1,1,1,1,1,1,1,4,4,non-human,held-out candidate,strong candidate,0.6736
815724741,daejones,brand,0.6736,0,0.0,0.9608695652173913,1.0,0.9608695652173913,1.0,1.0,1.0,0.9991775623933392,1.0,0.9991775623933392,0.9905362213847454,1.0,0.9905362213847454,0.9876458372488689,1,human,4,1,1,1,1,1,1,1,1,4,4,non-human,held-out candidate,strong candidate,0.6736
815732920,StripedGypsum,brand,0.6742,0,0.0,0.9787878787878788,1.0,0.9787878787878788,0.9602631274777208,1.0,0.9602631274777208,0.998999017871088,1.0,0.998999017871088,0.9594947836412077,1.0,0.9594947836412077,0.9743862019444739,1,human,4,1,1,1,1,1,1,1,1,4,4,non-human,held-out candidate,strong candidate,0.6742
815722134,ArticBleu,brand,0.6743,0,0.0,0.8287671232876712,1.0,0.8287671232876712,0.8637886807875004,1.0,0.8637886807875004,0.9643938878825764,1.0,0.9643938878825764,0.9924118444600445,1.0,0.9924118444600445,0.9123403841044482,1,human,4,1,1,1,1,1,1,1,1,4,4,non-human,held-out candidate,strong candidate,0.6743
815729162,StarSignMakoto,brand,0.6743,0,0.0,0.9339622641509434,1.0,0.9339622641509434,0.9568410191758667,1.0,0.9568410191758667,0.969859832272531,1.0,0.969859832272531,0.9736195515157228,1.0,0.9736195515157228,0.9585706667787659,1,human,4,1,1,1,1,1,1,1,1,4,4,non-human,held-out candidate,strong candidate,0.6743
815730950,JJayTee_,brand,0.6743,0,0.0,0.9457364341085271,1.0,0.9457364341085271,1.0,1.0,1.0,0.9995575166944509,1.0,0.9995575166944509,0.914966523470902,1.0,0.914966523470902,0.96506511856847,1,human,4,1,1,1,1,1,1,1,1,4,4,non-human,held-out candidate,strong candidate,0.6743
815732838,obsessed_boyban,brand,0.6745,0,0.0,1.0,1.0,1.0,0.9093738706458381,1.0,0.9093738706458381,0.988913705773081,1.0,0.988913705773081,0.9844028216157141,1.0,0.9844028216157141,0.9706725995086583,1,human,4,1,1,1,1,1,1,1,1,4,4,non-human,held-out candidate,strong candidate,0.6745
815720888,Isolated_Shadow,brand,0.6747,0,0.0,0.9608695652173913,1.0,0.9608695652173913,0.9086198253197132,1.0,0.9086198253197132,0.9999347380384458,1.0,0.9999347380384458,0.9378041225601399,1.0,0.9378041225601399,0.9518070627839226,1,human,4,1,1,1,1,1,1,1,1,4,4,non-human,held-out candidate,strong candidate,0.6747
815720658,martiraulmartin,female,0.6748,0,1.0,0.0,0.0,1.0,0.07197618838027517,0.0,0.9280238116197248,6.597856749339169e-05,0.0,0.9999340214325066,0.06771335660809953,0.0,0.9322866433919005,0.034938880888967024,0,non-human,4,1,1,1,1,1,1,1,1,4,4,human,held-out candidate,strong candidate,0.6748
815737181,Valerie_832,brand,0.675,0,0.0,1.0,1.0,1.0,0.9621764788273606,1.0,0.9621764788273606,0.9040636078023492,1.0,0.9040636078023492,0.982704513068922,1.0,0.982704513068922,0.962236149924658,1,human,4,1,1,1,1,1,1,1,1,4,4,non-human,held-out candidate,strong candidate,0.675
815723959,Pr0gression,brand,0.6751,0,0.0,0.8169014084507042,1.0,0.8169014084507042,0.8153936386559847,1.0,0.8153936386559847,0.9817054366841792,1.0,0.9817054366841792,0.879244338038285,1.0,0.879244338038285,0.8733112054572882,1,human,4,1,1,1,1,1,1,1,1,4,4,non-human,held-out candidate,strong candidate,0.6751
815727832,EdelmanGOAT,brand,0.6751,0,0.0,1.0,1.0,1.0,0.8641815381512918,1.0,0.8641815381512918,0.999409318137063,1.0,0.999409318137063,0.9092433344147307,1.0,0.9092433344147307,0.9432085476757713,1,human,4,1,1,1,1,1,1,1,1,4,4,non-human,held-out candidate,strong candidate,0.6751
815737303,TheOnlyAhmed,brand,0.6751,0,0.0,0.9897750511247444,1.0,0.9897750511247444,1.0,1.0,1.0,1.0,1.0,1.0,0.9992170194990007,1.0,0.9992170194990007,0.9972480176559362,1,human,4,1,1,1,1,1,1,1,1,4,4,non-human,held-out candidate,strong candidate,0.6751
815719597,DenmattdomR,brand,0.6754,0,0.0,0.9307692307692308,1.0,0.9307692307692308,0.9523025040357159,1.0,0.9523025040357159,0.8522705790724852,1.0,0.8522705790724852,0.9008963172796871,1.0,0.9008963172796871,0.9090596577892798,1,human,4,1,1,1,1,1,1,1,1,4,4,non-human,held-out candidate,strong candidate,0.6754
815726269,wandarection_,brand,0.6754,0,0.0,0.9897750511247444,1.0,0.9897750511247444,0.9504958579927387,1.0,0.9504958579927387,0.9999999998879439,1.0,0.9999999998879439,0.9757646481907432,1.0,0.9757646481907432,0.9790088892990425,1,human,4,1,1,1,1,1,1,1,1,4,4,non-human,held-out candidate,strong candidate,0.6754
815734524,McJerkyface,brand,0.6754,0,0.0,0.9787878787878788,1.0,0.9787878787878788,0.955083996615363,1.0,0.955083996615363,0.9933917993987894,1.0,0.9933917993987894,0.9938997708493673,1.0,0.9938997708493673,0.9802908614128496,1,human,4,1,1,1,1,1,1,1,1,4,4,non-human,held-out candidate,strong candidate,0.6754
815720739,Noodles105,brand,0.6755,0,0.0,0.9897750511247444,1.0,0.9897750511247444,1.0,1.0,1.0,0.9999999629336436,1.0,0.9999999629336436,0.986546942354146,1.0,0.986546942354146,0.9940804891031335,1,human,4,1,1,1,1,1,1,1,1,4,4,non-human,held-out candidate,strong candidate,0.6755
815735980,Asahi_Chan86,brand,0.6755,0,0.0,0.8936170212765957,1.0,0.8936170212765957,0.9466145598787007,1.0,0.9466145598787007,0.9996648706473171,1.0,0.9996648706473171,0.8188730358697458,1.0,0.8188730358697458,0.9146923719180898,1,human,4,1,1,1,1,1,1,1,1,4,4,non-human,held-out candidate,strong candidate,0.6755
815734367,HenryBeans,brand,0.6757,0,0.0,0.9787878787878788,1.0,0.9787878787878788,0.9118336893307016,1.0,0.9118336893307016,0.9973086005235877,1.0,0.9973086005235877,0.9936790183642257,1.0,0.9936790183642257,0.9704022967515984,1,human,4,1,1,1,1,1,1,1,1,4,4,non-human,held-out candidate,strong candidate,0.6757
815730108,KrustyAllslopp,brand,0.6759,0,0.0,0.8153846153846154,1.0,0.8153846153846154,0.8257519466332748,1.0,0.8257519466332748,1.0,1.0,1.0,0.9619660159815663,1.0,0.9619660159815663,0.9007756444998641,1,human,4,1,1,1,1,1,1,1,1,4,4,non-human,held-out candidate,strong candidate,0.6759
815731135,xKrki,brand,0.6759,0,0.0,1.0,1.0,1.0,1.0,1.0,1.0,0.9999802184189969,1.0,0.9999802184189969,0.9924992416816872,1.0,0.9924992416816872,0.998119865025171,1,human,4,1,1,1,1,1,1,1,1,4,4,non-human,held-out candidate,strong candidate,0.6759
815738361,Imreallyshitty,brand,0.676,0,0.0,0.96875,1.0,0.96875,0.9038486144722927,1.0,0.9038486144722927,0.9999863456945389,1.0,0.9999863456945389,0.9715033988392382,1.0,0.9715033988392382,0.9610220897515175,1,human,4,1,1,1,1,1,1,1,1,4,4,non-human,held-out candidate,strong candidate,0.676
815726689,Gh0st2126,brand,0.6761,0,0.0,0.96875,1.0,0.96875,1.0,1.0,1.0,0.9845428288058377,1.0,0.9845428288058377,0.9911869760628012,1.0,0.9911869760628012,0.9861199512171597,1,human,4,1,1,1,1,1,1,1,1,4,4,non-human,held-out candidate,strong candidate,0.6761
815727064,BanJen15,brand,0.6761,0,0.0,0.96875,1.0,0.96875,0.9034707777762336,1.0,0.9034707777762336,0.9999999999999911,1.0,0.9999999999999911,0.980189291743089,1.0,0.980189291743089,0.9631025173798284,1,human,4,1,1,1,1,1,1,1,1,4,4,non-human,held-out candidate,strong candidate,0.6761
815723637,TheTandav,brand,0.6764,0,0.0,0.9459459459459459,1.0,0.9459459459459459,0.9161054524506639,1.0,0.9161054524506639,0.9999451606564516,1.0,0.9999451606564516,0.9131735758437658,1.0,0.9131735758437658,0.9437925337242068,1,human,4,1,1,1,1,1,1,1,1,4,4,non-human,held-out candidate,strong candidate,0.6764
815719686,SchuckJH,brand,0.6765,0,0.0,0.9117647058823529,1.0,0.9117647058823529,0.9566264296206944,1.0,0.9566264296206944,0.9999519519496939,1.0,0.9999519519496939,0.9459492888346678,1.0,0.9459492888346678,0.9535730940718523,1,human,4,1,1,1,1,1,1,1,1,4,4,non-human,held-out candidate,strong candidate,0.6765
815719930,StevePowellUKIP,brand,0.6766,0,0.0,1.0,1.0,1.0,0.906601690326381,1.0,0.906601690326381,0.9968477707509534,1.0,0.9968477707509534,0.9046384834958349,1.0,0.9046384834958349,0.9520219861432924,1,human,4,1,1,1,1,1,1,1,1,4,4,non-human,held-out candidate,strong candidate,0.6766
815725391,HUDAFUNK,brand,0.6766,0,0.0,0.9787878787878788,1.0,0.9787878787878788,0.9236821255665622,1.0,0.9236821255665622,0.9977575914887936,1.0,0.9977575914887936,0.9958272764360017,1.0,0.9958272764360017,0.974013718069809,1,human,4,1,1,1,1,1,1,1,1,4,4,non-human,held-out candidate,strong candidate,0.6766
815732763,RemixGOAT,brand,0.6766,0,0.0,0.8287671232876712,1.0,0.8287671232876712,0.9122678647794202,1.0,0.9122678647794202,0.8639469306100707,1.0,0.8639469306100707,0.8976133445040557,1.0,0.8976133445040557,0.8756488157953045,1,human,4,1,1,1,1,1,1,1,1,4,4,non-human,held-out candidate,strong candidate,0.6766
815736009,pewdiepie_ITBot,brand,0.6766,0,0.0,1.0,1.0,1.0,0.9400903300140072,1.0,0.9400903300140072,0.9804872196259289,1.0,0.9804872196259289,0.8747709711866285,1.0,0.8747709711866285,0.9488371302066412,1,human,4,1,1,1,1,1,1,1,1,4,4,non-human,held-out candidate,strong candidate,0.6766
815721775,ziteboard,brand,0.6767,0,0.0,0.96875,1.0,0.96875,0.9071125795216668,1.0,0.9071125795216668,0.9919914336522895,1.0,0.9919914336522895,0.9055461738602758,1.0,0.9055461738602758,0.943350046758558,1,human,4,1,1,1,1,1,1,1,1,4,4,non-human,held-out candidate,strong candidate,0.6767
815735687,CyborgScreams,brand,0.6768,0,0.0,1.0,1.0,1.0,0.9168840910746395,1.0,0.9168840910746395,0.9920512100569506,1.0,0.9920512100569506,0.9824948543328174,1.0,0.9824948543328174,0.9728575388661018,1,human,4,1,1,1,1,1,1,1,1,4,4,non-human,held-out candidate,strong candidate,0.6768
815722828,JKE_G,brand,0.6769,0,0.0,0.9897750511247444,1.0,0.9897750511247444,1.0,1.0,1.0,0.9978256903860943,1.0,0.9978256903860943,0.996625770179838,1.0,0.996625770179838,0.9960566279226691,1,human,4,1,1,1,1,1,1,1,1,4,4,non-human,held-out candidate,strong candidate,0.6769
815733100,hell_ass_,brand,0.6769,0,0.0,1.0,1.0,1.0,0.9597554934285865,1.0,0.9597554934285865,0.9998859212610937,1.0,0.9998859212610937,0.9314208995227664,1.0,0.9314208995227664,0.9727655785531115,1,human,4,1,1,1,1,1,1,1,1,4,4,non-human,held-out candidate,strong candidate,0.6769
815722506,gooftrupe,brand,0.677,0,0.0,0.8153846153846154,1.0,0.8153846153846154,1.0,1.0,1.0,0.9999994151469278,1.0,0.9999994151469278,0.8054918949722331,1.0,0.8054918949722331,0.9052189813759441,1,human,4,1,1,1,1,1,1,1,1,4,4,non-human,held-out candidate,strong candidate,0.677
815720699,AberJohnny,brand,0.6772,0,0.0,1.0,1.0,1.0,0.9577390056718839,1.0,0.9577390056718839,0.997440230789014,1.0,0.997440230789014,0.9651855913976863,1.0,0.9651855913976863,0.9800912069646461,1,human,4,1,1,1,1,1,1,1,1,4,4,non-human,held-out candidate,strong candidate,0.6772
815735393,TENCH0U_,brand,0.6772,0,0.0,0.8333333333333334,1.0,0.8333333333333334,0.8598879949229682,1.0,0.8598879949229682,0.9706690495463198,1.0,0.9706690495463198,0.8095710531235017,1.0,0.8095710531235017,0.8683653577315308,1,human,4,1,1,1,1,1,1,1,1,4,4,non-human,held-out candidate,strong candidate,0.6772
815720701,jvngwheein,brand,0.6774,0,0.0,0.8287671232876712,1.0,0.8287671232876712,1.0,1.0,1.0,0.9999638663036361,1.0,0.9999638663036361,0.9688061455981837,1.0,0.9688061455981837,0.9493842837973727,1,human,4,1,1,1,1,1,1,1,1,4,4,non-human,held-out candidate,strong candidate,0.6774
815720768,COGICgopChica,brand,0.6774,0,0.0,0.8287671232876712,1.0,0.8287671232876712,1.0,1.0,1.0,0.9994766634677912,1.0,0.9994766634677912,0.9612214144664446,1.0,0.9612214144664446,0.9473663003054766,1,human,4,1,1,1,1,1,1,1,1,4,4,non-human,held-out candidate,strong candidate,0.6774
815729176,rasputinmethod,brand,0.6774,0,0.0,0.9787878787878788,1.0,0.9787878787878788,0.9193865361893132,1.0,0.9193865361893132,0.9999754042797394,1.0,0.9999754042797394,0.9808909982488351,1.0,0.9808909982488351,0.9697602043764416,1,human,4,1,1,1,1,1,1,1,1,4,4,non-human,held-out candidate,strong candidate,0.6774
815736694,CsgibbsJ,brand,0.6774,0,0.0,0.8153846153846154,1.0,0.8153846153846154,0.8054149691651479,1.0,0.8054149691651479,0.8914027589838938,1.0,0.8914027589838938,0.935843661079401,1.0,0.935843661079401,0.8620115011532645,1,human,4,1,1,1,1,1,1,1,1,4,4,non-human,held-out candidate,strong candidate,0.6774
815733504,WhatsGrammar,brand,0.6777,0,0.0,0.9787878787878788,1.0,0.9787878787878788,1.0,1.0,1.0,0.9980307638101545,1.0,0.9980307638101545,0.9875889924516433,1.0,0.9875889924516433,0.9911019087624191,1,human,4,1,1,1,1,1,1,1,1,4,4,non-human,held-out candidate,strong candidate,0.6777
815729303,ajaw_,brand,0.6779,0,0.0,0.9608695652173913,1.0,0.9608695652173913,0.946366974388885,1.0,0.946366974388885,0.9995920932069614,1.0,0.9995920932069614,0.9405438526382309,1.0,0.9405438526382309,0.9618431213628672,1,human,4,1,1,1,1,1,1,1,1,4,4,non-human,held-out candidate,strong candidate,0.6779
815728674,2AvSagas,brand,0.6783,0,0.0,0.9457364341085271,1.0,0.9457364341085271,0.8170866471521558,1.0,0.8170866471521558,0.9554654502765141,1.0,0.9554654502765141,0.9349898339536226,1.0,0.9349898339536226,0.9133195913727049,1,human,4,1,1,1,1,1,1,1,1,4,4,non-human,held-out candidate,strong candidate,0.6783
815729387,WheelmanForHire,brand,0.6785,0,0.0,0.971830985915493,1.0,0.971830985915493,0.9586404183742375,1.0,0.9586404183742375,0.9953636347264063,1.0,0.9953636347264063,0.9718578689250115,1.0,0.9718578689250115,0.974423226985287,1,human,4,1,1,1,1,1,1,1,1,4,4,non-human,held-out candidate,strong candidate,0.6785
815725166,lrhstereo,brand,0.6787,0,0.0,1.0,1.0,1.0,1.0,1.0,1.0,0.9984343617368932,1.0,0.9984343617368932,0.9750100162196532,1.0,0.9750100162196532,0.9933610944891367,1,human,4,1,1,1,1,1,1,1,1,4,4,non-human,held-out candidate,strong candidate,0.6787
815720278,GermanWizard11,brand,0.6789,1,0.0,1.0,1.0,1.0,1.0,1.0,1.0,1.0,1.0,1.0,0.9947355479957447,1.0,0.9947355479957447,0.9986838869989362,1,human,4,1,1,1,1,1,1,1,1,4,4,non-human,held-out candidate,strong candidate,0.6789
815720383,ROYelHassan,brand,0.6789,0,0.0,0.971830985915493,1.0,0.971830985915493,0.9161709051795079,1.0,0.9161709051795079,0.982386138301586,1.0,0.982386138301586,0.9206379201659484,1.0,0.9206379201659484,0.9477564873906339,1,human,4,1,1,1,1,1,1,1,1,4,4,non-human,held-out candidate,strong candidate,0.6789
815722137,Cekeshe,brand,0.6789,0,0.0,1.0,1.0,1.0,0.9522456314063669,1.0,0.9522456314063669,0.9999999999998472,1.0,0.9999999999998472,0.9648215061560032,1.0,0.9648215061560032,0.9792667843905543,1,human,4,1,1,1,1,1,1,1,1,4,4,non-human,held-out candidate,strong candidate,0.6789
815723497,NakedGambling,brand,0.679,0,0.0,0.8287671232876712,1.0,0.8287671232876712,0.8204934283042832,1.0,0.8204934283042832,0.9999897787842308,1.0,0.9999897787842308,0.9292236121047994,1.0,0.9292236121047994,0.8946184856202462,1,human,4,1,1,1,1,1,1,1,1,4,4,non-human,held-out candidate,strong candidate,0.679
815737087,e621_txt,brand,0.6792,0,0.0,1.0,1.0,1.0,0.8157104920445326,1.0,0.8157104920445326,0.982135961956659,1.0,0.982135961956659,0.8764466844443808,1.0,0.8764466844443808,0.9185732846113931,1,human,4,1,1,1,1,1,1,1,1,4,4,non-human,held-out candidate,strong candidate,0.6792
815727136,Ididntfart,brand,0.6796,0,0.0,0.8636363636363636,1.0,0.8636363636363636,0.9120821675190013,1.0,0.9120821675190013,0.9744744261632099,1.0,0.9744744261632099,0.931437940029056,1.0,0.931437940029056,0.9204077243369078,1,human,4,1,1,1,1,1,1,1,1,4,4,non-human,held-out candidate,strong candidate,0.6796
815731019,voidfangchest,brand,0.6796,0,0.0,1.0,1.0,1.0,0.9478044578731084,1.0,0.9478044578731084,0.9999946014216539,1.0,0.9999946014216539,0.9290354131724007,1.0,0.9290354131724007,0.9692086181167907,1,human,4,1,1,1,1,1,1,1,1,4,4,non-human,held-out candidate,strong candidate,0.6796
815734084,Narrator_Claire,brand,0.6797,0,0.0,0.9457364341085271,1.0,0.9457364341085271,0.9164647360097076,1.0,0.9164647360097076,0.9864933620608264,1.0,0.9864933620608264,0.9725868755563737,1.0,0.9725868755563737,0.9553203519338588,1,human,4,1,1,1,1,1,1,1,1,4,4,non-human,held-out candidate,strong candidate,0.6797
815737945,cbinflux,brand,0.6801,0,0.0,0.8734177215189873,1.0,0.8734177215189873,0.8196893199885394,1.0,0.8196893199885394,0.9458136085789106,1.0,0.9458136085789106,0.8428236322274709,1.0,0.8428236322274709,0.870436070578477,1,human,4,1,1,1,1,1,1,1,1,4,4,non-human,held-out candidate,strong candidate,0.6801
815737613,cnorton128,brand,0.6802,0,0.0,0.9787878787878788,1.0,0.9787878787878788,0.8823140190144899,1.0,0.8823140190144899,0.9480020693339707,1.0,0.9480020693339707,0.9911009770899984,1.0,0.9911009770899984,0.9500512360565845,1,human,4,1,1,1,1,1,1,1,1,4,4,non-human,held-out candidate,strong candidate,0.6802
815735399,thenipahhut,brand,0.6809,0,0.0,0.9457364341085271,1.0,0.9457364341085271,0.8687076313810544,1.0,0.8687076313810544,0.994684908826259,1.0,0.994684908826259,0.9298837215344328,1.0,0.9298837215344328,0.9347531739625684,1,human,4,1,1,1,1,1,1,1,1,4,4,non-human,held-out candidate,strong candidate,0.6809
815736095,funkboii,brand,0.6815,0,0.0,0.9787878787878788,1.0,0.9787878787878788,1.0,1.0,1.0,0.9920203846784545,1.0,0.9920203846784545,0.9853513156554188,1.0,0.9853513156554188,0.989039894780438,1,human,4,1,1,1,1,1,1,1,1,4,4,non-human,held-out candidate,strong candidate,0.6815
815719591,sufurkater,brand,0.6818,0,0.0,0.9457364341085271,1.0,0.9457364341085271,0.9533486365940627,1.0,0.9533486365940627,1.0,1.0,1.0,0.9934041286853066,1.0,0.9934041286853066,0.9731222998469742,1,human,4,1,1,1,1,1,1,1,1,4,4,non-human,held-out candidate,strong candidate,0.6818
815736374,AkraticBehavior,brand,0.6818,0,0.0,1.0,1.0,1.0,0.9103592630918564,1.0,0.9103592630918564,0.9927115041351106,1.0,0.9927115041351106,0.979474561109175,1.0,0.979474561109175,0.9706363320840354,1,human,4,1,1,1,1,1,1,1,1,4,4,non-human,held-out candidate,strong candidate,0.6818
815731136,SarararaCoffee,brand,0.6822,0,0.0,0.8734177215189873,1.0,0.8734177215189873,0.8270757268828866,1.0,0.8270757268828866,0.9999520911687331,1.0,0.9999520911687331,0.91353983375872,1.0,0.91353983375872,0.9034963433323318,1,human,4,1,1,1,1,1,1,1,1,4,4,non-human,held-out candidate,strong candidate,0.6822
815724414,mike_brach,brand,0.6823,0,0.0,0.96875,1.0,0.96875,1.0,1.0,1.0,1.0,1.0,1.0,0.9982608081532959,1.0,0.9982608081532959,0.991752702038324,1,human,4,1,1,1,1,1,1,1,1,4,4,non-human,held-out candidate,strong candidate,0.6823
815732307,calvin_kieran,brand,0.6825,0,0.0,1.0,1.0,1.0,0.9432064566150646,1.0,0.9432064566150646,1.0,1.0,1.0,0.9797040758976616,1.0,0.9797040758976616,0.9807276331281816,1,human,4,1,1,1,1,1,1,1,1,4,4,non-human,held-out candidate,strong candidate,0.6825
815721092,dntsqzthchrmn,brand,0.683,0,0.0,1.0,1.0,1.0,1.0,1.0,1.0,0.9999999999935554,1.0,0.9999999999935554,0.9888642900285893,1.0,0.9888642900285893,0.9972160725055361,1,human,4,1,1,1,1,1,1,1,1,4,4,non-human,held-out candidate,strong candidate,0.683
815735245,khalidrafiq141,male,0.683,0,1.0,0.0,0.0,1.0,0.04860821064788129,0.0,0.9513917893521187,1.3329364269244964e-76,0.0,1.0,0.002655132812984365,0.0,0.9973448671870156,0.012815835865216414,0,non-human,4,1,1,1,1,1,1,1,1,4,4,human,held-out candidate,strong candidate,0.683
815723474,MrMoustacheCat,brand,0.6833,0,0.0,0.96875,1.0,0.96875,0.9131585881980565,1.0,0.9131585881980565,0.999999810124127,1.0,0.999999810124127,0.8861996814069463,1.0,0.8861996814069463,0.9420270199322824,1,human,4,1,1,1,1,1,1,1,1,4,4,non-human,held-out candidate,strong candidate,0.6833
815732647,icanttt,brand,0.6835,0,0.0,1.0,1.0,1.0,0.9576199929062771,1.0,0.9576199929062771,0.9465729804283515,1.0,0.9465729804283515,0.9739670369985391,1.0,0.9739670369985391,0.9695400025832919,1,human,4,1,1,1,1,1,1,1,1,4,4,non-human,held-out candidate,strong candidate,0.6835
815727296,Eddki885Mohamm,male,0.6837,0,1.0,0.0,0.0,1.0,0.0,0.0,1.0,1.5707364817770217e-74,0.0,1.0,0.005704629785691222,0.0,0.9942953702143088,0.0014261574464228056,0,non-human,4,1,1,1,1,1,1,1,1,4,4,human,held-out candidate,strong candidate,0.6837
815737513,coyotes_ebooks,brand,0.6839,0,0.0,0.9787878787878788,1.0,0.9787878787878788,1.0,1.0,1.0,0.8640393156123087,1.0,0.8640393156123087,0.9702922044062664,1.0,0.9702922044062664,0.9532798497016134,1,human,4,1,1,1,1,1,1,1,1,4,4,non-human,held-out candidate,strong candidate,0.6839
815730653,GlitterSpresso,brand,0.6841,0,0.0,1.0,1.0,1.0,0.9441820510885096,1.0,0.9441820510885096,1.0,1.0,1.0,0.9506461826547832,1.0,0.9506461826547832,0.9737070584358232,1,human,4,1,1,1,1,1,1,1,1,4,4,non-human,held-out candidate,strong candidate,0.6841
815734397,sonicherosfan,brand,0.6846,0,0.0,1.0,1.0,1.0,1.0,1.0,1.0,0.9825002491421144,1.0,0.9825002491421144,0.9686443261042303,1.0,0.9686443261042303,0.9877861438115862,1,human,4,1,1,1,1,1,1,1,1,4,4,non-human,held-out candidate,strong candidate,0.6846
815733491,TeamAHarmon,brand,0.6847,0,0.0,0.8287671232876712,1.0,0.8287671232876712,0.8927962500441811,1.0,0.8927962500441811,0.9950228234286893,1.0,0.9950228234286893,0.9501795459125677,1.0,0.9501795459125677,0.9166914356682774,1,human,4,1,1,1,1,1,1,1,1,4,4,non-human,held-out candidate,strong candidate,0.6847
815720067,cyberwuff,brand,0.6857,0,0.0,0.9608695652173913,1.0,0.9608695652173913,0.9561312831594196,1.0,0.9561312831594196,0.9990903238574761,1.0,0.9990903238574761,0.948857132325452,1.0,0.948857132325452,0.9662370761399348,1,human,4,1,1,1,1,1,1,1,1,4,4,non-human,held-out candidate,strong candidate,0.6857
815734037,ScyTweeter,brand,0.6866,0,0.0,0.8087431693989071,1.0,0.8087431693989071,0.8664657780734902,1.0,0.8664657780734902,0.9563362777127046,1.0,0.9563362777127046,0.8835767965153771,1.0,0.8835767965153771,0.8787805054251199,1,human,4,1,1,1,1,1,1,1,1,4,4,non-human,held-out candidate,strong candidate,0.6866
815738184,tomred5,brand,0.6871,0,0.0,0.8153846153846154,1.0,0.8153846153846154,1.0,1.0,1.0,0.8806213033051234,1.0,0.8806213033051234,0.9779679477992629,1.0,0.9779679477992629,0.9184934666222504,1,human,4,1,1,1,1,1,1,1,1,4,4,non-human,held-out candidate,strong candidate,0.6871
815732237,Funniteen,brand,0.6877,0,0.0,0.8636363636363636,1.0,0.8636363636363636,0.8638296471621292,1.0,0.8638296471621292,0.9999374241855795,1.0,0.9999374241855795,0.8121311883014224,1.0,0.8121311883014224,0.8848836558213737,1,human,4,1,1,1,1,1,1,1,1,4,4,non-human,held-out candidate,strong candidate,0.6877
815722043,AsxireGaming,brand,0.6879,0,0.0,0.8087431693989071,1.0,0.8087431693989071,0.8444293683849352,1.0,0.8444293683849352,0.858963526845942,1.0,0.858963526845942,0.8829467840767472,1.0,0.8829467840767472,0.8487707121766329,1,human,4,1,1,1,1,1,1,1,1,4,4,non-human,held-out candidate,strong candidate,0.6879
815724819,Barokoru,brand,0.6879,0,0.0,1.0,1.0,1.0,1.0,1.0,1.0,0.9987873824806076,1.0,0.9987873824806076,0.9931572900517364,1.0,0.9931572900517364,0.997986168133086,1,human,4,1,1,1,1,1,1,1,1,4,4,non-human,held-out candidate,strong candidate,0.6879
815733160,faviator,brand,0.688,0,0.0,0.9457364341085271,1.0,0.9457364341085271,0.86414215410178,1.0,0.86414215410178,0.9999999910775799,1.0,0.9999999910775799,0.9898063099968452,1.0,0.9898063099968452,0.949921222321183,1,human,4,1,1,1,1,1,1,1,1,4,4,non-human,held-out candidate,strong candidate,0.688
815731753,InRainesville,brand,0.6887,0,0.0,1.0,1.0,1.0,1.0,1.0,1.0,0.9311463418012941,1.0,0.9311463418012941,0.9892953033291606,1.0,0.9892953033291606,0.9801104112826137,1,human,4,1,1,1,1,1,1,1,1,4,4,non-human,held-out candidate,strong candidate,0.6887
815726135,smashb1,brand,0.6899,0,0.0,0.8153846153846154,1.0,0.8153846153846154,0.9428325469582987,1.0,0.9428325469582987,0.9134407758577648,1.0,0.9134407758577648,0.9595295723282906,1.0,0.9595295723282906,0.9077968776322423,1,human,4,1,1,1,1,1,1,1,1,4,4,non-human,held-out candidate,strong candidate,0.6899
815728125,OnefaststasisS5,brand,0.6909,0,0.0,1.0,1.0,1.0,0.9542530844612045,1.0,0.9542530844612045,0.9999999999998188,1.0,0.9999999999998188,0.9302983353186235,1.0,0.9302983353186235,0.9711378549449118,1,human,4,1,1,1,1,1,1,1,1,4,4,non-human,held-out candidate,strong candidate,0.6909
815732290,blazingbooks420,brand,0.6912,0,0.0,0.8,1.0,0.8,0.9545059461103368,1.0,0.9545059461103368,0.9990833163079201,1.0,0.9990833163079201,0.9577615259858409,1.0,0.9577615259858409,0.9278376971010244,1,human,4,1,1,1,1,1,1,1,1,4,4,non-human,held-out candidate,strong candidate,0.6912
815725825,high_on_glitter,brand,0.6921,0,0.0,0.9787878787878788,1.0,0.9787878787878788,0.9071164310890494,1.0,0.9071164310890494,0.939977353545396,1.0,0.939977353545396,0.9406798146889271,1.0,0.9406798146889271,0.9416403695278128,1,human,4,1,1,1,1,1,1,1,1,4,4,non-human,held-out candidate,strong candidate,0.6921
815730825,iWant_Gaga,brand,0.6923,0,0.0,1.0,1.0,1.0,1.0,1.0,1.0,1.0,1.0,1.0,0.9809463855717486,1.0,0.9809463855717486,0.9952365963929372,1,human,4,1,1,1,1,1,1,1,1,4,4,non-human,held-out candidate,strong candidate,0.6923
815735742,lukeslouis,brand,0.6937,0,0.0,0.9787878787878788,1.0,0.9787878787878788,0.9602299870429373,1.0,0.9602299870429373,0.9999995363791863,1.0,0.9999995363791863,0.996403951163232,1.0,0.996403951163232,0.9838553383433086,1,human,4,1,1,1,1,1,1,1,1,4,4,non-human,held-out candidate,strong candidate,0.6937
815722186,CWert41,brand,0.6944,0,0.0,0.9457364341085271,1.0,0.9457364341085271,1.0,1.0,1.0,0.9999996587708586,1.0,0.9999996587708586,0.9947433583232396,1.0,0.9947433583232396,0.9851198628006563,1,human,4,1,1,1,1,1,1,1,1,4,4,non-human,held-out candidate,strong candidate,0.6944
815721909,Dessy_Dragon,brand,0.6946,1,0.0,0.9457364341085271,1.0,0.9457364341085271,0.9540260850406195,1.0,0.9540260850406195,0.9998017055721353,1.0,0.9998017055721353,0.9470963110900295,1.0,0.9470963110900295,0.9616651339528279,1,human,4,1,1,1,1,1,1,1,1,4,4,non-human,held-out candidate,strong candidate,0.6946
815719232,Shutterstock,brand,1.0,0,0.0,0.9521410579345088,1.0,0.9521410579345088,1.0,1.0,1.0,0.995053272795974,1.0,0.995053272795974,0.9710053007420857,1.0,0.9710053007420857,0.9795499078681421,1,human,4,1,1,1,1,1,1,1,1,4,4,non-human,out-of-fold,strong candidate,1.0
815719264,lifessubatomic,brand,1.0,0,0.0,0.9872935196950444,1.0,0.9872935196950444,0.9031032785610624,1.0,0.9031032785610624,0.9999682794218958,1.0,0.9999682794218958,0.9379746955307653,1.0,0.9379746955307653,0.957084943302192,1,human,4,1,1,1,1,1,1,1,1,4,4,non-human,out-of-fold,strong candidate,1.0
815719351,iSpeak9ja,female,1.0,1,1.0,0.16666666666666666,0.0,0.8333333333333334,0.17883949019275566,0.0,0.8211605098072443,0.05738002582849852,0.0,0.9426199741715015,0.09313578112770103,0.0,0.906864218872299,0.12400549095390548,0,non-human,4,1,1,1,1,1,1,1,1,4,4,human,held-out candidate,strong candidate,1.0
815719489,LanitaWildey,male,1.0,0,1.0,0.07407407407407407,0.0,0.9259259259259259,0.10209663179982706,0.0,0.8979033682001729,0.0001876580664669386,0.0,0.9998123419335331,0.08422614853775547,0.0,0.9157738514622445,0.06514612811953088,0,non-human,4,1,1,1,1,1,1,1,1,4,4,human,out-of-fold,strong candidate,1.0
815719561,Chargers_NEFL,brand,1.0,0,0.0,0.87,1.0,0.87,0.9548621543276279,1.0,0.9548621543276279,0.999999999999936,1.0,0.999999999999936,0.885816300680796,1.0,0.885816300680796,0.92766961375209,1,human,4,1,1,1,1,1,1,1,1,4,4,non-human,out-of-fold,strong candidate,1.0
815719700,NationRadio,brand,1.0,0,0.0,0.8571428571428571,1.0,0.8571428571428571,0.8997657772098413,1.0,0.8997657772098413,0.9996374009345185,1.0,0.9996374009345185,0.8458498968237828,1.0,0.8458498968237828,0.9005989830277499,1,human,4,1,1,1,1,1,1,1,1,4,4,non-human,out-of-fold,strong candidate,1.0
815719713,WomensTimeNet,brand,1.0,0,0.0,0.8925925925925926,1.0,0.8925925925925926,0.9123965819887165,1.0,0.9123965819887165,0.9999633187909128,1.0,0.9999633187909128,0.9785533180818385,1.0,0.9785533180818385,0.9458764528635151,1,human,4,1,1,1,1,1,1,1,1,4,4,non-human,out-of-fold,strong candidate,1.0
815719906,TwistandSports,brand,1.0,0,0.0,0.918918918918919,1.0,0.918918918918919,0.9570567592744549,1.0,0.9570567592744549,1.0,1.0,1.0,0.9968392922789043,1.0,0.9968392922789043,0.9682037426180695,1,human,4,1,1,1,1,1,1,1,1,4,4,non-human,out-of-fold,strong candidate,1.0
815720114,DCDouchbag,brand,1.0,0,0.0,0.9226804123711341,1.0,0.9226804123711341,0.8588215812948669,1.0,0.8588215812948669,0.9999996430143552,1.0,0.9999996430143552,0.9677276756065781,1.0,0.9677276756065781,0.9373073280717336,1,human,4,1,1,1,1,1,1,1,1,4,4,non-human,out-of-fold,strong candidate,1.0
815720206,SharmarkeAhmed4,brand,1.0,0,0.0,1.0,1.0,1.0,0.9591949612685415,1.0,0.9591949612685415,0.9999774890861934,1.0,0.9999774890861934,0.9749548131732015,1.0,0.9749548131732015,0.9835318158819841,1,human,4,1,1,1,1,1,1,1,1,4,4,non-human,out-of-fold,strong candidate,1.0
815720229,StPancrasInt,brand,1.0,0,0.0,0.8421052631578947,1.0,0.8421052631578947,0.9544914809667627,1.0,0.9544914809667627,0.9924819065926219,1.0,0.9924819065926219,0.9528372171093361,1.0,0.9528372171093361,0.9354789669566539,1,human,4,1,1,1,1,1,1,1,1,4,4,non-human,out-of-fold,strong candidate,1.0
815720241,kubidyza,brand,1.0,0,0.0,0.9985228951255539,1.0,0.9985228951255539,1.0,1.0,1.0,0.9929294937343759,1.0,0.9929294937343759,0.9784952021445197,1.0,0.9784952021445197,0.9924868977511123,1,human,4,1,1,1,1,1,1,1,1,4,4,non-human,out-of-fold,strong candidate,1.0
815720271,Dragon_Ball_S_,brand,1.0,0,0.0,0.9047619047619048,1.0,0.9047619047619048,0.9217131464471487,1.0,0.9217131464471487,0.9999999999988418,1.0,0.9999999999988418,0.838318958384726,1.0,0.838318958384726,0.9161985023981553,1,human,4,1,1,1,1,1,1,1,1,4,4,non-human,out-of-fold,strong candidate,1.0
815720284,LifeAtPurdue,brand,1.0,0,0.0,0.963882618510158,1.0,0.963882618510158,0.8132081426141319,1.0,0.8132081426141319,0.9923818593668376,1.0,0.9923818593668376,0.848127107190048,1.0,0.848127107190048,0.9043999319202938,1,human,4,1,1,1,1,1,1,1,1,4,4,non-human,out-of-fold,strong candidate,1.0
815720405,northernrailorg,brand,1.0,0,0.0,0.8095238095238095,1.0,0.8095238095238095,0.9093901418446432,1.0,0.9093901418446432,0.9825948043608913,1.0,0.9825948043608913,0.9419112311117854,1.0,0.9419112311117854,0.9108549967102824,1,human,4,1,1,1,1,1,1,1,1,4,4,non-human,out-of-fold,strong candidate,1.0
815720451,Dem5SOS_Updates,brand,1.0,0,0.0,0.8275862068965517,1.0,0.8275862068965517,0.8484173948671949,1.0,0.8484173948671949,0.9999670077884103,1.0,0.9999670077884103,0.954117703649894,1.0,0.954117703649894,0.9075220783005127,1,human,4,1,1,1,1,1,1,1,1,4,4,non-human,out-of-fold,strong candidate,1.0
815720508,kgon,brand,1.0,0,0.0,1.0,1.0,1.0,0.9217027311600452,1.0,0.9217027311600452,0.8948419543851807,1.0,0.8948419543851807,0.9772218963272227,1.0,0.9772218963272227,0.9484416454681122,1,human,4,1,1,1,1,1,1,1,1,4,4,non-human,out-of-fold,strong candidate,1.0
815720556,The_Tiders,brand,1.0,0,0.0,0.8617021276595744,1.0,0.8617021276595744,0.9161817841587534,1.0,0.9161817841587534,1.0,1.0,1.0,0.8656842525821126,1.0,0.8656842525821126,0.91089204110011,1,human,4,1,1,1,1,1,1,1,1,4,4,non-human,out-of-fold,strong candidate,1.0
815720844,TradexFoods,brand,1.0,0,0.0,0.8666666666666667,1.0,0.8666666666666667,0.8212267281230933,1.0,0.8212267281230933,0.9999999999999325,1.0,0.9999999999999325,0.9191758027833209,1.0,0.9191758027833209,0.9017672993932533,1,human,4,1,1,1,1,1,1,1,1,4,4,non-human,out-of-fold,strong candidate,1.0
815721053,10MinDQ,brand,1.0,0,0.0,0.9753954305799648,1.0,0.9753954305799648,1.0,1.0,1.0,0.9997936937250786,1.0,0.9997936937250786,0.9723782655934352,1.0,0.9723782655934352,0.9868918474746197,1,human,4,1,1,1,1,1,1,1,1,4,4,non-human,out-of-fold,strong candidate,1.0
815721110,drksportsnews,brand,1.0,0,0.0,0.8787878787878788,1.0,0.8787878787878788,0.9102764016356509,1.0,0.9102764016356509,0.9999981265675507,1.0,0.9999981265675507,0.8616837532394301,1.0,0.8616837532394301,0.9126865400576276,1,human,4,1,1,1,1,1,1,1,1,4,4,non-human,out-of-fold,strong candidate,1.0
815721473,IlIIlllIIIllIlI,brand,1.0,0,0.0,0.9955156950672646,1.0,0.9955156950672646,1.0,1.0,1.0,0.9999815464865848,1.0,0.9999815464865848,0.9805198346265199,1.0,0.9805198346265199,0.9940042690450923,1,human,4,1,1,1,1,1,1,1,1,4,4,non-human,out-of-fold,strong candidate,1.0
815721493,RBHorseRacing,brand,1.0,0,0.0,1.0,1.0,1.0,0.9391889504753708,1.0,0.9391889504753708,0.9992291458663287,1.0,0.9992291458663287,0.974374119198111,1.0,0.974374119198111,0.9781980538849526,1,human,4,1,1,1,1,1,1,1,1,4,4,non-human,out-of-fold,strong candidate,1.0
815721515,BeautifulGame15,brand,1.0,0,0.0,1.0,1.0,1.0,0.8041823628836059,1.0,0.8041823628836059,0.9995316204448308,1.0,0.9995316204448308,0.9301727210521664,1.0,0.9301727210521664,0.9334716760951507,1,human,4,1,1,1,1,1,1,1,1,4,4,non-human,out-of-fold,strong candidate,1.0
815721529,GrizzleBF,brand,1.0,0,0.0,0.973170731707317,1.0,0.973170731707317,0.8279242312817726,1.0,0.8279242312817726,0.9878135499676843,1.0,0.9878135499676843,0.9724656398869708,1.0,0.9724656398869708,0.9403435382109362,1,human,4,1,1,1,1,1,1,1,1,4,4,non-human,out-of-fold,strong candidate,1.0
815721561,seattledot,brand,1.0,0,0.0,0.9224137931034483,1.0,0.9224137931034483,0.8610472981982399,1.0,0.8610472981982399,0.8913166323235694,1.0,0.8913166323235694,0.9196320988090882,1.0,0.9196320988090882,0.8986024556085865,1,human,4,1,1,1,1,1,1,1,1,4,4,non-human,out-of-fold,strong candidate,1.0
815721699,MetalFortressCT,brand,1.0,0,0.0,0.8095238095238095,1.0,0.8095238095238095,0.8171599866939038,1.0,0.8171599866939038,0.9220444766975786,1.0,0.9220444766975786,0.8005789260278153,1.0,0.8005789260278153,0.8373267997357767,1,human,4,1,1,1,1,1,1,1,1,4,4,non-human,out-of-fold,strong candidate,1.0
815721725,PtBoardgames,brand,1.0,0,0.0,0.9521410579345088,1.0,0.9521410579345088,0.9579772144154681,1.0,0.9579772144154681,0.9520257987886537,1.0,0.9520257987886537,0.8791504753034035,1.0,0.8791504753034035,0.9353236366105085,1,human,4,1,1,1,1,1,1,1,1,4,4,non-human,out-of-fold,strong candidate,1.0
815721754,spperfaact,brand,1.0,0,0.0,1.0,1.0,1.0,0.9553506164091042,1.0,0.9553506164091042,0.8471783810092433,1.0,0.8471783810092433,0.8681159495350744,1.0,0.8681159495350744,0.9176612367383555,1,human,4,1,1,1,1,1,1,1,1,4,4,non-human,out-of-fold,strong candidate,1.0
815721806,660NEWSTraffic,brand,1.0,0,0.0,0.924812030075188,1.0,0.924812030075188,0.953030590088318,1.0,0.953030590088318,0.9996837857483288,1.0,0.9996837857483288,0.98623236066465,1.0,0.98623236066465,0.9659396916441212,1,human,4,1,1,1,1,1,1,1,1,4,4,non-human,out-of-fold,strong candidate,1.0
815722039,OpenSourceVAR,brand,1.0,0,0.0,0.9818181818181818,1.0,0.9818181818181818,0.9534388847226735,1.0,0.9534388847226735,0.9978788977957899,1.0,0.9978788977957899,0.8700309274467865,1.0,0.8700309274467865,0.9507917229458579,1,human,4,1,1,1,1,1,1,1,1,4,4,non-human,out-of-fold,strong candidate,1.0
815722118,McDebida,brand,1.0,0,0.0,0.8843537414965986,1.0,0.8843537414965986,1.0,1.0,1.0,0.9985854604687335,1.0,0.9985854604687335,0.9471605751380058,1.0,0.9471605751380058,0.9575249442758346,1,human,4,1,1,1,1,1,1,1,1,4,4,non-human,out-of-fold,strong candidate,1.0
815722212,NCSUStudyAbroad,brand,1.0,0,0.0,0.926829268292683,1.0,0.926829268292683,0.8177467950323141,1.0,0.8177467950323141,0.9981526964860521,1.0,0.9981526964860521,0.8877215536629718,1.0,0.8877215536629718,0.9076125783685053,1,human,4,1,1,1,1,1,1,1,1,4,4,non-human,out-of-fold,strong candidate,1.0
815722222,BackwoodzHipHop,brand,1.0,0,0.0,0.9,1.0,0.9,0.8995774147599148,1.0,0.8995774147599148,0.9423426346712446,1.0,0.9423426346712446,0.9701799477825,1.0,0.9701799477825,0.9280249993034149,1,human,4,1,1,1,1,1,1,1,1,4,4,non-human,out-of-fold,strong candidate,1.0
815722348,SpartanGrp,brand,1.0,1,0.0,0.8287671232876712,1.0,0.8287671232876712,0.8831529692549903,1.0,0.8831529692549903,0.9278385474989468,1.0,0.9278385474989468,0.8148174829805201,1.0,0.8148174829805201,0.8636440307555322,1,human,4,1,1,1,1,1,1,1,1,4,4,non-human,held-out candidate,strong candidate,1.0
815722414,ShiftedX1,brand,1.0,0,0.0,0.92,1.0,0.92,0.957185052315093,1.0,0.957185052315093,0.9999999999996732,1.0,0.9999999999996732,0.9401019712062286,1.0,0.9401019712062286,0.9543217558802487,1,human,4,1,1,1,1,1,1,1,1,4,4,non-human,out-of-fold,strong candidate,1.0
815722785,CentralValleyTV,brand,1.0,0,0.0,0.9324324324324325,1.0,0.9324324324324325,1.0,1.0,1.0,0.9830618261647651,1.0,0.9830618261647651,0.9779347364948742,1.0,0.9779347364948742,0.973357248773018,1,human,4,1,1,1,1,1,1,1,1,4,4,non-human,out-of-fold,strong candidate,1.0
815722838,St8edge4life88,brand,1.0,0,0.0,0.9083333333333333,1.0,0.9083333333333333,0.9081229228620943,1.0,0.9081229228620943,0.9180735440443696,1.0,0.9180735440443696,0.9932866926860321,1.0,0.9932866926860321,0.9319541232314573,1,human,4,1,1,1,1,1,1,1,1,4,4,non-human,out-of-fold,strong candidate,1.0
815722857,ThatBoysGood,brand,1.0,0,0.0,0.9521410579345088,1.0,0.9521410579345088,0.8261922563185212,1.0,0.8261922563185212,0.9998051599839217,1.0,0.9998051599839217,0.94678769267295,1.0,0.94678769267295,0.9312315417274755,1,human,4,1,1,1,1,1,1,1,1,4,4,non-human,out-of-fold,strong candidate,1.0
815722976,WelcomDog,brand,1.0,0,0.0,0.9521410579345088,1.0,0.9521410579345088,1.0,1.0,1.0,1.0,1.0,1.0,0.9782285295372641,1.0,0.9782285295372641,0.9825923968679433,1,human,4,1,1,1,1,1,1,1,1,4,4,non-human,out-of-fold,strong candidate,1.0
815723581,judyleajackson,brand,1.0,0,0.0,0.9888268156424581,1.0,0.9888268156424581,0.9588932308669086,1.0,0.9588932308669086,0.9998469861160615,1.0,0.9998469861160615,0.9932132626323017,1.0,0.9932132626323017,0.9851950738144324,1,human,4,1,1,1,1,1,1,1,1,4,4,non-human,out-of-fold,strong candidate,1.0
815723918,BarbieBitchNM,brand,1.0,0,0.0,0.9521410579345088,1.0,0.9521410579345088,0.9574683686763434,1.0,0.9574683686763434,0.9980411699339303,1.0,0.9980411699339303,0.9655236646104136,1.0,0.9655236646104136,0.968293565288799,1,human,4,1,1,1,1,1,1,1,1,4,4,non-human,out-of-fold,strong candidate,1.0
815724144,PopKarma,brand,1.0,0,0.0,1.0,1.0,1.0,1.0,1.0,1.0,0.9072903912484634,1.0,0.9072903912484634,0.9146779580556805,1.0,0.9146779580556805,0.955492087326036,1,human,4,1,1,1,1,1,1,1,1,4,4,non-human,out-of-fold,strong candidate,1.0
815724237,wiml2,brand,1.0,0,0.0,1.0,1.0,1.0,0.9530682592064665,1.0,0.9530682592064665,0.8698239248786851,1.0,0.8698239248786851,0.9513672642358688,1.0,0.9513672642358688,0.943564862080255,1,human,4,1,1,1,1,1,1,1,1,4,4,non-human,out-of-fold,strong candidate,1.0
815724317,GoldOnion,brand,1.0,0,0.0,0.9629629629629629,1.0,0.9629629629629629,0.8959121627949872,1.0,0.8959121627949872,0.9684390138399608,1.0,0.9684390138399608,0.9652554097299889,1.0,0.9652554097299889,0.948142387331975,1,human,4,1,1,1,1,1,1,1,1,4,4,non-human,out-of-fold,strong candidate,1.0
815724390,EscapeVelo,brand,1.0,0,0.0,0.9326923076923077,1.0,0.9326923076923077,0.9065920524779646,1.0,0.9065920524779646,0.9995978882161038,1.0,0.9995978882161038,0.9792607197685589,1.0,0.9792607197685589,0.9545357420387338,1,human,4,1,1,1,1,1,1,1,1,4,4,non-human,out-of-fold,strong candidate,1.0
815724518,100trains,brand,1.0,0,0.0,0.86,1.0,0.86,0.8579313064993782,1.0,0.8579313064993782,0.9993107243696212,1.0,0.9993107243696212,0.9350926045991892,1.0,0.9350926045991892,0.9130836588670472,1,human,4,1,1,1,1,1,1,1,1,4,4,non-human,out-of-fold,strong candidate,1.0
815724692,_wonderfrankie,brand,1.0,0,0.0,0.9690721649484536,1.0,0.9690721649484536,1.0,1.0,1.0,0.999999373284422,1.0,0.999999373284422,0.9927772445195656,1.0,0.9927772445195656,0.9904621956881103,1,human,4,1,1,1,1,1,1,1,1,4,4,non-human,out-of-fold,strong candidate,1.0
815724798,BognorRegisHour,brand,1.0,0,0.0,0.8275862068965517,1.0,0.8275862068965517,0.9599880252555405,1.0,0.9599880252555405,0.9555030618640594,1.0,0.9555030618640594,0.9483821835766697,1.0,0.9483821835766697,0.9228648693982053,1,human,4,1,1,1,1,1,1,1,1,4,4,non-human,out-of-fold,strong candidate,1.0
815724955,TheEscapistMag,brand,1.0,0,0.0,0.8636363636363636,1.0,0.8636363636363636,0.8191934887899538,1.0,0.8191934887899538,0.8901637098915465,1.0,0.8901637098915465,0.8213654157943643,1.0,0.8213654157943643,0.848589744528057,1,human,4,1,1,1,1,1,1,1,1,4,4,non-human,out-of-fold,strong candidate,1.0
815725044,Bookatable,brand,1.0,0,0.0,0.8923076923076924,1.0,0.8923076923076924,0.913828184468801,1.0,0.913828184468801,0.9973185937143398,1.0,0.9973185937143398,0.9401795457381612,1.0,0.9401795457381612,0.9359085040572486,1,human,4,1,1,1,1,1,1,1,1,4,4,non-human,out-of-fold,strong candidate,1.0
815725154,SMACKHighWA,brand,1.0,0,0.0,0.957345971563981,1.0,0.957345971563981,0.9547768804340023,1.0,0.9547768804340023,0.971646740700062,1.0,0.971646740700062,0.9587751673038841,1.0,0.9587751673038841,0.9606361900004824,1,human,4,1,1,1,1,1,1,1,1,4,4,non-human,out-of-fold,strong candidate,1.0
815725481,LAKERFANATICS,brand,1.0,0,0.0,0.86,1.0,0.86,0.9481911815457101,1.0,0.9481911815457101,0.995615295603275,1.0,0.995615295603275,0.9796909054982591,1.0,0.9796909054982591,0.9458743456618111,1,human,4,1,1,1,1,1,1,1,1,4,4,non-human,out-of-fold,strong candidate,1.0
815725537,iambnoone,brand,1.0,0,0.0,0.9753954305799648,1.0,0.9753954305799648,0.9548969718388204,1.0,0.9548969718388204,0.9962393967642587,1.0,0.9962393967642587,0.9815691420503873,1.0,0.9815691420503873,0.9770252353083578,1,human,4,1,1,1,1,1,1,1,1,4,4,non-human,out-of-fold,strong candidate,1.0
815725726,SMACKHighNJ,brand,1.0,0,0.0,0.957345971563981,1.0,0.957345971563981,0.8717752234756708,1.0,0.8717752234756708,0.9688243561199611,1.0,0.9688243561199611,0.839713987278449,1.0,0.839713987278449,0.9094148846095155,1,human,4,1,1,1,1,1,1,1,1,4,4,non-human,out-of-fold,strong candidate,1.0
815725868,SXYVS,female,1.0,1,1.0,0.0,0.0,1.0,0.10440719586620265,0.0,0.8955928041337974,2.9049557766658397e-07,0.0,0.9999997095044223,0.008954643229541618,0.0,0.9910453567704584,0.028340532397830482,0,non-human,4,1,1,1,1,1,1,1,1,4,4,human,held-out candidate,strong candidate,1.0
815725895,spoon9z,brand,1.0,0,0.0,0.9812382739212008,1.0,0.9812382739212008,0.9487338868126629,1.0,0.9487338868126629,0.9991024394183079,1.0,0.9991024394183079,0.9709355973038236,1.0,0.9709355973038236,0.9750025493639988,1,human,4,1,1,1,1,1,1,1,1,4,4,non-human,out-of-fold,strong candidate,1.0
815725921,Jimbo_Simpson,brand,1.0,0,0.0,0.9664804469273743,1.0,0.9664804469273743,1.0,1.0,1.0,1.0,1.0,1.0,0.9838083073788424,1.0,0.9838083073788424,0.9875721885765543,1,human,4,1,1,1,1,1,1,1,1,4,4,non-human,out-of-fold,strong candidate,1.0
815725958,SassyNinjaGuru,brand,1.0,0,0.0,1.0,1.0,1.0,1.0,1.0,1.0,0.9927251311077193,1.0,0.9927251311077193,0.8262483723766418,1.0,0.8262483723766418,0.9547433758710904,1,human,4,1,1,1,1,1,1,1,1,4,4,non-human,out-of-fold,strong candidate,1.0
815725965,SpaceMousey,brand,1.0,0,0.0,1.0,1.0,1.0,0.918712600322571,1.0,0.918712600322571,0.9420526431041187,1.0,0.9420526431041187,0.9230105398358275,1.0,0.9230105398358275,0.9459439458156294,1,human,4,1,1,1,1,1,1,1,1,4,4,non-human,out-of-fold,strong candidate,1.0
815726036,crushthebookie,brand,1.0,0,0.0,0.8275862068965517,1.0,0.8275862068965517,0.9567089604750015,1.0,0.9567089604750015,0.9999404693746329,1.0,0.9999404693746329,0.9149921379267055,1.0,0.9149921379267055,0.9248069436682229,1,human,4,1,1,1,1,1,1,1,1,4,4,non-human,out-of-fold,strong candidate,1.0
815726256,ltmcdies,brand,1.0,0,0.0,1.0,1.0,1.0,1.0,1.0,1.0,0.9762017087608957,1.0,0.9762017087608957,0.995752157887198,1.0,0.995752157887198,0.9929884666620235,1,human,4,1,1,1,1,1,1,1,1,4,4,non-human,out-of-fold,strong candidate,1.0
815726781,SekgobolaT,brand,1.0,0,0.0,0.948905109489051,1.0,0.948905109489051,1.0,1.0,1.0,0.9263594091877518,1.0,0.9263594091877518,0.9697462811004203,1.0,0.9697462811004203,0.9612526999443058,1,human,4,1,1,1,1,1,1,1,1,4,4,non-human,out-of-fold,strong candidate,1.0
815726855,AsdaServiceTeam,brand,1.0,0,0.0,0.95,1.0,0.95,0.9039813534937418,1.0,0.9039813534937418,0.9995639668133557,1.0,0.9995639668133557,0.8922648371240604,1.0,0.8922648371240604,0.9364525393577894,1,human,4,1,1,1,1,1,1,1,1,4,4,non-human,out-of-fold,strong candidate,1.0
815727055,EventopediaUK,brand,1.0,0,0.0,0.8275862068965517,1.0,0.8275862068965517,1.0,1.0,1.0,0.9999999999999005,1.0,0.9999999999999005,0.9680332557681448,1.0,0.9680332557681448,0.9489048656661492,1,human,4,1,1,1,1,1,1,1,1,4,4,non-human,out-of-fold,strong candidate,1.0
815727080,TakeThatDarwin,brand,1.0,0,0.0,0.8793103448275862,1.0,0.8793103448275862,0.8871571004924859,1.0,0.8871571004924859,0.9999996988488631,1.0,0.9999996988488631,0.9619829301631132,1.0,0.9619829301631132,0.932112518583012,1,human,4,1,1,1,1,1,1,1,1,4,4,non-human,out-of-fold,strong candidate,1.0
815727146,FightOn2Victory,brand,1.0,0,0.0,1.0,1.0,1.0,0.9572836770019728,1.0,0.9572836770019728,1.0,1.0,1.0,0.9812544792135399,1.0,0.9812544792135399,0.9846345390538782,1,human,4,1,1,1,1,1,1,1,1,4,4,non-human,out-of-fold,strong candidate,1.0
815727157,in_the_bagPR,brand,1.0,0,0.0,0.875,1.0,0.875,0.95586153350108,1.0,0.95586153350108,1.0,1.0,1.0,0.962008763924357,1.0,0.962008763924357,0.9482175743563593,1,human,4,1,1,1,1,1,1,1,1,4,4,non-human,out-of-fold,strong candidate,1.0
815727410,UH_MVP,brand,1.0,0,0.0,0.9666666666666667,1.0,0.9666666666666667,0.8051893051334578,1.0,0.8051893051334578,0.9998343884724092,1.0,0.9998343884724092,0.8795333833725362,1.0,0.8795333833725362,0.9128059359112675,1,human,4,1,1,1,1,1,1,1,1,4,4,non-human,out-of-fold,strong candidate,1.0
815727479,_MyDemons__,brand,1.0,0,0.0,0.9424460431654677,1.0,0.9424460431654677,1.0,1.0,1.0,0.9664209738763084,1.0,0.9664209738763084,0.9593632831063876,1.0,0.9593632831063876,0.9670575750370409,1,human,4,1,1,1,1,1,1,1,1,4,4,non-human,out-of-fold,strong candidate,1.0
815727673,waddledeequeen,brand,1.0,0,0.0,1.0,1.0,1.0,0.8949196530578474,1.0,0.8949196530578474,0.9999993956613672,1.0,0.9999993956613672,0.9478848091334716,1.0,0.9478848091334716,0.9607009644631715,1,human,4,1,1,1,1,1,1,1,1,4,4,non-human,out-of-fold,strong candidate,1.0
815727824,Foothill_Dance,brand,1.0,0,0.0,1.0,1.0,1.0,0.9573901495290978,1.0,0.9573901495290978,0.9999999999993605,1.0,0.9999999999993605,0.9773237032657726,1.0,0.9773237032657726,0.9836784631985577,1,human,4,1,1,1,1,1,1,1,1,4,4,non-human,out-of-fold,strong candidate,1.0
815727926,facepaulmrevere,brand,1.0,0,0.0,1.0,1.0,1.0,1.0,1.0,1.0,1.0,1.0,1.0,0.9962986527599614,1.0,0.9962986527599614,0.9990746631899904,1,human,4,1,1,1,1,1,1,1,1,4,4,non-human,out-of-fold,strong candidate,1.0
815728052,Azzric,brand,1.0,0,0.0,0.924812030075188,1.0,0.924812030075188,0.8143615519130627,1.0,0.8143615519130627,0.9882664935099719,1.0,0.9882664935099719,0.8735080196434304,1.0,0.8735080196434304,0.9002370237854131,1,human,4,1,1,1,1,1,1,1,1,4,4,non-human,out-of-fold,strong candidate,1.0
815728057,JustEatUK,brand,1.0,0,0.0,0.95,1.0,0.95,0.8536338140757026,1.0,0.8536338140757026,0.9998154895938219,1.0,0.9998154895938219,0.9483534090972509,1.0,0.9483534090972509,0.9379506781916938,1,human,4,1,1,1,1,1,1,1,1,4,4,non-human,out-of-fold,strong candidate,1.0
815728118,DevilsTerrace,brand,1.0,0,0.0,1.0,1.0,1.0,0.9020446762323767,1.0,0.9020446762323767,0.9965147614953651,1.0,0.9965147614953651,0.8132206606381898,1.0,0.8132206606381898,0.9279450245914829,1,human,4,1,1,1,1,1,1,1,1,4,4,non-human,out-of-fold,strong candidate,1.0
815728276,Naijadailyfeed,female,1.0,0,1.0,0.14583333333333334,0.0,0.8541666666666666,0.11298064051497571,0.0,0.8870193594850243,0.0007300656206571635,0.0,0.9992699343793429,0.16332040758956268,0.0,0.8366795924104373,0.10571611176463222,0,non-human,4,1,1,1,1,1,1,1,1,4,4,human,out-of-fold,strong candidate,1.0
815728285,Cellusious,brand,1.0,0,0.0,1.0,1.0,1.0,1.0,1.0,1.0,0.9999993895490193,1.0,0.9999993895490193,0.9786730063344455,1.0,0.9786730063344455,0.9946680989708663,1,human,4,1,1,1,1,1,1,1,1,4,4,non-human,out-of-fold,strong candidate,1.0
815728363,Unitedinprayer1,brand,1.0,0,0.0,0.9753954305799648,1.0,0.9753954305799648,0.9543854573872085,1.0,0.9543854573872085,0.9999040422784035,1.0,0.9999040422784035,0.9458662415869294,1.0,0.9458662415869294,0.9688877929581265,1,human,4,1,1,1,1,1,1,1,1,4,4,non-human,out-of-fold,strong candidate,1.0
815728461,wickedshrapnel,brand,1.0,0,0.0,1.0,1.0,1.0,0.8944993712771178,1.0,0.8944993712771178,0.9972442428940491,1.0,0.9972442428940491,0.9784738556372949,1.0,0.9784738556372949,0.9675543674521154,1,human,4,1,1,1,1,1,1,1,1,4,4,non-human,out-of-fold,strong candidate,1.0
815728734,clarinety10,brand,1.0,0,0.0,1.0,1.0,1.0,1.0,1.0,1.0,0.9373431495800091,1.0,0.9373431495800091,0.9838367825658988,1.0,0.9838367825658988,0.980294983036477,1,human,4,1,1,1,1,1,1,1,1,4,4,non-human,out-of-fold,strong candidate,1.0
815728765,PsychospamYT,brand,1.0,0,0.0,0.9872935196950444,1.0,0.9872935196950444,0.8563441102329092,1.0,0.8563441102329092,0.8773773373948931,1.0,0.8773773373948931,0.8737951607537007,1.0,0.8737951607537007,0.8987025320191369,1,human,4,1,1,1,1,1,1,1,1,4,4,non-human,out-of-fold,strong candidate,1.0
815729077,illusionOFitALL,brand,1.0,0,0.0,0.9047619047619048,1.0,0.9047619047619048,0.9519746828018951,1.0,0.9519746828018951,0.9953085007868542,1.0,0.9953085007868542,0.9785645840315829,1.0,0.9785645840315829,0.9576524180955592,1,human,4,1,1,1,1,1,1,1,1,4,4,non-human,out-of-fold,strong candidate,1.0
815729092,WeRWorld,brand,1.0,0,0.0,0.8470149253731343,1.0,0.8470149253731343,0.9566235519818075,1.0,0.9566235519818075,1.0,1.0,1.0,0.9853603139246588,1.0,0.9853603139246588,0.9472496978199001,1,human,4,1,1,1,1,1,1,1,1,4,4,non-human,out-of-fold,strong candidate,1.0
815729213,1041theBlaze,brand,1.0,0,0.0,0.8843537414965986,1.0,0.8843537414965986,0.8530414997636023,1.0,0.8530414997636023,0.9967572226558636,1.0,0.9967572226558636,0.9697057577365679,1.0,0.9697057577365679,0.9259645554131581,1,human,4,1,1,1,1,1,1,1,1,4,4,non-human,out-of-fold,strong candidate,1.0
815729326,Somers_Library,brand,1.0,0,0.0,1.0,1.0,1.0,0.9071205067098222,1.0,0.9071205067098222,0.9996279134376678,1.0,0.9996279134376678,0.9263087047835171,1.0,0.9263087047835171,0.9582642812327518,1,human,4,1,1,1,1,1,1,1,1,4,4,non-human,out-of-fold,strong candidate,1.0
815729379,_LifeInSong_,brand,1.0,0,0.0,0.9226804123711341,1.0,0.9226804123711341,0.9345674070897895,1.0,0.9345674070897895,0.9967439685009587,1.0,0.9967439685009587,0.8468519824150915,1.0,0.8468519824150915,0.9252109425942434,1,human,4,1,1,1,1,1,1,1,1,4,4,non-human,out-of-fold,strong candidate,1.0
815729409,monetpearson,brand,1.0,0,0.0,0.9872935196950444,1.0,0.9872935196950444,1.0,1.0,1.0,0.9969502693885989,1.0,0.9969502693885989,0.997695096179061,1.0,0.997695096179061,0.9954847213156761,1,human,4,1,1,1,1,1,1,1,1,4,4,non-human,out-of-fold,strong candidate,1.0
815729480,Chickenify,brand,1.0,0,0.0,1.0,1.0,1.0,0.9552436422473443,1.0,0.9552436422473443,0.9999996150974221,1.0,0.9999996150974221,0.9436984883791061,1.0,0.9436984883791061,0.974735436430968,1,human,4,1,1,1,1,1,1,1,1,4,4,non-human,out-of-fold,strong candidate,1.0
815729535,ReviewOrDie,brand,1.0,0,0.0,0.8421052631578947,1.0,0.8421052631578947,0.9207685107685343,1.0,0.9207685107685343,0.970393521888187,1.0,0.970393521888187,0.8803305000318088,1.0,0.8803305000318088,0.9033994489616062,1,human,4,1,1,1,1,1,1,1,1,4,4,non-human,out-of-fold,strong candidate,1.0
815729563,FGOpera,brand,1.0,0,0.0,0.8130081300813008,1.0,0.8130081300813008,0.902810560555447,1.0,0.902810560555447,0.9952296047185003,1.0,0.9952296047185003,0.8148135616803999,1.0,0.8148135616803999,0.881465464258912,1,human,4,1,1,1,1,1,1,1,1,4,4,non-human,out-of-fold,strong candidate,1.0
815729653,ljgrover22,brand,1.0,0,0.0,1.0,1.0,1.0,1.0,1.0,1.0,0.9851904780442194,1.0,0.9851904780442194,0.9917615166800037,1.0,0.9917615166800037,0.9942379986810558,1,human,4,1,1,1,1,1,1,1,1,4,4,non-human,out-of-fold,strong candidate,1.0
815729732,wizandskinsfan,brand,1.0,0,0.0,0.973170731707317,1.0,0.973170731707317,0.9517328643364917,1.0,0.9517328643364917,0.9155631656083929,1.0,0.9155631656083929,0.8875978451478004,1.0,0.8875978451478004,0.9320161517000005,1,human,4,1,1,1,1,1,1,1,1,4,4,non-human,out-of-fold,strong candidate,1.0
815729770,DeThunderScoots,brand,1.0,0,0.0,0.8793103448275862,1.0,0.8793103448275862,0.8589908432287109,1.0,0.8589908432287109,0.9998665077548986,1.0,0.9998665077548986,0.9276187509378582,1.0,0.9276187509378582,0.9164466116872634,1,human,4,1,1,1,1,1,1,1,1,4,4,non-human,out-of-fold,strong candidate,1.0
815729790,PurpleRadioUK,brand,1.0,0,0.0,0.9666666666666667,1.0,0.9666666666666667,0.9535481970602668,1.0,0.9535481970602668,0.9963221146918416,1.0,0.9963221146918416,0.9104158211384226,1.0,0.9104158211384226,0.9567381998892994,1,human,4,1,1,1,1,1,1,1,1,4,4,non-human,out-of-fold,strong candidate,1.0
815729988,frozenwarning,brand,1.0,0,0.0,0.9646739130434783,1.0,0.9646739130434783,0.9083215767131527,1.0,0.9083215767131527,0.9990635787843135,1.0,0.9990635787843135,0.9561442158390062,1.0,0.9561442158390062,0.9570508210949877,1,human,4,1,1,1,1,1,1,1,1,4,4,non-human,out-of-fold,strong candidate,1.0
815730067,london24,brand,1.0,0,0.0,0.84,1.0,0.84,0.8673668543572487,1.0,0.8673668543572487,0.8116597345190756,1.0,0.8116597345190756,0.9322493417121356,1.0,0.9322493417121356,0.862818982647115,1,human,4,1,1,1,1,1,1,1,1,4,4,non-human,out-of-fold,strong candidate,1.0
815730091,tamuc,brand,1.0,0,0.0,1.0,1.0,1.0,0.8148448945780729,1.0,0.8148448945780729,0.9957787398599942,1.0,0.9957787398599942,0.9192401361432192,1.0,0.9192401361432192,0.9324659426453216,1,human,4,1,1,1,1,1,1,1,1,4,4,non-human,out-of-fold,strong candidate,1.0
815730159,joriestory,brand,1.0,0,0.0,0.8787878787878788,1.0,0.8787878787878788,0.8402783477147069,1.0,0.8402783477147069,0.9999099288050228,1.0,0.9999099288050228,0.823686771066656,1.0,0.823686771066656,0.8856657315935661,1,human,4,1,1,1,1,1,1,1,1,4,4,non-human,out-of-fold,strong candidate,1.0
815730231,nikestore,brand,1.0,0,0.0,0.8759124087591241,1.0,0.8759124087591241,0.9017332223426606,1.0,0.9017332223426606,0.9407130481691703,1.0,0.9407130481691703,0.9176971470524918,1.0,0.9176971470524918,0.9090139565808618,1,human,4,1,1,1,1,1,1,1,1,4,4,non-human,out-of-fold,strong candidate,1.0
815730339,shizuizas,brand,1.0,0,0.0,0.957345971563981,1.0,0.957345971563981,0.9494773526100437,1.0,0.9494773526100437,0.9999999999649276,1.0,0.9999999999649276,0.990932732366425,1.0,0.990932732366425,0.9744390141263444,1,human,4,1,1,1,1,1,1,1,1,4,4,non-human,out-of-fold,strong candidate,1.0
815730419,TaimedGrimes,brand,1.0,1,0.0,1.0,1.0,1.0,0.9095004653496688,1.0,0.9095004653496688,0.999999192812491,1.0,0.999999192812491,0.8646272609614456,1.0,0.8646272609614456,0.9435317297809014,1,human,4,1,1,1,1,1,1,1,1,4,4,non-human,held-out candidate,strong candidate,1.0
815730461,Our5SOSUpdatesx,brand,1.0,0,0.0,0.8925925925925926,1.0,0.8925925925925926,0.9588074494421392,1.0,0.9588074494421392,0.9977039519617281,1.0,0.9977039519617281,0.8634704663014643,1.0,0.8634704663014643,0.9281436150744811,1,human,4,1,1,1,1,1,1,1,1,4,4,non-human,out-of-fold,strong candidate,1.0
815730562,LakeHastingsWea,brand,1.0,0,0.0,0.9616613418530351,1.0,0.9616613418530351,0.9154731955439598,1.0,0.9154731955439598,0.9022476559063486,1.0,0.9022476559063486,0.9369513408184371,1.0,0.9369513408184371,0.9290833835304451,1,human,4,1,1,1,1,1,1,1,1,4,4,non-human,out-of-fold,strong candidate,1.0
815730622,insideccfc,brand,1.0,0,0.0,0.9316770186335404,1.0,0.9316770186335404,1.0,1.0,1.0,0.8204840717025351,1.0,0.8204840717025351,0.9028083627595239,1.0,0.9028083627595239,0.9137423632738999,1,human,4,1,1,1,1,1,1,1,1,4,4,non-human,out-of-fold,strong candidate,1.0
815730706,Full_Time_Scrub,brand,1.0,0,0.0,0.9872935196950444,1.0,0.9872935196950444,0.9658312614160145,1.0,0.9658312614160145,0.9932013903966436,1.0,0.9932013903966436,0.9810247233064605,1.0,0.9810247233064605,0.9818377237035407,1,human,4,1,1,1,1,1,1,1,1,4,4,non-human,out-of-fold,strong candidate,1.0
815730738,94heskind,brand,1.0,1,0.0,0.9457364341085271,1.0,0.9457364341085271,0.9588395386991876,1.0,0.9588395386991876,0.9999903421147541,1.0,0.9999903421147541,0.9750888094840754,1.0,0.9750888094840754,0.9699137811016361,1,human,4,1,1,1,1,1,1,1,1,4,4,non-human,held-out candidate,strong candidate,1.0
815731345,icynewyear,brand,1.0,0,0.0,0.8759124087591241,1.0,0.8759124087591241,0.8701737891735328,1.0,0.8701737891735328,0.9508602265855453,1.0,0.9508602265855453,0.9592958450541612,1.0,0.9592958450541612,0.9140605673930909,1,human,4,1,1,1,1,1,1,1,1,4,4,non-human,out-of-fold,strong candidate,1.0
815731380,GAFCCommunity,brand,1.0,0,0.0,0.8782051282051282,1.0,0.8782051282051282,0.8453414226424228,1.0,0.8453414226424228,0.9031790935669861,1.0,0.9031790935669861,0.8714126709995151,1.0,0.8714126709995151,0.874534578853513,1,human,4,1,1,1,1,1,1,1,1,4,4,non-human,out-of-fold,strong candidate,1.0
815731400,Abyssal_Glory,brand,1.0,0,0.0,0.8307692307692308,1.0,0.8307692307692308,0.9112251129428888,1.0,0.9112251129428888,0.9973230407561691,1.0,0.9973230407561691,0.951451223742459,1.0,0.951451223742459,0.922692152052687,1,human,4,1,1,1,1,1,1,1,1,4,4,non-human,out-of-fold,strong candidate,1.0
815731719,greysbot,brand,1.0,0,0.0,0.948905109489051,1.0,0.948905109489051,0.8081019143660658,1.0,0.8081019143660658,0.9743011325296193,1.0,0.9743011325296193,0.9214199645516894,1.0,0.9214199645516894,0.9131820302341064,1,human,4,1,1,1,1,1,1,1,1,4,4,non-human,out-of-fold,strong candidate,1.0
815731772,MusikDaLYCD,brand,1.0,0,0.0,1.0,1.0,1.0,0.9546010514843166,1.0,0.9546010514843166,1.0,1.0,1.0,0.94149921981479,1.0,0.94149921981479,0.9740250678247766,1,human,4,1,1,1,1,1,1,1,1,4,4,non-human,out-of-fold,strong candidate,1.0
815731926,Dominos_UK,brand,1.0,0,0.0,0.9831460674157303,1.0,0.9831460674157303,0.9137857983356865,1.0,0.9137857983356865,0.9995778071849952,1.0,0.9995778071849952,0.9382081403103288,1.0,0.9382081403103288,0.9586794533116851,1,human,4,1,1,1,1,1,1,1,1,4,4,non-human,out-of-fold,strong candidate,1.0
815732203,mattphillips78,brand,1.0,0,0.0,1.0,1.0,1.0,0.9611441052510636,1.0,0.9611441052510636,0.9920175537377472,1.0,0.9920175537377472,0.9813288431150139,1.0,0.9813288431150139,0.9836226255259561,1,human,4,1,1,1,1,1,1,1,1,4,4,non-human,out-of-fold,strong candidate,1.0
815732407,IUParking,brand,1.0,0,0.0,1.0,1.0,1.0,0.9524845823317204,1.0,0.9524845823317204,0.9903051687686482,1.0,0.9903051687686482,0.9932610479016349,1.0,0.9932610479016349,0.9840126997505009,1,human,4,1,1,1,1,1,1,1,1,4,4,non-human,out-of-fold,strong candidate,1.0
815732594,420USAPAC,brand,1.0,0,0.0,0.9753954305799648,1.0,0.9753954305799648,0.9534751289478614,1.0,0.9534751289478614,0.9732492790553943,1.0,0.9732492790553943,0.9685591958649253,1.0,0.9685591958649253,0.9676697586120364,1,human,4,1,1,1,1,1,1,1,1,4,4,non-human,out-of-fold,strong candidate,1.0
815732604,MicrosoftNY,brand,1.0,0,0.0,0.8666666666666667,1.0,0.8666666666666667,0.8744475346171403,1.0,0.8744475346171403,0.9912335915229558,1.0,0.9912335915229558,0.8109523799644515,1.0,0.8109523799644515,0.8858250431928035,1,human,4,1,1,1,1,1,1,1,1,4,4,non-human,out-of-fold,strong candidate,1.0
815732673,SmackHighSF,brand,1.0,0,0.0,0.924812030075188,1.0,0.924812030075188,0.8127016724082348,1.0,0.8127016724082348,0.9966675941668354,1.0,0.9966675941668354,0.8680911194077984,1.0,0.8680911194077984,0.9005681040145141,1,human,4,1,1,1,1,1,1,1,1,4,4,non-human,out-of-fold,strong candidate,1.0
815732761,ElementalHerb,brand,1.0,0,0.0,0.9620253164556962,1.0,0.9620253164556962,0.8670408605825728,1.0,0.8670408605825728,0.9832969817529204,1.0,0.9832969817529204,0.9456454093764705,1.0,0.9456454093764705,0.939502142041915,1,human,4,1,1,1,1,1,1,1,1,4,4,non-human,out-of-fold,strong candidate,1.0
815732780,Hopliten,brand,1.0,0,0.0,1.0,1.0,1.0,0.9086832384659745,1.0,0.9086832384659745,0.9999293711096143,1.0,0.9999293711096143,0.9056670744925508,1.0,0.9056670744925508,0.953569921017035,1,human,4,1,1,1,1,1,1,1,1,4,4,non-human,out-of-fold,strong candidate,1.0
815733120,FreshBestLocal,brand,1.0,0,0.0,0.957345971563981,1.0,0.957345971563981,0.823626122302364,1.0,0.823626122302364,0.9976924988062902,1.0,0.9976924988062902,0.9543911489102386,1.0,0.9543911489102386,0.9332639353957185,1,human,4,1,1,1,1,1,1,1,1,4,4,non-human,out-of-fold,strong candidate,1.0
815733127,MrViralMarketer,brand,1.0,0,0.0,0.8031496062992126,1.0,0.8031496062992126,1.0,1.0,1.0,1.0,1.0,1.0,0.8193133132585997,1.0,0.8193133132585997,0.905615729889453,1,human,4,1,1,1,1,1,1,1,1,4,4,non-human,out-of-fold,strong candidate,1.0
815733347,TheOtherPlus1,brand,1.0,0,0.0,1.0,1.0,1.0,0.9191151386172896,1.0,0.9191151386172896,0.9428962058687602,1.0,0.9428962058687602,0.8832934217808323,1.0,0.8832934217808323,0.9363261915667205,1,human,4,1,1,1,1,1,1,1,1,4,4,non-human,out-of-fold,strong candidate,1.0
815733444,LushWeCare,brand,1.0,0,0.0,0.9424460431654677,1.0,0.9424460431654677,0.9562617302852585,1.0,0.9562617302852585,0.9999999999999716,1.0,0.9999999999999716,0.962068695676066,1.0,0.962068695676066,0.9651941172816909,1,human,4,1,1,1,1,1,1,1,1,4,4,non-human,out-of-fold,strong candidate,1.0
815733468,StockExpert3,brand,1.0,0,0.0,0.9629629629629629,1.0,0.9629629629629629,0.9551783031388648,1.0,0.9551783031388648,0.8466198756644326,1.0,0.8466198756644326,0.9580692460022391,1.0,0.9580692460022391,0.9307075969421248,1,human,4,1,1,1,1,1,1,1,1,4,4,non-human,out-of-fold,strong candidate,1.0
815733577,weeddream420,brand,1.0,0,0.0,1.0,1.0,1.0,0.946785254696797,1.0,0.946785254696797,0.9999672745545026,1.0,0.9999672745545026,0.9611030740081224,1.0,0.9611030740081224,0.9769639008148555,1,human,4,1,1,1,1,1,1,1,1,4,4,non-human,out-of-fold,strong candidate,1.0
815733594,hopburnsblack,brand,1.0,0,0.0,0.875,1.0,0.875,0.9098923284372041,1.0,0.9098923284372041,0.9998983020082568,1.0,0.9998983020082568,0.8557427678600752,1.0,0.8557427678600752,0.9101333495763841,1,human,4,1,1,1,1,1,1,1,1,4,4,non-human,out-of-fold,strong candidate,1.0
815733644,byZayys,brand,1.0,0,0.0,0.9616613418530351,1.0,0.9616613418530351,0.8599427353872283,1.0,0.8599427353872283,0.9961284994844052,1.0,0.9961284994844052,0.9515157737384133,1.0,0.9515157737384133,0.9423120876157705,1,human,4,1,1,1,1,1,1,1,1,4,4,non-human,out-of-fold,strong candidate,1.0
815733668,ChrisF1116,brand,1.0,0,0.0,0.9664804469273743,1.0,0.9664804469273743,0.8092124319995224,1.0,0.8092124319995224,0.9999288504576824,1.0,0.9999288504576824,0.9921180588450679,1.0,0.9921180588450679,0.9419349470574119,1,human,4,1,1,1,1,1,1,1,1,4,4,non-human,out-of-fold,strong candidate,1.0
815733810,Bizzler4,brand,1.0,0,0.0,0.9629629629629629,1.0,0.9629629629629629,0.8057723514649459,1.0,0.8057723514649459,0.9999968165588281,1.0,0.9999968165588281,0.9157167429360256,1.0,0.9157167429360256,0.9211122184806906,1,human,4,1,1,1,1,1,1,1,1,4,4,non-human,out-of-fold,strong candidate,1.0
815733835,bcfc_fans_fc,brand,1.0,0,0.0,0.9521410579345088,1.0,0.9521410579345088,0.9540792416283206,1.0,0.9540792416283206,0.9999999999999076,1.0,0.9999999999999076,0.9910937220905855,1.0,0.9910937220905855,0.9743285054133306,1,human,4,1,1,1,1,1,1,1,1,4,4,non-human,out-of-fold,strong candidate,1.0
815733960,SouthwestAir,brand,1.0,0,0.0,0.9083333333333333,1.0,0.9083333333333333,0.9564276636567569,1.0,0.9564276636567569,0.9977526451813943,1.0,0.9977526451813943,0.9835632500803154,1.0,0.9835632500803154,0.96151922306295,1,human,4,1,1,1,1,1,1,1,1,4,4,non-human,out-of-fold,strong candidate,1.0
815733992,BonesDobie,brand,1.0,0,0.0,0.963882618510158,1.0,0.963882618510158,0.9557292919932353,1.0,0.9557292919932353,0.9953420412911546,1.0,0.9953420412911546,0.8392643703660865,1.0,0.8392643703660865,0.9385545805401585,1,human,4,1,1,1,1,1,1,1,1,4,4,non-human,out-of-fold,strong candidate,1.0
815734008,Shim_bop,brand,1.0,0,0.0,0.8470149253731343,1.0,0.8470149253731343,1.0,1.0,1.0,1.0,1.0,1.0,0.9330372386322026,1.0,0.9330372386322026,0.9450130410013342,1,human,4,1,1,1,1,1,1,1,1,4,4,non-human,out-of-fold,strong candidate,1.0
815734033,samsBellabob,brand,1.0,0,0.0,0.8936170212765957,1.0,0.8936170212765957,1.0,1.0,1.0,0.9999997777629444,1.0,0.9999997777629444,0.9730476490991494,1.0,0.9730476490991494,0.9666661120346723,1,human,4,1,1,1,1,1,1,1,1,4,4,non-human,out-of-fold,strong candidate,1.0
815734204,anytimetips,brand,1.0,0,0.0,1.0,1.0,1.0,0.9560208796834265,1.0,0.9560208796834265,0.999999999999936,1.0,0.999999999999936,0.9486692462726921,1.0,0.9486692462726921,0.9761725314890137,1,human,4,1,1,1,1,1,1,1,1,4,4,non-human,out-of-fold,strong candidate,1.0
815734415,SaltCreekCN,brand,1.0,0,0.0,0.9831460674157303,1.0,0.9831460674157303,0.9554176337755399,1.0,0.9554176337755399,0.9999449803136654,1.0,0.9999449803136654,0.9049297054400033,1.0,0.9049297054400033,0.9608595967362348,1,human,4,1,1,1,1,1,1,1,1,4,4,non-human,out-of-fold,strong candidate,1.0
815734511,NightOwlsGaming,brand,1.0,0,0.0,0.9931506849315068,1.0,0.9931506849315068,0.9597398381500357,1.0,0.9597398381500357,0.9698056573094418,1.0,0.9698056573094418,0.9443052146843248,1.0,0.9443052146843248,0.9667503487688273,1,human,4,1,1,1,1,1,1,1,1,4,4,non-human,out-of-fold,strong candidate,1.0
815734629,IHOP,brand,1.0,0,0.0,1.0,1.0,1.0,0.8919377490532563,1.0,0.8919377490532563,0.999994633398573,1.0,0.999994633398573,0.9549488823489212,1.0,0.9549488823489212,0.9617203162001875,1,human,4,1,1,1,1,1,1,1,1,4,4,non-human,out-of-fold,strong candidate,1.0
815734635,Skipton_Police,brand,1.0,0,0.0,0.9083333333333333,1.0,0.9083333333333333,0.956867316559394,1.0,0.956867316559394,0.967571688501665,1.0,0.967571688501665,0.9255607712651481,1.0,0.9255607712651481,0.9395832774148851,1,human,4,1,1,1,1,1,1,1,1,4,4,non-human,out-of-fold,strong candidate,1.0
815734999,Nuevomedio,brand,1.0,0,0.0,1.0,1.0,1.0,0.8999781919475852,1.0,0.8999781919475852,0.9999999999919957,1.0,0.9999999999919957,0.9873812037746397,1.0,0.9873812037746397,0.9718398489285551,1,human,4,1,1,1,1,1,1,1,1,4,4,non-human,out-of-fold,strong candidate,1.0
815735055,L7Vinal,brand,1.0,0,0.0,0.8470149253731343,1.0,0.8470149253731343,0.9549772960303055,1.0,0.9549772960303055,0.9999088496600067,1.0,0.9999088496600067,0.9318625839815375,1.0,0.9318625839815375,0.933440913761246,1,human,4,1,1,1,1,1,1,1,1,4,4,non-human,out-of-fold,strong candidate,1.0
815735103,GbenroBasit,brand,1.0,0,0.0,0.8565891472868217,1.0,0.8565891472868217,0.863018676377214,1.0,0.863018676377214,0.999999999999984,1.0,0.999999999999984,0.9674614926785117,1.0,0.9674614926785117,0.9217673290856327,1,human,4,1,1,1,1,1,1,1,1,4,4,non-human,out-of-fold,strong candidate,1.0
815735146,GripenNews,brand,1.0,0,0.0,0.9646739130434783,1.0,0.9646739130434783,0.8022664974307905,1.0,0.8022664974307905,0.9948205872720115,1.0,0.9948205872720115,0.9353281935002695,1.0,0.9353281935002695,0.9242722978116373,1,human,4,1,1,1,1,1,1,1,1,4,4,non-human,out-of-fold,strong candidate,1.0
815735182,pacmissle,brand,1.0,0,0.0,0.8666666666666667,1.0,0.8666666666666667,0.8487860793966743,1.0,0.8487860793966743,0.9306531950496714,1.0,0.9306531950496714,0.9731353062937312,1.0,0.9731353062937312,0.9048103118516859,1,human,4,1,1,1,1,1,1,1,1,4,4,non-human,out-of-fold,strong candidate,1.0
815735202,AniesiODaniels,brand,1.0,0,0.0,1.0,1.0,1.0,0.9074234177095674,1.0,0.9074234177095674,0.9958931715313128,1.0,0.9958931715313128,0.9725033601882219,1.0,0.9725033601882219,0.9689549873572756,1,human,4,1,1,1,1,1,1,1,1,4,4,non-human,out-of-fold,strong candidate,1.0
815735256,BPCDicksonCity,brand,1.0,0,0.0,0.9220338983050848,1.0,0.9220338983050848,0.8237509318098412,1.0,0.8237509318098412,0.9999968120396913,1.0,0.9999968120396913,0.8169733876760159,1.0,0.8169733876760159,0.8906887574576583,1,human,4,1,1,1,1,1,1,1,1,4,4,non-human,out-of-fold,strong candidate,1.0
815735263,Petco,brand,1.0,0,0.0,0.972972972972973,1.0,0.972972972972973,0.8585041917473598,1.0,0.8585041917473598,0.9405579620643729,1.0,0.9405579620643729,0.831888719681588,1.0,0.831888719681588,0.9009809616165735,1,human,4,1,1,1,1,1,1,1,1,4,4,non-human,out-of-fold,strong candidate,1.0
815735291,talk910,brand,1.0,0,0.0,0.9662921348314607,1.0,0.9662921348314607,0.9565920077720962,1.0,0.9565920077720962,0.9988767237022497,1.0,0.9988767237022497,0.9333463168795425,1.0,0.9333463168795425,0.9637767957963372,1,human,4,1,1,1,1,1,1,1,1,4,4,non-human,out-of-fold,strong candidate,1.0
815735294,TWDSAfrica,brand,1.0,0,0.0,0.9226804123711341,1.0,0.9226804123711341,0.8415653912896,1.0,0.8415653912896,0.9989532844983983,1.0,0.9989532844983983,0.8944556998266239,1.0,0.8944556998266239,0.914413696996439,1,human,4,1,1,1,1,1,1,1,1,4,4,non-human,out-of-fold,strong candidate,1.0
815735449,rotherhithetour,brand,1.0,0,0.0,0.813953488372093,1.0,0.813953488372093,0.9054134828973566,1.0,0.9054134828973566,0.981301679437927,1.0,0.981301679437927,0.8875007478285946,1.0,0.8875007478285946,0.8970423496339928,1,human,4,1,1,1,1,1,1,1,1,4,4,non-human,out-of-fold,strong candidate,1.0
815735533,CanadianBeats1,brand,1.0,0,0.0,1.0,1.0,1.0,0.9210143150246447,1.0,0.9210143150246447,0.9999999999995666,1.0,0.9999999999995666,0.9746919005920636,1.0,0.9746919005920636,0.9739265539040687,1,human,4,1,1,1,1,1,1,1,1,4,4,non-human,out-of-fold,strong candidate,1.0
815735607,Porcelanosa_EN,brand,1.0,0,0.0,0.924812030075188,1.0,0.924812030075188,0.9090404796513959,1.0,0.9090404796513959,0.9970245313097472,1.0,0.9970245313097472,0.9797688763723096,1.0,0.9797688763723096,0.9526614793521602,1,human,4,1,1,1,1,1,1,1,1,4,4,non-human,out-of-fold,strong candidate,1.0
815735660,TheMartinParty,brand,1.0,0,0.0,1.0,1.0,1.0,0.9084164171252174,1.0,0.9084164171252174,0.9676667381167207,1.0,0.9676667381167207,0.9024694832572225,1.0,0.9024694832572225,0.9446381596247901,1,human,4,1,1,1,1,1,1,1,1,4,4,non-human,out-of-fold,strong candidate,1.0
815735832,GastroGays,brand,1.0,0,0.0,0.8275862068965517,1.0,0.8275862068965517,0.8222180604548623,1.0,0.8222180604548623,0.9989986486631006,1.0,0.9989986486631006,0.9263815415104183,1.0,0.9263815415104183,0.8937961143812333,1,human,4,1,1,1,1,1,1,1,1,4,4,non-human,out-of-fold,strong candidate,1.0
815735867,TheVelcroGamer,brand,1.0,0,0.0,0.8843537414965986,1.0,0.8843537414965986,0.8554629208875595,1.0,0.8554629208875595,0.9858735437074301,1.0,0.9858735437074301,0.8335115600355958,1.0,0.8335115600355958,0.8898004415317959,1,human,4,1,1,1,1,1,1,1,1,4,4,non-human,out-of-fold,strong candidate,1.0
815735968,PenguinBoss1,brand,1.0,0,0.0,0.9629629629629629,1.0,0.9629629629629629,0.9602058475475667,1.0,0.9602058475475667,0.8170916134220978,1.0,0.8170916134220978,0.9478273839738265,1.0,0.9478273839738265,0.9220219519766135,1,human,4,1,1,1,1,1,1,1,1,4,4,non-human,out-of-fold,strong candidate,1.0
815736065,blefuscu74,brand,1.0,0,0.0,1.0,1.0,1.0,0.9410339986881251,1.0,0.9410339986881251,0.9818449734800518,1.0,0.9818449734800518,0.8672156499201357,1.0,0.8672156499201357,0.9475236555220782,1,human,4,1,1,1,1,1,1,1,1,4,4,non-human,out-of-fold,strong candidate,1.0
815736281,bbbrieger,brand,1.0,0,0.0,0.8235294117647058,1.0,0.8235294117647058,0.8100627640364988,1.0,0.8100627640364988,0.9938033749065237,1.0,0.9938033749065237,0.9642109745029321,1.0,0.9642109745029321,0.8979016313026651,1,human,4,1,1,1,1,1,1,1,1,4,4,non-human,out-of-fold,strong candidate,1.0
815736293,TheFuture2Hope4,brand,1.0,0,0.0,1.0,1.0,1.0,1.0,1.0,1.0,0.9999999999030784,1.0,0.9999999999030784,0.9758218375276072,1.0,0.9758218375276072,0.9939554593576714,1,human,4,1,1,1,1,1,1,1,1,4,4,non-human,out-of-fold,strong candidate,1.0
815736412,armadillomon,brand,1.0,0,0.0,0.9753954305799648,1.0,0.9753954305799648,1.0,1.0,1.0,1.0,1.0,1.0,0.9927612163071465,1.0,0.9927612163071465,0.9920391617217779,1,human,4,1,1,1,1,1,1,1,1,4,4,non-human,out-of-fold,strong candidate,1.0
815736462,GetYourTipsOut,brand,1.0,0,0.0,0.9831460674157303,1.0,0.9831460674157303,0.8338673716719657,1.0,0.8338673716719657,0.9968077346596055,1.0,0.9968077346596055,0.9115252691330572,1.0,0.9115252691330572,0.9313366107200897,1,human,4,1,1,1,1,1,1,1,1,4,4,non-human,out-of-fold,strong candidate,1.0
815736466,MarioDinardo9,male,1.0,0,1.0,0.0,0.0,1.0,0.0,0.0,1.0,7.302235075968233e-91,0.0,1.0,0.007503632180470455,0.0,0.9924963678195295,0.0018759080451176138,0,non-human,4,1,1,1,1,1,1,1,1,4,4,human,out-of-fold,strong candidate,1.0
815736485,gardenandbooks,brand,1.0,0,0.0,0.8925925925925926,1.0,0.8925925925925926,0.9560544040950395,1.0,0.9560544040950395,0.998064107368792,1.0,0.998064107368792,0.9107026241696655,1.0,0.9107026241696655,0.9393534320565223,1,human,4,1,1,1,1,1,1,1,1,4,4,non-human,out-of-fold,strong candidate,1.0
815736675,SHSComplimnts,brand,1.0,0,0.0,0.9090909090909091,1.0,0.9090909090909091,1.0,1.0,1.0,0.9985680033752212,1.0,0.9985680033752212,0.9343751847541334,1.0,0.9343751847541334,0.960508524305066,1,human,4,1,1,1,1,1,1,1,1,4,4,non-human,out-of-fold,strong candidate,1.0
815736693,hv_younglife,brand,1.0,0,0.0,0.851063829787234,1.0,0.851063829787234,0.8981406730083843,1.0,0.8981406730083843,0.9999999999997016,1.0,0.9999999999997016,0.9480221999307973,1.0,0.9480221999307973,0.9243066756815292,1,human,4,1,1,1,1,1,1,1,1,4,4,non-human,out-of-fold,strong candidate,1.0
815736696,NYCFCBlues,brand,1.0,0,0.0,0.9226804123711341,1.0,0.9226804123711341,0.8948787320554993,1.0,0.8948787320554993,0.9983677020371342,1.0,0.9983677020371342,0.943527477834725,1.0,0.943527477834725,0.9398635810746232,1,human,4,1,1,1,1,1,1,1,1,4,4,non-human,out-of-fold,strong candidate,1.0
815736730,teamloverecords,brand,1.0,0,0.0,0.8617021276595744,1.0,0.8617021276595744,0.9086968388423203,1.0,0.9086968388423203,0.9998216936408668,1.0,0.9998216936408668,0.8855593071833623,1.0,0.8855593071833623,0.913944991831531,1,human,4,1,1,1,1,1,1,1,1,4,4,non-human,out-of-fold,strong candidate,1.0
815736799,SirenSeaSA,brand,1.0,0,0.0,0.8421052631578947,1.0,0.8421052631578947,0.8612155278920309,1.0,0.8612155278920309,0.9072248328772323,1.0,0.9072248328772323,0.830641851782798,1.0,0.830641851782798,0.860296868927489,1,human,4,1,1,1,1,1,1,1,1,4,4,non-human,out-of-fold,strong candidate,1.0
815736909,GerardCosmetics,brand,1.0,0,0.0,0.9521410579345088,1.0,0.9521410579345088,0.8224064688665154,1.0,0.8224064688665154,0.9733277397478696,1.0,0.9733277397478696,0.8792867609106544,1.0,0.8792867609106544,0.906790506864887,1,human,4,1,1,1,1,1,1,1,1,4,4,non-human,out-of-fold,strong candidate,1.0
815737027,BACCV,brand,1.0,0,0.0,0.957345971563981,1.0,0.957345971563981,0.9012843356063887,1.0,0.9012843356063887,0.9999839522371148,1.0,0.9999839522371148,0.9065798674103134,1.0,0.9065798674103134,0.9412985317044495,1,human,4,1,1,1,1,1,1,1,1,4,4,non-human,out-of-fold,strong candidate,1.0
815737036,DefiantBA,brand,1.0,0,0.0,0.9812382739212008,1.0,0.9812382739212008,1.0,1.0,1.0,0.9999999999999929,1.0,0.9999999999999929,0.992504957406005,1.0,0.992504957406005,0.9934358078317996,1,human,4,1,1,1,1,1,1,1,1,4,4,non-human,out-of-fold,strong candidate,1.0
815737252,OnlyTruthReign,brand,1.0,0,0.0,0.9326923076923077,1.0,0.9326923076923077,0.8482324444350805,1.0,0.8482324444350805,0.9999999999939249,1.0,0.9999999999939249,0.8477924941001173,1.0,0.8477924941001173,0.9071793115553576,1,human,4,1,1,1,1,1,1,1,1,4,4,non-human,out-of-fold,strong candidate,1.0
815737346,BlakeNextGen15,brand,1.0,0,0.0,0.9772727272727273,1.0,0.9772727272727273,0.9067030618797433,1.0,0.9067030618797433,0.9686579605075913,1.0,0.9686579605075913,0.91630862154036,1.0,0.91630862154036,0.9422355928001055,1,human,4,1,1,1,1,1,1,1,1,4,4,non-human,out-of-fold,strong candidate,1.0
815737509,viperblood77,brand,1.0,0,0.0,1.0,1.0,1.0,1.0,1.0,1.0,0.997587209663867,1.0,0.997587209663867,0.9843497885098099,1.0,0.9843497885098099,0.9954842495434192,1,human,4,1,1,1,1,1,1,1,1,4,4,non-human,out-of-fold,strong candidate,1.0
815737863,oidptg,brand,1.0,0,0.0,0.9753954305799648,1.0,0.9753954305799648,1.0,1.0,1.0,0.9971389112541734,1.0,0.9971389112541734,0.9608943042021267,1.0,0.9608943042021267,0.9833571615090663,1,human,4,1,1,1,1,1,1,1,1,4,4,non-human,out-of-fold,strong candidate,1.0
815737920,WiffleBall1,brand,1.0,0,0.0,0.9985228951255539,1.0,0.9985228951255539,1.0,1.0,1.0,0.9999999999999183,1.0,0.9999999999999183,0.9837646764155673,1.0,0.9837646764155673,0.9955718928852599,1,human,4,1,1,1,1,1,1,1,1,4,4,non-human,out-of-fold,strong candidate,1.0
815737967,ACHoang32,brand,1.0,0,0.0,1.0,1.0,1.0,0.8420140652186121,1.0,0.8420140652186121,0.9847095514666669,1.0,0.9847095514666669,0.9765449343305269,1.0,0.9765449343305269,0.9508171377539515,1,human,4,1,1,1,1,1,1,1,1,4,4,non-human,out-of-fold,strong candidate,1.0
815738063,TipsForYouDaily,brand,1.0,0,0.0,0.9911504424778761,1.0,0.9911504424778761,0.9569526796416619,1.0,0.9569526796416619,0.9999945477086022,1.0,0.9999945477086022,0.8456607398344336,1.0,0.8456607398344336,0.9484396024156434,1,human,4,1,1,1,1,1,1,1,1,4,4,non-human,out-of-fold,strong candidate,1.0
815738075,Brawler_WF,brand,1.0,0,0.0,0.9753954305799648,1.0,0.9753954305799648,0.9438584268799015,1.0,0.9438584268799015,0.9999998103595795,1.0,0.9999998103595795,0.9395295018372479,1.0,0.9395295018372479,0.9646957924141735,1,human,4,1,1,1,1,1,1,1,1,4,4,non-human,out-of-fold,strong candidate,1.0
815738253,cashset_Lae,brand,1.0,0,0.0,1.0,1.0,1.0,1.0,1.0,1.0,0.9999999110316264,1.0,0.9999999110316264,0.9957341263018368,1.0,0.9957341263018368,0.9989335093333658,1,human,4,1,1,1,1,1,1,1,1,4,4,non-human,out-of-fold,strong candidate,1.0
815738372,KELINKenya,brand,1.0,0,0.0,0.87,1.0,0.87,0.8632941336502287,1.0,0.8632941336502287,0.9999999999994493,1.0,0.9999999999994493,0.9447025262010699,1.0,0.9447025262010699,0.9194991649626869,1,human,4,1,1,1,1,1,1,1,1,4,4,non-human,out-of-fold,strong candidate,1.0
815738488,senzeal,brand,1.0,0,0.0,1.0,1.0,1.0,0.8437254382371532,1.0,0.8437254382371532,0.9994504006320317,1.0,0.9994504006320317,0.9020931314911127,1.0,0.9020931314911127,0.9363172425900745,1,human,4,1,1,1,1,1,1,1,1,4,4,non-human,out-of-fold,strong candidate,1.0
815738502,mymeedia,brand,1.0,0,0.0,0.9484536082474226,1.0,0.9484536082474226,0.9047350627670331,1.0,0.9047350627670331,1.0,1.0,1.0,0.875983205225838,1.0,0.875983205225838,0.9322929690600734,1,human,4,1,1,1,1,1,1,1,1,4,4,non-human,out-of-fold,strong candidate,1.0
815738576,JbSleaz,brand,1.0,0,0.0,0.8888888888888888,1.0,0.8888888888888888,0.9566217646059096,1.0,0.9566217646059096,1.0,1.0,1.0,0.9986989131354553,1.0,0.9986989131354553,0.9610523916575635,1,human,4,1,1,1,1,1,1,1,1,4,4,non-human,out-of-fold,strong candidate,1.0
815738769,feedmeCFC,brand,1.0,0,0.0,0.948905109489051,1.0,0.948905109489051,1.0,1.0,1.0,0.9595771464619507,1.0,0.9595771464619507,0.9479048190467838,1.0,0.9479048190467838,0.9640967687494464,1,human,4,1,1,1,1,1,1,1,1,4,4,non-human,out-of-fold,strong candidate,1.0
815738851,ToneItUp,brand,1.0,0,0.0,0.9521410579345088,1.0,0.9521410579345088,1.0,1.0,1.0,0.9996780927597981,1.0,0.9996780927597981,0.9649050827724148,1.0,0.9649050827724148,0.9791810583666805,1,human,4,1,1,1,1,1,1,1,1,4,4,non-human,out-of-fold,strong candidate,1.0
815739241,LearnBhangraApp,brand,1.0,0,0.0,0.8275862068965517,1.0,0.8275862068965517,0.9549633774547306,1.0,0.9549633774547306,0.9985398202983545,1.0,0.9985398202983545,0.9686552876222916,1.0,0.9686552876222916,0.9374361730679821,1,human,4,1,1,1,1,1,1,1,1,4,4,non-human,out-of-fold,strong candidate,1.0
815739271,loserstation,brand,1.0,0,0.0,0.963882618510158,1.0,0.963882618510158,0.9565350987173618,1.0,0.9565350987173618,0.999955872116196,1.0,0.999955872116196,0.9878817532996287,1.0,0.9878817532996287,0.9770638356608361,1,human,4,1,1,1,1,1,1,1,1,4,4,non-human,out-of-fold,strong candidate,1.0
815739377,BarbasolShave,brand,1.0,0,0.0,1.0,1.0,1.0,0.9020876925108413,1.0,0.9020876925108413,0.9952034323088624,1.0,0.9952034323088624,0.9486064484306385,1.0,0.9486064484306385,0.9614743933125856,1,human,4,1,1,1,1,1,1,1,1,4,4,non-human,out-of-fold,strong candidate,1.0
815739594,Gbuschrist,brand,1.0,0,0.0,0.9812382739212008,1.0,0.9812382739212008,1.0,1.0,1.0,0.9998170462145637,1.0,0.9998170462145637,0.9728391744908118,1.0,0.9728391744908118,0.988473623656644,1,human,4,1,1,1,1,1,1,1,1,4,4,non-human,out-of-fold,strong candidate,1.0
815733519,HeshamBeram,brand,0.3312,0,0.0,0.6363636363636364,1.0,0.6363636363636364,0.9371142463647966,1.0,0.9371142463647966,0.9999999999999964,1.0,0.9999999999999964,0.9296937756532055,1.0,0.9296937756532055,0.8757929145954088,1,human,4,1,0,1,1,1,1,1,1,4,3,non-human,held-out candidate,strong candidate,0.3312
815731005,samisuperfly,brand,0.3354,0,0.0,1.0,1.0,1.0,0.7731714805678794,1.0,0.7731714805678794,0.987505754177774,1.0,0.987505754177774,0.9376871413273907,1.0,0.9376871413273907,0.924591094018261,1,human,4,1,1,1,0,1,1,1,1,4,3,non-human,held-out candidate,strong candidate,0.3354
815722041,guscraw,brand,0.3355,0,0.0,0.7163120567375887,1.0,0.7163120567375887,0.9577913554529278,1.0,0.9577913554529278,0.9999803683210947,1.0,0.9999803683210947,0.8445026663253304,1.0,0.8445026663253304,0.8796466117092354,1,human,4,1,0,1,1,1,1,1,1,4,3,non-human,held-out candidate,strong candidate,0.3355
815732437,Caaffi__Laaryo,male,0.3373,0,1.0,0.10526315789473684,0.0,0.8947368421052632,0.027958248594311147,0.0,0.9720417514056888,1.9374867066917205e-05,0.0,0.9999806251329331,0.2112595239436879,0.0,0.7887404760563121,0.0861250763249507,0,non-human,4,1,1,1,1,1,1,1,0,4,3,human,held-out candidate,strong candidate,0.3373
815731645,alexgasratchet,brand,0.3374,0,0.0,0.7163120567375887,1.0,0.7163120567375887,0.9622022321483906,1.0,0.9622022321483906,0.9867340463714525,1.0,0.9867340463714525,0.8488245211461637,1.0,0.8488245211461637,0.8785182141008988,1,human,4,1,0,1,1,1,1,1,1,4,3,non-human,held-out candidate,strong candidate,0.3374
815728027,Richards101RBLX,brand,0.3375,0,0.0,0.7407407407407407,1.0,0.7407407407407407,0.9053146007345523,1.0,0.9053146007345523,0.904408725891298,1.0,0.904408725891298,0.821727144995998,1.0,0.821727144995998,0.8430478030906472,1,human,4,1,0,1,1,1,1,1,1,4,3,non-human,held-out candidate,strong candidate,0.3375
815735389,Thatdamn_Scrapp,brand,0.3383,0,0.0,0.8287671232876712,1.0,0.8287671232876712,0.7379610797224246,1.0,0.7379610797224246,0.9766793126659188,1.0,0.9766793126659188,0.9637070227363445,1.0,0.9637070227363445,0.8767786346030897,1,human,4,1,1,1,0,1,1,1,1,4,3,non-human,held-out candidate,strong candidate,0.3383
815732145,yumronidua,male,0.3384,0,1.0,0.16129032258064516,0.0,0.8387096774193549,0.1717661567258647,0.0,0.8282338432741353,0.00476596279339341,0.0,0.9952340372066066,0.2857218649953424,0.0,0.7142781350046576,0.15588607677381142,0,non-human,4,1,1,1,1,1,1,1,0,4,3,human,held-out candidate,strong candidate,0.3384
815739370,Sualte__Keoyfi,female,0.3387,0,1.0,0.10526315789473684,0.0,0.8947368421052632,0.018821743762772635,0.0,0.9811782562372273,2.2159432554775383e-05,0.0,0.9999778405674452,0.22729813780777655,0.0,0.7727018621922235,0.08785129972446021,0,non-human,4,1,1,1,1,1,1,1,0,4,3,human,held-out candidate,strong candidate,0.3387
815729596,pramoldhawan,brand,0.3388,0,0.0,0.9457364341085271,1.0,0.9457364341085271,0.9598438339770059,1.0,0.9598438339770059,0.5324714038221718,1.0,0.5324714038221718,0.9877875756547856,1.0,0.9877875756547856,0.8564598118906226,1,human,4,1,1,1,1,1,0,1,1,4,3,non-human,held-out candidate,strong candidate,0.3388
815736783,KiltsOfDeath,brand,0.34,0,0.0,0.7051282051282052,1.0,0.7051282051282052,0.908755007921086,1.0,0.908755007921086,0.8127391824899183,1.0,0.8127391824899183,0.8686254725097343,1.0,0.8686254725097343,0.8238119670122359,1,human,4,1,0,1,1,1,1,1,1,4,3,non-human,held-out candidate,strong candidate,0.34
815731177,156Sharknose,brand,0.3402,0,0.0,0.7163120567375887,1.0,0.7163120567375887,0.8084034072322611,1.0,0.8084034072322611,1.0,1.0,1.0,0.9156090702750992,1.0,0.9156090702750992,0.8600811335612373,1,human,4,1,0,1,1,1,1,1,1,4,3,non-human,held-out candidate,strong candidate,0.3402
815734948,12_granger,brand,0.3409,0,0.0,1.0,1.0,1.0,0.8221959283242867,1.0,0.8221959283242867,0.4183884638935316,1.0,0.4183884638935316,0.8537498299221471,1.0,0.8537498299221471,0.7735835555349914,1,human,4,1,1,1,1,1,0,1,1,4,3,non-human,held-out candidate,strong candidate,0.3409
815738989,jemstok,brand,0.3409,0,0.0,1.0,1.0,1.0,0.9601034127315135,1.0,0.9601034127315135,0.46023837345579677,1.0,0.46023837345579677,0.9822244161964175,1.0,0.9822244161964175,0.8506415505959319,1,human,4,1,1,1,1,1,0,1,1,4,3,non-human,held-out candidate,strong candidate,0.3409
815731148,timc4567,brand,0.3411,0,0.0,0.9897750511247444,1.0,0.9897750511247444,1.0,1.0,1.0,0.7528655300588121,1.0,0.7528655300588121,0.9889649730124725,1.0,0.9889649730124725,0.9329013885490072,1,human,4,1,1,1,1,1,0,1,1,4,3,non-human,held-out candidate,strong candidate,0.3411
815738948,forestbirb,brand,0.3415,0,0.0,0.9117647058823529,1.0,0.9117647058823529,0.7877014885431446,1.0,0.7877014885431446,0.999976473696519,1.0,0.999976473696519,0.9704435340037921,1.0,0.9704435340037921,0.9174715505314522,1,human,4,1,1,1,0,1,1,1,1,4,3,non-human,held-out candidate,strong candidate,0.3415
815733192,1cough_syrup8,brand,0.3429,0,0.0,0.6962025316455697,1.0,0.6962025316455697,0.9100350853383594,1.0,0.9100350853383594,0.9993112121072596,1.0,0.9993112121072596,0.8122705999079922,1.0,0.8122705999079922,0.8544548572497952,1,human,4,1,0,1,1,1,1,1,1,4,3,non-human,held-out candidate,strong candidate,0.3429
815733703,finn_thy_Human,brand,0.3436,0,0.0,0.8636363636363636,1.0,0.8636363636363636,0.7789109813617541,1.0,0.7789109813617541,0.9287412875673557,1.0,0.9287412875673557,0.8032703731682026,1.0,0.8032703731682026,0.843639751433419,1,human,4,1,1,1,0,1,1,1,1,4,3,non-human,held-out candidate,strong candidate,0.3436
815729425,_Lantern_,brand,0.344,0,0.0,0.7051282051282052,1.0,0.7051282051282052,0.8658336450742681,1.0,0.8658336450742681,0.999999999999936,1.0,0.999999999999936,0.9798542715960252,1.0,0.9798542715960252,0.8877040304496087,1,human,4,1,0,1,1,1,1,1,1,4,3,non-human,held-out candidate,strong candidate,0.344
815736261,ApplesForRyuk,brand,0.3449,0,0.0,0.7051282051282052,1.0,0.7051282051282052,0.9464904262542648,1.0,0.9464904262542648,1.0,1.0,1.0,0.8940574455471948,1.0,0.8940574455471948,0.8864190192324162,1,human,4,1,0,1,1,1,1,1,1,4,3,non-human,held-out candidate,strong candidate,0.3449
815723380,BeEtLjOoZ,brand,0.3479,0,0.0,0.8734177215189873,1.0,0.8734177215189873,0.8614127861243285,1.0,0.8614127861243285,0.9852798699086845,1.0,0.9852798699086845,0.7381536381372311,1.0,0.7381536381372311,0.8645660039223079,1,human,4,1,1,1,1,1,1,1,0,4,3,non-human,held-out candidate,strong candidate,0.3479
815734244,Collinsfrappe,brand,0.3489,0,0.0,0.6962025316455697,1.0,0.6962025316455697,0.8878153374827557,1.0,0.8878153374827557,1.0,1.0,1.0,0.9497189881832971,1.0,0.9497189881832971,0.8834342143279056,1,human,4,1,0,1,1,1,1,1,1,4,3,non-human,held-out candidate,strong candidate,0.3489
815731940,NYTweetz,brand,0.3498,0,0.0,0.8287671232876712,1.0,0.8287671232876712,0.8337339160986993,1.0,0.8337339160986993,0.9389302566831125,1.0,0.9389302566831125,0.6119592171916901,1.0,0.6119592171916901,0.8033476283152933,1,human,4,1,1,1,1,1,1,1,0,4,3,non-human,held-out candidate,strong candidate,0.3498
815719475,florrie1234,brand,0.35,0,0.0,0.8974358974358975,1.0,0.8974358974358975,1.0,1.0,1.0,0.38888359252605337,1.0,0.38888359252605337,0.9841823726027631,1.0,0.9841823726027631,0.8176254656411784,1,human,4,1,1,1,1,1,0,1,1,4,3,non-human,held-out candidate,strong candidate,0.35
815726508,CLMcGillicutty,brand,0.3526,0,0.0,0.9487179487179487,1.0,0.9487179487179487,0.7520186739647916,1.0,0.7520186739647916,0.9971325489890708,1.0,0.9971325489890708,0.8691356356580695,1.0,0.8691356356580695,0.89175120183247,1,human,4,1,1,1,0,1,1,1,1,4,3,non-human,held-out candidate,strong candidate,0.3526
815728221,OKStateProbs,brand,0.3536,0,0.0,0.9339622641509434,1.0,0.9339622641509434,0.86464376391164,1.0,0.86464376391164,0.9931883643023827,1.0,0.9931883643023827,0.7931571106526664,1.0,0.7931571106526664,0.896237875754408,1,human,4,1,1,1,1,1,1,1,0,4,3,non-human,held-out candidate,strong candidate,0.3536
815729310,Rob_Simple,brand,0.3548,0,0.0,0.6,1.0,0.6,0.85344303446114,1.0,0.85344303446114,0.9997390708042767,1.0,0.9997390708042767,0.9941799719354695,1.0,0.9941799719354695,0.8618405193002215,1,human,4,1,0,1,1,1,1,1,1,4,3,non-human,held-out candidate,strong candidate,0.3548
815721239,RedLineCommuter,brand,0.3551,0,0.0,0.8636363636363636,1.0,0.8636363636363636,0.8090390997981084,1.0,0.8090390997981084,0.9913458543052911,1.0,0.9913458543052911,0.7880572607520717,1.0,0.7880572607520717,0.8630196446229588,1,human,4,1,1,1,1,1,1,1,0,4,3,non-human,held-out candidate,strong candidate,0.3551
815723952,mom2yahoos,brand,0.3571,0,0.0,0.8723404255319149,1.0,0.8723404255319149,0.7955900397673688,1.0,0.7955900397673688,0.807202954166402,1.0,0.807202954166402,0.8822237279110953,1.0,0.8822237279110953,0.8393392868441952,1,human,4,1,1,1,0,1,1,1,1,4,3,non-human,held-out candidate,strong candidate,0.3571
815731362,fairfunkyhelen,brand,0.3622,0,0.0,0.7051282051282052,1.0,0.7051282051282052,0.8617900323383324,1.0,0.8617900323383324,0.9347123829300427,1.0,0.9347123829300427,0.9289843754809907,1.0,0.9289843754809907,0.8576537489693927,1,human,4,1,0,1,1,1,1,1,1,4,3,non-human,held-out candidate,strong candidate,0.3622
815721546,seriouslycrowen,brand,0.6296,0,0.0,0.9457364341085271,1.0,0.9457364341085271,0.8454153095319505,1.0,0.8454153095319505,0.6834563326286945,1.0,0.6834563326286945,0.9022212703419058,1.0,0.9022212703419058,0.8442073366527695,1,human,4,1,1,1,1,1,0,1,1,4,3,non-human,held-out candidate,strong candidate,0.6296
815738130,2faceh,brand,0.6296,0,0.0,0.9897750511247444,1.0,0.9897750511247444,0.7677532577749352,1.0,0.7677532577749352,0.8403302821557417,1.0,0.8403302821557417,0.980903229786788,1.0,0.980903229786788,0.8946904552105522,1,human,4,1,1,1,0,1,1,1,1,4,3,non-human,held-out candidate,strong candidate,0.6296
815731804,1000kindsofrain,brand,0.6366,0,0.0,0.7906976744186046,1.0,0.7906976744186046,0.9559580755784123,1.0,0.9559580755784123,0.9376569299351689,1.0,0.9376569299351689,0.9937200058209404,1.0,0.9937200058209404,0.9195081714382816,1,human,4,1,0,1,1,1,1,1,1,4,3,non-human,held-out candidate,strong candidate,0.6366
815729418,GembisMath,brand,0.6383,0,0.0,0.9307692307692308,1.0,0.9307692307692308,0.6925195990701359,1.0,0.6925195990701359,0.8438416076329143,1.0,0.8438416076329143,0.9551934178766776,1.0,0.9551934178766776,0.8555809638372396,1,human,4,1,1,1,0,1,1,1,1,4,3,non-human,held-out candidate,strong candidate,0.6383
815720266,DolphinDivePro,brand,0.6386,0,0.0,1.0,1.0,1.0,0.7500137361037209,1.0,0.7500137361037209,1.0,1.0,1.0,0.8208435433016803,1.0,0.8208435433016803,0.8927143198513503,1,human,4,1,1,1,0,1,1,1,1,4,3,non-human,held-out candidate,strong candidate,0.6386
815719907,flotsamfiles,brand,0.6394,0,0.0,0.9307692307692308,1.0,0.9307692307692308,0.7689799413246019,1.0,0.7689799413246019,0.95885254442829,1.0,0.95885254442829,0.8775832120283127,1.0,0.8775832120283127,0.8840462321376088,1,human,4,1,1,1,0,1,1,1,1,4,3,non-human,held-out candidate,strong candidate,0.6394
815730455,Ragin_Wookie,brand,0.6409,0,0.0,0.8087431693989071,1.0,0.8087431693989071,0.7739889212519754,1.0,0.7739889212519754,0.9999999999954312,1.0,0.9999999999954312,0.9048417233028916,1.0,0.9048417233028916,0.8718934534873013,1,human,4,1,1,1,0,1,1,1,1,4,3,non-human,held-out candidate,strong candidate,0.6409
815728077,HannisElephants,brand,0.6414,0,0.0,0.64,1.0,0.64,0.9582763087400266,1.0,0.9582763087400266,0.9999996862376003,1.0,0.9999996862376003,0.9287933940505714,1.0,0.9287933940505714,0.8817673472570496,1,human,4,1,0,1,1,1,1,1,1,4,3,non-human,held-out candidate,strong candidate,0.6414
815739022,TonyIguana69,brand,0.6432,0,0.0,0.8,1.0,0.8,0.9135547833726251,1.0,0.9135547833726251,0.6387125139406714,1.0,0.6387125139406714,0.9292721262161993,1.0,0.9292721262161993,0.820384855882374,1,human,4,1,1,1,1,1,0,1,1,4,3,non-human,held-out candidate,strong candidate,0.6432
815736332,dghyhyh,brand,0.645,0,0.0,0.8734177215189873,1.0,0.8734177215189873,0.9566316158000012,1.0,0.9566316158000012,0.9986588625108077,1.0,0.9986588625108077,0.7438985031948556,1.0,0.7438985031948556,0.8931516757561629,1,human,4,1,1,1,1,1,1,1,0,4,3,non-human,held-out candidate,strong candidate,0.645
815725295,NorthBendBandit,brand,0.6454,0,0.0,0.7906976744186046,1.0,0.7906976744186046,0.9130457413353891,1.0,0.9130457413353891,0.9906473864564935,1.0,0.9906473864564935,0.8881181748778266,1.0,0.8881181748778266,0.8956272442720785,1,human,4,1,0,1,1,1,1,1,1,4,3,non-human,held-out candidate,strong candidate,0.6454
815735948,IcanChangeBaby,male,0.6456,0,1.0,0.16666666666666666,0.0,0.8333333333333334,0.21331385024932084,0.0,0.7866861497506792,3.585977851266879e-06,0.0,0.9999964140221488,0.13986274345038294,0.0,0.860137256549617,0.12996171158605543,0,non-human,4,1,1,1,0,1,1,1,1,4,3,human,held-out candidate,strong candidate,0.6456
815736344,ClarityDaily,brand,0.6457,0,0.0,0.932,1.0,0.932,0.6504646488207099,1.0,0.6504646488207099,0.9879785074996249,1.0,0.9879785074996249,0.9243921085479492,1.0,0.9243921085479492,0.873708816217071,1,human,4,1,1,1,0,1,1,1,1,4,3,non-human,held-out candidate,strong candidate,0.6457
815736492,asterleybros,brand,0.646,0,0.0,0.7051282051282052,1.0,0.7051282051282052,0.8606491536528181,1.0,0.8606491536528181,0.9723324215781819,1.0,0.9723324215781819,0.8888155765259668,1.0,0.8888155765259668,0.856731339221293,1,human,4,1,0,1,1,1,1,1,1,4,3,non-human,held-out candidate,strong candidate,0.646
815735283,TruthBToldDe,brand,0.647,0,0.0,0.7878787878787878,1.0,0.7878787878787878,0.9116025565485958,1.0,0.9116025565485958,0.9727924509219507,1.0,0.9727924509219507,0.959998359028067,1.0,0.959998359028067,0.9080680385943503,1,human,4,1,0,1,1,1,1,1,1,4,3,non-human,held-out candidate,strong candidate,0.647
815722163,commonpatriot,brand,0.6489,0,0.0,0.8734177215189873,1.0,0.8734177215189873,0.8660428859186197,1.0,0.8660428859186197,0.961946656481546,1.0,0.961946656481546,0.7672761547749434,1.0,0.7672761547749434,0.8671708546735241,1,human,4,1,1,1,1,1,1,1,0,4,3,non-human,held-out candidate,strong candidate,0.6489
815722026,CollyPUG,brand,0.6492,0,0.0,1.0,1.0,1.0,0.8215119553162146,1.0,0.8215119553162146,0.9865221201655902,1.0,0.9865221201655902,0.6394670909867377,1.0,0.6394670909867377,0.8618752916171357,1,human,4,1,1,1,1,1,1,1,0,4,3,non-human,held-out candidate,strong candidate,0.6492
815724789,1001coupons,male,0.6506,0,1.0,0.0,0.0,1.0,0.18531688070871136,0.0,0.8146831192912887,4.96572257921888e-71,0.0,1.0,0.29676429102371066,0.0,0.7032357089762893,0.12052029293310551,0,non-human,4,1,1,1,1,1,1,1,0,4,3,human,held-out candidate,strong candidate,0.6506
815736555,JulianLives,brand,0.6508,0,0.0,1.0,1.0,1.0,0.8161787409419708,1.0,0.8161787409419708,0.9992272941284093,1.0,0.9992272941284093,0.6099073258264558,1.0,0.6099073258264558,0.8563283402242089,1,human,4,1,1,1,1,1,1,1,0,4,3,non-human,held-out candidate,strong candidate,0.6508
815738417,TKEsmalls,brand,0.6512,0,0.0,0.6507936507936508,1.0,0.6507936507936508,0.9449318362430803,1.0,0.9449318362430803,1.0,1.0,1.0,0.9818968302051816,1.0,0.9818968302051816,0.8944055793104781,1,human,4,1,0,1,1,1,1,1,1,4,3,non-human,held-out candidate,strong candidate,0.6512
815719431,English_Cocker,brand,0.6523,0,0.0,0.6363636363636364,1.0,0.6363636363636364,0.9050330987136557,1.0,0.9050330987136557,0.9541545968254523,1.0,0.9541545968254523,0.8900556029299133,1.0,0.8900556029299133,0.8464017337081644,1,human,4,1,0,1,1,1,1,1,1,4,3,non-human,held-out candidate,strong candidate,0.6523
815725381,wayoftheaviator,brand,0.6524,1,0.0,0.8087431693989071,1.0,0.8087431693989071,0.7997426628644598,1.0,0.7997426628644598,0.8494594584815025,1.0,0.8494594584815025,0.838686706939444,1.0,0.838686706939444,0.8241579994210784,1,human,4,1,1,1,0,1,1,1,1,4,3,non-human,held-out candidate,strong candidate,0.6524
815731549,Phoenixarised,brand,0.6525,0,0.0,0.9117647058823529,1.0,0.9117647058823529,0.906656903057144,1.0,0.906656903057144,0.9999999782823539,1.0,0.9999999782823539,0.7754832012861176,1.0,0.7754832012861176,0.898476197126992,1,human,4,1,1,1,1,1,1,1,0,4,3,non-human,held-out candidate,strong candidate,0.6525
815735008,MistyDragon13,brand,0.6529,0,0.0,0.7037037037037037,1.0,0.7037037037037037,0.8579816981395836,1.0,0.8579816981395836,0.9999670961205565,1.0,0.9999670961205565,0.9392429706308154,1.0,0.9392429706308154,0.8752238671486648,1,human,4,1,0,1,1,1,1,1,1,4,3,non-human,held-out candidate,strong candidate,0.6529
815737817,hemmoschode,brand,0.653,0,0.0,0.7163120567375887,1.0,0.7163120567375887,0.8186788332591265,1.0,0.8186788332591265,0.9999117876148581,1.0,0.9999117876148581,0.825165776569192,1.0,0.825165776569192,0.8400171135451913,1,human,4,1,0,1,1,1,1,1,1,4,3,non-human,held-out candidate,strong candidate,0.653
815723054,keanerie,brand,0.6536,0,0.0,0.932,1.0,0.932,0.7517886283125389,1.0,0.7517886283125389,0.9651088561736733,1.0,0.9651088561736733,0.9304783460402147,1.0,0.9304783460402147,0.8948439576316067,1,human,4,1,1,1,0,1,1,1,1,4,3,non-human,held-out candidate,strong candidate,0.6536
815729346,_yanwari,brand,0.6536,0,0.0,0.932,1.0,0.932,0.7446164119969622,1.0,0.7446164119969622,0.9999520337176411,1.0,0.9999520337176411,0.9202537286183593,1.0,0.9202537286183593,0.8992055435832407,1,human,4,1,1,1,0,1,1,1,1,4,3,non-human,held-out candidate,strong candidate,0.6536
815727539,bowserfan331,brand,0.654,0,0.0,0.7037037037037037,1.0,0.7037037037037037,0.9542473904488705,1.0,0.9542473904488705,0.9845532885891807,1.0,0.9845532885891807,0.9507772267762603,1.0,0.9507772267762603,0.8983204023795038,1,human,4,1,0,1,1,1,1,1,1,4,3,non-human,held-out candidate,strong candidate,0.654
815722529,HappinessInHD,brand,0.6543,0,0.0,0.7163120567375887,1.0,0.7163120567375887,0.8071168322673816,1.0,0.8071168322673816,0.9990241847778065,1.0,0.9990241847778065,0.9296946989951922,1.0,0.9296946989951922,0.8630369431944922,1,human,4,1,0,1,1,1,1,1,1,4,3,non-human,held-out candidate,strong candidate,0.6543
815729981,stingreyesXC,brand,0.6545,0,0.0,0.7037037037037037,1.0,0.7037037037037037,0.9548483950665659,1.0,0.9548483950665659,0.9998783527646867,1.0,0.9998783527646867,0.9243687454844236,1.0,0.9243687454844236,0.895699799254845,1,human,4,1,0,1,1,1,1,1,1,4,3,non-human,held-out candidate,strong candidate,0.6545
815732024,rashidgill5,brand,0.6546,0,0.0,0.7906976744186046,1.0,0.7906976744186046,0.9492608671126259,1.0,0.9492608671126259,1.0,1.0,1.0,0.969921562590505,1.0,0.969921562590505,0.9274700260304339,1,human,4,1,0,1,1,1,1,1,1,4,3,non-human,held-out candidate,strong candidate,0.6546
815736736,MadeByDrugs,brand,0.6548,0,0.0,0.6962025316455697,1.0,0.6962025316455697,0.951484989549177,1.0,0.951484989549177,1.0,1.0,1.0,0.9323033756972536,1.0,0.9323033756972536,0.8949977242230001,1,human,4,1,0,1,1,1,1,1,1,4,3,non-human,held-out candidate,strong candidate,0.6548
815727509,Zoom808,brand,0.6551,0,0.0,0.9457364341085271,1.0,0.9457364341085271,0.9535141996129118,1.0,0.9535141996129118,0.31659463511446395,1.0,0.31659463511446395,0.9603966125289765,1.0,0.9603966125289765,0.7940604703412197,1,human,4,1,1,1,1,1,0,1,1,4,3,non-human,held-out candidate,strong candidate,0.6551
815736956,mytimeIord,brand,0.6554,0,0.0,1.0,1.0,1.0,0.7198031569108271,1.0,0.7198031569108271,0.9999999999862794,1.0,0.9999999999862794,0.896474471546277,1.0,0.896474471546277,0.9040694071108459,1,human,4,1,1,1,0,1,1,1,1,4,3,non-human,held-out candidate,strong candidate,0.6554
815733182,Dowoha,brand,0.6557,0,0.0,0.9457364341085271,1.0,0.9457364341085271,0.9610652161683465,1.0,0.9610652161683465,0.7859034359020795,1.0,0.7859034359020795,0.9685132002961818,1.0,0.9685132002961818,0.9153045716187838,1,human,4,1,1,1,1,1,0,1,1,4,3,non-human,held-out candidate,strong candidate,0.6557
815723566,Pigmentaotq,brand,0.6567,0,0.0,0.7051282051282052,1.0,0.7051282051282052,0.8412960260571246,1.0,0.8412960260571246,0.9443005913992613,1.0,0.9443005913992613,0.8089272580719099,1.0,0.8089272580719099,0.8249130201641252,1,human,4,1,0,1,1,1,1,1,1,4,3,non-human,held-out candidate,strong candidate,0.6567
815724240,PhoenixTalkRad,female,0.6571,0,1.0,0.10526315789473684,0.0,0.8947368421052632,0.2902905262673525,0.0,0.7097094737326475,0.0002296048264151353,0.0,0.9997703951735849,0.19871369556843674,0.0,0.8012863044315632,0.1486242461392353,0,non-human,4,1,1,1,0,1,1,1,1,4,3,human,held-out candidate,strong candidate,0.6571
815727267,bobcatarts,brand,0.6574,0,0.0,0.9608695652173913,1.0,0.9608695652173913,0.9521749784657481,1.0,0.9521749784657481,0.9999968431253612,1.0,0.9999968431253612,0.7996883234435065,1.0,0.7996883234435065,0.9281824275630017,1,human,4,1,1,1,1,1,1,1,0,4,3,non-human,held-out candidate,strong candidate,0.6574
815732105,NoChiIlTweets,brand,0.6575,0,0.0,0.9307692307692308,1.0,0.9307692307692308,0.8944448745259449,1.0,0.8944448745259449,0.6498386337207771,1.0,0.6498386337207771,0.9330741700606306,1.0,0.9330741700606306,0.8520317272691458,1,human,4,1,1,1,1,1,0,1,1,4,3,non-human,held-out candidate,strong candidate,0.6575
815719619,Pixelfish,brand,0.6576,0,0.0,1.0,1.0,1.0,0.6336946651698279,1.0,0.6336946651698279,0.9986635300554666,1.0,0.9986635300554666,0.9662514373188024,1.0,0.9662514373188024,0.8996524081360242,1,human,4,1,1,1,0,1,1,1,1,4,3,non-human,held-out candidate,strong candidate,0.6576
815735306,HazionC,brand,0.6577,0,0.0,0.8214285714285714,1.0,0.8214285714285714,0.9585036885731112,1.0,0.9585036885731112,0.7866351471581396,1.0,0.7866351471581396,0.9759614793498392,1.0,0.9759614793498392,0.8856322216274154,1,human,4,1,1,1,1,1,0,1,1,4,3,non-human,held-out candidate,strong candidate,0.6577
815738725,FilAEK,brand,0.6578,0,0.0,0.6136363636363636,1.0,0.6136363636363636,0.9095567131561388,1.0,0.9095567131561388,0.9405581681207749,1.0,0.9405581681207749,0.9680393322349631,1.0,0.9680393322349631,0.8579476442870602,1,human,4,1,0,1,1,1,1,1,1,4,3,non-human,held-out candidate,strong candidate,0.6578
815730180,RajeshTheLion,brand,0.6586,0,0.0,0.8636363636363636,1.0,0.8636363636363636,0.7300751890341188,1.0,0.7300751890341188,0.995705073548631,1.0,0.995705073548631,0.8906144306641781,1.0,0.8906144306641781,0.870007764220823,1,human,4,1,1,1,0,1,1,1,1,4,3,non-human,held-out candidate,strong candidate,0.6586
815733998,Luminaria98,brand,0.6586,0,0.0,0.8734177215189873,1.0,0.8734177215189873,0.9076297189700165,1.0,0.9076297189700165,0.7940036106647012,1.0,0.7940036106647012,0.9770230119000387,1.0,0.9770230119000387,0.8880185157634359,1,human,4,1,1,1,1,1,0,1,1,4,3,non-human,held-out candidate,strong candidate,0.6586
815726408,Legna989,brand,0.6587,0,0.0,0.9457364341085271,1.0,0.9457364341085271,0.7256056535716002,1.0,0.7256056535716002,0.9571794062048629,1.0,0.9571794062048629,0.8290518825355486,1.0,0.8290518825355486,0.8643933441051346,1,human,4,1,1,1,0,1,1,1,1,4,3,non-human,held-out candidate,strong candidate,0.6587
815730142,jfeckstein,brand,0.6591,0,0.0,0.96875,1.0,0.96875,0.7439896052399897,1.0,0.7439896052399897,0.9999990597132269,1.0,0.9999990597132269,0.9146461152410462,1.0,0.9146461152410462,0.9068461950485658,1,human,4,1,1,1,0,1,1,1,1,4,3,non-human,held-out candidate,strong candidate,0.6591
815723090,WorldRadioNet,female,0.6593,0,1.0,0.2346368715083799,0.0,0.7653631284916201,0.1348970902512916,0.0,0.8651029097487084,0.004933008796453462,0.0,0.9950669912035466,0.13211568017860767,0.0,0.8678843198213924,0.12664566268368316,0,non-human,4,1,0,1,1,1,1,1,1,4,3,human,held-out candidate,strong candidate,0.6593
815724440,Hierkaufich,brand,0.6594,0,0.0,0.6507936507936508,1.0,0.6507936507936508,0.8546186627482145,1.0,0.8546186627482145,0.9999999999999858,1.0,0.9999999999999858,0.87523814122334,1.0,0.87523814122334,0.8451626136912977,1,human,4,1,0,1,1,1,1,1,1,4,3,non-human,held-out candidate,strong candidate,0.6594
815721398,348255gbabies,brand,0.6597,0,0.0,0.9457364341085271,1.0,0.9457364341085271,1.0,1.0,1.0,0.5213880688642887,1.0,0.5213880688642887,0.9914444547433884,1.0,0.9914444547433884,0.8646422394290509,1,human,4,1,1,1,1,1,0,1,1,4,3,non-human,held-out candidate,strong candidate,0.6597
815738337,mikleomore,brand,0.6601,0,0.0,1.0,1.0,1.0,0.7995287272216368,1.0,0.7995287272216368,0.9999804188905559,1.0,0.9999804188905559,0.8195015332760802,1.0,0.8195015332760802,0.9047526698470683,1,human,4,1,1,1,0,1,1,1,1,4,3,non-human,held-out candidate,strong candidate,0.6601
815720177,BlueCollarDrWho,brand,0.6603,0,0.0,0.8287671232876712,1.0,0.8287671232876712,0.7160208887995836,1.0,0.7160208887995836,0.9999999999999929,1.0,0.9999999999999929,0.9649545878468454,1.0,0.9649545878468454,0.8774356499835233,1,human,4,1,1,1,0,1,1,1,1,4,3,non-human,held-out candidate,strong candidate,0.6603
815722975,NcusheClothing,brand,0.6605,0,0.0,0.8087431693989071,1.0,0.8087431693989071,0.9035409804240596,1.0,0.9035409804240596,0.641855580414229,1.0,0.641855580414229,0.9087357899225618,1.0,0.9087357899225618,0.8157188800399394,1,human,4,1,1,1,1,1,0,1,1,4,3,non-human,held-out candidate,strong candidate,0.6605
815729210,balticblau,brand,0.6608,0,0.0,0.7906976744186046,1.0,0.7906976744186046,0.8119947929320207,1.0,0.8119947929320207,0.9999999098288411,1.0,0.9999999098288411,0.8755056907974991,1.0,0.8755056907974991,0.8695495169942414,1,human,4,1,0,1,1,1,1,1,1,4,3,non-human,held-out candidate,strong candidate,0.6608
815728109,mobilepers,female,0.6609,0,1.0,0.16666666666666666,0.0,0.8333333333333334,0.3058244690133355,0.0,0.6941755309866645,0.03334278619425284,0.0,0.9666572138057472,0.15234858325295614,0.0,0.8476514167470439,0.16454562628180275,0,non-human,4,1,1,1,0,1,1,1,1,4,3,human,held-out candidate,strong candidate,0.6609
815719396,MightyMoose3,brand,0.661,0,0.0,0.932,1.0,0.932,0.8386308860900104,1.0,0.8386308860900104,0.7858338996706835,1.0,0.7858338996706835,0.9710159171418791,1.0,0.9710159171418791,0.8818701757256433,1,human,4,1,1,1,1,1,0,1,1,4,3,non-human,held-out candidate,strong candidate,0.661
815730153,Touch_Soul_Poem,female,0.661,0,1.0,0.25,0.0,0.75,0.06735401578437414,0.0,0.9326459842156258,3.482412725188601e-05,0.0,0.9999651758727481,0.09279385923144605,0.0,0.907206140768554,0.10254567478576802,0,non-human,4,1,0,1,1,1,1,1,1,4,3,human,held-out candidate,strong candidate,0.661
815732962,BCt_7_X4,female,0.661,0,1.0,0.16666666666666666,0.0,0.8333333333333334,0.12746736569635708,0.0,0.8725326343036429,0.0001554347123490251,0.0,0.999844565287651,0.2978785399387428,0.0,0.7021214600612572,0.14804200175352888,0,non-human,4,1,1,1,1,1,1,1,0,4,3,human,held-out candidate,strong candidate,0.661
815734277,Joadqu__Qeufpe,male,0.661,0,1.0,0.0,0.0,1.0,0.16306009071368935,0.0,0.8369399092863107,0.00035969224012626544,0.0,0.9996403077598738,0.26780851494577895,0.0,0.732191485054221,0.10780707447489865,0,non-human,4,1,1,1,1,1,1,1,0,4,3,human,held-out candidate,strong candidate,0.661
815720154,BlueRedcloud,brand,0.6615,0,0.0,0.9307692307692308,1.0,0.9307692307692308,0.8947750153731167,1.0,0.8947750153731167,0.7980936182693694,1.0,0.7980936182693694,0.8923226162096859,1.0,0.8923226162096859,0.8789901201553507,1,human,4,1,1,1,1,1,0,1,1,4,3,non-human,held-out candidate,strong candidate,0.6615
815734513,bama_tweets,brand,0.6615,0,0.0,0.6363636363636364,1.0,0.6363636363636364,0.9143458175330228,1.0,0.9143458175330228,0.9994419703501195,1.0,0.9994419703501195,0.9621956576247406,1.0,0.9621956576247406,0.8780867704678799,1,human,4,1,0,1,1,1,1,1,1,4,3,non-human,held-out candidate,strong candidate,0.6615
815719832,DeadlyRave,brand,0.6617,0,0.0,0.7878787878787878,1.0,0.7878787878787878,0.9106026312534046,1.0,0.9106026312534046,0.9818073805398541,1.0,0.9818073805398541,0.979751414079983,1.0,0.979751414079983,0.9150100534380073,1,human,4,1,0,1,1,1,1,1,1,4,3,non-human,held-out candidate,strong candidate,0.6617
815736177,Tetsuo9999,brand,0.6621,0,0.0,0.9457364341085271,1.0,0.9457364341085271,0.9549417540460043,1.0,0.9549417540460043,0.39262926630292366,1.0,0.39262926630292366,0.9811470113944442,1.0,0.9811470113944442,0.8186136164629748,1,human,4,1,1,1,1,1,0,1,1,4,3,non-human,held-out candidate,strong candidate,0.6621
815739317,itzdizzle,brand,0.6623,0,0.0,0.9457364341085271,1.0,0.9457364341085271,0.7311077012464461,1.0,0.7311077012464461,0.9981992541161311,1.0,0.9981992541161311,0.9031715265381157,1.0,0.9031715265381157,0.894553729002305,1,human,4,1,1,1,0,1,1,1,1,4,3,non-human,held-out candidate,strong candidate,0.6623
815736247,DevanPalmer,brand,0.6626,0,0.0,0.609375,1.0,0.609375,0.8965098402174749,1.0,0.8965098402174749,0.9999999999997797,1.0,0.9999999999997797,0.8812129166852589,1.0,0.8812129166852589,0.8467744392256285,1,human,4,1,0,1,1,1,1,1,1,4,3,non-human,held-out candidate,strong candidate,0.6626
815737729,durtgeek,male,0.6626,0,1.0,0.0,0.0,1.0,0.5131039068857025,0.0,0.4868960931142975,1.3252269411901734e-75,0.0,1.0,0.013652387993531946,0.0,0.986347612006468,0.13168907371980862,0,non-human,4,1,1,1,0,1,1,1,1,4,3,human,held-out candidate,strong candidate,0.6626
815738797,twistingKALEIDO,brand,0.6626,0,0.0,0.8087431693989071,1.0,0.8087431693989071,0.7449227932604179,1.0,0.7449227932604179,0.9999896968355917,1.0,0.9999896968355917,0.8253419204995931,1.0,0.8253419204995931,0.8447493949986273,1,human,4,1,1,1,0,1,1,1,1,4,3,non-human,held-out candidate,strong candidate,0.6626
815729114,DemureIntellect,brand,0.6629,0,0.0,0.7037037037037037,1.0,0.7037037037037037,0.8808092579741418,1.0,0.8808092579741418,0.9996742280976599,1.0,0.9996742280976599,0.9176943538593035,1.0,0.9176943538593035,0.8754703859087023,1,human,4,1,0,1,1,1,1,1,1,4,3,non-human,held-out candidate,strong candidate,0.6629
815731244,Chchucks,brand,0.6631,0,0.0,0.7857142857142857,1.0,0.7857142857142857,0.9482158194354436,1.0,0.9482158194354436,0.9669111175604257,1.0,0.9669111175604257,0.9854418659489482,1.0,0.9854418659489482,0.9215707721647758,1,human,4,1,0,1,1,1,1,1,1,4,3,non-human,held-out candidate,strong candidate,0.6631
815724186,macuskeli,brand,0.6635,0,0.0,0.932,1.0,0.932,0.9571200360097076,1.0,0.9571200360097076,0.4137730980736228,1.0,0.4137730980736228,0.9313062579769998,1.0,0.9313062579769998,0.8085498480150827,1,human,4,1,1,1,1,1,0,1,1,4,3,non-human,held-out candidate,strong candidate,0.6635
815723978,ZebraSnik,brand,0.6637,0,0.0,0.9457364341085271,1.0,0.9457364341085271,0.726558437809559,1.0,0.726558437809559,0.979116252097079,1.0,0.979116252097079,0.9024851404291678,1.0,0.9024851404291678,0.8884740661110833,1,human,4,1,1,1,0,1,1,1,1,4,3,non-human,held-out candidate,strong candidate,0.6637
815737255,ushijimmy,brand,0.6639,0,0.0,0.7163120567375887,1.0,0.7163120567375887,1.0,1.0,1.0,0.9999696118882571,1.0,0.9999696118882571,0.8458168892266175,1.0,0.8458168892266175,0.8905246394631158,1,human,4,1,0,1,1,1,1,1,1,4,3,non-human,held-out candidate,strong candidate,0.6639
815720003,NotLikeFreddy,brand,0.6653,0,0.0,0.7906976744186046,1.0,0.7906976744186046,0.947906830404578,1.0,0.947906830404578,1.0,1.0,1.0,0.9862456256081779,1.0,0.9862456256081779,0.9312125326078402,1,human,4,1,0,1,1,1,1,1,1,4,3,non-human,held-out candidate,strong candidate,0.6653
815737214,OregonBiker,brand,0.6654,0,0.0,0.9457364341085271,1.0,0.9457364341085271,0.9551767037551983,1.0,0.9551767037551983,0.773995961002254,1.0,0.773995961002254,0.979253042425035,1.0,0.979253042425035,0.9135405353227536,1,human,4,1,1,1,1,1,0,1,1,4,3,non-human,held-out candidate,strong candidate,0.6654
815734097,twlldun,brand,0.6656,0,0.0,0.9457364341085271,1.0,0.9457364341085271,0.727097454828813,1.0,0.727097454828813,0.9999980635982756,1.0,0.9999980635982756,0.9111070950674725,1.0,0.9111070950674725,0.895984761900772,1,human,4,1,1,1,0,1,1,1,1,4,3,non-human,held-out candidate,strong candidate,0.6656
815736351,robotic_icon,brand,0.6656,0,0.0,0.5833333333333334,1.0,0.5833333333333334,0.8098865616012372,1.0,0.8098865616012372,0.8709697422618754,1.0,0.8709697422618754,0.8971274169381473,1.0,0.8971274169381473,0.7903292635336483,1,human,4,1,0,1,1,1,1,1,1,4,3,non-human,held-out candidate,strong candidate,0.6656
815737404,drgnkiller,brand,0.6656,0,0.0,0.9787878787878788,1.0,0.9787878787878788,0.7027993874251616,1.0,0.7027993874251616,0.9114620253500205,1.0,0.9114620253500205,0.9703861239293998,1.0,0.9703861239293998,0.8908588538731153,1,human,4,1,1,1,0,1,1,1,1,4,3,non-human,held-out candidate,strong candidate,0.6656
815735577,omobablog,brand,0.6662,0,0.0,0.932,1.0,0.932,0.8042359570237811,1.0,0.8042359570237811,0.9999999999998934,1.0,0.9999999999998934,0.6853447185595335,1.0,0.6853447185595335,0.855395168895802,1,human,4,1,1,1,1,1,1,1,0,4,3,non-human,held-out candidate,strong candidate,0.6662
815739188,eCSVA,brand,0.6663,0,0.0,0.8734177215189873,1.0,0.8734177215189873,0.7528843893524575,1.0,0.7528843893524575,0.9638686181987588,1.0,0.9638686181987588,0.8208690962911329,1.0,0.8208690962911329,0.8527599563403342,1,human,4,1,1,1,0,1,1,1,1,4,3,non-human,held-out candidate,strong candidate,0.6663
815731949,MilwaukeeTalk,female,0.6666,0,1.0,0.0,0.0,1.0,0.37711662200526513,0.0,0.6228833779947349,8.169497207173578e-06,0.0,0.9999918305027928,0.19287543110666835,0.0,0.8071245688933316,0.14250005565228516,0,non-human,4,1,1,1,0,1,1,1,1,4,3,human,held-out candidate,strong candidate,0.6666
815723205,uzu_ebooks,brand,0.6672,0,0.0,0.5833333333333334,1.0,0.5833333333333334,0.9613760792998863,1.0,0.9613760792998863,0.9999979099897223,1.0,0.9999979099897223,0.9606536679710446,1.0,0.9606536679710446,0.8763402476484966,1,human,4,1,0,1,1,1,1,1,1,4,3,non-human,held-out candidate,strong candidate,0.6672
815732721,sindarina,brand,0.6674,0,0.0,0.7906976744186046,1.0,0.7906976744186046,0.954086421036353,1.0,0.954086421036353,0.9999999999999964,1.0,0.9999999999999964,0.9775439320957019,1.0,0.9775439320957019,0.930582006887664,1,human,4,1,0,1,1,1,1,1,1,4,3,non-human,held-out candidate,strong candidate,0.6674
815723592,TheRedElm,brand,0.6675,0,0.0,0.8636363636363636,1.0,0.8636363636363636,0.8725945540411895,1.0,0.8725945540411895,0.9996191613223278,1.0,0.9996191613223278,0.7064158612749837,1.0,0.7064158612749837,0.860566485068716,1,human,4,1,1,1,1,1,1,1,0,4,3,non-human,held-out candidate,strong candidate,0.6675
815721202,Sickafox,brand,0.6682,0,0.0,0.96875,1.0,0.96875,0.7690672116442197,1.0,0.7690672116442197,0.9917710573063311,1.0,0.9917710573063311,0.8221725942199108,1.0,0.8221725942199108,0.8879402157926154,1,human,4,1,1,1,0,1,1,1,1,4,3,non-human,held-out candidate,strong candidate,0.6682
815720156,rockandpink4u,brand,0.6683,0,0.0,0.92,1.0,0.92,0.7042142601766674,1.0,0.7042142601766674,0.9999989842681074,1.0,0.9999989842681074,0.8782808462738115,1.0,0.8782808462738115,0.8756235226796466,1,human,4,1,1,1,0,1,1,1,1,4,3,non-human,held-out candidate,strong candidate,0.6683
815723550,starchaser57,brand,0.6685,0,0.0,1.0,1.0,1.0,0.6991762143694109,1.0,0.6991762143694109,0.9736457073548874,1.0,0.9736457073548874,0.8656047440148825,1.0,0.8656047440148825,0.8846066664347952,1,human,4,1,1,1,0,1,1,1,1,4,3,non-human,held-out candidate,strong candidate,0.6685
815730262,Kyuugayaku,brand,0.6685,0,0.0,1.0,1.0,1.0,0.9563253616562672,1.0,0.9563253616562672,0.9993200545537946,1.0,0.9993200545537946,0.7687268935305612,1.0,0.7687268935305612,0.9310930774351557,1,human,4,1,1,1,1,1,1,1,0,4,3,non-human,held-out candidate,strong candidate,0.6685
815722876,FemaIeFltness,brand,0.6686,0,0.0,0.6,1.0,0.6,0.9566193249271695,1.0,0.9566193249271695,0.9999999998562643,1.0,0.9999999998562643,0.9663657670348359,1.0,0.9663657670348359,0.8807462729545674,1,human,4,1,0,1,1,1,1,1,1,4,3,non-human,held-out candidate,strong candidate,0.6686
815724110,MochaLattePanda,brand,0.6691,0,0.0,0.9457364341085271,1.0,0.9457364341085271,0.7683443244328707,1.0,0.7683443244328707,0.9976161166769616,1.0,0.9976161166769616,0.9697362210628331,1.0,0.9697362210628331,0.9203582740702981,1,human,4,1,1,1,0,1,1,1,1,4,3,non-human,held-out candidate,strong candidate,0.6691
815730796,ReindeerBrayden,brand,0.6692,0,0.0,1.0,1.0,1.0,0.8938041650839071,1.0,0.8938041650839071,0.38078571804737554,1.0,0.38078571804737554,0.9688410572530816,1.0,0.9688410572530816,0.8108577350960912,1,human,4,1,1,1,1,1,0,1,1,4,3,non-human,held-out candidate,strong candidate,0.6692
815720446,RapAquila,brand,0.6697,0,0.0,0.8709677419354839,1.0,0.8709677419354839,0.8158595795349848,1.0,0.8158595795349848,0.9957434851450029,1.0,0.9957434851450029,0.682759108083002,1.0,0.682759108083002,0.8413324786746184,1,human,4,1,1,1,1,1,1,1,0,4,3,non-human,held-out candidate,strong candidate,0.6697
815739231,BarbaraHewson,brand,0.6698,0,0.0,0.7906976744186046,1.0,0.7906976744186046,0.8460260034798621,1.0,0.8460260034798621,0.9999321146650808,1.0,0.9999321146650808,0.9496764751321282,1.0,0.9496764751321282,0.8965830669239189,1,human,4,1,0,1,1,1,1,1,1,4,3,non-human,held-out candidate,strong candidate,0.6698
815724760,TheWalkingFled,brand,0.6702,0,0.0,0.8153846153846154,1.0,0.8153846153846154,1.0,1.0,1.0,0.32327454114323456,1.0,0.32327454114323456,0.9694804621893838,1.0,0.9694804621893838,0.7770349046793084,1,human,4,1,1,1,1,1,0,1,1,4,3,non-human,held-out candidate,strong candidate,0.6702
815729780,itsterrio_hoe,brand,0.6704,0,0.0,1.0,1.0,1.0,0.9122413892834904,1.0,0.9122413892834904,0.9635485915270993,1.0,0.9635485915270993,0.7837012894277471,1.0,0.7837012894277471,0.9148728175595842,1,human,4,1,1,1,1,1,1,1,0,4,3,non-human,held-out candidate,strong candidate,0.6704
815739286,Donyademonyita,brand,0.6705,0,0.0,0.932,1.0,0.932,0.8180305167902835,1.0,0.8180305167902835,0.9660968631256623,1.0,0.9660968631256623,0.5622247974324588,1.0,0.5622247974324588,0.8195880443371012,1,human,4,1,1,1,1,1,1,1,0,4,3,non-human,held-out candidate,strong candidate,0.6705
815721594,NormalLass,brand,0.6707,0,0.0,0.7051282051282052,1.0,0.7051282051282052,1.0,1.0,1.0,0.9999999999997957,1.0,0.9999999999997957,0.9392097811575423,1.0,0.9392097811575423,0.9110844965713858,1,human,4,1,0,1,1,1,1,1,1,4,3,non-human,held-out candidate,strong candidate,0.6707
815727669,_shunsou,brand,0.6707,0,0.0,0.9608695652173913,1.0,0.9608695652173913,0.8703532792657088,1.0,0.8703532792657088,0.710080969108005,1.0,0.710080969108005,0.9603305297800291,1.0,0.9603305297800291,0.8754085858427836,1,human,4,1,1,1,1,1,0,1,1,4,3,non-human,held-out candidate,strong candidate,0.6707
815731306,SaraContreras03,brand,0.671,1,0.0,0.8333333333333334,1.0,0.8333333333333334,0.8177865454561319,1.0,0.8177865454561319,0.9951569897082008,1.0,0.9951569897082008,0.7541741527769745,1.0,0.7541741527769745,0.8501127553186602,1,human,4,1,1,1,1,1,1,1,0,4,3,non-human,held-out candidate,strong candidate,0.671
815720072,ckcucco,brand,0.6711,0,0.0,1.0,1.0,1.0,0.7901966719213575,1.0,0.7901966719213575,0.999709387654126,1.0,0.999709387654126,0.8818929656549291,1.0,0.8818929656549291,0.9179497563076031,1,human,4,1,1,1,0,1,1,1,1,4,3,non-human,held-out candidate,strong candidate,0.6711
815724321,TrickyBee,brand,0.6711,0,0.0,1.0,1.0,1.0,0.836643812028296,1.0,0.836643812028296,0.9997773337963849,1.0,0.9997773337963849,0.6254365849967648,1.0,0.6254365849967648,0.8654644327053614,1,human,4,1,1,1,1,1,1,1,0,4,3,non-human,held-out candidate,strong candidate,0.6711
815736735,instantrhema,brand,0.6713,0,0.0,0.5833333333333334,1.0,0.5833333333333334,0.8161831929514137,1.0,0.8161831929514137,0.9999999999841975,1.0,0.9999999999841975,0.9219612037321973,1.0,0.9219612037321973,0.8303694325002855,1,human,4,1,0,1,1,1,1,1,1,4,3,non-human,held-out candidate,strong candidate,0.6713
815733675,XUrbanSimsX,brand,0.672,0,0.0,0.8287671232876712,1.0,0.8287671232876712,0.6709195758659128,1.0,0.6709195758659128,0.9363287556449642,1.0,0.9363287556449642,0.9821140302785787,1.0,0.9821140302785787,0.8545323712692818,1,human,4,1,1,1,0,1,1,1,1,4,3,non-human,held-out candidate,strong candidate,0.672
815720479,SalesForceReal,male,0.6721,0,1.0,0.10526315789473684,0.0,0.8947368421052632,0.23266756969996122,0.0,0.7673324303000388,4.574718200262592e-21,0.0,1.0,0.07334902813220051,0.0,0.9266509718677995,0.10281993893172464,0,non-human,4,1,1,1,0,1,1,1,1,4,3,human,held-out candidate,strong candidate,0.6721
815722093,TicToc_rtym,brand,0.6723,0,0.0,0.967741935483871,1.0,0.967741935483871,0.8547300797690175,1.0,0.8547300797690175,0.7373061902505887,1.0,0.7373061902505887,0.8045356400816353,1.0,0.8045356400816353,0.8410784613962782,1,human,4,1,1,1,1,1,0,1,1,4,3,non-human,held-out candidate,strong candidate,0.6723
815725571,paul8ar,brand,0.6725,0,0.0,0.8734177215189873,1.0,0.8734177215189873,0.9078150577437117,1.0,0.9078150577437117,0.9935357893086846,1.0,0.9935357893086846,0.711317895681189,1.0,0.711317895681189,0.8715216160631432,1,human,4,1,1,1,1,1,1,1,0,4,3,non-human,held-out candidate,strong candidate,0.6725
815719937,Knightrrrider,brand,0.6726,0,0.0,0.9333333333333333,1.0,0.9333333333333333,0.6650535559878307,1.0,0.6650535559878307,0.9853336881979008,1.0,0.9853336881979008,0.8187349064256579,1.0,0.8187349064256579,0.8506138709861806,1,human,4,1,1,1,0,1,1,1,1,4,3,non-human,held-out candidate,strong candidate,0.6726
815738511,Futureollg1313,brand,0.6731,0,0.0,0.8974358974358975,1.0,0.8974358974358975,0.664163619071784,1.0,0.664163619071784,0.8756361320576498,1.0,0.8756361320576498,0.921354687819022,1.0,0.921354687819022,0.8396475840960884,1,human,4,1,1,1,0,1,1,1,1,4,3,non-human,held-out candidate,strong candidate,0.6731
815734380,MrAmaru,brand,0.6733,0,0.0,0.7719298245614035,1.0,0.7719298245614035,0.9102116857662244,1.0,0.9102116857662244,0.9999999999999822,1.0,0.9999999999999822,0.9487113567144876,1.0,0.9487113567144876,0.9077132167605244,1,human,4,1,0,1,1,1,1,1,1,4,3,non-human,held-out candidate,strong candidate,0.6733
815724460,harry_f0ols,brand,0.6735,0,0.0,0.7037037037037037,1.0,0.7037037037037037,1.0,1.0,1.0,0.9999921104625081,1.0,0.9999921104625081,0.9483007423091623,1.0,0.9483007423091623,0.9129991391188436,1,human,4,1,0,1,1,1,1,1,1,4,3,non-human,held-out candidate,strong candidate,0.6735
815736489,TravelHistory_,brand,0.6735,0,0.0,0.96875,1.0,0.96875,0.8550204205591855,1.0,0.8550204205591855,1.0,1.0,1.0,0.7059647861251813,1.0,0.7059647861251813,0.8824338016710916,1,human,4,1,1,1,1,1,1,1,0,4,3,non-human,held-out candidate,strong candidate,0.6735
815727299,BIRP,brand,0.6739,0,0.0,0.6,1.0,0.6,0.9128015539926361,1.0,0.9128015539926361,0.9977112757152108,1.0,0.9977112757152108,0.9802293279530611,1.0,0.9802293279530611,0.872685539415227,1,human,4,1,0,1,1,1,1,1,1,4,3,non-human,held-out candidate,strong candidate,0.6739
815720725,partmentalsoul,brand,0.6741,0,0.0,1.0,1.0,1.0,1.0,1.0,1.0,0.5027432212993526,1.0,0.5027432212993526,0.944906284351701,1.0,0.944906284351701,0.8619123764127634,1,human,4,1,1,1,1,1,0,1,1,4,3,non-human,held-out candidate,strong candidate,0.6741
815722106,Estetica_Yaneth,female,0.6743,0,1.0,0.56,0.0,0.43999999999999995,0.09136189916972308,0.0,0.908638100830277,0.0037559350988651055,0.0,0.9962440649011349,0.022105010160275617,0.0,0.9778949898397243,0.16930571110721596,0,non-human,4,1,0,1,1,1,1,1,1,4,3,human,held-out candidate,strong candidate,0.6743
815734217,DivergentSan,brand,0.6743,0,0.0,0.8636363636363636,1.0,0.8636363636363636,0.797038747896341,1.0,0.797038747896341,0.9992336534030279,1.0,0.9992336534030279,0.8282260256318066,1.0,0.8282260256318066,0.8720336976418848,1,human,4,1,1,1,0,1,1,1,1,4,3,non-human,held-out candidate,strong candidate,0.6743
815734559,LeAnnsFissure,brand,0.6749,0,0.0,0.932,1.0,0.932,0.8137162016795934,1.0,0.8137162016795934,0.7992560042505695,1.0,0.7992560042505695,0.9242550036171338,1.0,0.9242550036171338,0.8673068023868241,1,human,4,1,1,1,1,1,0,1,1,4,3,non-human,held-out candidate,strong candidate,0.6749
815723841,GabrielleForex,female,0.6751,0,1.0,0.2346368715083799,0.0,0.7653631284916201,0.18298693549144995,0.0,0.81701306450855,0.09538951687383292,0.0,0.9046104831261671,0.18136218713808486,0.0,0.8186378128619152,0.1735938777529369,0,non-human,4,1,0,1,1,1,1,1,1,4,3,human,held-out candidate,strong candidate,0.6751
815726785,FreedomBot,brand,0.6751,0,0.0,1.0,1.0,1.0,0.7801348430745525,1.0,0.7801348430745525,0.99290563649971,1.0,0.99290563649971,0.8740309492897307,1.0,0.8740309492897307,0.9117678572159983,1,human,4,1,1,1,0,1,1,1,1,4,3,non-human,held-out candidate,strong candidate,0.6751
815733753,ZakSketch,brand,0.6755,0,0.0,0.9787878787878788,1.0,0.9787878787878788,0.7655018454683582,1.0,0.7655018454683582,0.9965866573505067,1.0,0.9965866573505067,0.9548653282393298,1.0,0.9548653282393298,0.9239354274615184,1,human,4,1,1,1,0,1,1,1,1,4,3,non-human,held-out candidate,strong candidate,0.6755
815726071,Freudianslipz,brand,0.6761,0,0.0,0.932,1.0,0.932,0.7783513548834803,1.0,0.7783513548834803,0.9725080383901693,1.0,0.9725080383901693,0.907424229641057,1.0,0.907424229641057,0.8975709057286767,1,human,4,1,1,1,0,1,1,1,1,4,3,non-human,held-out candidate,strong candidate,0.6761
815725891,RichandGod,brand,0.6762,0,0.0,0.8734177215189873,1.0,0.8734177215189873,0.9354352021016885,1.0,0.9354352021016885,0.9994257626305171,1.0,0.9994257626305171,0.7828084705118014,1.0,0.7828084705118014,0.8977717891907485,1,human,4,1,1,1,1,1,1,1,0,4,3,non-human,held-out candidate,strong candidate,0.6762
815727731,AlpineAV,brand,0.6767,0,0.0,0.9339622641509434,1.0,0.9339622641509434,0.7453248961837262,1.0,0.7453248961837262,0.9993515058989896,1.0,0.9993515058989896,0.9220326071198143,1.0,0.9220326071198143,0.9001678183383683,1,human,4,1,1,1,0,1,1,1,1,4,3,non-human,held-out candidate,strong candidate,0.6767
815720346,HogwartsCitou,brand,0.6768,0,0.0,1.0,1.0,1.0,0.8364334169654554,1.0,0.8364334169654554,0.682068135681263,1.0,0.682068135681263,0.9246090387637905,1.0,0.9246090387637905,0.8607776478526272,1,human,4,1,1,1,1,1,0,1,1,4,3,non-human,held-out candidate,strong candidate,0.6768
815721517,JoArdell,male,0.6768,0,1.0,0.45652173913043476,0.0,0.5434782608695652,0.11605878621411367,0.0,0.8839412137858863,1.903042748122214e-70,0.0,1.0,0.08841979057809246,0.0,0.9115802094219075,0.16525007898066021,0,non-human,4,1,0,1,1,1,1,1,1,4,3,human,held-out candidate,strong candidate,0.6768
815733376,ShepherdThor,brand,0.6771,0,0.0,0.7906976744186046,1.0,0.7906976744186046,0.8662341532451452,1.0,0.8662341532451452,0.9999999921953595,1.0,0.9999999921953595,0.867822959362779,1.0,0.867822959362779,0.881188694805472,1,human,4,1,0,1,1,1,1,1,1,4,3,non-human,held-out candidate,strong candidate,0.6771
815733651,pedrojsexton,female,0.6772,0,1.0,0.12903225806451613,0.0,0.8709677419354839,0.47875378436999194,0.0,0.5212462156300081,4.292919029307113e-06,0.0,0.9999957070809707,0.03567317331287646,0.0,0.9643268266871236,0.16086587716660344,0,non-human,4,1,1,1,0,1,1,1,1,4,3,human,held-out candidate,strong candidate,0.6772
815720997,The_Sweeper999,brand,0.6774,0,0.0,1.0,1.0,1.0,0.9577533323655113,1.0,0.9577533323655113,0.4993803220943533,1.0,0.4993803220943533,0.8985815041307776,1.0,0.8985815041307776,0.8389287896476606,1,human,4,1,1,1,1,1,0,1,1,4,3,non-human,held-out candidate,strong candidate,0.6774
815725645,SMACKHighNY,brand,0.678,0,0.0,0.7037037037037037,1.0,0.7037037037037037,0.9551471750727409,1.0,0.9551471750727409,0.998062193495794,1.0,0.998062193495794,0.8321342277320511,1.0,0.8321342277320511,0.8722618250010725,1,human,4,1,0,1,1,1,1,1,1,4,3,non-human,held-out candidate,strong candidate,0.678
815721776,ladypirn,brand,0.6782,0,0.0,0.7163120567375887,1.0,0.7163120567375887,0.9109311704937978,1.0,0.9109311704937978,0.999043295448648,1.0,0.999043295448648,0.9671263348244337,1.0,0.9671263348244337,0.898353214376117,1,human,4,1,0,1,1,1,1,1,1,4,3,non-human,held-out candidate,strong candidate,0.6782
815726771,RDTopp,brand,0.6782,0,0.0,0.8734177215189873,1.0,0.8734177215189873,0.7916670204064482,1.0,0.7916670204064482,0.9373885796131644,1.0,0.9373885796131644,0.913968244894313,1.0,0.913968244894313,0.8791103916082282,1,human,4,1,1,1,0,1,1,1,1,4,3,non-human,held-out candidate,strong candidate,0.6782
815722704,UntzUntzWubWub,male,0.6785,0,1.0,0.2346368715083799,0.0,0.7653631284916201,0.17292110805457278,0.0,0.8270788919454273,0.007432354085586011,0.0,0.992567645914414,0.16209453588782802,0.0,0.8379054641121719,0.14427121738409168,0,non-human,4,1,0,1,1,1,1,1,1,4,3,human,held-out candidate,strong candidate,0.6785
815720217,TweetyBirdStars,brand,0.6791,0,0.0,0.6136363636363636,1.0,0.6136363636363636,0.9498964052084893,1.0,0.9498964052084893,0.9143925609002341,1.0,0.9143925609002341,0.9627131329412519,1.0,0.9627131329412519,0.8601596156715847,1,human,4,1,0,1,1,1,1,1,1,4,3,non-human,held-out candidate,strong candidate,0.6791
815729965,BriMercedes,brand,0.6792,0,0.0,0.9897750511247444,1.0,0.9897750511247444,0.7595965243445337,1.0,0.7595965243445337,0.9980528755110465,1.0,0.9980528755110465,0.9202379395314391,1.0,0.9202379395314391,0.916915597627941,1,human,4,1,1,1,0,1,1,1,1,4,3,non-human,held-out candidate,strong candidate,0.6792
815734334,goshortandlong,brand,0.6796,0,0.0,1.0,1.0,1.0,0.776190798402814,1.0,0.776190798402814,0.9992417610581263,1.0,0.9992417610581263,0.9412797532564403,1.0,0.9412797532564403,0.9291780781793451,1,human,4,1,1,1,0,1,1,1,1,4,3,non-human,held-out candidate,strong candidate,0.6796
815737381,JackRogersUSA,brand,0.6798,0,0.0,1.0,1.0,1.0,0.7127290382290167,1.0,0.7127290382290167,0.9972852628241174,1.0,0.9972852628241174,0.920055786740604,1.0,0.920055786740604,0.9075175219484345,1,human,4,1,1,1,0,1,1,1,1,4,3,non-human,held-out candidate,strong candidate,0.6798
815719940,Nebachudrezzar,brand,0.6805,0,0.0,0.7037037037037037,1.0,0.7037037037037037,0.959169151548898,1.0,0.959169151548898,0.995562073606909,1.0,0.995562073606909,0.8641894716925175,1.0,0.8641894716925175,0.8806561001380071,1,human,4,1,0,1,1,1,1,1,1,4,3,non-human,held-out candidate,strong candidate,0.6805
815738051,GiftsVitality,brand,0.6808,0,0.0,1.0,1.0,1.0,0.7744315705838205,1.0,0.7744315705838205,0.9999485872361769,1.0,0.9999485872361769,0.8335551812298991,1.0,0.8335551812298991,0.9019838347624741,1,human,4,1,1,1,0,1,1,1,1,4,3,non-human,held-out candidate,strong candidate,0.6808
815733733,4328fox,brand,0.6811,0,0.0,0.6962025316455697,1.0,0.6962025316455697,0.9014257980946644,1.0,0.9014257980946644,0.999994726008707,1.0,0.999994726008707,0.9528679740021823,1.0,0.9528679740021823,0.8876227574377809,1,human,4,1,0,1,1,1,1,1,1,4,3,non-human,held-out candidate,strong candidate,0.6811
815731030,etherbrian,brand,0.6815,0,0.0,0.5833333333333334,1.0,0.5833333333333334,0.8937550195211666,1.0,0.8937550195211666,0.9524708943188567,1.0,0.9524708943188567,0.9205469242080279,1.0,0.9205469242080279,0.8375265428453461,1,human,4,1,0,1,1,1,1,1,1,4,3,non-human,held-out candidate,strong candidate,0.6815
815738706,BeerForThat,brand,0.6822,0,0.0,0.8287671232876712,1.0,0.8287671232876712,0.8975721633388066,1.0,0.8975721633388066,0.9924293368145536,1.0,0.9924293368145536,0.7721873053974306,1.0,0.7721873053974306,0.8727389822096155,1,human,4,1,1,1,1,1,1,1,0,4,3,non-human,held-out candidate,strong candidate,0.6822
815726869,shinygroudon1,brand,0.6848,0,0.0,0.8333333333333334,1.0,0.8333333333333334,0.6681776337829478,1.0,0.6681776337829478,0.987717039890953,1.0,0.987717039890953,0.8651743734455498,1.0,0.8651743734455498,0.838600595113196,1,human,4,1,1,1,0,1,1,1,1,4,3,non-human,held-out candidate,strong candidate,0.6848
815735123,Davidwash3r3,brand,0.6848,0,0.0,0.932,1.0,0.932,0.9120008241078431,1.0,0.9120008241078431,0.9016656563896291,1.0,0.9016656563896291,0.78709119997968,1.0,0.78709119997968,0.8831894201192881,1,human,4,1,1,1,1,1,1,1,0,4,3,non-human,held-out candidate,strong candidate,0.6848
815720722,CitizensUnTied,brand,0.6866,0,0.0,0.6962025316455697,1.0,0.6962025316455697,0.9080086689945737,1.0,0.9080086689945737,0.9989189050059232,1.0,0.9989189050059232,0.8491686918549924,1.0,0.8491686918549924,0.8630746993752648,1,human,4,1,0,1,1,1,1,1,1,4,3,non-human,held-out candidate,strong candidate,0.6866
815726623,ZOANTHROPOLOGY,brand,0.6872,0,0.0,0.64,1.0,0.64,0.9558642937999138,1.0,0.9558642937999138,0.9993326045876036,1.0,0.9993326045876036,0.8962167556106936,1.0,0.8962167556106936,0.8728534134995528,1,human,4,1,0,1,1,1,1,1,1,4,3,non-human,held-out candidate,strong candidate,0.6872
815727461,antelopeezer,brand,0.6882,0,0.0,0.8287671232876712,1.0,0.8287671232876712,0.7757340641732438,1.0,0.7757340641732438,0.9999272245392847,1.0,0.9999272245392847,0.9624305191072299,1.0,0.9624305191072299,0.8917147327768574,1,human,4,1,1,1,0,1,1,1,1,4,3,non-human,held-out candidate,strong candidate,0.6882
815730710,MaddieandTaeFly,brand,0.6921,0,0.0,0.8636363636363636,1.0,0.8636363636363636,0.7239258583533834,1.0,0.7239258583533834,0.9999999999999716,1.0,0.9999999999999716,0.9325538542597177,1.0,0.9325538542597177,0.8800290190623591,1,human,4,1,1,1,0,1,1,1,1,4,3,non-human,held-out candidate,strong candidate,0.6921
815733697,rippertourldn,brand,0.6927,0,0.0,0.6962025316455697,1.0,0.6962025316455697,1.0,1.0,1.0,0.999999836386457,1.0,0.999999836386457,0.8859065331141645,1.0,0.8859065331141645,0.8955272252865478,1,human,4,1,0,1,1,1,1,1,1,4,3,non-human,held-out candidate,strong candidate,0.6927
815724246,TRUMPFORALL,brand,0.6945,0,0.0,0.64,1.0,0.64,0.8323904720139683,1.0,0.8323904720139683,0.9832532096108965,1.0,0.9832532096108965,0.8611984887907076,1.0,0.8611984887907076,0.8292105426038932,1,human,4,1,0,1,1,1,1,1,1,4,3,non-human,held-out candidate,strong candidate,0.6945
815726730,Rafurl,brand,0.6977,0,0.0,0.9457364341085271,1.0,0.9457364341085271,0.8595340402215267,1.0,0.8595340402215267,1.0,1.0,1.0,0.6920058930735488,1.0,0.6920058930735488,0.8743190918509006,1,human,4,1,1,1,1,1,1,1,0,4,3,non-human,held-out candidate,strong candidate,0.6977
815719275,HighTechPlanet,brand,1.0,0,0.0,0.6206896551724138,1.0,0.6206896551724138,0.8634920428870939,1.0,0.8634920428870939,0.99999999997668,1.0,0.99999999997668,0.8655795296933843,1.0,0.8655795296933843,0.8374403069323929,1,human,4,1,0,1,1,1,1,1,1,4,3,non-human,out-of-fold,strong candidate,1.0
815719303,BuzzellNatalie,female,1.0,0,1.0,0.12,0.0,0.88,0.3055541115741816,0.0,0.6944458884258184,0.03245160910138914,0.0,0.9675483908986109,0.19226762223732194,0.0,0.807732377762678,0.16256833572822318,0,non-human,4,1,1,1,0,1,1,1,1,4,3,human,out-of-fold,strong candidate,1.0
815719306,YemiSureGirl,female,1.0,0,1.0,0.2979865771812081,0.0,0.702013422818792,0.18620930166077074,0.0,0.8137906983392292,0.001022318118533899,0.0,0.9989776818814661,0.16038199207809722,0.0,0.8396180079219028,0.16140004725965246,0,non-human,4,1,0,1,1,1,1,1,1,4,3,human,out-of-fold,strong candidate,1.0
815719343,ArdithBordonaro,female,1.0,0,1.0,0.3906810035842294,0.0,0.6093189964157706,0.17619141334741747,0.0,0.8238085866525825,0.1558301512996298,0.0,0.8441698487003702,0.1876968680987217,0.0,0.8123031319012783,0.22759985908249958,0,non-human,4,1,0,1,1,1,1,1,1,4,3,human,out-of-fold,strong candidate,1.0
815719400,WarOnTheRocks,brand,1.0,0,0.0,0.8666666666666667,1.0,0.8666666666666667,0.8990787203031123,1.0,0.8990787203031123,0.9577685250155599,1.0,0.9577685250155599,0.7078370746646174,1.0,0.7078370746646174,0.8578377466624891,1,human,4,1,1,1,1,1,1,1,0,4,3,non-human,out-of-fold,strong candidate,1.0
815719557,ECTritons,brand,1.0,0,0.0,0.7142857142857143,1.0,0.7142857142857143,0.8034432836567067,1.0,0.8034432836567067,0.9078907656338505,1.0,0.9078907656338505,0.9002765248143488,1.0,0.9002765248143488,0.8314740720976551,1,human,4,1,0,1,1,1,1,1,1,4,3,non-human,out-of-fold,strong candidate,1.0
815719722,calverthall,brand,1.0,0,0.0,0.9690721649484536,1.0,0.9690721649484536,0.6668635444268661,1.0,0.6668635444268661,0.9963072793743227,1.0,0.9963072793743227,0.8555842923119203,1.0,0.8555842923119203,0.8719568202653907,1,human,4,1,1,1,0,1,1,1,1,4,3,non-human,out-of-fold,strong candidate,1.0
815719925,LyteFX_,brand,1.0,0,0.0,0.9629629629629629,1.0,0.9629629629629629,1.0,1.0,1.0,0.9731383814579042,1.0,0.9731383814579042,0.7622688690003248,1.0,0.7622688690003248,0.9245925533552979,1,human,4,1,1,1,1,1,1,1,0,4,3,non-human,out-of-fold,strong candidate,1.0
815720011,TerryNova_,female,1.0,0,1.0,0.34615384615384615,0.0,0.6538461538461539,0.09289943539631318,0.0,0.9071005646036868,0.0022321802113622405,0.0,0.9977678197886377,0.08681640977342733,0.0,0.9131835902265727,0.13202546788373723,0,non-human,4,1,0,1,1,1,1,1,1,4,3,human,out-of-fold,strong candidate,1.0
815720169,Rob_Aitchison,male,1.0,0,1.0,0.047619047619047616,0.0,0.9523809523809523,0.3080784204905104,0.0,0.6919215795094896,0.0001295281120856297,0.0,0.9998704718879143,0.05763317556436229,0.0,0.9423668244356377,0.10336504294650148,0,non-human,4,1,1,1,0,1,1,1,1,4,3,human,out-of-fold,strong candidate,1.0
815720178,Primeonly27,brand,1.0,0,0.0,0.8130081300813008,1.0,0.8130081300813008,0.8472848165785494,1.0,0.8472848165785494,0.9763461872707068,1.0,0.9763461872707068,0.7873396999653641,1.0,0.7873396999653641,0.8559947084739803,1,human,4,1,1,1,1,1,1,1,0,4,3,non-human,out-of-fold,strong candidate,1.0
815720192,herphomes,brand,1.0,0,0.0,0.8617021276595744,1.0,0.8617021276595744,0.8039648309418312,1.0,0.8039648309418312,0.9994911410902132,1.0,0.9994911410902132,0.7721560091123857,1.0,0.7721560091123857,0.8593285272010012,1,human,4,1,1,1,1,1,1,1,0,4,3,non-human,out-of-fold,strong candidate,1.0
815720345,Rombaart,brand,1.0,0,0.0,0.7727272727272727,1.0,0.7727272727272727,0.8626705468841406,1.0,0.8626705468841406,0.9962193459019708,1.0,0.9962193459019708,0.8909384247370161,1.0,0.8909384247370161,0.8806388975625999,1,human,4,1,0,1,1,1,1,1,1,4,3,non-human,out-of-fold,strong candidate,1.0
815720381,intermtnsports,brand,1.0,0,0.0,0.9521410579345088,1.0,0.9521410579345088,0.7757899731535434,1.0,0.7757899731535434,0.999547577651727,1.0,0.999547577651727,0.9068698028672866,1.0,0.9068698028672866,0.9085871029017665,1,human,4,1,1,1,0,1,1,1,1,4,3,non-human,out-of-fold,strong candidate,1.0
815720481,seansramblings,brand,1.0,0,0.0,0.5826086956521739,1.0,0.5826086956521739,0.8644130981199554,1.0,0.8644130981199554,0.8206139591417753,1.0,0.8206139591417753,0.862015212260127,1.0,0.862015212260127,0.7824127412935078,1,human,4,1,0,1,1,1,1,1,1,4,3,non-human,out-of-fold,strong candidate,1.0
815720486,_LHS_Leadership,brand,1.0,0,0.0,0.7926829268292683,1.0,0.7926829268292683,0.8642078081522252,1.0,0.8642078081522252,0.9999999999998579,1.0,0.9999999999998579,0.9722233566935572,1.0,0.9722233566935572,0.9072785229187272,1,human,4,1,0,1,1,1,1,1,1,4,3,non-human,out-of-fold,strong candidate,1.0
815720529,Startup_Canada,brand,1.0,0,0.0,0.9484536082474226,1.0,0.9484536082474226,0.8054635177843644,1.0,0.8054635177843644,0.9963072709033617,1.0,0.9963072709033617,0.7183379841817518,1.0,0.7183379841817518,0.8671405952792252,1,human,4,1,1,1,1,1,1,1,0,4,3,non-human,out-of-fold,strong candidate,1.0
815720712,ALRAC30,brand,1.0,0,0.0,0.7926829268292683,1.0,0.7926829268292683,0.8652643318880217,1.0,0.8652643318880217,0.9724838313792673,1.0,0.9724838313792673,0.9435541625897231,1.0,0.9435541625897231,0.8934963131715701,1,human,4,1,0,1,1,1,1,1,1,4,3,non-human,out-of-fold,strong candidate,1.0
815720929,WUSTLGephardt,brand,1.0,0,0.0,1.0,1.0,1.0,0.7018367508823696,1.0,0.7018367508823696,0.9964632116642912,1.0,0.9964632116642912,0.9279679226744411,1.0,0.9279679226744411,0.9065669713052755,1,human,4,1,1,1,0,1,1,1,1,4,3,non-human,out-of-fold,strong candidate,1.0
815721032,OneOfTheDingoes,brand,1.0,0,0.0,0.8031496062992126,1.0,0.8031496062992126,0.8516780998945723,1.0,0.8516780998945723,0.9893860156733291,1.0,0.9893860156733291,0.7204775308615734,1.0,0.7204775308615734,0.8411728131821719,1,human,4,1,1,1,1,1,1,1,0,4,3,non-human,out-of-fold,strong candidate,1.0
815721137,obantweet,brand,1.0,0,0.0,0.7580645161290323,1.0,0.7580645161290323,0.8565867340676073,1.0,0.8565867340676073,0.941342781417497,1.0,0.941342781417497,0.811235200737946,1.0,0.811235200737946,0.8418073080880206,1,human,4,1,0,1,1,1,1,1,1,4,3,non-human,out-of-fold,strong candidate,1.0
815721271,HappyCitySJ,brand,1.0,0,0.0,0.6714285714285714,1.0,0.6714285714285714,0.8641031034836432,1.0,0.8641031034836432,0.8441769658295508,1.0,0.8441769658295508,0.8986549566970482,1.0,0.8986549566970482,0.8195908993597034,1,human,4,1,0,1,1,1,1,1,1,4,3,non-human,out-of-fold,strong candidate,1.0
815721302,MikeandPattys,brand,1.0,0,0.0,0.918918918918919,1.0,0.918918918918919,0.7985298880002148,1.0,0.7985298880002148,0.9602435796485953,1.0,0.9602435796485953,0.8982482603572444,1.0,0.8982482603572444,0.8939851617312434,1,human,4,1,1,1,0,1,1,1,1,4,3,non-human,out-of-fold,strong candidate,1.0
815721560,kodienthusiasts,brand,1.0,0,0.0,0.8518518518518519,1.0,0.8518518518518519,0.765199709444037,1.0,0.765199709444037,0.9946510642075769,1.0,0.9946510642075769,0.8287472383523699,1.0,0.8287472383523699,0.8601124659639588,1,human,4,1,1,1,0,1,1,1,1,4,3,non-human,out-of-fold,strong candidate,1.0
815721710,thegrid,brand,1.0,0,0.0,0.8617021276595744,1.0,0.8617021276595744,0.9528364233602536,1.0,0.9528364233602536,0.9972867082825833,1.0,0.9972867082825833,0.7225173188309119,1.0,0.7225173188309119,0.8835856445333308,1,human,4,1,1,1,1,1,1,1,0,4,3,non-human,out-of-fold,strong candidate,1.0
815721951,tps_news,brand,1.0,0,0.0,0.9047619047619048,1.0,0.9047619047619048,0.7860883995561291,1.0,0.7860883995561291,0.9998261966920481,1.0,0.9998261966920481,0.8907999831531349,1.0,0.8907999831531349,0.8953691210408042,1,human,4,1,1,1,0,1,1,1,1,4,3,non-human,out-of-fold,strong candidate,1.0
815721955,etdrmz121,brand,1.0,0,0.0,0.9024390243902439,1.0,0.9024390243902439,0.8121318009689523,1.0,0.8121318009689523,0.42140697128345683,1.0,0.42140697128345683,0.9090686466416797,1.0,0.9090686466416797,0.7612616108210832,1,human,4,1,1,1,1,1,0,1,1,4,3,non-human,out-of-fold,strong candidate,1.0
815722300,RC_Allaince,brand,1.0,0,0.0,0.6388888888888888,1.0,0.6388888888888888,0.8335008147259907,1.0,0.8335008147259907,0.9944581840482443,1.0,0.9944581840482443,0.8232610515954781,1.0,0.8232610515954781,0.8225272348146505,1,human,4,1,0,1,1,1,1,1,1,4,3,non-human,out-of-fold,strong candidate,1.0
815722606,pintvancouver,brand,1.0,0,0.0,0.8923076923076924,1.0,0.8923076923076924,0.8218282960721892,1.0,0.8218282960721892,0.9415804846335395,1.0,0.9415804846335395,0.7697700692991394,1.0,0.7697700692991394,0.8563716355781401,1,human,4,1,1,1,1,1,1,1,0,4,3,non-human,out-of-fold,strong candidate,1.0
815722977,greenforestsoap,brand,1.0,0,0.0,0.7840909090909091,1.0,0.7840909090909091,0.9504540251700698,1.0,0.9504540251700698,1.0,1.0,1.0,0.9500454622959768,1.0,0.9500454622959768,0.9211475991392389,1,human,4,1,0,1,1,1,1,1,1,4,3,non-human,out-of-fold,strong candidate,1.0
815722987,BenjmnEst,male,1.0,0,1.0,0.07407407407407407,0.0,0.9259259259259259,0.23927229326429872,0.0,0.7607277067357012,4.448066621574743e-08,0.0,0.9999999555193337,0.11778119642826146,0.0,0.8822188035717385,0.10778190206182511,0,non-human,4,1,1,1,0,1,1,1,1,4,3,human,out-of-fold,strong candidate,1.0
815723183,vintagebooks,brand,1.0,0,0.0,0.9326923076923077,1.0,0.9326923076923077,0.7574355219779961,1.0,0.7574355219779961,0.9953620249239298,1.0,0.9953620249239298,0.8959268977049282,1.0,0.8959268977049282,0.8953541880747904,1,human,4,1,1,1,0,1,1,1,1,4,3,non-human,out-of-fold,strong candidate,1.0
815723363,POTUSPressPool,brand,1.0,0,0.0,1.0,1.0,1.0,0.6590825403382308,1.0,0.6590825403382308,0.9906853615615424,1.0,0.9906853615615424,0.876484546784215,1.0,0.876484546784215,0.881563112170997,1,human,4,1,1,1,0,1,1,1,1,4,3,non-human,out-of-fold,strong candidate,1.0
815723382,Blessman239,brand,1.0,0,0.0,0.6857142857142857,1.0,0.6857142857142857,0.9071069108787188,1.0,0.9071069108787188,0.9999971482950247,1.0,0.9999971482950247,0.9825888593550193,1.0,0.9825888593550193,0.8938518010607621,1,human,4,1,0,1,1,1,1,1,1,4,3,non-human,out-of-fold,strong candidate,1.0
815723391,JediNewsUK,brand,1.0,0,0.0,0.75,1.0,0.75,0.852599758345512,1.0,0.852599758345512,0.8774903425161362,1.0,0.8774903425161362,0.8622157045028078,1.0,0.8622157045028078,0.8355764513411141,1,human,4,1,0,1,1,1,1,1,1,4,3,non-human,out-of-fold,strong candidate,1.0
815723426,Torbay_Hour,brand,1.0,0,0.0,1.0,1.0,1.0,0.8159350182325121,1.0,0.8159350182325121,1.0,1.0,1.0,0.6142487682766189,1.0,0.6142487682766189,0.8575459466272828,1,human,4,1,1,1,1,1,1,1,0,4,3,non-human,out-of-fold,strong candidate,1.0
815723461,RevoLouTiontalk,brand,1.0,0,0.0,0.924812030075188,1.0,0.924812030075188,0.8827221704434804,1.0,0.8827221704434804,0.9903575975220504,1.0,0.9903575975220504,0.7490233125287695,1.0,0.7490233125287695,0.886728777642372,1,human,4,1,1,1,1,1,1,1,0,4,3,non-human,out-of-fold,strong candidate,1.0
815723660,missionchurchkc,brand,1.0,0,0.0,0.9285714285714286,1.0,0.9285714285714286,0.7116620957298843,1.0,0.7116620957298843,0.9331477773716885,1.0,0.9331477773716885,0.8819291300720409,1.0,0.8819291300720409,0.8638276079362606,1,human,4,1,1,1,0,1,1,1,1,4,3,non-human,out-of-fold,strong candidate,1.0
815723844,sandrabeckfit,female,1.0,0,1.0,0.0,0.0,1.0,0.2930880980766295,0.0,0.7069119019233705,0.0008600045083739077,0.0,0.9991399954916261,0.10039592634692014,0.0,0.8996040736530798,0.09858600723298089,0,non-human,4,1,1,1,0,1,1,1,1,4,3,human,out-of-fold,strong candidate,1.0
815724030,stretchd,brand,1.0,0,0.0,0.9424460431654677,1.0,0.9424460431654677,1.0,1.0,1.0,0.590394322962107,1.0,0.590394322962107,0.8859944597384444,1.0,0.8859944597384444,0.8547087064665048,1,human,4,1,1,1,1,1,0,1,1,4,3,non-human,out-of-fold,strong candidate,1.0
815724092,RoloEdits,brand,1.0,0,0.0,0.9690721649484536,1.0,0.9690721649484536,0.9532599339773947,1.0,0.9532599339773947,0.7087468302696225,1.0,0.7087468302696225,0.9667768802118385,1.0,0.9667768802118385,0.8994639523518273,1,human,4,1,1,1,1,1,0,1,1,4,3,non-human,out-of-fold,strong candidate,1.0
815724508,fpresources,male,1.0,0,1.0,0.14285714285714285,0.0,0.8571428571428572,0.42780271883539783,0.0,0.5721972811646021,0.00018460052216785097,0.0,0.9998153994778322,0.16593860144858263,0.0,0.8340613985514174,0.1841957659158228,0,non-human,4,1,1,1,0,1,1,1,1,4,3,human,out-of-fold,strong candidate,1.0
815724529,STLDPolitics,brand,1.0,0,0.0,0.9911504424778761,1.0,0.9911504424778761,0.8754875171911621,1.0,0.8754875171911621,0.8553459457140639,1.0,0.8553459457140639,0.7923552891649818,1.0,0.7923552891649818,0.878584798637021,1,human,4,1,1,1,1,1,1,1,0,4,3,non-human,out-of-fold,strong candidate,1.0
815724701,OSUCrush,brand,1.0,0,0.0,0.7,1.0,0.7,0.8658814760585979,1.0,0.8658814760585979,0.9998290035475723,1.0,0.9998290035475723,0.8806915719323137,1.0,0.8806915719323137,0.8616005128846209,1,human,4,1,0,1,1,1,1,1,1,4,3,non-human,out-of-fold,strong candidate,1.0
815724777,KEGS59,brand,1.0,0,0.0,0.927536231884058,1.0,0.927536231884058,0.8674466536192632,1.0,0.8674466536192632,0.39676112766317667,1.0,0.39676112766317667,0.9208390881141033,1.0,0.9208390881141033,0.7781457753201504,1,human,4,1,1,1,1,1,0,1,1,4,3,non-human,out-of-fold,strong candidate,1.0
815724898,am640,brand,1.0,0,0.0,0.782608695652174,1.0,0.782608695652174,0.806265909358796,1.0,0.806265909358796,0.9707926955634579,1.0,0.9707926955634579,0.9771453677340309,1.0,0.9771453677340309,0.8842031670771147,1,human,4,1,0,1,1,1,1,1,1,4,3,non-human,out-of-fold,strong candidate,1.0
815725085,LunarDaily,brand,1.0,0,0.0,0.9814814814814815,1.0,0.9814814814814815,0.8330707596349443,1.0,0.8330707596349443,0.9999967279236828,1.0,0.9999967279236828,0.7588498662225567,1.0,0.7588498662225567,0.8933497088156663,1,human,4,1,1,1,1,1,1,1,0,4,3,non-human,out-of-fold,strong candidate,1.0
815725253,SmackHighVT,brand,1.0,0,0.0,0.7881944444444444,1.0,0.7881944444444444,0.9183312867169804,1.0,0.9183312867169804,0.8446743065788385,1.0,0.8446743065788385,0.8868326909045973,1.0,0.8868326909045973,0.859508182161215,1,human,4,1,0,1,1,1,1,1,1,4,3,non-human,out-of-fold,strong candidate,1.0
815725280,TheLipBar,brand,1.0,0,0.0,0.9220338983050848,1.0,0.9220338983050848,0.908201672062257,1.0,0.908201672062257,0.7627641380593364,1.0,0.7627641380593364,0.8765926374462001,1.0,0.8765926374462001,0.8673980864682196,1,human,4,1,1,1,1,1,0,1,1,4,3,non-human,out-of-fold,strong candidate,1.0
815725546,charteralliance,brand,1.0,0,0.0,0.8031496062992126,1.0,0.8031496062992126,0.8662480410452457,1.0,0.8662480410452457,0.9999999999967386,1.0,0.9999999999967386,0.7273697518227238,1.0,0.7273697518227238,0.8491918497909801,1,human,4,1,1,1,1,1,1,1,0,4,3,non-human,out-of-fold,strong candidate,1.0
815725623,LABconsignment,brand,1.0,0,0.0,0.75,1.0,0.75,0.8267064881309893,1.0,0.8267064881309893,0.9999999999916263,1.0,0.9999999999916263,0.8847308855021732,1.0,0.8847308855021732,0.8653593434061972,1,human,4,1,0,1,1,1,1,1,1,4,3,non-human,out-of-fold,strong candidate,1.0
815725953,westdupontwines,brand,1.0,0,0.0,0.6388888888888888,1.0,0.6388888888888888,0.8264196924356293,1.0,0.8264196924356293,0.8844142705642348,1.0,0.8844142705642348,0.8687351561365401,1.0,0.8687351561365401,0.8046145020063233,1,human,4,1,0,1,1,1,1,1,1,4,3,non-human,out-of-fold,strong candidate,1.0
815726103,Convert,brand,1.0,0,0.0,0.6605504587155964,1.0,0.6605504587155964,0.8209302702593178,1.0,0.8209302702593178,0.9906997527450869,1.0,0.9906997527450869,0.9286807624311774,1.0,0.9286807624311774,0.8502153110377946,1,human,4,1,0,1,1,1,1,1,1,4,3,non-human,out-of-fold,strong candidate,1.0
815726167,Animabotics,brand,1.0,0,0.0,0.8831168831168831,1.0,0.8831168831168831,0.8720652933930323,1.0,0.8720652933930323,0.36333467836560057,1.0,0.36333467836560057,0.9414878359844435,1.0,0.9414878359844435,0.7650011727149898,1,human,4,1,1,1,1,1,0,1,1,4,3,non-human,out-of-fold,strong candidate,1.0
815726311,alakazamblog,brand,1.0,0,0.0,0.8032786885245902,1.0,0.8032786885245902,0.8205336067898196,1.0,0.8205336067898196,0.9999945556524373,1.0,0.9999945556524373,0.6615610466959871,1.0,0.6615610466959871,0.8213419744157087,1,human,4,1,1,1,1,1,1,1,0,4,3,non-human,out-of-fold,strong candidate,1.0
815726522,sonyxperia,brand,1.0,0,0.0,0.7881944444444444,1.0,0.7881944444444444,1.0,1.0,1.0,1.0,1.0,1.0,0.979458190644294,1.0,0.979458190644294,0.9419131587721846,1,human,4,1,0,1,1,1,1,1,1,4,3,non-human,out-of-fold,strong candidate,1.0
815726616,MejoresLook,brand,1.0,0,0.0,0.5957446808510638,1.0,0.5957446808510638,0.8665583640931941,1.0,0.8665583640931941,0.9999999999999893,1.0,0.9999999999999893,0.9918356915263762,1.0,0.9918356915263762,0.8635346841176559,1,human,4,1,0,1,1,1,1,1,1,4,3,non-human,out-of-fold,strong candidate,1.0
815726816,FX1019,brand,1.0,0,0.0,0.7164179104477612,1.0,0.7164179104477612,0.8698623054492653,1.0,0.8698623054492653,0.9999984116801424,1.0,0.9999984116801424,0.9763642943067421,1.0,0.9763642943067421,0.8906607304709777,1,human,4,1,0,1,1,1,1,1,1,4,3,non-human,out-of-fold,strong candidate,1.0
815726995,eatajs,brand,1.0,0,0.0,0.9047619047619048,1.0,0.9047619047619048,0.7578437928279103,1.0,0.7578437928279103,0.9636695527294792,1.0,0.9636695527294792,0.8225072714222306,1.0,0.8225072714222306,0.862195630435381,1,human,4,1,1,1,0,1,1,1,1,4,3,non-human,out-of-fold,strong candidate,1.0
815727058,SOGROsm,brand,1.0,0,0.0,0.7840909090909091,1.0,0.7840909090909091,0.9539936370090853,1.0,0.9539936370090853,0.999999998312834,1.0,0.999999998312834,0.8294310799118091,1.0,0.8294310799118091,0.8918789060811594,1,human,4,1,0,1,1,1,1,1,1,4,3,non-human,out-of-fold,strong candidate,1.0
815727089,odegaardlibrary,brand,1.0,0,0.0,0.9230769230769231,1.0,0.9230769230769231,0.8166529916463136,1.0,0.8166529916463136,0.9900178193972443,1.0,0.9900178193972443,0.7755990017982897,1.0,0.7755990017982897,0.8763366839796927,1,human,4,1,1,1,1,1,1,1,0,4,3,non-human,out-of-fold,strong candidate,1.0
815727193,tyPeaceOfficers,brand,1.0,0,0.0,0.8923076923076924,1.0,0.8923076923076924,0.8578592742403887,1.0,0.8578592742403887,0.9774528770009018,1.0,0.9774528770009018,0.7863263625506033,1.0,0.7863263625506033,0.8784865515248965,1,human,4,1,1,1,1,1,1,1,0,4,3,non-human,out-of-fold,strong candidate,1.0
815727202,Ticketmaster,brand,1.0,0,0.0,0.5945945945945946,1.0,0.5945945945945946,0.9090183429318753,1.0,0.9090183429318753,0.9999999999997904,1.0,0.9999999999997904,0.9144769356495691,1.0,0.9144769356495691,0.8545224682939574,1,human,4,1,0,1,1,1,1,1,1,4,3,non-human,out-of-fold,strong candidate,1.0
815727317,TVRepublik,brand,1.0,0,0.0,0.717948717948718,1.0,0.717948717948718,1.0,1.0,1.0,0.9999999950592233,1.0,0.9999999950592233,0.9409019605285188,1.0,0.9409019605285188,0.914712668384115,1,human,4,1,0,1,1,1,1,1,1,4,3,non-human,out-of-fold,strong candidate,1.0
815727363,subw00ter,brand,1.0,0,0.0,0.963855421686747,1.0,0.963855421686747,0.72609969280858,1.0,0.72609969280858,0.9901889011466979,1.0,0.9901889011466979,0.9788339638347737,1.0,0.9788339638347737,0.9147444948691996,1,human,4,1,1,1,0,1,1,1,1,4,3,non-human,out-of-fold,strong candidate,1.0
815727634,thewasabiman,brand,1.0,0,0.0,0.957345971563981,1.0,0.957345971563981,0.7293988349329497,1.0,0.7293988349329497,0.999937437304575,1.0,0.999937437304575,0.9341675784799232,1.0,0.9341675784799232,0.9052124555703571,1,human,4,1,1,1,0,1,1,1,1,4,3,non-human,out-of-fold,strong candidate,1.0
815728854,16KTS,brand,1.0,0,0.0,0.8759124087591241,1.0,0.8759124087591241,0.8181796150447372,1.0,0.8181796150447372,0.7741522387978949,1.0,0.7741522387978949,0.9641159458924035,1.0,0.9641159458924035,0.85809005212354,1,human,4,1,1,1,1,1,0,1,1,4,3,non-human,out-of-fold,strong candidate,1.0
815728912,superTV247,brand,1.0,0,0.0,0.717948717948718,1.0,0.717948717948718,0.8227061881951919,1.0,0.8227061881951919,0.9966258288268919,1.0,0.9966258288268919,0.9323112744280048,1.0,0.9323112744280048,0.8673980023497015,1,human,4,1,0,1,1,1,1,1,1,4,3,non-human,out-of-fold,strong candidate,1.0
815729039,DoxieMoron,brand,1.0,0,0.0,0.9156626506024096,1.0,0.9156626506024096,0.8041690905297965,1.0,0.8041690905297965,0.99868312785256,1.0,0.99868312785256,0.769915958593034,1.0,0.769915958593034,0.8721077068944499,1,human,4,1,1,1,1,1,1,1,0,4,3,non-human,out-of-fold,strong candidate,1.0
815729100,edmontonbicycle,brand,1.0,0,0.0,0.6818181818181818,1.0,0.6818181818181818,0.859146254684103,1.0,0.859146254684103,0.9999991104030932,1.0,0.9999991104030932,0.881001358010841,1.0,0.881001358010841,0.8554912262290547,1,human,4,1,0,1,1,1,1,1,1,4,3,non-human,out-of-fold,strong candidate,1.0
815729171,ArizonaDOT,brand,1.0,0,0.0,0.813953488372093,1.0,0.813953488372093,0.9436328443902786,1.0,0.9436328443902786,1.0,1.0,1.0,0.7975536478136178,1.0,0.7975536478136178,0.8887849951439974,1,human,4,1,1,1,1,1,1,1,0,4,3,non-human,out-of-fold,strong candidate,1.0
815729253,PerversiSerena,female,1.0,0,1.0,0.025,0.0,0.975,0.35331548946124264,0.0,0.6466845105387573,0.00011594444867218305,0.0,0.9998840555513279,0.08042930597354991,0.0,0.9195706940264501,0.11471518497086619,0,non-human,4,1,1,1,0,1,1,1,1,4,3,human,out-of-fold,strong candidate,1.0
815729489,AdalinkaNYC,female,1.0,0,1.0,0.08333333333333333,0.0,0.9166666666666666,0.2588600832964951,0.0,0.7411399167035049,3.1638259330277634e-05,0.0,0.9999683617406697,0.16350647144916983,0.0,0.8364935285508301,0.12643288158458213,0,non-human,4,1,1,1,0,1,1,1,1,4,3,human,out-of-fold,strong candidate,1.0
815729648,ILAToday,brand,1.0,0,0.0,0.8925925925925926,1.0,0.8925925925925926,0.6340292251964359,1.0,0.6340292251964359,0.9966346211587008,1.0,0.9966346211587008,0.9016306455332879,1.0,0.9016306455332879,0.8562217711202542,1,human,4,1,1,1,0,1,1,1,1,4,3,non-human,out-of-fold,strong candidate,1.0
815729672,collegevisit,brand,1.0,0,0.0,0.8571428571428571,1.0,0.8571428571428571,0.8068320347395791,1.0,0.8068320347395791,0.8526401307656984,1.0,0.8526401307656984,0.7514612535177927,1.0,0.7514612535177927,0.8170190690414818,1,human,4,1,1,1,1,1,1,1,0,4,3,non-human,out-of-fold,strong candidate,1.0
815729684,939TheMix_KKMK,brand,1.0,0,0.0,0.7142857142857143,1.0,0.7142857142857143,0.9533986817650058,1.0,0.9533986817650058,0.9999999004146624,1.0,0.9999999004146624,0.9030204836092289,1.0,0.9030204836092289,0.8926761950186528,1,human,4,1,0,1,1,1,1,1,1,4,3,non-human,out-of-fold,strong candidate,1.0
815729856,whatsontvuk,brand,1.0,0,0.0,0.948905109489051,1.0,0.948905109489051,0.7729556401478699,1.0,0.7729556401478699,0.9848442035505556,1.0,0.9848442035505556,0.9195096507367692,1.0,0.9195096507367692,0.9065536509810614,1,human,4,1,1,1,0,1,1,1,1,4,3,non-human,out-of-fold,strong candidate,1.0
815729874,TrollsAreNice,brand,1.0,0,0.0,0.74375,1.0,0.74375,0.8598918864800821,1.0,0.8598918864800821,1.0,1.0,1.0,0.8813351747956155,1.0,0.8813351747956155,0.8712442653189243,1,human,4,1,0,1,1,1,1,1,1,4,3,non-human,out-of-fold,strong candidate,1.0
815729897,Styles2blaze1,brand,1.0,0,0.0,0.7631578947368421,1.0,0.7631578947368421,0.8992557111310603,1.0,0.8992557111310603,0.999999999964519,1.0,0.999999999964519,0.8464603108580216,1.0,0.8464603108580216,0.8772184791726108,1,human,4,1,0,1,1,1,1,1,1,4,3,non-human,out-of-fold,strong candidate,1.0
815730015,WgtnCC,brand,1.0,0,0.0,0.9083333333333333,1.0,0.9083333333333333,0.7600863113771811,1.0,0.7600863113771811,0.9989882515765828,1.0,0.9989882515765828,0.9591571249954628,1.0,0.9591571249954628,0.90664125532064,1,human,4,1,1,1,0,1,1,1,1,4,3,non-human,out-of-fold,strong candidate,1.0
815730084,NephilimUpdates,brand,1.0,0,0.0,1.0,1.0,1.0,0.9072669300637425,1.0,0.9072669300637425,0.9995931764639754,1.0,0.9995931764639754,0.7256070288456625,1.0,0.7256070288456625,0.908116783843345,1,human,4,1,1,1,1,1,1,1,0,4,3,non-human,out-of-fold,strong candidate,1.0
815730088,ClipClopNYC,brand,1.0,0,0.0,0.8031496062992126,1.0,0.8031496062992126,0.9102025810492531,1.0,0.9102025810492531,0.9411191729618573,1.0,0.9411191729618573,0.7029151475072958,1.0,0.7029151475072958,0.8393466269544047,1,human,4,1,1,1,1,1,1,1,0,4,3,non-human,out-of-fold,strong candidate,1.0
815730174,Bengals_NEFL,brand,1.0,0,0.0,0.64,1.0,0.64,0.8001671799649709,1.0,0.8001671799649709,0.9931174879152361,1.0,0.9931174879152361,0.8274982580600144,1.0,0.8274982580600144,0.8151957314850554,1,human,4,1,0,1,1,1,1,1,1,4,3,non-human,out-of-fold,strong candidate,1.0
815730208,SunderlandWall,brand,1.0,0,0.0,0.963855421686747,1.0,0.963855421686747,0.6308681346295281,1.0,0.6308681346295281,0.951947207210756,1.0,0.951947207210756,0.9140487044971987,1.0,0.9140487044971987,0.8651798670060573,1,human,4,1,1,1,0,1,1,1,1,4,3,non-human,out-of-fold,strong candidate,1.0
815730509,Topstak,brand,1.0,0,0.0,0.7361111111111112,1.0,0.7361111111111112,0.8484166106843616,1.0,0.8484166106843616,0.9778817610864385,1.0,0.9778817610864385,0.9323673028431689,1.0,0.9323673028431689,0.87369419643127,1,human,4,1,0,1,1,1,1,1,1,4,3,non-human,out-of-fold,strong candidate,1.0
815730666,IMGrowFashion,brand,1.0,0,0.0,0.8617021276595744,1.0,0.8617021276595744,0.8700021620950021,1.0,0.8700021620950021,0.9998131105077868,1.0,0.9998131105077868,0.5894906929844235,1.0,0.5894906929844235,0.8302520233116966,1,human,4,1,1,1,1,1,1,1,0,4,3,non-human,out-of-fold,strong candidate,1.0
815730828,ssgastrogrub,brand,1.0,0,0.0,0.9047619047619048,1.0,0.9047619047619048,0.9076942303935862,1.0,0.9076942303935862,0.3148233674614191,1.0,0.3148233674614191,0.8369540734458868,1.0,0.8369540734458868,0.7410583940156992,1,human,4,1,1,1,1,1,0,1,1,4,3,non-human,out-of-fold,strong candidate,1.0
815730863,BlankSpaceMedia,brand,1.0,0,0.0,0.8666666666666667,1.0,0.8666666666666667,0.8241876962285433,1.0,0.8241876962285433,0.9925783847836622,1.0,0.9925783847836622,0.7204141558744802,1.0,0.7204141558744802,0.8509617258883382,1,human,4,1,1,1,1,1,1,1,0,4,3,non-human,out-of-fold,strong candidate,1.0
815731002,Backspacebills,brand,1.0,0,0.0,0.7988505747126436,1.0,0.7988505747126436,0.8515648097183293,1.0,0.8515648097183293,0.9924966963110087,1.0,0.9924966963110087,0.9463027113386,1.0,0.9463027113386,0.8973036980201454,1,human,4,1,0,1,1,1,1,1,1,4,3,non-human,out-of-fold,strong candidate,1.0
815731036,CCS_Skate,brand,1.0,0,0.0,1.0,1.0,1.0,0.9545967107545563,1.0,0.9545967107545563,0.9999999999997797,1.0,0.9999999999997797,0.7271503884430653,1.0,0.7271503884430653,0.9204367747993503,1,human,4,1,1,1,1,1,1,1,0,4,3,non-human,out-of-fold,strong candidate,1.0
815731133,NaughtyToyss,brand,1.0,0,0.0,0.7926829268292683,1.0,0.7926829268292683,0.8549687939641378,1.0,0.8549687939641378,0.9905718856391146,1.0,0.9905718856391146,0.8431894725245666,1.0,0.8431894725245666,0.8703532697392717,1,human,4,1,0,1,1,1,1,1,1,4,3,non-human,out-of-fold,strong candidate,1.0
815731152,OverDriveLibs,brand,1.0,0,0.0,0.8031496062992126,1.0,0.8031496062992126,0.7788569076192247,1.0,0.7788569076192247,0.9493202349714979,1.0,0.9493202349714979,0.8599519886449758,1.0,0.8599519886449758,0.8478196843837278,1,human,4,1,1,1,0,1,1,1,1,4,3,non-human,out-of-fold,strong candidate,1.0
815731437,home_business58,male,1.0,0,1.0,0.46853146853146854,0.0,0.5314685314685315,0.17189488456435187,0.0,0.8281051154356481,3.314901132688051e-07,0.0,0.9999996685098868,0.08033079532817207,0.0,0.9196692046718279,0.18018936997852644,0,non-human,4,1,0,1,1,1,1,1,1,4,3,human,out-of-fold,strong candidate,1.0
815731477,sellynatorss,brand,1.0,0,0.0,0.75,1.0,0.75,0.8169480647669652,1.0,0.8169480647669652,0.9999265430049137,1.0,0.9999265430049137,0.95882486634176,1.0,0.95882486634176,0.8814248685284097,1,human,4,1,0,1,1,1,1,1,1,4,3,non-human,out-of-fold,strong candidate,1.0
815731522,TiC_Podcast,brand,1.0,0,0.0,0.8032786885245902,1.0,0.8032786885245902,0.8198350420761596,1.0,0.8198350420761596,0.9791070724907962,1.0,0.9791070724907962,0.6982396385816361,1.0,0.6982396385816361,0.8251151104182955,1,human,4,1,1,1,1,1,1,1,0,4,3,non-human,out-of-fold,strong candidate,1.0
815732016,98WSIX,brand,1.0,0,0.0,0.9523809523809523,1.0,0.9523809523809523,0.7207203983201842,1.0,0.7207203983201842,0.8380681534579898,1.0,0.8380681534579898,0.9279159101201601,1.0,0.9279159101201601,0.8597713535698216,1,human,4,1,1,1,0,1,1,1,1,4,3,non-human,out-of-fold,strong candidate,1.0
815732581,Lazybotts,brand,1.0,0,0.0,0.8269230769230769,1.0,0.8269230769230769,0.8586455106474178,1.0,0.8586455106474178,0.9986894415957368,1.0,0.9986894415957368,0.6356774621284255,1.0,0.6356774621284255,0.8299838728236643,1,human,4,1,1,1,1,1,1,1,0,4,3,non-human,out-of-fold,strong candidate,1.0
815732650,bazzared1903,brand,1.0,0,0.0,0.9424460431654677,1.0,0.9424460431654677,0.9549790504063249,1.0,0.9549790504063249,0.7985036506238901,1.0,0.7985036506238901,0.9745783642992938,1.0,0.9745783642992938,0.9176267771237441,1,human,4,1,1,1,1,1,0,1,1,4,3,non-human,out-of-fold,strong candidate,1.0
815732686,SwingTrader23,male,1.0,0,1.0,0.175,0.0,0.825,0.22862788488762062,0.0,0.7713721151123794,1.6727027500112438e-06,0.0,0.99999832729725,0.029167823347387982,0.0,0.970832176652612,0.10819934523443965,0,non-human,4,1,1,1,0,1,1,1,1,4,3,human,out-of-fold,strong candidate,1.0
815732737,sarahloppe,female,1.0,0,1.0,0.0,0.0,1.0,0.3214700402497968,0.0,0.6785299597502032,0.005673642964268444,0.0,0.9943263570357316,0.19901009906789693,0.0,0.8009899009321031,0.13153844557049055,0,non-human,4,1,1,1,0,1,1,1,1,4,3,human,out-of-fold,strong candidate,1.0
815732738,BishopIkedi2,brand,1.0,0,0.0,0.8666666666666667,1.0,0.8666666666666667,0.6669526928951772,1.0,0.6669526928951772,0.9487779658031912,1.0,0.9487779658031912,0.8112657028544675,1.0,0.8112657028544675,0.8234157570548757,1,human,4,1,1,1,0,1,1,1,1,4,3,non-human,out-of-fold,strong candidate,1.0
815732781,TheRealChambong,brand,1.0,0,0.0,0.8925925925925926,1.0,0.8925925925925926,0.7480888336563996,1.0,0.7480888336563996,0.9614150850388438,1.0,0.9614150850388438,0.9072219052033844,1.0,0.9072219052033844,0.8773296041228051,1,human,4,1,1,1,0,1,1,1,1,4,3,non-human,out-of-fold,strong candidate,1.0
815733005,DIRTYSTORIES,brand,1.0,0,0.0,1.0,1.0,1.0,0.7574520629691626,1.0,0.7574520629691626,0.998571135048938,1.0,0.998571135048938,0.8016827647505352,1.0,0.8016827647505352,0.889426490692159,1,human,4,1,1,1,0,1,1,1,1,4,3,non-human,out-of-fold,strong candidate,1.0
815733022,autohomer,brand,1.0,0,0.0,0.9615384615384616,1.0,0.9615384615384616,0.8296445357867847,1.0,0.8296445357867847,0.38145231899329657,1.0,0.38145231899329657,0.8089956417701233,1.0,0.8089956417701233,0.7454077395221664,1,human,4,1,1,1,1,1,0,1,1,4,3,non-human,out-of-fold,strong candidate,1.0
815733055,GYSTclub,brand,1.0,0,0.0,1.0,1.0,1.0,0.8515214778852626,1.0,0.8515214778852626,0.9823334344871835,1.0,0.9823334344871835,0.6411586570347357,1.0,0.6411586570347357,0.8687533923517954,1,human,4,1,1,1,1,1,1,1,0,4,3,non-human,out-of-fold,strong candidate,1.0
815733171,DjSix7Even,brand,1.0,0,0.0,0.9220338983050848,1.0,0.9220338983050848,0.7308349816143829,1.0,0.7308349816143829,0.9999999999939213,1.0,0.9999999999939213,0.9068786468791508,1.0,0.9068786468791508,0.889936881698135,1,human,4,1,1,1,0,1,1,1,1,4,3,non-human,out-of-fold,strong candidate,1.0
815733227,FreelanceWJ,brand,1.0,0,0.0,0.9814814814814815,1.0,0.9814814814814815,0.8081758280617786,1.0,0.8081758280617786,0.738802238328799,1.0,0.738802238328799,0.8945338899045098,1.0,0.8945338899045098,0.8557483594441422,1,human,4,1,1,1,1,1,0,1,1,4,3,non-human,out-of-fold,strong candidate,1.0
815733375,wisdomdakini2,brand,1.0,0,0.0,0.9955156950672646,1.0,0.9955156950672646,0.8637814571267242,1.0,0.8637814571267242,0.6727614907163804,1.0,0.6727614907163804,0.94569101102057,1.0,0.94569101102057,0.8694374134827347,1,human,4,1,1,1,1,1,0,1,1,4,3,non-human,out-of-fold,strong candidate,1.0
815733419,Ace_Tennis_Tips,brand,1.0,0,0.0,0.7717391304347826,1.0,0.7717391304347826,0.9024197142933309,1.0,0.9024197142933309,1.0,1.0,1.0,0.9546495416927165,1.0,0.9546495416927165,0.9072020966052075,1,human,4,1,0,1,1,1,1,1,1,4,3,non-human,out-of-fold,strong candidate,1.0
815733433,gatorschomp1019,brand,1.0,0,0.0,0.8947368421052632,1.0,0.8947368421052632,0.9564737175358552,1.0,0.9564737175358552,0.3316712238708292,1.0,0.3316712238708292,0.9674185899444949,1.0,0.9674185899444949,0.7875750933641106,1,human,4,1,1,1,1,1,0,1,1,4,3,non-human,out-of-fold,strong candidate,1.0
815733443,EBHSathletics1,brand,1.0,0,0.0,0.8831168831168831,1.0,0.8831168831168831,0.9040869000937987,1.0,0.9040869000937987,0.3924459219941716,1.0,0.3924459219941716,0.9150450700918867,1.0,0.9150450700918867,0.7736736938241849,1,human,4,1,1,1,1,1,0,1,1,4,3,non-human,out-of-fold,strong candidate,1.0
815733464,QuestionAll7,brand,1.0,0,0.0,0.957345971563981,1.0,0.957345971563981,0.7981639008379826,1.0,0.7981639008379826,0.9993542469915857,1.0,0.9993542469915857,0.9174487864352585,1.0,0.9174487864352585,0.9180782264572019,1,human,4,1,1,1,0,1,1,1,1,4,3,non-human,out-of-fold,strong candidate,1.0
815733582,SportsNewsBTS,brand,1.0,0,0.0,0.9424460431654677,1.0,0.9424460431654677,0.8701882760360679,1.0,0.8701882760360679,0.767785639440164,1.0,0.767785639440164,0.8560087089907686,1.0,0.8560087089907686,0.859107166908117,1,human,4,1,1,1,1,1,0,1,1,4,3,non-human,out-of-fold,strong candidate,1.0
815733828,LitChat,brand,1.0,0,0.0,0.9651162790697675,1.0,0.9651162790697675,0.8179438945702908,1.0,0.8179438945702908,0.9742171173207652,1.0,0.9742171173207652,0.6885046257477915,1.0,0.6885046257477915,0.8614454791771538,1,human,4,1,1,1,1,1,1,1,0,4,3,non-human,out-of-fold,strong candidate,1.0
815733831,NewsWatch_99,brand,1.0,0,0.0,0.813953488372093,1.0,0.813953488372093,0.7237173463189704,1.0,0.7237173463189704,0.9181388616313748,1.0,0.9181388616313748,0.9484556433162372,1.0,0.9484556433162372,0.8510663349096689,1,human,4,1,1,1,0,1,1,1,1,4,3,non-human,out-of-fold,strong candidate,1.0
815733897,Madge_Losa,female,1.0,0,1.0,0.3123644251626898,0.0,0.6876355748373102,0.18157651359877577,0.0,0.8184234864012242,0.003347462987542785,0.0,0.9966525370124573,0.14809534492269547,0.0,0.8519046550773045,0.16134593666792596,0,non-human,4,1,0,1,1,1,1,1,1,4,3,human,out-of-fold,strong candidate,1.0
815734044,Adlez27,brand,1.0,0,0.0,0.7906976744186046,1.0,0.7906976744186046,0.9562761132024352,1.0,0.9562761132024352,0.9999396506496359,1.0,0.9999396506496359,0.9984322314751523,1.0,0.9984322314751523,0.936336417436457,1,human,4,1,0,1,1,1,1,1,1,4,3,non-human,out-of-fold,strong candidate,1.0
815734095,GilmoreGuysShow,brand,1.0,0,0.0,0.8032786885245902,1.0,0.8032786885245902,0.9167090720270342,1.0,0.9167090720270342,0.9997041011636367,1.0,0.9997041011636367,0.7046059964141671,1.0,0.7046059964141671,0.856074464532357,1,human,4,1,1,1,1,1,1,1,0,4,3,non-human,out-of-fold,strong candidate,1.0
815734169,FlavourCrusader,brand,1.0,0,0.0,0.9224137931034483,1.0,0.9224137931034483,0.7798693284246776,1.0,0.7798693284246776,0.9923113263962496,1.0,0.9923113263962496,0.9351435537751591,1.0,0.9351435537751591,0.9074345004248836,1,human,4,1,1,1,0,1,1,1,1,4,3,non-human,out-of-fold,strong candidate,1.0
815734324,HayleysCloset,female,1.0,0,1.0,0.1836734693877551,0.0,0.8163265306122449,0.4649653848426286,0.0,0.5350346151573714,9.525414073603274e-37,0.0,1.0,0.05008959778064982,0.0,0.9499104022193502,0.17468211300275838,0,non-human,4,1,1,1,0,1,1,1,1,4,3,human,out-of-fold,strong candidate,1.0
815734530,RadioColegial,brand,1.0,0,0.0,0.9038461538461539,1.0,0.9038461538461539,0.6656909714102119,1.0,0.6656909714102119,0.968160953617205,1.0,0.968160953617205,0.9066312427720841,1.0,0.9066312427720841,0.8610823304114137,1,human,4,1,1,1,0,1,1,1,1,4,3,non-human,out-of-fold,strong candidate,1.0
815734715,WelshBizEvents,brand,1.0,0,0.0,0.8032786885245902,1.0,0.8032786885245902,1.0,1.0,1.0,0.9993696926236182,1.0,0.9993696926236182,0.7982012054463665,1.0,0.7982012054463665,0.9002123966486437,1,human,4,1,1,1,1,1,1,1,0,4,3,non-human,out-of-fold,strong candidate,1.0
815734719,SpankysCHNC,brand,1.0,0,0.0,0.8837209302325582,1.0,0.8837209302325582,0.7659803490785944,1.0,0.7659803490785944,0.901111933310198,1.0,0.901111933310198,0.8511781028140857,1.0,0.8511781028140857,0.850497828858859,1,human,4,1,1,1,0,1,1,1,1,4,3,non-human,out-of-fold,strong candidate,1.0
815734746,IUPUC,brand,1.0,0,0.0,0.7281553398058253,1.0,0.7281553398058253,0.896739561234641,1.0,0.896739561234641,0.9999999999914948,1.0,0.9999999999914948,0.8401351048090934,1.0,0.8401351048090934,0.8662575014602637,1,human,4,1,0,1,1,1,1,1,1,4,3,non-human,out-of-fold,strong candidate,1.0
815735349,thebestmashups,brand,1.0,0,0.0,0.6909090909090909,1.0,0.6909090909090909,0.9395375275496272,1.0,0.9395375275496272,0.9999999999995843,1.0,0.9999999999995843,0.8103582543712206,1.0,0.8103582543712206,0.8602012182073807,1,human,4,1,0,1,1,1,1,1,1,4,3,non-human,out-of-fold,strong candidate,1.0
815735573,susanxmorena,female,1.0,0,1.0,0.24953789279112754,0.0,0.7504621072088724,0.12737390990457603,0.0,0.8726260900954239,0.0013102263758196355,0.0,0.9986897736241803,0.16881744030632978,0.0,0.8311825596936702,0.13675986734446324,0,non-human,4,1,0,1,1,1,1,1,1,4,3,human,out-of-fold,strong candidate,1.0
815735689,Travel_Word,brand,1.0,0,0.0,0.953125,1.0,0.953125,0.6654747631581407,1.0,0.6654747631581407,0.9209517636403479,1.0,0.9209517636403479,0.9615384945103458,1.0,0.9615384945103458,0.8752725053272086,1,human,4,1,1,1,0,1,1,1,1,4,3,non-human,out-of-fold,strong candidate,1.0
815735780,BAC0NT,male,1.0,0,1.0,0.09615384615384616,0.0,0.9038461538461539,0.17737825528001586,0.0,0.8226217447199842,0.0008835323226700227,0.0,0.99911646767733,0.2579124152226147,0.0,0.7420875847773853,0.1330820122447867,0,non-human,4,1,1,1,1,1,1,1,0,4,3,human,out-of-fold,strong candidate,1.0
815735784,mmhdikbl,male,1.0,0,1.0,0.3225806451612903,0.0,0.6774193548387097,0.1980239704578147,0.0,0.8019760295421853,6.650643691946886e-05,0.0,0.9999334935630805,0.08721635773612682,0.0,0.9127836422638732,0.15197186994803782,0,non-human,4,1,0,1,1,1,1,1,1,4,3,human,out-of-fold,strong candidate,1.0
815735840,tvrecapsreviews,brand,1.0,0,0.0,1.0,1.0,1.0,0.8069578806614165,1.0,0.8069578806614165,0.8087974703221551,1.0,0.8087974703221551,0.7507452632027384,1.0,0.7507452632027384,0.8416251535465775,1,human,4,1,1,1,1,1,1,1,0,4,3,non-human,out-of-fold,strong candidate,1.0
815735884,daliaslutxxx,female,1.0,0,1.0,0.2979865771812081,0.0,0.702013422818792,0.05941338934504075,0.0,0.9405866106549593,0.0003914675324251451,0.0,0.9996085324675749,0.08303535353851935,0.0,0.9169646464614807,0.11020669689929832,0,non-human,4,1,0,1,1,1,1,1,1,4,3,human,out-of-fold,strong candidate,1.0
815735916,teejay4u_06,brand,1.0,0,0.0,0.9690721649484536,1.0,0.9690721649484536,1.0,1.0,1.0,0.6350551639834864,1.0,0.6350551639834864,0.9644412458958294,1.0,0.9644412458958294,0.8921421437069423,1,human,4,1,1,1,1,1,0,1,1,4,3,non-human,out-of-fold,strong candidate,1.0
815736013,southstandnige9,brand,1.0,0,0.0,1.0,1.0,1.0,1.0,1.0,1.0,0.5471015177260201,1.0,0.5471015177260201,0.964834191643511,1.0,0.964834191643511,0.8779839273423827,1,human,4,1,1,1,1,1,0,1,1,4,3,non-human,out-of-fold,strong candidate,1.0
815736110,books2believein,brand,1.0,0,0.0,0.7164179104477612,1.0,0.7164179104477612,0.8011385410100631,1.0,0.8011385410100631,0.9953274711655713,1.0,0.9953274711655713,0.9114453966785374,1.0,0.9114453966785374,0.8560823298254834,1,human,4,1,0,1,1,1,1,1,1,4,3,non-human,out-of-fold,strong candidate,1.0
815736236,FMLocalHistory,brand,1.0,0,0.0,0.7902097902097902,1.0,0.7902097902097902,0.81545325911115,1.0,0.81545325911115,0.8979539168089865,1.0,0.8979539168089865,0.8095920572295118,1.0,0.8095920572295118,0.8283022558398595,1,human,4,1,0,1,1,1,1,1,1,4,3,non-human,out-of-fold,strong candidate,1.0
815736817,2FicCrew,brand,1.0,0,0.0,0.7926829268292683,1.0,0.7926829268292683,0.9074818981301599,1.0,0.9074818981301599,0.8191819181182463,1.0,0.8191819181182463,0.9022229595539873,1.0,0.9022229595539873,0.8553924256579155,1,human,4,1,0,1,1,1,1,1,1,4,3,non-human,out-of-fold,strong candidate,1.0
815737050,Travel_Barrel,brand,1.0,0,0.0,0.8,1.0,0.8,0.6982827131173216,1.0,0.6982827131173216,0.9229294697870846,1.0,0.9229294697870846,0.9481730967954864,1.0,0.9481730967954864,0.8423463199249732,1,human,4,1,1,1,0,1,1,1,1,4,3,non-human,out-of-fold,strong candidate,1.0
815737080,janehissey,female,1.0,0,1.0,0.15,0.0,0.85,0.3585007429098634,0.0,0.6414992570901366,0.043009078432019815,0.0,0.9569909215679802,0.17272506195507226,0.0,0.8272749380449278,0.18105872082423885,0,non-human,4,1,1,1,0,1,1,1,1,4,3,human,out-of-fold,strong candidate,1.0
815737244,Petersson84,brand,1.0,0,0.0,1.0,1.0,1.0,0.7630451912828216,1.0,0.7630451912828216,0.9999999999999964,1.0,0.9999999999999964,0.9478307296750382,1.0,0.9478307296750382,0.9277189802394641,1,human,4,1,1,1,0,1,1,1,1,4,3,non-human,out-of-fold,strong candidate,1.0
815737337,KCSAR,brand,1.0,0,0.0,0.6979166666666666,1.0,0.6979166666666666,0.8319273266700679,1.0,0.8319273266700679,0.8735085062656149,1.0,0.8735085062656149,0.849972910008388,1.0,0.849972910008388,0.8133313524026844,1,human,4,1,0,1,1,1,1,1,1,4,3,non-human,out-of-fold,strong candidate,1.0
815737760,GravLabs,brand,1.0,0,0.0,0.9504950495049505,1.0,0.9504950495049505,0.7300547181419343,1.0,0.7300547181419343,0.963751212190715,1.0,0.963751212190715,0.8703023964718976,1.0,0.8703023964718976,0.8786508440773744,1,human,4,1,1,1,0,1,1,1,1,4,3,non-human,out-of-fold,strong candidate,1.0
815738262,hannybodner,female,1.0,0,1.0,0.2899786780383795,0.0,0.7100213219616205,0.10190139690008626,0.0,0.8980986030999137,0.0005187046036618356,0.0,0.9994812953963381,0.0960055864250553,0.0,0.9039944135749447,0.12210109149179572,0,non-human,4,1,0,1,1,1,1,1,1,4,3,human,out-of-fold,strong candidate,1.0
815738407,perko_designs,brand,1.0,0,0.0,1.0,1.0,1.0,0.8265137097665844,1.0,0.8265137097665844,0.7109701699875413,1.0,0.7109701699875413,0.8437894355935448,1.0,0.8437894355935448,0.8453183288369176,1,human,4,1,1,1,1,1,0,1,1,4,3,non-human,out-of-fold,strong candidate,1.0
815738467,aafx0_,brand,1.0,0,0.0,1.0,1.0,1.0,0.9589825326317888,1.0,0.9589825326317888,0.549613367187089,1.0,0.549613367187089,0.9425478626519589,1.0,0.9425478626519589,0.8627859406177092,1,human,4,1,1,1,1,1,0,1,1,4,3,non-human,out-of-fold,strong candidate,1.0
815738568,Nausetsports,brand,1.0,0,0.0,0.7988505747126436,1.0,0.7988505747126436,0.9111491719621093,1.0,0.9111491719621093,0.9999733830881491,1.0,0.9999733830881491,0.8688863255977524,1.0,0.8688863255977524,0.8947148638401636,1,human,4,1,0,1,1,1,1,1,1,4,3,non-human,out-of-fold,strong candidate,1.0
815738575,AWESOMEMIX_VOL1,brand,1.0,0,0.0,0.8831168831168831,1.0,0.8831168831168831,0.7812096667207883,1.0,0.7812096667207883,0.870066109752821,1.0,0.870066109752821,0.8565826616116876,1.0,0.8565826616116876,0.847743830300545,1,human,4,1,1,1,0,1,1,1,1,4,3,non-human,out-of-fold,strong candidate,1.0
815738672,SkatersChoiceCO,brand,1.0,0,0.0,0.7881944444444444,1.0,0.7881944444444444,0.9075593973351791,1.0,0.9075593973351791,1.0,1.0,1.0,0.9902748102153972,1.0,0.9902748102153972,0.9215071629987552,1,human,4,1,0,1,1,1,1,1,1,4,3,non-human,out-of-fold,strong candidate,1.0
815738674,morguejuice,brand,1.0,0,0.0,0.9375,1.0,0.9375,0.8697083631339703,1.0,0.8697083631339703,0.532538950804675,1.0,0.532538950804675,0.8317250606073675,1.0,0.8317250606073675,0.7928680936365031,1,human,4,1,1,1,1,1,0,1,1,4,3,non-human,out-of-fold,strong candidate,1.0
815738681,BirchgroveCA,brand,1.0,0,0.0,1.0,1.0,1.0,0.789297941413713,1.0,0.789297941413713,0.9609720931931526,1.0,0.9609720931931526,0.9534580151026332,1.0,0.9534580151026332,0.9259320124273748,1,human,4,1,1,1,0,1,1,1,1,4,3,non-human,out-of-fold,strong candidate,1.0
815738835,GRMTucson,brand,1.0,0,0.0,0.7281553398058253,1.0,0.7281553398058253,0.8725746925031582,1.0,0.8725746925031582,0.9999999999999787,1.0,0.9999999999999787,0.9066630794401479,1.0,0.9066630794401479,0.8768482779372775,1,human,4,1,0,1,1,1,1,1,1,4,3,non-human,out-of-fold,strong candidate,1.0
815738843,DCProductionLTD,brand,1.0,0,0.0,0.7926829268292683,1.0,0.7926829268292683,1.0,1.0,1.0,0.9999999999999929,1.0,0.9999999999999929,0.9577105753464742,1.0,0.9577105753464742,0.9375983755439339,1,human,4,1,0,1,1,1,1,1,1,4,3,non-human,out-of-fold,strong candidate,1.0
815739015,TrippyDrunk,brand,1.0,0,0.0,0.8947368421052632,1.0,0.8947368421052632,0.9520188646366258,1.0,0.9520188646366258,0.6537504851554221,1.0,0.6537504851554221,0.8886416541709229,1.0,0.8886416541709229,0.8472869615170585,1,human,4,1,1,1,1,1,0,1,1,4,3,non-human,out-of-fold,strong candidate,1.0
815739046,RogersHelps,brand,1.0,0,0.0,0.6818181818181818,1.0,0.6818181818181818,0.905827330213478,1.0,0.905827330213478,0.9999999946192233,1.0,0.9999999946192233,0.8323711288785471,1.0,0.8323711288785471,0.8550041588823576,1,human,4,1,0,1,1,1,1,1,1,4,3,non-human,out-of-fold,strong candidate,1.0
815739390,keshalovegirl1,female,1.0,0,1.0,0.3181818181818182,0.0,0.6818181818181819,0.09213444086942557,0.0,0.9078655591305744,1.157649389078132e-08,0.0,0.9999999884235061,0.07576030885119567,0.0,0.9242396911488043,0.12151914486973332,0,non-human,4,1,0,1,1,1,1,1,1,4,3,human,out-of-fold,strong candidate,1.0
815721061,SamyaSarfaraz,brand,0.341,0,0.0,0.8666666666666667,1.0,0.8666666666666667,0.9566572351654478,1.0,0.9566572351654478,0.15493209757499665,0.0,0.8450679024250034,0.9382169586996234,1.0,0.9382169586996234,0.7291182395266836,1,human,3,1,1,1,1,0,0,1,1,3,3,non-human,held-out candidate,strong candidate,0.341
815720993,DekoTehDragon,brand,0.3413,0,0.0,0.33984375,0.0,0.66015625,0.9088760297001452,1.0,0.9088760297001452,0.9999999999998508,1.0,0.9999999999998508,0.9266326927294132,1.0,0.9266326927294132,0.7938381181073523,1,human,3,0,0,1,1,1,1,1,1,3,3,non-human,held-out candidate,strong candidate,0.3413
815719820,blankyhanky17,brand,0.3436,0,0.0,0.8087431693989071,1.0,0.8087431693989071,0.9950592323893437,1.0,0.9950592323893437,0.03135711869679038,0.0,0.9686428813032096,0.8907438503967655,1.0,0.8907438503967655,0.6814758427204517,1,human,3,1,1,1,1,0,0,1,1,3,3,non-human,held-out candidate,strong candidate,0.3436
815724958,carolannbagan,female,0.349,0,1.0,0.8636363636363636,1.0,0.8636363636363636,0.1923356667984012,0.0,0.8076643332015988,1.2514261821665846e-68,0.0,1.0,0.16251808366729023,0.0,0.8374819163327097,0.30462252852551375,0,non-human,3,0,0,1,1,1,1,1,1,3,3,human,held-out candidate,strong candidate,0.349
815734855,SearrealSoul,brand,0.3495,0,0.0,0.5625,0.0,0.4375,0.8532017001792253,1.0,0.8532017001792253,0.9972563319602117,1.0,0.9972563319602117,0.9175137463680777,1.0,0.9175137463680777,0.8326179446268785,1,human,3,0,0,1,1,1,1,1,1,3,3,non-human,held-out candidate,strong candidate,0.3495
815725447,Zinxii_FFA,brand,0.3497,0,0.0,0.932,1.0,0.932,0.8437771087910995,1.0,0.8437771087910995,1.952392120966954e-65,0.0,1.0,0.9150632178956941,1.0,0.9150632178956941,0.6727100816716984,1,human,3,1,1,1,1,0,0,1,1,3,3,non-human,held-out candidate,strong candidate,0.3497
815734561,dontcry_bot,brand,0.3504,0,0.0,0.8087431693989071,1.0,0.8087431693989071,1.0,1.0,1.0,0.22662255352365368,0.0,0.7733774464763463,0.9280607708161098,1.0,0.9280607708161098,0.7408566234346676,1,human,3,1,1,1,1,0,0,1,1,3,3,non-human,held-out candidate,strong candidate,0.3504
815734547,Bilston71,brand,0.3553,0,0.0,0.46153846153846156,0.0,0.5384615384615384,0.859139166325753,1.0,0.859139166325753,0.9832230685806581,1.0,0.9832230685806581,0.9701872961589025,1.0,0.9701872961589025,0.8185219981509438,1,human,3,0,0,1,1,1,1,1,1,3,3,non-human,held-out candidate,strong candidate,0.3553
815721146,tsull5150,brand,0.3581,0,0.0,0.9457364341085271,1.0,0.9457364341085271,0.857318349853033,1.0,0.857318349853033,3.464782442297119e-64,0.0,1.0,0.8027911101113568,1.0,0.8027911101113568,0.6514614735182293,1,human,3,1,1,1,1,0,0,1,1,3,3,non-human,held-out candidate,strong candidate,0.3581
815728067,RalphEvan1,brand,0.3639,0,0.0,1.0,1.0,1.0,1.0,1.0,1.0,0.034439080269734385,0.0,0.9655609197302656,0.9278876722963787,1.0,0.9278876722963787,0.7405816881415282,1,human,3,1,1,1,1,0,0,1,1,3,3,non-human,held-out candidate,strong candidate,0.3639
815727114,Mythical_Skrub,brand,0.6415,0,0.0,0.5555555555555556,0.0,0.4444444444444444,0.9563759136415338,1.0,0.9563759136415338,0.9986389108413034,1.0,0.9986389108413034,0.8096938778060321,1.0,0.8096938778060321,0.8300660644611062,1,human,3,0,0,1,1,1,1,1,1,3,3,non-human,held-out candidate,strong candidate,0.6415
815729149,Dickpuncherello,brand,0.6432,0,0.0,0.46153846153846156,0.0,0.5384615384615384,0.8610569931945741,1.0,0.8610569931945741,1.0,1.0,1.0,0.8676678247366146,1.0,0.8676678247366146,0.7975658198674126,1,human,3,0,0,1,1,1,1,1,1,3,3,non-human,held-out candidate,strong candidate,0.6432
815735467,AudrinaDavis1,female,0.6432,0,1.0,0.6071428571428571,1.0,0.6071428571428571,0.06513453788933445,0.0,0.9348654621106656,4.914852756025084e-71,0.0,1.0,0.022743501096506545,0.0,0.9772564989034934,0.17375522403217453,0,non-human,3,0,0,1,1,1,1,1,1,3,3,human,held-out candidate,strong candidate,0.6432
815722461,DominationTos,brand,0.6458,0,0.0,0.45652173913043476,0.0,0.5434782608695652,1.0,1.0,1.0,0.9999999999999734,1.0,0.9999999999999734,0.9000922119879512,1.0,0.9000922119879512,0.8391534877795898,1,human,3,0,0,1,1,1,1,1,1,3,3,non-human,held-out candidate,strong candidate,0.6458
815738508,ShezaHolmes,brand,0.6461,0,0.0,0.5555555555555556,0.0,0.4444444444444444,0.9073744671112038,1.0,0.9073744671112038,0.951065345076539,1.0,0.951065345076539,0.9051243635801924,1.0,0.9051243635801924,0.8297799328308727,1,human,3,0,0,1,1,1,1,1,1,3,3,non-human,held-out candidate,strong candidate,0.6461
815727473,gender_bender_,brand,0.6528,0,0.0,0.5625,0.0,0.4375,1.0,1.0,1.0,0.999999999998952,1.0,0.999999999998952,0.9047043270970311,1.0,0.9047043270970311,0.8668010817739957,1,human,3,0,0,1,1,1,1,1,1,3,3,non-human,held-out candidate,strong candidate,0.6528
815724134,yell999,brand,0.6539,0,0.0,0.8087431693989071,1.0,0.8087431693989071,0.9061811457764576,1.0,0.9061811457764576,0.1418924558235543,0.0,0.8581075441764456,0.9634994271176397,1.0,0.9634994271176397,0.7050790495291397,1,human,3,1,1,1,1,0,0,1,1,3,3,non-human,held-out candidate,strong candidate,0.6539
815727404,CValenti11,brand,0.6546,0,0.0,0.8620689655172413,1.0,0.8620689655172413,0.8185645684674305,1.0,0.8185645684674305,0.0008946105030716133,0.0,0.9991053894969284,0.8931731632844789,1.0,0.8931731632844789,0.6436753269430556,1,human,3,1,1,1,1,0,0,1,1,3,3,non-human,held-out candidate,strong candidate,0.6546
815726976,BCmoney805,brand,0.6561,0,0.0,0.8087431693989071,1.0,0.8087431693989071,0.832013208701364,1.0,0.832013208701364,0.0018669651736163099,0.0,0.9981330348263837,0.9191282393753999,1.0,0.9191282393753999,0.6404378956623218,1,human,3,1,1,1,1,0,0,1,1,3,3,non-human,held-out candidate,strong candidate,0.6561
815729911,xlPlasmalx,brand,0.6575,0,0.0,0.8087431693989071,1.0,0.8087431693989071,0.8836545545063466,1.0,0.8836545545063466,0.03530465577404984,0.0,0.9646953442259502,0.9319406574941272,1.0,0.9319406574941272,0.6649107592933576,1,human,3,1,1,1,1,0,0,1,1,3,3,non-human,held-out candidate,strong candidate,0.6575
815728110,JoBlack668,brand,0.6578,0,0.0,0.9307692307692308,1.0,0.9307692307692308,1.0,1.0,1.0,0.26924679301182586,0.0,0.7307532069881741,0.9914564959056519,1.0,0.9914564959056519,0.7978681299216772,1,human,3,1,1,1,1,0,0,1,1,3,3,non-human,held-out candidate,strong candidate,0.6578
815724935,loudobbsnews,brand,0.6589,0,0.0,1.0,1.0,1.0,0.4761902113109293,0.0,0.5238097886890707,0.9983998101249772,1.0,0.9983998101249772,0.8073244949516489,1.0,0.8073244949516489,0.8204786290968888,1,human,3,1,1,0,0,1,1,1,1,3,3,non-human,held-out candidate,strong candidate,0.6589
815733088,08000119MUM,brand,0.6591,0,0.0,0.8333333333333334,1.0,0.8333333333333334,0.9512468335385754,1.0,0.9512468335385754,6.073874828512888e-05,0.0,0.9999392612517148,0.9547198668858825,1.0,0.9547198668858825,0.6848401931265191,1,human,3,1,1,1,1,0,0,1,1,3,3,non-human,held-out candidate,strong candidate,0.6591
815723772,Prostar84381634,brand,0.6602,0,0.0,0.8087431693989071,1.0,0.8087431693989071,0.8743001409558527,1.0,0.8743001409558527,3.859558809667217e-07,0.0,0.9999996140441191,0.98066450990509,1.0,0.98066450990509,0.6659270515539327,1,human,3,1,1,1,1,0,0,1,1,3,3,non-human,held-out candidate,strong candidate,0.6602
815738300,SingingRobots,brand,0.6611,0,0.0,0.5555555555555556,0.0,0.4444444444444444,0.8671605242933141,1.0,0.8671605242933141,0.954813145809953,1.0,0.954813145809953,0.8815811745697797,1.0,0.8815811745697797,0.8147776000571506,1,human,3,0,0,1,1,1,1,1,1,3,3,non-human,held-out candidate,strong candidate,0.6611
815731399,ItsJust_Aileen,brand,0.6618,0,0.0,0.4634146341463415,0.0,0.5365853658536586,0.9180597643951954,1.0,0.9180597643951954,1.0,1.0,1.0,0.9180797769953714,1.0,0.9180797769953714,0.824888543884227,1,human,3,0,0,1,1,1,1,1,1,3,3,non-human,held-out candidate,strong candidate,0.6618
815722362,nas162010,brand,0.6632,0,0.0,0.9457364341085271,1.0,0.9457364341085271,0.9565220769814027,1.0,0.9565220769814027,0.10937971051401667,0.0,0.8906202894859834,0.9814135426748594,1.0,0.9814135426748594,0.7482629410697015,1,human,3,1,1,1,1,0,0,1,1,3,3,non-human,held-out candidate,strong candidate,0.6632
815735649,BrendaJojic,brand,0.6637,0,0.0,0.2962962962962963,0.0,0.7037037037037037,0.8995912054959078,1.0,0.8995912054959078,0.9999999992548396,1.0,0.9999999992548396,0.8865457241334589,1.0,0.8865457241334589,0.7706083062951257,1,human,3,0,0,1,1,1,1,1,1,3,3,non-human,held-out candidate,strong candidate,0.6637
815719831,blankyhanky11,brand,0.6648,0,0.0,0.8087431693989071,1.0,0.8087431693989071,0.9920054510196353,1.0,0.9920054510196353,0.03137734443001978,0.0,0.9686226555699802,0.8907217087249109,1.0,0.8907217087249109,0.6807119183933683,1,human,3,1,1,1,1,0,0,1,1,3,3,non-human,held-out candidate,strong candidate,0.6648
815737111,jab50yen,brand,0.6653,0,0.0,1.0,1.0,1.0,0.6055681499710602,0.0,0.39443185002893977,0.9018427197327352,1.0,0.9018427197327352,0.8766172582155706,1.0,0.8766172582155706,0.8460070319798415,1,human,3,1,1,0,0,1,1,1,1,3,3,non-human,held-out candidate,strong candidate,0.6653
815723818,SLEEPYLABEEF47,brand,0.666,0,0.0,0.8620689655172413,1.0,0.8620689655172413,0.9539370300496942,1.0,0.9539370300496942,0.14892566912893027,0.0,0.8510743308710698,0.9038690637979662,1.0,0.9038690637979662,0.717200182123458,1,human,3,1,1,1,1,0,0,1,1,3,3,non-human,held-out candidate,strong candidate,0.666
815728448,Marco41237622,male,0.6665,0,1.0,0.6071428571428571,1.0,0.6071428571428571,0.1553630048078769,0.0,0.8446369951921231,1.1476354727506814e-77,0.0,1.0,0.04825653391394051,0.0,0.9517434660860595,0.20269059896616862,0,non-human,3,0,0,1,1,1,1,1,1,3,3,human,held-out candidate,strong candidate,0.6665
815726503,Gargamelkiller,brand,0.6667,0,0.0,0.9787878787878788,1.0,0.9787878787878788,1.0,1.0,1.0,1.9810960692745653e-56,0.0,1.0,0.9932844604683676,1.0,0.9932844604683676,0.7430180848140616,1,human,3,1,1,1,1,0,0,1,1,3,3,non-human,held-out candidate,strong candidate,0.6667
815738470,LizQue4loveSg,brand,0.667,0,0.0,1.0,1.0,1.0,0.9129771625744164,1.0,0.9129771625744164,0.00017164854124162435,0.0,0.9998283514587584,0.9033743729414512,1.0,0.9033743729414512,0.7041307960142773,1,human,3,1,1,1,1,0,0,1,1,3,3,non-human,held-out candidate,strong candidate,0.667
815725486,c0l5hy69,brand,0.6678,0,0.0,0.8333333333333334,1.0,0.8333333333333334,0.9054155517929552,1.0,0.9054155517929552,0.06090328936963224,0.0,0.9390967106303678,0.952133866443027,1.0,0.952133866443027,0.6879465102347369,1,human,3,1,1,1,1,0,0,1,1,3,3,non-human,held-out candidate,strong candidate,0.6678
815719818,blankyhanky19,brand,0.6694,0,0.0,0.8087431693989071,1.0,0.8087431693989071,0.9974789761641004,1.0,0.9974789761641004,0.03135533408174108,0.0,0.9686446659182589,0.8909126841963421,1.0,0.8909126841963421,0.6821225409602727,1,human,3,1,1,1,1,0,0,1,1,3,3,non-human,held-out candidate,strong candidate,0.6694
815733480,12131415616,brand,0.6695,0,0.0,0.8666666666666667,1.0,0.8666666666666667,0.9542702141975451,1.0,0.9542702141975451,2.133243711309868e-13,0.0,0.9999999999997867,0.9759146312743361,1.0,0.9759146312743361,0.6992128780346903,1,human,3,1,1,1,1,0,0,1,1,3,3,non-human,held-out candidate,strong candidate,0.6695
815720927,GalaxyRemix922,brand,0.6708,0,0.0,0.8,1.0,0.8,1.0,1.0,1.0,0.1972429918910551,0.0,0.8027570081089449,0.877133647969205,1.0,0.877133647969205,0.718594159965065,1,human,3,1,1,1,1,0,0,1,1,3,3,non-human,held-out candidate,strong candidate,0.6708
815734613,ProfessorAzure,brand,0.6709,0,0.0,0.4634146341463415,0.0,0.5365853658536586,0.9554125509033292,1.0,0.9554125509033292,0.9128978109330647,1.0,0.9128978109330647,0.8778026285942325,1.0,0.8778026285942325,0.802381906144242,1,human,3,0,0,1,1,1,1,1,1,3,3,non-human,held-out candidate,strong candidate,0.6709
815729736,curlyfry248,brand,0.6721,0,0.0,0.8087431693989071,1.0,0.8087431693989071,0.8575641217955053,1.0,0.8575641217955053,0.009178112907351505,0.0,0.9908218870926485,0.94491457711559,1.0,0.94491457711559,0.6550999953043385,1,human,3,1,1,1,1,0,0,1,1,3,3,non-human,held-out candidate,strong candidate,0.6721
815736301,balzavaulxh7,brand,0.6747,0,0.0,0.8087431693989071,1.0,0.8087431693989071,0.846706173578612,1.0,0.846706173578612,0.04739058506299647,0.0,0.9526094149370036,0.9450790197391146,1.0,0.9450790197391146,0.6619797369449076,1,human,3,1,1,1,1,0,0,1,1,3,3,non-human,held-out candidate,strong candidate,0.6747
815731321,GothGalaxyGirl,brand,0.6751,0,0.0,0.5555555555555556,0.0,0.4444444444444444,0.8110438617664333,1.0,0.8110438617664333,0.9999990321572548,1.0,0.9999990321572548,0.8778027599854265,1.0,0.8778027599854265,0.8111003023661676,1,human,3,0,0,1,1,1,1,1,1,3,3,non-human,held-out candidate,strong candidate,0.6751
815726289,BikeSmut,brand,0.6754,0,0.0,0.9608695652173913,1.0,0.9608695652173913,0.622468299009027,0.0,0.377531700990973,0.9646113788099975,1.0,0.9646113788099975,0.8315247806676196,1.0,0.8315247806676196,0.8448685059260088,1,human,3,1,1,0,0,1,1,1,1,3,3,non-human,held-out candidate,strong candidate,0.6754
815735222,CasNovak305,brand,0.6766,0,0.0,0.8,1.0,0.8,0.9473540184329148,1.0,0.9473540184329148,0.279169759513501,0.0,0.720830240486499,0.8670061503590087,1.0,0.8670061503590087,0.7233824820763561,1,human,3,1,1,1,1,0,0,1,1,3,3,non-human,held-out candidate,strong candidate,0.6766
815720525,reisakuma,brand,0.6769,0,0.0,0.9787878787878788,1.0,0.9787878787878788,0.9094437391464331,1.0,0.9094437391464331,0.3089610386968305,0.0,0.6910389613031696,0.8498290499936649,1.0,0.8498290499936649,0.7617554266562019,1,human,3,1,1,1,1,0,0,1,1,3,3,non-human,held-out candidate,strong candidate,0.6769
815719416,QueensofDeen,brand,0.678,0,0.0,0.45652173913043476,0.0,0.5434782608695652,0.8593718156836411,1.0,0.8593718156836411,0.9708270343962794,1.0,0.9708270343962794,0.8445931375254901,1.0,0.8445931375254901,0.7828284316839613,1,human,3,0,0,1,1,1,1,1,1,3,3,non-human,held-out candidate,strong candidate,0.678
815722152,Phislash,brand,0.6782,0,0.0,0.4634146341463415,0.0,0.5365853658536586,1.0,1.0,1.0,0.9990732898185614,1.0,0.9990732898185614,0.9654472282607435,1.0,0.9654472282607435,0.8569837880564115,1,human,3,0,0,1,1,1,1,1,1,3,3,non-human,held-out candidate,strong candidate,0.6782
815736134,brandlercustom1,brand,0.6786,0,0.0,0.9307692307692308,1.0,0.9307692307692308,0.9566006599826229,1.0,0.9566006599826229,0.11855975178388622,0.0,0.8814402482161138,0.9295830058283221,1.0,0.9295830058283221,0.7338781620910155,1,human,3,1,1,1,1,0,0,1,1,3,3,non-human,held-out candidate,strong candidate,0.6786
815723711,niceindieman,male,0.6795,0,1.0,0.6071428571428571,1.0,0.6071428571428571,0.0,0.0,1.0,1.0340928631533499e-70,0.0,1.0,0.041281156488380294,0.0,0.9587188435116197,0.16210600340780934,0,non-human,3,0,0,1,1,1,1,1,1,3,3,human,held-out candidate,strong candidate,0.6795
815726086,250thouin365,brand,0.6826,0,0.0,0.8,1.0,0.8,0.8586773187318786,1.0,0.8586773187318786,0.00045013794483110244,0.0,0.9995498620551689,0.806910781426621,1.0,0.806910781426621,0.6165095595258328,1,human,3,1,1,1,1,0,0,1,1,3,3,non-human,held-out candidate,strong candidate,0.6826
815733729,hahahaNialler,brand,0.6868,0,0.0,0.8709677419354839,1.0,0.8709677419354839,0.8014942597996512,1.0,0.8014942597996512,0.9876181784760532,1.0,0.9876181784760532,0.44313005116176113,0.0,0.5568699488382389,0.7758025578432373,1,human,3,1,1,1,1,1,1,0,0,3,3,non-human,held-out candidate,strong candidate,0.6868
815726441,dcgblog,female,0.6889,0,1.0,0.6071428571428571,1.0,0.6071428571428571,0.0,0.0,1.0,9.469589648458924e-70,0.0,1.0,0.04747104019153932,0.0,0.9525289598084606,0.1636534743335991,0,non-human,3,0,0,1,1,1,1,1,1,3,3,human,held-out candidate,strong candidate,0.6889
815722015,KimFrancis367,brand,0.69,0,0.0,0.8392857142857143,1.0,0.8392857142857143,0.8176441678687107,1.0,0.8176441678687107,0.02201351973011753,0.0,0.9779864802698824,0.8726871442552091,1.0,0.8726871442552091,0.6379076365349379,1,human,3,1,1,1,1,0,0,1,1,3,3,non-human,held-out candidate,strong candidate,0.69
815738009,Team_Christ77,brand,0.6916,0,0.0,0.932,1.0,0.932,0.8220622808027254,1.0,0.8220622808027254,0.04707125302111009,0.0,0.9529287469788899,0.939519150365519,1.0,0.939519150365519,0.6851631710473386,1,human,3,1,1,1,1,0,0,1,1,3,3,non-human,held-out candidate,strong candidate,0.6916
815719286,SML2020,brand,1.0,0,0.0,0.8846153846153846,1.0,0.8846153846153846,0.9560752027804035,1.0,0.9560752027804035,0.21270082251508898,0.0,0.787299177484911,0.959610417286633,1.0,0.959610417286633,0.7532504567993774,1,human,3,1,1,1,1,0,0,1,1,3,3,non-human,out-of-fold,strong candidate,1.0
815719354,kilpatrickeolue,female,1.0,0,1.0,0.59375,1.0,0.59375,0.18840537806228794,0.0,0.811594621937712,4.886592916167955e-05,0.0,0.9999511340708384,0.09691484547170895,0.0,0.9030851545282911,0.21977977236578963,0,non-human,3,0,0,1,1,1,1,1,1,3,3,human,out-of-fold,strong candidate,1.0
815719395,BTLRadioNews,brand,1.0,0,0.0,0.9651162790697675,1.0,0.9651162790697675,0.8104750051720568,1.0,0.8104750051720568,0.995246787537478,1.0,0.995246787537478,0.4801656024223968,0.0,0.5198343975776032,0.8127509185504247,1,human,3,1,1,1,1,1,1,0,0,3,3,non-human,out-of-fold,strong candidate,1.0
815719685,Southridge300,brand,1.0,0,0.0,0.84,1.0,0.84,0.815549857487731,1.0,0.815549857487731,0.04311414325858866,0.0,0.9568858567414114,0.9431911611072981,1.0,0.9431911611072981,0.6604637904634044,1,human,3,1,1,1,1,0,0,1,1,3,3,non-human,out-of-fold,strong candidate,1.0
815719770,blankyhanky5,brand,1.0,0,0.0,1.0,1.0,1.0,1.0,1.0,1.0,0.053709611104373126,0.0,0.9462903888956269,0.8671379311177998,1.0,0.8671379311177998,0.7302118855555433,1,human,3,1,1,1,1,0,0,1,1,3,3,non-human,out-of-fold,strong candidate,1.0
815719805,OHS_SRC,brand,1.0,0,0.0,0.48,0.0,0.52,0.8144143396497238,1.0,0.8144143396497238,0.9999999999997975,1.0,0.9999999999997975,0.8836545031914431,1.0,0.8836545031914431,0.7945172107102411,1,human,3,0,0,1,1,1,1,1,1,3,3,non-human,out-of-fold,strong candidate,1.0
815720046,5HUPDATES_5H,brand,1.0,0,0.0,0.981651376146789,1.0,0.981651376146789,0.8051970263251343,1.0,0.8051970263251343,0.019012402447560774,0.0,0.9809875975524392,0.8233005135314985,1.0,0.8233005135314985,0.6572903296127457,1,human,3,1,1,1,1,0,0,1,1,3,3,non-human,out-of-fold,strong candidate,1.0
815720088,RONAinc,brand,1.0,0,0.0,0.9230769230769231,1.0,0.9230769230769231,0.629989954680926,0.0,0.370010045319074,0.981876330902004,1.0,0.981876330902004,0.9259921495928848,1.0,0.9259921495928848,0.8652338395631844,1,human,3,1,1,0,0,1,1,1,1,3,3,non-human,out-of-fold,strong candidate,1.0
815720131,3DSReddit,brand,1.0,0,0.0,0.9142857142857143,1.0,0.9142857142857143,0.336677962412003,0.0,0.663322037587997,0.9999999778584654,1.0,0.9999999778584654,0.9276328967707055,1.0,0.9276328967707055,0.794649137831722,1,human,3,1,1,0,0,1,1,1,1,3,3,non-human,out-of-fold,strong candidate,1.0
815720321,stfrancisP1and2,brand,1.0,0,0.0,1.0,1.0,1.0,0.8048240171262395,1.0,0.8048240171262395,0.04351624686972101,0.0,0.956483753130279,0.8921709152821327,1.0,0.8921709152821327,0.6851277948195234,1,human,3,1,1,1,1,0,0,1,1,3,3,non-human,out-of-fold,strong candidate,1.0
815720347,rtc855,brand,1.0,1,0.0,0.9307692307692308,1.0,0.9307692307692308,1.0,1.0,1.0,0.17967677179566538,0.0,0.8203232282043347,0.9559584796515744,1.0,0.9559584796515744,0.7666011205541177,1,human,3,1,1,1,1,0,0,1,1,3,3,non-human,held-out candidate,strong candidate,1.0
815720351,DestinyRDT,brand,1.0,0,0.0,0.9142857142857143,1.0,0.9142857142857143,0.3352534185742924,0.0,0.6647465814257076,0.9999984985548532,1.0,0.9999984985548532,0.9136148669544236,1.0,0.9136148669544236,0.790788124592321,1,human,3,1,1,0,0,1,1,1,1,3,3,non-human,out-of-fold,strong candidate,1.0
815720374,TheOffer,brand,1.0,0,0.0,0.8666666666666667,1.0,0.8666666666666667,0.5254249193826449,0.0,0.4745750806173551,0.9781033557233532,1.0,0.9781033557233532,0.8895142236184023,1.0,0.8895142236184023,0.8149272913477668,1,human,3,1,1,0,0,1,1,1,1,3,3,non-human,out-of-fold,strong candidate,1.0
815720482,BostonRDT,brand,1.0,0,0.0,0.9142857142857143,1.0,0.9142857142857143,0.46225805198151776,0.0,0.5377419480184822,0.9999999987623731,1.0,0.9999999987623731,0.9710171249902876,1.0,0.9710171249902876,0.8368902225049731,1,human,3,1,1,0,0,1,1,1,1,3,3,non-human,out-of-fold,strong candidate,1.0
815721089,totalkillton,brand,1.0,0,0.0,0.8307692307692308,1.0,0.8307692307692308,0.5598040972009125,0.0,0.4401959027990875,0.9993688498483393,1.0,0.9993688498483393,0.8349623832976343,1.0,0.8349623832976343,0.8062261402790292,1,human,3,1,1,0,0,1,1,1,1,3,3,non-human,out-of-fold,strong candidate,1.0
815721160,RedditDesign,brand,1.0,0,0.0,0.9142857142857143,1.0,0.9142857142857143,0.47073986668139656,0.0,0.5292601333186034,0.9999999839165455,1.0,0.9999999839165455,0.9748525905686425,1.0,0.9748525905686425,0.8399695388630748,1,human,3,1,1,0,0,1,1,1,1,3,3,non-human,out-of-fold,strong candidate,1.0
815721723,bama_ar,brand,1.0,0,0.0,1.0,1.0,1.0,0.9617436918836846,1.0,0.9617436918836846,0.009107975847014239,0.0,0.9908920241529857,0.9101864183883212,1.0,0.9101864183883212,0.720259521529755,1,human,3,1,1,1,1,0,0,1,1,3,3,non-human,out-of-fold,strong candidate,1.0
815722462,NHMS,brand,1.0,0,0.0,0.9083333333333333,1.0,0.9083333333333333,0.5747555009693445,0.0,0.42524449903065553,0.8003339564902975,1.0,0.8003339564902975,0.8135758848594455,1.0,0.8135758848594455,0.7742496689131052,1,human,3,1,1,0,0,1,1,1,1,3,3,non-human,out-of-fold,strong candidate,1.0
815722905,krggddn,brand,1.0,0,0.0,0.8831168831168831,1.0,0.8831168831168831,1.0,1.0,1.0,0.30068868694264655,0.0,0.6993113130573534,0.906012767754713,1.0,0.906012767754713,0.7724545844535606,1,human,3,1,1,1,1,0,0,1,1,3,3,non-human,out-of-fold,strong candidate,1.0
815723106,salescreative1,brand,1.0,0,0.0,0.41304347826086957,0.0,0.5869565217391304,0.8561783378266592,1.0,0.8561783378266592,0.974075995722314,1.0,0.974075995722314,0.8366475197521077,1.0,0.8366475197521077,0.7699863328904876,1,human,3,0,0,1,1,1,1,1,1,3,3,non-human,out-of-fold,strong candidate,1.0
815723247,skepticgiraffe,brand,1.0,0,0.0,1.0,1.0,1.0,0.9564370100318466,1.0,0.9564370100318466,0.11805493662955169,0.0,0.8819450633704483,0.9172303534331154,1.0,0.9172303534331154,0.7479305750236285,1,human,3,1,1,1,1,0,0,1,1,3,3,non-human,out-of-fold,strong candidate,1.0
815723317,CosmopolitanUK,brand,1.0,0,0.0,0.9210526315789473,1.0,0.9210526315789473,0.5782178310441722,0.0,0.42178216895582776,0.9999999999999964,1.0,0.9999999999999964,0.8256534488123365,1.0,0.8256534488123365,0.8312309778588631,1,human,3,1,1,0,0,1,1,1,1,3,3,non-human,out-of-fold,strong candidate,1.0
815723626,Poneve413,female,1.0,0,1.0,0.6029411764705882,1.0,0.6029411764705882,0.1166126254977628,0.0,0.8833873745022371,3.2345821887623046e-05,0.0,0.9999676541781124,0.18017098085931874,0.0,0.8198290191406813,0.22493928216238931,0,non-human,3,0,0,1,1,1,1,1,1,3,3,human,out-of-fold,strong candidate,1.0
815724107,MTVBrasil,brand,1.0,0,0.0,0.8470149253731343,1.0,0.8470149253731343,0.8567372606970961,1.0,0.8567372606970961,0.10932294582599028,0.0,0.8906770541740097,0.9917830843631961,1.0,0.9917830843631961,0.7012145540648542,1,human,3,1,1,1,1,0,0,1,1,3,3,non-human,out-of-fold,strong candidate,1.0
815724527,vote41dbro,brand,1.0,0,0.0,1.0,1.0,1.0,0.915061422505742,1.0,0.915061422505742,0.24923020516379554,0.0,0.7507697948362044,0.928621273706205,1.0,0.928621273706205,0.7732282253439356,1,human,3,1,1,1,1,0,0,1,1,3,3,non-human,out-of-fold,strong candidate,1.0
815724891,feedingjoy,brand,1.0,0,0.0,0.9521410579345088,1.0,0.9521410579345088,0.9081134837446466,1.0,0.9081134837446466,0.26853770120967796,0.0,0.7314622987903221,0.8382664544713911,1.0,0.8382664544713911,0.7417646743400561,1,human,3,1,1,1,1,0,0,1,1,3,3,non-human,out-of-fold,strong candidate,1.0
815725971,TheTodayShow,brand,1.0,0,0.0,0.9047619047619048,1.0,0.9047619047619048,0.8169465335511253,1.0,0.8169465335511253,0.1934609004534525,0.0,0.8065390995465476,0.9371062096655249,1.0,0.9371062096655249,0.7130688871080019,1,human,3,1,1,1,1,0,0,1,1,3,3,non-human,out-of-fold,strong candidate,1.0
815726736,lawmixx,brand,1.0,0,0.0,0.43478260869565216,0.0,0.5652173913043479,0.8549443401959753,1.0,0.8549443401959753,0.9703424860253855,1.0,0.9703424860253855,0.8619800153676073,1.0,0.8619800153676073,0.7805123625711551,1,human,3,0,0,1,1,1,1,1,1,3,3,non-human,out-of-fold,strong candidate,1.0
815726738,TheKatyNews,brand,1.0,0,0.0,0.2899786780383795,0.0,0.7100213219616205,0.8165834155544888,1.0,0.8165834155544888,0.9887364453471259,1.0,0.9887364453471259,0.8459325707043779,1.0,0.8459325707043779,0.7353077774110931,1,human,3,0,0,1,1,1,1,1,1,3,3,non-human,out-of-fold,strong candidate,1.0
815726937,vaporware,male,1.0,0,1.0,0.07692307692307693,0.0,0.9230769230769231,0.8167689546627289,1.0,0.8167689546627289,0.07002940592039587,0.0,0.9299705940796041,0.16702441492182094,0.0,0.832975585078179,0.2826864631070057,0,non-human,3,1,1,0,0,1,1,1,1,3,3,human,out-of-fold,strong candidate,1.0
815727222,MLPFIMTPM,brand,1.0,0,0.0,0.9767441860465116,1.0,0.9767441860465116,0.8428938527637919,1.0,0.8428938527637919,0.036325576002952616,0.0,0.9636744239970474,0.8346161617025923,1.0,0.8346161617025923,0.6726449441289621,1,human,3,1,1,1,1,0,0,1,1,3,3,non-human,out-of-fold,strong candidate,1.0
815727286,190Manhattan,brand,1.0,0,0.0,1.0,1.0,1.0,0.9470151233769667,1.0,0.9470151233769667,0.045742341766376884,0.0,0.9542576582336231,0.9567029703961764,1.0,0.9567029703961764,0.73736510888488,1,human,3,1,1,1,1,0,0,1,1,3,3,non-human,out-of-fold,strong candidate,1.0
815727542,gene14800846,brand,1.0,0,0.0,1.0,1.0,1.0,0.9536794827329763,1.0,0.9536794827329763,6.619870197444476e-07,0.0,0.9999993380129802,0.9992843652411209,1.0,0.9992843652411209,0.7382411274902793,1,human,3,1,1,1,1,0,0,1,1,3,3,non-human,out-of-fold,strong candidate,1.0
815729003,voxnovo,brand,1.0,0,0.0,0.948905109489051,1.0,0.948905109489051,1.0,1.0,1.0,1.7731371637314316e-73,0.0,1.0,0.9764571383262325,1.0,0.9764571383262325,0.7313405619538209,1,human,3,1,1,1,1,0,0,1,1,3,3,non-human,out-of-fold,strong candidate,1.0
815729311,leerwiki,brand,1.0,0,0.0,0.3123644251626898,0.0,0.6876355748373102,0.8594432541634807,1.0,0.8594432541634807,0.9999999999926246,1.0,0.9999999999926246,0.8063612009413652,1.0,0.8063612009413652,0.7445422200650401,1,human,3,0,0,1,1,1,1,1,1,3,3,non-human,out-of-fold,strong candidate,1.0
815729508,Mangal2,brand,1.0,0,0.0,0.9,1.0,0.9,0.9054879225811721,1.0,0.9054879225811721,0.07898429934725491,0.0,0.9210157006527451,0.9791879615959285,1.0,0.9791879615959285,0.7159150458810889,1,human,3,1,1,1,1,0,0,1,1,3,3,non-human,out-of-fold,strong candidate,1.0
815730559,wongaruka,brand,1.0,0,0.0,0.8307692307692308,1.0,0.8307692307692308,0.8066306303745924,1.0,0.8066306303745924,0.22037294487764958,0.0,0.7796270551223504,0.8099914889499609,1.0,0.8099914889499609,0.6669410737428585,1,human,3,1,1,1,1,0,0,1,1,3,3,non-human,out-of-fold,strong candidate,1.0
815730619,Food52,brand,1.0,0,0.0,0.3333333333333333,0.0,0.6666666666666667,0.8026908851288215,1.0,0.8026908851288215,0.8424191182330243,1.0,0.8424191182330243,0.8815417162979267,1.0,0.8815417162979267,0.7149962632482765,1,human,3,0,0,1,1,1,1,1,1,3,3,non-human,out-of-fold,strong candidate,1.0
815730860,bostoneventgirl,brand,1.0,0,0.0,0.8666666666666667,1.0,0.8666666666666667,0.4330553819120019,0.0,0.5669446180879981,0.989850117268949,1.0,0.989850117268949,0.8418151893895144,1.0,0.8418151893895144,0.782846838809283,1,human,3,1,1,0,0,1,1,1,1,3,3,non-human,out-of-fold,strong candidate,1.0
815731441,hackerrank,brand,1.0,0,0.0,1.0,1.0,1.0,0.47471961861608014,0.0,0.5252803813839199,0.9611938060944242,1.0,0.9611938060944242,0.8264211312551256,1.0,0.8264211312551256,0.8155836389914075,1,human,3,1,1,0,0,1,1,1,1,3,3,non-human,out-of-fold,strong candidate,1.0
815731619,511nj495,brand,1.0,0,0.0,0.9814814814814815,1.0,0.9814814814814815,0.950746670482796,1.0,0.950746670482796,5.402377554068282e-05,0.0,0.9999459762244594,0.9894438789451093,1.0,0.9894438789451093,0.7304315136712318,1,human,3,1,1,1,1,0,0,1,1,3,3,non-human,out-of-fold,strong candidate,1.0
815731716,Diarmuid_III,brand,1.0,0,0.0,0.5106382978723404,0.0,0.4893617021276596,0.9042984393817409,1.0,0.9042984393817409,0.9996745269635897,1.0,0.9996745269635897,0.8927276852989448,1.0,0.8927276852989448,0.826834737379154,1,human,3,0,0,1,1,1,1,1,1,3,3,non-human,out-of-fold,strong candidate,1.0
815731922,robertmeyer9,male,1.0,0,1.0,0.18518518518518517,0.0,0.8148148148148149,0.6656610070620871,1.0,0.6656610070620871,0.0007206966377493282,0.0,0.9992793033622507,0.1980665129546186,0.0,0.8019334870453814,0.26240835045991007,0,non-human,3,1,1,0,0,1,1,1,1,3,3,human,out-of-fold,strong candidate,1.0
815732366,1776worldwide1,brand,1.0,0,0.0,0.92,1.0,0.92,0.9533002494752525,1.0,0.9533002494752525,0.003413599761011297,0.0,0.9965864002389887,0.9505581675863692,1.0,0.9505581675863692,0.7068180042056582,1,human,3,1,1,1,1,0,0,1,1,3,3,non-human,out-of-fold,strong candidate,1.0
815732646,_The_Count,brand,1.0,0,0.0,0.3123644251626898,0.0,0.6876355748373102,0.9530217912078823,1.0,0.9530217912078823,1.0,1.0,1.0,0.8108037821969286,1.0,0.8108037821969286,0.7690474996418751,1,human,3,0,0,1,1,1,1,1,1,3,3,non-human,out-of-fold,strong candidate,1.0
815732753,HipTracUK,brand,1.0,0,0.0,0.5102040816326531,0.0,0.4897959183673469,0.9487617314944934,1.0,0.9487617314944934,0.9531537703583831,1.0,0.9531537703583831,0.8789157207971028,1.0,0.8789157207971028,0.8227588260706582,1,human,3,0,0,1,1,1,1,1,1,3,3,non-human,out-of-fold,strong candidate,1.0
815733074,BunkerCardiff,brand,1.0,0,0.0,0.8,1.0,0.8,0.8055507244372124,1.0,0.8055507244372124,0.9760218226622682,1.0,0.9760218226622682,0.3948509098558972,0.0,0.6051490901441028,0.7441058642388445,1,human,3,1,1,1,1,1,1,0,0,3,3,non-human,out-of-fold,strong candidate,1.0
815733176,guarreandox,brand,1.0,0,0.0,0.981651376146789,1.0,0.981651376146789,0.9518816234870217,1.0,0.9518816234870217,0.22725916441709193,0.0,0.7727408355829081,0.8653356539780395,1.0,0.8653356539780395,0.7565319545072355,1,human,3,1,1,1,1,0,0,1,1,3,3,non-human,out-of-fold,strong candidate,1.0
815733604,XDarkPlaysMC,brand,1.0,0,0.0,0.92,1.0,0.92,0.9057953703790421,1.0,0.9057953703790421,0.08983825560886181,0.0,0.9101617443911382,0.860604245594575,1.0,0.860604245594575,0.6940594678956198,1,human,3,1,1,1,1,0,0,1,1,3,3,non-human,out-of-fold,strong candidate,1.0
815733618,G2Room110,brand,1.0,0,0.0,1.0,1.0,1.0,0.9539177034942905,1.0,0.9539177034942905,0.0005473811485067492,0.0,0.9994526188514933,0.9127480644691576,1.0,0.9127480644691576,0.7168032872779887,1,human,3,1,1,1,1,0,0,1,1,3,3,non-human,out-of-fold,strong candidate,1.0
815733635,55002koyli,brand,1.0,0,0.0,0.925,1.0,0.925,0.9109288358728358,1.0,0.9109288358728358,0.0007132447990519478,0.0,0.999286755200948,0.9481691864652223,1.0,0.9481691864652223,0.6962028167842775,1,human,3,1,1,1,1,0,0,1,1,3,3,non-human,out-of-fold,strong candidate,1.0
815734567,hiwearespiders,brand,1.0,0,0.0,0.5445544554455446,0.0,0.4554455445544554,0.8375262878476536,1.0,0.8375262878476536,1.0,1.0,1.0,0.9369167701506774,1.0,0.9369167701506774,0.829749378360969,1,human,3,0,0,1,1,1,1,1,1,3,3,non-human,out-of-fold,strong candidate,1.0
815734634,ProjectCoin,brand,1.0,0,0.0,0.15151515151515152,0.0,0.8484848484848485,0.8779441562959044,1.0,0.8779441562959044,1.0,1.0,1.0,0.878672407469434,1.0,0.878672407469434,0.7270329288201225,1,human,3,0,0,1,1,1,1,1,1,3,3,non-human,out-of-fold,strong candidate,1.0
815735128,HaysheadNursery,brand,1.0,0,0.0,1.0,1.0,1.0,0.8176929472521067,1.0,0.8176929472521067,0.11321026457333552,0.0,0.8867897354266645,0.8834515394484503,1.0,0.8834515394484503,0.7035886878184732,1,human,3,1,1,1,1,0,0,1,1,3,3,non-human,out-of-fold,strong candidate,1.0
815735229,indiefreakshop,brand,1.0,0,0.0,0.5102040816326531,0.0,0.4897959183673469,0.8708814883627302,1.0,0.8708814883627302,0.9996181039780261,1.0,0.9996181039780261,0.930680735922705,1.0,0.930680735922705,0.8278461024740285,1,human,3,0,0,1,1,1,1,1,1,3,3,non-human,out-of-fold,strong candidate,1.0
815735642,atxhipsters,brand,1.0,0,0.0,0.5365853658536586,0.0,0.46341463414634143,0.910966232677083,1.0,0.910966232677083,0.9993606906273729,1.0,0.9993606906273729,0.8898944311504923,1.0,0.8898944311504923,0.8342016800771517,1,human,3,0,0,1,1,1,1,1,1,3,3,non-human,out-of-fold,strong candidate,1.0
815736270,MaryGraceDavis9,brand,1.0,0,0.0,0.851063829787234,1.0,0.851063829787234,0.8881057608247781,1.0,0.8881057608247781,0.02971830545831056,0.0,0.9702816945416894,0.8809603325145287,1.0,0.8809603325145287,0.6624620571462129,1,human,3,1,1,1,1,0,0,1,1,3,3,non-human,out-of-fold,strong candidate,1.0
815736773,MonuHotel,brand,1.0,0,0.0,1.0,1.0,1.0,0.8651551725232588,1.0,0.8651551725232588,0.01706874071328298,0.0,0.982931259286717,0.8572012612621089,1.0,0.8572012612621089,0.6848562936246627,1,human,3,1,1,1,1,0,0,1,1,3,3,non-human,out-of-fold,strong candidate,1.0
815736810,KSGGeog,brand,1.0,0,0.0,0.3978201634877384,0.0,0.6021798365122616,0.9151633689941913,1.0,0.9151633689941913,0.9999999999999876,1.0,0.9999999999999876,0.860723333931952,1.0,0.860723333931952,0.7934267166034673,1,human,3,0,0,1,1,1,1,1,1,3,3,non-human,out-of-fold,strong candidate,1.0
815736822,E_Sports101,brand,1.0,0,0.0,0.8620689655172413,1.0,0.8620689655172413,0.8983920724485397,1.0,0.8983920724485397,0.11579763788627086,0.0,0.8842023621137292,0.9487037085842273,1.0,0.9487037085842273,0.7062405961090698,1,human,3,1,1,1,1,0,0,1,1,3,3,non-human,out-of-fold,strong candidate,1.0
815737631,PulseRadioAZ,brand,1.0,0,0.0,0.8032786885245902,1.0,0.8032786885245902,0.8936457077350092,1.0,0.8936457077350092,1.0,1.0,1.0,0.3875725130025331,0.0,0.6124274869974669,0.7711242273155331,1,human,3,1,1,1,1,1,1,0,0,3,3,non-human,out-of-fold,strong candidate,1.0
815737802,club_musica175,brand,1.0,0,0.0,0.8333333333333334,1.0,0.8333333333333334,0.8134048288716346,1.0,0.8134048288716346,0.005801691496012755,0.0,0.9941983085039873,0.9069828264707247,1.0,0.9069828264707247,0.6398806700429264,1,human,3,1,1,1,1,0,0,1,1,3,3,non-human,out-of-fold,strong candidate,1.0
815737814,HiawathaSchool,brand,1.0,0,0.0,0.851063829787234,1.0,0.851063829787234,0.9619643660406321,1.0,0.9619643660406321,0.11699435753139349,0.0,0.8830056424686065,0.9123453170502869,1.0,0.9123453170502869,0.7105919676023866,1,human,3,1,1,1,1,0,0,1,1,3,3,non-human,out-of-fold,strong candidate,1.0
815738070,StrikeFM,brand,1.0,0,0.0,1.0,1.0,1.0,0.9550006841391211,1.0,0.9550006841391211,0.21015852257367149,0.0,0.7898414774263285,0.9330103504333601,1.0,0.9330103504333601,0.7745423892865381,1,human,3,1,1,1,1,0,0,1,1,3,3,non-human,out-of-fold,strong candidate,1.0
815738582,SamuraiSiegeWar,brand,1.0,0,0.0,0.15151515151515152,0.0,0.8484848484848485,0.8843926607372239,1.0,0.8843926607372239,1.0,1.0,1.0,0.9390114006940575,1.0,0.9390114006940575,0.7437298032366082,1,human,3,0,0,1,1,1,1,1,1,3,3,non-human,out-of-fold,strong candidate,1.0
815737606,TBuyse,brand,0.3375,0,0.0,0.8087431693989071,1.0,0.8087431693989071,0.8054484429118435,1.0,0.8054484429118435,0.6582689341062226,1.0,0.6582689341062226,0.7074828380007092,1.0,0.7074828380007092,0.7449858461044205,1,human,4,1,1,1,1,1,0,1,0,4,2,non-human,held-out candidate,review,0.3375
815736173,pllaatto,brand,0.3407,0,0.0,0.8087431693989071,1.0,0.8087431693989071,0.7556859643190172,1.0,0.7556859643190172,1.0,1.0,1.0,0.6509380705767918,1.0,0.6509380705767918,0.803841801073679,1,human,4,1,1,1,0,1,1,1,0,4,2,non-human,held-out candidate,review,0.3407
815737271,breakingadriel,brand,0.3417,0,0.0,0.6136363636363636,1.0,0.6136363636363636,0.6950738708345324,1.0,0.6950738708345324,0.9999999999999822,1.0,0.9999999999999822,0.9275265358384185,1.0,0.9275265358384185,0.8090591925773242,1,human,4,1,0,1,0,1,1,1,1,4,2,non-human,held-out candidate,review,0.3417
815729333,twiggy1977,female,0.3428,0,1.0,0.4,0.0,0.6,0.19321905649481194,0.0,0.806780943505188,4.040212706530835e-09,0.0,0.9999999959597873,0.4255440719525965,0.0,0.5744559280474035,0.2546907831219053,0,non-human,4,1,0,1,1,1,1,1,0,4,2,human,held-out candidate,review,0.3428
815722758,polwrestling,brand,0.3429,0,0.0,0.9307692307692308,1.0,0.9307692307692308,0.7994477494710616,1.0,0.7994477494710616,0.5245119653572345,1.0,0.5245119653572345,0.9706693001416948,1.0,0.9706693001416948,0.8063495614348055,1,human,4,1,1,1,0,1,0,1,1,4,2,non-human,held-out candidate,review,0.3429
815735477,saidosereno,male,0.3449,0,1.0,0.16129032258064516,0.0,0.8387096774193549,0.21672104029271883,0.0,0.7832789597072811,0.01964160853648001,0.0,0.98035839146352,0.4123880413568751,0.0,0.5876119586431249,0.20251025319167978,0,non-human,4,1,1,1,0,1,1,1,0,4,2,human,held-out candidate,review,0.3449
815726653,CharBotGreen2,female,0.3463,0,1.0,0.55,0.0,0.44999999999999996,0.4794720657564401,0.0,0.5205279342435599,8.149528660600464e-05,0.0,0.9999185047133939,0.06308707890585416,0.0,0.9369129210941458,0.27316015998722504,0,non-human,4,1,0,1,0,1,1,1,1,4,2,human,held-out candidate,review,0.3463
815727035,justahallcall,brand,0.3471,0,0.0,0.8287671232876712,1.0,0.8287671232876712,0.9507316222505118,1.0,0.9507316222505118,0.7263039801036411,1.0,0.7263039801036411,0.7831195985832805,1.0,0.7831195985832805,0.8222305810562761,1,human,4,1,1,1,1,1,0,1,0,4,2,non-human,held-out candidate,review,0.3471
815737571,BobFridImages,brand,0.3507,0,0.0,0.7163120567375887,1.0,0.7163120567375887,0.6768982063312349,1.0,0.6768982063312349,0.999999978432925,1.0,0.999999978432925,0.8439900171499684,1.0,0.8439900171499684,0.8093000646629291,1,human,4,1,0,1,0,1,1,1,1,4,2,non-human,held-out candidate,review,0.3507
815728344,thefashiondollz,male,0.352,0,1.0,0.2978723404255319,0.0,0.7021276595744681,0.1545761471796435,0.0,0.8454238528203565,0.13304937305486464,0.0,0.8669506269451354,0.3187345369009317,0.0,0.6812654630990683,0.22605809939024293,0,non-human,4,1,0,1,1,1,1,1,0,4,2,human,held-out candidate,review,0.352
815732769,DragnMastr13,brand,0.3556,0,0.0,0.967741935483871,1.0,0.967741935483871,0.7659645781497537,1.0,0.7659645781497537,0.7370413346102054,1.0,0.7370413346102054,0.909482601452044,1.0,0.909482601452044,0.8450576124239685,1,human,4,1,1,1,0,1,0,1,1,4,2,non-human,held-out candidate,review,0.3556
815736333,PyrexShards,female,0.3613,0,1.0,0.5598958333333334,0.0,0.44010416666666663,0.47138074439885497,0.0,0.5286192556011451,0.04295970139602056,0.0,0.9570402986039794,0.17217381728841394,0.0,0.827826182711586,0.31160252410415573,0,non-human,4,1,0,1,0,1,1,1,1,4,2,human,held-out candidate,review,0.3613
815737769,Obmaha,brand,0.6298,0,0.0,0.7719298245614035,1.0,0.7719298245614035,0.8680833801391938,1.0,0.8680833801391938,0.5546101560644973,1.0,0.5546101560644973,0.8179346031139684,1.0,0.8179346031139684,0.7531394909697657,1,human,4,1,0,1,1,1,0,1,1,4,2,non-human,held-out candidate,review,0.6298
815732871,G6SexGod,brand,0.6342,0,0.0,0.8666666666666667,1.0,0.8666666666666667,0.807365915450036,1.0,0.807365915450036,0.36680596403997046,1.0,0.36680596403997046,0.6929845683795397,1.0,0.6929845683795397,0.6834557786340532,1,human,4,1,1,1,1,1,0,1,0,4,2,non-human,held-out candidate,review,0.6342
815720068,YusufMoneer,brand,0.635,0,0.0,0.7906976744186046,1.0,0.7906976744186046,0.7527775526780479,1.0,0.7527775526780479,0.9824148251549549,1.0,0.9824148251549549,0.8181109267396578,1.0,0.8181109267396578,0.8360002447478163,1,human,4,1,0,1,0,1,1,1,1,4,2,non-human,held-out candidate,review,0.635
815725885,breebird33,brand,0.6404,0,0.0,0.9333333333333333,1.0,0.9333333333333333,0.7786151413079992,1.0,0.7786151413079992,0.5565875327504508,1.0,0.5565875327504508,0.8749335136956745,1.0,0.8749335136956745,0.7858673802718644,1,human,4,1,1,1,0,1,0,1,1,4,2,non-human,held-out candidate,review,0.6404
815737157,annaandreamm,female,0.6412,0,1.0,0.33984375,0.0,0.66015625,0.5795426366356881,0.0,0.42045736336431194,0.15602982143801633,0.0,0.8439701785619836,0.16388918722148257,0.0,0.8361108127785174,0.3098263488237967,0,non-human,4,1,0,1,0,1,1,1,1,4,2,human,held-out candidate,review,0.6412
815731763,LinWalsh15,female,0.6425,0,1.0,0.55,0.0,0.44999999999999996,0.31435678386012733,0.0,0.6856432161398727,0.043135817252721836,0.0,0.9568641827472781,0.16267724630897243,0.0,0.8373227536910276,0.26754246185545544,0,non-human,4,1,0,1,0,1,1,1,1,4,2,human,held-out candidate,review,0.6425
815735812,AceBaby45,male,0.6466,0,1.0,0.56,0.0,0.43999999999999995,0.18372109320396937,0.0,0.8162789067960307,0.005969530277888968,0.0,0.9940304697221111,0.2884952053471596,0.0,0.7115047946528403,0.2595464572072545,0,non-human,4,1,0,1,1,1,1,1,0,4,2,human,held-out candidate,review,0.6466
815735174,duckwellsvintag,female,0.6469,0,1.0,0.12903225806451613,0.0,0.8709677419354839,0.49740948598369183,0.0,0.5025905140163082,3.127774661959551e-08,0.0,0.9999999687222534,0.26636207868628636,0.0,0.7336379213137136,0.22320096350306023,0,non-human,4,1,1,1,0,1,1,1,0,4,2,human,held-out candidate,review,0.6469
815725630,JaymOnI_Swaggz,male,0.6471,1,1.0,0.5598958333333334,0.0,0.44010416666666663,0.5417846529073388,0.0,0.4582153470926612,0.054928215648302886,0.0,0.9450717843516971,0.18821714505059367,0.0,0.8117828549494064,0.33620646173489216,0,non-human,4,1,0,1,0,1,1,1,1,4,2,human,held-out candidate,review,0.6471
815726817,ZeusCarver,brand,0.6471,0,0.0,0.6363636363636364,1.0,0.6363636363636364,1.0,1.0,1.0,0.9918632229195521,1.0,0.9918632229195521,0.7853206389472495,1.0,0.7853206389472495,0.8533868745576094,1,human,4,1,0,1,1,1,1,1,0,4,2,non-human,held-out candidate,review,0.6471
815719651,FDD_Iran,brand,0.6477,0,0.0,0.7051282051282052,1.0,0.7051282051282052,0.71801204910349,1.0,0.71801204910349,0.9999960405901417,1.0,0.9999960405901417,0.8195783247753735,1.0,0.8195783247753735,0.8106786548993027,1,human,4,1,0,1,0,1,1,1,1,4,2,non-human,held-out candidate,review,0.6477
815725934,erynies,brand,0.6488,0,0.0,0.7878787878787878,1.0,0.7878787878787878,0.6858604161722385,1.0,0.6858604161722385,0.9720160761320418,1.0,0.9720160761320418,0.8667913617181308,1.0,0.8667913617181308,0.8281366604752997,1,human,4,1,0,1,0,1,1,1,1,4,2,non-human,held-out candidate,review,0.6488
815728018,AllisonMarchet1,female,0.6489,0,1.0,0.12903225806451613,0.0,0.8709677419354839,0.5764901224169595,0.0,0.4235098775830405,3.836466125977087e-05,0.0,0.9999616353387403,0.439143766323725,0.0,0.560856233676275,0.28617612786661506,0,non-human,4,1,1,1,0,1,1,1,0,4,2,human,held-out candidate,review,0.6489
815723854,DoctaCosmic,brand,0.6497,0,0.0,0.7719298245614035,1.0,0.7719298245614035,0.7314752053859083,1.0,0.7314752053859083,0.9335418379459441,1.0,0.9335418379459441,0.9274334603328213,1.0,0.9274334603328213,0.8410950820565193,1,human,4,1,0,1,0,1,1,1,1,4,2,non-human,held-out candidate,review,0.6497
815732036,ForMyDreamBody,brand,0.65,0,0.0,0.967741935483871,1.0,0.967741935483871,0.7522922303111275,1.0,0.7522922303111275,0.5316307660010724,1.0,0.5316307660010724,0.8207717179939793,1.0,0.8207717179939793,0.7681091624475125,1,human,4,1,1,1,0,1,0,1,1,4,2,non-human,held-out candidate,review,0.65
815731857,YourSpiritSpeak,female,0.6504,0,1.0,0.16666666666666666,0.0,0.8333333333333334,0.33502316648650304,0.0,0.6649768335134969,8.080452615213726e-05,0.0,0.9999191954738479,0.2626186576861387,0.0,0.7373813423138613,0.19109732384136513,0,non-human,4,1,1,1,0,1,1,1,0,4,2,human,held-out candidate,review,0.6504
815728810,HenriettaSandwi,brand,0.6505,0,0.0,0.6962025316455697,1.0,0.6962025316455697,0.8623279391231439,1.0,0.8623279391231439,0.9667741895262998,1.0,0.9667741895262998,0.7932392976382688,1.0,0.7932392976382688,0.8296359894833206,1,human,4,1,0,1,1,1,1,1,0,4,2,non-human,held-out candidate,review,0.6505
815731990,slicerrunroad,male,0.6506,0,1.0,0.12903225806451613,0.0,0.8709677419354839,0.25846725289459793,0.0,0.7415327471054021,0.0022689357217760926,0.0,0.9977310642782239,0.3701171469482703,0.0,0.6298828530517298,0.1899713984072901,0,non-human,4,1,1,1,0,1,1,1,0,4,2,human,held-out candidate,review,0.6506
815736811,Robjection,brand,0.6509,0,0.0,0.7051282051282052,1.0,0.7051282051282052,0.8073661761930858,1.0,0.8073661761930858,0.9864611304757308,1.0,0.9864611304757308,0.7672387665771679,1.0,0.7672387665771679,0.8165485695935474,1,human,4,1,0,1,1,1,1,1,0,4,2,non-human,held-out candidate,review,0.6509
815735321,FatStinkinDrunk,brand,0.6514,0,0.0,1.0,1.0,1.0,0.7793207631486224,1.0,0.7793207631486224,0.9824224831137879,1.0,0.9824224831137879,0.6892302679917306,1.0,0.6892302679917306,0.8627433785635352,1,human,4,1,1,1,0,1,1,1,0,4,2,non-human,held-out candidate,review,0.6514
815725877,RaiderDelta,brand,0.6534,0,0.0,0.9333333333333333,1.0,0.9333333333333333,0.7652238448191484,1.0,0.7652238448191484,0.9997720803555433,1.0,0.9997720803555433,0.7665706021681126,1.0,0.7665706021681126,0.8662249651690344,1,human,4,1,1,1,0,1,1,1,0,4,2,non-human,held-out candidate,review,0.6534
815738505,nakedtoby,brand,0.6543,0,0.0,0.7163120567375887,1.0,0.7163120567375887,0.8065544291749221,1.0,0.8065544291749221,0.9999999999997655,1.0,0.9999999999997655,0.5738371608806017,1.0,0.5738371608806017,0.7741759116982194,1,human,4,1,0,1,1,1,1,1,0,4,2,non-human,held-out candidate,review,0.6543
815730000,DuragantheLion,brand,0.6545,0,0.0,0.8723404255319149,1.0,0.8723404255319149,0.651275236325754,1.0,0.651275236325754,0.9943668631906497,1.0,0.9943668631906497,0.6012286766974161,1.0,0.6012286766974161,0.7798028004364337,1,human,4,1,1,1,0,1,1,1,0,4,2,non-human,held-out candidate,review,0.6545
815737018,LunawithWings,brand,0.6559,0,0.0,0.6136363636363636,1.0,0.6136363636363636,0.9530967738146511,1.0,0.9530967738146511,0.6281190873759949,1.0,0.6281190873759949,0.9628129873873041,1.0,0.9628129873873041,0.7894163030535783,1,human,4,1,0,1,1,1,0,1,1,4,2,non-human,held-out candidate,review,0.6559
815739099,Nayke14,brand,0.6569,0,0.0,1.0,1.0,1.0,0.6698248666823884,1.0,0.6698248666823884,0.8705640545804388,1.0,0.8705640545804388,0.756829053051862,1.0,0.756829053051862,0.8243044935786723,1,human,4,1,1,1,0,1,1,1,0,4,2,non-human,held-out candidate,review,0.6569
815737367,unfoldURwings,brand,0.6572,0,0.0,0.8287671232876712,1.0,0.8287671232876712,0.8094429281044992,1.0,0.8094429281044992,0.44427800661743416,1.0,0.44427800661743416,0.6993068402177726,1.0,0.6993068402177726,0.6954487245568444,1,human,4,1,1,1,1,1,0,1,0,4,2,non-human,held-out candidate,review,0.6572
815724106,Geology_topics,brand,0.6575,0,0.0,0.932,1.0,0.932,0.7980916260220983,1.0,0.7980916260220983,0.8149966438256057,1.0,0.8149966438256057,0.5481430257867012,1.0,0.5481430257867012,0.7733078239086013,1,human,4,1,1,1,0,1,1,1,0,4,2,non-human,held-out candidate,review,0.6575
815731616,AvenirAfrica,brand,0.6579,0,0.0,0.9457364341085271,1.0,0.9457364341085271,0.7740660805950071,1.0,0.7740660805950071,0.7227283779418339,1.0,0.7227283779418339,0.866130273877999,1.0,0.866130273877999,0.8271652916308417,1,human,4,1,1,1,0,1,0,1,1,4,2,non-human,held-out candidate,review,0.6579
815723287,LunaAmatheia,brand,0.6583,0,0.0,0.7051282051282052,1.0,0.7051282051282052,0.817062126731836,1.0,0.817062126731836,0.992860005320127,1.0,0.992860005320127,0.5985153647014569,1.0,0.5985153647014569,0.7783914254704063,1,human,4,1,0,1,1,1,1,1,0,4,2,non-human,held-out candidate,review,0.6583
815733096,sypijeleje,brand,0.6583,0,0.0,0.8087431693989071,1.0,0.8087431693989071,0.75061942407737,1.0,0.75061942407737,0.6181009357250086,1.0,0.6181009357250086,0.8724616327713433,1.0,0.8724616327713433,0.7624812904931573,1,human,4,1,1,1,0,1,0,1,1,4,2,non-human,held-out candidate,review,0.6583
815735985,soconnor76,brand,0.6583,0,0.0,0.9339622641509434,1.0,0.9339622641509434,0.678048912701904,1.0,0.678048912701904,0.6802236026876473,1.0,0.6802236026876473,0.9002703649183217,1.0,0.9002703649183217,0.798126286114704,1,human,4,1,1,1,0,1,0,1,1,4,2,non-human,held-out candidate,review,0.6583
815737186,bonhomme37,brand,0.6584,0,0.0,1.0,1.0,1.0,0.7172383335506727,1.0,0.7172383335506727,0.7231008063736103,1.0,0.7231008063736103,0.981508923207773,1.0,0.981508923207773,0.8554620157830141,1,human,4,1,1,1,0,1,0,1,1,4,2,non-human,held-out candidate,review,0.6584
815739039,LynnsBlondePorn,female,0.6587,0,1.0,0.0,0.0,1.0,0.33256721252451105,0.0,0.667432787475489,2.583449711461441e-06,0.0,0.9999974165502885,0.28632573880316997,0.0,0.7136742611968301,0.1547238836943481,0,non-human,4,1,1,1,0,1,1,1,0,4,2,human,held-out candidate,review,0.6587
815720787,Dropgist,female,0.6591,0,1.0,0.2346368715083799,0.0,0.7653631284916201,0.33191870859624767,0.0,0.6680812914037524,0.030121301737889735,0.0,0.9698786982621103,0.17872602261572576,0.0,0.8212739773842742,0.19385072611456078,0,non-human,4,1,0,1,0,1,1,1,1,4,2,human,held-out candidate,review,0.6591
815728410,Silken_ebooks,brand,0.6595,0,0.0,0.6962025316455697,1.0,0.6962025316455697,0.9025871177781285,1.0,0.9025871177781285,0.9956631149667147,1.0,0.9956631149667147,0.6555731537657926,1.0,0.6555731537657926,0.8125064795390513,1,human,4,1,0,1,1,1,1,1,0,4,2,non-human,held-out candidate,review,0.6595
815735250,itzmide,female,0.6595,0,1.0,0.56,0.0,0.43999999999999995,0.26459880347427495,0.0,0.735401196525725,0.00518701635443631,0.0,0.9948129836455637,0.14437223921467243,0.0,0.8556277607853275,0.24353951476084595,0,non-human,4,1,0,1,0,1,1,1,1,4,2,human,held-out candidate,review,0.6595
815734104,Cardiff_Wales,brand,0.6608,0,0.0,0.6962025316455697,1.0,0.6962025316455697,0.8294551763297082,1.0,0.8294551763297082,0.998756720040971,1.0,0.998756720040971,0.7438648805343206,1.0,0.7438648805343206,0.8170698271376424,1,human,4,1,0,1,1,1,1,1,0,4,2,non-human,held-out candidate,review,0.6608
815727451,FRPSL_Commish,brand,0.6609,0,0.0,0.6136363636363636,1.0,0.6136363636363636,0.8618461786584728,1.0,0.8618461786584728,0.49860836054403024,1.0,0.49860836054403024,0.9431498369185461,1.0,0.9431498369185461,0.7293101849393532,1,human,4,1,0,1,1,1,0,1,1,4,2,non-human,held-out candidate,review,0.6609
815723535,cocoandghosty3h,brand,0.6612,0,0.0,0.8734177215189873,1.0,0.8734177215189873,0.8646037853812333,1.0,0.8646037853812333,0.7358558802090486,1.0,0.7358558802090486,0.6515693708610379,1.0,0.6515693708610379,0.7813616894925768,1,human,4,1,1,1,1,1,0,1,0,4,2,non-human,held-out candidate,review,0.6612
815719391,PennTweetz,male,0.6619,0,1.0,0.2978723404255319,0.0,0.7021276595744681,0.5523164732955029,0.0,0.44768352670449707,0.1806014023868944,0.0,0.8193985976131056,0.17660809284835946,0.0,0.8233919071516406,0.3018495772390722,0,non-human,4,1,0,1,0,1,1,1,1,4,2,human,held-out candidate,review,0.6619
815720445,LittleMix,brand,0.6623,0,0.0,0.8709677419354839,1.0,0.8709677419354839,0.7062322839211832,1.0,0.7062322839211832,0.9999999999514699,1.0,0.9999999999514699,0.5545688683455278,1.0,0.5545688683455278,0.7829422235384161,1,human,4,1,1,1,0,1,1,1,0,4,2,non-human,held-out candidate,review,0.6623
815726873,DermottReport,male,0.6626,0,1.0,0.2346368715083799,0.0,0.7653631284916201,0.4622193645115135,0.0,0.5377806354884864,0.010381821942065479,0.0,0.9896181780579345,0.16902775372442377,0.0,0.8309722462755762,0.21906645292159568,0,non-human,4,1,0,1,0,1,1,1,1,4,2,human,held-out candidate,review,0.6626
815721658,Gnarly_Tango,brand,0.663,0,0.0,0.7857142857142857,1.0,0.7857142857142857,0.7239249007740937,1.0,0.7239249007740937,0.9883652034283721,1.0,0.9883652034283721,0.8000672256850515,1.0,0.8000672256850515,0.8245179039004507,1,human,4,1,0,1,0,1,1,1,1,4,2,non-human,held-out candidate,review,0.663
815735254,iambriel,female,0.6644,0,1.0,0.2978723404255319,0.0,0.7021276595744681,0.3335591390687669,0.0,0.6664408609312331,0.0001936622253618129,0.0,0.9998063377746382,0.13327649782483653,0.0,0.8667235021751635,0.19122540988612427,0,non-human,4,1,0,1,0,1,1,1,1,4,2,human,held-out candidate,review,0.6644
815737625,n0aw65,female,0.6646,0,1.0,0.17857142857142858,0.0,0.8214285714285714,0.3648936288628772,0.0,0.6351063711371228,0.00025869090330861785,0.0,0.9997413090966913,0.527307184011261,0.0,0.472692815988739,0.26775773308721884,0,non-human,4,1,1,1,0,1,1,1,0,4,2,human,held-out candidate,review,0.6646
815724051,bonfiresband,brand,0.6648,0,0.0,1.0,1.0,1.0,0.7931219024828154,1.0,0.7931219024828154,0.7210072471312623,1.0,0.7210072471312623,0.9399882234076374,1.0,0.9399882234076374,0.8635293432554287,1,human,4,1,1,1,0,1,0,1,1,4,2,non-human,held-out candidate,review,0.6648
815723648,Chexoid,brand,0.6651,0,0.0,0.6363636363636364,1.0,0.6363636363636364,0.916801303044456,1.0,0.916801303044456,0.7197848081765597,1.0,0.7197848081765597,0.8768705026059895,1.0,0.8768705026059895,0.7874550625476604,1,human,4,1,0,1,1,1,0,1,1,4,2,non-human,held-out candidate,review,0.6651
815730496,kneedough,brand,0.6666,0,0.0,0.932,1.0,0.932,0.76666721619855,1.0,0.76666721619855,0.7639811655041546,1.0,0.7639811655041546,0.8707121270974706,1.0,0.8707121270974706,0.8333401272000438,1,human,4,1,1,1,0,1,0,1,1,4,2,non-human,held-out candidate,review,0.6666
815731527,JuanChoiceMedia,brand,0.6666,0,0.0,0.932,1.0,0.932,0.8137720835571947,1.0,0.8137720835571947,0.5050130083644118,1.0,0.5050130083644118,0.7979705100978137,1.0,0.7979705100978137,0.762188900504855,1,human,4,1,1,1,1,1,0,1,0,4,2,non-human,held-out candidate,review,0.6666
815725019,MyBeautyDish,brand,0.6669,0,0.0,0.9608695652173913,1.0,0.9608695652173913,0.6712870989592432,1.0,0.6712870989592432,0.9686881543752518,1.0,0.9686881543752518,0.7943842644992991,1.0,0.7943842644992991,0.8488072707627963,1,human,4,1,1,1,0,1,1,1,0,4,2,non-human,held-out candidate,review,0.6669
815722056,Leversity,brand,0.667,0,0.0,0.7163120567375887,1.0,0.7163120567375887,0.7160501259476362,1.0,0.7160501259476362,0.9993370327663262,1.0,0.9993370327663262,0.9654509066377674,1.0,0.9654509066377674,0.8492875305223295,1,human,4,1,0,1,0,1,1,1,1,4,2,non-human,held-out candidate,review,0.667
815730448,RavenGirlll,brand,0.667,0,0.0,0.7051282051282052,1.0,0.7051282051282052,0.7983021327663498,1.0,0.7983021327663498,0.9919926984251116,1.0,0.9919926984251116,0.9550763197936117,1.0,0.9550763197936117,0.8626248390283195,1,human,4,1,0,1,0,1,1,1,1,4,2,non-human,held-out candidate,review,0.667
815735005,EthanVei,brand,0.6683,0,0.0,0.6136363636363636,1.0,0.6136363636363636,0.9030890581944865,1.0,0.9030890581944865,0.6137065279032891,1.0,0.6137065279032891,0.911330279763354,1.0,0.911330279763354,0.7604405573743733,1,human,4,1,0,1,1,1,0,1,1,4,2,non-human,held-out candidate,review,0.6683
815736636,DanteNevante,male,0.6684,0,1.0,0.12903225806451613,0.0,0.8709677419354839,0.21673731514532518,0.0,0.7832626848546749,0.006575771905427706,0.0,0.9934242280945723,0.4192510262234627,0.0,0.5807489737765372,0.19289909283468293,0,non-human,4,1,1,1,0,1,1,1,0,4,2,human,held-out candidate,review,0.6684
815735979,indianaclimate,male,0.6688,0,1.0,0.45652173913043476,0.0,0.5434782608695652,0.13066340812547964,0.0,0.8693365918745204,0.04160821720236261,0.0,0.9583917827976374,0.24377626426697513,0.0,0.7562237357330248,0.21814240718131306,0,non-human,4,1,0,1,1,1,1,1,0,4,2,human,held-out candidate,review,0.6688
815737934,B4rbee_B4bezx,female,0.6695,0,1.0,0.55,0.0,0.44999999999999996,0.19703196883290408,0.0,0.8029680311670959,0.005412646887201115,0.0,0.9945873531127989,0.43052791233622983,0.0,0.5694720876637702,0.29574313201408375,0,non-human,4,1,0,1,1,1,1,1,0,4,2,human,held-out candidate,review,0.6695
815736144,16thStMALL,brand,0.6697,0,0.0,0.8734177215189873,1.0,0.8734177215189873,0.734441515098724,1.0,0.734441515098724,0.8280819187244218,1.0,0.8280819187244218,0.7959953430180622,1.0,0.7959953430180622,0.8079841245900488,1,human,4,1,1,1,0,1,1,1,0,4,2,non-human,held-out candidate,review,0.6697
815720452,Copypasteadscom,female,0.6698,0,1.0,0.12903225806451613,0.0,0.8709677419354839,0.4149358493755353,0.0,0.5850641506244647,0.002304833501248638,0.0,0.9976951664987513,0.5217656162432497,0.0,0.4782343837567503,0.2670096392961374,0,non-human,4,1,1,1,0,1,1,1,0,4,2,human,held-out candidate,review,0.6698
815733935,fimyqoninihe,female,0.67,0,1.0,0.33984375,0.0,0.66015625,0.40413185784998124,0.0,0.5958681421500187,4.7353416235700575e-05,0.0,0.9999526465837643,0.19170046947544372,0.0,0.8082995305245563,0.2339308576854152,0,non-human,4,1,0,1,0,1,1,1,1,4,2,human,held-out candidate,review,0.67
815733429,MayaCob,female,0.6701,0,1.0,0.12903225806451613,0.0,0.8709677419354839,0.20721842123988315,0.0,0.7927815787601169,0.00039199730234448386,0.0,0.9996080026976555,0.43261149812546007,0.0,0.5673885018745399,0.19231354368305095,0,non-human,4,1,1,1,0,1,1,1,0,4,2,human,held-out candidate,review,0.6701
815726017,IB_GIST,female,0.6703,0,1.0,0.33984375,0.0,0.66015625,0.24122933902890964,0.0,0.7587706609710904,0.17948102316645895,0.0,0.820518976833541,0.0675092483138525,0.0,0.9324907516861475,0.20701584012730528,0,non-human,4,1,0,1,0,1,1,1,1,4,2,human,held-out candidate,review,0.6703
815720567,VV_RY_VD,female,0.6708,0,1.0,0.10526315789473684,0.0,0.8947368421052632,0.3206351876500771,0.0,0.679364812349923,3.744424127812755e-06,0.0,0.9999962555758722,0.2991487977193555,0.0,0.7008512022806446,0.18126272192207432,0,non-human,4,1,1,1,0,1,1,1,0,4,2,human,held-out candidate,review,0.6708
815723352,RumpyDog,brand,0.6708,0,0.0,0.8734177215189873,1.0,0.8734177215189873,0.7276042400148427,1.0,0.7276042400148427,0.9091690674593436,1.0,0.9091690674593436,0.7986484393612175,1.0,0.7986484393612175,0.8272098670885979,1,human,4,1,1,1,0,1,1,1,0,4,2,non-human,held-out candidate,review,0.6708
815723418,Indy_Events,male,0.6708,0,1.0,0.06896551724137931,0.0,0.9310344827586207,0.3272573768536134,0.0,0.6727426231463867,3.2761327149142312e-15,0.0,0.9999999999999967,0.2742848989816875,0.0,0.7257151010183125,0.16762694826917085,0,non-human,4,1,1,1,0,1,1,1,0,4,2,human,held-out candidate,review,0.6708
815724250,CheerWorldxo,female,0.6711,0,1.0,0.33984375,0.0,0.66015625,0.324627978865499,0.0,0.675372021134501,0.058507358405435646,0.0,0.9414926415945644,0.06890696481164851,0.0,0.9310930351883515,0.19797151302064578,0,non-human,4,1,0,1,0,1,1,1,1,4,2,human,held-out candidate,review,0.6711
815734207,CMYKai_,brand,0.6715,0,0.0,0.7051282051282052,1.0,0.7051282051282052,0.7202549287205098,1.0,0.7202549287205098,0.9982462189413465,1.0,0.9982462189413465,0.9728554386956044,1.0,0.9728554386956044,0.8491211978714164,1,human,4,1,0,1,0,1,1,1,1,4,2,non-human,held-out candidate,review,0.6715
815727353,jewontheright,brand,0.672,0,0.0,0.932,1.0,0.932,0.7112584827774654,1.0,0.7112584827774654,0.8728861575655394,1.0,0.8728861575655394,0.6012496838528476,1.0,0.6012496838528476,0.7793485810489631,1,human,4,1,1,1,0,1,1,1,0,4,2,non-human,held-out candidate,review,0.672
815731046,andrewjoltik,male,0.672,0,1.0,0.33984375,0.0,0.66015625,0.2770500643470042,0.0,0.7229499356529958,3.3487755508457273e-06,0.0,0.9999966512244491,0.17838926362913998,0.0,0.82161073637086,0.19882160668792376,0,non-human,4,1,0,1,0,1,1,1,1,4,2,human,held-out candidate,review,0.672
815724101,MBTA_CR,brand,0.6736,0,0.0,0.7051282051282052,1.0,0.7051282051282052,0.9399167927417699,1.0,0.9399167927417699,0.6452166831247652,1.0,0.6452166831247652,0.8341603431652356,1.0,0.8341603431652356,0.781105506039994,1,human,4,1,0,1,1,1,0,1,1,4,2,non-human,held-out candidate,review,0.6736
815723059,meredithnico,male,0.6737,0,1.0,0.2346368715083799,0.0,0.7653631284916201,0.4230956510299747,0.0,0.5769043489700253,0.049831589003863176,0.0,0.9501684109961368,0.07005208826313876,0.0,0.9299479117368612,0.19440404995133914,0,non-human,4,1,0,1,0,1,1,1,1,4,2,human,held-out candidate,review,0.6737
815724269,ColleagueDan,male,0.674,0,1.0,0.33984375,0.0,0.66015625,0.490117673588974,0.0,0.5098823264110259,0.0008856591530511607,0.0,0.9991143408469488,0.14606347127811786,0.0,0.8539365287218821,0.24422763850503576,0,non-human,4,1,0,1,0,1,1,1,1,4,2,human,held-out candidate,review,0.674
815725234,capitolfax,brand,0.6752,0,0.0,0.6507936507936508,1.0,0.6507936507936508,0.8082465647335179,1.0,0.8082465647335179,0.9800998689751746,1.0,0.9800998689751746,0.7346576983525084,1.0,0.7346576983525084,0.7934494457137129,1,human,4,1,0,1,1,1,1,1,0,4,2,non-human,held-out candidate,review,0.6752
815719414,SteidlSteinberg,male,0.6771,0,1.0,0.2346368715083799,0.0,0.7653631284916201,0.3349918709691327,0.0,0.6650081290308674,0.005406169224205171,0.0,0.9945938307757949,0.19146787154486639,0.0,0.8085321284551337,0.191625695811646,0,non-human,4,1,0,1,0,1,1,1,1,4,2,human,held-out candidate,review,0.6771
815737515,mr2keveryday,brand,0.6774,0,0.0,0.6962025316455697,1.0,0.6962025316455697,0.805339431002472,1.0,0.805339431002472,0.9966079030630972,1.0,0.9966079030630972,0.6878480013833245,1.0,0.6878480013833245,0.7964994667736158,1,human,4,1,0,1,1,1,1,1,0,4,2,non-human,held-out candidate,review,0.6774
815735818,JeisBonGeek,male,0.6777,0,1.0,0.3409090909090909,0.0,0.6590909090909092,0.40263101435653353,0.0,0.5973689856434665,0.0004755418362743185,0.0,0.9995244581637257,0.17243351081849964,0.0,0.8275664891815003,0.2291122894800996,0,non-human,4,1,0,1,0,1,1,1,1,4,2,human,held-out candidate,review,0.6777
815738529,FLSmallBz,male,0.6785,0,1.0,0.2346368715083799,0.0,0.7653631284916201,0.44751394268272787,0.0,0.5524860573172721,0.01075995101256681,0.0,0.9892400489874332,0.1483774848659497,0.0,0.8516225151340503,0.21032206251740607,0,non-human,4,1,0,1,0,1,1,1,1,4,2,human,held-out candidate,review,0.6785
815732341,WatermelonBloke,brand,0.6793,0,0.0,0.7051282051282052,1.0,0.7051282051282052,0.8678388385441341,1.0,0.8678388385441341,0.6584893210284893,1.0,0.6584893210284893,0.9572890366597945,1.0,0.9572890366597945,0.7971863503401558,1,human,4,1,0,1,1,1,0,1,1,4,2,non-human,held-out candidate,review,0.6793
815721373,superflycook,brand,0.6797,0,0.0,0.6363636363636364,1.0,0.6363636363636364,0.8684805509303403,1.0,0.8684805509303403,0.6735335311066524,1.0,0.6735335311066524,0.8421539792787286,1.0,0.8421539792787286,0.7551329244198394,1,human,4,1,0,1,1,1,0,1,1,4,2,non-human,held-out candidate,review,0.6797
815722286,owarinodungeon,female,0.6801,0,1.0,0.45652173913043476,0.0,0.5434782608695652,0.3274552836220801,0.0,0.6725447163779199,0.016980648032694876,0.0,0.9830193519673052,0.16278752414024122,0.0,0.8372124758597588,0.24093629873136274,0,non-human,4,1,0,1,0,1,1,1,1,4,2,human,held-out candidate,review,0.6801
815732326,SanJoseTalks,female,0.6802,0,1.0,0.10526315789473684,0.0,0.8947368421052632,0.30443007283143103,0.0,0.6955699271685689,2.3861666752034864e-05,0.0,0.9999761383332479,0.22155375082401982,0.0,0.7784462491759802,0.15781771080423493,0,non-human,4,1,1,1,0,1,1,1,0,4,2,human,held-out candidate,review,0.6802
815719417,BraveConWarrior,brand,0.6804,0,0.0,0.8666666666666667,1.0,0.8666666666666667,0.8155917914154878,1.0,0.8155917914154878,0.6225972335529458,1.0,0.6225972335529458,0.7932946700144115,1.0,0.7932946700144115,0.7745375904123779,1,human,4,1,1,1,1,1,0,1,0,4,2,non-human,held-out candidate,review,0.6804
815731634,youngddk,male,0.6809,0,1.0,0.33984375,0.0,0.66015625,0.2842973021758103,0.0,0.7157026978241897,2.052007689930999e-05,0.0,0.9999794799231007,0.15154287667978425,0.0,0.8484571233202157,0.19392611223312348,0,non-human,4,1,0,1,0,1,1,1,1,4,2,human,held-out candidate,review,0.6809
815736853,theARKHAM_,brand,0.6809,0,0.0,0.609375,1.0,0.609375,0.8708625428281599,1.0,0.8708625428281599,0.5467566830008049,1.0,0.5467566830008049,0.8615187501265326,1.0,0.8615187501265326,0.7221282439888744,1,human,4,1,0,1,1,1,0,1,1,4,2,non-human,held-out candidate,review,0.6809
815733362,MayaRSun,female,0.681,0,1.0,0.12903225806451613,0.0,0.8709677419354839,0.20729618303595956,0.0,0.7927038169640405,0.0003938837153182335,0.0,0.9996061162846818,0.4327636981421797,0.0,0.5672363018578204,0.1923715057394934,0,non-human,4,1,1,1,0,1,1,1,0,4,2,human,held-out candidate,review,0.681
815724933,TheMFamous,brand,0.682,0,0.0,0.8636363636363636,1.0,0.8636363636363636,0.6557957285537457,1.0,0.6557957285537457,0.8506960725896892,1.0,0.8506960725896892,0.764650712905315,1.0,0.764650712905315,0.7836947194212784,1,human,4,1,1,1,0,1,1,1,0,4,2,non-human,held-out candidate,review,0.682
815719794,MsBrooke_Lynn,brand,0.6829,0,0.0,0.9457364341085271,1.0,0.9457364341085271,0.6790244920299037,1.0,0.6790244920299037,0.9383588200190967,1.0,0.9383588200190967,0.762806863737945,1.0,0.762806863737945,0.8314816524738681,1,human,4,1,1,1,0,1,1,1,0,4,2,non-human,held-out candidate,review,0.6829
815736214,meniverle,female,0.6829,0,1.0,0.45652173913043476,0.0,0.5434782608695652,0.4929054167016805,0.0,0.5070945832983196,0.052353525241425086,0.0,0.9476464747585749,0.19890661299037032,0.0,0.8010933870096297,0.30017182351597765,0,non-human,4,1,0,1,0,1,1,1,1,4,2,human,held-out candidate,review,0.6829
815723914,khcsportsman85,male,0.6839,0,1.0,0.16129032258064516,0.0,0.8387096774193549,0.6235422516607921,0.0,0.37645774833920786,0.004072615357757782,0.0,0.9959273846422422,0.32849301837695694,0.0,0.671506981623043,0.279349551994038,0,non-human,4,1,1,1,0,1,1,1,0,4,2,human,held-out candidate,review,0.6839
815725628,SoulSonnet,brand,0.6843,0,0.0,0.8087431693989071,1.0,0.8087431693989071,0.8969778325297778,1.0,0.8969778325297778,0.7787625951851302,1.0,0.7787625951851302,0.6022243155750644,1.0,0.6022243155750644,0.7716769781722199,1,human,4,1,1,1,1,1,0,1,0,4,2,non-human,held-out candidate,review,0.6843
815719634,GemaVanbelle,male,0.6856,0,1.0,0.25,0.0,0.75,0.28093963100965086,0.0,0.7190603689903492,0.0004370823659020536,0.0,0.999562917634098,0.10653208210133676,0.0,0.8934679178986632,0.1594771988692224,0,non-human,4,1,0,1,0,1,1,1,1,4,2,human,held-out candidate,review,0.6856
815728811,CrochetAmerican,female,0.6859,0,1.0,0.2978723404255319,0.0,0.7021276595744681,0.27369360289407507,0.0,0.7263063971059249,0.0620697550975995,0.0,0.9379302449024005,0.07287526318390891,0.0,0.9271247368160911,0.17662774040027884,0,non-human,4,1,0,1,0,1,1,1,1,4,2,human,held-out candidate,review,0.6859
815722510,BingosResale,brand,0.688,0,0.0,0.6962025316455697,1.0,0.6962025316455697,0.8210456600528011,1.0,0.8210456600528011,0.977664048389692,1.0,0.977664048389692,0.7939210791271498,1.0,0.7939210791271498,0.8222083298038032,1,human,4,1,0,1,1,1,1,1,0,4,2,non-human,held-out candidate,review,0.688
815728690,tech_nfc,brand,0.6937,0,0.0,0.5833333333333334,1.0,0.5833333333333334,0.9148506169641322,1.0,0.9148506169641322,0.5395605951110914,1.0,0.5395605951110914,0.9124796326101983,1.0,0.9124796326101983,0.7375560445046888,1,human,4,1,0,1,1,1,0,1,1,4,2,non-human,held-out candidate,review,0.6937
815719226,sheezy0,male,1.0,0,1.0,0.12195121951219512,0.0,0.8780487804878049,0.41327541349893776,0.0,0.5867245865010622,0.049270820682227906,0.0,0.9507291793177721,0.3275913889611427,0.0,0.6724086110388573,0.22802221066362585,0,non-human,4,1,1,1,0,1,1,1,0,4,2,human,out-of-fold,review,1.0
815719241,Ayu7sith4,female,1.0,0,1.0,0.03571428571428571,0.0,0.9642857142857143,0.5137077935295424,0.0,0.48629220647045757,1.187546988104595e-06,0.0,0.9999988124530119,0.41173049134558054,0.0,0.5882695086544194,0.24028843953409917,0,non-human,4,1,1,1,0,1,1,1,0,4,2,human,out-of-fold,review,1.0
815719257,HalRappaport,male,1.0,0,1.0,0.3665338645418327,0.0,0.6334661354581673,0.4849740447423399,0.0,0.5150259552576602,0.0006481700133236125,0.0,0.9993518299866764,0.15833022219461312,0.0,0.8416697778053869,0.2526215753730273,0,non-human,4,1,0,1,0,1,1,1,1,4,2,human,out-of-fold,review,1.0
815719333,EMA_radio1,brand,1.0,0,0.0,0.88,1.0,0.88,0.6952322924952251,1.0,0.6952322924952251,0.9999999999217373,1.0,0.9999999999217373,0.6024047241223576,1.0,0.6024047241223576,0.79440925413483,1,human,4,1,1,1,0,1,1,1,0,4,2,non-human,out-of-fold,review,1.0
815719346,mickbk,male,1.0,0,1.0,0.15,0.0,0.85,0.46052507862588765,0.0,0.5394749213741123,0.07620197611657946,0.0,0.9237980238834206,0.3819410282760643,0.0,0.6180589717239358,0.26716702075463283,0,non-human,4,1,1,1,0,1,1,1,0,4,2,human,out-of-fold,review,1.0
815719522,MaryanneBigTi,female,1.0,0,1.0,0.22727272727272727,0.0,0.7727272727272727,0.4128530448962581,0.0,0.5871469551037418,0.0004289458280411323,0.0,0.9995710541719589,0.10484934875984615,0.0,0.8951506512401538,0.18635101668921816,0,non-human,4,1,0,1,0,1,1,1,1,4,2,human,out-of-fold,review,1.0
815719525,leechjgena,female,1.0,0,1.0,0.2899786780383795,0.0,0.7100213219616205,0.2821995754378977,0.0,0.7178004245621024,2.729308640041975e-10,0.0,0.9999999997270691,0.04918707453414274,0.0,0.9508129254658573,0.1553413320708377,0,non-human,4,1,0,1,0,1,1,1,1,4,2,human,out-of-fold,review,1.0
815719576,snowalps,brand,1.0,0,0.0,0.7407407407407407,1.0,0.7407407407407407,0.9476608136423388,1.0,0.9476608136423388,0.6209708630575126,1.0,0.6209708630575126,0.9360758160162866,1.0,0.9360758160162866,0.8113620583642197,1,human,4,1,0,1,1,1,0,1,1,4,2,non-human,out-of-fold,review,1.0
815719667,LiverpoolSailor,male,1.0,0,1.0,0.24953789279112754,0.0,0.7504621072088724,0.35987060769958784,0.0,0.6401293923004121,0.003175351656618425,0.0,0.9968246483433816,0.19218494559492214,0.0,0.8078150544050778,0.201192199435564,0,non-human,4,1,0,1,0,1,1,1,1,4,2,human,out-of-fold,review,1.0
815719900,cgnetwork,male,1.0,0,1.0,0.07692307692307693,0.0,0.9230769230769231,0.35318984452443875,0.0,0.6468101554755612,0.001409776656012598,0.0,0.9985902233439874,0.2409942217928005,0.0,0.7590057782071995,0.1681292299740822,0,non-human,4,1,1,1,0,1,1,1,0,4,2,human,out-of-fold,review,1.0
815719929,HMIbuzzOfficial,brand,1.0,0,0.0,0.8130081300813008,1.0,0.8130081300813008,0.7427456188545326,1.0,0.7427456188545326,0.9999999999965112,1.0,0.9999999999965112,0.7473423256794414,1.0,0.7473423256794414,0.8257740186529465,1,human,4,1,1,1,0,1,1,1,0,4,2,non-human,out-of-fold,review,1.0
815719946,BestBuySupport,brand,1.0,0,0.0,0.8782051282051282,1.0,0.8782051282051282,0.8157583936570159,1.0,0.8157583936570159,0.5764717709672269,1.0,0.5764717709672269,0.7915046862903699,1.0,0.7915046862903699,0.7654849947799351,1,human,4,1,1,1,1,1,0,1,0,4,2,non-human,out-of-fold,review,1.0
815719953,BaileysEZPicks,female,1.0,0,1.0,0.36666666666666664,0.0,0.6333333333333333,0.35427949487580274,0.0,0.6457205051241972,3.596182541598766e-05,0.0,0.999964038174584,0.17888039583190551,0.0,0.8211196041680945,0.22496562979994772,0,non-human,4,1,0,1,0,1,1,1,1,4,2,human,out-of-fold,review,1.0
815720158,haydnsym,male,1.0,0,1.0,0.2558139534883721,0.0,0.7441860465116279,0.42232144993494974,0.0,0.5776785500650503,0.007482372755786405,0.0,0.9925176272442136,0.17174162264921838,0.0,0.8282583773507817,0.21433984970708164,0,non-human,4,1,0,1,0,1,1,1,1,4,2,human,out-of-fold,review,1.0
815720199,LeeLambchop,brand,1.0,0,0.0,0.7222222222222222,1.0,0.7222222222222222,0.816078320234485,1.0,0.816078320234485,0.9971127457518321,1.0,0.9971127457518321,0.7348583975779951,1.0,0.7348583975779951,0.8175679214466335,1,human,4,1,0,1,1,1,1,1,0,4,2,non-human,out-of-fold,review,1.0
815720265,RiverCityMC,brand,1.0,0,0.0,0.7352941176470589,1.0,0.7352941176470589,0.7609804400008731,1.0,0.7609804400008731,0.8188035129109389,1.0,0.8188035129109389,0.9229900681391133,1.0,0.9229900681391133,0.8095170346744961,1,human,4,1,0,1,0,1,1,1,1,4,2,non-human,out-of-fold,review,1.0
815720298,GovWinBoy,male,1.0,0,1.0,0.3906810035842294,0.0,0.6093189964157706,0.43061673470288836,0.0,0.5693832652971116,0.001219115393414961,0.0,0.998780884606585,0.11991753813628835,0.0,0.8800824618637116,0.2356085979542053,0,non-human,4,1,0,1,0,1,1,1,1,4,2,human,out-of-fold,review,1.0
815720315,ThePopZone,brand,1.0,0,0.0,0.8076923076923077,1.0,0.8076923076923077,0.7677666706272388,1.0,0.7677666706272388,0.9999999976971097,1.0,0.9999999976971097,0.665854759149966,1.0,0.665854759149966,0.8103284337916555,1,human,4,1,1,1,0,1,1,1,0,4,2,non-human,out-of-fold,review,1.0
815720368,donorhut,brand,1.0,0,0.0,0.7361111111111112,1.0,0.7361111111111112,0.6611177619525089,1.0,0.6611177619525089,0.9814820681332772,1.0,0.9814820681332772,0.8037561696346108,1.0,0.8037561696346108,0.795616777707877,1,human,4,1,0,1,0,1,1,1,1,4,2,non-human,out-of-fold,review,1.0
815720377,BigEarsFestival,brand,1.0,0,0.0,0.8617021276595744,1.0,0.8617021276595744,0.7383530634152327,1.0,0.7383530634152327,0.9903564065965146,1.0,0.9903564065965146,0.7279230790966047,1.0,0.7279230790966047,0.8295836691919816,1,human,4,1,1,1,0,1,1,1,0,4,2,non-human,out-of-fold,review,1.0
815720380,947Star,brand,1.0,0,0.0,0.8666666666666667,1.0,0.8666666666666667,0.668054169475209,1.0,0.668054169475209,0.9998637511577416,1.0,0.9998637511577416,0.7044126273817054,1.0,0.7044126273817054,0.8097493036703307,1,human,4,1,1,1,0,1,1,1,0,4,2,non-human,out-of-fold,review,1.0
815720460,maggiedavies,female,1.0,0,1.0,0.175,0.0,0.825,0.5083704364227707,0.0,0.4916295635772293,0.1780425133719658,0.0,0.8219574866280341,0.48803720031992714,0.0,0.5119627996800729,0.3373625375286659,0,non-human,4,1,1,1,0,1,1,1,0,4,2,human,out-of-fold,review,1.0
815720600,iownakumal,male,1.0,0,1.0,0.2979865771812081,0.0,0.702013422818792,0.25571829827328346,0.0,0.7442817017267165,0.00020399694260760998,0.0,0.9997960030573924,0.072035149284133,0.0,0.927964850715867,0.15648600542030805,0,non-human,4,1,0,1,0,1,1,1,1,4,2,human,out-of-fold,review,1.0
815720695,WiregrassHFH,brand,1.0,0,0.0,0.8214285714285714,1.0,0.8214285714285714,0.6666839754910652,1.0,0.6666839754910652,0.5615895939362623,1.0,0.5615895939362623,0.8075493963149172,1.0,0.8075493963149172,0.714312884292704,1,human,4,1,1,1,0,1,0,1,1,4,2,non-human,out-of-fold,review,1.0
815720989,iamdonchinex,male,1.0,0,1.0,0.3123644251626898,0.0,0.6876355748373102,0.1425157276442492,0.0,0.8574842723557508,0.032719101555914246,0.0,0.9672808984440857,0.34874276589419334,0.0,0.6512572341058067,0.20908550506426166,0,non-human,4,1,0,1,1,1,1,1,0,4,2,human,out-of-fold,review,1.0
815721082,econet_support,brand,1.0,0,0.0,0.7321428571428571,1.0,0.7321428571428571,0.8164568948995145,1.0,0.8164568948995145,0.9571480167995498,1.0,0.9571480167995498,0.5670986398188896,1.0,0.5670986398188896,0.7682116021652027,1,human,4,1,0,1,1,1,1,1,0,4,2,non-human,out-of-fold,review,1.0
815721114,ChrisAdamTweets,male,1.0,0,1.0,0.07692307692307693,0.0,0.9230769230769231,0.4036878639854272,0.0,0.5963121360145728,0.10113326427400302,0.0,0.898866735725997,0.31836569640392154,0.0,0.6816343035960785,0.22502747539660717,0,non-human,4,1,1,1,0,1,1,1,0,4,2,human,out-of-fold,review,1.0
815721124,fernandlopez,male,1.0,0,1.0,0.0,0.0,1.0,0.4264200470961517,0.0,0.5735799529038483,2.7252141307984343e-22,0.0,1.0,0.4714361922268072,0.0,0.5285638077731928,0.22446405983073975,0,non-human,4,1,1,1,0,1,1,1,0,4,2,human,out-of-fold,review,1.0
815721258,HerrinAlison,female,1.0,0,1.0,0.15151515151515152,0.0,0.8484848484848485,0.5141464220763732,0.0,0.4858535779236268,0.082531938775617,0.0,0.917468061224383,0.43253477081198805,0.0,0.567465229188012,0.2951820707947824,0,non-human,4,1,1,1,0,1,1,1,0,4,2,human,out-of-fold,review,1.0
815721268,chicdecorstyles,brand,1.0,0,0.0,0.7142857142857143,1.0,0.7142857142857143,0.7763738139552898,1.0,0.7763738139552898,0.9999999999852882,1.0,0.9999999999852882,0.9077852944199377,1.0,0.9077852944199377,0.8496112056615576,1,human,4,1,0,1,0,1,1,1,1,4,2,non-human,out-of-fold,review,1.0
815721330,freetosave,female,1.0,0,1.0,0.3695652173913043,0.0,0.6304347826086957,0.2877765734291764,0.0,0.7122234265708236,0.00014131608663195877,0.0,0.9998586839133681,0.10375579613710459,0.0,0.8962442038628954,0.19030972576105432,0,non-human,4,1,0,1,0,1,1,1,1,4,2,human,out-of-fold,review,1.0
815721335,ImLexiBelle,female,1.0,0,1.0,0.01098901098901099,0.0,0.989010989010989,0.3830495891926789,0.0,0.6169504108073212,0.010160812720486414,0.0,0.9898391872795136,0.24413566649522098,0.0,0.755864333504779,0.16208376984934933,0,non-human,4,1,1,1,0,1,1,1,0,4,2,human,out-of-fold,review,1.0
815721344,tuningpills,female,1.0,0,1.0,0.48148148148148145,0.0,0.5185185185185186,0.17899483626859652,0.0,0.8210051637314035,0.15403587730733423,0.0,0.8459641226926657,0.2963962989109177,0.0,0.7036037010890823,0.2777271234920825,0,non-human,4,1,0,1,1,1,1,1,0,4,2,human,out-of-fold,review,1.0
815721405,SIUECougars,brand,1.0,0,0.0,0.5826086956521739,1.0,0.5826086956521739,0.8214772644747336,1.0,0.8214772644747336,0.9706329898518496,1.0,0.9706329898518496,0.6697266868412087,1.0,0.6697266868412087,0.7611114092049914,1,human,4,1,0,1,1,1,1,1,0,4,2,non-human,out-of-fold,review,1.0
815721554,_BumWine,brand,1.0,0,0.0,0.8031496062992126,1.0,0.8031496062992126,0.6369168284770087,1.0,0.6369168284770087,0.9996677616241093,1.0,0.9996677616241093,0.7526498909986927,1.0,0.7526498909986927,0.7980960218497559,1,human,4,1,1,1,0,1,1,1,0,4,2,non-human,out-of-fold,review,1.0
815721827,ENdoba,male,1.0,0,1.0,0.4,0.0,0.6,0.22715780530085006,0.0,0.7728421946991499,0.11139853508505132,0.0,0.8886014649149487,0.1713767261925746,0.0,0.8286232738074254,0.22748326664461901,0,non-human,4,1,0,1,0,1,1,1,1,4,2,human,out-of-fold,review,1.0
815721967,OvidiuMUCA,brand,1.0,0,0.0,0.5901639344262295,1.0,0.5901639344262295,0.9023225054999601,1.0,0.9023225054999601,0.9915737245475263,1.0,0.9915737245475263,0.7829974782214293,1.0,0.7829974782214293,0.8167644106737864,1,human,4,1,0,1,1,1,1,1,0,4,2,non-human,out-of-fold,review,1.0
815722251,AlexandraTeenx,female,1.0,0,1.0,0.2979865771812081,0.0,0.702013422818792,0.5773794934714791,0.0,0.4226205065285209,0.01564921961823561,0.0,0.9843507803817644,0.1350308203244549,0.0,0.8649691796755451,0.25651152764884444,0,non-human,4,1,0,1,0,1,1,1,1,4,2,human,out-of-fold,review,1.0
815722254,WorcesterHour,brand,1.0,0,0.0,0.9444444444444444,1.0,0.9444444444444444,0.7291314451083711,1.0,0.7291314451083711,0.9183954153230492,1.0,0.9183954153230492,0.6909191587163759,1.0,0.6909191587163759,0.8207226158980601,1,human,4,1,1,1,0,1,1,1,0,4,2,non-human,out-of-fold,review,1.0
815722377,sageusa,brand,1.0,0,0.0,0.9620253164556962,1.0,0.9620253164556962,0.7139405248340551,1.0,0.7139405248340551,0.9635344923529079,1.0,0.9635344923529079,0.7882194692924377,1.0,0.7882194692924377,0.8569299507337742,1,human,4,1,1,1,0,1,1,1,0,4,2,non-human,out-of-fold,review,1.0
815722410,FLSouljas_5,brand,1.0,0,0.0,0.7902097902097902,1.0,0.7902097902097902,0.8178613282735041,1.0,0.8178613282735041,0.7627475791469223,1.0,0.7627475791469223,0.9254789444023511,1.0,0.9254789444023511,0.8240744105081419,1,human,4,1,0,1,1,1,0,1,1,4,2,non-human,out-of-fold,review,1.0
815722522,GeoramaTravel,brand,1.0,0,0.0,0.8923076923076924,1.0,0.8923076923076924,0.6678625290750735,1.0,0.6678625290750735,0.8834386715595983,1.0,0.8834386715595983,0.620930096526281,1.0,0.620930096526281,0.7661347473671611,1,human,4,1,1,1,0,1,1,1,0,4,2,non-human,out-of-fold,review,1.0
815722615,davidinalmeria,male,1.0,0,1.0,0.3123644251626898,0.0,0.6876355748373102,0.4035127698050882,0.0,0.5964872301949118,0.0001302883952690515,0.0,0.9998697116047309,0.1974567799735914,0.0,0.8025432200264087,0.22836606583415964,0,non-human,4,1,0,1,0,1,1,1,1,4,2,human,out-of-fold,review,1.0
815722880,VolcanoEdmonton,brand,1.0,0,0.0,0.7361111111111112,1.0,0.7361111111111112,0.7582930754544842,1.0,0.7582930754544842,0.9999994963318517,1.0,0.9999994963318517,0.8421106180048211,1.0,0.8421106180048211,0.834128575225567,1,human,4,1,0,1,0,1,1,1,1,4,2,non-human,out-of-fold,review,1.0
815723319,ImpartnerPRM,brand,1.0,0,0.0,0.7142857142857143,1.0,0.7142857142857143,0.7704051206054426,1.0,0.7704051206054426,0.980018549783295,1.0,0.980018549783295,0.8496248728459077,1.0,0.8496248728459077,0.8285835643800898,1,human,4,1,0,1,0,1,1,1,1,4,2,non-human,out-of-fold,review,1.0
815723405,CityClubRaleigh,brand,1.0,0,0.0,0.8130081300813008,1.0,0.8130081300813008,0.6674616172662129,1.0,0.6674616172662129,0.8448845946747412,1.0,0.8448845946747412,0.5887163939592656,1.0,0.5887163939592656,0.7285176839953801,1,human,4,1,1,1,0,1,1,1,0,4,2,non-human,out-of-fold,review,1.0
815723414,KILLA_KLEA,female,1.0,0,1.0,0.09615384615384616,0.0,0.9038461538461539,0.2739281741667389,0.0,0.726071825833261,0.02156898445435873,0.0,0.9784310155456413,0.36115487429016846,0.0,0.6388451257098315,0.18820146976627805,0,non-human,4,1,1,1,0,1,1,1,0,4,2,human,out-of-fold,review,1.0
815723415,TNFOF,female,1.0,0,1.0,0.3906810035842294,0.0,0.6093189964157706,0.24034454612048659,0.0,0.7596554538795134,0.15196377787465443,0.0,0.8480362221253456,0.19728771683349214,0.0,0.8027122831665079,0.24506926110321564,0,non-human,4,1,0,1,0,1,1,1,1,4,2,human,out-of-fold,review,1.0
815723492,BarryBergGroup,brand,1.0,0,0.0,0.75,1.0,0.75,0.791007586862622,1.0,0.791007586862622,0.9982629840964697,1.0,0.9982629840964697,0.8618313456374934,1.0,0.8618313456374934,0.8502754791491463,1,human,4,1,0,1,0,1,1,1,1,4,2,non-human,out-of-fold,review,1.0
815723679,ISUPK_STLOUIS,male,1.0,0,1.0,0.38926174496644295,0.0,0.610738255033557,0.11508341672813366,0.0,0.8849165832718664,0.006262596963075871,0.0,0.9937374030369241,0.44804683425696656,0.0,0.5519531657430334,0.23966364822865477,0,non-human,4,1,0,1,1,1,1,1,0,4,2,human,out-of-fold,review,1.0
815723687,bouncestyle1,female,1.0,0,1.0,0.46853146853146854,0.0,0.5314685314685315,0.19826844175131156,0.0,0.8017315582486885,0.008380173365217715,0.0,0.9916198266347823,0.22752834072576225,0.0,0.7724716592742378,0.22567710609344,0,non-human,4,1,0,1,1,1,1,1,0,4,2,human,out-of-fold,review,1.0
815723730,InspireBeck,female,1.0,0,1.0,0.39285714285714285,0.0,0.6071428571428572,0.23917555652365868,0.0,0.7608244434763414,3.51695592128684e-05,0.0,0.9999648304407871,0.12281886115244091,0.0,0.8771811388475591,0.18872168252311383,0,non-human,4,1,0,1,0,1,1,1,1,4,2,human,out-of-fold,review,1.0
815723812,msuredhawks,brand,1.0,0,0.0,0.74375,1.0,0.74375,0.7145695074447337,1.0,0.7145695074447337,0.9764326191416746,1.0,0.9764326191416746,0.8182688185967619,1.0,0.8182688185967619,0.8132552362957925,1,human,4,1,0,1,0,1,1,1,1,4,2,non-human,out-of-fold,review,1.0
815724016,PrettyHomeOff,female,1.0,0,1.0,0.39285714285714285,0.0,0.6071428571428572,0.25216602358129114,0.0,0.7478339764187089,4.253662343744373e-05,0.0,0.9999574633765625,0.12976328962341016,0.0,0.8702367103765898,0.1937072481713204,0,non-human,4,1,0,1,0,1,1,1,1,4,2,human,out-of-fold,review,1.0
815724039,LawScribes,brand,1.0,0,0.0,1.0,1.0,1.0,0.8445878583947133,1.0,0.8445878583947133,0.7811188702253997,1.0,0.7811188702253997,0.6525407998313503,1.0,0.6525407998313503,0.8195618821128657,1,human,4,1,1,1,1,1,0,1,0,4,2,non-human,out-of-fold,review,1.0
815724043,design2host,male,1.0,0,1.0,0.047619047619047616,0.0,0.9523809523809523,0.43508577391496583,0.0,0.5649142260850342,0.0001771688830746495,0.0,0.9998228311169254,0.3317890046407303,0.0,0.6682109953592696,0.2036677487644546,0,non-human,4,1,1,1,0,1,1,1,0,4,2,human,out-of-fold,review,1.0
815724209,brewerpackaging,brand,1.0,0,0.0,0.7834394904458599,1.0,0.7834394904458599,0.8733572361670394,1.0,0.8733572361670394,0.9999883059145639,1.0,0.9999883059145639,0.7508721103828159,1.0,0.7508721103828159,0.8519142857275698,1,human,4,1,0,1,1,1,1,1,0,4,2,non-human,out-of-fold,review,1.0
815724235,MeJessicaJaymes,female,1.0,0,1.0,0.3181818181818182,0.0,0.6818181818181819,0.4298069263683843,0.0,0.5701930736316156,0.01384350464929524,0.0,0.9861564953507047,0.16468897984968855,0.0,0.8353110201503114,0.23163030726229658,0,non-human,4,1,0,1,0,1,1,1,1,4,2,human,out-of-fold,review,1.0
815724315,JuniataEagles,brand,1.0,0,0.0,0.9,1.0,0.9,0.7654245350184902,1.0,0.7654245350184902,0.9999999998688835,1.0,0.9999999998688835,0.5828350387007223,1.0,0.5828350387007223,0.812064893397024,1,human,4,1,1,1,0,1,1,1,0,4,2,non-human,out-of-fold,review,1.0
815724580,miami_bikini6,brand,1.0,0,0.0,0.7988505747126436,1.0,0.7988505747126436,0.6707494820488692,1.0,0.6707494820488692,0.8878398134779664,1.0,0.8878398134779664,0.8422170564294965,1.0,0.8422170564294965,0.7999142316672438,1,human,4,1,0,1,0,1,1,1,1,4,2,non-human,out-of-fold,review,1.0
815724641,RecoveryWraps,brand,1.0,0,0.0,0.7834394904458599,1.0,0.7834394904458599,0.7951407638787944,1.0,0.7951407638787944,0.9999734954592886,1.0,0.9999734954592886,0.8569559589692379,1.0,0.8569559589692379,0.8588774271882952,1,human,4,1,0,1,0,1,1,1,1,4,2,non-human,out-of-fold,review,1.0
815724698,Troptraditions,brand,1.0,0,0.0,0.7575757575757576,1.0,0.7575757575757576,0.8572502377731188,1.0,0.8572502377731188,0.9912711050238926,1.0,0.9912711050238926,0.7799140287197782,1.0,0.7799140287197782,0.8465027822731368,1,human,4,1,0,1,1,1,1,1,0,4,2,non-human,out-of-fold,review,1.0
815724721,ClaretandH,brand,1.0,0,0.0,0.7073170731707317,1.0,0.7073170731707317,0.7288271225626806,1.0,0.7288271225626806,0.9999999998864268,1.0,0.9999999998864268,0.806214112273379,1.0,0.806214112273379,0.8105895769733045,1,human,4,1,0,1,0,1,1,1,1,4,2,non-human,out-of-fold,review,1.0
815724745,deacon_smith,brand,1.0,0,0.0,0.96875,1.0,0.96875,0.7230287843693038,1.0,0.7230287843693038,0.46580873658631566,1.0,0.46580873658631566,0.889627746498005,1.0,0.889627746498005,0.7618038168634061,1,human,4,1,1,1,0,1,0,1,1,4,2,non-human,out-of-fold,review,1.0
815724800,Symbiosyssol,brand,1.0,0,0.0,0.9047619047619048,1.0,0.9047619047619048,0.6792821356978097,1.0,0.6792821356978097,0.8288508213308968,1.0,0.8288508213308968,0.6639928418323253,1.0,0.6639928418323253,0.7692219259057342,1,human,4,1,1,1,0,1,1,1,0,4,2,non-human,out-of-fold,review,1.0
815724915,jadutogabek,male,1.0,0,1.0,0.0,0.0,1.0,0.2822062600908656,0.0,0.7177937399091344,0.0009768857166429705,0.0,0.999023114283357,0.2938897732049786,0.0,0.7061102267950214,0.14426822975312178,0,non-human,4,1,1,1,0,1,1,1,0,4,2,human,out-of-fold,review,1.0
815725013,BookTalkRadio,female,1.0,1,1.0,0.0,0.0,1.0,0.41933600089091816,0.0,0.5806639991090818,3.937828038836123e-06,0.0,0.9999960621719611,0.35369298337142574,0.0,0.6463070166285743,0.19325823052259566,0,non-human,4,1,1,1,0,1,1,1,0,4,2,human,held-out candidate,review,1.0
815725020,ConstitutionCtr,brand,1.0,0,0.0,0.8666666666666667,1.0,0.8666666666666667,0.6502606447894551,1.0,0.6502606447894551,0.8406601780643399,1.0,0.8406601780643399,0.6746174977524214,1.0,0.6746174977524214,0.7580512468182208,1,human,4,1,1,1,0,1,1,1,0,4,2,non-human,out-of-fold,review,1.0
815725040,BazaarUK,brand,1.0,0,0.0,0.6629213483146067,1.0,0.6629213483146067,0.8582596000095108,1.0,0.8582596000095108,0.997203035403343,1.0,0.997203035403343,0.7363559119094979,1.0,0.7363559119094979,0.8136849739092396,1,human,4,1,0,1,1,1,1,1,0,4,2,non-human,out-of-fold,review,1.0
815725052,RockieShifah,female,1.0,0,1.0,0.3281853281853282,0.0,0.6718146718146718,0.12085887012101652,0.0,0.8791411298789835,0.06323929887858921,0.0,0.9367607011214107,0.26310377435832905,0.0,0.7368962256416709,0.19384681788581576,0,non-human,4,1,0,1,1,1,1,1,0,4,2,human,out-of-fold,review,1.0
815725119,Google_My_Boobx,female,1.0,0,1.0,0.175,0.0,0.825,0.5700001293774015,0.0,0.4299998706225985,0.02356344164014283,0.0,0.9764365583598572,0.3270769157310681,0.0,0.6729230842689319,0.2739101216871531,0,non-human,4,1,1,1,0,1,1,1,0,4,2,human,out-of-fold,review,1.0
815725271,SyscoUSFworkers,brand,1.0,0,0.0,0.8378378378378378,1.0,0.8378378378378378,0.7713985903979836,1.0,0.7713985903979836,0.9616492865842688,1.0,0.9616492865842688,0.6804390571314328,1.0,0.6804390571314328,0.8128311929878808,1,human,4,1,1,1,0,1,1,1,0,4,2,non-human,out-of-fold,review,1.0
815725279,gotocontrol,brand,1.0,0,0.0,0.8666666666666667,1.0,0.8666666666666667,0.647035235709033,1.0,0.647035235709033,0.9622402962544335,1.0,0.9622402962544335,0.7928236787852855,1.0,0.7928236787852855,0.8171914693538547,1,human,4,1,1,1,0,1,1,1,0,4,2,non-human,out-of-fold,review,1.0
815725310,KeepItKiss,brand,1.0,0,0.0,0.92,1.0,0.92,0.7532094739144596,1.0,0.7532094739144596,0.9794132501697438,1.0,0.9794132501697438,0.7982384239331753,1.0,0.7982384239331753,0.8627152870043446,1,human,4,1,1,1,0,1,1,1,0,4,2,non-human,out-of-fold,review,1.0
815725492,BenVolin,male,1.0,0,1.0,0.525,0.0,0.475,0.4715511774800757,0.0,0.5284488225199243,2.515957512135244e-06,0.0,0.9999974840424879,0.14612200782676737,0.0,0.8538779921732327,0.2856689253160888,0,non-human,4,1,0,1,0,1,1,1,1,4,2,human,out-of-fold,review,1.0
815725570,carbonmotion,male,1.0,0,1.0,0.0,0.0,1.0,0.3821586880991765,0.0,0.6178413119008235,5.46200495899663e-25,0.0,1.0,0.3423888052426445,0.0,0.6576111947573555,0.18113687333545525,0,non-human,4,1,1,1,0,1,1,1,0,4,2,human,out-of-fold,review,1.0
815725572,Dan_Dashly,brand,1.0,0,0.0,0.6714285714285714,1.0,0.6714285714285714,0.870079535490694,1.0,0.870079535490694,0.9966499404045083,1.0,0.9966499404045083,0.7030820924578339,1.0,0.7030820924578339,0.8103100349454019,1,human,4,1,0,1,1,1,1,1,0,4,2,non-human,out-of-fold,review,1.0
815725614,MultiGameFreakz,brand,1.0,0,0.0,0.8565891472868217,1.0,0.8565891472868217,0.762042336084695,1.0,0.762042336084695,0.7898042468736107,1.0,0.7898042468736107,0.97418946184284,1.0,0.97418946184284,0.8456562980219918,1,human,4,1,1,1,0,1,0,1,1,4,2,non-human,out-of-fold,review,1.0
815725619,MexicoInstitute,brand,1.0,0,0.0,1.0,1.0,1.0,0.7694912945920183,1.0,0.7694912945920183,0.6803746209576447,1.0,0.6803746209576447,0.8982153142137512,1.0,0.8982153142137512,0.8370203074408535,1,human,4,1,1,1,0,1,0,1,1,4,2,non-human,out-of-fold,review,1.0
815725636,homebusiness2K,male,1.0,0,1.0,0.46405228758169936,0.0,0.5359477124183006,0.3011657703768365,0.0,0.6988342296231635,0.021961391379893655,0.0,0.9780386086201064,0.1700952797844915,0.0,0.8299047202155085,0.23931868228073025,0,non-human,4,1,0,1,0,1,1,1,1,4,2,human,out-of-fold,review,1.0
815725700,BoogsGotBangers,male,1.0,0,1.0,0.14583333333333334,0.0,0.8541666666666666,0.40306390477454007,0.0,0.5969360952254599,0.011224539179694954,0.0,0.9887754608203051,0.20761513463935355,0.0,0.7923848653606465,0.19193422798173046,0,non-human,4,1,1,1,0,1,1,1,0,4,2,human,out-of-fold,review,1.0
815725923,Cnverg,brand,1.0,0,0.0,0.9220338983050848,1.0,0.9220338983050848,0.7853631081397746,1.0,0.7853631081397746,0.9999995504689012,1.0,0.9999995504689012,0.6606810653193903,1.0,0.6606810653193903,0.8420194055582877,1,human,4,1,1,1,0,1,1,1,0,4,2,non-human,out-of-fold,review,1.0
815726084,5rivers,brand,1.0,0,0.0,0.9166666666666666,1.0,0.9166666666666666,0.7614085643068403,1.0,0.7614085643068403,0.9360207494112219,1.0,0.9360207494112219,0.602024909573619,1.0,0.602024909573619,0.804030222489587,1,human,4,1,1,1,0,1,1,1,0,4,2,non-human,out-of-fold,review,1.0
815726216,SaleSafari,brand,1.0,0,0.0,0.7881944444444444,1.0,0.7881944444444444,0.7605799894989755,1.0,0.7605799894989755,0.9888721473035369,1.0,0.9888721473035369,0.8706628548254006,1.0,0.8706628548254006,0.8520773590180893,1,human,4,1,0,1,0,1,1,1,1,4,2,non-human,out-of-fold,review,1.0
815726263,EHarrisonAuthor,female,1.0,0,1.0,0.3333333333333333,0.0,0.6666666666666667,0.4202179530658743,0.0,0.5797820469341257,0.0002641734791080342,0.0,0.999735826520892,0.12432438318037232,0.0,0.8756756168196277,0.21953496076467197,0,non-human,4,1,0,1,0,1,1,1,1,4,2,human,out-of-fold,review,1.0
815726350,F1_Madness,brand,1.0,0,0.0,0.7717391304347826,1.0,0.7717391304347826,0.9036908871492889,1.0,0.9036908871492889,0.37099099333589103,1.0,0.37099099333589103,0.8658631006485663,1.0,0.8658631006485663,0.7280710278921322,1,human,4,1,0,1,1,1,0,1,1,4,2,non-human,out-of-fold,review,1.0
815726652,lemonconcepts,brand,1.0,0,0.0,0.7448275862068966,1.0,0.7448275862068966,0.7793807299382209,1.0,0.7793807299382209,0.9639701666183053,1.0,0.9639701666183053,0.911209006787297,1.0,0.911209006787297,0.8498468723876799,1,human,4,1,0,1,0,1,1,1,1,4,2,non-human,out-of-fold,review,1.0
815726678,MPTrending,brand,1.0,0,0.0,0.7058823529411765,1.0,0.7058823529411765,0.8487198030310694,1.0,0.8487198030310694,0.998943916205744,1.0,0.998943916205744,0.7521024117703435,1.0,0.7521024117703435,0.8264121209870833,1,human,4,1,0,1,1,1,1,1,0,4,2,non-human,out-of-fold,review,1.0
815726795,mayowajr,male,1.0,0,1.0,0.0,0.0,1.0,0.35127225641237847,0.0,0.6487277435876215,0.020681913484233577,0.0,0.9793180865157665,0.2626413139553032,0.0,0.7373586860446968,0.1586488709629788,0,non-human,4,1,1,1,0,1,1,1,0,4,2,human,out-of-fold,review,1.0
815726939,AskCapitalOne,brand,1.0,0,0.0,0.7881944444444444,1.0,0.7881944444444444,0.9025202734422071,1.0,0.9025202734422071,0.8086101790649928,1.0,0.8086101790649928,0.7647651285044325,1.0,0.7647651285044325,0.8160225063640192,1,human,4,1,0,1,1,1,1,1,0,4,2,non-human,out-of-fold,review,1.0
815726998,FA,brand,1.0,0,0.0,0.813953488372093,1.0,0.813953488372093,0.6768539048151422,1.0,0.6768539048151422,0.5588453930470513,1.0,0.5588453930470513,0.8497005953248395,1.0,0.8497005953248395,0.7248383453897815,1,human,4,1,1,1,0,1,0,1,1,4,2,non-human,out-of-fold,review,1.0
815727162,observer,brand,1.0,0,0.0,0.8076923076923077,1.0,0.8076923076923077,0.7297485925529582,1.0,0.7297485925529582,0.6704187710012675,1.0,0.6704187710012675,0.873831586121071,1.0,0.873831586121071,0.7704228143419012,1,human,4,1,1,1,0,1,0,1,1,4,2,non-human,out-of-fold,review,1.0
815727283,YouHoldTheCards,male,1.0,0,1.0,0.2564102564102564,0.0,0.7435897435897436,0.4421373354211046,0.0,0.5578626645788953,0.0001475146914993633,0.0,0.9998524853085007,0.15269093640106393,0.0,0.8473090635989361,0.21284651073098107,0,non-human,4,1,0,1,0,1,1,1,1,4,2,human,out-of-fold,review,1.0
815727376,GabriellaCeresa,female,1.0,0,1.0,0.38926174496644295,0.0,0.610738255033557,0.528087369439009,0.0,0.471912630560991,0.15732599642847067,0.0,0.8426740035715293,0.0947506270522735,0.0,0.9052493729477264,0.292356434471549,0,non-human,4,1,0,1,0,1,1,1,1,4,2,human,out-of-fold,review,1.0
815727651,OriginalOffers,female,1.0,0,1.0,0.0,0.0,1.0,0.2280676604889358,0.0,0.7719323395110642,0.0010198640138872736,0.0,0.9989801359861127,0.22520266866756342,0.0,0.7747973313324366,0.11357254829259661,0,non-human,4,1,1,1,0,1,1,1,0,4,2,human,out-of-fold,review,1.0
815727897,TECHVIXEN,female,1.0,0,1.0,0.19130434782608696,0.0,0.808695652173913,0.5290531793104747,0.0,0.4709468206895253,0.10349668098794533,0.0,0.8965033190120547,0.4466715001964322,0.0,0.5533284998035678,0.3176314270802348,0,non-human,4,1,1,1,0,1,1,1,0,4,2,human,out-of-fold,review,1.0
815727932,The_CP_Swagger,brand,1.0,0,0.0,0.75,1.0,0.75,0.8093911050470362,1.0,0.8093911050470362,0.9138222390940426,1.0,0.9138222390940426,0.6764586650963899,1.0,0.6764586650963899,0.7874180023093671,1,human,4,1,0,1,1,1,1,1,0,4,2,non-human,out-of-fold,review,1.0
815728169,MizzouWIM,brand,1.0,0,0.0,0.8148148148148148,1.0,0.8148148148148148,0.6659010526052426,1.0,0.6659010526052426,0.9862328271508112,1.0,0.9862328271508112,0.7076569085017057,1.0,0.7076569085017057,0.7936514007681437,1,human,4,1,1,1,0,1,1,1,0,4,2,non-human,out-of-fold,review,1.0
815728417,Stmotivationmag,brand,1.0,0,0.0,0.6470588235294118,1.0,0.6470588235294118,0.9051927809533183,1.0,0.9051927809533183,0.9835868205532647,1.0,0.9835868205532647,0.7844119278665094,1.0,0.7844119278665094,0.8300625882256261,1,human,4,1,0,1,1,1,1,1,0,4,2,non-human,out-of-fold,review,1.0
815728576,Crewe_Hall,brand,1.0,0,0.0,0.6818181818181818,1.0,0.6818181818181818,0.8262011787618778,1.0,0.8262011787618778,0.9927565866314132,1.0,0.9927565866314132,0.6667671673734931,1.0,0.6667671673734931,0.7918857786462414,1,human,4,1,0,1,1,1,1,1,0,4,2,non-human,out-of-fold,review,1.0
815728661,RepBillFoster,male,1.0,0,1.0,0.3123644251626898,0.0,0.6876355748373102,0.5533813796707445,0.0,0.4466186203292555,0.012545669622020656,0.0,0.9874543303779794,0.1285031819210836,0.0,0.8714968180789164,0.25169866409413466,0,non-human,4,1,0,1,0,1,1,1,1,4,2,human,out-of-fold,review,1.0
815728768,GeoffHahnCFP,male,1.0,0,1.0,0.2899786780383795,0.0,0.7100213219616205,0.3568104263211396,0.0,0.6431895736788604,0.0008082279432829106,0.0,0.999191772056717,0.10632125709515627,0.0,0.8936787429048437,0.18847964734948958,0,non-human,4,1,0,1,0,1,1,1,1,4,2,human,out-of-fold,review,1.0
815728859,AprilLinx,female,1.0,0,1.0,0.2979865771812081,0.0,0.702013422818792,0.36732276519443774,0.0,0.6326772348055623,0.07225555562924629,0.0,0.9277444443707537,0.1907403470630626,0.0,0.8092596529369374,0.2320763112669887,0,non-human,4,1,0,1,0,1,1,1,1,4,2,human,out-of-fold,review,1.0
815729045,HarmonyBats,brand,1.0,0,0.0,0.7727272727272727,1.0,0.7727272727272727,0.9444507897789498,1.0,0.9444507897789498,0.43713729919893035,1.0,0.43713729919893035,0.8532165002940646,1.0,0.8532165002940646,0.7518829654998044,1,human,4,1,0,1,1,1,0,1,1,4,2,non-human,out-of-fold,review,1.0
815729064,AnonymousKenya1,brand,1.0,0,0.0,0.6571428571428571,1.0,0.6571428571428571,0.9087915132315003,1.0,0.9087915132315003,0.9993889321964844,1.0,0.9993889321964844,0.6706265795926648,1.0,0.6706265795926648,0.8089874705408766,1,human,4,1,0,1,1,1,1,1,0,4,2,non-human,out-of-fold,review,1.0
815729108,CoastlneConsult,brand,1.0,0,0.0,0.875,1.0,0.875,0.763897894555436,1.0,0.763897894555436,0.9896548585467239,1.0,0.9896548585467239,0.7792516976120035,1.0,0.7792516976120035,0.8519511126785408,1,human,4,1,1,1,0,1,1,1,0,4,2,non-human,out-of-fold,review,1.0
815729297,LorneEC3,brand,1.0,0,0.0,0.9722222222222222,1.0,0.9722222222222222,0.6691197808901826,1.0,0.6691197808901826,0.642054691623598,1.0,0.642054691623598,0.8456060353592453,1.0,0.8456060353592453,0.782250682523812,1,human,4,1,1,1,0,1,0,1,1,4,2,non-human,out-of-fold,review,1.0
815729446,kcoffeyjones,female,1.0,0,1.0,0.08333333333333333,0.0,0.9166666666666666,0.2870803756451592,0.0,0.7129196243548408,0.12781189627859652,0.0,0.8721881037214034,0.37002664038515903,0.0,0.6299733596148409,0.21706306141056203,0,non-human,4,1,1,1,0,1,1,1,0,4,2,human,out-of-fold,review,1.0
815729456,DianeLaneyFitzp,female,1.0,0,1.0,0.25,0.0,0.75,0.31600849694224864,0.0,0.6839915030577514,0.19301661773778722,0.0,0.8069833822622128,0.16001544417379873,0.0,0.8399845558262012,0.22976013971345866,0,non-human,4,1,0,1,0,1,1,1,1,4,2,human,out-of-fold,review,1.0
815729522,_Enculturator_,male,1.0,0,1.0,0.3978201634877384,0.0,0.6021798365122616,0.4758670797419106,0.0,0.5241329202580893,0.047311454841446374,0.0,0.9526885451585536,0.18728920516721337,0.0,0.8127107948327866,0.2770719758095772,0,non-human,4,1,0,1,0,1,1,1,1,4,2,human,out-of-fold,review,1.0
815729538,NCHDPH,brand,1.0,0,0.0,0.7448275862068966,1.0,0.7448275862068966,0.8521016743333949,1.0,0.8521016743333949,0.48998127456565355,1.0,0.48998127456565355,0.8230481087915588,1.0,0.8230481087915588,0.727489660974376,1,human,4,1,0,1,1,1,0,1,1,4,2,non-human,out-of-fold,review,1.0
815729550,Health_in_hand,brand,1.0,0,0.0,0.6629213483146067,1.0,0.6629213483146067,0.8027518834915877,1.0,0.8027518834915877,0.8051361654585368,1.0,0.8051361654585368,0.7411698446030768,1.0,0.7411698446030768,0.7529948104669519,1,human,4,1,0,1,1,1,1,1,0,4,2,non-human,out-of-fold,review,1.0
815729625,RLF,brand,1.0,0,0.0,0.9615384615384616,1.0,0.9615384615384616,0.7121118511887251,1.0,0.7121118511887251,0.9753619698035149,1.0,0.9753619698035149,0.7121952810091602,1.0,0.7121952810091602,0.8403018908849654,1,human,4,1,1,1,0,1,1,1,0,4,2,non-human,out-of-fold,review,1.0
815729681,TeamYouTube,brand,1.0,0,0.0,0.76,1.0,0.76,0.8146981363690085,1.0,0.8146981363690085,0.9844713963742703,1.0,0.9844713963742703,0.774143916275837,1.0,0.774143916275837,0.8333283622547789,1,human,4,1,0,1,1,1,1,1,0,4,2,non-human,out-of-fold,review,1.0
815729703,sazzemcsazz,female,1.0,0,1.0,0.56,0.0,0.43999999999999995,0.523597896423767,0.0,0.476402103576233,5.037423503574565e-89,0.0,1.0,0.12085648907302299,0.0,0.879143510926977,0.3011135963741975,0,non-human,4,1,0,1,0,1,1,1,1,4,2,human,out-of-fold,review,1.0
815729883,SMNET,brand,1.0,0,0.0,0.6827586206896552,1.0,0.6827586206896552,0.8080912146955431,1.0,0.8080912146955431,0.8890502118190705,1.0,0.8890502118190705,0.7737915319010451,1.0,0.7737915319010451,0.7884228947763284,1,human,4,1,0,1,1,1,1,1,0,4,2,non-human,out-of-fold,review,1.0
815730114,glassesdotcom,brand,1.0,0,0.0,0.7902097902097902,1.0,0.7902097902097902,0.7679783008375536,1.0,0.7679783008375536,0.9753410741164555,1.0,0.9753410741164555,0.902971519778315,1.0,0.902971519778315,0.8591251712355286,1,human,4,1,0,1,0,1,1,1,1,4,2,non-human,out-of-fold,review,1.0
815730309,EOrthodoxy,brand,1.0,0,0.0,0.74375,1.0,0.74375,0.9114804908256657,1.0,0.9114804908256657,0.6599988275923432,1.0,0.6599988275923432,0.8372564602227812,1.0,0.8372564602227812,0.7881214446601975,1,human,4,1,0,1,1,1,0,1,1,4,2,non-human,out-of-fold,review,1.0
815730392,indiabrazil,brand,1.0,0,0.0,0.782608695652174,1.0,0.782608695652174,0.8241646764108532,1.0,0.8241646764108532,0.45935921403775737,1.0,0.45935921403775737,0.8443919014760093,1.0,0.8443919014760093,0.7276311218941984,1,human,4,1,0,1,1,1,0,1,1,4,2,non-human,out-of-fold,review,1.0
815730418,soccershotsbham,brand,1.0,0,0.0,0.7834394904458599,1.0,0.7834394904458599,0.9481111968053585,1.0,0.9481111968053585,0.9909228259282822,1.0,0.9909228259282822,0.6499306041303053,1.0,0.6499306041303053,0.8431010293274515,1,human,4,1,0,1,1,1,1,1,0,4,2,non-human,out-of-fold,review,1.0
815730420,AustinpalStacy,female,1.0,0,1.0,0.20689655172413793,0.0,0.7931034482758621,0.4633132433413384,0.0,0.5366867566586616,9.18403211612683e-14,0.0,0.9999999999999082,0.09991832322180058,0.0,0.9000816767781994,0.19253202957184218,0,non-human,4,1,0,1,0,1,1,1,1,4,2,human,out-of-fold,review,1.0
815730555,GMDancers,brand,1.0,0,0.0,0.6714285714285714,1.0,0.6714285714285714,0.8464519729130864,1.0,0.8464519729130864,0.976985613688792,1.0,0.976985613688792,0.6925245074541052,1.0,0.6925245074541052,0.7968476663711388,1,human,4,1,0,1,1,1,1,1,0,4,2,non-human,out-of-fold,review,1.0
815730773,MoreFifaFun,brand,1.0,0,0.0,0.6629213483146067,1.0,0.6629213483146067,1.0,1.0,1.0,0.8420027971014599,1.0,0.8420027971014599,0.7467300621825717,1.0,0.7467300621825717,0.8129135518996595,1,human,4,1,0,1,1,1,1,1,0,4,2,non-human,out-of-fold,review,1.0
815730822,AppleNewsApps,brand,1.0,0,0.0,0.8617021276595744,1.0,0.8617021276595744,0.6307096061635545,1.0,0.6307096061635545,0.8080763635023744,1.0,0.8080763635023744,0.740315951013063,1.0,0.740315951013063,0.7602010120846416,1,human,4,1,1,1,0,1,1,1,0,4,2,non-human,out-of-fold,review,1.0
815730834,welchtechies,female,1.0,0,1.0,0.12,0.0,0.88,0.30659191411288966,0.0,0.6934080858871103,0.019969397593357363,0.0,0.9800306024066426,0.4633535131912233,0.0,0.5366464868087767,0.22747870622436758,0,non-human,4,1,1,1,0,1,1,1,0,4,2,human,out-of-fold,review,1.0
815730865,theU_sports,brand,1.0,0,0.0,0.6774193548387096,1.0,0.6774193548387096,0.917187081566301,1.0,0.917187081566301,0.5177801706555951,1.0,0.5177801706555951,0.8756892130105959,1.0,0.8756892130105959,0.7470189550178004,1,human,4,1,0,1,1,1,0,1,1,4,2,non-human,out-of-fold,review,1.0
815730892,powerj,brand,1.0,0,0.0,0.9210526315789473,1.0,0.9210526315789473,0.7695499158103658,1.0,0.7695499158103658,0.9004608846716204,1.0,0.9004608846716204,0.6598423007614118,1.0,0.6598423007614118,0.8127264332055864,1,human,4,1,1,1,0,1,1,1,0,4,2,non-human,out-of-fold,review,1.0
815731028,radsongz_YBB,male,1.0,0,1.0,0.1590909090909091,0.0,0.8409090909090909,0.5838328750087131,0.0,0.41616712499128694,0.030050828234022154,0.0,0.9699491717659778,0.4192286767810578,0.0,0.5807713232189422,0.2980508222786755,0,non-human,4,1,1,1,0,1,1,1,0,4,2,human,out-of-fold,review,1.0
815731078,vonea,brand,1.0,0,0.0,0.9083333333333333,1.0,0.9083333333333333,0.7568359288535623,1.0,0.7568359288535623,0.972175814932106,1.0,0.972175814932106,0.7644434292596917,1.0,0.7644434292596917,0.8504471265946734,1,human,4,1,1,1,0,1,1,1,0,4,2,non-human,out-of-fold,review,1.0
815731151,Glanusk,brand,1.0,0,0.0,0.926829268292683,1.0,0.926829268292683,0.7065659319896805,1.0,0.7065659319896805,0.9991084831434633,1.0,0.9991084831434633,0.6619628701118956,1.0,0.6619628701118956,0.8236166383844306,1,human,4,1,1,1,0,1,1,1,0,4,2,non-human,out-of-fold,review,1.0
815731255,LondonRIB,brand,1.0,0,0.0,1.0,1.0,1.0,0.7543831940363593,1.0,0.7543831940363593,1.0,1.0,1.0,0.7970284319470929,1.0,0.7970284319470929,0.887852906495863,1,human,4,1,1,1,0,1,1,1,0,4,2,non-human,out-of-fold,review,1.0
815731258,_Future_Leaders,brand,1.0,0,0.0,0.9220338983050848,1.0,0.9220338983050848,0.777783248477141,1.0,0.777783248477141,0.9443124005476594,1.0,0.9443124005476594,0.5958298871767365,1.0,0.5958298871767365,0.8099898586266554,1,human,4,1,1,1,0,1,1,1,0,4,2,non-human,out-of-fold,review,1.0
815731303,FrankfurtFinanz,brand,1.0,0,0.0,0.6909090909090909,1.0,0.6909090909090909,0.7584581197232286,1.0,0.7584581197232286,0.9911814310757368,1.0,0.9911814310757368,0.8876579498668149,1.0,0.8876579498668149,0.8320516478937178,1,human,4,1,0,1,0,1,1,1,1,4,2,non-human,out-of-fold,review,1.0
815731428,PeelInstitute,brand,1.0,0,0.0,0.5769230769230769,1.0,0.5769230769230769,0.9583405632481304,1.0,0.9583405632481304,1.0,1.0,1.0,0.7616411735789645,1.0,0.7616411735789645,0.8242262034375429,1,human,4,1,0,1,1,1,1,1,0,4,2,non-human,out-of-fold,review,1.0
815731517,TeachingFlorida,brand,1.0,0,0.0,1.0,1.0,1.0,0.6984773815261103,1.0,0.6984773815261103,0.9999978434820225,1.0,0.9999978434820225,0.6014796671138709,1.0,0.6014796671138709,0.8249887230305009,1,human,4,1,1,1,0,1,1,1,0,4,2,non-human,out-of-fold,review,1.0
815731596,Gwemon,male,1.0,0,1.0,0.2979865771812081,0.0,0.702013422818792,0.3482239824990962,0.0,0.6517760175009037,2.3403495078854582e-07,0.0,0.9999997659650492,0.10317607053332208,0.0,0.8968239294666779,0.1873467160621443,0,non-human,4,1,0,1,0,1,1,1,1,4,2,human,out-of-fold,review,1.0
815731732,GeekInfoNow,male,1.0,0,1.0,0.14583333333333334,0.0,0.8541666666666666,0.325290574852868,0.0,0.674709425147132,4.863480391744036e-09,0.0,0.9999999951365196,0.20167945284226638,0.0,0.7983205471577336,0.16820084147298703,0,non-human,4,1,1,1,0,1,1,1,0,4,2,human,out-of-fold,review,1.0
815731737,KLASManagement,brand,1.0,0,0.0,0.8666666666666667,1.0,0.8666666666666667,0.7663384126844863,1.0,0.7663384126844863,0.6163620321143775,1.0,0.6163620321143775,0.8909062327412155,1.0,0.8909062327412155,0.7850683360516865,1,human,4,1,1,1,0,1,0,1,1,4,2,non-human,out-of-fold,review,1.0
815731876,georgesonalfred,male,1.0,0,1.0,0.15151515151515152,0.0,0.8484848484848485,0.3473894440790414,0.0,0.6526105559209586,0.06103334588641512,0.0,0.9389666541135849,0.274802229131633,0.0,0.725197770868367,0.20868504265306023,0,non-human,4,1,1,1,0,1,1,1,0,4,2,human,out-of-fold,review,1.0
815731881,paul_s_kemp,male,1.0,0,1.0,0.125,0.0,0.875,0.2889581509475134,0.0,0.7110418490524866,2.9475785708060955e-05,0.0,0.9999705242142919,0.23537057662152744,0.0,0.7646294233784725,0.16233955083868723,0,non-human,4,1,1,1,0,1,1,1,0,4,2,human,out-of-fold,review,1.0
815731904,Juspencesses52,female,1.0,0,1.0,0.46405228758169936,0.0,0.5359477124183006,0.15905485677411088,0.0,0.8409451432258891,0.007138328018359771,0.0,0.9928616719816402,0.3370862473419632,0.0,0.6629137526580369,0.24183292992903332,0,non-human,4,1,0,1,1,1,1,1,0,4,2,human,out-of-fold,review,1.0
815731923,saaconsulting,male,1.0,0,1.0,0.19130434782608696,0.0,0.808695652173913,0.3880705743434885,0.0,0.6119294256565115,0.021053931616541677,0.0,0.9789460683834583,0.2640659200992323,0.0,0.7359340799007676,0.21612369347133736,0,non-human,4,1,1,1,0,1,1,1,0,4,2,human,out-of-fold,review,1.0
815732022,chefwaiterhater,brand,1.0,0,0.0,0.7142857142857143,1.0,0.7142857142857143,0.8567476625099695,1.0,0.8567476625099695,0.6450707951275073,1.0,0.6450707951275073,0.8168315303339645,1.0,0.8168315303339645,0.7582339255642889,1,human,4,1,0,1,1,1,0,1,1,4,2,non-human,out-of-fold,review,1.0
815732136,Dormality,brand,1.0,0,0.0,0.9041095890410958,1.0,0.9041095890410958,0.7708915558303436,1.0,0.7708915558303436,0.9829972461533,1.0,0.9829972461533,0.769537936713698,1.0,0.769537936713698,0.8568840819346093,1,human,4,1,1,1,0,1,1,1,0,4,2,non-human,out-of-fold,review,1.0
815732175,Gunjan_Patil,female,1.0,0,1.0,0.1590909090909091,0.0,0.8409090909090909,0.31536432305118756,0.0,0.6846356769488124,0.048437366174193454,0.0,0.9515626338258065,0.21992021706250184,0.0,0.7800797829374981,0.185703203844698,0,non-human,4,1,1,1,0,1,1,1,0,4,2,human,out-of-fold,review,1.0
815732397,ArlineNardelli,female,1.0,0,1.0,0.3744292237442922,0.0,0.6255707762557078,0.4881475174749499,0.0,0.5118524825250501,0.17452753553046485,0.0,0.8254724644695351,0.16618650398226092,0.0,0.833813496017739,0.300822695182992,0,non-human,4,1,0,1,0,1,1,1,1,4,2,human,out-of-fold,review,1.0
815732416,thesyncmovie,brand,1.0,0,0.0,0.8031496062992126,1.0,0.8031496062992126,0.6684466403736596,1.0,0.6684466403736596,0.9841628074870236,1.0,0.9841628074870236,0.5593959998648271,1.0,0.5593959998648271,0.7537887635061807,1,human,4,1,1,1,0,1,1,1,0,4,2,non-human,out-of-fold,review,1.0
815732429,PoweredUpGirl,female,1.0,0,1.0,0.36666666666666664,0.0,0.6333333333333333,0.3137682268246226,0.0,0.6862317731753774,0.000860000452246117,0.0,0.9991399995477539,0.14054022162696636,0.0,0.8594597783730337,0.2054587788926254,0,non-human,4,1,0,1,0,1,1,1,1,4,2,human,out-of-fold,review,1.0
815732504,talkradiomoms,female,1.0,0,1.0,0.0,0.0,1.0,0.4249068130299989,0.0,0.5750931869700011,0.0037600185828041382,0.0,0.9962399814171958,0.2500737111711375,0.0,0.7499262888288625,0.16968513569598515,0,non-human,4,1,1,1,0,1,1,1,0,4,2,human,out-of-fold,review,1.0
815732567,Thor_of_Asgard1,brand,1.0,0,0.0,0.8148148148148148,1.0,0.8148148148148148,0.7988790585614893,1.0,0.7988790585614893,0.7697347532554656,1.0,0.7697347532554656,0.824757662620732,1.0,0.824757662620732,0.8020465723131255,1,human,4,1,1,1,0,1,0,1,1,4,2,non-human,out-of-fold,review,1.0
815732598,AARPNJ,brand,1.0,0,0.0,0.6616161616161617,1.0,0.6616161616161617,0.8465420423753421,1.0,0.8465420423753421,0.8908190614725648,1.0,0.8908190614725648,0.7741557993442074,1.0,0.7741557993442074,0.793283266202069,1,human,4,1,0,1,1,1,1,1,0,4,2,non-human,out-of-fold,review,1.0
815732977,WattSailing,female,1.0,0,1.0,0.19130434782608696,0.0,0.808695652173913,0.4295529080996555,0.0,0.5704470919003445,0.01907741634212173,0.0,0.9809225836578783,0.26972991500471694,0.0,0.730270084995283,0.22741614681814526,0,non-human,4,1,1,1,0,1,1,1,0,4,2,human,out-of-fold,review,1.0
815733076,YoshinoPaula,female,1.0,0,1.0,0.5172413793103449,0.0,0.48275862068965514,0.46187187079589637,0.0,0.5381281292041036,4.399444067573227e-74,0.0,1.0,0.12642540577045566,0.0,0.8735745942295443,0.2763846639691742,0,non-human,4,1,0,1,0,1,1,1,1,4,2,human,out-of-fold,review,1.0
815733292,MC_Toastmasters,brand,1.0,0,0.0,0.6714285714285714,1.0,0.6714285714285714,0.8207453362452896,1.0,0.8207453362452896,0.9999999999936371,1.0,0.9999999999936371,0.6395766776511764,1.0,0.6395766776511764,0.7829376463296686,1,human,4,1,0,1,1,1,1,1,0,4,2,non-human,out-of-fold,review,1.0
815733467,WAHMRevolution,female,1.0,0,1.0,0.15,0.0,0.85,0.42722073023957363,0.0,0.5727792697604264,0.0050119247275060555,0.0,0.994988075272494,0.2141144930667651,0.0,0.7858855069332349,0.1990867870084612,0,non-human,4,1,1,1,0,1,1,1,0,4,2,human,out-of-fold,review,1.0
815733562,3CountThursday,brand,1.0,0,0.0,0.875,1.0,0.875,0.6762149004922081,1.0,0.6762149004922081,0.9745875129498872,1.0,0.9745875129498872,0.7358623895574493,1.0,0.7358623895574493,0.8154162007498862,1,human,4,1,1,1,0,1,1,1,0,4,2,non-human,out-of-fold,review,1.0
815733587,Jenluwang,female,1.0,0,1.0,0.5238095238095238,0.0,0.47619047619047616,0.39439849624279644,0.0,0.6056015037572036,3.202766101436353e-05,0.0,0.9999679723389856,0.14620208726075362,0.0,0.8537979127392463,0.26611053374352206,0,non-human,4,1,0,1,0,1,1,1,1,4,2,human,out-of-fold,review,1.0
815733823,MechamDawn,female,1.0,0,1.0,0.3744292237442922,0.0,0.6255707762557078,0.5320512142818542,0.0,0.4679487857181458,0.11332151745162101,0.0,0.886678482548379,0.18023929990003493,0.0,0.819760700099965,0.3000103138444506,0,non-human,4,1,0,1,0,1,1,1,1,4,2,human,out-of-fold,review,1.0
815733879,wrnjradio,brand,1.0,0,0.0,0.6616161616161617,1.0,0.6616161616161617,0.8175104651778544,1.0,0.8175104651778544,0.9452394741933733,1.0,0.9452394741933733,0.7316034988326345,1.0,0.7316034988326345,0.788992399955006,1,human,4,1,0,1,1,1,1,1,0,4,2,non-human,out-of-fold,review,1.0
815733921,CottageOckman,brand,1.0,0,0.0,0.7926829268292683,1.0,0.7926829268292683,0.9569513935816245,1.0,0.9569513935816245,0.8985191093128596,1.0,0.8985191093128596,0.7893995077275336,1.0,0.7893995077275336,0.8593882343628215,1,human,4,1,0,1,1,1,1,1,0,4,2,non-human,out-of-fold,review,1.0
815734015,brodigan,brand,1.0,0,0.0,0.6632653061224489,1.0,0.6632653061224489,0.7567077948270037,1.0,0.7567077948270037,0.9827674380404451,1.0,0.9827674380404451,0.850197116605911,1.0,0.850197116605911,0.8132344138989522,1,human,4,1,0,1,0,1,1,1,1,4,2,non-human,out-of-fold,review,1.0
815734101,earths_choice,brand,1.0,0,0.0,1.0,1.0,1.0,0.8264850972502342,1.0,0.8264850972502342,0.7514056941360279,1.0,0.7514056941360279,0.7961876914914344,1.0,0.7961876914914344,0.8435196207194242,1,human,4,1,1,1,1,1,0,1,0,4,2,non-human,out-of-fold,review,1.0
815734156,planeondaroof,brand,1.0,0,0.0,0.8617021276595744,1.0,0.8617021276595744,0.7300212138086994,1.0,0.7300212138086994,0.959127551268983,1.0,0.959127551268983,0.639838389785694,1.0,0.639838389785694,0.7976723206307378,1,human,4,1,1,1,0,1,1,1,0,4,2,non-human,out-of-fold,review,1.0
815734336,zaredbagehot,female,1.0,0,1.0,0.3123644251626898,0.0,0.6876355748373102,0.3337906333459928,0.0,0.6662093666540072,8.084451692870855e-05,0.0,0.9999191554830713,0.15231536503356868,0.0,0.8476846349664313,0.199637817014795,0,non-human,4,1,0,1,0,1,1,1,1,4,2,human,out-of-fold,review,1.0
815734359,EaganPolice,brand,1.0,0,0.0,0.6909090909090909,1.0,0.6909090909090909,0.7951147883645563,1.0,0.7951147883645563,0.9935785167167461,1.0,0.9935785167167461,0.8613266934099673,1.0,0.8613266934099673,0.8352322723500901,1,human,4,1,0,1,0,1,1,1,1,4,2,non-human,out-of-fold,review,1.0
815734426,JessieJane_21,female,1.0,0,1.0,0.21428571428571427,0.0,0.7857142857142857,0.4157202534941758,0.0,0.5842797465058243,2.4376260224086388e-05,0.0,0.9999756237397759,0.1808596867381859,0.0,0.8191403132618141,0.202722507694575,0,non-human,4,1,0,1,0,1,1,1,1,4,2,human,out-of-fold,review,1.0
815734645,moonshinepione1,male,1.0,0,1.0,0.25,0.0,0.75,0.18601175831554834,0.0,0.8139882416844517,0.0016167611353131884,0.0,0.9983832388646868,0.28780398395564666,0.0,0.7121960160443533,0.18135812585162703,0,non-human,4,1,0,1,1,1,1,1,0,4,2,human,out-of-fold,review,1.0
815734820,xJurastic,brand,1.0,0,0.0,0.5901639344262295,1.0,0.5901639344262295,0.8122373235537855,1.0,0.8122373235537855,0.9965012523052198,1.0,0.9965012523052198,0.703425620855941,1.0,0.703425620855941,0.7755820327852939,1,human,4,1,0,1,1,1,1,1,0,4,2,non-human,out-of-fold,review,1.0
815734828,Kevin_Niewood,male,1.0,0,1.0,0.3744292237442922,0.0,0.6255707762557078,0.4649439064539535,0.0,0.5350560935460464,0.00012622146825042035,0.0,0.9998737785317495,0.18151756616259235,0.0,0.8184824338374077,0.2552542294572721,0,non-human,4,1,0,1,0,1,1,1,1,4,2,human,out-of-fold,review,1.0
815734896,WVUMSports,brand,1.0,0,0.0,0.7419354838709677,1.0,0.7419354838709677,0.7671657946471034,1.0,0.7671657946471034,0.999999996793413,1.0,0.999999996793413,0.875755774686279,1.0,0.875755774686279,0.8462142624994408,1,human,4,1,0,1,0,1,1,1,1,4,2,non-human,out-of-fold,review,1.0
815735257,chico_madent,brand,1.0,0,0.0,0.8031496062992126,1.0,0.8031496062992126,0.8629840612259717,1.0,0.8629840612259717,0.6858838567477458,1.0,0.6858838567477458,0.6575891841458181,1.0,0.6575891841458181,0.7524016771046871,1,human,4,1,1,1,1,1,0,1,0,4,2,non-human,out-of-fold,review,1.0
815735363,AlimahmoudiA,male,1.0,0,1.0,0.45454545454545453,0.0,0.5454545454545454,0.34688838490938173,0.0,0.6531116150906182,0.00010350008008968095,0.0,0.9998964999199104,0.13431847511127204,0.0,0.865681524888728,0.23396395366154948,0,non-human,4,1,0,1,0,1,1,1,1,4,2,human,out-of-fold,review,1.0
815735372,RoaringRugby,brand,1.0,0,0.0,0.6714285714285714,1.0,0.6714285714285714,0.7294509887152187,1.0,0.7294509887152187,0.9357539140826995,1.0,0.9357539140826995,0.9159272393347545,1.0,0.9159272393347545,0.813140178390311,1,human,4,1,0,1,0,1,1,1,1,4,2,non-human,out-of-fold,review,1.0
815735575,SusanBoyleStar,female,1.0,0,1.0,0.19130434782608696,0.0,0.808695652173913,0.5336161167804331,0.0,0.4663838832195669,0.0427308429371448,0.0,0.9572691570628552,0.5130136486758905,0.0,0.4869863513241095,0.32016623905488883,0,non-human,4,1,1,1,0,1,1,1,0,4,2,human,out-of-fold,review,1.0
815735718,joohnnyff,male,1.0,0,1.0,0.2899786780383795,0.0,0.7100213219616205,0.21857849786730105,0.0,0.7814215021326989,3.835993318227307e-05,0.0,0.9999616400668178,0.17754137934745337,0.0,0.8224586206525466,0.17153422879657906,0,non-human,4,1,0,1,0,1,1,1,1,4,2,human,out-of-fold,review,1.0
815735738,MRossiAuthor,male,1.0,0,1.0,0.25,0.0,0.75,0.32732923743430303,0.0,0.6726707625656969,5.656985771008744e-05,0.0,0.9999434301422899,0.11364370741330795,0.0,0.886356292586692,0.1727573786763303,0,non-human,4,1,0,1,0,1,1,1,1,4,2,human,out-of-fold,review,1.0
815736000,GoDaddyHelp,brand,1.0,0,0.0,0.6632653061224489,1.0,0.6632653061224489,0.8676622372443425,1.0,0.8676622372443425,1.0,1.0,1.0,0.7487984008973908,1.0,0.7487984008973908,0.8199314860660456,1,human,4,1,0,1,1,1,1,1,0,4,2,non-human,out-of-fold,review,1.0
815736174,BurtLevine,male,1.0,0,1.0,0.2899786780383795,0.0,0.7100213219616205,0.22456187042930245,0.0,0.7754381295706976,0.0017439243736605847,0.0,0.9982560756263394,0.18000242616200074,0.0,0.8199975738379992,0.17407172475083582,0,non-human,4,1,0,1,0,1,1,1,1,4,2,human,out-of-fold,review,1.0
815736383,Visit_Tally,brand,1.0,0,0.0,0.8611111111111112,1.0,0.8611111111111112,0.6570638381970392,1.0,0.6570638381970392,0.9999997307634174,1.0,0.9999997307634174,0.5825115401624876,1.0,0.5825115401624876,0.7751715550585139,1,human,4,1,1,1,0,1,1,1,0,4,2,non-human,out-of-fold,review,1.0
815736386,fpagejr,male,1.0,0,1.0,0.24953789279112754,0.0,0.7504621072088724,0.4271742060618652,0.0,0.5728257939381348,8.306233881933035e-05,0.0,0.9999169376611806,0.15647373476015078,0.0,0.8435262652398492,0.2083172239879907,0,non-human,4,1,0,1,0,1,1,1,1,4,2,human,out-of-fold,review,1.0
815736893,mimivanger,brand,1.0,0,0.0,0.8565891472868217,1.0,0.8565891472868217,0.7989480748827635,1.0,0.7989480748827635,0.6059926472007157,1.0,0.6059926472007157,0.8469502134527841,1.0,0.8469502134527841,0.7771200207057712,1,human,4,1,1,1,0,1,0,1,1,4,2,non-human,out-of-fold,review,1.0
815737038,Affiniahotels,brand,1.0,0,0.0,0.8895705521472392,1.0,0.8895705521472392,0.7063444381922321,1.0,0.7063444381922321,0.8216288033834881,1.0,0.8216288033834881,0.7984753369119229,1.0,0.7984753369119229,0.8040047826587207,1,human,4,1,1,1,0,1,1,1,0,4,2,non-human,out-of-fold,review,1.0
815737058,SidSom1,brand,1.0,0,0.0,0.925,1.0,0.925,0.7064419427209554,1.0,0.7064419427209554,0.9999999858075945,1.0,0.9999999858075945,0.5403717028222719,1.0,0.5403717028222719,0.7929534078377054,1,human,4,1,1,1,0,1,1,1,0,4,2,non-human,out-of-fold,review,1.0
815737196,honor,brand,1.0,0,0.0,0.7361111111111112,1.0,0.7361111111111112,0.8116137176068888,1.0,0.8116137176068888,0.9984046626413077,1.0,0.9984046626413077,0.7798796284834935,1.0,0.7798796284834935,0.8315022799607003,1,human,4,1,0,1,1,1,1,1,0,4,2,non-human,out-of-fold,review,1.0
815737232,MLPSnowStar,brand,1.0,0,0.0,0.8888888888888888,1.0,0.8888888888888888,0.6802167851188152,1.0,0.6802167851188152,0.8638739343529277,1.0,0.8638739343529277,0.7784816120335328,1.0,0.7784816120335328,0.8028653050985411,1,human,4,1,1,1,0,1,1,1,0,4,2,non-human,out-of-fold,review,1.0
815737239,promisingagent,female,1.0,0,1.0,0.3123644251626898,0.0,0.6876355748373102,0.5704152743407601,0.0,0.4295847256592399,0.16976330962549166,0.0,0.8302366903745083,0.19542417581251464,0.0,0.8045758241874854,0.31199179623536405,0,non-human,4,1,0,1,0,1,1,1,1,4,2,human,out-of-fold,review,1.0
815737400,jhonnycharles88,male,1.0,0,1.0,0.1111111111111111,0.0,0.8888888888888888,0.4476867007352556,0.0,0.5523132992647444,0.006913083276717986,0.0,0.993086916723282,0.3858097499822919,0.0,0.6141902500177081,0.23788016127634418,0,non-human,4,1,1,1,0,1,1,1,0,4,2,human,out-of-fold,review,1.0
815737583,cecilenmstrass1,female,1.0,0,1.0,0.3123644251626898,0.0,0.6876355748373102,0.5110686497776163,0.0,0.48893135022238365,0.00032392541646478364,0.0,0.9996760745835352,0.14282876377283885,0.0,0.8571712362271612,0.24164644103240243,0,non-human,4,1,0,1,0,1,1,1,1,4,2,human,out-of-fold,review,1.0
815737866,StyleSeat,brand,1.0,0,0.0,0.8031496062992126,1.0,0.8031496062992126,0.6782231981551281,1.0,0.6782231981551281,0.9907837836257024,1.0,0.9907837836257024,0.6395122124387673,1.0,0.6395122124387673,0.7779172001297027,1,human,4,1,1,1,0,1,1,1,0,4,2,non-human,out-of-fold,review,1.0
815737905,volzhakovakris1,female,1.0,0,1.0,0.46853146853146854,0.0,0.5314685314685315,0.4407706204134959,0.0,0.5592293795865041,8.875225257447205e-05,0.0,0.9999112477474256,0.09623808705341164,0.0,0.9037619129465884,0.25140723206273763,0,non-human,4,1,0,1,0,1,1,1,1,4,2,human,out-of-fold,review,1.0
815737906,greekoutdoors,brand,1.0,0,0.0,1.0,1.0,1.0,0.8152423600709293,1.0,0.8152423600709293,0.34711966537383554,1.0,0.34711966537383554,0.7416335548726608,1.0,0.7416335548726608,0.7259988950793564,1,human,4,1,1,1,1,1,0,1,0,4,2,non-human,out-of-fold,review,1.0
815738236,AndzhelaSatyr,female,1.0,0,1.0,0.2979865771812081,0.0,0.702013422818792,0.5472457254615498,0.0,0.4527542745384502,0.0076237018844047145,0.0,0.9923762981155952,0.19732136686069013,0.0,0.8026786331393099,0.2625443428469632,0,non-human,4,1,0,1,0,1,1,1,1,4,2,human,out-of-fold,review,1.0
815738302,FourSeasons,brand,1.0,0,0.0,0.6704545454545454,1.0,0.6704545454545454,0.783563151912689,1.0,0.783563151912689,0.9974890698852413,1.0,0.9974890698852413,0.8309169486022794,1.0,0.8309169486022794,0.8206059289636889,1,human,4,1,0,1,0,1,1,1,1,4,2,non-human,out-of-fold,review,1.0
815738363,skybigsports,brand,1.0,0,0.0,0.7717391304347826,1.0,0.7717391304347826,0.7004717063701437,1.0,0.7004717063701437,0.988186266082596,1.0,0.988186266082596,0.8172462645885316,1.0,0.8172462645885316,0.8194108418690134,1,human,4,1,0,1,0,1,1,1,1,4,2,non-human,out-of-fold,review,1.0
815738426,popky,female,1.0,0,1.0,0.08333333333333333,0.0,0.9166666666666666,0.6158432799250606,0.0,0.3841567200749394,3.2005396585200805e-05,0.0,0.9999679946034148,0.4212758506796897,0.0,0.5787241493203104,0.28012111733366724,0,non-human,4,1,1,1,0,1,1,1,0,4,2,human,out-of-fold,review,1.0
815738883,bobdestefano,male,1.0,0,1.0,0.025,0.0,0.975,0.3110478441343153,0.0,0.6889521558656847,0.0003766590713786113,0.0,0.9996233409286214,0.399563697198104,0.0,0.600436302801896,0.18399705010094947,0,non-human,4,1,1,1,0,1,1,1,0,4,2,human,out-of-fold,review,1.0
815738896,gerdantweetz,brand,1.0,0,0.0,0.8130081300813008,1.0,0.8130081300813008,0.7625224355351898,1.0,0.7625224355351898,0.9510732946766669,1.0,0.9510732946766669,0.7236664597887623,1.0,0.7236664597887623,0.8125675800204799,1,human,4,1,1,1,0,1,1,1,0,4,2,non-human,out-of-fold,review,1.0
815738920,CowCandyCo,brand,1.0,0,0.0,0.7580645161290323,1.0,0.7580645161290323,0.6747687623808897,1.0,0.6747687623808897,1.0,1.0,1.0,0.8242132342798532,1.0,0.8242132342798532,0.8142616281974437,1,human,4,1,0,1,0,1,1,1,1,4,2,non-human,out-of-fold,review,1.0
815739047,BluePay_CRO,female,1.0,0,1.0,0.37866666666666665,0.0,0.6213333333333333,0.2759718605863243,0.0,0.7240281394136757,0.04664327275153864,0.0,0.9533567272484613,0.140448930845664,0.0,0.859551069154336,0.2104326827125484,0,non-human,4,1,0,1,0,1,1,1,1,4,2,human,out-of-fold,review,1.0
815739115,LauraAnthonyEsq,female,1.0,0,1.0,0.2899786780383795,0.0,0.7100213219616205,0.34795316421596323,0.0,0.6520468357840368,0.04860731553825399,0.0,0.951392684461746,0.18668419023466093,0.0,0.813315809765339,0.21830583700681444,0,non-human,4,1,0,1,0,1,1,1,1,4,2,human,out-of-fold,review,1.0
815738614,LizQuenUno,brand,0.3307,0,0.0,0.8888888888888888,1.0,0.8888888888888888,0.9038572330257554,1.0,0.9038572330257554,0.00035367154510449904,0.0,0.9996463284548955,0.6880679165696946,1.0,0.6880679165696946,0.6202919275073608,1,human,3,1,1,1,1,0,0,1,0,3,2,non-human,held-out candidate,review,0.3307
815739165,SandraJost8,brand,0.339,0,0.0,0.8392857142857143,1.0,0.8392857142857143,0.9999270088911617,1.0,0.9999270088911617,0.0036972544198930674,0.0,0.9963027455801069,0.6500405433883376,1.0,0.6500405433883376,0.6232376302462767,1,human,3,1,1,1,1,0,0,1,0,3,2,non-human,held-out candidate,review,0.339
815732080,HighlyBBe,male,0.3428,0,1.0,0.6136363636363636,1.0,0.6136363636363636,0.0,0.0,1.0,2.612776403844779e-69,0.0,1.0,0.32954821314677024,0.0,0.6704517868532298,0.23579614419578349,0,non-human,3,0,0,1,1,1,1,1,0,3,2,human,held-out candidate,review,0.3428
815732531,thinkingboy999,brand,0.3442,0,0.0,0.6071428571428571,1.0,0.6071428571428571,0.815390754743026,1.0,0.815390754743026,2.0091506160003284e-66,0.0,1.0,0.8589612008344701,1.0,0.8589612008344701,0.5703737031800883,1,human,3,1,0,1,1,0,0,1,1,3,2,non-human,held-out candidate,review,0.3442
815738727,JDSempai,brand,0.3457,0,0.0,0.9333333333333333,1.0,0.9333333333333333,0.6196460535426025,0.0,0.3803539464573975,0.7896191387390941,1.0,0.7896191387390941,0.8181025205751926,1.0,0.8181025205751926,0.7901752615475557,1,human,3,1,1,0,0,1,0,1,1,3,2,non-human,held-out candidate,review,0.3457
815730222,pweekes48,male,0.3489,0,1.0,0.65,1.0,0.65,0.1513867289547195,0.0,0.8486132710452805,4.182640111789705e-70,0.0,1.0,0.48908571459528727,0.0,0.5109142854047127,0.3226181108875017,0,non-human,3,0,0,1,1,1,1,1,0,3,2,human,held-out candidate,review,0.3489
815739136,katespade25,brand,0.3586,0,0.0,1.0,1.0,1.0,0.7952396937232967,1.0,0.7952396937232967,0.0030358509375382273,0.0,0.9969641490624618,0.8853921015785922,1.0,0.8853921015785922,0.6709169115598568,1,human,3,1,1,1,0,0,0,1,1,3,2,non-human,held-out candidate,review,0.3586
815735324,prxsmxtic,brand,0.3603,0,0.0,0.8087431693989071,1.0,0.8087431693989071,0.6163885608009331,0.0,0.38361143919906693,0.828734209058626,1.0,0.828734209058626,0.5936323179343184,1.0,0.5936323179343184,0.7118745642981961,1,human,3,1,1,0,0,1,1,1,0,3,2,non-human,held-out candidate,review,0.3603
815720494,Guyism,brand,0.6437,0,0.0,0.8734177215189873,1.0,0.8734177215189873,0.7081056661186206,1.0,0.7081056661186206,0.8601057145868501,1.0,0.8601057145868501,0.5245493642048856,0.0,0.4754506357951144,0.741544616607336,1,human,3,1,1,1,0,1,1,0,0,3,2,non-human,held-out candidate,review,0.6437
815737753,Y115YGS,brand,0.6457,0,0.0,0.8087431693989071,1.0,0.8087431693989071,0.6010315254728195,0.0,0.39896847452718054,0.43363808699787854,1.0,0.43363808699787854,0.8735993830460536,1.0,0.8735993830460536,0.6792530412289146,1,human,3,1,1,0,0,1,0,1,1,3,2,non-human,held-out candidate,review,0.6457
815720654,wellmemedsir,brand,0.6465,0,0.0,0.2346368715083799,0.0,0.7653631284916201,1.0,1.0,1.0,0.9999999998413713,1.0,0.9999999998413713,0.6988007379654665,1.0,0.6988007379654665,0.7333594023288045,1,human,3,0,0,1,1,1,1,1,0,3,2,non-human,held-out candidate,review,0.6465
815739307,MayankGothi,brand,0.6477,0,0.0,0.932,1.0,0.932,0.869622039123204,1.0,0.869622039123204,0.047026744347161115,0.0,0.9529732556528389,0.706073354001979,1.0,0.706073354001979,0.638680534368086,1,human,3,1,1,1,1,0,0,1,0,3,2,non-human,held-out candidate,review,0.6477
815733942,PatrikBohi,brand,0.6505,0,0.0,0.2978723404255319,0.0,0.7021276595744681,0.8055744449570458,1.0,0.8055744449570458,0.949959191338552,1.0,0.949959191338552,0.6557105738257433,1.0,0.6557105738257433,0.6772791376367182,1,human,3,0,0,1,1,1,1,1,0,3,2,non-human,held-out candidate,review,0.6505
815721918,maaakstiles,brand,0.6506,0,0.0,0.9457364341085271,1.0,0.9457364341085271,0.6758969822549125,1.0,0.6758969822549125,0.14879330044033684,0.0,0.8512066995596632,0.9501945532241152,1.0,0.9501945532241152,0.6801553175069729,1,human,3,1,1,1,0,0,0,1,1,3,2,non-human,held-out candidate,review,0.6506
815723543,amajorpain,brand,0.6515,0,0.0,0.5598958333333334,0.0,0.44010416666666663,0.9094908846749125,1.0,0.9094908846749125,0.9298543626832311,1.0,0.9298543626832311,0.774898886896285,1.0,0.774898886896285,0.7935349918969405,1,human,3,0,0,1,1,1,1,1,0,3,2,non-human,held-out candidate,review,0.6515
815726534,WomenPowerCode,brand,0.6522,0,0.0,0.8087431693989071,1.0,0.8087431693989071,0.6119434730572727,0.0,0.3880565269427273,0.5756531700753903,1.0,0.5756531700753903,0.8350216340784271,1.0,0.8350216340784271,0.7078403616524993,1,human,3,1,1,0,0,1,0,1,1,3,2,non-human,held-out candidate,review,0.6522
815724077,vBubblez,brand,0.6524,0,0.0,0.8636363636363636,1.0,0.8636363636363636,0.6163056967086658,0.0,0.38369430329133425,0.9795535520856976,1.0,0.9795535520856976,0.6369986419576464,1.0,0.6369986419576464,0.7741235635970933,1,human,3,1,1,0,0,1,1,1,0,3,2,non-human,held-out candidate,review,0.6524
815720548,ConnectAU1,brand,0.6527,0,0.0,0.92,1.0,0.92,0.4716420556029242,0.0,0.5283579443970758,0.66260182704772,1.0,0.66260182704772,0.828108191517005,1.0,0.828108191517005,0.7205880185419122,1,human,3,1,1,0,0,1,0,1,1,3,2,non-human,held-out candidate,review,0.6527
815735508,Novmbr,brand,0.6528,0,0.0,0.9457364341085271,1.0,0.9457364341085271,0.5214771539360229,0.0,0.4785228460639771,0.9999992124539264,1.0,0.9999992124539264,0.6747382302122101,1.0,0.6747382302122101,0.7854877576776716,1,human,3,1,1,0,0,1,1,1,0,3,2,non-human,held-out candidate,review,0.6528
815737768,ParadiseGray,brand,0.6545,0,0.0,0.5598958333333334,0.0,0.44010416666666663,0.8208941740527134,1.0,0.8208941740527134,0.9384263165350577,1.0,0.9384263165350577,0.7683205972900867,1.0,0.7683205972900867,0.7718842303027977,1,human,3,0,0,1,1,1,1,1,0,3,2,non-human,held-out candidate,review,0.6545
815731407,coyotekissesxo,brand,0.6556,0,0.0,0.9897750511247444,1.0,0.9897750511247444,0.6877503681551562,1.0,0.6877503681551562,0.0631322046298101,0.0,0.9368677953701899,0.9941480345124611,1.0,0.9941480345124611,0.683701414605543,1,human,3,1,1,1,0,0,0,1,1,3,2,non-human,held-out candidate,review,0.6556
815731419,blackeyedmarti,female,0.6561,0,1.0,0.8636363636363636,1.0,0.8636363636363636,0.5187695220718022,0.0,0.48123047792819784,0.00010624913019300567,0.0,0.999893750869807,0.0575961103432758,0.0,0.9424038896567242,0.3600270612954087,0,non-human,3,0,0,1,0,1,1,1,1,3,2,human,held-out candidate,review,0.6561
815735967,QuatarTheOdd,brand,0.6563,0,0.0,0.9457364341085271,1.0,0.9457364341085271,0.7722407044929647,1.0,0.7722407044929647,0.058941669652645814,0.0,0.9410583303473542,0.8866342240774262,1.0,0.8866342240774262,0.665888258082891,1,human,3,1,1,1,0,0,0,1,1,3,2,non-human,held-out candidate,review,0.6563
815726234,Randy_sV12,brand,0.6566,0,0.0,0.932,1.0,0.932,0.8620296839780296,1.0,0.8620296839780296,0.10385642203948238,0.0,0.8961435779605176,0.7084636376015006,1.0,0.7084636376015006,0.6515874359047531,1,human,3,1,1,1,1,0,0,1,0,3,2,non-human,held-out candidate,review,0.6566
815723446,TISDTES,brand,0.657,0,0.0,0.8611111111111112,1.0,0.8611111111111112,0.7580694675085003,1.0,0.7580694675085003,0.9710912527505734,1.0,0.9710912527505734,0.30699004626209947,0.0,0.6930099537379005,0.724315469408071,1,human,3,1,1,1,0,1,1,0,0,3,2,non-human,held-out candidate,review,0.657
815735500,jessyca_69,brand,0.6575,0,0.0,0.55,0.0,0.44999999999999996,0.8191333149684441,1.0,0.8191333149684441,0.5786260651448535,1.0,0.5786260651448535,0.8051398496496104,1.0,0.8051398496496104,0.688224807440727,1,human,3,0,0,1,1,1,0,1,1,3,2,non-human,held-out candidate,review,0.6575
815730207,WanderingNewbie,brand,0.658,0,0.0,0.9457364341085271,1.0,0.9457364341085271,0.7443925983162087,1.0,0.7443925983162087,0.07358819413426755,0.0,0.9264118058657325,0.950859734913871,1.0,0.950859734913871,0.6786442403682187,1,human,3,1,1,1,0,0,0,1,1,3,2,non-human,held-out candidate,review,0.658
815737538,bryant_sadiq,brand,0.6583,0,0.0,0.8620689655172413,1.0,0.8620689655172413,0.8106633213939656,1.0,0.8106633213939656,1.7218001862941605e-05,0.0,0.9999827819981371,0.5709069662948918,1.0,0.5709069662948918,0.5609141178019904,1,human,3,1,1,1,1,0,0,1,0,3,2,non-human,held-out candidate,review,0.6583
815722407,HugginsUrsa,brand,0.6586,0,0.0,0.8620689655172413,1.0,0.8620689655172413,0.9007477974642757,1.0,0.9007477974642757,1.4730106475930677e-05,0.0,0.9999852698935241,0.6392231147735064,1.0,0.6392231147735064,0.6005136519653749,1,human,3,1,1,1,1,0,0,1,0,3,2,non-human,held-out candidate,review,0.6586
815729572,FloydJobson,brand,0.6588,0,0.0,0.8620689655172413,1.0,0.8620689655172413,0.9265159632545616,1.0,0.9265159632545616,1.8912736716968373e-05,0.0,0.999981087263283,0.6144971382237628,1.0,0.6144971382237628,0.6007752449330707,1,human,3,1,1,1,1,0,0,1,0,3,2,non-human,held-out candidate,review,0.6588
815726981,Djphilgood2,brand,0.6589,0,0.0,0.8333333333333334,1.0,0.8333333333333334,0.5508041930059301,0.0,0.4491958069940699,0.4268735501297482,1.0,0.4268735501297482,0.8191033387079343,1.0,0.8191033387079343,0.6575286037942365,1,human,3,1,1,0,0,1,0,1,1,3,2,non-human,held-out candidate,review,0.6589
815729813,Toxicratman,brand,0.659,0,0.0,0.5251798561151079,0.0,0.47482014388489213,0.6579325365368199,1.0,0.6579325365368199,1.0,1.0,1.0,0.8446646289909067,1.0,0.8446646289909067,0.7569442554107086,1,human,3,0,0,1,0,1,1,1,1,3,2,non-human,held-out candidate,review,0.659
815739128,maki_sekiya,brand,0.659,0,0.0,0.8888888888888888,1.0,0.8888888888888888,0.910946400499822,1.0,0.910946400499822,0.00037372354735772936,0.0,0.9996262764526422,0.6869543497047098,1.0,0.6869543497047098,0.6217908406601946,1,human,3,1,1,1,1,0,0,1,0,3,2,non-human,held-out candidate,review,0.659
815719524,calyqabupal,brand,0.6593,0,0.0,0.32,0.0,0.6799999999999999,0.8972481777114777,1.0,0.8972481777114777,0.9805626827870849,1.0,0.9805626827870849,0.6743629406456192,1.0,0.6743629406456192,0.7180434502860454,1,human,3,0,0,1,1,1,1,1,0,3,2,non-human,held-out candidate,review,0.6593
815733793,AIgerian,brand,0.6597,0,0.0,0.5555555555555556,0.0,0.4444444444444444,0.8213002619186793,1.0,0.8213002619186793,0.9999957941633807,1.0,0.9999957941633807,0.5598685636003158,1.0,0.5598685636003158,0.7341800438094828,1,human,3,0,0,1,1,1,1,1,0,3,2,non-human,held-out candidate,review,0.6597
815732748,LXBN,brand,0.6599,0,0.0,0.8734177215189873,1.0,0.8734177215189873,0.48377711118948336,0.0,0.5162228888105167,0.9672249718342929,1.0,0.9672249718342929,0.5922069424055363,1.0,0.5922069424055363,0.729156686737075,1,human,3,1,1,0,0,1,1,1,0,3,2,non-human,held-out candidate,review,0.6599
815730166,joandelaneyvz,brand,0.6608,0,0.0,0.8620689655172413,1.0,0.8620689655172413,0.9463743151912737,1.0,0.9463743151912737,1.9161132953110284e-05,0.0,0.9999808388670469,0.6066831777208023,1.0,0.6066831777208023,0.6037864048905677,1,human,3,1,1,1,1,0,0,1,0,3,2,non-human,held-out candidate,review,0.6608
815722431,IsabellaGourmet,brand,0.6613,0,0.0,0.2978723404255319,0.0,0.7021276595744681,0.8057949432071785,1.0,0.8057949432071785,0.9309936231841529,1.0,0.9309936231841529,0.6968833295098551,1.0,0.6968833295098551,0.6828860590816795,1,human,3,0,0,1,1,1,1,1,0,3,2,non-human,held-out candidate,review,0.6613
815736791,yourssssss,male,0.6613,0,1.0,0.0,0.0,1.0,0.235842602281805,0.0,0.764157397718195,1.776964824561641e-70,0.0,1.0,0.7350823742303065,1.0,0.7350823742303065,0.24273124412802788,0,non-human,3,1,1,1,0,1,1,0,0,3,2,human,held-out candidate,review,0.6613
815731680,UrbanPirate221,brand,0.662,0,0.0,0.8666666666666667,1.0,0.8666666666666667,0.7098202600487578,1.0,0.7098202600487578,0.13008655212722764,0.0,0.8699134478727724,0.8907365081295625,1.0,0.8907365081295625,0.6493274967430537,1,human,3,1,1,1,0,0,0,1,1,3,2,non-human,held-out candidate,review,0.662
815726708,ARTsamgladiator,brand,0.6624,0,0.0,0.6136363636363636,1.0,0.6136363636363636,0.9073051563065015,1.0,0.9073051563065015,0.01912218503663273,0.0,0.9808778149633672,0.9107807346852216,1.0,0.9107807346852216,0.6127111099161799,1,human,3,1,0,1,1,0,0,1,1,3,2,non-human,held-out candidate,review,0.6624
815727560,beautybydavinia,brand,0.6636,0,0.0,0.8734177215189873,1.0,0.8734177215189873,0.7517219763264785,1.0,0.7517219763264785,0.9999999999987921,1.0,0.9999999999987921,0.44769643053017816,0.0,0.5523035694698218,0.768209032093609,1,human,3,1,1,1,0,1,1,0,0,3,2,non-human,held-out candidate,review,0.6636
815738445,lizquendrafts,brand,0.6636,0,0.0,0.8888888888888888,1.0,0.8888888888888888,0.9599114494916953,1.0,0.9599114494916953,0.0006257231215169896,0.0,0.999374276878483,0.7262316098022592,1.0,0.7262316098022592,0.64391441782609,1,human,3,1,1,1,1,0,0,1,0,3,2,non-human,held-out candidate,review,0.6636
815737306,Semper_Fi_79,brand,0.6637,0,0.0,0.8087431693989071,1.0,0.8087431693989071,0.6969406965428542,1.0,0.6969406965428542,0.0014236744512579208,0.0,0.9985763255487421,0.888972318645705,1.0,0.888972318645705,0.599019964759681,1,human,3,1,1,1,0,0,0,1,1,3,2,non-human,held-out candidate,review,0.6637
815736572,JMMatthewsBooks,brand,0.6641,0,0.0,1.0,1.0,1.0,0.7563974023261899,1.0,0.7563974023261899,3.5029399885404324e-60,0.0,1.0,0.9519323399158662,1.0,0.9519323399158662,0.6770824355605141,1,human,3,1,1,1,0,0,0,1,1,3,2,non-human,held-out candidate,review,0.6641
815729147,ICENINEKILLS,brand,0.6642,0,0.0,0.3409090909090909,0.0,0.6590909090909092,0.8581085824275243,1.0,0.8581085824275243,0.9999999995405204,1.0,0.9999999995405204,0.6743040155660354,1.0,0.6743040155660354,0.7183304221107928,1,human,3,0,0,1,1,1,1,1,0,3,2,non-human,held-out candidate,review,0.6642
815732507,NXTLVLRadio,brand,0.6643,0,0.0,0.8087431693989071,1.0,0.8087431693989071,0.8035548603330466,1.0,0.8035548603330466,3.353736021221374e-06,0.0,0.9999966462639788,0.7739865323319788,1.0,0.7739865323319788,0.5965719789499884,1,human,3,1,1,1,1,0,0,1,0,3,2,non-human,held-out candidate,review,0.6643
815727904,corinatfh45,female,0.6648,0,1.0,0.12903225806451613,0.0,0.8709677419354839,0.6154163135832128,0.0,0.3845836864167872,0.00011008057858923616,0.0,0.9998899194214108,0.6688718125305675,1.0,0.6688718125305675,0.3533576161892214,0,non-human,3,1,1,1,0,1,1,0,0,3,2,human,held-out candidate,review,0.6648
815727682,juhasaarinen,brand,0.665,0,0.0,0.8169014084507042,1.0,0.8169014084507042,0.7240928046827058,1.0,0.7240928046827058,0.06301450025200543,0.0,0.9369854997479946,0.8217652495649874,1.0,0.8217652495649874,0.6064434907376007,1,human,3,1,1,1,0,0,0,1,1,3,2,non-human,held-out candidate,review,0.665
815723179,trapking_P4L,male,0.6667,0,1.0,0.12903225806451613,0.0,0.8709677419354839,0.3238077089342903,0.0,0.6761922910657097,0.0036947674018529162,0.0,0.9963052325981471,0.5850776952590702,1.0,0.5850776952590702,0.2604031074149324,0,non-human,3,1,1,1,0,1,1,0,0,3,2,human,held-out candidate,review,0.6667
815735450,FlowFit_Ke,brand,0.6667,0,0.0,0.5598958333333334,0.0,0.44010416666666663,0.8104106646425511,1.0,0.8104106646425511,0.511820292529543,1.0,0.511820292529543,0.8072590963751202,1.0,0.8072590963751202,0.6723464717201368,1,human,3,0,0,1,1,1,0,1,1,3,2,non-human,held-out candidate,review,0.6667
815728660,johnomo103,male,0.6668,0,1.0,0.6071428571428571,1.0,0.6071428571428571,0.4778400681681442,0.0,0.5221599318318557,3.290620615146292e-72,0.0,1.0,0.1396032086917887,0.0,0.8603967913082113,0.3061465335006975,0,non-human,3,0,0,1,0,1,1,1,1,3,2,human,held-out candidate,review,0.6668
815734790,PamDrake,brand,0.6672,0,0.0,0.9457364341085271,1.0,0.9457364341085271,0.6732805998191295,1.0,0.6732805998191295,1.3011614895276067e-68,0.0,1.0,0.817350045247783,1.0,0.817350045247783,0.6090917697938599,1,human,3,1,1,1,0,0,0,1,1,3,2,non-human,held-out candidate,review,0.6672
815719505,Circa33,brand,0.6674,0,0.0,0.92,1.0,0.92,0.7978032766997775,1.0,0.7978032766997775,0.16754038206834418,0.0,0.8324596179316558,0.8411988960351717,1.0,0.8411988960351717,0.6816356387008233,1,human,3,1,1,1,0,0,0,1,1,3,2,non-human,held-out candidate,review,0.6674
815737745,maxlydic,brand,0.6679,0,0.0,0.932,1.0,0.932,0.6191911820947705,0.0,0.38080881790522947,0.9839290598530054,1.0,0.9839290598530054,0.7677397207962944,1.0,0.7677397207962944,0.8257149906860176,1,human,3,1,1,0,0,1,1,1,0,3,2,non-human,held-out candidate,review,0.6679
815732672,sgibkr10,female,0.6682,0,1.0,0.12903225806451613,0.0,0.8709677419354839,0.32795085663430495,0.0,0.672049143365695,0.0025451669106573505,0.0,0.9974548330893427,0.5820648849112209,1.0,0.5820648849112209,0.2603982916301748,0,non-human,3,1,1,1,0,1,1,0,0,3,2,human,held-out candidate,review,0.6682
815723574,reps_t,brand,0.6687,0,0.0,0.8636363636363636,1.0,0.8636363636363636,0.8634667397261486,1.0,0.8634667397261486,0.29133903754025325,0.0,0.7086609624597467,0.7668609371156578,1.0,0.7668609371156578,0.6963257695046059,1,human,3,1,1,1,1,0,0,1,0,3,2,non-human,held-out candidate,review,0.6687
815733673,FarpointToys,brand,0.6692,0,0.0,0.33984375,0.0,0.66015625,0.72689587971151,1.0,0.72689587971151,0.9999954428957406,1.0,0.9999954428957406,0.9414431344133953,1.0,0.9414431344133953,0.7520445517551615,1,human,3,0,0,1,0,1,1,1,1,3,2,non-human,held-out candidate,review,0.6692
815720362,Bolivia4x4,brand,0.6694,0,0.0,0.5598958333333334,0.0,0.44010416666666663,0.658437245590067,1.0,0.658437245590067,0.9341505398360901,1.0,0.9341505398360901,0.8579411428379082,1.0,0.8579411428379082,0.7526061903993497,1,human,3,0,0,1,0,1,1,1,1,3,2,non-human,held-out candidate,review,0.6694
815730197,bungahitam24,brand,0.6696,0,0.0,0.8620689655172413,1.0,0.8620689655172413,0.8192239502090661,1.0,0.8192239502090661,1.9450556005284263e-09,0.0,0.9999999980549444,0.7488191774782615,1.0,0.7488191774782615,0.6075280237874061,1,human,3,1,1,1,1,0,0,1,0,3,2,non-human,held-out candidate,review,0.6696
815738440,lizquensubject,brand,0.6699,0,0.0,0.8888888888888888,1.0,0.8888888888888888,0.8251289691884505,1.0,0.8251289691884505,0.00041737267282597636,0.0,0.9995826273271741,0.6864949977844936,1.0,0.6864949977844936,0.6002325571336647,1,human,3,1,1,1,1,0,0,1,0,3,2,non-human,held-out candidate,review,0.6699
815734052,Mista_Donzie,brand,0.6702,0,0.0,0.7051282051282052,1.0,0.7051282051282052,0.6266555758348662,0.0,0.3733444241651338,0.9999998726346472,1.0,0.9999998726346472,0.9195791141926222,1.0,0.9195791141926222,0.8128406919475851,1,human,3,1,0,0,0,1,1,1,1,3,2,non-human,held-out candidate,review,0.6702
815735106,bestdude459,brand,0.6705,0,0.0,0.8392857142857143,1.0,0.8392857142857143,0.7069834742132407,1.0,0.7069834742132407,0.0012649985847421228,0.0,0.9987350014152578,0.8642333254485909,1.0,0.8642333254485909,0.602941878133072,1,human,3,1,1,1,0,0,0,1,1,3,2,non-human,held-out candidate,review,0.6705
815720599,Dis3rOll,brand,0.6707,0,0.0,0.8620689655172413,1.0,0.8620689655172413,0.7350981925264003,1.0,0.7350981925264003,0.00011118356084042888,0.0,0.9998888164391596,0.8255403619995679,1.0,0.8255403619995679,0.6057046759010125,1,human,3,1,1,1,0,0,0,1,1,3,2,non-human,held-out candidate,review,0.6707
815732414,radtea19,brand,0.6712,0,0.0,0.9457364341085271,1.0,0.9457364341085271,0.709643019069439,1.0,0.709643019069439,9.080141836371274e-69,0.0,1.0,0.9668840103901487,1.0,0.9668840103901487,0.6555658658920287,1,human,3,1,1,1,0,0,0,1,1,3,2,non-human,held-out candidate,review,0.6712
815734591,beautywithin4u2,female,0.6728,0,1.0,0.6071428571428571,1.0,0.6071428571428571,0.5696806205958553,0.0,0.43031937940414466,5.35538880155844e-72,0.0,1.0,0.1568188149097415,0.0,0.8431811850902585,0.3334105731621135,0,non-human,3,0,0,1,0,1,1,1,1,3,2,human,held-out candidate,review,0.6728
815728973,karaokequeen85,female,0.6736,0,1.0,0.0,0.0,1.0,0.657375635530189,1.0,0.657375635530189,4.996282283744217e-69,0.0,1.0,0.3853545685457716,0.0,0.6146454314542285,0.2606825510189901,0,non-human,3,1,1,0,0,1,1,1,0,3,2,human,held-out candidate,review,0.6736
815721021,funkynessa,brand,0.6739,0,0.0,0.9339622641509434,1.0,0.9339622641509434,0.6613820870178669,1.0,0.6613820870178669,0.050124696869856426,0.0,0.9498753031301436,0.9089171190355415,1.0,0.9089171190355415,0.6385965417685521,1,human,3,1,1,1,0,0,0,1,1,3,2,non-human,held-out candidate,review,0.6739
815723034,EhMuai,brand,0.6743,0,0.0,0.8620689655172413,1.0,0.8620689655172413,0.6856980230271938,1.0,0.6856980230271938,0.0001691664874020293,0.0,0.9998308335125979,0.810929421273484,1.0,0.810929421273484,0.5897163940763303,1,human,3,1,1,1,0,0,0,1,1,3,2,non-human,held-out candidate,review,0.6743
815730795,yunacide,brand,0.6744,0,0.0,0.7163120567375887,1.0,0.7163120567375887,0.8648803877933807,1.0,0.8648803877933807,0.9999999999999929,1.0,0.9999999999999929,0.5183650162432797,0.0,0.4816349837567203,0.7748893651935606,1,human,3,1,0,1,1,1,1,0,0,3,2,non-human,held-out candidate,review,0.6744
815731432,TateInstitute,brand,0.6745,0,0.0,0.6,1.0,0.6,0.8858515440761316,1.0,0.8858515440761316,0.005570988939475018,0.0,0.994429011060525,0.8631987655291258,1.0,0.8631987655291258,0.5886553246361831,1,human,3,1,0,1,1,0,0,1,1,3,2,non-human,held-out candidate,review,0.6745
815731057,MimiNiMukale,brand,0.6748,0,0.0,0.6136363636363636,1.0,0.6136363636363636,0.9179233076115451,1.0,0.9179233076115451,0.24546509444580766,0.0,0.7545349055541923,0.8125333528786979,1.0,0.8125333528786979,0.6473895296431036,1,human,3,1,0,1,1,0,0,1,1,3,2,non-human,held-out candidate,review,0.6748
815730701,exposingpzj67,brand,0.6752,0,0.0,0.8087431693989071,1.0,0.8087431693989071,0.7832441939702981,1.0,0.7832441939702981,0.0279391177069754,0.0,0.9720608822930246,0.915122173027933,1.0,0.915122173027933,0.6337621635260284,1,human,3,1,1,1,0,0,0,1,1,3,2,non-human,held-out candidate,review,0.6752
815733121,AMTStatus,brand,0.6766,0,0.0,0.5833333333333334,1.0,0.5833333333333334,0.8647755125304776,1.0,0.8647755125304776,0.22194363468356698,0.0,0.778056365316433,0.8245004745809893,1.0,0.8245004745809893,0.6236382387820918,1,human,3,1,0,1,1,0,0,1,1,3,2,non-human,held-out candidate,review,0.6766
815739142,Helz999,brand,0.6771,0,0.0,0.5185185185185185,0.0,0.4814814814814815,1.0,1.0,1.0,0.7276824337865878,1.0,0.7276824337865878,0.91077798091433,1.0,0.91077798091433,0.7892447333048591,1,human,3,0,0,1,1,1,0,1,1,3,2,non-human,held-out candidate,review,0.6771
815727684,BeresfordBobbie,brand,0.6778,0,0.0,0.8620689655172413,1.0,0.8620689655172413,0.8707315094773026,1.0,0.8707315094773026,1.893337318622424e-05,0.0,0.9999810666268137,0.6385004207256414,1.0,0.6385004207256414,0.5928299572733429,1,human,3,1,1,1,1,0,0,1,0,3,2,non-human,held-out candidate,review,0.6778
815736996,LovatoCrowd,brand,0.678,0,0.0,0.6507936507936508,1.0,0.6507936507936508,0.9079594066998219,1.0,0.9079594066998219,0.9970312134857596,1.0,0.9970312134857596,0.4576175279492614,0.0,0.5423824720507386,0.7533504497321235,1,human,3,1,0,1,1,1,1,0,0,3,2,non-human,held-out candidate,review,0.678
815738820,sidneygirlie,brand,0.678,0,0.0,0.8888888888888888,1.0,0.8888888888888888,0.8772233931366957,1.0,0.8772233931366957,0.001600752068759949,0.0,0.99839924793124,0.7306697463024107,1.0,0.7306697463024107,0.6245956950991888,1,human,3,1,1,1,1,0,0,1,0,3,2,non-human,held-out candidate,review,0.678
815733340,arielcox8,female,0.6789,0,1.0,0.12903225806451613,0.0,0.8709677419354839,0.4147121983449958,0.0,0.5852878016550043,0.010125038376100933,0.0,0.9898749616238991,0.5864053827829138,1.0,0.5864053827829138,0.28506871939213163,0,non-human,3,1,1,1,0,1,1,0,0,3,2,human,held-out candidate,review,0.6789
815733220,420_Alert,brand,0.6801,0,0.0,0.5833333333333334,1.0,0.5833333333333334,0.9147212665090261,1.0,0.9147212665090261,0.033875989216206326,0.0,0.9661240107837936,0.9826834023966771,1.0,0.9826834023966771,0.6286534978638108,1,human,3,1,0,1,1,0,0,1,1,3,2,non-human,held-out candidate,review,0.6801
815727650,UFOHUNTERORGUK,brand,0.6805,0,0.0,0.5185185185185185,0.0,0.4814814814814815,0.8575197864577789,1.0,0.8575197864577789,0.9856949498066349,1.0,0.9856949498066349,0.7272738557402189,1.0,0.7272738557402189,0.7722517776307878,1,human,3,0,0,1,1,1,1,1,0,3,2,non-human,held-out candidate,review,0.6805
815730530,lisabailey307,female,0.6807,0,1.0,0.6071428571428571,1.0,0.6071428571428571,0.4718649876252211,0.0,0.5281350123747789,8.405347149876793e-75,0.0,1.0,0.10610550611749002,0.0,0.89389449388251,0.29627833772139206,0,non-human,3,0,0,1,0,1,1,1,1,3,2,human,held-out candidate,review,0.6807
815726765,springsteen923,brand,0.6823,0,0.0,0.55,0.0,0.44999999999999996,0.9032197357507107,1.0,0.9032197357507107,0.36530692595832265,1.0,0.36530692595832265,0.9615476783310043,1.0,0.9615476783310043,0.6950185850100095,1,human,3,0,0,1,1,1,0,1,1,3,2,non-human,held-out candidate,review,0.6823
815729815,Daniell_MUFC,male,0.6824,0,1.0,0.16129032258064516,0.0,0.8387096774193549,0.5229672389748832,0.0,0.4770327610251168,0.06434453194112774,0.0,0.9356554680588722,0.5838746319895506,1.0,0.5838746319895506,0.33311918137155166,0,non-human,3,1,1,1,0,1,1,0,0,3,2,human,held-out candidate,review,0.6824
815726826,wiskey1249,male,0.6848,0,1.0,0.16129032258064516,0.0,0.8387096774193549,0.6157620421977897,0.0,0.38423795780221026,0.0018566691399641464,0.0,0.9981433308600358,0.5949687316077619,1.0,0.5949687316077619,0.34346944138154023,0,non-human,3,1,1,1,0,1,1,0,0,3,2,human,held-out candidate,review,0.6848
815738459,MarslandNigel,brand,0.6859,0,0.0,0.8620689655172413,1.0,0.8620689655172413,0.9130700137444372,1.0,0.9130700137444372,1.998582063828874e-05,0.0,0.9999800141793617,0.6342545424473784,1.0,0.6342545424473784,0.6023533768824239,1,human,3,1,1,1,1,0,0,1,0,3,2,non-human,held-out candidate,review,0.6859
815724302,CorsoDavidEd,brand,0.6905,0,0.0,0.2346368715083799,0.0,0.7653631284916201,0.8401071930859333,1.0,0.8401071930859333,0.9999999999846274,1.0,0.9999999999846274,0.6583649610282808,1.0,0.6583649610282808,0.6832772564018053,1,human,3,0,0,1,1,1,1,1,0,3,2,non-human,held-out candidate,review,0.6905
815730043,Angelina_Laurin,female,0.6916,0,1.0,0.8611111111111112,1.0,0.8611111111111112,0.3224101190421942,0.0,0.6775898809578058,0.15209553119503072,0.0,0.8479044688049693,0.13483559903934436,0.0,0.8651644009606556,0.3676130900969201,0,non-human,3,0,0,1,0,1,1,1,1,3,2,human,held-out candidate,review,0.6916
815719817,blankyhanky15,brand,0.6971,0,0.0,0.8087431693989071,1.0,0.8087431693989071,0.7933143040392161,1.0,0.7933143040392161,0.14924577407297177,0.0,0.8507542259270282,0.9027720644135265,1.0,0.9027720644135265,0.6635188279811554,1,human,3,1,1,1,0,0,0,1,1,3,2,non-human,held-out candidate,review,0.6971
815719504,BumpinUglies,brand,1.0,0,0.0,0.5185185185185185,0.0,0.4814814814814815,0.7375314209236107,1.0,0.7375314209236107,0.9821488078886702,1.0,0.9821488078886702,0.8097743121522203,1.0,0.8097743121522203,0.761993264870755,1,human,3,0,0,1,0,1,1,1,1,3,2,non-human,out-of-fold,review,1.0
815719605,SRHSNJ,brand,1.0,0,0.0,0.9047619047619048,1.0,0.9047619047619048,0.5306529346695653,0.0,0.4693470653304347,0.4711301134499369,1.0,0.4711301134499369,0.8594249010521596,1.0,0.8594249010521596,0.6914924634833917,1,human,3,1,1,0,0,1,0,1,1,3,2,non-human,out-of-fold,review,1.0
815719702,KitsonLA,brand,1.0,0,0.0,0.49047619047619045,0.0,0.5095238095238095,0.7642486676631655,1.0,0.7642486676631655,0.9999999999999893,1.0,0.9999999999999893,0.8430087844659441,1.0,0.8430087844659441,0.7744334106513223,1,human,3,0,0,1,0,1,1,1,1,3,2,non-human,out-of-fold,review,1.0
815719969,ghost22sas,male,1.0,0,1.0,0.6029411764705882,1.0,0.6029411764705882,0.29073561881008886,0.0,0.7092643811899111,0.0010205626738687816,0.0,0.9989794373261313,0.12956175385814866,0.0,0.8704382461418514,0.2560647779531736,0,non-human,3,0,0,1,0,1,1,1,1,3,2,human,out-of-fold,review,1.0
815720208,CBoC_Events,brand,1.0,0,0.0,0.9931506849315068,1.0,0.9931506849315068,0.5761664111150565,0.0,0.4238335888849435,0.9777156382482187,1.0,0.9777156382482187,0.7701152413985124,1.0,0.7701152413985124,0.8292869939233236,1,human,3,1,1,0,0,1,1,1,0,3,2,non-human,out-of-fold,review,1.0
815720323,helenelafleche,female,1.0,0,1.0,0.6785714285714286,1.0,0.6785714285714286,0.34307396603850243,0.0,0.6569260339614975,1.6530719057104216e-05,0.0,0.999983469280943,0.18556432791372005,0.0,0.81443567208628,0.30180656331067707,0,non-human,3,0,0,1,0,1,1,1,1,3,2,human,out-of-fold,review,1.0
815720340,etailPR,brand,1.0,0,0.0,0.9521410579345088,1.0,0.9521410579345088,0.7162238813311498,1.0,0.7162238813311498,0.26497517904585677,0.0,0.7350248209541432,0.8988317693870479,1.0,0.8988317693870479,0.7080429719246408,1,human,3,1,1,1,0,0,0,1,1,3,2,non-human,out-of-fold,review,1.0
815720450,AFlyswatter,brand,1.0,0,0.0,0.7922077922077922,1.0,0.7922077922077922,0.8557683702296455,1.0,0.8557683702296455,0.17954966685812956,0.0,0.8204503331418704,0.9093591321706499,1.0,0.9093591321706499,0.6842212403665543,1,human,3,1,0,1,1,0,0,1,1,3,2,non-human,out-of-fold,review,1.0
815720454,BrandsKingdom,brand,1.0,0,0.0,0.4722222222222222,0.0,0.5277777777777778,0.720361668916345,1.0,0.720361668916345,0.9981116857145412,1.0,0.9981116857145412,0.916915283437798,1.0,0.916915283437798,0.7769027150727267,1,human,3,0,0,1,0,1,1,1,1,3,2,non-human,out-of-fold,review,1.0
815720585,funaabgottalen1,male,1.0,0,1.0,0.5764705882352941,1.0,0.5764705882352941,0.0365687024289194,0.0,0.9634312975710806,0.021207080215255955,0.0,0.978792919784744,0.2569651741510517,0.0,0.7430348258489483,0.22280288625763028,0,non-human,3,0,0,1,1,1,1,1,0,3,2,human,out-of-fold,review,1.0
815721319,FYFFEST,brand,1.0,0,0.0,0.7902097902097902,1.0,0.7902097902097902,0.905009603996816,1.0,0.905009603996816,2.3331050745135095e-12,0.0,0.9999999999976669,0.9438394525696279,1.0,0.9438394525696279,0.6597647116946418,1,human,3,1,0,1,1,0,0,1,1,3,2,non-human,out-of-fold,review,1.0
815721785,TheOfficialPBTH,female,1.0,0,1.0,0.6605504587155964,1.0,0.6605504587155964,0.24732941142252343,0.0,0.7526705885774766,8.993648496603105e-23,0.0,1.0,0.19619241122632516,0.0,0.8038075887736749,0.27601807034111125,0,non-human,3,0,0,1,0,1,1,1,1,3,2,human,out-of-fold,review,1.0
815721847,framebridgeinc,brand,1.0,0,0.0,0.9620253164556962,1.0,0.9620253164556962,0.5871835916348179,0.0,0.4128164083651821,0.8325957967128056,1.0,0.8325957967128056,0.5971982554167948,1.0,0.5971982554167948,0.7447507400550286,1,human,3,1,1,0,0,1,1,1,0,3,2,non-human,out-of-fold,review,1.0
815721922,KimberlyRules,brand,1.0,1,0.0,0.8709677419354839,1.0,0.8709677419354839,0.7043491739407484,1.0,0.7043491739407484,0.9999993347381287,1.0,0.9999993347381287,0.27112691768041935,0.0,0.7288730823195806,0.711610792073695,1,human,3,1,1,1,0,1,1,0,0,3,2,non-human,held-out candidate,review,1.0
815721991,HadTwpSports,brand,1.0,0,0.0,0.6774193548387096,1.0,0.6774193548387096,0.9137519642703771,1.0,0.9137519642703771,0.2923899720926529,0.0,0.7076100279073472,0.949177388835296,1.0,0.949177388835296,0.7081846700092589,1,human,3,1,0,1,1,0,0,1,1,3,2,non-human,out-of-fold,review,1.0
815722602,SteinbeckCenter,brand,1.0,0,0.0,0.927536231884058,1.0,0.927536231884058,0.7601085397029911,1.0,0.7601085397029911,1.0,1.0,1.0,0.25879902824700735,0.0,0.7412009717529926,0.7366109499585141,1,human,3,1,1,1,0,1,1,0,0,3,2,non-human,out-of-fold,review,1.0
815722638,EasyShift,brand,1.0,0,0.0,0.9666666666666667,1.0,0.9666666666666667,0.5799804962504392,0.0,0.42001950374956076,0.9558957675192337,1.0,0.9558957675192337,0.6277998766362451,1.0,0.6277998766362451,0.7825857017681461,1,human,3,1,1,0,0,1,1,1,0,3,2,non-human,out-of-fold,review,1.0
815722694,04_11_08,brand,1.0,0,0.0,0.9038461538461539,1.0,0.9038461538461539,0.6809109395076932,1.0,0.6809109395076932,5.969777019420552e-07,0.0,0.9999994030222981,0.8246573353317466,1.0,0.8246573353317466,0.6023537564158239,1,human,3,1,1,1,0,0,0,1,1,3,2,non-human,out-of-fold,review,1.0
815722714,undolock,brand,1.0,0,0.0,0.9038461538461539,1.0,0.9038461538461539,0.6580902027913768,1.0,0.6580902027913768,0.9999999409549165,1.0,0.9999999409549165,0.43780445908327476,0.0,0.5621955409167252,0.7499351891689304,1,human,3,1,1,1,0,1,1,0,0,3,2,non-human,out-of-fold,review,1.0
815722883,CardiffSkateCo,brand,1.0,0,0.0,0.3906810035842294,0.0,0.6093189964157706,0.9038138768187505,1.0,0.9038138768187505,1.0,1.0,1.0,0.6346982888007204,1.0,0.6346982888007204,0.7322982923009251,1,human,3,0,0,1,1,1,1,1,0,3,2,non-human,out-of-fold,review,1.0
815722946,JustIsFashion,brand,1.0,0,0.0,0.9326923076923077,1.0,0.9326923076923077,0.46544533451133296,0.0,0.534554665488667,0.9989681348478051,1.0,0.9989681348478051,0.7709107867902596,1.0,0.7709107867902596,0.7920041409604264,1,human,3,1,1,0,0,1,1,1,0,3,2,non-human,out-of-fold,review,1.0
815722957,VirginActiveUK,brand,1.0,0,0.0,0.9285714285714286,1.0,0.9285714285714286,0.6115404706554574,0.0,0.38845952934454264,0.5114407898796575,1.0,0.5114407898796575,0.9069681518981177,1.0,0.9069681518981177,0.7396302102511653,1,human,3,1,1,0,0,1,0,1,1,3,2,non-human,out-of-fold,review,1.0
815723037,My1Universe,brand,1.0,0,0.0,1.0,1.0,1.0,0.8175144618921011,1.0,0.8175144618921011,0.004421693555357599,0.0,0.9955783064446424,0.6588391318470821,1.0,0.6588391318470821,0.6201938218236351,1,human,3,1,1,1,1,0,0,1,0,3,2,non-human,out-of-fold,review,1.0
815723083,NHCUpdatesWW,brand,1.0,0,0.0,0.9743589743589743,1.0,0.9743589743589743,0.41588652424734646,0.0,0.5841134757526536,0.9999999990193373,1.0,0.9999999990193373,0.6059277325421849,1.0,0.6059277325421849,0.7490433075419608,1,human,3,1,1,0,0,1,1,1,0,3,2,non-human,out-of-fold,review,1.0
815723288,cprm013113,brand,1.0,0,0.0,0.625,1.0,0.625,0.8176114359599288,1.0,0.8176114359599288,0.0029197650050915816,0.0,0.9970802349949084,0.8505521251716934,1.0,0.8505521251716934,0.5740208315341785,1,human,3,1,0,1,1,0,0,1,1,3,2,non-human,out-of-fold,review,1.0
815723465,CactusJack166,brand,1.0,0,0.0,0.8666666666666667,1.0,0.8666666666666667,0.7043303524263244,1.0,0.7043303524263244,1.2038234533672975e-11,0.0,0.9999999999879617,0.8307120357270035,1.0,0.8307120357270035,0.6004272637080081,1,human,3,1,1,1,0,0,0,1,1,3,2,non-human,out-of-fold,review,1.0
815723556,sexysleepwear,female,1.0,0,1.0,0.6827586206896552,1.0,0.6827586206896552,0.6249876775814703,0.0,0.37501232241852966,0.0019710135790417956,0.0,0.9980289864209582,0.15846633116063066,0.0,0.8415336688393693,0.3670459107526995,0,non-human,3,0,0,1,0,1,1,1,1,3,2,human,out-of-fold,review,1.0
815723745,411wrestling,brand,1.0,0,0.0,0.9166666666666666,1.0,0.9166666666666666,0.713181841867687,1.0,0.713181841867687,0.9475395027886643,1.0,0.9475395027886643,0.32570056316483104,0.0,0.6742994368351689,0.7257721436219623,1,human,3,1,1,1,0,1,1,0,0,3,2,non-human,out-of-fold,review,1.0
815723762,AgnezMoFC_ID,brand,1.0,0,0.0,0.4722222222222222,0.0,0.5277777777777778,0.7525335409733948,1.0,0.7525335409733948,0.9871293838818597,1.0,0.9871293838818597,0.8311304428580619,1.0,0.8311304428580619,0.7607538974838846,1,human,3,0,0,1,0,1,1,1,1,3,2,non-human,out-of-fold,review,1.0
815724167,LolaandPenelope,brand,1.0,0,0.0,0.8130081300813008,1.0,0.8130081300813008,0.6702940662504367,1.0,0.6702940662504367,0.9995866488452729,1.0,0.9995866488452729,0.445482361560803,0.0,0.554517638439197,0.7320928016844535,1,human,3,1,1,1,0,1,1,0,0,3,2,non-human,out-of-fold,review,1.0
815724168,copiersolutions,brand,1.0,0,0.0,0.6629213483146067,1.0,0.6629213483146067,0.8129343982219219,1.0,0.8129343982219219,0.014367416822881035,0.0,0.985632583177119,0.8546566351121597,1.0,0.8546566351121597,0.5862199496178924,1,human,3,1,0,1,1,0,0,1,1,3,2,non-human,out-of-fold,review,1.0
815724173,The_Dude_Razor,brand,1.0,0,0.0,0.08,0.0,0.92,0.9092660563711722,1.0,0.9092660563711722,1.0,1.0,1.0,0.6531263514894122,1.0,0.6531263514894122,0.6605981019651461,1,human,3,0,0,1,1,1,1,1,0,3,2,non-human,out-of-fold,review,1.0
815724185,OlaSanya3,female,1.0,0,1.0,0.5764705882352941,1.0,0.5764705882352941,0.1792783021548066,0.0,0.8207216978451934,0.006083595723189173,0.0,0.9939164042768108,0.3471933301204236,0.0,0.6528066698795765,0.27725645405842836,0,non-human,3,0,0,1,1,1,1,1,0,3,2,human,out-of-fold,review,1.0
815724201,_savedinthecity,brand,1.0,0,0.0,0.5445544554455446,0.0,0.4554455445544554,0.7255588272151957,1.0,0.7255588272151957,0.9737974189008012,1.0,0.9737974189008012,0.8248314037808335,1.0,0.8248314037808335,0.7671855263355938,1,human,3,0,0,1,0,1,1,1,1,3,2,non-human,out-of-fold,review,1.0
815724213,stilllife4life,brand,1.0,0,0.0,0.5185185185185185,0.0,0.4814814814814815,0.7992771609582564,1.0,0.7992771609582564,0.8216756097594002,1.0,0.8216756097594002,0.8098735913640945,1.0,0.8098735913640945,0.7373362201500674,1,human,3,0,0,1,0,1,1,1,1,3,2,non-human,out-of-fold,review,1.0
815724259,Installite,brand,1.0,0,0.0,0.48134328358208955,0.0,0.5186567164179104,0.7942916569911255,1.0,0.7942916569911255,0.9653691641280026,1.0,0.9653691641280026,0.84978466707326,1.0,0.84978466707326,0.7726971929436194,1,human,3,0,0,1,0,1,1,1,1,3,2,non-human,out-of-fold,review,1.0
815724319,lindsaylynch,female,1.0,0,1.0,0.7580645161290323,1.0,0.7580645161290323,0.36123129415904814,0.0,0.6387687058409519,0.036203680425074686,0.0,0.9637963195749253,0.1250909592359395,0.0,0.8749090407640605,0.32014761248727364,0,non-human,3,0,0,1,0,1,1,1,1,3,2,human,out-of-fold,review,1.0
815724438,ThatJoshGuy05,brand,1.0,0,0.0,0.925,1.0,0.925,0.7792834951706176,1.0,0.7792834951706176,5.420545515123434e-06,0.0,0.9999945794544849,0.9468394315843444,1.0,0.9468394315843444,0.6627820868251193,1,human,3,1,1,1,0,0,0,1,1,3,2,non-human,out-of-fold,review,1.0
815724443,mlmnewsusa,male,1.0,0,1.0,0.2899786780383795,0.0,0.7100213219616205,0.6411084788035205,1.0,0.6411084788035205,0.1289340747114333,0.0,0.8710659252885666,0.10528367155830164,0.0,0.8947163284416983,0.29132622577790873,0,non-human,3,1,0,0,0,1,1,1,1,3,2,human,out-of-fold,review,1.0
815724691,TreatsTrinkets,brand,1.0,0,0.0,0.8130081300813008,1.0,0.8130081300813008,0.7572029141898451,1.0,0.7572029141898451,0.8908520611786628,1.0,0.8908520611786628,0.5382887345129245,0.0,0.46171126548707553,0.7498379599906833,1,human,3,1,1,1,0,1,1,0,0,3,2,non-human,out-of-fold,review,1.0
815724844,SkyBetChamp,brand,1.0,0,0.0,0.7164179104477612,1.0,0.7164179104477612,0.9127713393957669,1.0,0.9127713393957669,0.9999999999705764,1.0,0.9999999999705764,0.4701593449041034,0.0,0.5298406550958966,0.774837148679552,1,human,3,1,0,1,1,1,1,0,0,3,2,non-human,out-of-fold,review,1.0
815724925,TVnewsreligion,brand,1.0,0,0.0,0.7922077922077922,1.0,0.7922077922077922,0.8692270766349041,1.0,0.8692270766349041,0.007406707449188069,0.0,0.992593292550812,0.8603604391543574,1.0,0.8603604391543574,0.6323005038615604,1,human,3,1,0,1,1,0,0,1,1,3,2,non-human,out-of-fold,review,1.0
815724972,casadecampo,brand,1.0,0,0.0,0.48951048951048953,0.0,0.5104895104895104,0.7200293844454358,1.0,0.7200293844454358,0.9999998127255301,1.0,0.9999998127255301,0.8544320481901506,1.0,0.8544320481901506,0.7659929337179014,1,human,3,0,0,1,0,1,1,1,1,3,2,non-human,out-of-fold,review,1.0
815725147,233Hype,brand,1.0,0,0.0,0.25925925925925924,0.0,0.7407407407407407,0.7551634539438044,1.0,0.7551634539438044,1.0,1.0,1.0,0.8492556261401482,1.0,0.8492556261401482,0.7159195848358029,1,human,3,0,0,1,0,1,1,1,1,3,2,non-human,out-of-fold,review,1.0
815725173,powderballcp,brand,1.0,0,0.0,0.7931034482758621,1.0,0.7931034482758621,0.8498855799245365,1.0,0.8498855799245365,0.1582460294502364,0.0,0.8417539705497636,0.8459512031388206,1.0,0.8459512031388206,0.6617965651973639,1,human,3,1,0,1,1,0,0,1,1,3,2,non-human,out-of-fold,review,1.0
815725563,espn1300,brand,1.0,0,0.0,0.8,1.0,0.8,0.7605927080733731,1.0,0.7605927080733731,0.9999999946485048,1.0,0.9999999946485048,0.5370912128873977,0.0,0.4629087871126023,0.7744209789023189,1,human,3,1,1,1,0,1,1,0,0,3,2,non-human,out-of-fold,review,1.0
815725791,UnrealFitness,brand,1.0,0,0.0,0.2979865771812081,0.0,0.702013422818792,0.7500633257749537,1.0,0.7500633257749537,0.920248071329439,1.0,0.920248071329439,0.84070274188054,1.0,0.84070274188054,0.7022501790415352,1,human,3,0,0,1,0,1,1,1,1,3,2,non-human,out-of-fold,review,1.0
815726079,1034SunFM,brand,1.0,0,0.0,0.6827586206896552,1.0,0.6827586206896552,0.8416667521272408,1.0,0.8416667521272408,0.0034689257132331083,0.0,0.9965310742867669,0.8057459324690349,1.0,0.8057459324690349,0.583410057749791,1,human,3,1,0,1,1,0,0,1,1,3,2,non-human,out-of-fold,review,1.0
815726099,TennisAcademy01,brand,1.0,0,0.0,0.5502958579881657,0.0,0.4497041420118343,0.8475439223143338,1.0,0.8475439223143338,0.985465135238741,1.0,0.985465135238741,0.6408773740375923,1.0,0.6408773740375923,0.7560455723947082,1,human,3,0,0,1,1,1,1,1,0,3,2,non-human,out-of-fold,review,1.0
815726370,bluesatin,brand,1.0,0,0.0,0.6632653061224489,1.0,0.6632653061224489,0.8535253658413033,1.0,0.8535253658413033,0.14154272457096784,0.0,0.8584572754290322,0.9476753584708753,1.0,0.9476753584708753,0.6515021887513988,1,human,3,1,0,1,1,0,0,1,1,3,2,non-human,out-of-fold,review,1.0
815726549,weirdboo,female,1.0,0,1.0,0.19130434782608696,0.0,0.808695652173913,0.7657761688689028,1.0,0.7657761688689028,0.15655429087316988,0.0,0.8434457091268301,0.3264223035237685,0.0,0.6735776964762314,0.36001427777298206,0,non-human,3,1,1,0,0,1,1,1,0,3,2,human,out-of-fold,review,1.0
815726600,np_denis,male,1.0,0,1.0,0.19130434782608696,0.0,0.808695652173913,0.627281104103341,0.0,0.37271889589665896,0.02414856683249686,0.0,0.9758514331675031,0.7484733913739791,1.0,0.7484733913739791,0.397801852533976,0,non-human,3,1,1,1,0,1,1,0,0,3,2,human,out-of-fold,review,1.0
815726917,KDLOCountry,brand,1.0,0,0.0,0.3281853281853282,0.0,0.6718146718146718,0.8553792999333261,1.0,0.8553792999333261,0.9555057693933512,1.0,0.9555057693933512,0.5780037499808981,1.0,0.5780037499808981,0.6792685368732259,1,human,3,0,0,1,1,1,1,1,0,3,2,non-human,out-of-fold,review,1.0
815727095,RLSELFMADEBOSS,male,1.0,0,1.0,0.96,1.0,0.96,0.37371972843665585,0.0,0.6262802715633442,0.002643981470413048,0.0,0.997356018529587,0.10364074427597472,0.0,0.8963592557240253,0.3600011135457609,0,non-human,3,0,0,1,0,1,1,1,1,3,2,human,out-of-fold,review,1.0
815727203,dadofdivas,male,1.0,0,1.0,0.6605504587155964,1.0,0.6605504587155964,0.4036285234029971,0.0,0.596371476597003,0.002201207874742777,0.0,0.9977987921252572,0.1940112855859296,0.0,0.8059887144140704,0.31509786889481645,0,non-human,3,0,0,1,0,1,1,1,1,3,2,human,out-of-fold,review,1.0
815727322,northassoc,brand,1.0,0,0.0,0.9038461538461539,1.0,0.9038461538461539,0.6156319256094455,0.0,0.38436807439055454,0.999999999992351,1.0,0.999999999992351,0.6569879012036434,1.0,0.6569879012036434,0.7941164951628984,1,human,3,1,1,0,0,1,1,1,0,3,2,non-human,out-of-fold,review,1.0
815727920,NzMorningReport,brand,1.0,0,0.0,0.6632653061224489,1.0,0.6632653061224489,0.5559663995722216,0.0,0.4440336004277784,0.9550226029351679,1.0,0.9550226029351679,0.8150073482336992,1.0,0.8150073482336992,0.7473154142158844,1,human,3,1,0,0,0,1,1,1,1,3,2,non-human,out-of-fold,review,1.0
815727927,fdalawblog,brand,1.0,0,0.0,0.5263157894736842,0.0,0.4736842105263158,0.7623701354607489,1.0,0.7623701354607489,0.9999999999953886,1.0,0.9999999999953886,0.8635579491509283,1.0,0.8635579491509283,0.7880609685201875,1,human,3,0,0,1,0,1,1,1,1,3,2,non-human,out-of-fold,review,1.0
815728045,979ESPN,brand,1.0,0,0.0,0.46405228758169936,0.0,0.5359477124183006,1.0,1.0,1.0,0.5302540809779361,1.0,0.5302540809779361,0.8060823403434,1.0,0.8060823403434,0.7000971772257589,1,human,3,0,0,1,1,1,0,1,1,3,2,non-human,out-of-fold,review,1.0
815728286,SJ_Press,brand,1.0,0,0.0,0.3695652173913043,0.0,0.6304347826086957,0.7445236999814364,1.0,0.7445236999814364,0.9999999998177316,1.0,0.9999999998177316,0.8712071633101445,1.0,0.8712071633101445,0.7463240201251542,1,human,3,0,0,1,0,1,1,1,1,3,2,non-human,out-of-fold,review,1.0
815728365,PLTWMidwest,brand,1.0,0,0.0,0.96,1.0,0.96,0.908427153332314,1.0,0.908427153332314,0.2554994479173758,0.0,0.7445005520826242,0.775881774869283,1.0,0.775881774869283,0.7249520940297433,1,human,3,1,1,1,1,0,0,1,0,3,2,non-human,out-of-fold,review,1.0
815728552,FoxSportsRadio,brand,1.0,0,0.0,0.8372093023255814,1.0,0.8372093023255814,0.6565755345920277,1.0,0.6565755345920277,0.2175224523315048,0.0,0.7824775476684952,0.8893774537016466,1.0,0.8893774537016466,0.6501711857376902,1,human,3,1,1,1,0,0,0,1,1,3,2,non-human,out-of-fold,review,1.0
815728749,newyorkcelebs,brand,1.0,0,0.0,0.41304347826086957,0.0,0.5869565217391304,0.8125511016684929,1.0,0.8125511016684929,0.41888073928544,1.0,0.41888073928544,0.8502247288819765,1.0,0.8502247288819765,0.6236750120241947,1,human,3,0,0,1,1,1,0,1,1,3,2,non-human,out-of-fold,review,1.0
815728752,ItCouldBe_you,brand,1.0,0,0.0,0.3665338645418327,0.0,0.6334661354581673,0.6986285514083326,1.0,0.6986285514083326,0.8869498902287603,1.0,0.8869498902287603,0.8616108545729668,1.0,0.8616108545729668,0.703430790187973,1,human,3,0,0,1,0,1,1,1,1,3,2,non-human,out-of-fold,review,1.0
815728960,handmade,brand,1.0,0,0.0,0.24953789279112754,0.0,0.7504621072088724,0.6829293818214865,1.0,0.6829293818214865,0.9999999999937401,1.0,0.9999999999937401,0.8633465915268018,1.0,0.8633465915268018,0.698953466533289,1,human,3,0,0,1,0,1,1,1,1,3,2,non-human,out-of-fold,review,1.0
815729134,ReclaimFeminine,brand,1.0,0,0.0,0.2979865771812081,0.0,0.702013422818792,0.8027769731464355,1.0,0.8027769731464355,0.9992745166956088,1.0,0.9992745166956088,0.7122920750841255,1.0,0.7122920750841255,0.7030825355268444,1,human,3,0,0,1,1,1,1,1,0,3,2,non-human,out-of-fold,review,1.0
815729298,MidnightGolf,brand,1.0,0,0.0,0.9220338983050848,1.0,0.9220338983050848,0.5427179425013524,0.0,0.4572820574986476,0.8652724029562341,1.0,0.8652724029562341,0.7053575748538747,1.0,0.7053575748538747,0.7588454546541366,1,human,3,1,1,0,0,1,1,1,0,3,2,non-human,out-of-fold,review,1.0
815729377,AC_library,brand,1.0,0,0.0,0.8,1.0,0.8,0.7582592751095562,1.0,0.7582592751095562,0.9641853192507992,1.0,0.9641853192507992,0.46244255141738055,0.0,0.5375574485826194,0.7462217864444339,1,human,3,1,1,1,0,1,1,0,0,3,2,non-human,out-of-fold,review,1.0
815729605,litlgib,male,1.0,0,1.0,0.59375,1.0,0.59375,0.4961138406161068,0.0,0.5038861593838933,4.276201478536071e-65,0.0,1.0,0.18214327970346314,0.0,0.8178567202965369,0.3180017800798925,0,non-human,3,0,0,1,0,1,1,1,1,3,2,human,out-of-fold,review,1.0
815729700,WHMorpeth,brand,1.0,0,0.0,0.7727272727272727,1.0,0.7727272727272727,0.8150637110246948,1.0,0.8150637110246948,0.9692195154330779,1.0,0.9692195154330779,0.4828487747614205,0.0,0.5171512252385795,0.7599648184866165,1,human,3,1,0,1,1,1,1,0,0,3,2,non-human,out-of-fold,review,1.0
815729810,APFCHomeCare,brand,1.0,0,0.0,0.3906810035842294,0.0,0.6093189964157706,0.8639921232924955,1.0,0.8639921232924955,0.8981060624542475,1.0,0.8981060624542475,0.7043725931590874,1.0,0.7043725931590874,0.714287945622515,1,human,3,0,0,1,1,1,1,1,0,3,2,non-human,out-of-fold,review,1.0
815729869,KRRV,brand,1.0,0,0.0,0.8130081300813008,1.0,0.8130081300813008,0.8547351643664892,1.0,0.8547351643664892,0.2389521706795445,0.0,0.7610478293204554,0.6358648784435005,1.0,0.6358648784435005,0.6356400858927087,1,human,3,1,1,1,1,0,0,1,0,3,2,non-human,out-of-fold,review,1.0
815729876,Reddit_Xbox_One,brand,1.0,0,0.0,0.7532467532467533,1.0,0.7532467532467533,0.23665931205273813,0.0,0.7633406879472618,0.9999630577454057,1.0,0.9999630577454057,0.8067772647377817,1.0,0.8067772647377817,0.6991615969456697,1,human,3,1,0,0,0,1,1,1,1,3,2,non-human,out-of-fold,review,1.0
815730319,BeFitNow76,brand,1.0,0,0.0,0.9931506849315068,1.0,0.9931506849315068,0.6723406538711457,1.0,0.6723406538711457,0.28466613953675374,0.0,0.7153338604632462,0.950439084738192,1.0,0.950439084738192,0.7251491407693995,1,human,3,1,1,1,0,0,0,1,1,3,2,non-human,out-of-fold,review,1.0
815730515,PEMA591,brand,1.0,0,0.0,0.5185185185185185,0.0,0.4814814814814815,0.9117171615523846,1.0,0.9117171615523846,0.38834060913471263,1.0,0.38834060913471263,0.8182730672236586,1.0,0.8182730672236586,0.6592123391073186,1,human,3,0,0,1,1,1,0,1,1,3,2,non-human,out-of-fold,review,1.0
815730569,_SARAnade,female,1.0,0,1.0,0.6629213483146067,1.0,0.6629213483146067,0.21346689973562782,0.0,0.7865331002643722,4.356656599506124e-22,0.0,1.0,0.15710178696137417,0.0,0.8428982130386258,0.2583725087529022,0,non-human,3,0,0,1,0,1,1,1,1,3,2,human,out-of-fold,review,1.0
815731095,2DBBQ,brand,1.0,0,0.0,0.7988505747126436,1.0,0.7988505747126436,0.9217142363787124,1.0,0.9217142363787124,0.012298328711139086,0.0,0.9877016712888609,0.8249967968198347,1.0,0.8249967968198347,0.6394649841555825,1,human,3,1,0,1,1,0,0,1,1,3,2,non-human,out-of-fold,review,1.0
815731204,MarshmallowStan,male,1.0,0,1.0,0.15151515151515152,0.0,0.8484848484848485,0.4291405026571877,0.0,0.5708594973428123,0.024645555077891793,0.0,0.9753544449221082,0.5965196296916683,1.0,0.5965196296916683,0.3004552097354748,0,non-human,3,1,1,1,0,1,1,0,0,3,2,human,out-of-fold,review,1.0
815731281,myhermes,brand,1.0,0,0.0,0.7881944444444444,1.0,0.7881944444444444,0.8096587393795006,1.0,0.8096587393795006,0.06081474556373679,0.0,0.9391852544362632,0.9004844044161796,1.0,0.9004844044161796,0.6397880834509654,1,human,3,1,0,1,1,0,0,1,1,3,2,non-human,out-of-fold,review,1.0
815731285,o_liveco,brand,1.0,0,0.0,0.8565891472868217,1.0,0.8565891472868217,0.5680815383270478,0.0,0.4319184616729522,0.8573442092086654,1.0,0.8573442092086654,0.5914919518858429,1.0,0.5914919518858429,0.7183767116770945,1,human,3,1,1,0,0,1,1,1,0,3,2,non-human,out-of-fold,review,1.0
815731605,FCC_Totnes,brand,1.0,0,0.0,0.7352941176470589,1.0,0.7352941176470589,0.8039875470260209,1.0,0.8039875470260209,0.9999999999994174,1.0,0.9999999999994174,0.24978382314182856,0.0,0.7502161768581714,0.6972663719535814,1,human,3,1,0,1,1,1,1,0,0,3,2,non-human,out-of-fold,review,1.0
815731822,Haunted_Getaway,brand,1.0,0,0.0,1.0,1.0,1.0,0.6627987207321718,1.0,0.6627987207321718,0.06725414893336394,0.0,0.9327458510666361,0.8356963905515763,1.0,0.8356963905515763,0.641437315054278,1,human,3,1,1,1,0,0,0,1,1,3,2,non-human,out-of-fold,review,1.0
815732027,iFayaz,male,1.0,0,1.0,0.7058823529411765,1.0,0.7058823529411765,0.23552595286105799,0.0,0.764474047138942,3.741562005224871e-90,0.0,1.0,0.13723659655815285,0.0,0.8627634034418472,0.2696612255900968,0,non-human,3,0,0,1,0,1,1,1,1,3,2,human,out-of-fold,review,1.0
815732049,WalFarmMkt,brand,1.0,0,0.0,0.4883720930232558,0.0,0.5116279069767442,0.809872654669044,1.0,0.809872654669044,0.9999985532130345,1.0,0.9999985532130345,0.6095977509514313,1.0,0.6095977509514313,0.7269602629641914,1,human,3,0,0,1,1,1,1,1,0,3,2,non-human,out-of-fold,review,1.0
815732074,OMGFactsTECH,brand,1.0,0,0.0,1.0,1.0,1.0,0.8673532760759647,1.0,0.8673532760759647,0.6540253091485732,1.0,0.6540253091485732,0.4286090142972042,0.0,0.5713909857027958,0.7374968998804355,1,human,3,1,1,1,1,1,0,0,0,3,2,non-human,out-of-fold,review,1.0
815732168,Vinzeal,brand,1.0,0,0.0,0.6630434782608695,1.0,0.6630434782608695,0.805335106325548,1.0,0.805335106325548,0.9587894966833376,1.0,0.9587894966833376,0.37542714152089124,0.0,0.6245728584791088,0.7006488056976615,1,human,3,1,0,1,1,1,1,0,0,3,2,non-human,out-of-fold,review,1.0
815732299,CrabSmutPeddler,brand,1.0,0,0.0,0.963882618510158,1.0,0.963882618510158,0.7189662914510849,1.0,0.7189662914510849,0.035644309088815114,0.0,0.9643556909111849,0.9417088012999252,1.0,0.9417088012999252,0.6650505050874959,1,human,3,1,1,1,0,0,0,1,1,3,2,non-human,out-of-fold,review,1.0
815732448,SustainableUKY,brand,1.0,0,0.0,0.6875,1.0,0.6875,0.9094447690525235,1.0,0.9094447690525235,0.14841377297911276,0.0,0.8515862270208873,0.8996643839431995,1.0,0.8996643839431995,0.661255731493709,1,human,3,1,0,1,1,0,0,1,1,3,2,non-human,out-of-fold,review,1.0
815732468,CoachMultiMedia,female,1.0,0,1.0,0.0,0.0,1.0,0.6585952795521174,1.0,0.6585952795521174,0.031490405997675205,0.0,0.9685095940023248,0.2524486557343803,0.0,0.7475513442656196,0.23563358532104323,0,non-human,3,1,1,0,0,1,1,1,0,3,2,human,out-of-fold,review,1.0
815732484,IndHeat,brand,1.0,0,0.0,0.20987654320987653,0.0,0.7901234567901234,0.8367104788148727,1.0,0.8367104788148727,0.9999999999855049,1.0,0.9999999999855049,0.5864390241753256,1.0,0.5864390241753256,0.658256511546395,1,human,3,0,0,1,1,1,1,1,0,3,2,non-human,out-of-fold,review,1.0
815732518,HireVueSales,brand,1.0,0,0.0,0.3665338645418327,0.0,0.6334661354581673,0.8068622038244473,1.0,0.8068622038244473,0.9999658335973531,1.0,0.9999658335973531,0.6731373467649143,1.0,0.6731373467649143,0.7116248121821369,1,human,3,0,0,1,1,1,1,1,0,3,2,non-human,out-of-fold,review,1.0
815732730,EnjellaFairy,brand,1.0,0,0.0,0.8095238095238095,1.0,0.8095238095238095,0.7182336828753385,1.0,0.7182336828753385,0.8793075793939845,1.0,0.8793075793939845,0.35163815265891346,0.0,0.6483618473410866,0.6896758061130115,1,human,3,1,1,1,0,1,1,0,0,3,2,non-human,out-of-fold,review,1.0
815732863,hass67,male,1.0,0,1.0,0.7297297297297297,1.0,0.7297297297297297,0.4630420796607451,0.0,0.5369579203392549,5.451954893434241e-07,0.0,0.9999994548045107,0.11579863478748685,0.0,0.8842013652125131,0.3271427473433628,0,non-human,3,0,0,1,0,1,1,1,1,3,2,human,out-of-fold,review,1.0
815732902,scgovLibrary,brand,1.0,0,0.0,0.9083333333333333,1.0,0.9083333333333333,0.5228075536695135,0.0,0.4771924463304865,0.9762020465621659,1.0,0.9762020465621659,0.6241286655366639,1.0,0.6241286655366639,0.7578678997754191,1,human,3,1,1,0,0,1,1,1,0,3,2,non-human,out-of-fold,review,1.0
815732924,HEMPxxx,brand,1.0,0,0.0,0.8031496062992126,1.0,0.8031496062992126,0.4908515593374086,0.0,0.5091484406625915,0.8679364202603099,1.0,0.8679364202603099,0.7289800451333837,1.0,0.7289800451333837,0.7227294077575787,1,human,3,1,1,0,0,1,1,1,0,3,2,non-human,out-of-fold,review,1.0
815733107,quirkbooks,brand,1.0,0,0.0,0.2391304347826087,0.0,0.7608695652173914,0.9076797512810446,1.0,0.9076797512810446,0.3626686294065975,1.0,0.3626686294065975,0.8785723291310071,1.0,0.8785723291310071,0.5970127861503145,1,human,3,0,0,1,1,1,0,1,1,3,2,non-human,out-of-fold,review,1.0
815733327,Ilusional_COD,brand,1.0,0,0.0,0.92,1.0,0.92,0.7694074501833243,1.0,0.7694074501833243,0.15486269346239115,0.0,0.8451373065376089,0.8991578318508108,1.0,0.8991578318508108,0.6858569938741316,1,human,3,1,1,1,0,0,0,1,1,3,2,non-human,out-of-fold,review,1.0
815733603,ultimateoffer,brand,1.0,0,0.0,0.8666666666666667,1.0,0.8666666666666667,0.6480245806423222,1.0,0.6480245806423222,0.0013108161919965918,0.0,0.9986891838080034,0.9203279220199309,1.0,0.9203279220199309,0.609082496380229,1,human,3,1,1,1,0,0,0,1,1,3,2,non-human,out-of-fold,review,1.0
815733694,SelfInc4U,female,1.0,0,1.0,0.5735294117647058,1.0,0.5735294117647058,0.4123349228761891,0.0,0.5876650771238109,0.03634815721111603,0.0,0.9636518427888839,0.11807161376961114,0.0,0.8819283862303888,0.28507102640540555,0,non-human,3,0,0,1,0,1,1,1,1,3,2,human,out-of-fold,review,1.0
815733727,CafeBakerAP,brand,1.0,0,0.0,0.6875,1.0,0.6875,0.8535326573084859,1.0,0.8535326573084859,0.023724117445434578,0.0,0.9762758825545654,0.8061649779188615,1.0,0.8061649779188615,0.5927304381681955,1,human,3,1,0,1,1,0,0,1,1,3,2,non-human,out-of-fold,review,1.0
815733999,FYSuccess,brand,1.0,0,0.0,0.918918918918919,1.0,0.918918918918919,0.5384837637675515,0.0,0.46151623623244853,0.9686063190136766,1.0,0.9686063190136766,0.6958198396186452,1.0,0.6958198396186452,0.7804572103296981,1,human,3,1,1,0,0,1,1,1,0,3,2,non-human,out-of-fold,review,1.0
815734090,ShortAndCrunch,brand,1.0,0,0.0,0.6153846153846154,1.0,0.6153846153846154,0.8205150718058108,1.0,0.8205150718058108,0.9999660730217887,1.0,0.9999660730217887,0.3477800312997869,0.0,0.652219968700213,0.6959114478780005,1,human,3,1,0,1,1,1,1,0,0,3,2,non-human,out-of-fold,review,1.0
815734210,Table6Denver,brand,1.0,0,0.0,0.7281553398058253,1.0,0.7281553398058253,0.9589947295175424,1.0,0.9589947295175424,0.042399787640991296,0.0,0.9576002123590087,0.9093658265324763,1.0,0.9093658265324763,0.6597289208742089,1,human,3,1,0,1,1,0,0,1,1,3,2,non-human,out-of-fold,review,1.0
815734433,StockPVD,brand,1.0,0,0.0,0.3665338645418327,0.0,0.6334661354581673,0.9088415410707715,1.0,0.9088415410707715,0.999999909580542,1.0,0.999999909580542,0.5800514873039123,1.0,0.5800514873039123,0.7138567006242647,1,human,3,0,0,1,1,1,1,1,0,3,2,non-human,out-of-fold,review,1.0
815734437,KathNielsGlobal,brand,1.0,0,0.0,0.896551724137931,1.0,0.896551724137931,0.653283038381924,1.0,0.653283038381924,0.9999999999999503,1.0,0.9999999999999503,0.5365036682508588,0.0,0.4634963317491412,0.771584607692666,1,human,3,1,1,1,0,1,1,0,0,3,2,non-human,out-of-fold,review,1.0
815734633,SofaDesign1,brand,1.0,0,0.0,0.8095238095238095,1.0,0.8095238095238095,0.4046304322321644,0.0,0.5953695677678357,0.6493059349667955,1.0,0.6493059349667955,0.8809274574591596,1.0,0.8809274574591596,0.6860969085454822,1,human,3,1,1,0,0,1,0,1,1,3,2,non-human,out-of-fold,review,1.0
815734639,GistReel,brand,1.0,0,0.0,0.37866666666666665,0.0,0.6213333333333333,0.7209947401199832,1.0,0.7209947401199832,1.0,1.0,1.0,0.8168919752083295,1.0,0.8168919752083295,0.7291383454987448,1,human,3,0,0,1,0,1,1,1,1,3,2,non-human,out-of-fold,review,1.0
815734670,busboysandpoets,brand,1.0,0,0.0,0.5365853658536586,0.0,0.46341463414634143,0.676567542628742,1.0,0.676567542628742,0.9358581655344603,1.0,0.9358581655344603,0.8338159597327529,1.0,0.8338159597327529,0.7457067584374034,1,human,3,0,0,1,0,1,1,1,1,3,2,non-human,out-of-fold,review,1.0
815734767,6ONE9CLOTHING,brand,1.0,0,0.0,0.38571428571428573,0.0,0.6142857142857143,0.8999892447424606,1.0,0.8999892447424606,0.43355662779829157,1.0,0.43355662779829157,0.9383802257467347,1.0,0.9383802257467347,0.6644100960004432,1,human,3,0,0,1,1,1,0,1,1,3,2,non-human,out-of-fold,review,1.0
815735371,FarehamNetwork,brand,1.0,0,0.0,0.7692307692307693,1.0,0.7692307692307693,0.8648017599966457,1.0,0.8648017599966457,0.18324935652063573,0.0,0.8167506434793643,0.9715505902185393,1.0,0.9715505902185393,0.6972081189916475,1,human,3,1,0,1,1,0,0,1,1,3,2,non-human,out-of-fold,review,1.0
815735451,redhatmobile,brand,1.0,0,0.0,0.5502958579881657,0.0,0.4497041420118343,0.8200674781387739,1.0,0.8200674781387739,0.9389266025894082,1.0,0.9389266025894082,0.7389257818712559,1.0,0.7389257818712559,0.7620539301469009,1,human,3,0,0,1,1,1,1,1,0,3,2,non-human,out-of-fold,review,1.0
815735534,StudioConnect13,brand,1.0,0,0.0,0.8333333333333334,1.0,0.8333333333333334,0.7788706614636639,1.0,0.7788706614636639,0.006520386372109708,0.0,0.9934796136278903,0.874984225907937,1.0,0.874984225907937,0.623427151769261,1,human,3,1,1,1,0,0,0,1,1,3,2,non-human,out-of-fold,review,1.0
815735763,CT4Schools,brand,1.0,0,0.0,1.0,1.0,1.0,0.662577188824466,1.0,0.662577188824466,0.029650817788744746,0.0,0.9703491822112552,0.8163691190211928,1.0,0.8163691190211928,0.6271492814086008,1,human,3,1,1,1,0,0,0,1,1,3,2,non-human,out-of-fold,review,1.0
815735963,JaneCalladine1,brand,1.0,0,0.0,0.3123644251626898,0.0,0.6876355748373102,0.821431694342749,1.0,0.821431694342749,0.9999999999759019,1.0,0.9999999999759019,0.7903022262874602,1.0,0.7903022262874602,0.7310245864422003,1,human,3,0,0,1,1,1,1,1,0,3,2,non-human,out-of-fold,review,1.0
815736123,p3ggyxxxhot,female,1.0,0,1.0,0.5764705882352941,1.0,0.5764705882352941,0.24418767409463832,0.0,0.7558123259053617,0.01316124507250798,0.0,0.9868387549274921,0.11760236344508786,0.0,0.8823976365549121,0.23785546771188204,0,non-human,3,0,0,1,0,1,1,1,1,3,2,human,out-of-fold,review,1.0
815736294,_sosensational,brand,1.0,0,0.0,0.39814814814814814,0.0,0.6018518518518519,0.8114252877486849,1.0,0.8114252877486849,0.955061952976275,1.0,0.955061952976275,0.7284415095314624,1.0,0.7284415095314624,0.7232692246011426,1,human,3,0,0,1,1,1,1,1,0,3,2,non-human,out-of-fold,review,1.0
815736427,ThePhatStartup,brand,1.0,0,0.0,0.9484536082474226,1.0,0.9484536082474226,0.6181252348262638,0.0,0.3818747651737362,0.954065062722854,1.0,0.954065062722854,0.5517403911299467,1.0,0.5517403911299467,0.7680960742316219,1,human,3,1,1,0,0,1,1,1,0,3,2,non-human,out-of-fold,review,1.0
815736503,foodforsoul316,brand,1.0,0,0.0,0.90625,1.0,0.90625,0.5314013168433963,0.0,0.4685986831566037,0.41938919552132276,1.0,0.41938919552132276,0.8134172585671874,1.0,0.8134172585671874,0.6676144427329765,1,human,3,1,1,0,0,1,0,1,1,3,2,non-human,out-of-fold,review,1.0
815736550,TheGameColumbus,brand,1.0,0,0.0,1.0,1.0,1.0,0.7833672219707035,1.0,0.7833672219707035,0.9999946530943569,1.0,0.9999946530943569,0.5105665186087833,0.0,0.4894334813912167,0.823482098418461,1,human,3,1,1,1,0,1,1,0,0,3,2,non-human,out-of-fold,review,1.0
815736747,Shailesh1209,male,1.0,0,1.0,0.175,0.0,0.825,0.5790103342073677,0.0,0.4209896657926323,0.0004971077307407275,0.0,0.9995028922692593,0.797175307146128,1.0,0.797175307146128,0.3879206872710591,0,non-human,3,1,1,1,0,1,1,0,0,3,2,human,out-of-fold,review,1.0
815736778,MattRX75,brand,1.0,0,0.0,0.9375,1.0,0.9375,0.8058738678945488,1.0,0.8058738678945488,0.12697392302860816,0.0,0.8730260769713918,0.5715711988400223,1.0,0.5715711988400223,0.6104797474407948,1,human,3,1,1,1,1,0,0,1,0,3,2,non-human,out-of-fold,review,1.0
815736851,C3ASARE,male,1.0,0,1.0,0.49047619047619045,0.0,0.5095238095238095,0.1890237754696325,0.0,0.8109762245303676,0.00017121508713515622,0.0,0.9998287849128649,0.6297975342464764,1.0,0.6297975342464764,0.32736717881985866,0,non-human,3,1,0,1,1,1,1,0,0,3,2,human,out-of-fold,review,1.0
815736994,CNTRCTK77R,brand,1.0,0,0.0,0.5365853658536586,0.0,0.46341463414634143,0.7559591885207986,1.0,0.7559591885207986,0.9185666482107412,1.0,0.9185666482107412,0.9358222592749442,1.0,0.9358222592749442,0.7867333654650356,1,human,3,0,0,1,0,1,1,1,1,3,2,non-human,out-of-fold,review,1.0
815737145,RedditEngineer,brand,1.0,0,0.0,1.0,1.0,1.0,0.3361004448665866,0.0,0.6638995551334135,0.9999994974979974,1.0,0.9999994974979974,0.773011448189932,1.0,0.773011448189932,0.7772778476386291,1,human,3,1,1,0,0,1,1,1,0,3,2,non-human,out-of-fold,review,1.0
815737270,Powerborne,brand,1.0,0,0.0,0.47540983606557374,0.0,0.5245901639344263,0.8135977847034487,1.0,0.8135977847034487,0.9891658413403264,1.0,0.9891658413403264,0.7259706033722438,1.0,0.7259706033722438,0.7510360163703982,1,human,3,0,0,1,1,1,1,1,0,3,2,non-human,out-of-fold,review,1.0
815737417,MiltonSpringers,brand,1.0,0,0.0,1.0,1.0,1.0,0.7751678667790383,1.0,0.7751678667790383,0.9999999999668105,1.0,0.9999999999668105,0.5379388196655974,0.0,0.4620611803344026,0.8282766716028616,1,human,3,1,1,1,0,1,1,0,0,3,2,non-human,out-of-fold,review,1.0
815737457,CoburnDirk,brand,1.0,1,0.0,0.8620689655172413,1.0,0.8620689655172413,0.8418384603336029,1.0,0.8418384603336029,1.948677207430031e-05,0.0,0.9999805132279257,0.5873382392763061,1.0,0.5873382392763061,0.5728162879748061,1,human,3,1,1,1,1,0,0,1,0,3,2,non-human,held-out candidate,review,1.0
815737463,Abbsewing,brand,1.0,0,0.0,0.2979865771812081,0.0,0.702013422818792,0.7076988543975959,1.0,0.7076988543975959,0.9649727898888396,1.0,0.9649727898888396,0.865179867432939,1.0,0.865179867432939,0.7089595222251457,1,human,3,0,0,1,0,1,1,1,1,3,2,non-human,out-of-fold,review,1.0
815737550,CHVRCHESUK,brand,1.0,0,0.0,0.5445544554455446,0.0,0.4554455445544554,0.8706981523492175,1.0,0.8706981523492175,0.999999999999929,1.0,0.999999999999929,0.7734223551793421,1.0,0.7734223551793421,0.7971687407435083,1,human,3,0,0,1,1,1,1,1,0,3,2,non-human,out-of-fold,review,1.0
815737700,smuFanguide,brand,1.0,0,0.0,0.475,0.0,0.525,0.8095494953576176,1.0,0.8095494953576176,0.8484848196247162,1.0,0.8484848196247162,0.5858530230603772,1.0,0.5858530230603772,0.6797218345106778,1,human,3,0,0,1,1,1,1,1,0,3,2,non-human,out-of-fold,review,1.0
815738016,education_us,brand,1.0,0,0.0,1.0,1.0,1.0,0.5334631534562656,0.0,0.4665368465437344,0.8456067635028969,1.0,0.8456067635028969,0.7808676887636781,1.0,0.7808676887636781,0.7899844014307102,1,human,3,1,1,0,0,1,1,1,0,3,2,non-human,out-of-fold,review,1.0
815738091,chayacare,brand,1.0,0,0.0,0.37866666666666665,0.0,0.6213333333333333,0.7976812451567261,1.0,0.7976812451567261,0.9999826458906317,1.0,0.9999826458906317,0.8237165104538438,1.0,0.8237165104538438,0.750011767041967,1,human,3,0,0,1,0,1,1,1,1,3,2,non-human,out-of-fold,review,1.0
815738177,IUNewsTalk,brand,1.0,0,0.0,0.86,1.0,0.86,0.6604097844816966,1.0,0.6604097844816966,0.11630916547354975,0.0,0.8836908345264503,0.8830145453301944,1.0,0.8830145453301944,0.6299333738213602,1,human,3,1,1,1,0,0,0,1,1,3,2,non-human,out-of-fold,review,1.0
815738760,LTA_Missions,brand,1.0,0,0.0,0.90625,1.0,0.90625,0.7150878924767315,1.0,0.7150878924767315,0.9996862511032611,1.0,0.9996862511032611,0.4693643141172859,0.0,0.5306356858827141,0.7725971144243197,1,human,3,1,1,1,0,1,1,0,0,3,2,non-human,out-of-fold,review,1.0
815738932,Twinsietalk,brand,1.0,0,0.0,0.8095238095238095,1.0,0.8095238095238095,0.5711186065003613,0.0,0.4288813934996387,0.822842480702492,1.0,0.822842480702492,0.7311006364714933,1.0,0.7311006364714933,0.733646383299539,1,human,3,1,1,0,0,1,1,1,0,3,2,non-human,out-of-fold,review,1.0
815738947,SecurClassified,brand,1.0,0,0.0,0.7321428571428571,1.0,0.7321428571428571,0.8588376241559581,1.0,0.8588376241559581,0.032470622085334334,0.0,0.9675293779146656,0.8556456280383561,1.0,0.8556456280383561,0.6197741828556264,1,human,3,1,0,1,1,0,0,1,1,3,2,non-human,out-of-fold,review,1.0
815739566,DunkDepartment,brand,1.0,0,0.0,0.5102040816326531,0.0,0.4897959183673469,0.7545619194019166,1.0,0.7545619194019166,0.9763646969261499,1.0,0.9763646969261499,0.8792338653735547,1.0,0.8792338653735547,0.7800911408335686,1,human,3,0,0,1,0,1,1,1,1,3,2,non-human,out-of-fold,review,1.0
815737411,NeerioJinx,brand,0.3354,0,0.0,0.8723404255319149,1.0,0.8723404255319149,0.760933463387944,1.0,0.760933463387944,0.7921309637745853,1.0,0.7921309637745853,0.7175261242440811,1.0,0.7175261242440811,0.7857327442346314,1,human,4,1,1,1,0,1,0,1,0,4,1,non-human,held-out candidate,review,0.3354
815731821,Gabethevegan,brand,0.3378,0,0.0,0.7719298245614035,1.0,0.7719298245614035,0.7743024470216976,1.0,0.7743024470216976,0.7899160498917404,1.0,0.7899160498917404,0.8777797526865588,1.0,0.8777797526865588,0.8034820185403501,1,human,4,1,0,1,0,1,0,1,1,4,1,non-human,held-out candidate,review,0.3378
815730707,turboreading,male,0.3448,0,1.0,0.2978723404255319,0.0,0.7021276595744681,0.5246542408495405,0.0,0.4753457591504595,0.014517199314379094,0.0,0.9854828006856209,0.43617640673257346,0.0,0.5638235932674265,0.31830504683050626,0,non-human,4,1,0,1,0,1,1,1,0,4,1,human,held-out candidate,review,0.3448
815738396,Zuzuz_Petalz,female,0.346,0,1.0,0.375,0.0,0.625,0.5588059558076044,0.0,0.4411940441923956,0.003967986064516155,0.0,0.9960320139354838,0.34655667561601483,0.0,0.6534433243839852,0.32108265437203387,0,non-human,4,1,0,1,0,1,1,1,0,4,1,human,held-out candidate,review,0.346
815729273,BokuNoGio,brand,0.3463,0,0.0,0.7163120567375887,1.0,0.7163120567375887,0.7380061921487906,1.0,0.7380061921487906,0.999978482635484,1.0,0.999978482635484,0.6829449700921018,1.0,0.6829449700921018,0.7843104254034913,1,human,4,1,0,1,0,1,1,1,0,4,1,non-human,held-out candidate,review,0.3463
815720816,ZeroMkay_,brand,0.3472,0,0.0,0.8087431693989071,1.0,0.8087431693989071,0.7184526988820692,1.0,0.7184526988820692,0.39794619143504534,1.0,0.39794619143504534,0.6938137272205831,1.0,0.6938137272205831,0.6547389467341511,1,human,4,1,1,1,0,1,0,1,0,4,1,non-human,held-out candidate,review,0.3472
815724598,Mrs_SamusAran,brand,0.3478,0,0.0,1.0,1.0,1.0,0.6620691047296626,1.0,0.6620691047296626,0.6030856421910076,1.0,0.6030856421910076,0.5950604689034416,1.0,0.5950604689034416,0.7150538039560279,1,human,4,1,1,1,0,1,0,1,0,4,1,non-human,held-out candidate,review,0.3478
815734227,oxo6,brand,0.3487,0,0.0,0.65,1.0,0.65,0.6349104080317846,1.0,0.6349104080317846,0.8218729584388121,1.0,0.8218729584388121,0.6308082808479852,1.0,0.6308082808479852,0.6843979118296455,1,human,4,1,0,1,0,1,1,1,0,4,1,non-human,held-out candidate,review,0.3487
815731749,NathanVarner,brand,0.6336,0,0.0,0.7163120567375887,1.0,0.7163120567375887,0.7442574760608538,1.0,0.7442574760608538,0.9275273542234362,1.0,0.9275273542234362,0.5918327372926735,1.0,0.5918327372926735,0.7449824060786381,1,human,4,1,0,1,0,1,1,1,0,4,1,non-human,held-out candidate,review,0.6336
815729391,shearerphotovid,male,0.635,0,1.0,0.2978723404255319,0.0,0.7021276595744681,0.4798616439675485,0.0,0.5201383560324515,4.5382945424805e-21,0.0,1.0,0.39576617572522427,0.0,0.6042338242747758,0.29337504002957615,0,non-human,4,1,0,1,0,1,1,1,0,4,1,human,held-out candidate,review,0.635
815737711,samuraiempress,female,0.6394,0,1.0,0.4,0.0,0.6,0.37620958739070964,0.0,0.6237904126092904,8.301919636260942e-07,0.0,0.9999991698080364,0.20888218723115415,0.0,0.7911178127688459,0.24627315120345686,0,non-human,4,1,0,1,0,1,1,1,0,4,1,human,held-out candidate,review,0.6394
815719382,RoastmeisterLLC,male,0.6399,0,1.0,0.2978723404255319,0.0,0.7021276595744681,0.5234339065148378,0.0,0.4765660934851622,0.0002616117755857913,0.0,0.9997383882244142,0.3318105573505417,0.0,0.6681894426494583,0.2883446040166243,0,non-human,4,1,0,1,0,1,1,1,0,4,1,human,held-out candidate,review,0.6399
815737684,mitraalice,female,0.6439,0,1.0,0.2346368715083799,0.0,0.7653631284916201,0.4999924334217976,0.0,0.5000075665782024,0.005190884451514566,0.0,0.9948091155484854,0.24585729080478186,0.0,0.7541427091952182,0.2464193700466185,0,non-human,4,1,0,1,0,1,1,1,0,4,1,human,held-out candidate,review,0.6439
815721102,itsDeedles,female,0.6444,0,1.0,0.5598958333333334,0.0,0.44010416666666663,0.6193285929233225,0.0,0.38067140707667746,0.0013995461942779722,0.0,0.998600453805722,0.37472023500817636,0.0,0.6252797649918236,0.38883605186477754,0,non-human,4,1,0,1,0,1,1,1,0,4,1,human,held-out candidate,review,0.6444
815719764,allaboutdigifun,brand,0.647,0,0.0,0.64,1.0,0.64,0.873688813338188,1.0,0.873688813338188,0.5256444936233702,1.0,0.5256444936233702,0.7778670360709747,1.0,0.7778670360709747,0.7043000857581333,1,human,4,1,0,1,1,1,0,1,0,4,1,non-human,held-out candidate,review,0.647
815719896,GQ_GiftedQueen,female,0.6474,0,1.0,0.3194444444444444,0.0,0.6805555555555556,0.5242772628849814,0.0,0.47572273711501856,0.005120003939013504,0.0,0.9948799960609865,0.2884487934090115,0.0,0.7115512065909886,0.2843226261693627,0,non-human,4,1,0,1,0,1,1,1,0,4,1,human,held-out candidate,review,0.6474
815725829,AHA1R,male,0.6505,0,1.0,0.46938775510204084,0.0,0.5306122448979591,0.4582120495740375,0.0,0.5417879504259625,0.023121599578583656,0.0,0.9768784004214164,0.38977020373698273,0.0,0.6102297962630172,0.33512290199791117,0,non-human,4,1,0,1,0,1,1,1,0,4,1,human,held-out candidate,review,0.6505
815735044,SelenaHQ,female,0.6514,0,1.0,0.5598958333333334,0.0,0.44010416666666663,0.5139654504343573,0.0,0.48603454956564274,0.0027929211180219853,0.0,0.997207078881978,0.2486307172317877,0.0,0.7513692827682124,0.33132123052937507,0,non-human,4,1,0,1,0,1,1,1,0,4,1,human,held-out candidate,review,0.6514
815720300,Atelie_do_Vitz,brand,0.652,0,0.0,0.6507936507936508,1.0,0.6507936507936508,0.6597999077059941,1.0,0.6597999077059941,0.895646533322164,1.0,0.895646533322164,0.74149471274458,1.0,0.74149471274458,0.7369337011415973,1,human,4,1,0,1,0,1,1,1,0,4,1,non-human,held-out candidate,review,0.652
815720070,CyberneticPym,brand,0.6523,0,0.0,0.609375,1.0,0.609375,0.8659823787401565,1.0,0.8659823787401565,0.5308784394457221,1.0,0.5308784394457221,0.7880511613184842,1.0,0.7880511613184842,0.6985717448760906,1,human,4,1,0,1,1,1,0,1,0,4,1,non-human,held-out candidate,review,0.6523
815728764,StripedLungi,brand,0.6527,0,0.0,0.7051282051282052,1.0,0.7051282051282052,0.7619404994718919,1.0,0.7619404994718919,0.927094301013854,1.0,0.927094301013854,0.5662192124285791,1.0,0.5662192124285791,0.7400955545106326,1,human,4,1,0,1,0,1,1,1,0,4,1,non-human,held-out candidate,review,0.6527
815726134,HxMETOWNImagine,brand,0.6537,0,0.0,0.7163120567375887,1.0,0.7163120567375887,0.7196737332248441,1.0,0.7196737332248441,0.8470673291143581,1.0,0.8470673291143581,0.5882091647975458,1.0,0.5882091647975458,0.7178155709685842,1,human,4,1,0,1,0,1,1,1,0,4,1,non-human,held-out candidate,review,0.6537
815737326,Official_Madara,brand,0.6537,0,0.0,0.7051282051282052,1.0,0.7051282051282052,0.7680996209974882,1.0,0.7680996209974882,0.9058857814366957,1.0,0.9058857814366957,0.6864772600974952,1.0,0.6864772600974952,0.766397716914971,1,human,4,1,0,1,0,1,1,1,0,4,1,non-human,held-out candidate,review,0.6537
815722103,abundance4unow,female,0.6539,0,1.0,0.2962962962962963,0.0,0.7037037037037037,0.5594638398061461,0.0,0.4405361601938539,0.09438569356153553,0.0,0.9056143064384645,0.392814321162699,0.0,0.607185678837301,0.33574003770666927,0,non-human,4,1,0,1,0,1,1,1,0,4,1,human,held-out candidate,review,0.6539
815734928,Fittg,brand,0.6546,0,0.0,0.7407407407407407,1.0,0.7407407407407407,0.7162477001153537,1.0,0.7162477001153537,0.9481155145082353,1.0,0.9481155145082353,0.5861748881376304,1.0,0.5861748881376304,0.7478197108754899,1,human,4,1,0,1,0,1,1,1,0,4,1,non-human,held-out candidate,review,0.6546
815723769,PTAlanSwann,brand,0.6556,0,0.0,0.65,1.0,0.65,0.7306572661535821,1.0,0.7306572661535821,0.9999999999986677,1.0,0.9999999999986677,0.7861419821655871,1.0,0.7861419821655871,0.7916998120794592,1,human,4,1,0,1,0,1,1,1,0,4,1,non-human,held-out candidate,review,0.6556
815726237,ECNashville,male,0.6566,0,1.0,0.2346368715083799,0.0,0.7653631284916201,0.425106879780925,0.0,0.574893120219075,0.0015568006939857119,0.0,0.9984431993060143,0.244240216302398,0.0,0.755759783697602,0.22638519207142213,0,non-human,4,1,0,1,0,1,1,1,0,4,1,human,held-out candidate,review,0.6566
815724223,SanAntonioTalks,female,0.6571,0,1.0,0.2346368715083799,0.0,0.7653631284916201,0.4907774979179436,0.0,0.5092225020820564,0.01310647745735098,0.0,0.9868935225426491,0.26594343154946737,0.0,0.7340565684505327,0.2511160696082855,0,non-human,4,1,0,1,0,1,1,1,0,4,1,human,held-out candidate,review,0.6571
815738089,_TheConductor,brand,0.6572,0,0.0,0.7051282051282052,1.0,0.7051282051282052,0.7693126215405277,1.0,0.7693126215405277,0.9551057929184157,1.0,0.9551057929184157,0.7397484234993901,1.0,0.7397484234993901,0.7923237607716347,1,human,4,1,0,1,0,1,1,1,0,4,1,non-human,held-out candidate,review,0.6572
815731613,ParentTalkRadio,female,0.6582,0,1.0,0.2346368715083799,0.0,0.7653631284916201,0.3021164572641397,0.0,0.6978835427358603,0.0018570049740636364,0.0,0.9981429950259364,0.2605642972300934,0.0,0.7394357027699066,0.19979365774416913,0,non-human,4,1,0,1,0,1,1,1,0,4,1,human,held-out candidate,review,0.6582
815732702,WingMayra,female,0.6589,0,1.0,0.33984375,0.0,0.66015625,0.47902037689103305,0.0,0.520979623108967,0.02451717749341015,0.0,0.9754828225065898,0.2944191158113115,0.0,0.7055808841886885,0.2844501050489387,0,non-human,4,1,0,1,0,1,1,1,0,4,1,human,held-out candidate,review,0.6589
815720775,TheSpectralVoid,brand,0.6591,0,0.0,0.7163120567375887,1.0,0.7163120567375887,0.7714037746756583,1.0,0.7714037746756583,0.7830782359834367,1.0,0.7830782359834367,0.9447527731933032,1.0,0.9447527731933032,0.8038867101474967,1,human,4,1,0,1,0,1,0,1,1,4,1,non-human,held-out candidate,review,0.6591
815728008,bernardinefham,female,0.6602,0,1.0,0.2346368715083799,0.0,0.7653631284916201,0.28572107824006765,0.0,0.7142789217599324,0.0511310866024459,0.0,0.9488689133975541,0.2528443295497337,0.0,0.7471556704502663,0.20608334147515678,0,non-human,4,1,0,1,0,1,1,1,0,4,1,human,held-out candidate,review,0.6602
815722718,VetPetNews,male,0.6603,0,1.0,0.5251798561151079,0.0,0.47482014388489213,0.3543809357063018,0.0,0.6456190642936982,0.08105890111992416,0.0,0.9189410988800758,0.48212604531974745,0.0,0.5178739546802525,0.36068643456527033,0,non-human,4,1,0,1,0,1,1,1,0,4,1,human,held-out candidate,review,0.6603
815729051,LukeMtwetwe,male,0.6617,0,1.0,0.33984375,0.0,0.66015625,0.6104920175619434,0.0,0.3895079824380566,0.14608127327142112,0.0,0.8539187267285788,0.45159131471127884,0.0,0.5484086852887211,0.38700208888616083,0,non-human,4,1,0,1,0,1,1,1,0,4,1,human,held-out candidate,review,0.6617
815734151,KarmenDealza,female,0.6618,0,1.0,0.36,0.0,0.64,0.387035148012974,0.0,0.612964851987026,1.0153865944457295e-05,0.0,0.9999898461340555,0.40675141722773644,0.0,0.5932485827722636,0.28844917977666373,0,non-human,4,1,0,1,0,1,1,1,0,4,1,human,held-out candidate,review,0.6618
815731541,LaughingJack821,brand,0.6635,0,0.0,0.8287671232876712,1.0,0.8287671232876712,0.7182932770528199,1.0,0.7182932770528199,0.6815199451200484,1.0,0.6815199451200484,0.7906892175380658,1.0,0.7906892175380658,0.7548173907496513,1,human,4,1,1,1,0,1,0,1,0,4,1,non-human,held-out candidate,review,0.6635
815736659,LifeMahmoud,male,0.6637,0,1.0,0.5598958333333334,0.0,0.44010416666666663,0.5860464532930915,0.0,0.41395354670690854,2.270637187029613e-05,0.0,0.9999772936281297,0.35003570836755304,0.0,0.649964291632447,0.374000175341462,0,non-human,4,1,0,1,0,1,1,1,0,4,1,human,held-out candidate,review,0.6637
815731574,Mewtilate,brand,0.6648,0,0.0,0.7051282051282052,1.0,0.7051282051282052,0.7149579530988078,1.0,0.7149579530988078,0.9997204380308631,1.0,0.9997204380308631,0.7593585133548489,1.0,0.7593585133548489,0.7947912774031813,1,human,4,1,0,1,0,1,1,1,0,4,1,non-human,held-out candidate,review,0.6648
815734973,carrieloucrafts,female,0.6648,0,1.0,0.2978723404255319,0.0,0.7021276595744681,0.4006265062137737,0.0,0.5993734937862263,0.00044335981721222275,0.0,0.9995566401827878,0.29893375799443556,0.0,0.7010662420055644,0.24946899111273835,0,non-human,4,1,0,1,0,1,1,1,0,4,1,human,held-out candidate,review,0.6648
815722184,rnrnhs_memo_5,male,0.6657,0,1.0,0.30434782608695654,0.0,0.6956521739130435,0.570041900137402,0.0,0.42995809986259803,0.0285039937300885,0.0,0.9714960062699115,0.45859141743135423,0.0,0.5414085825686458,0.3403712843464503,0,non-human,4,1,0,1,0,1,1,1,0,4,1,human,held-out candidate,review,0.6657
815721178,TheQuse,brand,0.6658,0,0.0,0.7719298245614035,1.0,0.7719298245614035,0.6437451363933232,1.0,0.6437451363933232,0.8282923590257657,1.0,0.8282923590257657,0.6358117215759708,1.0,0.6358117215759708,0.7199447603891158,1,human,4,1,0,1,0,1,1,1,0,4,1,non-human,held-out candidate,review,0.6658
815737408,Erynnis_co,female,0.6662,0,1.0,0.2346368715083799,0.0,0.7653631284916201,0.5490281173638246,0.0,0.4509718826361754,0.01686792713497365,0.0,0.9831320728650264,0.3452225840248558,0.0,0.6547774159751443,0.28643887500800846,0,non-human,4,1,0,1,0,1,1,1,0,4,1,human,held-out candidate,review,0.6662
815723590,Garen_bot,brand,0.6663,0,0.0,0.8087431693989071,1.0,0.8087431693989071,0.7527483821639618,1.0,0.7527483821639618,0.4390783434765107,1.0,0.4390783434765107,0.7908307021238289,1.0,0.7908307021238289,0.6978501492908021,1,human,4,1,1,1,0,1,0,1,0,4,1,non-human,held-out candidate,review,0.6663
815723330,WavePIlls,female,0.6684,0,1.0,0.33984375,0.0,0.66015625,0.41209459192392534,0.0,0.5879054080760746,0.08041401358650493,0.0,0.9195859864134951,0.30301191002608474,0.0,0.6969880899739153,0.28384106638412876,0,non-human,4,1,0,1,0,1,1,1,0,4,1,human,held-out candidate,review,0.6684
815737825,TheStreetNews_,male,0.6686,0,1.0,0.2978723404255319,0.0,0.7021276595744681,0.405240968222069,0.0,0.594759031777931,0.0015671798542259768,0.0,0.9984328201457741,0.31015009036336205,0.0,0.689849909636638,0.25370764471629725,0,non-human,4,1,0,1,0,1,1,1,0,4,1,human,held-out candidate,review,0.6686
815737023,MARYLOUWhitlock,female,0.6705,1,1.0,0.32,0.0,0.6799999999999999,0.21403411420614263,0.0,0.7859658857938574,0.012050207639175527,0.0,0.9879497923608245,0.41888590957936006,0.0,0.58111409042064,0.24124255785616955,0,non-human,4,1,0,1,0,1,1,1,0,4,1,human,held-out candidate,review,0.6705
815739244,law1789,male,0.6708,0,1.0,0.55,0.0,0.44999999999999996,0.45664780854926745,0.0,0.5433521914507325,0.005780285776948973,0.0,0.994219714223051,0.4354510761685307,0.0,0.5645489238314694,0.3619697926236868,0,non-human,4,1,0,1,0,1,1,1,0,4,1,human,held-out candidate,review,0.6708
815735510,MoorseyBB1,brand,0.6712,0,0.0,0.609375,1.0,0.609375,0.7675088958102149,1.0,0.7675088958102149,0.424260528992283,1.0,0.424260528992283,0.8271869805876244,1.0,0.8271869805876244,0.6570828513475305,1,human,4,1,0,1,0,1,0,1,1,4,1,non-human,held-out candidate,review,0.6712
815736026,TakiingFliights,brand,0.6717,0,0.0,0.6136363636363636,1.0,0.6136363636363636,0.8508974002645057,1.0,0.8508974002645057,0.37940555058072106,1.0,0.37940555058072106,0.7353705061141317,1.0,0.7353705061141317,0.6448274551489305,1,human,4,1,0,1,1,1,0,1,0,4,1,non-human,held-out candidate,review,0.6717
815724466,BretVonDehl,male,0.672,0,1.0,0.5598958333333334,0.0,0.44010416666666663,0.4953537186179447,0.0,0.5046462813820554,0.08639892265508417,0.0,0.9136010773449158,0.2146884408844931,0.0,0.7853115591155069,0.33908422887271383,0,non-human,4,1,0,1,0,1,1,1,0,4,1,human,held-out candidate,review,0.672
815728172,Re_lDonaldTrump,brand,0.673,0,0.0,0.7051282051282052,1.0,0.7051282051282052,0.7550288861313397,1.0,0.7550288861313397,0.995487406376433,1.0,0.995487406376433,0.5894454973762281,1.0,0.5894454973762281,0.7612724987530516,1,human,4,1,0,1,0,1,1,1,0,4,1,non-human,held-out candidate,review,0.673
815739079,2Mothman,male,0.6731,0,1.0,0.55,0.0,0.44999999999999996,0.40411464034937866,0.0,0.5958853596506213,0.11866352310291074,0.0,0.8813364768970893,0.5291213060185684,0.0,0.47087869398143156,0.4004748673677145,0,non-human,4,1,0,1,0,1,1,1,0,4,1,human,held-out candidate,review,0.6731
815739557,TruckDadto3Kids,male,0.6733,0,1.0,0.55,0.0,0.44999999999999996,0.33513329118557167,0.0,0.6648667088144283,0.0012838015875433029,0.0,0.9987161984124567,0.4052241124595474,0.0,0.5947758875404525,0.3229103013081656,0,non-human,4,1,0,1,0,1,1,1,0,4,1,human,held-out candidate,review,0.6733
815721659,FAESLLC,male,0.6735,0,1.0,0.2978723404255319,0.0,0.7021276595744681,0.476109437356992,0.0,0.5238905626430079,1.1926926510318166e-08,0.0,0.9999999880730734,0.23818829370163946,0.0,0.7618117062983605,0.2530425208527725,0,non-human,4,1,0,1,0,1,1,1,0,4,1,human,held-out candidate,review,0.6735
815724005,WhenDeadSpeak,female,0.6735,0,1.0,0.45652173913043476,0.0,0.5434782608695652,0.38242642046163555,0.0,0.6175735795383644,0.011650492727711412,0.0,0.9883495072722885,0.23176688363589162,0.0,0.7682331163641084,0.27059138398891835,0,non-human,4,1,0,1,0,1,1,1,0,4,1,human,held-out candidate,review,0.6735
815720304,GothamsQueenB,brand,0.6736,0,0.0,0.7407407407407407,1.0,0.7407407407407407,0.7191989077423159,1.0,0.7191989077423159,0.9685105973918634,1.0,0.9685105973918634,0.6712587935709388,1.0,0.6712587935709388,0.7749272598614646,1,human,4,1,0,1,0,1,1,1,0,4,1,non-human,held-out candidate,review,0.6736
815733551,KenPlume,male,0.6737,0,1.0,0.2346368715083799,0.0,0.7653631284916201,0.4525047573705689,0.0,0.5474952426294311,0.1268963079575265,0.0,0.8731036920424735,0.24450881457588186,0.0,0.7554911854241182,0.2646366878530893,0,non-human,4,1,0,1,0,1,1,1,0,4,1,human,held-out candidate,review,0.6737
815733546,618mom23boys,female,0.6738,0,1.0,0.5598958333333334,0.0,0.44010416666666663,0.42629782341346095,0.0,0.5737021765865391,2.882427716944691e-13,0.0,0.9999999999997118,0.44009115992737247,0.0,0.5599088400726275,0.35657120416861376,0,non-human,4,1,0,1,0,1,1,1,0,4,1,human,held-out candidate,review,0.6738
815725210,ProducersWEB,female,0.6739,0,1.0,0.3194444444444444,0.0,0.6805555555555556,0.44123177621348947,0.0,0.5587682237865106,0.17796285881643845,0.0,0.8220371411835615,0.45116080412155907,0.0,0.5488391958784409,0.34744997089898283,0,non-human,4,1,0,1,0,1,1,1,0,4,1,human,held-out candidate,review,0.6739
815723821,SanFranRadio,female,0.6741,0,1.0,0.2346368715083799,0.0,0.7653631284916201,0.41561937739171756,0.0,0.5843806226082824,9.245574039932703e-05,0.0,0.9999075442596007,0.2032849112352916,0.0,0.7967150887647084,0.21340840396894709,0,non-human,4,1,0,1,0,1,1,1,0,4,1,human,held-out candidate,review,0.6741
815731034,randlight,female,0.6742,0,1.0,0.5598958333333334,0.0,0.44010416666666663,0.5831943575295029,0.0,0.4168056424704971,0.07457947325401625,0.0,0.9254205267459837,0.2725099192171275,0.0,0.7274900807828725,0.3725448958334949,0,non-human,4,1,0,1,0,1,1,1,0,4,1,human,held-out candidate,review,0.6742
815733338,kr_surfyoga,female,0.6743,0,1.0,0.2346368715083799,0.0,0.7653631284916201,0.4759772473717335,0.0,0.5240227526282665,0.08423669164881444,0.0,0.9157633083511856,0.35762131708313966,0.0,0.6423786829168603,0.2881180319030169,0,non-human,4,1,0,1,0,1,1,1,0,4,1,human,held-out candidate,review,0.6743
815737857,giovanni_mascia,male,0.6748,0,1.0,0.2978723404255319,0.0,0.7021276595744681,0.5261892044757484,0.0,0.47381079552425165,0.1857801592511064,0.0,0.8142198407488936,0.4497090611236638,0.0,0.5502909388763362,0.3648876913190126,0,non-human,4,1,0,1,0,1,1,1,0,4,1,human,held-out candidate,review,0.6748
815737422,RallysYoutube,male,0.675,0,1.0,0.36,0.0,0.64,0.23431548167564173,0.0,0.7656845183243582,0.0018647815211272395,0.0,0.9981352184788728,0.5065994595644638,0.0,0.49340054043553616,0.2756949306903082,0,non-human,4,1,0,1,0,1,1,1,0,4,1,human,held-out candidate,review,0.675
815723669,ISUPKCA,male,0.6754,0,1.0,0.33984375,0.0,0.66015625,0.6142949231124393,0.0,0.3857050768875607,0.12059061407949109,0.0,0.8794093859205089,0.5001209465109028,0.0,0.4998790534890972,0.3937125584257083,0,non-human,4,1,0,1,0,1,1,1,0,4,1,human,held-out candidate,review,0.6754
815729506,TerryJeffersRaH,male,0.6757,0,1.0,0.5251798561151079,0.0,0.47482014388489213,0.38385782169806826,0.0,0.6161421783019317,0.16159892579499444,0.0,0.8384010742050055,0.3025327919627332,0.0,0.6974672080372668,0.3432923488927259,0,non-human,4,1,0,1,0,1,1,1,0,4,1,human,held-out candidate,review,0.6757
815738825,galexslut,female,0.6757,0,1.0,0.2346368715083799,0.0,0.7653631284916201,0.6082798892459396,0.0,0.39172011075406044,0.0019892918345155454,0.0,0.9980107081654844,0.44817192028134345,0.0,0.5518280797186566,0.3232694932175446,0,non-human,4,1,0,1,0,1,1,1,0,4,1,human,held-out candidate,review,0.6757
815726792,itsisabelldiaz,brand,0.6759,0,0.0,0.65,1.0,0.65,0.7696634518413755,1.0,0.7696634518413755,0.9506434783259933,1.0,0.9506434783259933,0.5731299392890409,1.0,0.5731299392890409,0.7358592173641024,1,human,4,1,0,1,0,1,1,1,0,4,1,non-human,held-out candidate,review,0.6759
815722931,SadikiBakari,male,0.6762,0,1.0,0.3194444444444444,0.0,0.6805555555555556,0.399360019246992,0.0,0.6006399807530081,0.013823786626424596,0.0,0.9861762133735754,0.2967699863453025,0.0,0.7032300136546975,0.25734955916579083,0,non-human,4,1,0,1,0,1,1,1,0,4,1,human,held-out candidate,review,0.6762
815731869,weightlosstopia,female,0.6768,0,1.0,0.33984375,0.0,0.66015625,0.6265792487824603,0.0,0.3734207512175397,0.060636305262358116,0.0,0.9393636947376419,0.45416317861972544,0.0,0.5458368213802746,0.3703056206661359,0,non-human,4,1,0,1,0,1,1,1,0,4,1,human,held-out candidate,review,0.6768
815719596,DMirayes,male,0.6771,0,1.0,0.2346368715083799,0.0,0.7653631284916201,0.3326450972593588,0.0,0.6673549027406411,0.07047894003181732,0.0,0.9295210599681827,0.3178885213076354,0.0,0.6821114786923645,0.23891235752679785,0,non-human,4,1,0,1,0,1,1,1,0,4,1,human,held-out candidate,review,0.6771
815725634,RealRoyalBoy,male,0.6772,0,1.0,0.2978723404255319,0.0,0.7021276595744681,0.472899939240271,0.0,0.5271000607597289,0.0039710197250359775,0.0,0.996028980274964,0.3677327498373268,0.0,0.6322672501626732,0.28561901230704145,0,non-human,4,1,0,1,0,1,1,1,0,4,1,human,held-out candidate,review,0.6772
815719895,TheUnits,male,0.6775,0,1.0,0.5251798561151079,0.0,0.47482014388489213,0.44406313113832707,0.0,0.5559368688616729,0.09009560177168362,0.0,0.9099043982283164,0.5357983947181135,0.0,0.4642016052818865,0.398784245935808,0,non-human,4,1,0,1,0,1,1,1,0,4,1,human,held-out candidate,review,0.6775
815738501,Bamford_ID,male,0.6782,0,1.0,0.33984375,0.0,0.66015625,0.5131231562889011,0.0,0.48687684371109885,0.1338455243940719,0.0,0.8661544756059281,0.3868035611201587,0.0,0.6131964388798413,0.3434039979507829,0,non-human,4,1,0,1,0,1,1,1,0,4,1,human,held-out candidate,review,0.6782
815720135,ramomann,male,0.6791,0,1.0,0.375,0.0,0.625,0.47103130702295215,0.0,0.5289686929770478,6.254404735030488e-71,0.0,1.0,0.4050442312296084,0.0,0.5949557687703916,0.3127688845631401,0,non-human,4,1,0,1,0,1,1,1,0,4,1,human,held-out candidate,review,0.6791
815722133,mylolatweet,brand,0.6796,0,0.0,0.9307692307692308,1.0,0.9307692307692308,0.6859666776111235,1.0,0.6859666776111235,0.32956440542581,1.0,0.32956440542581,0.7422539275069209,1.0,0.7422539275069209,0.6721385603282712,1,human,4,1,1,1,0,1,0,1,0,4,1,non-human,held-out candidate,review,0.6796
815727219,presidentdiary,male,0.6803,0,1.0,0.3194444444444444,0.0,0.6805555555555556,0.43358822712615097,0.0,0.566411772873849,0.01237818319645883,0.0,0.9876218168035412,0.2236595947833043,0.0,0.7763404052166957,0.24726761238758962,0,non-human,4,1,0,1,0,1,1,1,0,4,1,human,held-out candidate,review,0.6803
815719919,Eustache_D,male,0.6838,0,1.0,0.5251798561151079,0.0,0.47482014388489213,0.5783917952403403,0.0,0.42160820475965965,0.06470740501605528,0.0,0.9352925949839447,0.25322769895062425,0.0,0.7467723010493758,0.355376688830532,0,non-human,4,1,0,1,0,1,1,1,0,4,1,human,held-out candidate,review,0.6838
815733093,IAmFreedomMan,brand,0.6842,0,0.0,0.6962025316455697,1.0,0.6962025316455697,0.6820263155760793,1.0,0.6820263155760793,0.8358426297350401,1.0,0.8358426297350401,0.5768344611970285,1.0,0.5768344611970285,0.6977264845384293,1,human,4,1,0,1,0,1,1,1,0,4,1,non-human,held-out candidate,review,0.6842
815735789,meganfoxUKFAN,female,0.6846,0,1.0,0.2346368715083799,0.0,0.7653631284916201,0.35609908150029945,0.0,0.6439009184997005,0.02694515873169371,0.0,0.9730548412683063,0.30161934488581166,0.0,0.6983806551141883,0.22982511415654616,0,non-human,4,1,0,1,0,1,1,1,0,4,1,human,held-out candidate,review,0.6846
815734381,MidlerFreak,female,0.6848,0,1.0,0.2346368715083799,0.0,0.7653631284916201,0.33923038372326564,0.0,0.6607696162767344,0.003720198419016892,0.0,0.9962798015809831,0.3015999478016562,0.0,0.6984000521983438,0.21979685036307967,0,non-human,4,1,0,1,0,1,1,1,0,4,1,human,held-out candidate,review,0.6848
815730979,rudetellzLBC,brand,0.6864,0,0.0,0.932,1.0,0.932,0.7219013136150036,1.0,0.7219013136150036,0.6103718606903158,1.0,0.6103718606903158,0.7616661425105818,1.0,0.7616661425105818,0.7564848292039753,1,human,4,1,1,1,0,1,0,1,0,4,1,non-human,held-out candidate,review,0.6864
815737633,CliffHCohen,male,0.6864,0,1.0,0.33984375,0.0,0.66015625,0.5745717898284521,0.0,0.42542821017154786,0.016060936213758883,0.0,0.9839390637862411,0.3150429006002828,0.0,0.6849570993997172,0.3113798441606235,0,non-human,4,1,0,1,0,1,1,1,0,4,1,human,held-out candidate,review,0.6864
815728881,EllypseCelwe,brand,0.6866,0,0.0,0.7051282051282052,1.0,0.7051282051282052,0.6752876547284361,1.0,0.6752876547284361,0.9862719408708713,1.0,0.9862719408708713,0.7943883867853948,1.0,0.7943883867853948,0.7902690468782269,1,human,4,1,0,1,0,1,1,1,0,4,1,non-human,held-out candidate,review,0.6866
815730520,dswebsme,male,0.6874,0,1.0,0.2978723404255319,0.0,0.7021276595744681,0.33523456379093647,0.0,0.6647654362090636,0.06541749898468237,0.0,0.9345825010153176,0.23470123551129224,0.0,0.7652987644887077,0.23330640967811073,0,non-human,4,1,0,1,0,1,1,1,0,4,1,human,held-out candidate,review,0.6874
815728952,The_Gaming_Turt,male,0.6892,0,1.0,0.33984375,0.0,0.66015625,0.5294297963229281,0.0,0.4705702036770719,0.007367068625352361,0.0,0.9926329313746476,0.22460927804291533,0.0,0.7753907219570847,0.27531247324779895,0,non-human,4,1,0,1,0,1,1,1,0,4,1,human,held-out candidate,review,0.6892
815724609,ManaGallis1,male,0.6902,0,1.0,0.55,0.0,0.44999999999999996,0.3514946848324182,0.0,0.6485053151675818,0.010161847129815018,0.0,0.989838152870185,0.3603022521995921,0.0,0.6396977478004079,0.31798969604045635,0,non-human,4,1,0,1,0,1,1,1,0,4,1,human,held-out candidate,review,0.6902
815732774,donnarosss,female,0.6946,0,1.0,0.2346368715083799,0.0,0.7653631284916201,0.6018204140837081,0.0,0.3981795859162919,0.017842706087110666,0.0,0.9821572939128893,0.27334333761190066,0.0,0.7266566623880993,0.2819108323227748,0,non-human,4,1,0,1,0,1,1,1,0,4,1,human,held-out candidate,review,0.6946
815721108,roobiebot,brand,0.695,0,0.0,0.5833333333333334,1.0,0.5833333333333334,0.7145254115909198,1.0,0.7145254115909198,0.8616340651510834,1.0,0.8616340651510834,0.7411323146695812,1.0,0.7411323146695812,0.7251562811862295,1,human,4,1,0,1,0,1,1,1,0,4,1,non-human,held-out candidate,review,0.695
815719236,Blissful_Eats,brand,0.7002,0,0.0,0.65,1.0,0.65,0.6578636058680238,1.0,0.6578636058680238,0.9999897613178301,1.0,0.9999897613178301,0.5689873172280004,1.0,0.5689873172280004,0.7192101711034635,1,human,4,1,0,1,0,1,1,1,0,4,1,non-human,held-out candidate,review,0.7002
815719227,DavdBurnett,male,1.0,0,1.0,0.3,0.0,0.7,0.40672404515800736,0.0,0.5932759548419926,0.002345743058763394,0.0,0.9976542569412367,0.2212218053624149,0.0,0.7787781946375851,0.2325728983947964,0,non-human,4,1,0,1,0,1,1,1,0,4,1,human,out-of-fold,review,1.0
815719320,Adrien_RG,male,1.0,0,1.0,0.48951048951048953,0.0,0.5104895104895104,0.5189713039206116,0.0,0.48102869607938836,0.19214208683330294,0.0,0.8078579131666971,0.2991377220393406,0.0,0.7008622779606595,0.3749404005759362,0,non-human,4,1,0,1,0,1,1,1,0,4,1,human,out-of-fold,review,1.0
815719330,AliciaVRuiz,female,1.0,0,1.0,0.41379310344827586,0.0,0.5862068965517242,0.5229692456621804,0.0,0.4770307543378196,0.008963852798365802,0.0,0.9910361472016342,0.4393196532420044,0.0,0.5606803467579956,0.3462614637877066,0,non-human,4,1,0,1,0,1,1,1,0,4,1,human,out-of-fold,review,1.0
815719350,DianaTsang1,female,1.0,0,1.0,0.3123644251626898,0.0,0.6876355748373102,0.6045166980904849,0.0,0.3954833019095151,0.10749676738139158,0.0,0.8925032326186084,0.3556442243513235,0.0,0.6443557756486765,0.3450055287464725,0,non-human,4,1,0,1,0,1,1,1,0,4,1,human,out-of-fold,review,1.0
815719393,Kingabdul07,male,1.0,0,1.0,0.36666666666666664,0.0,0.6333333333333333,0.3854936513458958,0.0,0.6145063486541043,0.0050883578717706695,0.0,0.9949116421282294,0.28176757209150977,0.0,0.7182324279084902,0.2597540619939607,0,non-human,4,1,0,1,0,1,1,1,0,4,1,human,out-of-fold,review,1.0
815719705,sileaswarwick,female,1.0,0,1.0,0.22727272727272727,0.0,0.7727272727272727,0.5374884330303559,0.0,0.46251156696964413,0.056068644633493515,0.0,0.9439313553665065,0.210320348841032,0.0,0.789679651158968,0.25778753844440216,0,non-human,4,1,0,1,0,1,1,1,0,4,1,human,out-of-fold,review,1.0
815719714,johnstownhawks,brand,1.0,0,0.0,0.7881944444444444,1.0,0.7881944444444444,0.6422147329796545,1.0,0.6422147329796545,0.7956640431109905,1.0,0.7956640431109905,0.8362945272762052,1.0,0.8362945272762052,0.7655919369528237,1,human,4,1,0,1,0,1,0,1,1,4,1,non-human,out-of-fold,review,1.0
815719760,PSA_Advisors,male,1.0,0,1.0,0.24953789279112754,0.0,0.7504621072088724,0.5670047288029025,0.0,0.43299527119709746,0.0735776204052558,0.0,0.9264223795947442,0.4318093334981403,0.0,0.5681906665018597,0.3304823938743566,0,non-human,4,1,0,1,0,1,1,1,0,4,1,human,out-of-fold,review,1.0
815719785,MyHerbalGarden,male,1.0,0,1.0,0.2979865771812081,0.0,0.702013422818792,0.5908896841648392,0.0,0.4091103158351608,0.07047045682822904,0.0,0.9295295431717709,0.3557312277068908,0.0,0.6442687722931092,0.3287694864702918,0,non-human,4,1,0,1,0,1,1,1,0,4,1,human,out-of-fold,review,1.0
815719994,sorayagarcia85,female,1.0,0,1.0,0.46405228758169936,0.0,0.5359477124183006,0.2742129027580756,0.0,0.7257870972419245,0.009805792742806766,0.0,0.9901942072571932,0.3032699448211404,0.0,0.6967300551788596,0.26283523197593056,0,non-human,4,1,0,1,0,1,1,1,0,4,1,human,out-of-fold,review,1.0
815720033,PoliticalTom,male,1.0,0,1.0,0.2979865771812081,0.0,0.702013422818792,0.3321883772430917,0.0,0.6678116227569083,0.2446292505591818,0.0,0.7553707494408182,0.16912189428442367,0.0,0.8308781057155763,0.26098152481697634,0,non-human,4,1,0,1,0,1,0,1,1,4,1,human,out-of-fold,review,1.0
815720159,42HERMINIA_Hail,female,1.0,0,1.0,0.46405228758169936,0.0,0.5359477124183006,0.48124314966125453,0.0,0.5187568503387454,0.08714258367339593,0.0,0.9128574163266041,0.39599051673250496,0.0,0.604009483267495,0.35710713441221364,0,non-human,4,1,0,1,0,1,1,1,0,4,1,human,out-of-fold,review,1.0
815720164,timhyjek,male,1.0,0,1.0,0.3978201634877384,0.0,0.6021798365122616,0.565454353270914,0.0,0.434545646729086,0.16211296957508625,0.0,0.8378870304249137,0.5394397342335765,0.0,0.4605602657664235,0.41620680514182873,0,non-human,4,1,0,1,0,1,1,1,0,4,1,human,out-of-fold,review,1.0
815720187,ElizabethApril_,female,1.0,0,1.0,0.48134328358208955,0.0,0.5186567164179104,0.3866344622937274,0.0,0.6133655377062726,0.06300067745488556,0.0,0.9369993225451144,0.3588200333407482,0.0,0.6411799666592518,0.32244961416786266,0,non-human,4,1,0,1,0,1,1,1,0,4,1,human,out-of-fold,review,1.0
815720196,matthewdykstra,male,1.0,0,1.0,0.38926174496644295,0.0,0.610738255033557,0.6120863802849841,0.0,0.3879136197150159,0.01569322257747744,0.0,0.9843067774225226,0.5048588436103009,0.0,0.49514115638969913,0.38047504785980135,0,non-human,4,1,0,1,0,1,1,1,0,4,1,human,out-of-fold,review,1.0
815720238,craigsmithim,male,1.0,0,1.0,0.2979865771812081,0.0,0.702013422818792,0.22925893687298426,0.0,0.7707410631270157,0.06941323799355291,0.0,0.9305867620064471,0.2603858174855458,0.0,0.7396141825144542,0.21426114238332275,0,non-human,4,1,0,1,0,1,1,1,0,4,1,human,out-of-fold,review,1.0
815720252,Samajra,female,1.0,0,1.0,0.3906810035842294,0.0,0.6093189964157706,0.6225339349243769,0.0,0.3774660650756231,0.03840643318076809,0.0,0.9615935668192319,0.3789228864862702,0.0,0.6210771135137299,0.35763606454391117,0,non-human,4,1,0,1,0,1,1,1,0,4,1,human,out-of-fold,review,1.0
815720610,andyhartleyuk,male,1.0,0,1.0,0.37866666666666665,0.0,0.6213333333333333,0.4501957132458412,0.0,0.5498042867541588,0.03619853597927801,0.0,0.963801464020722,0.2553704592810488,0.0,0.7446295407189512,0.2801078437932087,0,non-human,4,1,0,1,0,1,1,1,0,4,1,human,out-of-fold,review,1.0
815720706,ThePageantSTL,brand,1.0,0,0.0,0.6827586206896552,1.0,0.6827586206896552,0.6434511389746533,1.0,0.6434511389746533,0.9997952214073462,1.0,0.9997952214073462,0.776173445790888,1.0,0.776173445790888,0.7755446067156357,1,human,4,1,0,1,0,1,1,1,0,4,1,non-human,out-of-fold,review,1.0
815720857,annaercilla,female,1.0,0,1.0,0.2564102564102564,0.0,0.7435897435897436,0.43078512399280766,0.0,0.5692148760071923,0.07908182466718079,0.0,0.9209181753328192,0.2773938236737542,0.0,0.7226061763262458,0.26091775718599974,0,non-human,4,1,0,1,0,1,1,1,0,4,1,human,out-of-fold,review,1.0
815720876,TavernOnRush,brand,1.0,0,0.0,0.7926829268292683,1.0,0.7926829268292683,0.6690925090464453,1.0,0.6690925090464453,0.9530166124818883,1.0,0.9530166124818883,0.7396153005446053,1.0,0.7396153005446053,0.7886018372255518,1,human,4,1,0,1,0,1,1,1,0,4,1,non-human,out-of-fold,review,1.0
815720896,RunzaDana,female,1.0,0,1.0,0.3744292237442922,0.0,0.6255707762557078,0.3470621237654008,0.0,0.6529378762345992,0.02085505035140218,0.0,0.9791449496485978,0.37900982492056595,0.0,0.620990175079434,0.2803390556954153,0,non-human,4,1,0,1,0,1,1,1,0,4,1,human,out-of-fold,review,1.0
815721027,bigdemonskull,male,1.0,0,1.0,0.2979865771812081,0.0,0.702013422818792,0.4009414017010545,0.0,0.5990585982989455,0.013439930116209456,0.0,0.9865600698837905,0.36144191393009517,0.0,0.6385580860699048,0.2684524557321418,0,non-human,4,1,0,1,0,1,1,1,0,4,1,human,out-of-fold,review,1.0
815721088,TRUMPVICTORY16,brand,1.0,0,0.0,0.8846153846153846,1.0,0.8846153846153846,0.7023997975040236,1.0,0.7023997975040236,0.6812799213949252,1.0,0.6812799213949252,0.6473622833659012,1.0,0.6473622833659012,0.7289143467200586,1,human,4,1,1,1,0,1,0,1,0,4,1,non-human,out-of-fold,review,1.0
815721127,KearnyMesaFIAT,brand,1.0,0,0.0,0.7881944444444444,1.0,0.7881944444444444,0.7090223637651667,1.0,0.7090223637651667,0.8868003364720792,1.0,0.8868003364720792,0.7127131267849913,1.0,0.7127131267849913,0.7741825678666704,1,human,4,1,0,1,0,1,1,1,0,4,1,non-human,out-of-fold,review,1.0
815721154,ryanrod42,male,1.0,0,1.0,0.46405228758169936,0.0,0.5359477124183006,0.4229175685915805,0.0,0.5770824314084195,0.15435382820432586,0.0,0.8456461717956741,0.41729787242592054,0.0,0.5827021275740795,0.3646553892008816,0,non-human,4,1,0,1,0,1,1,1,0,4,1,human,out-of-fold,review,1.0
815721175,bettyandbee,brand,1.0,0,0.0,0.5901639344262295,1.0,0.5901639344262295,0.6691641574062823,1.0,0.6691641574062823,0.9496704937530286,1.0,0.9496704937530286,0.6735336955854316,1.0,0.6735336955854316,0.720633070292743,1,human,4,1,0,1,0,1,1,1,0,4,1,non-human,out-of-fold,review,1.0
815721259,929TheBull,brand,1.0,0,0.0,0.75,1.0,0.75,0.7568534509373377,1.0,0.7568534509373377,0.7574958303280473,1.0,0.7574958303280473,0.8593202984976787,1.0,0.8593202984976787,0.780917394940766,1,human,4,1,0,1,0,1,0,1,1,4,1,non-human,out-of-fold,review,1.0
815721265,GStuedler,male,1.0,0,1.0,0.3744292237442922,0.0,0.6255707762557078,0.6087243548277521,0.0,0.3912756451722479,0.04291676102165005,0.0,0.9570832389783499,0.4978567186247113,0.0,0.5021432813752886,0.3809817645546014,0,non-human,4,1,0,1,0,1,1,1,0,4,1,human,out-of-fold,review,1.0
815721324,anneissassy,female,1.0,0,1.0,0.5274725274725275,0.0,0.4725274725274725,0.5761486480239462,0.0,0.42385135197605384,0.0004602556807383247,0.0,0.9995397443192616,0.3726473207604674,0.0,0.6273526792395325,0.3691821879844199,0,non-human,4,1,0,1,0,1,1,1,0,4,1,human,out-of-fold,review,1.0
815721336,prosperityfm,brand,1.0,0,0.0,0.9615384615384616,1.0,0.9615384615384616,0.7195738798692342,1.0,0.7195738798692342,0.4644211584814306,1.0,0.4644211584814306,0.6488428142507296,1.0,0.6488428142507296,0.6985940785349639,1,human,4,1,1,1,0,1,0,1,0,4,1,non-human,out-of-fold,review,1.0
815721453,EeshiO,male,1.0,0,1.0,0.24953789279112754,0.0,0.7504621072088724,0.509977603833911,0.0,0.490022396166089,0.026219295426348512,0.0,0.9737807045736515,0.3249436503711357,0.0,0.6750563496288643,0.27766961060563067,0,non-human,4,1,0,1,0,1,1,1,0,4,1,human,out-of-fold,review,1.0
815721465,THahnBurkett,female,1.0,0,1.0,0.5185185185185185,0.0,0.4814814814814815,0.6183465517729476,0.0,0.3816534482270524,0.0013313861587225216,0.0,0.9986686138412775,0.5292777094565949,0.0,0.4707222905434051,0.41686854147669594,0,non-human,4,1,0,1,0,1,1,1,0,4,1,human,out-of-fold,review,1.0
815721503,TheCyberMax,male,1.0,0,1.0,0.24953789279112754,0.0,0.7504621072088724,0.23644284580383265,0.0,0.7635571541961673,0.070569492700344,0.0,0.929430507299656,0.20943185854741544,0.0,0.7905681414525846,0.19149552246067988,0,non-human,4,1,0,1,0,1,1,1,0,4,1,human,out-of-fold,review,1.0
815721524,deanethridge,male,1.0,0,1.0,0.20987654320987653,0.0,0.7901234567901234,0.5190174527781753,0.0,0.48098254722182465,0.17152262828463707,0.0,0.828477371715363,0.4711986031387785,0.0,0.5288013968612215,0.3429038068528668,0,non-human,4,1,0,1,0,1,1,1,0,4,1,human,out-of-fold,review,1.0
815721525,Stock_Smack,male,1.0,0,1.0,0.3123644251626898,0.0,0.6876355748373102,0.34181526135602036,0.0,0.6581847386439796,3.835583335473285e-07,0.0,0.9999996164416665,0.399532522439946,0.0,0.600467477560054,0.2634281481292474,0,non-human,4,1,0,1,0,1,1,1,0,4,1,human,out-of-fold,review,1.0
815721547,The_Bizzz,male,1.0,0,1.0,0.2979865771812081,0.0,0.702013422818792,0.411860059826229,0.0,0.588139940173771,0.08327805851272872,0.0,0.9167219414872713,0.23114372192535332,0.0,0.7688562780746466,0.25606710436137975,0,non-human,4,1,0,1,0,1,1,1,0,4,1,human,out-of-fold,review,1.0
815721689,Arie_Rukmana,male,1.0,0,1.0,0.2899786780383795,0.0,0.7100213219616205,0.36553791670797686,0.0,0.6344620832920231,0.0539235449349684,0.0,0.9460764550650316,0.20702742491452938,0.0,0.7929725750854706,0.22911689114896355,0,non-human,4,1,0,1,0,1,1,1,0,4,1,human,out-of-fold,review,1.0
815721690,SergiRamirez88,male,1.0,0,1.0,0.3333333333333333,0.0,0.6666666666666667,0.4534334378064595,0.0,0.5465665621935405,1.1542883629089357e-05,0.0,0.999988457116371,0.3748228866137801,0.0,0.6251771133862198,0.29040030015930046,0,non-human,4,1,0,1,0,1,1,1,0,4,1,human,out-of-fold,review,1.0
815721747,Onikosi_Pedro,male,1.0,0,1.0,0.2979865771812081,0.0,0.702013422818792,0.2863511600853197,0.0,0.7136488399146803,0.07961764998859445,0.0,0.9203823500114056,0.3110138540797788,0.0,0.6889861459202212,0.24374231033372523,0,non-human,4,1,0,1,0,1,1,1,0,4,1,human,out-of-fold,review,1.0
815721769,lootcrate,brand,1.0,0,0.0,0.86,1.0,0.86,0.6748338898571907,1.0,0.6748338898571907,0.7777613194582391,1.0,0.7777613194582391,0.6835143956326692,1.0,0.6835143956326692,0.7490274012370248,1,human,4,1,1,1,0,1,0,1,0,4,1,non-human,out-of-fold,review,1.0
815721854,Msstre_Maak,male,1.0,0,1.0,0.5445544554455446,0.0,0.4554455445544554,0.5175552434260225,0.0,0.48244475657397745,0.03953987422668276,0.0,0.9604601257733172,0.42889733573790784,0.0,0.5711026642620922,0.38263672720903946,0,non-human,4,1,0,1,0,1,1,1,0,4,1,human,out-of-fold,review,1.0
815721865,mommemay1,female,1.0,0,1.0,0.43478260869565216,0.0,0.5652173913043479,0.3705648370174884,0.0,0.6294351629825117,0.1770947944402073,0.0,0.8229052055597927,0.3695669453730126,0.0,0.6304330546269874,0.3380022963815901,0,non-human,4,1,0,1,0,1,1,1,0,4,1,human,out-of-fold,review,1.0
815722019,dukeroufus,male,1.0,0,1.0,0.48134328358208955,0.0,0.5186567164179104,0.5311365264018345,0.0,0.4688634735981655,1.2130857432366381e-12,0.0,0.9999999999987869,0.37183612630753593,0.0,0.6281638736924641,0.3460789840731683,0,non-human,4,1,0,1,0,1,1,1,0,4,1,human,out-of-fold,review,1.0
815722022,rocco_the_pug,brand,1.0,0,0.0,0.5901639344262295,1.0,0.5901639344262295,0.6839439687195359,1.0,0.6839439687195359,0.7251138378092686,1.0,0.7251138378092686,0.9303547653858116,1.0,0.9303547653858116,0.7323941265852114,1,human,4,1,0,1,0,1,0,1,1,4,1,non-human,out-of-fold,review,1.0
815722023,Front__Lines,brand,1.0,0,0.0,0.5792682926829268,1.0,0.5792682926829268,0.6320209694372693,1.0,0.6320209694372693,0.8648596980494513,1.0,0.8648596980494513,0.550375913771323,1.0,0.550375913771323,0.6566312184852425,1,human,4,1,0,1,0,1,1,1,0,4,1,non-human,out-of-fold,review,1.0
815722062,XSTROLOGY,brand,1.0,0,0.0,0.6470588235294118,1.0,0.6470588235294118,0.84825591331491,1.0,0.84825591331491,0.5583683077953646,1.0,0.5583683077953646,0.6171826606844708,1.0,0.6171826606844708,0.6677164263310393,1,human,4,1,0,1,1,1,0,1,0,4,1,non-human,out-of-fold,review,1.0
815722366,bwregency,brand,1.0,0,0.0,0.8923076923076924,1.0,0.8923076923076924,0.7096055685872914,1.0,0.7096055685872914,0.679855544135742,1.0,0.679855544135742,0.5624567763651537,1.0,0.5624567763651537,0.7110563953489698,1,human,4,1,1,1,0,1,0,1,0,4,1,non-human,out-of-fold,review,1.0
815722418,JVCrum,male,1.0,0,1.0,0.48951048951048953,0.0,0.5104895104895104,0.5286263688555544,0.0,0.47137363114444564,0.04774544944930278,0.0,0.9522545505506972,0.5031340405193686,0.0,0.4968659594806314,0.3922540870836788,0,non-human,4,1,0,1,0,1,1,1,0,4,1,human,out-of-fold,review,1.0
815722419,SeraphinTravail,brand,1.0,0,0.0,0.7281553398058253,1.0,0.7281553398058253,0.6454255827351011,1.0,0.6454255827351011,0.9999999999952109,1.0,0.9999999999952109,0.7369976987441051,1.0,0.7369976987441051,0.7776446553200607,1,human,4,1,0,1,0,1,1,1,0,4,1,non-human,out-of-fold,review,1.0
815722439,Greg_Richman_,male,1.0,0,1.0,0.3978201634877384,0.0,0.6021798365122616,0.5320007454304324,0.0,0.4679992545695676,0.0055935354747205825,0.0,0.9944064645252794,0.2208113325380405,0.0,0.7791886674619595,0.28905644423273297,0,non-human,4,1,0,1,0,1,1,1,0,4,1,human,out-of-fold,review,1.0
815722539,SpearsMagazine,brand,1.0,0,0.0,0.7448275862068966,1.0,0.7448275862068966,0.8593190019951854,1.0,0.8593190019951854,0.7738204981276477,1.0,0.7738204981276477,0.6136980269194284,1.0,0.6136980269194284,0.7479162783122896,1,human,4,1,0,1,1,1,0,1,0,4,1,non-human,out-of-fold,review,1.0
815722565,CarlosLove4Life,male,1.0,0,1.0,0.3333333333333333,0.0,0.6666666666666667,0.3334181116656474,0.0,0.6665818883343526,0.0002580915903925276,0.0,0.9997419084096075,0.21210246499098007,0.0,0.7878975350090199,0.2197780003950883,0,non-human,4,1,0,1,0,1,1,1,0,4,1,human,out-of-fold,review,1.0
815722691,BalbirJudge,male,1.0,1,1.0,0.2978723404255319,0.0,0.7021276595744681,0.4781615026953605,0.0,0.5218384973046395,1.0985693479674829e-05,0.0,0.9999890143065203,0.4870650920253407,0.0,0.5129349079746592,0.3157774802099282,0,non-human,4,1,0,1,0,1,1,1,0,4,1,human,held-out candidate,review,1.0
815722734,Meganova_Gv,brand,1.0,0,0.0,0.6857142857142857,1.0,0.6857142857142857,0.6779947363618363,1.0,0.6779947363618363,0.4305713102346741,1.0,0.4305713102346741,0.8267178455083003,1.0,0.8267178455083003,0.655249544454774,1,human,4,1,0,1,0,1,0,1,1,4,1,non-human,out-of-fold,review,1.0
815722806,CateAdair,female,1.0,0,1.0,0.5247148288973384,0.0,0.47528517110266155,0.5198595083590206,0.0,0.4801404916409794,1.7255888226787764e-17,0.0,1.0,0.5395155950904901,0.0,0.4604844049095099,0.3960224830867123,0,non-human,4,1,0,1,0,1,1,1,0,4,1,human,out-of-fold,review,1.0
815722816,ManufacturingOD,male,1.0,0,1.0,0.3744292237442922,0.0,0.6255707762557078,0.5223213456291086,0.0,0.4776786543708914,0.033003090871865315,0.0,0.9669969091281347,0.24295007706944896,0.0,0.7570499229305511,0.2931759343286788,0,non-human,4,1,0,1,0,1,1,1,0,4,1,human,out-of-fold,review,1.0
815722845,youngtre_ygk,male,1.0,0,1.0,0.5247148288973384,0.0,0.47528517110266155,0.4611328308995304,0.0,0.5388671691004696,3.8095407536261633e-07,0.0,0.9999996190459246,0.452876947354093,0.0,0.547123052645907,0.3596812470262593,0,non-human,4,1,0,1,0,1,1,1,0,4,1,human,out-of-fold,review,1.0
815722998,bizzyboneee,male,1.0,0,1.0,0.25925925925925924,0.0,0.7407407407407407,0.5699473990869722,0.0,0.43005260091302777,0.04894083163481192,0.0,0.9510591683651881,0.3047251797330402,0.0,0.6952748202669599,0.29571816742852086,0,non-human,4,1,0,1,0,1,1,1,0,4,1,human,out-of-fold,review,1.0
815723005,SportsMasterDan,male,1.0,0,1.0,0.48134328358208955,0.0,0.5186567164179104,0.3323427204819071,0.0,0.6676572795180928,0.09727133324495439,0.0,0.9027286667550456,0.4245174725323395,0.0,0.5754825274676605,0.33386870246032263,0,non-human,4,1,0,1,0,1,1,1,0,4,1,human,out-of-fold,review,1.0
815723091,DirectorySootle,brand,1.0,0,0.0,0.6616161616161617,1.0,0.6616161616161617,0.6717499125860315,1.0,0.6717499125860315,0.9999999992516564,1.0,0.9999999992516564,0.570662053594966,1.0,0.570662053594966,0.7260070317622038,1,human,4,1,0,1,0,1,1,1,0,4,1,non-human,out-of-fold,review,1.0
815723129,SHP_Balance,male,1.0,0,1.0,0.3181818181818182,0.0,0.6818181818181819,0.34307365591825256,0.0,0.6569263440817474,0.00010909586754119521,0.0,0.9998909041324588,0.23247556505997752,0.0,0.7675244349400225,0.22346003375689732,0,non-human,4,1,0,1,0,1,1,1,0,4,1,human,out-of-fold,review,1.0
815723132,FundaCastro,female,1.0,0,1.0,0.24953789279112754,0.0,0.7504621072088724,0.5716878007390648,0.0,0.4283121992609352,0.13874046681682,0.0,0.86125953318318,0.27181186194114415,0.0,0.7281881380588558,0.3079445055720391,0,non-human,4,1,0,1,0,1,1,1,0,4,1,human,out-of-fold,review,1.0
815723213,USMCareerSrvcs,brand,1.0,0,0.0,0.5826086956521739,1.0,0.5826086956521739,0.766804268970777,1.0,0.766804268970777,0.9947835206494766,1.0,0.9947835206494766,0.7458303935548909,1.0,0.7458303935548909,0.7725067197068296,1,human,4,1,0,1,0,1,1,1,0,4,1,non-human,out-of-fold,review,1.0
815723217,LoyaltyTruth,male,1.0,0,1.0,0.5445544554455446,0.0,0.4554455445544554,0.45346290775163467,0.0,0.5465370922483653,0.0002676641142721184,0.0,0.9997323358857279,0.4709190705447701,0.0,0.5290809294552299,0.3673010244640554,0,non-human,4,1,0,1,0,1,1,1,0,4,1,human,out-of-fold,review,1.0
815723226,JJonesUCD,female,1.0,0,1.0,0.3978201634877384,0.0,0.6021798365122616,0.58396623899804,0.0,0.41603376100196,0.05791037616208265,0.0,0.9420896238379174,0.46223131251057425,0.0,0.5377686874894257,0.37548202278960885,0,non-human,4,1,0,1,0,1,1,1,0,4,1,human,out-of-fold,review,1.0
815723285,nationalrailenq,brand,1.0,0,0.0,0.6704545454545454,1.0,0.6704545454545454,0.6571354230946913,1.0,0.6571354230946913,0.8276268670848733,1.0,0.8276268670848733,0.653849617183948,1.0,0.653849617183948,0.7022666132045146,1,human,4,1,0,1,0,1,1,1,0,4,1,non-human,out-of-fold,review,1.0
815723385,Shaydoeshair,female,1.0,0,1.0,0.48951048951048953,0.0,0.5104895104895104,0.4202040375692216,0.0,0.5797959624307785,0.0596187405437879,0.0,0.9403812594562121,0.4571223453094502,0.0,0.5428776546905498,0.3566139032332373,0,non-human,4,1,0,1,0,1,1,1,0,4,1,human,out-of-fold,review,1.0
815723739,AnimeRFC,male,1.0,0,1.0,0.3906810035842294,0.0,0.6093189964157706,0.4897196702380708,0.0,0.5102803297619292,0.040042155553736296,0.0,0.9599578444462638,0.390645661437694,0.0,0.6093543385623059,0.32777212270343264,0,non-human,4,1,0,1,0,1,1,1,0,4,1,human,out-of-fold,review,1.0
815723799,carloslopezink,male,1.0,0,1.0,0.24953789279112754,0.0,0.7504621072088724,0.334699458342945,0.0,0.665300541657055,0.04089471820911503,0.0,0.959105281790885,0.27030723117770533,0.0,0.7296927688222947,0.22385982513022323,0,non-human,4,1,0,1,0,1,1,1,0,4,1,human,out-of-fold,review,1.0
815723820,kenspellman,male,1.0,0,1.0,0.48951048951048953,0.0,0.5104895104895104,0.572422307097095,0.0,0.42757769290290504,0.08639482645879364,0.0,0.9136051735412064,0.49129903173539086,0.0,0.5087009682646091,0.40990666370044226,0,non-human,4,1,0,1,0,1,1,1,0,4,1,human,out-of-fold,review,1.0
815723855,Rotary,brand,1.0,0,0.0,0.8031496062992126,1.0,0.8031496062992126,0.6301973778847005,1.0,0.6301973778847005,0.7666334995769766,1.0,0.7666334995769766,0.6703431080835486,1.0,0.6703431080835486,0.7175808979611097,1,human,4,1,1,1,0,1,0,1,0,4,1,non-human,out-of-fold,review,1.0
815723864,Integro,brand,1.0,0,0.0,0.7926829268292683,1.0,0.7926829268292683,0.7235460394889951,1.0,0.7235460394889951,0.950234316612836,1.0,0.950234316612836,0.6938218931900565,1.0,0.6938218931900565,0.790071294030289,1,human,4,1,0,1,0,1,1,1,0,4,1,non-human,out-of-fold,review,1.0
815723872,LePwnerer,male,1.0,0,1.0,0.38926174496644295,0.0,0.610738255033557,0.35103036942093035,0.0,0.6489696305790696,0.0032845383231203933,0.0,0.9967154616768796,0.4252100482982503,0.0,0.5747899517017496,0.292196675252186,0,non-human,4,1,0,1,0,1,1,1,0,4,1,human,out-of-fold,review,1.0
815723984,KaraboAdvocate,male,1.0,0,1.0,0.41379310344827586,0.0,0.5862068965517242,0.5132443678906391,0.0,0.4867556321093609,0.00021193502148269866,0.0,0.9997880649785174,0.39529101712366643,0.0,0.6047089828763336,0.33063510587101597,0,non-human,4,1,0,1,0,1,1,1,0,4,1,human,out-of-fold,review,1.0
815724036,bonniehart1,female,1.0,0,1.0,0.20987654320987653,0.0,0.7901234567901234,0.4608203451646638,0.0,0.5391796548353363,0.00920707038195628,0.0,0.9907929296180438,0.4869608300763784,0.0,0.5130391699236216,0.29171619720821873,0,non-human,4,1,0,1,0,1,1,1,0,4,1,human,out-of-fold,review,1.0
815724057,CapDemo,brand,1.0,0,0.0,0.6538461538461539,1.0,0.6538461538461539,0.6757438048099987,1.0,0.6757438048099987,0.9915099967763419,1.0,0.9915099967763419,0.7508220584835295,1.0,0.7508220584835295,0.7679805034790059,1,human,4,1,0,1,0,1,1,1,0,4,1,non-human,out-of-fold,review,1.0
815724090,LisaClosson,female,1.0,0,1.0,0.525,0.0,0.475,0.5239468698006144,0.0,0.47605313019938555,0.007055940685190332,0.0,0.9929440593148097,0.22120179786603372,0.0,0.7787982021339663,0.31930115208795967,0,non-human,4,1,0,1,0,1,1,1,0,4,1,human,out-of-fold,review,1.0
815724336,Forbes_Entrepre,male,1.0,0,1.0,0.3123644251626898,0.0,0.6876355748373102,0.462336487228015,0.0,0.537663512771985,0.030647229232697665,0.0,0.9693527707673023,0.3274821704309891,0.0,0.6725178295690108,0.2832075780135979,0,non-human,4,1,0,1,0,1,1,1,0,4,1,human,out-of-fold,review,1.0
815724409,am_yungpayne,male,1.0,0,1.0,0.2979865771812081,0.0,0.702013422818792,0.39200625636830905,0.0,0.6079937436316909,0.0005021262234122852,0.0,0.9994978737765877,0.21387504809502414,0.0,0.7861249519049759,0.22609250196698838,0,non-human,4,1,0,1,0,1,1,1,0,4,1,human,out-of-fold,review,1.0
815724478,potterscarniall,male,1.0,0,1.0,0.3744292237442922,0.0,0.6255707762557078,0.6008274113353121,0.0,0.39917258866468786,4.971423036898942e-06,0.0,0.9999950285769631,0.30592075967428667,0.0,0.6940792403257133,0.320295591544232,0,non-human,4,1,0,1,0,1,1,1,0,4,1,human,out-of-fold,review,1.0
815724514,gracieopulanza,female,1.0,0,1.0,0.27906976744186046,0.0,0.7209302325581395,0.4402050181369809,0.0,0.5597949818630191,0.0013144828904764387,0.0,0.9986855171095236,0.32977099203682,0.0,0.6702290079631801,0.26259006512653443,0,non-human,4,1,0,1,0,1,1,1,0,4,1,human,out-of-fold,review,1.0
815724550,ClarissaClemens,female,1.0,0,1.0,0.3333333333333333,0.0,0.6666666666666667,0.392233951597062,0.0,0.607766048402938,0.0006184403447664059,0.0,0.9993815596552336,0.2688365168003157,0.0,0.7311634831996843,0.24875556051886938,0,non-human,4,1,0,1,0,1,1,1,0,4,1,human,out-of-fold,review,1.0
815724597,danrainey,male,1.0,0,1.0,0.2899786780383795,0.0,0.7100213219616205,0.4720350448227058,0.0,0.5279649551772942,0.17376128722062345,0.0,0.8262387127793765,0.400603701342559,0.0,0.599396298657441,0.33409467785606695,0,non-human,4,1,0,1,0,1,1,1,0,4,1,human,out-of-fold,review,1.0
815724634,GaryJMcLaren,male,1.0,0,1.0,0.2899786780383795,0.0,0.7100213219616205,0.5267234496530127,0.0,0.47327655034698735,0.0009044925883826245,0.0,0.9990955074116173,0.25795404790530657,0.0,0.7420459520946934,0.26889016704627033,0,non-human,4,1,0,1,0,1,1,1,0,4,1,human,out-of-fold,review,1.0
815724660,marianrasfeld,female,1.0,0,1.0,0.37866666666666665,0.0,0.6213333333333333,0.47412548114088515,0.0,0.5258745188591148,0.1494734046927674,0.0,0.8505265953072326,0.48489151507449996,0.0,0.5151084849255001,0.3717892668937048,0,non-human,4,1,0,1,0,1,1,1,0,4,1,human,out-of-fold,review,1.0
815724755,EliseRasha,female,1.0,0,1.0,0.5238095238095238,0.0,0.47619047619047616,0.5952444776735794,0.0,0.40475552232642065,0.18415280654482546,0.0,0.8158471934551745,0.41337980644484584,0.0,0.5866201935551542,0.4291466536181936,0,non-human,4,1,0,1,0,1,1,1,0,4,1,human,out-of-fold,review,1.0
815724878,CandyRandy_DJ,male,1.0,0,1.0,0.24953789279112754,0.0,0.7504621072088724,0.491302668454457,0.0,0.508697331545543,0.0004813848483115315,0.0,0.9995186151516885,0.37985395670570354,0.0,0.6201460432942965,0.2802939756998999,0,non-human,4,1,0,1,0,1,1,1,0,4,1,human,out-of-fold,review,1.0
815724984,electriccloud,brand,1.0,0,0.0,0.782608695652174,1.0,0.782608695652174,0.7335726816847097,1.0,0.7335726816847097,0.9698611198962895,1.0,0.9698611198962895,0.5410093999223226,1.0,0.5410093999223226,0.756762974288874,1,human,4,1,0,1,0,1,1,1,0,4,1,non-human,out-of-fold,review,1.0
815725008,BillyRussel55,male,1.0,0,1.0,0.46405228758169936,0.0,0.5359477124183006,0.4534843895484265,0.0,0.5465156104515735,0.00945306453085749,0.0,0.9905469354691425,0.3068831009770316,0.0,0.6931168990229684,0.30846821065950375,0,non-human,4,1,0,1,0,1,1,1,0,4,1,human,out-of-fold,review,1.0
815725167,josewhales,male,1.0,0,1.0,0.24953789279112754,0.0,0.7504621072088724,0.6034653226415381,0.0,0.39653467735846193,0.0441659144759929,0.0,0.9558340855240071,0.40879469147779723,0.0,0.5912053085222028,0.326490955346614,0,non-human,4,1,0,1,0,1,1,1,0,4,1,human,out-of-fold,review,1.0
815725196,danielbfreed,male,1.0,0,1.0,0.3665338645418327,0.0,0.6334661354581673,0.385818867718453,0.0,0.614181132281547,0.03316475525354381,0.0,0.9668352447464562,0.3937585119052503,0.0,0.6062414880947498,0.29481899985476995,0,non-human,4,1,0,1,0,1,1,1,0,4,1,human,out-of-fold,review,1.0
815725420,gjohnson2009,female,1.0,0,1.0,0.20987654320987653,0.0,0.7901234567901234,0.5188259440330751,0.0,0.48117405596692486,0.04748904137953664,0.0,0.9525109586204633,0.5309385433371067,0.0,0.46906145666289334,0.32678251798989877,0,non-human,4,1,0,1,0,1,1,1,0,4,1,human,out-of-fold,review,1.0
815725425,trumanaoconnor,male,1.0,0,1.0,0.38926174496644295,0.0,0.610738255033557,0.5620998593325793,0.0,0.43790014066742067,0.00029990200579451786,0.0,0.9997000979942054,0.30636608456050013,0.0,0.6936339154394999,0.3145068977163292,0,non-human,4,1,0,1,0,1,1,1,0,4,1,human,out-of-fold,review,1.0
815725441,0N1K6,male,1.0,0,1.0,0.46405228758169936,0.0,0.5359477124183006,0.585999693441888,0.0,0.41400030655811204,0.11659306843561967,0.0,0.8834069315643803,0.35653160456872046,0.0,0.6434683954312795,0.3807941635069818,0,non-human,4,1,0,1,0,1,1,1,0,4,1,human,out-of-fold,review,1.0
815725542,Peter_Binary,male,1.0,0,1.0,0.38926174496644295,0.0,0.610738255033557,0.515901497592208,0.0,0.48409850240779195,0.15342352781631763,0.0,0.8465764721836824,0.31948577679828805,0.0,0.680514223201712,0.3445181367933142,0,non-human,4,1,0,1,0,1,1,1,0,4,1,human,out-of-fold,review,1.0
815725550,SMACKHighCT,brand,1.0,0,0.0,0.7906976744186046,1.0,0.7906976744186046,0.7666383172093382,1.0,0.7666383172093382,0.9820483827030017,1.0,0.9820483827030017,0.7374770532617928,1.0,0.7374770532617928,0.8192153568981844,1,human,4,1,0,1,0,1,1,1,0,4,1,non-human,out-of-fold,review,1.0
815725608,TriNet,brand,1.0,0,0.0,0.6630434782608695,1.0,0.6630434782608695,0.6458502533662707,1.0,0.6458502533662707,0.997920539742319,1.0,0.997920539742319,0.6462563960759476,1.0,0.6462563960759476,0.7382676668613517,1,human,4,1,0,1,0,1,1,1,0,4,1,non-human,out-of-fold,review,1.0
815725746,wuhobitoqoj,female,1.0,0,1.0,0.3695652173913043,0.0,0.6304347826086957,0.48151407924588396,0.0,0.518485920754116,0.10202217538614071,0.0,0.8979778246138593,0.21078685021267266,0.0,0.7892131497873274,0.2909720805590004,0,non-human,4,1,0,1,0,1,1,1,0,4,1,human,out-of-fold,review,1.0
815725781,Chloeprotz,female,1.0,0,1.0,0.36,0.0,0.64,0.38288126976762604,0.0,0.617118730232374,0.0018483039128027528,0.0,0.9981516960871972,0.5178430465545074,0.0,0.4821569534454926,0.3156431550587341,0,non-human,4,1,0,1,0,1,1,1,0,4,1,human,out-of-fold,review,1.0
815725866,LeadWithVideo,female,1.0,0,1.0,0.3181818181818182,0.0,0.6818181818181819,0.40943216205981475,0.0,0.5905678379401853,7.136603552792274e-13,0.0,0.9999999999992863,0.26092823784493974,0.0,0.7390717621550602,0.24713555452182157,0,non-human,4,1,0,1,0,1,1,1,0,4,1,human,out-of-fold,review,1.0
815725880,Dunsindunxon,male,1.0,0,1.0,0.24953789279112754,0.0,0.7504621072088724,0.3932899769479068,0.0,0.6067100230520932,0.00045796817520736294,0.0,0.9995420318247926,0.24751294348825914,0.0,0.7524870565117409,0.22269969535062523,0,non-human,4,1,0,1,0,1,1,1,0,4,1,human,out-of-fold,review,1.0
815725910,RhemaVerses,female,1.0,0,1.0,0.41304347826086957,0.0,0.5869565217391304,0.3889003806813774,0.0,0.6110996193186227,0.04638468674156658,0.0,0.9536153132584334,0.2848623540562239,0.0,0.7151376459437762,0.2832977249350094,0,non-human,4,1,0,1,0,1,1,1,0,4,1,human,out-of-fold,review,1.0
815725932,minnieminzyminx,female,1.0,0,1.0,0.3978201634877384,0.0,0.6021798365122616,0.5317052976307975,0.0,0.46829470236920245,0.17706087195906817,0.0,0.8229391280409318,0.4048127212194385,0.0,0.5951872787805614,0.3778497635742607,0,non-human,4,1,0,1,0,1,1,1,0,4,1,human,out-of-fold,review,1.0
815725960,bzatrok,male,1.0,0,1.0,0.48148148148148145,0.0,0.5185185185185186,0.42557883063083557,0.0,0.5744211693691644,0.04635598574623499,0.0,0.953644014253765,0.3632046659478827,0.0,0.6367953340521173,0.3291552409516087,0,non-human,4,1,0,1,0,1,1,1,0,4,1,human,out-of-fold,review,1.0
815725978,harriet_grose,female,1.0,0,1.0,0.23728813559322035,0.0,0.7627118644067796,0.5762639302539013,0.0,0.4237360697460987,0.0016832764041806658,0.0,0.9983167235958194,0.24458077030565664,0.0,0.7554192296943434,0.26495402813923974,0,non-human,4,1,0,1,0,1,1,1,0,4,1,human,out-of-fold,review,1.0
815725992,lezizukyxody,female,1.0,0,1.0,0.21428571428571427,0.0,0.7857142857142857,0.5011569328205775,0.0,0.4988430671794225,5.061306291079513e-05,0.0,0.9999493869370892,0.31433015973467376,0.0,0.6856698402653263,0.25745585497596907,0,non-human,4,1,0,1,0,1,1,1,0,4,1,human,out-of-fold,review,1.0
815726115,ddinnawi,female,1.0,0,1.0,0.2979865771812081,0.0,0.702013422818792,0.49680378516118007,0.0,0.5031962148388199,0.0619622809292824,0.0,0.9380377190707176,0.5142286698486637,0.0,0.48577133015133633,0.3427453282800835,0,non-human,4,1,0,1,0,1,1,1,0,4,1,human,out-of-fold,review,1.0
815726145,aglawpaul,male,1.0,0,1.0,0.3978201634877384,0.0,0.6021798365122616,0.37594329344944893,0.0,0.6240567065505511,0.020864604906515677,0.0,0.9791353950934844,0.24909919097227678,0.0,0.7509008090277232,0.26093181320399494,0,non-human,4,1,0,1,0,1,1,1,0,4,1,human,out-of-fold,review,1.0
815726146,simonbrown,male,1.0,0,1.0,0.5185185185185185,0.0,0.4814814814814815,0.5800658516899622,0.0,0.41993414831003784,0.07861304650395855,0.0,0.9213869534960415,0.40569904522400463,0.0,0.5943009547759954,0.3957241154841109,0,non-human,4,1,0,1,0,1,1,1,0,4,1,human,out-of-fold,review,1.0
815726231,BnGBlitz,male,1.0,0,1.0,0.3,0.0,0.7,0.5228113308405409,0.0,0.4771886691594591,0.19008080566701452,0.0,0.8099191943329855,0.28028835060392565,0.0,0.7197116493960743,0.32329512177787023,0,non-human,4,1,0,1,0,1,1,1,0,4,1,human,out-of-fold,review,1.0
815726367,alansphotos,male,1.0,0,1.0,0.5247148288973384,0.0,0.47528517110266155,0.3651244434636026,0.0,0.6348755565363974,0.01147753908275072,0.0,0.9885224609172493,0.27538521592892823,0.0,0.7246147840710717,0.294175506843155,0,non-human,4,1,0,1,0,1,1,1,0,4,1,human,out-of-fold,review,1.0
815726438,RedRiverChamber,brand,1.0,0,0.0,0.96,1.0,0.96,0.6632615098907112,1.0,0.6632615098907112,0.547180511313371,1.0,0.547180511313371,0.723937910446073,1.0,0.723937910446073,0.7235949829125389,1,human,4,1,1,1,0,1,0,1,0,4,1,non-human,out-of-fold,review,1.0
815726469,EiseleKaren,female,1.0,0,1.0,0.20987654320987653,0.0,0.7901234567901234,0.5761263311639205,0.0,0.42387366883607946,0.11417213430783939,0.0,0.8858278656921607,0.2820084787444436,0.0,0.7179915212555563,0.29554587185652,0,non-human,4,1,0,1,0,1,1,1,0,4,1,human,out-of-fold,review,1.0
815726498,WVON1690,brand,1.0,0,0.0,0.7164179104477612,1.0,0.7164179104477612,0.7713256945919866,1.0,0.7713256945919866,0.6985604583117265,1.0,0.6985604583117265,0.8983377822642482,1.0,0.8983377822642482,0.7711604614039306,1,human,4,1,0,1,0,1,0,1,1,4,1,non-human,out-of-fold,review,1.0
815726517,ColorFunFest,brand,1.0,0,0.0,0.6704545454545454,1.0,0.6704545454545454,0.6311902517182246,1.0,0.6311902517182246,0.953813490871033,1.0,0.953813490871033,0.59153621519974,1.0,0.59153621519974,0.7117486258108857,1,human,4,1,0,1,0,1,1,1,0,4,1,non-human,out-of-fold,review,1.0
815726553,DaveOnContent,male,1.0,0,1.0,0.2899786780383795,0.0,0.7100213219616205,0.3689081131546007,0.0,0.6310918868453993,0.16743170358614884,0.0,0.8325682964138512,0.2594010981295125,0.0,0.7405989018704875,0.2714298982271604,0,non-human,4,1,0,1,0,1,1,1,0,4,1,human,out-of-fold,review,1.0
815726559,mondinion,brand,1.0,0,0.0,0.7222222222222222,1.0,0.7222222222222222,0.7859238938447701,1.0,0.7859238938447701,0.9275863815160866,1.0,0.9275863815160866,0.5765069483772429,1.0,0.5765069483772429,0.7530598614900805,1,human,4,1,0,1,0,1,1,1,0,4,1,non-human,out-of-fold,review,1.0
815726624,JenneySandy,female,1.0,0,1.0,0.37866666666666665,0.0,0.6213333333333333,0.27744868729828964,0.0,0.7225513127017104,0.0007618629769876348,0.0,0.9992381370230123,0.24123621139071064,0.0,0.7587637886092894,0.22452835708316363,0,non-human,4,1,0,1,0,1,1,1,0,4,1,human,out-of-fold,review,1.0
815726725,anahansentweets,female,1.0,0,1.0,0.2899786780383795,0.0,0.7100213219616205,0.5796014622432353,0.0,0.4203985377567647,0.02615008376332341,0.0,0.9738499162366766,0.3275384170074166,0.0,0.6724615829925834,0.3058171602630887,0,non-human,4,1,0,1,0,1,1,1,0,4,1,human,out-of-fold,review,1.0
815726746,HometownClique,brand,1.0,0,0.0,0.7906976744186046,1.0,0.7906976744186046,0.7593960623824989,1.0,0.7593960623824989,0.9997203860877409,1.0,0.9997203860877409,0.7743835884829672,1.0,0.7743835884829672,0.8310494278429529,1,human,4,1,0,1,0,1,1,1,0,4,1,non-human,out-of-fold,review,1.0
815726911,JJJ_SB,male,1.0,0,1.0,0.24953789279112754,0.0,0.7504621072088724,0.5318763930048969,0.0,0.46812360699510314,0.03109057230789727,0.0,0.9689094276921028,0.4669356386438186,0.0,0.5330643613561814,0.3198601241869351,0,non-human,4,1,0,1,0,1,1,1,0,4,1,human,out-of-fold,review,1.0
815726922,femmyoju,male,1.0,0,1.0,0.3281853281853282,0.0,0.6718146718146718,0.5342315080103105,0.0,0.4657684919896895,0.07225463338059256,0.0,0.9277453666194074,0.5133987051380514,0.0,0.4866012948619486,0.36201754367857064,0,non-human,4,1,0,1,0,1,1,1,0,4,1,human,out-of-fold,review,1.0
815726970,OrganicCupcakes,female,1.0,0,1.0,0.5502958579881657,0.0,0.4497041420118343,0.563907168317252,0.0,0.43609283168274804,0.006172856858913523,0.0,0.9938271431410864,0.5174753767540178,0.0,0.4825246232459822,0.40946281497958725,0,non-human,4,1,0,1,0,1,1,1,0,4,1,human,out-of-fold,review,1.0
815726975,inspiredFIT,female,1.0,0,1.0,0.3281853281853282,0.0,0.6718146718146718,0.45389478760480445,0.0,0.5461052123951955,0.19733311477080887,0.0,0.8026668852291912,0.436527226838852,0.0,0.563472773161148,0.3539851143499484,0,non-human,4,1,0,1,0,1,1,1,0,4,1,human,out-of-fold,review,1.0
815726977,bose_58,female,1.0,0,1.0,0.56,0.0,0.43999999999999995,0.6108493144057225,0.0,0.38915068559427746,1.3832793581984447e-89,0.0,1.0,0.41430995824563266,0.0,0.5856900417543673,0.3962898181628388,0,non-human,4,1,0,1,0,1,1,1,0,4,1,human,out-of-fold,review,1.0
815727032,wilkinsonpaul4,male,1.0,0,1.0,0.20689655172413793,0.0,0.7931034482758621,0.37109151707693633,0.0,0.6289084829230637,0.001647303720911442,0.0,0.9983526962790885,0.3357512678132008,0.0,0.6642487321867991,0.22884666008379662,0,non-human,4,1,0,1,0,1,1,1,0,4,1,human,out-of-fold,review,1.0
815727048,APlaceForMom,brand,1.0,0,0.0,0.7580645161290323,1.0,0.7580645161290323,0.6433849186818702,1.0,0.6433849186818702,0.8101505115611595,1.0,0.8101505115611595,0.5872532591700953,1.0,0.5872532591700953,0.6997133013855392,1,human,4,1,0,1,0,1,1,1,0,4,1,non-human,out-of-fold,review,1.0
815727213,Lillian_Too_,female,1.0,0,1.0,0.3978201634877384,0.0,0.6021798365122616,0.33092413469093285,0.0,0.6690758653090672,0.12961115115734242,0.0,0.8703888488426575,0.23260917704663353,0.0,0.7673908229533665,0.2727411565956618,0,non-human,4,1,0,1,0,1,1,1,0,4,1,human,out-of-fold,review,1.0
815727252,SpeakServeGrow,female,1.0,0,1.0,0.49047619047619045,0.0,0.5095238095238095,0.44149396759042664,0.0,0.5585060324095734,0.013828873170327187,0.0,0.9861711268296728,0.47244715940778614,0.0,0.5275528405922139,0.35456154766118264,0,non-human,4,1,0,1,0,1,1,1,0,4,1,human,out-of-fold,review,1.0
815727378,_Euijin,female,1.0,0,1.0,0.5263157894736842,0.0,0.4736842105263158,0.33956233399836466,0.0,0.6604376660016353,0.014298277232379418,0.0,0.9857017227676206,0.3123392410135406,0.0,0.6876607589864594,0.2981289104294922,0,non-human,4,1,0,1,0,1,1,1,0,4,1,human,out-of-fold,review,1.0
815727383,CellyD5,female,1.0,0,1.0,0.5445544554455446,0.0,0.4554455445544554,0.469277412148841,0.0,0.530722587851159,2.8606940872852136e-11,0.0,0.9999999999713931,0.38595442064937074,0.0,0.6140455793506292,0.3499465720680908,0,non-human,4,1,0,1,0,1,1,1,0,4,1,human,out-of-fold,review,1.0
815727437,Vikaslamba19,male,1.0,0,1.0,0.46853146853146854,0.0,0.5314685314685315,0.38329663350196524,0.0,0.6167033664980348,0.03579717808714555,0.0,0.9642028219128544,0.49137274435397443,0.0,0.5086272556460256,0.3447495061186384,0,non-human,4,1,0,1,0,1,1,1,0,4,1,human,out-of-fold,review,1.0
815727639,AlexisGlick,female,1.0,0,1.0,0.5502958579881657,0.0,0.4497041420118343,0.4624668600482331,0.0,0.5375331399517669,0.0019479021769870889,0.0,0.998052097823013,0.3277049210704526,0.0,0.6722950789295474,0.3356038853209596,0,non-human,4,1,0,1,0,1,1,1,0,4,1,human,out-of-fold,review,1.0
815727739,NowOnWHUS,brand,1.0,0,0.0,0.76,1.0,0.76,0.7562085008510689,1.0,0.7562085008510689,0.9999316345861333,1.0,0.9999316345861333,0.6228129493732056,1.0,0.6228129493732056,0.7847382712026019,1,human,4,1,0,1,0,1,1,1,0,4,1,non-human,out-of-fold,review,1.0
815727784,datafrancois,male,1.0,0,1.0,0.48134328358208955,0.0,0.5186567164179104,0.39070225815476683,0.0,0.6092977418452332,0.054477738048507314,0.0,0.9455222619514927,0.3074603659511232,0.0,0.6925396340488768,0.30849591143412175,0,non-human,4,1,0,1,0,1,1,1,0,4,1,human,out-of-fold,review,1.0
815728144,thefeelosopher,male,1.0,0,1.0,0.24953789279112754,0.0,0.7504621072088724,0.5425321096419513,0.0,0.4574678903580487,0.1113150775506518,0.0,0.8886849224493482,0.4998556602006737,0.0,0.5001443397993264,0.3508101850461011,0,non-human,4,1,0,1,0,1,1,1,0,4,1,human,out-of-fold,review,1.0
815728198,soundhunterweb,male,1.0,0,1.0,0.3123644251626898,0.0,0.6876355748373102,0.2202365434543946,0.0,0.7797634565456054,0.026679422328744623,0.0,0.9733205776712553,0.30736912574163955,0.0,0.6926308742583605,0.21666237917186715,0,non-human,4,1,0,1,0,1,1,1,0,4,1,human,out-of-fold,review,1.0
815728210,tickingoxon,brand,1.0,0,0.0,0.813953488372093,1.0,0.813953488372093,0.6569876584629916,1.0,0.6569876584629916,0.5948427878619884,1.0,0.5948427878619884,0.667296820274862,1.0,0.667296820274862,0.6832701887429838,1,human,4,1,1,1,0,1,0,1,0,4,1,non-human,out-of-fold,review,1.0
815728264,daemon_hitman,female,1.0,0,1.0,0.3744292237442922,0.0,0.6255707762557078,0.6008317999922196,0.0,0.3991682000077804,0.1820708069468644,0.0,0.8179291930531356,0.36153325154468924,0.0,0.6384667484553108,0.37971627055701634,0,non-human,4,1,0,1,0,1,1,1,0,4,1,human,out-of-fold,review,1.0
815728292,UFS_SRC,brand,1.0,0,0.0,0.7448275862068966,1.0,0.7448275862068966,0.7088587699294852,1.0,0.7088587699294852,0.8213074818625233,1.0,0.8213074818625233,0.652482014437987,1.0,0.652482014437987,0.731868963109223,1,human,4,1,0,1,0,1,1,1,0,4,1,non-human,out-of-fold,review,1.0
815728511,UCLUDebatingSoc,brand,1.0,0,0.0,0.7448275862068966,1.0,0.7448275862068966,0.7621187538251698,1.0,0.7621187538251698,0.8958038036564028,1.0,0.8958038036564028,0.7045795860125618,1.0,0.7045795860125618,0.7768324324252578,1,human,4,1,0,1,0,1,1,1,0,4,1,non-human,out-of-fold,review,1.0
815728574,VKynton,male,1.0,0,1.0,0.24953789279112754,0.0,0.7504621072088724,0.21789153165199077,0.0,0.7821084683480093,0.06468769529007488,0.0,0.9353123047099251,0.2895328017885122,0.0,0.7104671982114878,0.20541248038042637,0,non-human,4,1,0,1,0,1,1,1,0,4,1,human,out-of-fold,review,1.0
815729259,Karceno,male,1.0,0,1.0,0.48951048951048953,0.0,0.5104895104895104,0.5309856395320146,0.0,0.4690143604679854,2.3116871800806478e-09,0.0,0.9999999976883128,0.41890746291190767,0.0,0.5810925370880924,0.35985089856652475,0,non-human,4,1,0,1,0,1,1,1,0,4,1,human,out-of-fold,review,1.0
815729279,DiversityIsALie,brand,1.0,0,0.0,0.7727272727272727,1.0,0.7727272727272727,0.8222859249976454,1.0,0.8222859249976454,0.7899884124776411,1.0,0.7899884124776411,0.798990483643213,1.0,0.798990483643213,0.795998023461443,1,human,4,1,0,1,1,1,0,1,0,4,1,non-human,out-of-fold,review,1.0
815729288,9Ja_CoP,male,1.0,0,1.0,0.5185185185185185,0.0,0.4814814814814815,0.5270168676786087,0.0,0.47298313232139133,0.17479059187784088,0.0,0.8252094081221591,0.457524342208792,0.0,0.542475657791208,0.41946258007094006,0,non-human,4,1,0,1,0,1,1,1,0,4,1,human,out-of-fold,review,1.0
815729306,leaderethics,female,1.0,0,1.0,0.3665338645418327,0.0,0.6334661354581673,0.5393066271905524,0.0,0.46069337280944755,0.07548843984985401,0.0,0.924511560150146,0.45053896936541066,0.0,0.5494610306345893,0.35796697523691245,0,non-human,4,1,0,1,0,1,1,1,0,4,1,human,out-of-fold,review,1.0
815729534,Wellblocks,brand,1.0,0,0.0,0.5967741935483871,1.0,0.5967741935483871,0.7555223108623961,1.0,0.7555223108623961,0.9909848913245037,1.0,0.9909848913245037,0.593462839361027,1.0,0.593462839361027,0.7341860587740785,1,human,4,1,0,1,0,1,1,1,0,4,1,non-human,out-of-fold,review,1.0
815729578,MeijerGardens,brand,1.0,0,0.0,0.7902097902097902,1.0,0.7902097902097902,0.6975277977262899,1.0,0.6975277977262899,0.9435081038625873,1.0,0.9435081038625873,0.7739947654030173,1.0,0.7739947654030173,0.8013101143004211,1,human,4,1,0,1,0,1,1,1,0,4,1,non-human,out-of-fold,review,1.0
815729610,gunasee07,male,1.0,0,1.0,0.28,0.0,0.72,0.5568226878430096,0.0,0.4431773121569904,0.016666938243286092,0.0,0.9833330617567139,0.5206181181464213,0.0,0.47938188185357866,0.3435269360581793,0,non-human,4,1,0,1,0,1,1,1,0,4,1,human,out-of-fold,review,1.0
815729669,llednicer,female,1.0,0,1.0,0.20987654320987653,0.0,0.7901234567901234,0.5311489751605384,0.0,0.4688510248394616,0.06939906335060153,0.0,0.9306009366493985,0.48006899947092957,0.0,0.5199310005290705,0.3226233952979865,0,non-human,4,1,0,1,0,1,1,1,0,4,1,human,out-of-fold,review,1.0
815729679,JackEndeavour,male,1.0,0,1.0,0.2979865771812081,0.0,0.702013422818792,0.4468485235916453,0.0,0.5531514764083547,4.0068514274737995e-06,0.0,0.9999959931485726,0.2156284923917332,0.0,0.7843715076082668,0.2401169000040035,0,non-human,4,1,0,1,0,1,1,1,0,4,1,human,out-of-fold,review,1.0
815729743,fesylacinug,female,1.0,0,1.0,0.42105263157894735,0.0,0.5789473684210527,0.4531697852517258,0.0,0.5468302147482742,0.06508934558613125,0.0,0.9349106544138688,0.37948463579151587,0.0,0.6205153642084842,0.32969909955208004,0,non-human,4,1,0,1,0,1,1,1,0,4,1,human,out-of-fold,review,1.0
815729773,ashleyprofiles,male,1.0,1,1.0,0.30434782608695654,0.0,0.6956521739130435,0.2853536169638248,0.0,0.7146463830361752,0.007658028574365138,0.0,0.9923419714256349,0.412367574950001,0.0,0.587632425049999,0.2524317616437869,0,non-human,4,1,0,1,0,1,1,1,0,4,1,human,held-out candidate,review,1.0
815729926,904139Lynn,female,1.0,0,1.0,0.5172413793103449,0.0,0.48275862068965514,0.285315258787542,0.0,0.714684741212458,2.8200606638391926e-76,0.0,1.0,0.33036222736831755,0.0,0.6696377726316824,0.2832297163665511,0,non-human,4,1,0,1,0,1,1,1,0,4,1,human,out-of-fold,review,1.0
815729929,IProduce4rm313,male,1.0,0,1.0,0.25925925925925924,0.0,0.7407407407407407,0.21908442661497934,0.0,0.7809155733850206,1.246539725981194e-05,0.0,0.9999875346027401,0.28832391803614044,0.0,0.7116760819638596,0.1916700173269097,0,non-human,4,1,0,1,0,1,1,1,0,4,1,human,out-of-fold,review,1.0
815729958,AliceNicholls_,female,1.0,0,1.0,0.3,0.0,0.7,0.21628809341525965,0.0,0.7837119065847403,0.0272945987341765,0.0,0.9727054012658235,0.20623532511678183,0.0,0.7937646748832181,0.18745450431655447,0,non-human,4,1,0,1,0,1,1,1,0,4,1,human,out-of-fold,review,1.0
815730011,WorldTaiChiDay,brand,1.0,0,0.0,0.75,1.0,0.75,0.6772685713640308,1.0,0.6772685713640308,0.9988475753378073,1.0,0.9988475753378073,0.6849064631053707,1.0,0.6849064631053707,0.7777556524518022,1,human,4,1,0,1,0,1,1,1,0,4,1,non-human,out-of-fold,review,1.0
815730188,247HH,brand,1.0,0,0.0,0.74375,1.0,0.74375,0.9565878721349049,1.0,0.9565878721349049,0.41561897047503343,1.0,0.41561897047503343,0.7927098393756635,1.0,0.7927098393756635,0.7271666704964005,1,human,4,1,0,1,1,1,0,1,0,4,1,non-human,out-of-fold,review,1.0
815730200,JPickensRealtor,male,1.0,0,1.0,0.2979865771812081,0.0,0.702013422818792,0.5326623944454227,0.0,0.46733760555457726,0.25960650013875197,0.0,0.740393499861248,0.17271491264793698,0.0,0.827285087352063,0.31574259610332994,0,non-human,4,1,0,1,0,1,0,1,1,4,1,human,out-of-fold,review,1.0
815730371,Walls2Homes,male,1.0,0,1.0,0.3123644251626898,0.0,0.6876355748373102,0.5457641875238934,0.0,0.45423581247610656,0.008959226945118654,0.0,0.9910407730548814,0.24465300018733188,0.0,0.7553469998126681,0.27793520995475846,0,non-human,4,1,0,1,0,1,1,1,0,4,1,human,out-of-fold,review,1.0
815730377,chadbabybaby,male,1.0,0,1.0,0.4,0.0,0.6,0.5245589130009615,0.0,0.47544108699903853,0.027720816493790306,0.0,0.9722791835062097,0.33811736906319867,0.0,0.6618826309368013,0.3225992746394876,0,non-human,4,1,0,1,0,1,1,1,0,4,1,human,out-of-fold,review,1.0
815730486,TimberAndWolf,brand,1.0,0,0.0,0.6153846153846154,1.0,0.6153846153846154,0.7514293434633019,1.0,0.7514293434633019,0.9324280280746171,1.0,0.9324280280746171,0.5540574172972073,1.0,0.5540574172972073,0.7133248510549354,1,human,4,1,0,1,0,1,1,1,0,4,1,non-human,out-of-fold,review,1.0
815730492,drjameslfernau,male,1.0,0,1.0,0.3281853281853282,0.0,0.6718146718146718,0.4877793855175895,0.0,0.5122206144824105,1.47774446158378e-05,0.0,0.9999852225553841,0.2472804574601207,0.0,0.7527195425398793,0.26581498715191354,0,non-human,4,1,0,1,0,1,1,1,0,4,1,human,out-of-fold,review,1.0
815730532,nickgillespie,male,1.0,0,1.0,0.3,0.0,0.7,0.2565437575983431,0.0,0.7434562424016569,2.0784411615398114e-05,0.0,0.9999792155883847,0.21934655849112805,0.0,0.780653441508872,0.19397777512527162,0,non-human,4,1,0,1,0,1,1,1,0,4,1,human,out-of-fold,review,1.0
815730577,Inobsequens,brand,1.0,0,0.0,0.7717391304347826,1.0,0.7717391304347826,0.6708822495524523,1.0,0.6708822495524523,0.9859398001164649,1.0,0.9859398001164649,0.7796798644892047,1.0,0.7796798644892047,0.8020602611482262,1,human,4,1,0,1,0,1,1,1,0,4,1,non-human,out-of-fold,review,1.0
815730634,SKastrinelis,female,1.0,0,1.0,0.2979865771812081,0.0,0.702013422818792,0.4173070171422037,0.0,0.5826929828577962,0.0700919970669047,0.0,0.9299080029330953,0.2573103549149637,0.0,0.7426896450850363,0.26067398657632,0,non-human,4,1,0,1,0,1,1,1,0,4,1,human,out-of-fold,review,1.0
815730695,RobChadwickTC,male,1.0,0,1.0,0.4642857142857143,0.0,0.5357142857142857,0.47845619369202314,0.0,0.5215438063079769,0.00481836566634247,0.0,0.9951816343336576,0.4609346070835223,0.0,0.5390653929164777,0.3521237201819005,0,non-human,4,1,0,1,0,1,1,1,0,4,1,human,out-of-fold,review,1.0
815730750,Chadowboxx,female,1.0,0,1.0,0.3123644251626898,0.0,0.6876355748373102,0.38882176925241213,0.0,0.6111782307475879,1.5141725799100383e-10,0.0,0.9999999998485828,0.2901842590450892,0.0,0.7098157409549108,0.2478426134029021,0,non-human,4,1,0,1,0,1,1,1,0,4,1,human,out-of-fold,review,1.0
815730880,PearlyDenoble,female,1.0,0,1.0,0.41304347826086957,0.0,0.5869565217391304,0.3369499794556693,0.0,0.6630500205443307,0.19332232813942027,0.0,0.8066776718605797,0.2438530879038797,0.0,0.7561469120961203,0.2967922184399597,0,non-human,4,1,0,1,0,1,1,1,0,4,1,human,out-of-fold,review,1.0
815730996,gouchercollege,brand,1.0,0,0.0,0.6704545454545454,1.0,0.6704545454545454,0.6470471383147209,1.0,0.6470471383147209,0.9695642414055153,1.0,0.9695642414055153,0.7215876154665841,1.0,0.7215876154665841,0.7521633851603415,1,human,4,1,0,1,0,1,1,1,0,4,1,non-human,out-of-fold,review,1.0
815731029,Roger_The_Vet,male,1.0,0,1.0,0.22727272727272727,0.0,0.7727272727272727,0.4729280911955949,0.0,0.5270719088044051,0.0010333933553882619,0.0,0.9989666066446118,0.26007281267955784,0.0,0.7399271873204422,0.24032675612581705,0,non-human,4,1,0,1,0,1,1,1,0,4,1,human,out-of-fold,review,1.0
815731114,jamesmolyneux17,male,1.0,0,1.0,0.3902439024390244,0.0,0.6097560975609756,0.5735348988369234,0.0,0.42646510116307657,5.745279729157761e-07,0.0,0.9999994254720271,0.24740918817657284,0.0,0.7525908118234271,0.3027971409951234,0,non-human,4,1,0,1,0,1,1,1,0,4,1,human,out-of-fold,review,1.0
815731156,ianhsuth,male,1.0,0,1.0,0.3978201634877384,0.0,0.6021798365122616,0.5912346522345473,0.0,0.4087653477654527,0.0008169085894818726,0.0,0.9991830914105181,0.22097234127687893,0.0,0.7790276587231211,0.30271101639716164,0,non-human,4,1,0,1,0,1,1,1,0,4,1,human,out-of-fold,review,1.0
815731218,Prezcod,male,1.0,0,1.0,0.3744292237442922,0.0,0.6255707762557078,0.6215857147154727,0.0,0.37841428528452725,0.12224638547358348,0.0,0.8777536145264165,0.5214421830370668,0.0,0.4785578169629332,0.40992587674260383,0,non-human,4,1,0,1,0,1,1,1,0,4,1,human,out-of-fold,review,1.0
815731259,JessicaTootell,female,1.0,0,1.0,0.3744292237442922,0.0,0.6255707762557078,0.5587168850138968,0.0,0.4412831149861032,0.012956417585389129,0.0,0.9870435824146109,0.29321752837879345,0.0,0.7067824716212066,0.30983001368059293,0,non-human,4,1,0,1,0,1,1,1,0,4,1,human,out-of-fold,review,1.0
815731412,DavidTurbyfill,male,1.0,0,1.0,0.2979865771812081,0.0,0.702013422818792,0.46668396216112856,0.0,0.5333160378388715,0.13250136034655538,0.0,0.8674986396534446,0.33028094122920765,0.0,0.6697190587707924,0.3068632102295249,0,non-human,4,1,0,1,0,1,1,1,0,4,1,human,out-of-fold,review,1.0
815731443,no1skylinefan,male,1.0,0,1.0,0.42105263157894735,0.0,0.5789473684210527,0.43882124684016466,0.0,0.5611787531598353,0.005590918545661122,0.0,0.9944090814543389,0.4132208140970478,0.0,0.5867791859029522,0.31967140276545525,0,non-human,4,1,0,1,0,1,1,1,0,4,1,human,out-of-fold,review,1.0
815731453,OptimumHealth30,female,1.0,0,1.0,0.20689655172413793,0.0,0.7931034482758621,0.3996991165691453,0.0,0.6003008834308547,1.737729343030572e-07,0.0,0.9999998262270657,0.3120287992830417,0.0,0.6879712007169583,0.2296561603373148,0,non-human,4,1,0,1,0,1,1,1,0,4,1,human,out-of-fold,review,1.0
815731479,JodyField,female,1.0,0,1.0,0.21052631578947367,0.0,0.7894736842105263,0.4405157527498065,0.0,0.5594842472501935,0.17826326700053566,0.0,0.8217367329994644,0.32029366416617433,0.0,0.6797063358338257,0.2873997499264975,0,non-human,4,1,0,1,0,1,1,1,0,4,1,human,out-of-fold,review,1.0
815731514,LennonRuggier,male,1.0,0,1.0,0.3123644251626898,0.0,0.6876355748373102,0.39595407440220487,0.0,0.6040459255977951,0.19270217025813963,0.0,0.8072978297418604,0.37949903678880925,0.0,0.6205009632111907,0.3201299266529609,0,non-human,4,1,0,1,0,1,1,1,0,4,1,human,out-of-fold,review,1.0
815731672,foxcarolinanews,brand,1.0,0,0.0,0.7902097902097902,1.0,0.7902097902097902,0.7362222735151301,1.0,0.7362222735151301,0.9059208108204396,1.0,0.9059208108204396,0.7460001784037419,1.0,0.7460001784037419,0.7945882632372755,1,human,4,1,0,1,0,1,1,1,0,4,1,non-human,out-of-fold,review,1.0
815731691,Ncouzz,female,1.0,0,1.0,0.38571428571428573,0.0,0.6142857142857143,0.37753795419986313,0.0,0.6224620458001369,0.006306133917555917,0.0,0.993693866082444,0.4067622497220668,0.0,0.5932377502779331,0.2940801558884429,0,non-human,4,1,0,1,0,1,1,1,0,4,1,human,out-of-fold,review,1.0
815731705,PaulICMYAS,male,1.0,0,1.0,0.5502958579881657,0.0,0.4497041420118343,0.6210996071101572,0.0,0.3789003928898428,0.1620563874760122,0.0,0.8379436125239879,0.3649019257731555,0.0,0.6350980742268445,0.4245884445868726,0,non-human,4,1,0,1,0,1,1,1,0,4,1,human,out-of-fold,review,1.0
815731736,Knottydred1,brand,1.0,0,0.0,0.9,1.0,0.9,0.7738445430184093,1.0,0.7738445430184093,0.520248808546721,1.0,0.520248808546721,0.7507808768857402,1.0,0.7507808768857402,0.7362185571127177,1,human,4,1,1,1,0,1,0,1,0,4,1,non-human,out-of-fold,review,1.0
815731750,Fented542,female,1.0,0,1.0,0.46853146853146854,0.0,0.5314685314685315,0.23444053116802607,0.0,0.7655594688319739,8.444260620316094e-05,0.0,0.9999155573937969,0.20048409837126077,0.0,0.7995159016287392,0.22588513516923964,0,non-human,4,1,0,1,0,1,1,1,0,4,1,human,out-of-fold,review,1.0
815731788,joepanettieri,male,1.0,0,1.0,0.24953789279112754,0.0,0.7504621072088724,0.5673641782210991,0.0,0.4326358217789009,0.021920576857970477,0.0,0.9780794231420296,0.3832651693704202,0.0,0.6167348306295798,0.3055219543101543,0,non-human,4,1,0,1,0,1,1,1,0,4,1,human,out-of-fold,review,1.0
815731792,tony_drunk,male,1.0,0,1.0,0.2979865771812081,0.0,0.702013422818792,0.30123903940266405,0.0,0.698760960597336,0.03846196536846713,0.0,0.9615380346315329,0.24805429410942195,0.0,0.7519457058905781,0.22143546901544028,0,non-human,4,1,0,1,0,1,1,1,0,4,1,human,out-of-fold,review,1.0
815731839,BobRblock84,male,1.0,0,1.0,0.5,0.0,0.5,0.40467342492294756,0.0,0.5953265750770524,0.0821896971799652,0.0,0.9178103028200348,0.4877208769430742,0.0,0.5122791230569258,0.3686459997614967,0,non-human,4,1,0,1,0,1,1,1,0,4,1,human,out-of-fold,review,1.0
815731970,HoustonHavens,female,1.0,1,1.0,0.45652173913043476,0.0,0.5434782608695652,0.5695270195942387,0.0,0.4304729804057613,0.0020790129278251035,0.0,0.9979209870721749,0.3503004537537017,0.0,0.6496995462462982,0.3446070563515501,0,non-human,4,1,0,1,0,1,1,1,0,4,1,human,held-out candidate,review,1.0
815731996,lgtcaptial,brand,1.0,0,0.0,0.8782051282051282,1.0,0.8782051282051282,0.7631137153124946,1.0,0.7631137153124946,0.765058033065621,1.0,0.765058033065621,0.7866671311059571,1.0,0.7866671311059571,0.7982610019223003,1,human,4,1,1,1,0,1,0,1,0,4,1,non-human,out-of-fold,review,1.0
815732007,etcblogmag,female,1.0,0,1.0,0.525,0.0,0.475,0.4047486321990514,0.0,0.5952513678009486,0.012318823571414944,0.0,0.9876811764285851,0.3293586186978784,0.0,0.6706413813021216,0.3178565186170862,0,non-human,4,1,0,1,0,1,1,1,0,4,1,human,out-of-fold,review,1.0
815732050,JuliaGreenwald7,female,1.0,0,1.0,0.5172413793103449,0.0,0.48275862068965514,0.5490361773330691,0.0,0.4509638226669309,1.8259433906643e-74,0.0,1.0,0.2420629269776186,0.0,0.7579370730223813,0.32708512090525815,0,non-human,4,1,0,1,0,1,1,1,0,4,1,human,out-of-fold,review,1.0
815732222,iPeytonManning,male,1.0,0,1.0,0.3744292237442922,0.0,0.6255707762557078,0.5393258669333226,0.0,0.46067413306667737,0.004701529541436928,0.0,0.9952984704585631,0.21665988539784203,0.0,0.7833401146021579,0.2837791264042234,0,non-human,4,1,0,1,0,1,1,1,0,4,1,human,out-of-fold,review,1.0
815732242,eckburnaby,female,1.0,0,1.0,0.3744292237442922,0.0,0.6255707762557078,0.5524425707129447,0.0,0.44755742928705533,0.09770390982218541,0.0,0.9022960901778145,0.2203305989547894,0.0,0.7796694010452105,0.31122657580855295,0,non-human,4,1,0,1,0,1,1,1,0,4,1,human,out-of-fold,review,1.0
815732267,viva_gloria,female,1.0,0,1.0,0.3123644251626898,0.0,0.6876355748373102,0.43143518375021,0.0,0.56856481624979,0.023059866757301834,0.0,0.9769401332426981,0.372470212487398,0.0,0.627529787512602,0.2848324220393999,0,non-human,4,1,0,1,0,1,1,1,0,4,1,human,out-of-fold,review,1.0
815732296,surpriseazmom,female,1.0,0,1.0,0.3744292237442922,0.0,0.6255707762557078,0.2336330812615793,0.0,0.7663669187384207,0.0029692961266748093,0.0,0.9970307038733252,0.23334170673162707,0.0,0.766658293268373,0.21109332696604338,0,non-human,4,1,0,1,0,1,1,1,0,4,1,human,out-of-fold,review,1.0
815732364,WhiteCubeUAE,brand,1.0,0,0.0,0.9662921348314607,1.0,0.9662921348314607,0.7724114855673766,1.0,0.7724114855673766,0.7522169511500454,1.0,0.7522169511500454,0.6321964741417075,1.0,0.6321964741417075,0.7807792614226476,1,human,4,1,1,1,0,1,0,1,0,4,1,non-human,out-of-fold,review,1.0
815732388,BarRoomHoldem,male,1.0,0,1.0,0.3281853281853282,0.0,0.6718146718146718,0.4020371634283571,0.0,0.597962836571643,0.29697750794100286,0.0,0.7030224920589971,0.0671674120676419,0.0,0.9328325879323581,0.2735918529055825,0,non-human,4,1,0,1,0,1,0,1,1,4,1,human,out-of-fold,review,1.0
815732389,MariesList,female,1.0,0,1.0,0.47540983606557374,0.0,0.5245901639344263,0.5082575617767602,0.0,0.4917424382232398,0.10710410509368191,0.0,0.892895894906318,0.4437838418154927,0.0,0.5562161581845073,0.38363883618787714,0,non-human,4,1,0,1,0,1,1,1,0,4,1,human,out-of-fold,review,1.0
815732426,Biscuit33br,male,1.0,0,1.0,0.5172413793103449,0.0,0.48275862068965514,0.625145295577202,0.0,0.374854704422798,9.049116542276104e-75,0.0,1.0,0.25603736964215584,0.0,0.7439626303578442,0.3496060111324257,0,non-human,4,1,0,1,0,1,1,1,0,4,1,human,out-of-fold,review,1.0
815732440,RonPeperkamp,male,1.0,0,1.0,0.2899786780383795,0.0,0.7100213219616205,0.31769825449620964,0.0,0.6823017455037903,0.00024595888053565953,0.0,0.9997540411194643,0.20022110891617434,0.0,0.7997788910838257,0.2020360000828248,0,non-human,4,1,0,1,0,1,1,1,0,4,1,human,out-of-fold,review,1.0
815732463,JohnsonSpeer,male,1.0,0,1.0,0.36666666666666664,0.0,0.6333333333333333,0.5300144049619082,0.0,0.4699855950380918,0.026815614728447446,0.0,0.9731843852715526,0.25372997326132307,0.0,0.7462700267386769,0.29430666490458635,0,non-human,4,1,0,1,0,1,1,1,0,4,1,human,out-of-fold,review,1.0
815732487,MeetingTechExpo,brand,1.0,0,0.0,0.7448275862068966,1.0,0.7448275862068966,0.6887414300488182,1.0,0.6887414300488182,0.9999327791158363,1.0,0.9999327791158363,0.6372886428772017,1.0,0.6372886428772017,0.7676976095621882,1,human,4,1,0,1,0,1,1,1,0,4,1,non-human,out-of-fold,review,1.0
815732554,TalkRadioVegas,male,1.0,0,1.0,0.36666666666666664,0.0,0.6333333333333333,0.26826869060477954,0.0,0.7317313093952205,0.0010441674182885222,0.0,0.9989558325817115,0.26904618532359503,0.0,0.730953814676405,0.22625642750333244,0,non-human,4,1,0,1,0,1,1,1,0,4,1,human,out-of-fold,review,1.0
815732603,Jim_Singer,male,1.0,0,1.0,0.2899786780383795,0.0,0.7100213219616205,0.3953821981405587,0.0,0.6046178018594413,0.1885037562526276,0.0,0.8114962437473724,0.2799738264955773,0.0,0.7200261735044227,0.2884596147317858,0,non-human,4,1,0,1,0,1,1,1,0,4,1,human,out-of-fold,review,1.0
815732626,webindex24,male,1.0,0,1.0,0.21428571428571427,0.0,0.7857142857142857,0.4096874019725769,0.0,0.5903125980274231,0.0028160757620674295,0.0,0.9971839242379326,0.3889966674387781,0.0,0.6110033325612219,0.25394646486478417,0,non-human,4,1,0,1,0,1,1,1,0,4,1,human,out-of-fold,review,1.0
815732629,eveehunt,female,1.0,0,1.0,0.3978201634877384,0.0,0.6021798365122616,0.3399110298729894,0.0,0.6600889701270106,0.017784254834652805,0.0,0.9822157451653472,0.2979285488321081,0.0,0.7020714511678918,0.2633609992568722,0,non-human,4,1,0,1,0,1,1,1,0,4,1,human,out-of-fold,review,1.0
815732633,AaronScottRE,male,1.0,0,1.0,0.2979865771812081,0.0,0.702013422818792,0.5141244628781259,0.0,0.48587553712187415,0.05755768394374402,0.0,0.942442316056256,0.3836093379939216,0.0,0.6163906620060784,0.31331951549924986,0,non-human,4,1,0,1,0,1,1,1,0,4,1,human,out-of-fold,review,1.0
815732635,CATWorldMission,brand,1.0,0,0.0,0.7881944444444444,1.0,0.7881944444444444,0.7643468143743628,1.0,0.7643468143743628,0.6746518151822141,1.0,0.6746518151822141,0.856186403227669,1.0,0.856186403227669,0.7708448693071726,1,human,4,1,0,1,0,1,0,1,1,4,1,non-human,out-of-fold,review,1.0
815732643,which_is_nice,male,1.0,0,1.0,0.42105263157894735,0.0,0.5789473684210527,0.4471745663045042,0.0,0.5528254336954959,0.00016579334750176731,0.0,0.9998342066524982,0.4967928079776918,0.0,0.5032071920223082,0.3412964498021613,0,non-human,4,1,0,1,0,1,1,1,0,4,1,human,out-of-fold,review,1.0
815732728,PastorTanyaBake,female,1.0,0,1.0,0.3978201634877384,0.0,0.6021798365122616,0.5243170952927279,0.0,0.47568290470727215,0.0027039414203198033,0.0,0.9972960585796802,0.47751957644061865,0.0,0.5224804235593814,0.3505901941603512,0,non-human,4,1,0,1,0,1,1,1,0,4,1,human,out-of-fold,review,1.0
815732745,M_Matthews,female,1.0,0,1.0,0.3123644251626898,0.0,0.6876355748373102,0.28566066230989534,0.0,0.7143393376901046,3.5841717332288793e-17,0.0,1.0,0.4473905641792706,0.0,0.5526094358207294,0.26135391291296395,0,non-human,4,1,0,1,0,1,1,1,0,4,1,human,out-of-fold,review,1.0
815732747,kdotbandz,male,1.0,0,1.0,0.5274725274725275,0.0,0.4725274725274725,0.4625693468580221,0.0,0.5374306531419779,0.0021766612322876573,0.0,0.9978233387677123,0.2354123358131879,0.0,0.7645876641868121,0.3069077178440063,0,non-human,4,1,0,1,0,1,1,1,0,4,1,human,out-of-fold,review,1.0
815732759,peasblog,brand,1.0,0,0.0,0.5792682926829268,1.0,0.5792682926829268,0.7577993782309905,1.0,0.7577993782309905,0.9999999980464231,1.0,0.9999999980464231,0.5545235195838585,1.0,0.5545235195838585,0.7228977971360497,1,human,4,1,0,1,0,1,1,1,0,4,1,non-human,out-of-fold,review,1.0
815732789,preach_jk,male,1.0,0,1.0,0.3695652173913043,0.0,0.6304347826086957,0.39380968878718214,0.0,0.6061903112128179,0.09622632684114346,0.0,0.9037736731588566,0.21782940847603333,0.0,0.7821705915239667,0.2693576603739158,0,non-human,4,1,0,1,0,1,1,1,0,4,1,human,out-of-fold,review,1.0
815732949,Fishsweets,male,1.0,0,1.0,0.56,0.0,0.43999999999999995,0.4873877785643597,0.0,0.5126122214356403,7.873879219343114e-89,0.0,1.0,0.4765504307801854,0.0,0.5234495692198147,0.38098455233613626,0,non-human,4,1,0,1,0,1,1,1,0,4,1,human,out-of-fold,review,1.0
815733111,TheSocialTravel,brand,1.0,0,0.0,0.5925925925925926,1.0,0.5925925925925926,0.7975158898360015,1.0,0.7975158898360015,0.9999854459467428,1.0,0.9999854459467428,0.653852148446075,1.0,0.653852148446075,0.760986519205353,1,human,4,1,0,1,0,1,1,1,0,4,1,non-human,out-of-fold,review,1.0
815733133,MarkusThayer,male,1.0,0,1.0,0.2899786780383795,0.0,0.7100213219616205,0.3902687277493191,0.0,0.6097312722506809,0.0003601620732874968,0.0,0.9996398379267125,0.2830677777682796,0.0,0.7169322222317204,0.24091883640731643,0,non-human,4,1,0,1,0,1,1,1,0,4,1,human,out-of-fold,review,1.0
815733189,hurtken,male,1.0,0,1.0,0.2899786780383795,0.0,0.7100213219616205,0.5090947448070279,0.0,0.4909052551929721,0.060731443261512,0.0,0.939268556738488,0.3382269180735653,0.0,0.6617730819264347,0.2995079460451212,0,non-human,4,1,0,1,0,1,1,1,0,4,1,human,out-of-fold,review,1.0
815733195,ARwoodartist,brand,1.0,0,0.0,0.7727272727272727,1.0,0.7727272727272727,0.7086819708612698,1.0,0.7086819708612698,0.8506459761797939,1.0,0.8506459761797939,0.587609073391129,1.0,0.587609073391129,0.7299160732898664,1,human,4,1,0,1,0,1,1,1,0,4,1,non-human,out-of-fold,review,1.0
815733272,ODonnellsBread,brand,1.0,0,0.0,0.7926829268292683,1.0,0.7926829268292683,0.7266730947762635,1.0,0.7266730947762635,0.9877205175484536,1.0,0.9877205175484536,0.7098675450837365,1.0,0.7098675450837365,0.8042360210594304,1,human,4,1,0,1,0,1,1,1,0,4,1,non-human,out-of-fold,review,1.0
815733300,JGranucci,female,1.0,0,1.0,0.5502958579881657,0.0,0.4497041420118343,0.2551300550469615,0.0,0.7448699449530385,9.963002046969263e-18,0.0,1.0,0.28546623093563456,0.0,0.7145337690643654,0.27272303599269043,0,non-human,4,1,0,1,0,1,1,1,0,4,1,human,out-of-fold,review,1.0
815733482,ray_noms,male,1.0,0,1.0,0.2979865771812081,0.0,0.702013422818792,0.4871025632055868,0.0,0.5128974367944132,0.016079939060232463,0.0,0.9839200609397676,0.5154756524373829,0.0,0.4845243475626171,0.32916118297110253,0,non-human,4,1,0,1,0,1,1,1,0,4,1,human,out-of-fold,review,1.0
815733516,MICKYRALLENS,male,1.0,0,1.0,0.48951048951048953,0.0,0.5104895104895104,0.5421657415482203,0.0,0.4578342584517797,0.10705310934536548,0.0,0.8929468906546345,0.34123010918226837,0.0,0.6587698908177316,0.36998986239658593,0,non-human,4,1,0,1,0,1,1,1,0,4,1,human,out-of-fold,review,1.0
815733804,revolbert,male,1.0,0,1.0,0.24953789279112754,0.0,0.7504621072088724,0.45442853087389484,0.0,0.5455714691261051,0.18950594003269847,0.0,0.8104940599673015,0.3174356136271415,0.0,0.6825643863728585,0.3027269943312156,0,non-human,4,1,0,1,0,1,1,1,0,4,1,human,out-of-fold,review,1.0
815733911,Tinavonn,female,1.0,0,1.0,0.5502958579881657,0.0,0.4497041420118343,0.5245597150617168,0.0,0.47544028493828316,0.06304672997974238,0.0,0.9369532700202576,0.5076017065743574,0.0,0.49239829342564256,0.4113760024009956,0,non-human,4,1,0,1,0,1,1,1,0,4,1,human,out-of-fold,review,1.0
815733941,DocsSister_,female,1.0,0,1.0,0.5675675675675675,0.0,0.43243243243243246,0.4694262943191191,0.0,0.5305737056808809,0.061136341544860105,0.0,0.9388636584551399,0.4900677124391978,0.0,0.5099322875608022,0.39704947896768616,0,non-human,4,1,0,1,0,1,1,1,0,4,1,human,out-of-fold,review,1.0
815733971,contriteshadow,brand,1.0,0,0.0,0.8565891472868217,1.0,0.8565891472868217,0.787954682125634,1.0,0.787954682125634,0.41363771419845224,1.0,0.41363771419845224,0.7867050861199627,1.0,0.7867050861199627,0.7112216574327177,1,human,4,1,1,1,0,1,0,1,0,4,1,non-human,out-of-fold,review,1.0
815734025,msdeonb,female,1.0,0,1.0,0.3978201634877384,0.0,0.6021798365122616,0.259206566310358,0.0,0.740793433689642,0.1319094820439945,0.0,0.8680905179560054,0.317516814231748,0.0,0.6824831857682521,0.2766132565184597,0,non-human,4,1,0,1,0,1,1,1,0,4,1,human,out-of-fold,review,1.0
815734287,Cunningham_KPMG,male,1.0,0,1.0,0.3281853281853282,0.0,0.6718146718146718,0.4708482749019807,0.0,0.5291517250980193,0.02379821503146204,0.0,0.9762017849685379,0.3051147067750743,0.0,0.6948852932249256,0.2819866312234613,0,non-human,4,1,0,1,0,1,1,1,0,4,1,human,out-of-fold,review,1.0
815734566,Vonster,male,1.0,0,1.0,0.23728813559322035,0.0,0.7627118644067796,0.23709790559514096,0.0,0.762902094404859,0.18742211839867012,0.0,0.8125778816013298,0.31051652299016036,0.0,0.6894834770098397,0.24308117064429796,0,non-human,4,1,0,1,0,1,1,1,0,4,1,human,out-of-fold,review,1.0
815734624,kevinansbro,male,1.0,0,1.0,0.3333333333333333,0.0,0.6666666666666667,0.5234570772199842,0.0,0.47654292278001575,0.07890976608286354,0.0,0.9210902339171365,0.29807984755281003,0.0,0.70192015244719,0.3084450060472478,0,non-human,4,1,0,1,0,1,1,1,0,4,1,human,out-of-fold,review,1.0
815734676,phoenixworldent,brand,1.0,0,0.0,0.6470588235294118,1.0,0.6470588235294118,0.640260025021025,1.0,0.640260025021025,0.9595312010012234,1.0,0.9595312010012234,0.6888780792895154,1.0,0.6888780792895154,0.7339320322102938,1,human,4,1,0,1,0,1,1,1,0,4,1,non-human,out-of-fold,review,1.0
815734718,NaadiraKathrad,female,1.0,0,1.0,0.2899786780383795,0.0,0.7100213219616205,0.4275951606387875,0.0,0.5724048393612124,0.00034766568476766123,0.0,0.9996523343152324,0.29144880750556834,0.0,0.7085511924944317,0.25234257796687576,0,non-human,4,1,0,1,0,1,1,1,0,4,1,human,out-of-fold,review,1.0
815734925,OffPriceShow,brand,1.0,0,0.0,0.7222222222222222,1.0,0.7222222222222222,0.7460718889485217,1.0,0.7460718889485217,0.9585314420877415,1.0,0.9585314420877415,0.5612695992503599,1.0,0.5612695992503599,0.7470237881272113,1,human,4,1,0,1,0,1,1,1,0,4,1,non-human,out-of-fold,review,1.0
815735083,CapeFireL2424,brand,1.0,0,0.0,0.7333333333333333,1.0,0.7333333333333333,0.7546796950124193,1.0,0.7546796950124193,0.9999999238336088,1.0,0.9999999238336088,0.6706685069870759,1.0,0.6706685069870759,0.7896703647916093,1,human,4,1,0,1,0,1,1,1,0,4,1,non-human,out-of-fold,review,1.0
815735098,ThreadbareHeart,female,1.0,0,1.0,0.3744292237442922,0.0,0.6255707762557078,0.3151282559590653,0.0,0.6848717440409346,0.11374133622880409,0.0,0.8862586637711959,0.3616975349125811,0.0,0.638302465087419,0.2912490877111857,0,non-human,4,1,0,1,0,1,1,1,0,4,1,human,out-of-fold,review,1.0
815735141,AchieveMpls,brand,1.0,0,0.0,0.6827586206896552,1.0,0.6827586206896552,0.6582861875748841,1.0,0.6582861875748841,0.9925268071532236,1.0,0.9925268071532236,0.6977017211059879,1.0,0.6977017211059879,0.7578183341309377,1,human,4,1,0,1,0,1,1,1,0,4,1,non-human,out-of-fold,review,1.0
815735213,SkylineDFS,brand,1.0,0,0.0,0.7926829268292683,1.0,0.7926829268292683,0.7019182784019025,1.0,0.7019182784019025,0.868158659137635,1.0,0.868158659137635,0.7745715364813569,1.0,0.7745715364813569,0.7843328502125407,1,human,4,1,0,1,0,1,1,1,0,4,1,non-human,out-of-fold,review,1.0
815735228,Cornerstone42_,female,1.0,0,1.0,0.46405228758169936,0.0,0.5359477124183006,0.45721577371400685,0.0,0.5427842262859932,0.036348020893282554,0.0,0.9636519791067174,0.4782775776762436,0.0,0.5217224223237564,0.35897341496630814,0,non-human,4,1,0,1,0,1,1,1,0,4,1,human,out-of-fold,review,1.0
815735246,TheZacZane,male,1.0,0,1.0,0.3123644251626898,0.0,0.6876355748373102,0.48625556351365207,0.0,0.5137444364863479,0.06349155669576582,0.0,0.9365084433042342,0.3771560721755028,0.0,0.6228439278244973,0.3098169043869026,0,non-human,4,1,0,1,0,1,1,1,0,4,1,human,out-of-fold,review,1.0
815735248,Sarahsewnsew,female,1.0,0,1.0,0.5238095238095238,0.0,0.47619047619047616,0.5150732187677581,0.0,0.48492678123224187,0.15119288695936553,0.0,0.8488071130406345,0.5096260437114996,0.0,0.49037395628850045,0.4249254183120368,0,non-human,4,1,0,1,0,1,1,1,0,4,1,human,out-of-fold,review,1.0
815735300,StopDemonizing,female,1.0,0,1.0,0.43478260869565216,0.0,0.5652173913043479,0.5022573275710346,0.0,0.4977426724289654,0.023617764012666274,0.0,0.9763822359873338,0.2967052954022144,0.0,0.7032947045977855,0.3143407489203919,0,non-human,4,1,0,1,0,1,1,1,0,4,1,human,out-of-fold,review,1.0
815735547,AmitKishore,male,1.0,0,1.0,0.24953789279112754,0.0,0.7504621072088724,0.285157580105618,0.0,0.714842419894382,0.02051559987162972,0.0,0.9794844001283702,0.34758938750725377,0.0,0.6524106124927462,0.22570011506890725,0,non-human,4,1,0,1,0,1,1,1,0,4,1,human,out-of-fold,review,1.0
815735588,RaiseHope4Congo,brand,1.0,0,0.0,0.5735294117647058,1.0,0.5735294117647058,0.7239745727857652,1.0,0.7239745727857652,0.9857661753196831,1.0,0.9857661753196831,0.6670260808944671,1.0,0.6670260808944671,0.7375740601911553,1,human,4,1,0,1,0,1,1,1,0,4,1,non-human,out-of-fold,review,1.0
815735614,MikeTabback,male,1.0,0,1.0,0.3123644251626898,0.0,0.6876355748373102,0.38623028959375283,0.0,0.6137697104062472,0.12306549865958921,0.0,0.8769345013404108,0.34925539341506917,0.0,0.6507446065849308,0.2927289017077752,0,non-human,4,1,0,1,0,1,1,1,0,4,1,human,out-of-fold,review,1.0
815735637,TerresaRempel,female,1.0,0,1.0,0.3123644251626898,0.0,0.6876355748373102,0.49975446139700297,0.0,0.500245538602997,0.03969659646630859,0.0,0.9603034035336914,0.5317179389383877,0.0,0.4682820610616123,0.3458833554910973,0,non-human,4,1,0,1,0,1,1,1,0,4,1,human,out-of-fold,review,1.0
815735666,Lorsyscakes,brand,1.0,0,0.0,0.6951219512195121,1.0,0.6951219512195121,0.725981100945263,1.0,0.725981100945263,0.6098161888215744,1.0,0.6098161888215744,0.9237050571560009,1.0,0.9237050571560009,0.7386560745355876,1,human,4,1,0,1,0,1,0,1,1,4,1,non-human,out-of-fold,review,1.0
815735699,EnanoO_4G,male,1.0,0,1.0,0.25925925925925924,0.0,0.7407407407407407,0.4142390835153187,0.0,0.5857609164846813,0.1645511815017793,0.0,0.8354488184982207,0.48148411141035274,0.0,0.5185158885896473,0.3298834089216775,0,non-human,4,1,0,1,0,1,1,1,0,4,1,human,out-of-fold,review,1.0
815735778,StrongKamal,male,1.0,0,1.0,0.24953789279112754,0.0,0.7504621072088724,0.22648591343822394,0.0,0.773514086561776,0.00012650629065465418,0.0,0.9998734937093453,0.20766052586564676,0.0,0.7923394741343532,0.17095270959641323,0,non-human,4,1,0,1,0,1,1,1,0,4,1,human,out-of-fold,review,1.0
815735801,NigeriaBlogger,male,1.0,0,1.0,0.2979865771812081,0.0,0.702013422818792,0.3453579118435142,0.0,0.6546420881564858,0.0006661792759643918,0.0,0.9993338207240356,0.30205863734452826,0.0,0.6979413626554718,0.23651732641130374,0,non-human,4,1,0,1,0,1,1,1,0,4,1,human,out-of-fold,review,1.0
815735826,troublemarriage,female,1.0,0,1.0,0.3123644251626898,0.0,0.6876355748373102,0.40104870032252715,0.0,0.5989512996774728,0.014994287861143523,0.0,0.9850057121388565,0.3103042264990443,0.0,0.6896957735009557,0.2596779099613512,0,non-human,4,1,0,1,0,1,1,1,0,4,1,human,out-of-fold,review,1.0
815735890,abhijeet_ZADE,male,1.0,0,1.0,0.10344827586206896,0.0,0.896551724137931,0.5410761753592509,0.0,0.4589238246407491,0.21251238289974272,0.0,0.7874876171002573,0.48364386742652177,0.0,0.5163561325734782,0.3351701753868961,0,non-human,4,1,1,1,0,1,0,1,0,4,1,human,out-of-fold,review,1.0
815735942,JeannetteKaplun,female,1.0,0,1.0,0.48951048951048953,0.0,0.5104895104895104,0.5526742306867802,0.0,0.44732576931321977,0.0737631728073182,0.0,0.9262368271926817,0.4943517009331111,0.0,0.5056482990668889,0.4025748984844248,0,non-human,4,1,0,1,0,1,1,1,0,4,1,human,out-of-fold,review,1.0
815736024,Tera_Argentis,female,1.0,0,1.0,0.48134328358208955,0.0,0.5186567164179104,0.5201419019035098,0.0,0.47985809809649016,0.0016907456803237476,0.0,0.9983092543196762,0.42161130369244215,0.0,0.5783886963075578,0.35619680871459136,0,non-human,4,1,0,1,0,1,1,1,0,4,1,human,out-of-fold,review,1.0
815736060,Freja_Petersen,female,1.0,0,1.0,0.34615384615384615,0.0,0.6538461538461539,0.5864575485479396,0.0,0.41354245145206037,0.22519510955051256,0.0,0.7748048904494874,0.18036910884458526,0.0,0.8196308911554148,0.3345439032742209,0,non-human,4,1,0,1,0,1,0,1,1,4,1,human,out-of-fold,review,1.0
815736217,Stillers,brand,1.0,0,0.0,0.7333333333333333,1.0,0.7333333333333333,0.7056441766145072,1.0,0.7056441766145072,0.9999999998949995,1.0,0.9999999998949995,0.5797051977134635,1.0,0.5797051977134635,0.7546706768890759,1,human,4,1,0,1,0,1,1,1,0,4,1,non-human,out-of-fold,review,1.0
815736348,BondSuits,brand,1.0,0,0.0,0.7834394904458599,1.0,0.7834394904458599,0.6543047368679138,1.0,0.6543047368679138,0.9122297635563671,1.0,0.9122297635563671,0.6177721604616098,1.0,0.6177721604616098,0.7419365378329377,1,human,4,1,0,1,0,1,1,1,0,4,1,non-human,out-of-fold,review,1.0
815736366,resalediva,female,1.0,0,1.0,0.3906810035842294,0.0,0.6093189964157706,0.5621704815242764,0.0,0.4378295184757236,0.013679025207379292,0.0,0.9863209747926207,0.37174039853456853,0.0,0.6282596014654315,0.3345677272126134,0,non-human,4,1,0,1,0,1,1,1,0,4,1,human,out-of-fold,review,1.0
815736387,GossamerFatale,female,1.0,0,1.0,0.42424242424242425,0.0,0.5757575757575757,0.623741266238691,0.0,0.376258733761309,0.06444484847839499,0.0,0.935555151521605,0.4602663032464214,0.0,0.5397336967535786,0.3931737105514829,0,non-human,4,1,0,1,0,1,1,1,0,4,1,human,out-of-fold,review,1.0
815736639,BlackNerdJade,female,1.0,0,1.0,0.45,0.0,0.55,0.4723853247789563,0.0,0.5276146752210438,0.009293047879861875,0.0,0.9907069521201382,0.4673537066619377,0.0,0.5326462933380622,0.34975801983018895,0,non-human,4,1,0,1,0,1,1,1,0,4,1,human,out-of-fold,review,1.0
815736669,embraceKulture,brand,1.0,0,0.0,0.5826086956521739,1.0,0.5826086956521739,0.7432661991512528,1.0,0.7432661991512528,0.9498244233018457,1.0,0.9498244233018457,0.6343385273025682,1.0,0.6343385273025682,0.7275094613519602,1,human,4,1,0,1,0,1,1,1,0,4,1,non-human,out-of-fold,review,1.0
815736857,moderntechfeed,brand,1.0,0,0.0,0.7840909090909091,1.0,0.7840909090909091,0.7662874885372246,1.0,0.7662874885372246,0.9716757162163704,1.0,0.9716757162163704,0.7305686608396507,1.0,0.7305686608396507,0.8131556936710387,1,human,4,1,0,1,0,1,1,1,0,4,1,non-human,out-of-fold,review,1.0
815736959,KimiMarinYoga,female,1.0,0,1.0,0.5502958579881657,0.0,0.4497041420118343,0.4970862145321685,0.0,0.5029137854678315,0.11272549890943152,0.0,0.8872745010905685,0.228207289152765,0.0,0.771792710847235,0.3470787151456327,0,non-human,4,1,0,1,0,1,1,1,0,4,1,human,out-of-fold,review,1.0
815736998,curlydogltd,brand,1.0,0,0.0,0.6979166666666666,1.0,0.6979166666666666,0.8439513110990509,1.0,0.8439513110990509,0.42669654608478164,1.0,0.42669654608478164,0.7578221670531093,1.0,0.7578221670531093,0.6815966727259022,1,human,4,1,0,1,1,1,0,1,0,4,1,non-human,out-of-fold,review,1.0
815737029,siderisxxxspicy,female,1.0,0,1.0,0.24953789279112754,0.0,0.7504621072088724,0.31095400861124295,0.0,0.689045991388757,0.013725880044155333,0.0,0.9862741199558447,0.22685582183227385,0.0,0.7731441781677262,0.2002684008196999,0,non-human,4,1,0,1,0,1,1,1,0,4,1,human,out-of-fold,review,1.0
815737079,Rejuvinateshop,female,1.0,0,1.0,0.3695652173913043,0.0,0.6304347826086957,0.42785738718408023,0.0,0.5721426128159197,0.03889214492677658,0.0,0.9611078550732234,0.3740530915966194,0.0,0.6259469084033806,0.30259196027469515,0,non-human,4,1,0,1,0,1,1,1,0,4,1,human,out-of-fold,review,1.0
815737113,alexablackchan,female,1.0,0,1.0,0.3225806451612903,0.0,0.6774193548387097,0.42258555518040686,0.0,0.5774144448195931,0.020162606309192324,0.0,0.9798373936908077,0.209761486476825,0.0,0.790238513523175,0.24377257328192864,0,non-human,4,1,0,1,0,1,1,1,0,4,1,human,out-of-fold,review,1.0
815737500,shirleyideas,female,1.0,0,1.0,0.37866666666666665,0.0,0.6213333333333333,0.3136064005728114,0.0,0.6863935994271886,0.03296797676819028,0.0,0.9670320232318097,0.41995829456543243,0.0,0.5800417054345676,0.28629983464327524,0,non-human,4,1,0,1,0,1,1,1,0,4,1,human,out-of-fold,review,1.0
815737618,theunitedmanc,brand,1.0,0,0.0,0.75,1.0,0.75,0.8025524556389697,1.0,0.8025524556389697,0.5216050971343226,1.0,0.5216050971343226,0.7437622712635268,1.0,0.7437622712635268,0.7044799560092048,1,human,4,1,0,1,1,1,0,1,0,4,1,non-human,out-of-fold,review,1.0
815737621,StephanHakan,male,1.0,0,1.0,0.2979865771812081,0.0,0.702013422818792,0.2369197470957601,0.0,0.7630802529042399,0.058888889057862694,0.0,0.9411111109421373,0.3284114598047923,0.0,0.6715885401952078,0.2305516682849058,0,non-human,4,1,0,1,0,1,1,1,0,4,1,human,out-of-fold,review,1.0
815737710,JanelWLOX,female,1.0,0,1.0,0.5247148288973384,0.0,0.47528517110266155,0.47013522742875274,0.0,0.5298647725712473,0.01608324038799723,0.0,0.9839167596120028,0.3111493134186056,0.0,0.6888506865813944,0.3305206525331735,0,non-human,4,1,0,1,0,1,1,1,0,4,1,human,out-of-fold,review,1.0
815737777,jamess_nesbitt,male,1.0,0,1.0,0.3744292237442922,0.0,0.6255707762557078,0.3330156147558901,0.0,0.66698438524411,0.0012435594050000764,0.0,0.9987564405949999,0.39153646527112324,0.0,0.6084635347288767,0.2750562157940764,0,non-human,4,1,0,1,0,1,1,1,0,4,1,human,out-of-fold,review,1.0
815737810,10_manhood,male,1.0,0,1.0,0.46405228758169936,0.0,0.5359477124183006,0.4531020984910604,0.0,0.5468979015089396,0.036856472811628904,0.0,0.963143527188371,0.4233326115126055,0.0,0.5766673884873945,0.34433586759924856,0,non-human,4,1,0,1,0,1,1,1,0,4,1,human,out-of-fold,review,1.0
815737870,INLadyDem,brand,1.0,0,0.0,0.6,1.0,0.6,0.7742103420385732,1.0,0.7742103420385732,0.9969570220138104,1.0,0.9969570220138104,0.7451830431609513,1.0,0.7451830431609513,0.7790876018033337,1,human,4,1,0,1,0,1,1,1,0,4,1,non-human,out-of-fold,review,1.0
815737886,SaludRecetsBlog,male,1.0,0,1.0,0.3744292237442922,0.0,0.6255707762557078,0.31622578455843564,0.0,0.6837742154415644,0.0019153703577220725,0.0,0.998084629642278,0.4958982345342054,0.0,0.5041017654657947,0.29711715329866384,0,non-human,4,1,0,1,0,1,1,1,0,4,1,human,out-of-fold,review,1.0
815737925,5SOSHotelReport,brand,1.0,0,0.0,0.7881944444444444,1.0,0.7881944444444444,0.7198188325605004,1.0,0.7198188325605004,0.9999999999974989,1.0,0.9999999999974989,0.7172992364483717,1.0,0.7172992364483717,0.8063281283627038,1,human,4,1,0,1,0,1,1,1,0,4,1,non-human,out-of-fold,review,1.0
815738005,MachinesPicks,brand,1.0,0,0.0,0.782608695652174,1.0,0.782608695652174,0.7344387143856304,1.0,0.7344387143856304,0.9545605851327037,1.0,0.9545605851327037,0.727697283040969,1.0,0.727697283040969,0.7998263195528693,1,human,4,1,0,1,0,1,1,1,0,4,1,non-human,out-of-fold,review,1.0
815738011,Kellylynsey,female,1.0,0,1.0,0.3978201634877384,0.0,0.6021798365122616,0.5164086054181285,0.0,0.4835913945818715,0.05524114223894162,0.0,0.9447588577610584,0.22978885236704746,0.0,0.7702111476329525,0.299814690877964,0,non-human,4,1,0,1,0,1,1,1,0,4,1,human,out-of-fold,review,1.0
815738181,soulhangout,female,1.0,0,1.0,0.20987654320987653,0.0,0.7901234567901234,0.46392507118984555,0.0,0.5360749288101545,0.05539734419015561,0.0,0.9446026558098444,0.3536093284698197,0.0,0.6463906715301804,0.27070207176492433,0,non-human,4,1,0,1,0,1,1,1,0,4,1,human,out-of-fold,review,1.0
815738212,NupdalJewel,female,1.0,0,1.0,0.3123644251626898,0.0,0.6876355748373102,0.4491616637105166,0.0,0.5508383362894834,0.002080704236831704,0.0,0.9979192957631683,0.32279052739956765,0.0,0.6772094726004323,0.27159933012740145,0,non-human,4,1,0,1,0,1,1,1,0,4,1,human,out-of-fold,review,1.0
815738237,PhoennixCox,male,1.0,0,1.0,0.3281853281853282,0.0,0.6718146718146718,0.5271820544345825,0.0,0.47281794556541745,0.25603829322814425,0.0,0.7439617067718558,0.19119970810457437,0.0,0.8088002918954256,0.32565134598815737,0,non-human,4,1,0,1,0,1,0,1,1,4,1,human,out-of-fold,review,1.0
815738252,lightacandleOTM,brand,1.0,0,0.0,0.7902097902097902,1.0,0.7902097902097902,0.7092329251241121,1.0,0.7092329251241121,0.9630988660479965,1.0,0.9630988660479965,0.7915258762709566,1.0,0.7915258762709566,0.8135168644132139,1,human,4,1,0,1,0,1,1,1,0,4,1,non-human,out-of-fold,review,1.0
815738324,bookkeepingny,female,1.0,0,1.0,0.2899786780383795,0.0,0.7100213219616205,0.5156550957264902,0.0,0.48434490427350985,0.13661026170509363,0.0,0.8633897382949064,0.3889315376170957,0.0,0.6110684623829044,0.33279389327176473,0,non-human,4,1,0,1,0,1,1,1,0,4,1,human,out-of-fold,review,1.0
815738553,HellenGreenblat,female,1.0,0,1.0,0.3744292237442922,0.0,0.6255707762557078,0.4971683321471164,0.0,0.5028316678528836,2.2636181019529158e-05,0.0,0.9999773638189805,0.30326473386925257,0.0,0.6967352661307474,0.2937212314854202,0,non-human,4,1,0,1,0,1,1,1,0,4,1,human,out-of-fold,review,1.0
815738584,EGOV,brand,1.0,0,0.0,0.6827586206896552,1.0,0.6827586206896552,0.6933352666039682,1.0,0.6933352666039682,0.9362485498863129,1.0,0.9362485498863129,0.672005601118973,1.0,0.672005601118973,0.7460870095747274,1,human,4,1,0,1,0,1,1,1,0,4,1,non-human,out-of-fold,review,1.0
815738728,IR_JesseChaney,male,1.0,0,1.0,0.22727272727272727,0.0,0.7727272727272727,0.5120672434858964,0.0,0.4879327565141036,0.028939681948417628,0.0,0.9710603180515823,0.4100192764297374,0.0,0.5899807235702625,0.2945747322841947,0,non-human,4,1,0,1,0,1,1,1,0,4,1,human,out-of-fold,review,1.0
815738753,aspire_sports,brand,1.0,0,0.0,0.7361111111111112,1.0,0.7361111111111112,0.72157428355308,1.0,0.72157428355308,0.9811136561864146,1.0,0.9811136561864146,0.6283617899448352,1.0,0.6283617899448352,0.7667902101988603,1,human,4,1,0,1,0,1,1,1,0,4,1,non-human,out-of-fold,review,1.0
815738781,AiiLabHOPIE,female,1.0,0,1.0,0.41379310344827586,0.0,0.5862068965517242,0.3948148267715807,0.0,0.6051851732284192,0.007208848984611696,0.0,0.9927911510153883,0.23186429622456844,0.0,0.7681357037754315,0.26192026885725916,0,non-human,4,1,0,1,0,1,1,1,0,4,1,human,out-of-fold,review,1.0
815738805,GFussell,male,1.0,0,1.0,0.2899786780383795,0.0,0.7100213219616205,0.4505005515984243,0.0,0.5494994484015757,0.07141956113839419,0.0,0.9285804388616058,0.49748672872059096,0.0,0.502513271279409,0.3273463798739472,0,non-human,4,1,0,1,0,1,1,1,0,4,1,human,out-of-fold,review,1.0
815738854,lizasoberaWOW,female,1.0,0,1.0,0.41379310344827586,0.0,0.5862068965517242,0.3524571377173438,0.0,0.6475428622826562,0.01639225249999993,0.0,0.9836077475,0.22683786634019104,0.0,0.7731621336598089,0.25237009000145266,0,non-human,4,1,0,1,0,1,1,1,0,4,1,human,out-of-fold,review,1.0
815738869,TeamHowey,male,1.0,0,1.0,0.38926174496644295,0.0,0.610738255033557,0.4910055653088205,0.0,0.5089944346911794,0.09469460538255325,0.0,0.9053053946174467,0.45729777138961575,0.0,0.5427022286103842,0.3580649217618581,0,non-human,4,1,0,1,0,1,1,1,0,4,1,human,out-of-fold,review,1.0
815738940,MikeofNewYORK,male,1.0,0,1.0,0.3906810035842294,0.0,0.6093189964157706,0.5943587437136816,0.0,0.4056412562863184,0.0538331527426131,0.0,0.9461668472573869,0.5230127065715429,0.0,0.47698729342845714,0.39047140165301675,0,non-human,4,1,0,1,0,1,1,1,0,4,1,human,out-of-fold,review,1.0
815738972,lizquenscience,female,1.0,0,1.0,0.5547445255474452,0.0,0.44525547445255476,0.518941444506356,0.0,0.48105855549364396,0.000795345701793415,0.0,0.9992046542982066,0.45985758625851564,0.0,0.5401424137414843,0.3835847255035276,0,non-human,4,1,0,1,0,1,1,1,0,4,1,human,out-of-fold,review,1.0
815739005,JDSupra,brand,1.0,0,0.0,0.7164179104477612,1.0,0.7164179104477612,0.6455192356813471,1.0,0.6455192356813471,0.9183260064054622,1.0,0.9183260064054622,0.6929660719037165,1.0,0.6929660719037165,0.7433073061095717,1,human,4,1,0,1,0,1,1,1,0,4,1,non-human,out-of-fold,review,1.0
815739062,EssentialsByJen,female,1.0,0,1.0,0.3978201634877384,0.0,0.6021798365122616,0.6278208685556683,0.0,0.3721791314443317,0.006435299311351772,0.0,0.9935647006886482,0.4004745632842436,0.0,0.5995254367157564,0.3581377236597505,0,non-human,4,1,0,1,0,1,1,1,0,4,1,human,out-of-fold,review,1.0
815739205,BruceBerg,male,1.0,0,1.0,0.48134328358208955,0.0,0.5186567164179104,0.6280258493029834,0.0,0.37197415069701656,0.0005408001148940201,0.0,0.999459199885106,0.2865455978472779,0.0,0.713454402152722,0.34911388271181126,0,non-human,4,1,0,1,0,1,1,1,0,4,1,human,out-of-fold,review,1.0
815739246,FinAndMarketing,female,1.0,0,1.0,0.49047619047619045,0.0,0.5095238095238095,0.5758686803640827,0.0,0.4241313196359173,0.02270298129706128,0.0,0.9772970187029387,0.4202175553220131,0.0,0.5797824446779869,0.3773163518648369,0,non-human,4,1,0,1,0,1,1,1,0,4,1,human,out-of-fold,review,1.0
815739588,DJD_ice,male,1.0,0,1.0,0.39814814814814814,0.0,0.6018518518518519,0.41071685338555064,0.0,0.5892831466144494,0.013350751392208695,0.0,0.9866492486077914,0.3063398171371332,0.0,0.6936601828628668,0.2821388925157602,0,non-human,4,1,0,1,0,1,1,1,0,4,1,human,out-of-fold,review,1.0
815737670,Andre_Santos27,male,0.335,0,1.0,0.6410256410256411,1.0,0.6410256410256411,0.6228898093511873,0.0,0.3771101906488127,0.19621636339982892,0.0,0.803783636600171,0.3192300583767408,0.0,0.6807699416232592,0.44484046803834953,0,non-human,3,0,0,1,0,1,1,1,0,3,1,human,held-out candidate,review,0.335
815720373,almawari,brand,0.3358,0,0.0,0.32,0.0,0.6799999999999999,0.7541855077348985,1.0,0.7541855077348985,0.49388854471264865,1.0,0.49388854471264865,0.866373048578235,1.0,0.866373048578235,0.6086117752564455,1,human,3,0,0,1,0,1,0,1,1,3,1,non-human,held-out candidate,review,0.3358
815726926,trendymojo,male,0.3372,0,1.0,0.32,0.0,0.6799999999999999,0.47531173222325895,0.0,0.524688267776741,0.0085408089596232,0.0,0.9914591910403768,0.7455024699204592,1.0,0.7455024699204592,0.38733875277583535,0,non-human,3,1,0,1,0,1,1,0,0,3,1,human,held-out candidate,review,0.3372
815739302,hickey_obama,brand,0.3374,0,0.0,0.6136363636363636,1.0,0.6136363636363636,0.715451319392321,1.0,0.715451319392321,0.16234514552531412,0.0,0.8376548544746859,0.8437974372807562,1.0,0.8437974372807562,0.5838075664586888,1,human,3,1,0,1,0,0,0,1,1,3,1,non-human,held-out candidate,review,0.3374
815719654,rabah_wael,male,0.3388,0,1.0,0.64,1.0,0.64,0.2890028227582916,0.0,0.7109971772417084,0.04802304193733206,0.0,0.9519769580626679,0.38805625255933623,0.0,0.6119437474406637,0.34127052931373997,0,non-human,3,0,0,1,0,1,1,1,0,3,1,human,held-out candidate,review,0.3388
815723246,NotAdric,male,0.3407,0,1.0,0.8392857142857143,1.0,0.8392857142857143,0.5510058260350695,0.0,0.44899417396493047,0.04594059453536797,0.0,0.9540594054646321,0.4621028784625278,0.0,0.5378971215374722,0.4745837533296699,0,non-human,3,0,0,1,0,1,1,1,0,3,1,human,held-out candidate,review,0.3407
815731490,RoyallyTips,brand,0.3412,0,0.0,0.8087431693989071,1.0,0.8087431693989071,0.7273244475539179,1.0,0.7273244475539179,0.07468629018489362,0.0,0.9253137098151064,0.6553275231065082,1.0,0.6553275231065082,0.5665203575610567,1,human,3,1,1,1,0,0,0,1,0,3,1,non-human,held-out candidate,review,0.3412
815734600,JonaSchnedi,brand,0.3418,0,0.0,0.8636363636363636,1.0,0.8636363636363636,0.7248101496074265,1.0,0.7248101496074265,0.49425443181220063,1.0,0.49425443181220063,0.4657718035461293,0.0,0.5342281964538707,0.63711818715053,1,human,3,1,1,1,0,1,0,0,0,3,1,non-human,held-out candidate,review,0.3418
815738446,enriquehell1,brand,0.3422,0,0.0,0.8888888888888888,1.0,0.8888888888888888,0.7378072156479786,1.0,0.7378072156479786,0.000466826721241858,0.0,0.9995331732787581,0.7672240984876713,1.0,0.7672240984876713,0.5985967574364451,1,human,3,1,1,1,0,0,0,1,0,3,1,non-human,held-out candidate,review,0.3422
815738616,LoversLizquen,female,0.3456,0,1.0,0.5555555555555556,0.0,0.4444444444444444,0.6260565993199102,0.0,0.3739434006800898,0.0035453726787459013,0.0,0.9964546273212541,0.6775093561796666,1.0,0.6775093561796666,0.46566672093346956,0,non-human,3,1,0,1,0,1,1,0,0,3,1,human,held-out candidate,review,0.3456
815732246,CassperNyoves18,brand,0.347,0,0.0,0.8287671232876712,1.0,0.8287671232876712,0.7604175863689216,1.0,0.7604175863689216,6.907583657639415e-55,0.0,1.0,0.6219233927306911,1.0,0.6219233927306911,0.552777025596821,1,human,3,1,1,1,0,0,0,1,0,3,1,non-human,held-out candidate,review,0.347
815722579,tonguesintrees,brand,0.3503,0,0.0,0.7051282051282052,1.0,0.7051282051282052,0.5782174028606173,0.0,0.4217825971393827,0.9085726979370415,1.0,0.9085726979370415,0.5618207475259652,1.0,0.5618207475259652,0.6884347633629573,1,human,3,1,0,0,0,1,1,1,0,3,1,non-human,held-out candidate,review,0.3503
815738562,TheHippyPaco,male,0.3522,0,1.0,0.2978723404255319,0.0,0.7021276595744681,0.6308376794285812,1.0,0.6308376794285812,0.009797416667021126,0.0,0.9902025833329788,0.3755519390877707,0.0,0.6244480609122294,0.32851484390222624,0,non-human,3,1,0,0,0,1,1,1,0,3,1,human,held-out candidate,review,0.3522
815721938,yesiluvmcds,female,0.353,0,1.0,0.8888888888888888,1.0,0.8888888888888888,0.5851091058834786,0.0,0.41489089411652136,0.0035399894297903954,0.0,0.9964600105702096,0.47040727866177784,0.0,0.5295927213382221,0.48698631571598394,0,non-human,3,0,0,1,0,1,1,1,0,3,1,human,held-out candidate,review,0.353
815730949,_grace_v,brand,0.3539,0,0.0,0.6071428571428571,1.0,0.6071428571428571,0.6588745979566939,1.0,0.6588745979566939,3.602420018973881e-69,0.0,1.0,0.9373457012939331,1.0,0.9373457012939331,0.5508407890983711,1,human,3,1,0,1,0,0,0,1,1,3,1,non-human,held-out candidate,review,0.3539
815735622,HffTiago,male,0.3547,0,1.0,0.32,0.0,0.6799999999999999,0.5181705549174099,0.0,0.48182944508259007,4.715482337223976e-70,0.0,1.0,0.7332674944869223,1.0,0.7332674944869223,0.3928595123510831,0,non-human,3,1,0,1,0,1,1,0,0,3,1,human,held-out candidate,review,0.3547
815735596,TannerTolbertLv,male,0.3575,0,1.0,0.64,1.0,0.64,0.39338809616874515,0.0,0.6066119038312549,0.010246367543851713,0.0,0.9897536324561483,0.2935767532515207,0.0,0.7064232467484792,0.3343028042410294,0,non-human,3,0,0,1,0,1,1,1,0,3,1,human,held-out candidate,review,0.3575
815730276,WandaVeloz,female,0.3576,0,1.0,0.375,0.0,0.625,0.5140471934601191,0.0,0.48595280653988093,0.02764427201955535,0.0,0.9723557279804447,0.6224655081466902,1.0,0.6224655081466902,0.38478924340659115,0,non-human,3,1,0,1,0,1,1,0,0,3,1,human,held-out candidate,review,0.3576
815732530,ariez_jamz,brand,0.3582,0,0.0,0.65,1.0,0.65,0.7399737917691215,1.0,0.7399737917691215,0.8505616270898004,1.0,0.8505616270898004,0.5130423920764896,0.0,0.4869576079235104,0.6883944527338529,1,human,3,1,0,1,0,1,1,0,0,3,1,non-human,held-out candidate,review,0.3582
815738917,xEastendersx,brand,0.3617,0,0.0,0.8636363636363636,1.0,0.8636363636363636,0.7662588682213465,1.0,0.7662588682213465,0.043932758127408995,0.0,0.956067241872591,0.548539969492982,1.0,0.548539969492982,0.5555919898695253,1,human,3,1,1,1,0,0,0,1,0,3,1,non-human,held-out candidate,review,0.3617
815722753,ChigTheStiG,male,0.3691,0,1.0,0.9428571428571428,1.0,0.9428571428571428,0.32630054900560124,0.0,0.6736994509943988,1.6132259239442807e-05,0.0,0.9999838677407605,0.3818669297933207,0.0,0.6181330702066793,0.412760188478826,0,non-human,3,0,0,1,0,1,1,1,0,3,1,human,held-out candidate,review,0.3691
815727922,La89421,brand,0.6266,0,0.0,0.6071428571428571,1.0,0.6071428571428571,0.6972324737231707,1.0,0.6972324737231707,1.728947923222603e-72,0.0,1.0,0.9674621970376944,1.0,0.9674621970376944,0.5679593819759305,1,human,3,1,0,1,0,0,0,1,1,3,1,non-human,held-out candidate,review,0.6266
815730548,Bom_MarMar,male,0.6348,0,1.0,0.8636363636363636,1.0,0.8636363636363636,0.5623339851240264,0.0,0.43766601487597356,0.0432453979371847,0.0,0.9567546020628153,0.3017876602470421,0.0,0.6982123397529578,0.44275085173615425,0,non-human,3,0,0,1,0,1,1,1,0,3,1,human,held-out candidate,review,0.6348
815722970,MathPowerPoints,brand,0.6349,0,0.0,0.6136363636363636,1.0,0.6136363636363636,0.721845865458662,1.0,0.721845865458662,0.24234223705004643,0.0,0.7576577629499536,0.8284031650675177,1.0,0.8284031650675177,0.6015569078031474,1,human,3,1,0,1,0,0,0,1,1,3,1,non-human,held-out candidate,review,0.6349
815721667,itruthman1,male,0.6366,0,1.0,0.3194444444444444,0.0,0.6805555555555556,0.6164184531222124,0.0,0.38358154687778756,0.7980044576480624,1.0,0.7980044576480624,0.10487186733956251,0.0,0.8951281326604374,0.45968480563857045,0,non-human,3,1,0,1,0,0,0,1,1,3,1,human,held-out candidate,review,0.6366
815739139,xanderwonder,brand,0.6377,0,0.0,0.8888888888888888,1.0,0.8888888888888888,0.7705839377286918,1.0,0.7705839377286918,0.00044568824598985443,0.0,0.9995543117540101,0.680221446407224,1.0,0.680221446407224,0.5850349903176986,1,human,3,1,1,1,0,0,0,1,0,3,1,non-human,held-out candidate,review,0.6377
815719975,Hope4Siblings,female,0.6378,0,1.0,0.8333333333333334,1.0,0.8333333333333334,0.2946488719362414,0.0,0.7053511280637585,0.10576796726761663,0.0,0.8942320327323834,0.5279878254762544,0.0,0.47201217452374555,0.44043449950336144,0,non-human,3,0,0,1,0,1,1,1,0,3,1,human,held-out candidate,review,0.6378
815732149,SillarsTuesday,brand,0.6403,0,0.0,0.8620689655172413,1.0,0.8620689655172413,0.7810998742735958,1.0,0.7810998742735958,1.1624507889144838e-05,0.0,0.9999883754921108,0.7474795620167562,1.0,0.7474795620167562,0.5976650065788707,1,human,3,1,1,1,0,0,0,1,0,3,1,non-human,held-out candidate,review,0.6403
815738859,QUENalahas,female,0.6429,0,1.0,0.5555555555555556,0.0,0.4444444444444444,0.48479756698421117,0.0,0.5152024330157888,0.0011161301508922996,0.0,0.9988838698491077,0.7715484791599639,1.0,0.7715484791599639,0.4532544329626558,0,non-human,3,1,0,1,0,1,1,0,0,3,1,human,held-out candidate,review,0.6429
815720698,Dscin_9510,female,0.6441,0,1.0,0.6071428571428571,1.0,0.6071428571428571,0.4661965889134775,0.0,0.5338034110865225,9.52176074801676e-72,0.0,1.0,0.4993050695895606,0.0,0.5006949304104393,0.3931611289114738,0,non-human,3,0,0,1,0,1,1,1,0,3,1,human,held-out candidate,review,0.6441
815736972,TheLatsbrah,brand,0.6455,0,0.0,0.8666666666666667,1.0,0.8666666666666667,0.36021017784360104,0.0,0.6397898221563989,0.7402004115970561,1.0,0.7402004115970561,0.6211466584771593,1.0,0.6211466584771593,0.6470559786461209,1,human,3,1,1,0,0,1,0,1,0,3,1,non-human,held-out candidate,review,0.6455
815736568,wetrain_Danny,male,0.6459,0,1.0,0.4634146341463415,0.0,0.5365853658536586,0.6779885474661402,1.0,0.6779885474661402,0.0026384998612413372,0.0,0.9973615001387587,0.4745941652253325,0.0,0.5254058347746675,0.4046589616747639,0,non-human,3,1,0,0,0,1,1,1,0,3,1,human,held-out candidate,review,0.6459
815738846,RunningA_Quote,brand,0.6464,0,0.0,0.8087431693989071,1.0,0.8087431693989071,0.5404459289700003,0.0,0.4595540710299997,0.3729736010536736,1.0,0.3729736010536736,0.6569639218801487,1.0,0.6569639218801487,0.5947816553256825,1,human,3,1,1,0,0,1,0,1,0,3,1,non-human,held-out candidate,review,0.6464
815731140,ImWryz,brand,0.6475,0,0.0,0.32,0.0,0.6799999999999999,0.7736117745301127,1.0,0.7736117745301127,0.9999989294534731,1.0,0.9999989294534731,0.6673096083848458,1.0,0.6673096083848458,0.6902300780921078,1,human,3,0,0,1,0,1,1,1,0,3,1,non-human,held-out candidate,review,0.6475
815730709,Youth_Unlocked,brand,0.6488,0,0.0,0.2978723404255319,0.0,0.7021276595744681,0.7166019208520741,1.0,0.7166019208520741,0.9999910202649379,1.0,0.9999910202649379,0.6964958208801079,1.0,0.6964958208801079,0.677740275605663,1,human,3,0,0,1,0,1,1,1,0,3,1,non-human,held-out candidate,review,0.6488
815735435,7figureadvisor,brand,0.649,0,0.0,0.8,1.0,0.8,0.7663936115702352,1.0,0.7663936115702352,0.013059860117872638,0.0,0.9869401398821274,0.7774595711077241,1.0,0.7774595711077241,0.5892282606989581,1,human,3,1,1,1,0,0,0,1,0,3,1,non-human,held-out candidate,review,0.649
815738067,jakemco3,brand,0.6496,0,0.0,0.6071428571428571,1.0,0.6071428571428571,0.7331380916018427,1.0,0.7331380916018427,1.9907373984868388e-70,0.0,1.0,0.9262953821010733,1.0,0.9262953821010733,0.5666440827114433,1,human,3,1,0,1,0,0,0,1,1,3,1,non-human,held-out candidate,review,0.6496
815737779,Bdiddy252,male,0.6499,0,1.0,0.8333333333333334,1.0,0.8333333333333334,0.35528596020046843,0.0,0.6447140397995316,0.016459965829854515,0.0,0.9835400341701455,0.5063965299569116,0.0,0.49360347004308835,0.427868947330142,0,non-human,3,0,0,1,0,1,1,1,0,3,1,human,held-out candidate,review,0.6499
815727073,louehisart,brand,0.65,0,0.0,0.45652173913043476,0.0,0.5434782608695652,0.7961873433259842,1.0,0.7961873433259842,0.9311229769805829,1.0,0.9311229769805829,0.5431952818880952,1.0,0.5431952818880952,0.6817568353312742,1,human,3,0,0,1,0,1,1,1,0,3,1,non-human,held-out candidate,review,0.65
815732828,AnimalWorIds,brand,0.6501,0,0.0,0.2962962962962963,0.0,0.7037037037037037,0.8538294332488,1.0,0.8538294332488,0.7193553165722245,1.0,0.7193553165722245,0.7625913101352203,1.0,0.7625913101352203,0.6580180890631353,1,human,3,0,0,1,1,1,0,1,0,3,1,non-human,held-out candidate,review,0.6501
815725507,AdeleNorthman,female,0.6513,0,1.0,0.375,0.0,0.625,0.6706449123104113,1.0,0.6706449123104113,0.0027358378715112404,0.0,0.9972641621284888,0.30876971584280344,0.0,0.6912302841571966,0.33928761650618156,0,non-human,3,1,0,0,0,1,1,1,0,3,1,human,held-out candidate,review,0.6513
815725509,LeytonTechnical,brand,0.6516,0,0.0,0.45652173913043476,0.0,0.5434782608695652,0.7648551115511014,1.0,0.7648551115511014,0.9999999997694928,1.0,0.9999999997694928,0.6074923851239838,1.0,0.6074923851239838,0.7072173088937532,1,human,3,0,0,1,0,1,1,1,0,3,1,non-human,held-out candidate,review,0.6516
815733130,InstaFollow_17,brand,0.6516,0,0.0,0.6136363636363636,1.0,0.6136363636363636,0.768200553460818,1.0,0.768200553460818,0.004501171052879618,0.0,0.9954988289471204,0.9452776073527118,1.0,0.9452776073527118,0.5829039238756932,1,human,3,1,0,1,0,0,0,1,1,3,1,non-human,held-out candidate,review,0.6516
815722543,RMVonTwit,brand,0.6529,0,0.0,0.9787878787878788,1.0,0.9787878787878788,0.7128512342048624,1.0,0.7128512342048624,0.012373369716011433,0.0,0.9876266302839886,0.6999784152700127,1.0,0.6999784152700127,0.6009977244946914,1,human,3,1,1,1,0,0,0,1,0,3,1,non-human,held-out candidate,review,0.6529
815723714,1WEST_ISUPK,brand,0.6539,0,0.0,0.8620689655172413,1.0,0.8620689655172413,0.6916629010600734,1.0,0.6916629010600734,0.005740434599165599,0.0,0.9942595654008344,0.7083200098928066,1.0,0.7083200098928066,0.5669480777673217,1,human,3,1,1,1,0,0,0,1,0,3,1,non-human,held-out candidate,review,0.6539
815725519,readrantreview,female,0.6543,0,1.0,0.2978723404255319,0.0,0.7021276595744681,0.4100506704272057,0.0,0.5899493295727942,0.6724143395146422,1.0,0.6724143395146422,0.1587186140927305,0.0,0.8412813859072695,0.3847639911150276,0,non-human,3,1,0,1,0,0,0,1,1,3,1,human,held-out candidate,review,0.6543
815736228,jayceodpromoter,male,0.6545,0,1.0,0.8734177215189873,1.0,0.8734177215189873,0.454939026982444,0.0,0.545060973017556,0.0003855079986677064,0.0,0.9996144920013323,0.2899939631894052,0.0,0.7100060368105948,0.404684054922376,0,non-human,3,0,0,1,0,1,1,1,0,3,1,human,held-out candidate,review,0.6545
815721226,mutsunba_ebot,brand,0.6549,0,0.0,0.7407407407407407,1.0,0.7407407407407407,0.6098547236051733,0.0,0.39014527639482666,0.8647981053110796,1.0,0.8647981053110796,0.6128230255829763,1.0,0.6128230255829763,0.7070541488099924,1,human,3,1,0,0,0,1,1,1,0,3,1,non-human,held-out candidate,review,0.6549
815731880,t1shari,male,0.6554,0,1.0,0.55,0.0,0.44999999999999996,0.4688115391945111,0.0,0.5311884608054889,0.16025615369984053,0.0,0.8397438463001594,0.5656694874549797,1.0,0.5656694874549797,0.43618429508733286,0,non-human,3,1,0,1,0,1,1,0,0,3,1,human,held-out candidate,review,0.6554
815726044,thesolescoop,brand,0.6555,0,0.0,0.6136363636363636,1.0,0.6136363636363636,0.773699885221134,1.0,0.773699885221134,0.29211695595796044,0.0,0.7078830440420396,0.9601889037845803,1.0,0.9601889037845803,0.6599105271500096,1,human,3,1,0,1,0,0,0,1,1,3,1,non-human,held-out candidate,review,0.6555
815736014,giustinasearle,female,0.6563,0,1.0,0.2346368715083799,0.0,0.7653631284916201,0.6245299086497766,0.0,0.37547009135022336,0.002711317101444649,0.0,0.9972886828985553,0.5581042411427614,1.0,0.5581042411427614,0.35499558460059066,0,non-human,3,1,0,1,0,1,1,0,0,3,1,human,held-out candidate,review,0.6563
815723692,Qabalahmath,male,0.6567,0,1.0,0.5598958333333334,0.0,0.44010416666666663,0.5551141622332617,0.0,0.4448858377667383,0.017722244840938678,0.0,0.9822777551590613,0.6842053666855864,1.0,0.6842053666855864,0.45423440177328,0,non-human,3,1,0,1,0,1,1,0,0,3,1,human,held-out candidate,review,0.6567
815720014,DJ_UnDisTone,brand,0.6571,0,0.0,0.932,1.0,0.932,0.6384867248127278,1.0,0.6384867248127278,0.7913663464030352,1.0,0.7913663464030352,0.4483088579761658,0.0,0.5516911420238342,0.7025404822979822,1,human,3,1,1,1,0,1,0,0,0,3,1,non-human,held-out candidate,review,0.6571
815728940,HowitzerDoogie,brand,0.6575,0,0.0,0.8287671232876712,1.0,0.8287671232876712,0.6638858982826316,1.0,0.6638858982826316,0.13566153610263143,0.0,0.8643384638973686,0.734828069803576,1.0,0.734828069803576,0.5907856568691275,1,human,3,1,1,1,0,0,0,1,0,3,1,non-human,held-out candidate,review,0.6575
815728446,PetPotatoStrax,brand,0.6578,0,0.0,0.30434782608695654,0.0,0.6956521739130435,0.7963578880159902,1.0,0.7963578880159902,0.8834341396687757,1.0,0.8834341396687757,0.5821547683985289,1.0,0.5821547683985289,0.6415736555425628,1,human,3,0,0,1,0,1,1,1,0,3,1,non-human,held-out candidate,review,0.6578
815731693,Toabqu__Liuqka,brand,0.6585,0,0.0,0.8620689655172413,1.0,0.8620689655172413,0.7353494486406809,1.0,0.7353494486406809,1.807251577795674e-05,0.0,0.999981927484222,0.7477080808475668,1.0,0.7477080808475668,0.5862861418803167,1,human,3,1,1,1,0,0,0,1,0,3,1,non-human,held-out candidate,review,0.6585
815723440,robinnico71,brand,0.6592,0,0.0,0.5833333333333334,1.0,0.5833333333333334,0.76440776297606,1.0,0.76440776297606,0.054863913593643135,0.0,0.9451360864063568,0.8376229168697125,1.0,0.8376229168697125,0.5600569816931873,1,human,3,1,0,1,0,0,0,1,1,3,1,non-human,held-out candidate,review,0.6592
815738376,Sharalee_Field,brand,0.6593,0,0.0,0.8666666666666667,1.0,0.8666666666666667,0.6333242714350504,1.0,0.6333242714350504,3.340413324121293e-23,0.0,1.0,0.7423074407150948,1.0,0.7423074407150948,0.560574594704203,1,human,3,1,1,1,0,0,0,1,0,3,1,non-human,held-out candidate,review,0.6593
815724815,russellshih,brand,0.6595,0,0.0,0.5251798561151079,0.0,0.47482014388489213,0.6997842266446629,1.0,0.6997842266446629,0.9858428681939538,1.0,0.9858428681939538,0.6951707453292358,1.0,0.6951707453292358,0.72649442407074,1,human,3,0,0,1,0,1,1,1,0,3,1,non-human,held-out candidate,review,0.6595
815727652,Dreamlines,female,0.6597,0,1.0,0.2346368715083799,0.0,0.7653631284916201,0.328314293817816,0.0,0.6716857061821839,0.4819223050373847,1.0,0.4819223050373847,0.09882086736665797,0.0,0.901179132633342,0.28592358443255966,0,non-human,3,1,0,1,0,0,0,1,1,3,1,human,held-out candidate,review,0.6597
815730808,NorthwayBooks,brand,0.6598,0,0.0,0.6071428571428571,1.0,0.6071428571428571,0.6539066569907339,1.0,0.6539066569907339,3.7857369377650667e-69,0.0,1.0,0.8718731139398573,1.0,0.8718731139398573,0.5332306570183621,1,human,3,1,0,1,0,0,0,1,1,3,1,non-human,held-out candidate,review,0.6598
815731938,Gerrisol,brand,0.6601,0,0.0,0.8666666666666667,1.0,0.8666666666666667,0.7781596351920181,1.0,0.7781596351920181,3.685395603168372e-69,0.0,1.0,0.7806388633080251,1.0,0.7806388633080251,0.6063662912916775,1,human,3,1,1,1,0,0,0,1,0,3,1,non-human,held-out candidate,review,0.6601
815721285,HarisBrutalo,male,0.6605,0,1.0,0.6071428571428571,1.0,0.6071428571428571,0.4103815078677223,0.0,0.5896184921322777,7.224256695786154e-72,0.0,1.0,0.23330782900119426,0.0,0.7666921709988057,0.3127080485029434,0,non-human,3,0,0,1,0,1,1,1,0,3,1,human,held-out candidate,review,0.6605
815733417,GuyKawasaki,male,0.6606,0,1.0,0.65,1.0,0.65,0.3072110844331203,0.0,0.6927889155668797,3.3303827319127462e-06,0.0,0.9999966696172681,0.41241423168961616,0.0,0.5875857683103838,0.3424071616263671,0,non-human,3,0,0,1,0,1,1,1,0,3,1,human,held-out candidate,review,0.6606
815738770,LizquenP,female,0.6607,0,1.0,0.5555555555555556,0.0,0.4444444444444444,0.5012054915947063,0.0,0.4987945084052937,0.000684080195074234,0.0,0.9993159198049257,0.7589492850886218,1.0,0.7589492850886218,0.4540986031084895,0,non-human,3,1,0,1,0,1,1,0,0,3,1,human,held-out candidate,review,0.6607
815730150,colbenjamin,male,0.6608,0,1.0,0.5598958333333334,0.0,0.44010416666666663,0.4639263578898357,0.0,0.5360736421101643,0.0017735000938925688,0.0,0.9982264999061075,0.6223453392283043,1.0,0.6223453392283043,0.4119852576363415,0,non-human,3,1,0,1,0,1,1,0,0,3,1,human,held-out candidate,review,0.6608
815720423,jMcConnico,male,0.6615,0,1.0,0.8169014084507042,1.0,0.8169014084507042,0.4979365052207989,0.0,0.5020634947792011,0.06841556919561693,0.0,0.931584430804383,0.36232710083762265,0.0,0.6376728991623773,0.43639514592618567,0,non-human,3,0,0,1,0,1,1,1,0,3,1,human,held-out candidate,review,0.6615
815719951,robert_stock7,male,0.6617,0,1.0,0.6071428571428571,1.0,0.6071428571428571,0.2890511204540315,0.0,0.7109488795459685,1.0585299133319928e-70,0.0,1.0,0.23858796661237228,0.0,0.7614120333876278,0.2836954860523152,0,non-human,3,0,0,1,0,1,1,1,0,3,1,human,held-out candidate,review,0.6617
815727370,Ellenvindyy,female,0.6618,0,1.0,0.5833333333333334,1.0,0.5833333333333334,0.43278709757535094,0.0,0.5672129024246491,0.038547158951112756,0.0,0.9614528410488873,0.48316470139432105,0.0,0.516835298605679,0.3844580728135295,0,non-human,3,0,0,1,0,1,1,1,0,3,1,human,held-out candidate,review,0.6618
815739092,lq3_camouflage,male,0.662,0,1.0,0.5555555555555556,0.0,0.4444444444444444,0.4057957517951003,0.0,0.5942042482048997,0.000795465585555965,0.0,0.999204534414444,0.8149530943803504,1.0,0.8149530943803504,0.4442749668291406,0,non-human,3,1,0,1,0,1,1,0,0,3,1,human,held-out candidate,review,0.662
815732706,fantasybballbot,male,0.6623,0,1.0,0.32,0.0,0.6799999999999999,0.5560672514802538,0.0,0.4439327485197462,0.005623072878798276,0.0,0.9943769271212017,0.752560320177054,1.0,0.752560320177054,0.4085626611340265,0,non-human,3,1,0,1,0,1,1,0,0,3,1,human,held-out candidate,review,0.6623
815736733,PASTTHEGONE,brand,0.6629,0,0.0,0.8087431693989071,1.0,0.8087431693989071,0.7192913895128953,1.0,0.7192913895128953,0.18945047077241994,0.0,0.8105495292275801,0.7231437867374749,1.0,0.7231437867374749,0.6101572041054244,1,human,3,1,1,1,0,0,0,1,0,3,1,non-human,held-out candidate,review,0.6629
815719658,MattMcNeilAM950,male,0.6631,0,1.0,0.3409090909090909,0.0,0.6590909090909092,0.6163348423851754,0.0,0.38366515761482456,0.0002533651251894811,0.0,0.9997466348748105,0.5890291385646752,1.0,0.5890291385646752,0.3866316092460328,0,non-human,3,1,0,1,0,1,1,0,0,3,1,human,held-out candidate,review,0.6631
815731956,JessRobs1,brand,0.6638,0,0.0,0.375,0.0,0.625,0.6522159486565003,1.0,0.6522159486565003,0.9999281365109739,1.0,0.9999281365109739,0.7756534576291504,1.0,0.7756534576291504,0.7006993856991561,1,human,3,0,0,1,0,1,1,1,0,3,1,non-human,held-out candidate,review,0.6638
815728282,onsmikaela,brand,0.6641,0,0.0,0.5555555555555556,0.0,0.4444444444444444,0.6479158244503616,1.0,0.6479158244503616,0.9714378117255036,1.0,0.9714378117255036,0.5483889262810976,1.0,0.5483889262810976,0.6808245295031295,1,human,3,0,0,1,0,1,1,1,0,3,1,non-human,held-out candidate,review,0.6641
815720490,denidtigner,male,0.6646,0,1.0,0.3194444444444444,0.0,0.6805555555555556,0.48245333244330496,0.0,0.5175466675566951,1.7585950513063934e-07,0.0,0.9999998241404948,0.629541747790621,1.0,0.629541747790621,0.35785992513446885,0,non-human,3,1,0,1,0,1,1,0,0,3,1,human,held-out candidate,review,0.6646
815738987,hopiaquenloveme,female,0.6646,0,1.0,0.5555555555555556,0.0,0.4444444444444444,0.49243649217556607,0.0,0.5075635078244339,0.0007556599080994622,0.0,0.9992443400919006,0.7583483912259315,1.0,0.7583483912259315,0.45177402471628814,0,non-human,3,1,0,1,0,1,1,0,0,3,1,human,held-out candidate,review,0.6646
815739397,aaronred18promo,male,0.6647,0,1.0,0.8333333333333334,1.0,0.8333333333333334,0.3898409574374479,0.0,0.610159042562552,0.012192380959855798,0.0,0.9878076190401442,0.5076010055592305,0.0,0.4923989944407695,0.43574191932246686,0,non-human,3,0,0,1,0,1,1,1,0,3,1,human,held-out candidate,review,0.6647
815738974,LizQuen5Sg,female,0.6649,0,1.0,0.8888888888888888,1.0,0.8888888888888888,0.5423001392381828,0.0,0.45769986076181723,0.0016653440301603157,0.0,0.9983346559698397,0.49577129041321544,0.0,0.5042287095867846,0.48215641564261186,0,non-human,3,0,0,1,0,1,1,1,0,3,1,human,held-out candidate,review,0.6649
815728704,Tife_easypeasy,brand,0.665,0,0.0,0.32,0.0,0.6799999999999999,0.7508288866102868,1.0,0.7508288866102868,0.3828408223272631,1.0,0.3828408223272631,0.8413569046040964,1.0,0.8413569046040964,0.5737566533854116,1,human,3,0,0,1,0,1,0,1,1,3,1,non-human,held-out candidate,review,0.665
815723475,used2bnew,female,0.6652,0,1.0,0.46938775510204084,0.0,0.5306122448979591,0.43406999020738346,0.0,0.5659300097926165,0.06273111784524514,0.0,0.9372688821547549,0.6380515428712851,1.0,0.6380515428712851,0.40106010150648863,0,non-human,3,1,0,1,0,1,1,0,0,3,1,human,held-out candidate,review,0.6652
815723372,MissMBelieber,brand,0.6654,0,0.0,0.45652173913043476,0.0,0.5434782608695652,0.7270603992647144,1.0,0.7270603992647144,0.9624903347880102,1.0,0.9624903347880102,0.6934341041112166,1.0,0.6934341041112166,0.709876644323594,1,human,3,0,0,1,0,1,1,1,0,3,1,non-human,held-out candidate,review,0.6654
815738959,omg_enriquegil,male,0.6654,0,1.0,0.30434782608695654,0.0,0.6956521739130435,0.37292319595174583,0.0,0.6270768040482542,0.029019148812588335,0.0,0.9709808511874116,0.6234160831943898,1.0,0.6234160831943898,0.33242656351142014,0,non-human,3,1,0,1,0,1,1,0,0,3,1,human,held-out candidate,review,0.6654
815725185,aron_pauler,male,0.6658,0,1.0,0.8620689655172413,1.0,0.8620689655172413,0.40187890777346147,0.0,0.5981210922265385,2.199890767544674e-06,0.0,0.9999978001092324,0.20717164842480357,0.0,0.7928283515751964,0.3677804304015685,0,non-human,3,0,0,1,0,1,1,1,0,3,1,human,held-out candidate,review,0.6658
815733063,ChaosReloaded_,male,0.6659,0,1.0,0.7051282051282052,1.0,0.7051282051282052,0.5702341478906506,0.0,0.42976585210934937,0.004915441530222454,0.0,0.9950845584697775,0.40648984409671923,0.0,0.5935101559032807,0.42169190966144937,0,non-human,3,0,0,1,0,1,1,1,0,3,1,human,held-out candidate,review,0.6659
815726194,mckbirdbks,male,0.666,0,1.0,0.5625,0.0,0.4375,0.4373186514590148,0.0,0.5626813485409852,0.0012782136065599375,0.0,0.9987217863934401,0.5433379200643563,1.0,0.5433379200643563,0.3861086962824828,0,non-human,3,1,0,1,0,1,1,0,0,3,1,human,held-out candidate,review,0.666
815720918,BobsBicycles,brand,0.6664,0,0.0,0.56,0.0,0.43999999999999995,0.6754556455718447,1.0,0.6754556455718447,0.9700086841891278,1.0,0.9700086841891278,0.7564557043932385,1.0,0.7564557043932385,0.7404800085385528,1,human,3,0,0,1,0,1,1,1,0,3,1,non-human,held-out candidate,review,0.6664
815736304,ThePopeQuotes,brand,0.6664,0,0.0,0.8087431693989071,1.0,0.8087431693989071,0.7858672113447042,1.0,0.7858672113447042,0.11953744784646937,0.0,0.8804625521535306,0.7108973469179067,1.0,0.7108973469179067,0.6062612938769969,1,human,3,1,1,1,0,0,0,1,0,3,1,non-human,held-out candidate,review,0.6664
815739222,InternHarleen,female,0.6664,0,1.0,0.33984375,0.0,0.66015625,0.696367080829678,1.0,0.696367080829678,0.005337368017178479,0.0,0.9946626319828216,0.39743185476809734,0.0,0.6025681452319027,0.35974501340373843,0,non-human,3,1,0,0,0,1,1,1,0,3,1,human,held-out candidate,review,0.6664
815724657,snobbishlyfe,brand,0.6665,0,0.0,0.7163120567375887,1.0,0.7163120567375887,0.8319698825204884,1.0,0.8319698825204884,0.0032332977047978334,0.0,0.9967667022952021,0.7657330870568329,1.0,0.7657330870568329,0.5793120810049269,1,human,3,1,0,1,1,0,0,1,0,3,1,non-human,held-out candidate,review,0.6665
815738487,Ryebread506,brand,0.6667,0,0.0,0.46938775510204084,0.0,0.5306122448979591,0.6700440158358197,1.0,0.6700440158358197,0.9950213088210111,1.0,0.9950213088210111,0.7057143089017835,1.0,0.7057143089017835,0.7100418471651638,1,human,3,0,0,1,0,1,1,1,0,3,1,non-human,held-out candidate,review,0.6667
815738699,hopefuls1,brand,0.6667,0,0.0,0.8888888888888888,1.0,0.8888888888888888,0.6532752259319852,1.0,0.6532752259319852,0.00037499123320940933,0.0,0.9996250087667906,0.7577907866485528,1.0,0.7577907866485528,0.5750824731756591,1,human,3,1,1,1,0,0,0,1,0,3,1,non-human,held-out candidate,review,0.6667
815735479,msmegancotto,female,0.6671,0,1.0,0.8888888888888888,1.0,0.8888888888888888,0.5567741294004903,0.0,0.4432258705995097,0.002996665207124057,0.0,0.997003334792876,0.4508526624846884,0.0,0.5491473375153115,0.4748780864952979,0,non-human,3,0,0,1,0,1,1,1,0,3,1,human,held-out candidate,review,0.6671
815730400,icon4eva,female,0.6672,0,1.0,0.6410256410256411,1.0,0.6410256410256411,0.41779805250061103,0.0,0.5822019474993889,0.041317677722271795,0.0,0.9586823222777282,0.3757430857105019,0.0,0.624256914289498,0.3689711142397564,0,non-human,3,0,0,1,0,1,1,1,0,3,1,human,held-out candidate,review,0.6672
815719904,SusieCumberland,female,0.6673,0,1.0,0.45652173913043476,0.0,0.5434782608695652,0.51498858354083,0.0,0.48501141645917,0.00029496833354177986,0.0,0.9997050316664582,0.6478280927218059,1.0,0.6478280927218059,0.4049083459316531,0,non-human,3,1,0,1,0,1,1,0,0,3,1,human,held-out candidate,review,0.6673
815737136,MaternityMattrs,brand,0.6673,0,0.0,0.4634146341463415,0.0,0.5365853658536586,0.7161148829620625,1.0,0.7161148829620625,0.6962662591825038,1.0,0.6962662591825038,0.89727162970504,1.0,0.89727162970504,0.6932668514989869,1,human,3,0,0,1,0,1,0,1,1,3,1,non-human,held-out candidate,review,0.6673
815733512,ajhughes23,female,0.6674,0,1.0,0.6071428571428571,1.0,0.6071428571428571,0.55913922890811,0.0,0.44086077109189004,1.8544051667634732e-72,0.0,1.0,0.3218883870808895,0.0,0.6781116129191105,0.37204261828296414,0,non-human,3,0,0,1,0,1,1,1,0,3,1,human,held-out candidate,review,0.6674
815734644,xlarspanda,male,0.668,1,1.0,0.36,0.0,0.64,0.41339582162207683,0.0,0.5866041783779232,8.571199556885479e-05,0.0,0.9999142880044312,0.5614090915288843,1.0,0.5614090915288843,0.3337226562866325,0,non-human,3,1,0,1,0,1,1,0,0,3,1,human,held-out candidate,review,0.668
815720931,markforza,brand,0.6683,0,0.0,0.45652173913043476,0.0,0.5434782608695652,0.6691025325096484,1.0,0.6691025325096484,0.9974770540067419,1.0,0.9974770540067419,0.7099687655458312,1.0,0.7099687655458312,0.7082675227981641,1,human,3,0,0,1,0,1,1,1,0,3,1,non-human,held-out candidate,review,0.6683
815719282,Zoe_o_Ebot,female,0.6684,0,1.0,0.5833333333333334,1.0,0.5833333333333334,0.4588883868772578,0.0,0.5411116131227423,0.09088657396742962,0.0,0.9091134260325704,0.4599344913351425,0.0,0.5400655086648575,0.39826069637829087,0,non-human,3,0,0,1,0,1,1,1,0,3,1,human,held-out candidate,review,0.6684
815738778,BestGIRLfriendQ,male,0.6686,0,1.0,0.5555555555555556,0.0,0.4444444444444444,0.46267809019542283,0.0,0.5373219098045772,0.0013389944797259836,0.0,0.998661005520274,0.788094100500153,1.0,0.788094100500153,0.45191668518271433,0,non-human,3,1,0,1,0,1,1,0,0,3,1,human,held-out candidate,review,0.6686
815721297,RedSox730,brand,0.669,0,0.0,0.5185185185185185,0.0,0.4814814814814815,0.7933237544982844,1.0,0.7933237544982844,0.9303403445130579,1.0,0.9303403445130579,0.7377085087205026,1.0,0.7377085087205026,0.7449727815625908,1,human,3,0,0,1,0,1,1,1,0,3,1,non-human,held-out candidate,review,0.669
815725506,JoseHarris32,male,0.669,0,1.0,0.6410256410256411,1.0,0.6410256410256411,0.3811466303535426,0.0,0.6188533696464573,0.08681208702800382,0.0,0.9131879129719962,0.34199044230743997,0.0,0.65800955769256,0.36274370017865687,0,non-human,3,0,0,1,0,1,1,1,0,3,1,human,held-out candidate,review,0.669
815719316,NotNuttyKarl,female,0.6691,0,1.0,0.6071428571428571,1.0,0.6071428571428571,0.4384503158657523,0.0,0.5615496841342478,6.321309600732394e-71,0.0,1.0,0.32745708815578706,0.0,0.672542911844213,0.3432625652910991,0,non-human,3,0,0,1,0,1,1,1,0,3,1,human,held-out candidate,review,0.6691
815726967,44LETHARosa9,female,0.6691,0,1.0,0.55,0.0,0.44999999999999996,0.625503221740894,0.0,0.374496778259106,0.008614660752771128,0.0,0.9913853392472288,0.6321420307739108,1.0,0.6321420307739108,0.45406497831689396,0,non-human,3,1,0,1,0,1,1,0,0,3,1,human,held-out candidate,review,0.6691
815723137,survive2thrive1,brand,0.6692,0,0.0,0.8,1.0,0.8,0.6727165897230676,1.0,0.6727165897230676,0.07860491238430158,0.0,0.9213950876156984,0.7611402871445677,1.0,0.7611402871445677,0.5781154473129843,1,human,3,1,1,1,0,0,0,1,0,3,1,non-human,held-out candidate,review,0.6692
815728575,BrothaJVellore,brand,0.6694,0,0.0,1.0,1.0,1.0,0.7360517207510473,1.0,0.7360517207510473,0.11312945427075202,0.0,0.886870545729248,0.7888366396565658,1.0,0.7888366396565658,0.6595044536695913,1,human,3,1,1,1,0,0,0,1,0,3,1,non-human,held-out candidate,review,0.6694
815731390,jaklumen,brand,0.6697,0,0.0,0.932,1.0,0.932,0.6074393403789806,0.0,0.3925606596210194,0.6998301033662031,1.0,0.6998301033662031,0.6151318476239316,1.0,0.6151318476239316,0.7136003228422789,1,human,3,1,1,0,0,1,0,1,0,3,1,non-human,held-out candidate,review,0.6697
815735432,EdwardChelednik,brand,0.6701,0,0.0,0.6071428571428571,1.0,0.6071428571428571,0.6398349527780459,1.0,0.6398349527780459,6.895172560256441e-70,0.0,1.0,0.8158927127016331,1.0,0.8158927127016331,0.515717630655634,1,human,3,1,0,1,0,0,0,1,1,3,1,non-human,held-out candidate,review,0.6701
815738595,lizaquenpp,female,0.6707,0,1.0,0.5555555555555556,0.0,0.4444444444444444,0.3971427575719578,0.0,0.6028572424280422,0.0012063680681993465,0.0,0.9987936319318007,0.7914638052313675,1.0,0.7914638052313675,0.43634212160677005,0,non-human,3,1,0,1,0,1,1,0,0,3,1,human,held-out candidate,review,0.6707
815719687,GreekCimPromo,brand,0.6708,0,0.0,0.2978723404255319,0.0,0.7021276595744681,0.6558506723067343,1.0,0.6558506723067343,0.9475338836523982,1.0,0.9475338836523982,0.6028849892959313,1.0,0.6028849892959313,0.6260354714201489,1,human,3,0,0,1,0,1,1,1,0,3,1,non-human,held-out candidate,review,0.6708
815723171,keirhardie47d,brand,0.6715,0,0.0,0.6071428571428571,1.0,0.6071428571428571,0.7476131888920249,1.0,0.7476131888920249,1.2244095053546022e-68,0.0,1.0,0.9174763091197593,1.0,0.9174763091197593,0.5680580887886604,1,human,3,1,0,1,0,0,0,1,1,3,1,non-human,held-out candidate,review,0.6715
815736916,BlogTini13,brand,0.6715,0,0.0,0.6962025316455697,1.0,0.6962025316455697,0.6257255827449327,0.0,0.37427441725506727,0.9992250897458735,1.0,0.9992250897458735,0.7378499578979698,1.0,0.7378499578979698,0.7647507905085864,1,human,3,1,0,0,0,1,1,1,0,3,1,non-human,held-out candidate,review,0.6715
815725723,fisyfibebala,male,0.6717,0,1.0,0.8666666666666667,1.0,0.8666666666666667,0.6053530717696228,0.0,0.39464692823037717,0.00010518644003852933,0.0,0.9998948135599615,0.3054189530727967,0.0,0.6945810469272033,0.44438596948728115,0,non-human,3,0,0,1,0,1,1,1,0,3,1,human,held-out candidate,review,0.6717
815723368,JudyLocal,female,0.6724,0,1.0,0.6071428571428571,1.0,0.6071428571428571,0.24703216240743697,0.0,0.752967837592563,3.293165803639698e-71,0.0,1.0,0.2899601817629541,0.0,0.710039818237046,0.28603380032831205,0,non-human,3,0,0,1,0,1,1,1,0,3,1,human,held-out candidate,review,0.6724
815738219,ambernigella,female,0.673,0,1.0,0.2962962962962963,0.0,0.7037037037037037,0.6066999403602615,0.0,0.39330005963973846,0.100988384922271,0.0,0.899011615077729,0.6052209203449544,1.0,0.6052209203449544,0.40230138548094585,0,non-human,3,1,0,1,0,1,1,0,0,3,1,human,held-out candidate,review,0.673
815737836,ImTeraPatrick,female,0.6735,0,1.0,0.8620689655172413,1.0,0.8620689655172413,0.3345105747140721,0.0,0.6654894252859279,0.0005055389872118642,0.0,0.9994944610127882,0.46495442737624426,0.0,0.5350455726237557,0.4155098766486924,0,non-human,3,0,0,1,0,1,1,1,0,3,1,human,held-out candidate,review,0.6735
815730121,comicgregjohns1,female,0.6737,0,1.0,0.36,0.0,0.64,0.3810550704795894,0.0,0.6189449295204106,0.0004230571350886485,0.0,0.9995769428649114,0.5833188665540517,1.0,0.5833188665540517,0.3311992485421824,0,non-human,3,1,0,1,0,1,1,0,0,3,1,human,held-out candidate,review,0.6737
815738548,siLizaSoberano,female,0.6738,0,1.0,0.5555555555555556,0.0,0.4444444444444444,0.48209842503899586,0.0,0.5179015749610041,0.0015436235407995137,0.0,0.9984563764592005,0.8001836911587378,1.0,0.8001836911587378,0.45984532382352217,0,non-human,3,1,0,1,0,1,1,0,0,3,1,human,held-out candidate,review,0.6738
815732150,JuilliardSchool,brand,0.6739,0,0.0,0.8734177215189873,1.0,0.8734177215189873,0.7091473075059265,1.0,0.7091473075059265,0.004513654242356658,0.0,0.9954863457576434,0.6953432832570239,1.0,0.6953432832570239,0.5706054916310737,1,human,3,1,1,1,0,0,0,1,0,3,1,non-human,held-out candidate,review,0.6739
815735198,adreannel,female,0.6739,0,1.0,0.5251798561151079,0.0,0.47482014388489213,0.4885602190870567,0.0,0.5114397809129433,0.031042391399949482,0.0,0.9689576086000505,0.6534317659047284,1.0,0.6534317659047284,0.42455355812671064,0,non-human,3,1,0,1,0,1,1,0,0,3,1,human,held-out candidate,review,0.6739
815736044,MayRanch,brand,0.6742,0,0.0,0.32,0.0,0.6799999999999999,0.7049596602479841,1.0,0.7049596602479841,1.0,1.0,1.0,0.7217135528924952,1.0,0.7217135528924952,0.6866683032851199,1,human,3,0,0,1,0,1,1,1,0,3,1,non-human,held-out candidate,review,0.6742
815723176,maystrop,brand,0.6743,0,0.0,0.8620689655172413,1.0,0.8620689655172413,0.7364285490799718,1.0,0.7364285490799718,0.0022197057269293407,0.0,0.9977802942730707,0.7725954001759154,1.0,0.7725954001759154,0.5933281551250145,1,human,3,1,1,1,0,0,0,1,0,3,1,non-human,held-out candidate,review,0.6743
815732386,FortWorthRadio,brand,0.6749,0,0.0,0.2346368715083799,0.0,0.7653631284916201,0.6941099404876555,1.0,0.6941099404876555,1.0,1.0,1.0,0.6848903356953732,1.0,0.6848903356953732,0.6534092869228522,1,human,3,0,0,1,0,1,1,1,0,3,1,non-human,held-out candidate,review,0.6749
815738590,lizaquenx,female,0.6751,0,1.0,0.5555555555555556,0.0,0.4444444444444444,0.49646265772756876,0.0,0.5035373422724312,0.0007686397689962075,0.0,0.9992313602310038,0.762229833505984,1.0,0.762229833505984,0.45375417163952614,0,non-human,3,1,0,1,0,1,1,0,0,3,1,human,held-out candidate,review,0.6751
815719609,ideagirlmedia,brand,0.6753,0,0.0,0.5598958333333334,0.0,0.44010416666666663,0.6677709878039201,1.0,0.6677709878039201,0.8808516214561084,1.0,0.8808516214561084,0.6289380576304102,1.0,0.6289380576304102,0.6843641250559431,1,human,3,0,0,1,0,1,1,1,0,3,1,non-human,held-out candidate,review,0.6753
815725786,godwinmrjesser,male,0.6761,0,1.0,0.6,1.0,0.6,0.49667988855664863,0.0,0.5033201114433514,0.0036493538063598584,0.0,0.9963506461936401,0.46828553877876056,0.0,0.5317144612212394,0.39215369528544225,0,non-human,3,0,0,1,0,1,1,1,0,3,1,human,held-out candidate,review,0.6761
815724846,AndradeTherapy,brand,0.6762,0,0.0,0.6,1.0,0.6,0.8156879302222815,1.0,0.8156879302222815,0.013558468932487166,0.0,0.9864415310675129,0.78355694608224,1.0,0.78355694608224,0.5532008363092522,1,human,3,1,0,1,1,0,0,1,0,3,1,non-human,held-out candidate,review,0.6762
815738982,Liza_Quen7,female,0.6762,0,1.0,0.5555555555555556,0.0,0.4444444444444444,0.5481063156764225,0.0,0.45189368432357746,0.0009864599605675253,0.0,0.9990135400394324,0.8027685124695386,1.0,0.8027685124695386,0.47685421091552105,0,non-human,3,1,0,1,0,1,1,0,0,3,1,human,held-out candidate,review,0.6762
815722950,BenoistDaily,female,0.6764,0,1.0,0.2346368715083799,0.0,0.7653631284916201,0.6968942757716178,1.0,0.6968942757716178,0.16777092664691803,0.0,0.8322290733530819,0.2331080423733603,0.0,0.7668919576266398,0.333102529075069,0,non-human,3,1,0,0,0,1,1,1,0,3,1,human,held-out candidate,review,0.6764
815730962,SmpBangers,brand,0.6769,0,0.0,0.33984375,0.0,0.66015625,0.7149578434010841,1.0,0.7149578434010841,0.9999999989477004,1.0,0.9999999989477004,0.5751103855751603,1.0,0.5751103855751603,0.6574779944809862,1,human,3,0,0,1,0,1,1,1,0,3,1,non-human,held-out candidate,review,0.6769
815736049,cfoutpost,male,0.677,0,1.0,0.7051282051282052,1.0,0.7051282051282052,0.5080057573832134,0.0,0.4919942426167866,0.000900963847460992,0.0,0.999099036152539,0.5379518188626878,0.0,0.46204818113731216,0.4379966863053919,0,non-human,3,0,0,1,0,1,1,1,0,3,1,human,held-out candidate,review,0.677
815723321,HeitorLM,male,0.6776,1,1.0,0.56,0.0,0.43999999999999995,0.6508710281922182,1.0,0.6508710281922182,0.0220449219025148,0.0,0.9779550780974852,0.5274809784519123,0.0,0.47251902154808767,0.44009923213666136,0,non-human,3,1,0,0,0,1,1,1,0,3,1,human,held-out candidate,review,0.6776
815726875,noquestions,brand,0.6777,0,0.0,0.5833333333333334,1.0,0.5833333333333334,0.8615573548096379,1.0,0.8615573548096379,0.16105218348913386,0.0,0.8389478165108661,0.7885900915173374,1.0,0.7885900915173374,0.5986332407873607,1,human,3,1,0,1,1,0,0,1,0,3,1,non-human,held-out candidate,review,0.6777
815719419,TexasCruzn,male,0.6778,0,1.0,0.8666666666666667,1.0,0.8666666666666667,0.3782780409663236,0.0,0.6217219590336764,0.07430218785582417,0.0,0.9256978121441758,0.5263959900380445,0.0,0.4736040099619555,0.4614107213817147,0,non-human,3,0,0,1,0,1,1,1,0,3,1,human,held-out candidate,review,0.6778
815723231,FateApollyon,brand,0.6786,0,0.0,0.609375,1.0,0.609375,0.9089492891562233,1.0,0.9089492891562233,0.2786258081662963,0.0,0.7213741918337038,0.775837690782397,1.0,0.775837690782397,0.6431969470262291,1,human,3,1,0,1,1,0,0,1,0,3,1,non-human,held-out candidate,review,0.6786
815720063,Keepontruckin71,male,0.6795,0,1.0,0.8888888888888888,1.0,0.8888888888888888,0.45617789506890544,0.0,0.5438221049310945,0.001617570546787192,0.0,0.9983824294532128,0.4571660688745638,0.0,0.5428339311254362,0.4509626058447863,0,non-human,3,0,0,1,0,1,1,1,0,3,1,human,held-out candidate,review,0.6795
815724897,chzbizman,male,0.6795,0,1.0,1.0,1.0,1.0,0.5999733033083667,0.0,0.40002669669163327,0.0021378334174078015,0.0,0.9978621665825922,0.2618452737920084,0.0,0.7381547262079916,0.4659891026294457,0,non-human,3,0,0,1,0,1,1,1,0,3,1,human,held-out candidate,review,0.6795
815735370,BadCoryMatthews,male,0.6803,0,1.0,0.45652173913043476,0.0,0.5434782608695652,0.4121264659911997,0.0,0.5878735340088004,0.9112045040823314,1.0,0.9112045040823314,0.17073519083784094,0.0,0.8292648091621591,0.4876469750104517,0,non-human,3,1,0,1,0,0,0,1,1,3,1,human,held-out candidate,review,0.6803
815727816,AyodeleAlli,male,0.6806,0,1.0,0.2346368715083799,0.0,0.7653631284916201,0.8181811180616513,1.0,0.8181811180616513,0.0026112388514734955,0.0,0.9973887611485265,0.399373360233119,0.0,0.600626639766881,0.3637006471636559,0,non-human,3,1,0,0,0,1,1,1,0,3,1,human,held-out candidate,review,0.6806
815731106,jesPhotographer,female,0.681,0,1.0,0.2962962962962963,0.0,0.7037037037037037,0.45109902934585566,0.0,0.5489009706541443,0.3842390563488168,1.0,0.3842390563488168,0.06489183052194421,0.0,0.9351081694780558,0.2991315531282282,0,non-human,3,1,0,1,0,0,0,1,1,3,1,human,held-out candidate,review,0.681
815734389,mrshjadams,female,0.6816,0,1.0,0.33984375,0.0,0.66015625,0.6104795317484999,0.0,0.3895204682515001,0.06444506767220701,0.0,0.935554932327793,0.6468661198893227,1.0,0.6468661198893227,0.41540861732750745,0,non-human,3,1,0,1,0,1,1,0,0,3,1,human,held-out candidate,review,0.6816
815733164,caseroo7,female,0.6821,0,1.0,0.375,0.0,0.625,0.6453961833059536,1.0,0.6453961833059536,0.004614918380356993,0.0,0.995385081619643,0.2731189642459207,0.0,0.7268810357540794,0.3245325164830578,0,non-human,3,1,0,0,0,1,1,1,0,3,1,human,held-out candidate,review,0.6821
815730587,StealthSnipes,brand,0.6827,0,0.0,0.32,0.0,0.6799999999999999,0.7242065514936389,1.0,0.7242065514936389,0.9999999432781423,1.0,0.9999999432781423,0.644497338166437,1.0,0.644497338166437,0.6721759582345546,1,human,3,0,0,1,0,1,1,1,0,3,1,non-human,held-out candidate,review,0.6827
815722800,QueenieBlu,female,0.6836,0,1.0,0.8169014084507042,1.0,0.8169014084507042,0.6274202258711004,0.0,0.37257977412889964,0.016296168154616944,0.0,0.983703831845383,0.46407039880927925,0.0,0.5359296011907208,0.4811720503214252,0,non-human,3,0,0,1,0,1,1,1,0,3,1,human,held-out candidate,review,0.6836
815726027,mucivyraqeke,male,0.6841,0,1.0,0.8666666666666667,1.0,0.8666666666666667,0.5387563834400428,0.0,0.46124361655995716,0.00021608182165005457,0.0,0.99978391817835,0.3188900246811525,0.0,0.6811099753188474,0.43113228915237806,0,non-human,3,0,0,1,0,1,1,1,0,3,1,human,held-out candidate,review,0.6841
815731201,tracyibrahimhl,brand,0.6841,0,0.0,0.8620689655172413,1.0,0.8620689655172413,0.7154658072486066,1.0,0.7154658072486066,2.7709176571826203e-05,0.0,0.9999722908234282,0.5767658343905268,1.0,0.5767658343905268,0.5385820790832366,1,human,3,1,1,1,0,0,0,1,0,3,1,non-human,held-out candidate,review,0.6841
815735344,ChaneyWright,female,0.6843,0,1.0,0.375,0.0,0.625,0.45847511613027403,0.0,0.541524883869726,0.358886040415818,1.0,0.358886040415818,0.1217158741290992,0.0,0.8782841258709008,0.3285192576687978,0,non-human,3,1,0,1,0,0,0,1,1,3,1,human,held-out candidate,review,0.6843
815724401,UCLA_Powell,brand,0.6848,0,0.0,0.5598958333333334,0.0,0.44010416666666663,0.8101677556247365,1.0,0.8101677556247365,0.7922602924463887,1.0,0.7922602924463887,0.5642442516082562,1.0,0.5642442516082562,0.6816420332531787,1,human,3,0,0,1,1,1,0,1,0,3,1,non-human,held-out candidate,review,0.6848
815729767,Lockedinbathroo,male,0.6848,0,1.0,0.6071428571428571,1.0,0.6071428571428571,0.5999612848711106,0.0,0.40003871512888944,1.419277604250756e-70,0.0,1.0,0.32515720088871103,0.0,0.674842799111289,0.3830653357256697,0,non-human,3,0,0,1,0,1,1,1,0,3,1,human,held-out candidate,review,0.6848
815737578,PiggyMarketNo1,brand,0.6848,0,0.0,0.6962025316455697,1.0,0.6962025316455697,0.7736627244152151,1.0,0.7736627244152151,0.9029406226346133,1.0,0.9029406226346133,0.3542007871176642,0.0,0.6457992128823358,0.6817516664532655,1,human,3,1,0,1,0,1,1,0,0,3,1,non-human,held-out candidate,review,0.6848
815720082,JohnJohndel2,male,0.6859,0,1.0,0.6071428571428571,1.0,0.6071428571428571,0.4493639460969051,0.0,0.5506360539030949,6.6491103092864364e-71,0.0,1.0,0.3069373540059768,0.0,0.6930626459940232,0.34086103931143474,0,non-human,3,0,0,1,0,1,1,1,0,3,1,human,held-out candidate,review,0.6859
815724993,pogue53,brand,0.6889,0,0.0,0.5598958333333334,0.0,0.44010416666666663,0.7094477236398883,1.0,0.7094477236398883,0.7657067598577125,1.0,0.7657067598577125,0.8528317467952439,1.0,0.8528317467952439,0.7219705159065445,1,human,3,0,0,1,0,1,0,1,1,3,1,non-human,held-out candidate,review,0.6889
815726048,NikkoleonWorld,female,0.6899,0,1.0,0.609375,1.0,0.609375,0.5023895911299747,0.0,0.4976104088700253,0.09684621810682591,0.0,0.9031537818931741,0.38774205603711387,0.0,0.6122579439628861,0.39908821631847863,0,non-human,3,0,0,1,0,1,1,1,0,3,1,human,held-out candidate,review,0.6899
815739147,Theogony,male,0.6901,0,1.0,0.7163120567375887,1.0,0.7163120567375887,0.4284187688624483,0.0,0.5715812311375517,0.020594162104534946,0.0,0.9794058378954651,0.5031681547957739,0.0,0.4968318452042261,0.4171232856250865,0,non-human,3,0,0,1,0,1,1,1,0,3,1,human,held-out candidate,review,0.6901
815719823,blankyhanky2,male,0.6923,0,1.0,0.8087431693989071,1.0,0.8087431693989071,0.3721333237877985,0.0,0.6278666762122015,0.0005426037036614156,0.0,0.9994573962963386,0.47337596273082405,0.0,0.526624037269176,0.4136987649052978,0,non-human,3,0,0,1,0,1,1,1,0,3,1,human,held-out candidate,review,0.6923
815719844,blankyhanky,female,0.6931,0,1.0,0.8087431693989071,1.0,0.8087431693989071,0.4542898420811561,0.0,0.5457101579188439,0.0005940198007697451,0.0,0.9994059801992302,0.3991588744818711,0.0,0.600841125518129,0.415696476440676,0,non-human,3,0,0,1,0,1,1,1,0,3,1,human,held-out candidate,review,0.6931
815731525,Law1780,brand,0.6934,0,0.0,0.5833333333333334,1.0,0.5833333333333334,0.8421803011939133,1.0,0.8421803011939133,0.04330471817321185,0.0,0.9566952818267882,0.7972006896242559,1.0,0.7972006896242559,0.5665047605811786,1,human,3,1,0,1,1,0,0,1,0,3,1,non-human,held-out candidate,review,0.6934
815720833,adhipolice881,brand,0.6983,0,0.0,0.46938775510204084,0.0,0.5306122448979591,0.6687689165680969,1.0,0.6687689165680969,0.3251732637654711,1.0,0.3251732637654711,0.8551177204921547,1.0,0.8551177204921547,0.5796119139819409,1,human,3,0,0,1,0,1,0,1,1,3,1,non-human,held-out candidate,review,0.6983
815719277,llIUMINATlRESMl,female,1.0,0,1.0,0.0,0.0,1.0,0.5306404557945322,0.0,0.46935954420546777,1.0,1.0,1.0,0.31140335791436574,0.0,0.6885966420856342,0.46051095342722453,0,non-human,3,1,1,1,0,0,0,1,0,3,1,human,out-of-fold,review,1.0
815719375,msrainerain,female,1.0,0,1.0,0.01098901098901099,0.0,0.989010989010989,0.6542326636439443,1.0,0.6542326636439443,0.25181330447458744,0.0,0.7481866955254126,0.21162706479537158,0.0,0.7883729352046285,0.28216551097572856,0,non-human,3,1,1,0,0,1,0,1,0,3,1,human,out-of-fold,review,1.0
815719399,KimesRanchJeans,brand,1.0,0,0.0,0.5247148288973384,0.0,0.47528517110266155,0.7355619302660565,1.0,0.7355619302660565,0.9999999999999147,1.0,0.9999999999999147,0.7207394119166548,1.0,0.7207394119166548,0.7452540427699912,1,human,3,0,0,1,0,1,1,1,0,3,1,non-human,out-of-fold,review,1.0
815719437,RamTechVCU,brand,1.0,0,0.0,0.3978201634877384,0.0,0.6021798365122616,0.7149590199658515,1.0,0.7149590199658515,0.8774819439114009,1.0,0.8774819439114009,0.6984365602643278,1.0,0.6984365602643278,0.6721744219073297,1,human,3,0,0,1,0,1,1,1,0,3,1,non-human,out-of-fold,review,1.0
815719450,StephenLockPA,male,1.0,0,1.0,0.3978201634877384,0.0,0.6021798365122616,0.7199561861544269,1.0,0.7199561861544269,0.013403349075566826,0.0,0.9865966509244332,0.33779646047376216,0.0,0.6622035395262378,0.36724403979787357,0,non-human,3,1,0,0,0,1,1,1,0,3,1,human,out-of-fold,review,1.0
815719495,BeardedReds,brand,1.0,0,0.0,0.5826086956521739,1.0,0.5826086956521739,0.561186804115131,0.0,0.438813195884869,0.9586007612061422,1.0,0.9586007612061422,0.5626492475665782,1.0,0.5626492475665782,0.6662613771350063,1,human,3,1,0,0,0,1,1,1,0,3,1,non-human,out-of-fold,review,1.0
815719515,ghazyIM98,male,1.0,0,1.0,0.5185185185185185,0.0,0.4814814814814815,0.6173526113531893,0.0,0.3826473886468107,0.06063920488667018,0.0,0.9393607951133298,0.6440553732047055,1.0,0.6440553732047055,0.4601414269907709,0,non-human,3,1,0,1,0,1,1,0,0,3,1,human,out-of-fold,review,1.0
815719534,createdrumbeats,male,1.0,0,1.0,0.21428571428571427,0.0,0.7857142857142857,0.4330782031973334,0.0,0.5669217968026665,0.0007186780934026929,0.0,0.9992813219065974,0.5566973355452483,1.0,0.5566973355452483,0.30119498278042467,0,non-human,3,1,0,1,0,1,1,0,0,3,1,human,out-of-fold,review,1.0
815719542,MassimoLandi7,male,1.0,0,1.0,0.5735294117647058,1.0,0.5735294117647058,0.37755358198463385,0.0,0.6224464180153662,7.585542074172805e-09,0.0,0.9999999924144579,0.2632314830501382,0.0,0.7367685169498618,0.303578621096255,0,non-human,3,0,0,1,0,1,1,1,0,3,1,human,out-of-fold,review,1.0
815719544,THE__ARAB,male,1.0,0,1.0,0.2979865771812081,0.0,0.702013422818792,0.6525050168375829,1.0,0.6525050168375829,0.17785823374627985,0.0,0.8221417662537202,0.3366617971682292,0.0,0.6633382028317708,0.36625290623332496,0,non-human,3,1,0,0,0,1,1,1,0,3,1,human,out-of-fold,review,1.0
815719589,Albertkeyn,male,1.0,0,1.0,0.48951048951048953,0.0,0.5104895104895104,0.4741723710013132,0.0,0.5258276289986867,2.0610259091346374e-05,0.0,0.9999793897409086,0.5643326574195521,1.0,0.5643326574195521,0.38200903204761155,0,non-human,3,1,0,1,0,1,1,0,0,3,1,human,out-of-fold,review,1.0
815719623,LeveragYourBook,female,1.0,0,1.0,0.2979865771812081,0.0,0.702013422818792,0.2997992818420271,0.0,0.7002007181579729,0.3660673359852711,1.0,0.3660673359852711,0.07745878402000649,0.0,0.9225412159799935,0.2603279947571282,0,non-human,3,1,0,1,0,0,0,1,1,3,1,human,out-of-fold,review,1.0
815719637,FlightsAndHotel,brand,1.0,0,0.0,0.6629213483146067,1.0,0.6629213483146067,0.6093383085179381,0.0,0.39066169148206187,0.9115827056321473,1.0,0.9115827056321473,0.5999345014542563,1.0,0.5999345014542563,0.6959442159797371,1,human,3,1,0,0,0,1,1,1,0,3,1,non-human,out-of-fold,review,1.0
815719647,PikePodcasting,brand,1.0,0,0.0,0.7058823529411765,1.0,0.7058823529411765,0.7707267734750234,1.0,0.7707267734750234,0.9874717814281826,1.0,0.9874717814281826,0.42738499695312243,0.0,0.5726150030468775,0.7228664761993763,1,human,3,1,0,1,0,1,1,0,0,3,1,non-human,out-of-fold,review,1.0
815719786,yeg_nerd,male,1.0,0,1.0,0.43478260869565216,0.0,0.5652173913043479,0.6355374253740232,1.0,0.6355374253740232,0.1914961468209426,0.0,0.8085038531790574,0.5216088860509996,0.0,0.47839111394900036,0.44585626673540446,0,non-human,3,1,0,0,0,1,1,1,0,3,1,human,out-of-fold,review,1.0
815719856,WZBC_Live,brand,1.0,0,0.0,0.6,1.0,0.6,0.8684443356840278,1.0,0.8684443356840278,0.11436282989074131,0.0,0.8856371701092587,0.7509086354318498,1.0,0.7509086354318498,0.5834289502516548,1,human,3,1,0,1,1,0,0,1,0,3,1,non-human,out-of-fold,review,1.0
815719881,D__REEZY,male,1.0,0,1.0,0.75,1.0,0.75,0.5600089022544037,0.0,0.4399910977455963,0.004547740486281041,0.0,0.995452259513719,0.4925700891261776,0.0,0.5074299108738224,0.4517816829667156,0,non-human,3,0,0,1,0,1,1,1,0,3,1,human,out-of-fold,review,1.0
815719901,abdulahbolakale,male,1.0,0,1.0,0.5769230769230769,1.0,0.5769230769230769,0.612072089005815,0.0,0.387927910994185,0.02024544482634325,0.0,0.9797545551736567,0.2777643689308007,0.0,0.7222356310691993,0.3717512449215089,0,non-human,3,0,0,1,0,1,1,1,0,3,1,human,out-of-fold,review,1.0
815719976,JaneDoe023,female,1.0,0,1.0,0.5172413793103449,0.0,0.48275862068965514,0.6622380101955871,1.0,0.6622380101955871,4.778367972537019e-74,0.0,1.0,0.2651871091657739,0.0,0.7348128908342261,0.3611666246679265,0,non-human,3,1,0,0,0,1,1,1,0,3,1,human,out-of-fold,review,1.0
815720025,NewsFromTheSky,brand,1.0,0,0.0,0.3,0.0,0.7,0.7584759107556984,1.0,0.7584759107556984,1.0,1.0,1.0,0.5661324664220329,1.0,0.5661324664220329,0.6561520942944328,1,human,3,0,0,1,0,1,1,1,0,3,1,non-human,out-of-fold,review,1.0
815720045,DigitalMumsHQ,brand,1.0,0,0.0,0.47058823529411764,0.0,0.5294117647058824,0.7005703321308279,1.0,0.7005703321308279,0.9996507362838832,1.0,0.9996507362838832,0.6237548246367455,1.0,0.6237548246367455,0.6986410320863935,1,human,3,0,0,1,0,1,1,1,0,3,1,non-human,out-of-fold,review,1.0
815720084,Venue578,brand,1.0,0,0.0,0.8571428571428571,1.0,0.8571428571428571,0.5363035170301699,0.0,0.4636964829698301,0.4995906379067696,1.0,0.4995906379067696,0.5636113147015899,1.0,0.5636113147015899,0.6141620816953466,1,human,3,1,1,0,0,1,0,1,0,3,1,non-human,out-of-fold,review,1.0
815720086,bbhNYC,brand,1.0,0,0.0,0.5445544554455446,0.0,0.4554455445544554,0.7111248418957102,1.0,0.7111248418957102,0.9999954433104967,1.0,0.9999954433104967,0.6314022199798937,1.0,0.6314022199798937,0.7217692401579112,1,human,3,0,0,1,0,1,1,1,0,3,1,non-human,out-of-fold,review,1.0
815720350,HopeeQuen,female,1.0,0,1.0,0.5547445255474452,0.0,0.44525547445255476,0.6817523776256931,1.0,0.6817523776256931,0.0014333254048438445,0.0,0.9985666745951561,0.4969808742083765,0.0,0.5030191257916234,0.43372777569658966,0,non-human,3,1,0,0,0,1,1,1,0,3,1,human,out-of-fold,review,1.0
815720378,genemarks,male,1.0,0,1.0,0.5792682926829268,1.0,0.5792682926829268,0.45129010957651855,0.0,0.5487098904234815,0.13301580373461847,0.0,0.8669841962653815,0.42664525608141124,0.0,0.5733547439185888,0.39755486551886876,0,non-human,3,0,0,1,0,1,1,1,0,3,1,human,out-of-fold,review,1.0
815720404,SimcoeRedcoats,brand,1.0,0,0.0,0.7361111111111112,1.0,0.7361111111111112,0.5770424913372708,0.0,0.4229575086627292,0.999999999999936,1.0,0.999999999999936,0.7790475300629688,1.0,0.7790475300629688,0.7730502831278218,1,human,3,1,0,0,0,1,1,1,0,3,1,non-human,out-of-fold,review,1.0
815720478,jharrisfootball,male,1.0,0,1.0,0.675,1.0,0.675,0.6063363512113877,0.0,0.39366364878861226,0.0033878979826250082,0.0,0.996612102017375,0.31476793507599843,0.0,0.6852320649240016,0.3998730460675028,0,non-human,3,0,0,1,0,1,1,1,0,3,1,human,out-of-fold,review,1.0
815720496,CPacelli,male,1.0,0,1.0,0.74375,1.0,0.74375,0.5167878050674344,0.0,0.4832121949325656,2.536487159888567e-06,0.0,0.9999974635128401,0.3028115515960564,0.0,0.6971884484039437,0.3908379732876626,0,non-human,3,0,0,1,0,1,1,1,0,3,1,human,out-of-fold,review,1.0
815720535,mamdouh733,male,1.0,0,1.0,0.8666666666666667,1.0,0.8666666666666667,0.41920203654481175,0.0,0.5807979634551883,0.00020941135675464937,0.0,0.9997905886432453,0.40187978824417564,0.0,0.5981202117558244,0.42198947570310213,0,non-human,3,0,0,1,0,1,1,1,0,3,1,human,out-of-fold,review,1.0
815720571,abc15,brand,1.0,0,0.0,0.2826086956521739,0.0,0.7173913043478262,0.7104886765659114,1.0,0.7104886765659114,1.0,1.0,1.0,0.6294537250660064,1.0,0.6294537250660064,0.6556377743210229,1,human,3,0,0,1,0,1,1,1,0,3,1,non-human,out-of-fold,review,1.0
815720572,Peggy_Kittyxxx,female,1.0,0,1.0,0.3123644251626898,0.0,0.6876355748373102,0.778010206520724,1.0,0.778010206520724,0.1373952760978556,0.0,0.8626047239021444,0.24016536687191586,0.0,0.7598346331280841,0.3669838186632963,0,non-human,3,1,0,0,0,1,1,1,0,3,1,human,out-of-fold,review,1.0
815720648,georgechris24,male,1.0,0,1.0,0.34615384615384615,0.0,0.6538461538461539,0.5830776769136414,0.0,0.41692232308635857,1.5209925184341337e-05,0.0,0.9999847900748157,0.9563301427648248,1.0,0.9563301427648248,0.47139421893937417,0,non-human,3,1,0,1,0,1,1,0,0,3,1,human,out-of-fold,review,1.0
815720662,NASCAR_BRETT,male,1.0,0,1.0,0.6605504587155964,1.0,0.6605504587155964,0.4224225084476268,0.0,0.5775774915523733,0.0037302856906969535,0.0,0.996269714309303,0.43190626821464756,0.0,0.5680937317853525,0.3796523802671419,0,non-human,3,0,0,1,0,1,1,1,0,3,1,human,out-of-fold,review,1.0
815720696,RightOfCenterNC,male,1.0,0,1.0,0.28,0.0,0.72,0.4741252568705585,0.0,0.5258747431294415,0.9991595557099618,1.0,0.9991595557099618,0.09098148724695745,0.0,0.9090185127530426,0.4610665749568695,0,non-human,3,1,0,1,0,0,0,1,1,3,1,human,out-of-fold,review,1.0
815720762,CIHAcademy,brand,1.0,0,0.0,0.48,0.0,0.52,0.7778460861732268,1.0,0.7778460861732268,0.9661633839769056,1.0,0.9661633839769056,0.6968505334716735,1.0,0.6968505334716735,0.7302150009054514,1,human,3,0,0,1,0,1,1,1,0,3,1,non-human,out-of-fold,review,1.0
815720799,microstrat,brand,1.0,0,0.0,0.5185185185185185,0.0,0.4814814814814815,0.7682754833470314,1.0,0.7682754833470314,0.8732050442233681,1.0,0.8732050442233681,0.6572079763358618,1.0,0.6572079763358618,0.704301755606195,1,human,3,0,0,1,0,1,1,1,0,3,1,non-human,out-of-fold,review,1.0
815720821,EstraLavery,female,1.0,0,1.0,0.7037037037037037,1.0,0.7037037037037037,0.6186064023192174,0.0,0.3813935976807826,2.0091065157075097e-05,0.0,0.9999799089348429,0.4478455483786733,0.0,0.5521544516213267,0.4425439363666879,0,non-human,3,0,0,1,0,1,1,1,0,3,1,human,out-of-fold,review,1.0
815720914,ReasonableFruit,brand,1.0,0,0.0,0.6909090909090909,1.0,0.6909090909090909,0.7184525768228683,1.0,0.7184525768228683,0.1705560168077429,0.0,0.8294439831922571,0.8648479548817148,1.0,0.8648479548817148,0.6111914098553543,1,human,3,1,0,1,0,0,0,1,1,3,1,non-human,out-of-fold,review,1.0
815720998,LetterboxJunk,brand,1.0,0,0.0,0.3906810035842294,0.0,0.6093189964157706,0.6982206752209129,1.0,0.6982206752209129,0.9970475473392062,1.0,0.9970475473392062,0.5626657781523927,1.0,0.5626657781523927,0.6621537510741853,1,human,3,0,0,1,0,1,1,1,0,3,1,non-human,out-of-fold,review,1.0
815721125,CatawbaWorm,male,1.0,0,1.0,0.9651162790697675,1.0,0.9651162790697675,0.33105719778818077,0.0,0.6689428022118192,0.021176494692345223,0.0,0.9788235053076548,0.4931947690481496,0.0,0.5068052309518505,0.45263618514961074,0,non-human,3,0,0,1,0,1,1,1,0,3,1,human,out-of-fold,review,1.0
815721347,cgiridhar,male,1.0,0,1.0,0.5185185185185185,0.0,0.4814814814814815,0.5253553021349247,0.0,0.47464469786507535,0.01163799883963611,0.0,0.9883620011603639,0.571712404932749,1.0,0.571712404932749,0.40680605610645704,0,non-human,3,1,0,1,0,1,1,0,0,3,1,human,out-of-fold,review,1.0
815721402,lilysnuckinfuts,female,1.0,0,1.0,0.06451612903225806,0.0,0.935483870967742,0.2436455659722847,0.0,0.7563544340277153,0.4777227450563912,1.0,0.4777227450563912,0.24894318109171004,0.0,0.75105681890829,0.258706905288161,0,non-human,3,1,1,1,0,0,0,1,0,3,1,human,out-of-fold,review,1.0
815721488,Trade_Snipers,male,1.0,0,1.0,0.59375,1.0,0.59375,0.47046146337616973,0.0,0.5295385366238303,0.024897435073626763,0.0,0.9751025649263733,0.31810228007224794,0.0,0.681897719927752,0.3518027946305111,0,non-human,3,0,0,1,0,1,1,1,0,3,1,human,out-of-fold,review,1.0
815721608,aminorjourney,female,1.0,0,1.0,0.75,1.0,0.75,0.6257012338129178,0.0,0.37429876618708224,0.0037022004513546486,0.0,0.9962977995486454,0.33289041823115095,0.0,0.667109581768849,0.42807346312385586,0,non-human,3,0,0,1,0,1,1,1,0,3,1,human,out-of-fold,review,1.0
815721625,LosHalepenos,brand,1.0,0,0.0,0.3978201634877384,0.0,0.6021798365122616,0.6559007221843417,1.0,0.6559007221843417,1.0,1.0,1.0,0.6323947350608075,1.0,0.6323947350608075,0.6715289051832218,1,human,3,0,0,1,0,1,1,1,0,3,1,non-human,out-of-fold,review,1.0
815721704,Unilag2Funaab,male,1.0,0,1.0,0.5735294117647058,1.0,0.5735294117647058,0.432075404258143,0.0,0.567924595741857,0.04427579018981027,0.0,0.9557242098101897,0.2381639344588404,0.0,0.7618360655411596,0.3220111351678749,0,non-human,3,0,0,1,0,1,1,1,0,3,1,human,out-of-fold,review,1.0
815721737,batyachanna,female,1.0,0,1.0,0.5263157894736842,0.0,0.4736842105263158,0.5151788147422403,0.0,0.48482118525775975,7.005528761276805e-05,0.0,0.9999299447123873,0.6970562102663732,1.0,0.6970562102663732,0.4346552174424776,0,non-human,3,1,0,1,0,1,1,0,0,3,1,human,out-of-fold,review,1.0
815721871,alexisthovgdr,female,1.0,0,1.0,0.3123644251626898,0.0,0.6876355748373102,0.7556904657295389,1.0,0.7556904657295389,0.11536165233250253,0.0,0.8846383476674975,0.5003354147525843,0.0,0.49966458524741575,0.42093798949432887,0,non-human,3,1,0,0,0,1,1,1,0,3,1,human,out-of-fold,review,1.0
815721912,MAworkwellness,brand,1.0,0,0.0,0.5826086956521739,1.0,0.5826086956521739,0.7201900312605035,1.0,0.7201900312605035,0.8776013857176259,1.0,0.8776013857176259,0.2913163779912221,0.0,0.7086836220087779,0.6179291226553812,1,human,3,1,0,1,0,1,1,0,0,3,1,non-human,out-of-fold,review,1.0
815721956,ML04orange,brand,1.0,0,0.0,0.6875,1.0,0.6875,0.6594346822559957,1.0,0.6594346822559957,0.0016520680363051872,0.0,0.9983479319636949,0.8172681088160446,1.0,0.8172681088160446,0.5414637147770864,1,human,3,1,0,1,0,0,0,1,1,3,1,non-human,out-of-fold,review,1.0
815722064,Verbzz,male,1.0,0,1.0,0.6629213483146067,1.0,0.6629213483146067,0.582481798153397,0.0,0.41751820184660304,0.002778288673839214,0.0,0.9972217113261608,0.22953148223906542,0.0,0.7704685177609346,0.36942822934522707,0,non-human,3,0,0,1,0,1,1,1,0,3,1,human,out-of-fold,review,1.0
815722207,TeamGalaxyZA,brand,1.0,0,0.0,0.47540983606557374,0.0,0.5245901639344263,0.7285354485608336,1.0,0.7285354485608336,0.9108771625002026,1.0,0.9108771625002026,0.7704272508337717,1.0,0.7704272508337717,0.7213124244900954,1,human,3,0,0,1,0,1,1,1,0,3,1,non-human,out-of-fold,review,1.0
815722321,richmk01,male,1.0,0,1.0,0.7692307692307693,1.0,0.7692307692307693,0.23030467786709874,0.0,0.7696953221329013,0.007317379896158365,0.0,0.9926826201038417,0.23382670989305065,0.0,0.7661732901069493,0.3101698842217693,0,non-human,3,0,0,1,0,1,1,1,0,3,1,human,out-of-fold,review,1.0
815722447,Iy_zham,male,1.0,0,1.0,0.3744292237442922,0.0,0.6255707762557078,0.5472831717519828,0.0,0.4527168282480172,0.0671199076236509,0.0,0.9328800923763491,0.545279208184925,1.0,0.545279208184925,0.3835278778262128,0,non-human,3,1,0,1,0,1,1,0,0,3,1,human,out-of-fold,review,1.0
815722567,166HAZEL51,female,1.0,0,1.0,0.5735294117647058,1.0,0.5735294117647058,0.6162524939638334,0.0,0.3837475060361666,0.0037185508162921395,0.0,0.9962814491837079,0.507432004330194,0.0,0.492567995669806,0.4252331152187564,0,non-human,3,0,0,1,0,1,1,1,0,3,1,human,out-of-fold,review,1.0
815722569,authorLTReece,male,1.0,0,1.0,0.6616161616161617,1.0,0.6616161616161617,0.5227828735098159,0.0,0.4772171264901841,5.235685712447394e-09,0.0,0.9999999947643143,0.2025844789767189,0.0,0.7974155210232811,0.34674587983459554,0,non-human,3,0,0,1,0,1,1,1,0,3,1,human,out-of-fold,review,1.0
815722637,LisaMargonelli,female,1.0,0,1.0,0.3978201634877384,0.0,0.6021798365122616,0.49021894407591604,0.0,0.509781055924084,0.0019199894965521147,0.0,0.9980800105034479,0.6149383019173071,1.0,0.6149383019173071,0.37622434974437846,0,non-human,3,1,0,1,0,1,1,0,0,3,1,human,out-of-fold,review,1.0
815722667,PrincipalUMS,male,1.0,0,1.0,0.2979865771812081,0.0,0.702013422818792,0.367927024630098,0.0,0.6320729753699019,0.46916295358570537,1.0,0.46916295358570537,0.18473131726334793,0.0,0.8152686827366521,0.32995196816508987,0,non-human,3,1,0,1,0,0,0,1,1,3,1,human,out-of-fold,review,1.0
815722669,ElinaTrance,female,1.0,0,1.0,0.39814814814814814,0.0,0.6018518518518519,0.6834884174827319,1.0,0.6834884174827319,0.02783216531544721,0.0,0.9721678346845528,0.44003098640639704,0.0,0.559969013593603,0.3873749293381811,0,non-human,3,1,0,0,0,1,1,1,0,3,1,human,out-of-fold,review,1.0
815722706,GhostlyPublish,brand,1.0,0,0.0,0.3744292237442922,0.0,0.6255707762557078,0.6774783118540358,1.0,0.6774783118540358,0.9999999712761327,1.0,0.9999999712761327,0.6498552259114682,1.0,0.6498552259114682,0.6754406831964822,1,human,3,0,0,1,0,1,1,1,0,3,1,non-human,out-of-fold,review,1.0
815722713,CustomCookieCo,brand,1.0,0,0.0,0.5502958579881657,0.0,0.4497041420118343,0.6672655321064626,1.0,0.6672655321064626,0.9836293862005043,1.0,0.9836293862005043,0.6874638515551575,1.0,0.6874638515551575,0.7221636569625726,1,human,3,0,0,1,0,1,1,1,0,3,1,non-human,out-of-fold,review,1.0
815722787,RossanaReggio,female,1.0,0,1.0,0.38926174496644295,0.0,0.610738255033557,0.7799326619290795,1.0,0.7799326619290795,0.008425732359715474,0.0,0.9915742676402846,0.5364474624355038,0.0,0.4635525375644962,0.4285169004226854,0,non-human,3,1,0,0,0,1,1,1,0,3,1,human,out-of-fold,review,1.0
815722833,jamasoftware,brand,1.0,0,0.0,0.6818181818181818,1.0,0.6818181818181818,0.5941289366851233,0.0,0.40587106331487666,0.9849296536990839,1.0,0.9849296536990839,0.7397348055485309,1.0,0.7397348055485309,0.7501528944377299,1,human,3,1,0,0,0,1,1,1,0,3,1,non-human,out-of-fold,review,1.0
815722836,handbuiltcity,brand,1.0,0,0.0,0.7142857142857143,1.0,0.7142857142857143,0.7253478125790144,1.0,0.7253478125790144,0.052406934628289215,0.0,0.9475930653717108,0.8116978077556857,1.0,0.8116978077556857,0.5759345673121758,1,human,3,1,0,1,0,0,0,1,1,3,1,non-human,out-of-fold,review,1.0
815722922,itsgood2beking,male,1.0,0,1.0,0.5185185185185185,0.0,0.4814814814814815,0.43429161003283817,0.0,0.5657083899671618,0.001132888169331555,0.0,0.9988671118306685,0.5741475346136087,1.0,0.5741475346136087,0.3820226378335742,0,non-human,3,1,0,1,0,1,1,0,0,3,1,human,out-of-fold,review,1.0
815722962,VISTAbuzz,brand,1.0,0,0.0,0.5106382978723404,0.0,0.4893617021276596,0.6376403014301285,1.0,0.6376403014301285,0.9918491491601104,1.0,0.9918491491601104,0.7484328868371418,1.0,0.7484328868371418,0.7221401588249302,1,human,3,0,0,1,0,1,1,1,0,3,1,non-human,out-of-fold,review,1.0
815723001,pinheadsgrvyard,brand,1.0,0,0.0,0.6153846153846154,1.0,0.6153846153846154,0.6271029325848871,0.0,0.37289706741511286,0.999993676745892,1.0,0.999993676745892,0.5657500572272907,1.0,0.5657500572272907,0.7020578204856713,1,human,3,1,0,0,0,1,1,1,0,3,1,non-human,out-of-fold,review,1.0
815723021,CosmopolitanNG,brand,1.0,0,0.0,0.3906810035842294,0.0,0.6093189964157706,0.6765756865258331,1.0,0.6765756865258331,0.9999999999997655,1.0,0.9999999999997655,0.728379450711053,1.0,0.728379450711053,0.6989090352052203,1,human,3,0,0,1,0,1,1,1,0,3,1,non-human,out-of-fold,review,1.0
815723023,preilly,male,1.0,0,1.0,0.24953789279112754,0.0,0.7504621072088724,0.5786582014203714,0.0,0.4213417985796286,0.1188444147407478,0.0,0.8811555852592522,0.8253673110015439,1.0,0.8253673110015439,0.4431019549884477,0,non-human,3,1,0,1,0,1,1,0,0,3,1,human,out-of-fold,review,1.0
815723052,southwalesargus,brand,1.0,0,0.0,0.75,1.0,0.75,0.6334822405119827,1.0,0.6334822405119827,0.9466872323666066,1.0,0.9466872323666066,0.5164045471715086,0.0,0.48359545282849137,0.7116435050125245,1,human,3,1,0,1,0,1,1,0,0,3,1,non-human,out-of-fold,review,1.0
815723057,marketingkelly,female,1.0,0,1.0,0.2979865771812081,0.0,0.702013422818792,0.5677610508910539,0.0,0.4322389491089461,0.19007705964499091,0.0,0.8099229403550091,0.5639921550147428,1.0,0.5639921550147428,0.40495421068299897,0,non-human,3,1,0,1,0,1,1,0,0,3,1,human,out-of-fold,review,1.0
815723102,aSEATaxiCab,brand,1.0,0,0.0,0.5792682926829268,1.0,0.5792682926829268,0.7635915276019575,1.0,0.7635915276019575,0.9999999999997229,1.0,0.9999999999997229,0.40623224363712757,0.0,0.5937677563628725,0.6872730159804337,1,human,3,1,0,1,0,1,1,0,0,3,1,non-human,out-of-fold,review,1.0
815723142,ryeo58,female,1.0,0,1.0,0.5735294117647058,1.0,0.5735294117647058,0.49730482972147333,0.0,0.5026951702785267,0.17023974085413623,0.0,0.8297602591458637,0.5341860185589761,0.0,0.4658139814410239,0.4438150002248229,0,non-human,3,0,0,1,0,1,1,1,0,3,1,human,out-of-fold,review,1.0
815723187,VeryOldPics,brand,1.0,0,0.0,1.0,1.0,1.0,0.7492381371751287,1.0,0.7492381371751287,0.057461127841738575,0.0,0.9425388721582614,0.7641021036931199,1.0,0.7641021036931199,0.6427003421774968,1,human,3,1,1,1,0,0,0,1,0,3,1,non-human,out-of-fold,review,1.0
815723196,nomadartdesign,brand,1.0,0,0.0,0.813953488372093,1.0,0.813953488372093,0.7914606010194947,1.0,0.7914606010194947,0.5252162773077798,1.0,0.5252162773077798,0.45720376141731217,0.0,0.5427962385826879,0.6469585320291699,1,human,3,1,1,1,0,1,0,0,0,3,1,non-human,out-of-fold,review,1.0
815723221,esasahara,brand,1.0,0,0.0,0.5247148288973384,0.0,0.47528517110266155,0.7984198047977683,1.0,0.7984198047977683,0.715018632781058,1.0,0.715018632781058,0.8192487578504123,1.0,0.8192487578504123,0.7143505060816442,1,human,3,0,0,1,0,1,0,1,1,3,1,non-human,out-of-fold,review,1.0
815723274,DrTomDePaoli,male,1.0,0,1.0,0.2558139534883721,0.0,0.7441860465116279,0.4032102604165987,0.0,0.5967897395834013,0.5978350086951093,1.0,0.5978350086951093,0.14022960142969496,0.0,0.859770398570305,0.34927220600744374,0,non-human,3,1,0,1,0,0,0,1,1,3,1,human,out-of-fold,review,1.0
815723293,billcroninwrite,male,1.0,0,1.0,0.8421052631578947,1.0,0.8421052631578947,0.5429374485070423,0.0,0.4570625514929577,0.001109604661308581,0.0,0.9988903953386914,0.5190077273495374,0.0,0.4809922726504626,0.47629001091894574,0,non-human,3,0,0,1,0,1,1,1,0,3,1,human,out-of-fold,review,1.0
815723302,Venom_Kidman,male,1.0,0,1.0,0.9459459459459459,1.0,0.9459459459459459,0.37481960655771,0.0,0.6251803934422899,2.7010578381247254e-05,0.0,0.9999729894216187,0.4147395564895111,0.0,0.5852604435104889,0.4338830298928871,0,non-human,3,0,0,1,0,1,1,1,0,3,1,human,out-of-fold,review,1.0
815723313,michaelattackzo,male,1.0,0,1.0,0.43478260869565216,0.0,0.5652173913043479,0.452433040589711,0.0,0.547566959410289,0.058195650316544424,0.0,0.9418043496834556,0.6655008020315237,1.0,0.6655008020315237,0.40272802540835784,0,non-human,3,1,0,1,0,1,1,0,0,3,1,human,out-of-fold,review,1.0
815723356,swarmchan,brand,1.0,0,0.0,0.75,1.0,0.75,0.6185815920502682,0.0,0.3814184079497318,0.8333380438499435,1.0,0.8333380438499435,0.5774221726219465,1.0,0.5774221726219465,0.6948354521305395,1,human,3,1,0,0,0,1,1,1,0,3,1,non-human,out-of-fold,review,1.0
815723413,Queen_AgnezMo,female,1.0,0,1.0,0.2979865771812081,0.0,0.702013422818792,0.6324970630189513,1.0,0.6324970630189513,0.134159385853761,0.0,0.865840614146239,0.30475990871672065,0.0,0.6952400912832793,0.3423507336926602,0,non-human,3,1,0,0,0,1,1,1,0,3,1,human,out-of-fold,review,1.0
815723423,KarenLMcHale,female,1.0,0,1.0,0.6827586206896552,1.0,0.6827586206896552,0.48127094297076595,0.0,0.518729057029234,5.26811765851125e-06,0.0,0.9999947318823414,0.39889673547512167,0.0,0.6011032645248784,0.39073289181330034,0,non-human,3,0,0,1,0,1,1,1,0,3,1,human,out-of-fold,review,1.0
815723430,smxmagazin,brand,1.0,0,0.0,0.4722222222222222,0.0,0.5277777777777778,0.6710076532690976,1.0,0.6710076532690976,0.7410595564034931,1.0,0.7410595564034931,0.8029648043507,1.0,0.8029648043507,0.6718135590613782,1,human,3,0,0,1,0,1,0,1,1,3,1,non-human,out-of-fold,review,1.0
815723432,PatrioticGeek,male,1.0,0,1.0,0.48134328358208955,0.0,0.5186567164179104,0.5375338221034252,0.0,0.46246617789657485,0.1167500730707771,0.0,0.8832499269292229,0.6451133457665911,1.0,0.6451133457665911,0.4451851311307208,0,non-human,3,1,0,1,0,1,1,0,0,3,1,human,out-of-fold,review,1.0
815723460,RaymondB__,male,1.0,0,1.0,0.25925925925925924,0.0,0.7407407407407407,0.2720967255816479,0.0,0.7279032744183521,0.0002615407257286357,0.0,0.9997384592742714,0.6424189453877376,1.0,0.6424189453877376,0.29350911773859334,0,non-human,3,1,0,1,0,1,1,0,0,3,1,human,out-of-fold,review,1.0
815723512,RuthSherman,female,1.0,0,1.0,0.21052631578947367,0.0,0.7894736842105263,0.7148433991209626,1.0,0.7148433991209626,0.1000224501421999,0.0,0.8999775498578001,0.3377184811213371,0.0,0.6622815188786628,0.3407776615434933,0,non-human,3,1,0,0,0,1,1,1,0,3,1,human,out-of-fold,review,1.0
815723549,Jhumybabe,female,1.0,0,1.0,0.37866666666666665,0.0,0.6213333333333333,0.5245639998434783,0.0,0.47543600015652165,0.1432295007935553,0.0,0.8567704992064447,0.6107853328508175,1.0,0.6107853328508175,0.41431137503862947,0,non-human,3,1,0,1,0,1,1,0,0,3,1,human,out-of-fold,review,1.0
815723678,FlorentinaTapuc,female,1.0,0,1.0,0.5,0.0,0.5,0.5198503923493384,0.0,0.4801496076506616,0.13843590935198175,0.0,0.8615640906480182,0.7458045780674697,1.0,0.7458045780674697,0.47602271994219747,0,non-human,3,1,0,1,0,1,1,0,0,3,1,human,out-of-fold,review,1.0
815723680,Warriors3MI,brand,1.0,0,0.0,0.8095238095238095,1.0,0.8095238095238095,0.4735731429502017,0.0,0.5264268570497983,0.44777767677427605,1.0,0.44777767677427605,0.5792997489598525,1.0,0.5792997489598525,0.577543594552035,1,human,3,1,1,0,0,1,0,1,0,3,1,non-human,out-of-fold,review,1.0
815723688,ShuyaAragaki,male,1.0,0,1.0,0.8565891472868217,1.0,0.8565891472868217,0.5740197763371605,0.0,0.4259802236628395,0.014074029324486311,0.0,0.9859259706755137,0.32926192501932244,0.0,0.6707380749806775,0.4434862194919477,0,non-human,3,0,0,1,0,1,1,1,0,3,1,human,out-of-fold,review,1.0
815723696,ISUPK_NO,male,1.0,0,1.0,0.3744292237442922,0.0,0.6255707762557078,0.7993926224879746,1.0,0.7993926224879746,0.003907639742482476,0.0,0.9960923602575176,0.49125760168323734,0.0,0.5087423983167627,0.4172467719144966,0,non-human,3,1,0,0,0,1,1,1,0,3,1,human,out-of-fold,review,1.0
815723980,QueensLibrary,brand,1.0,0,0.0,0.7073170731707317,1.0,0.7073170731707317,0.520497114194954,0.0,0.47950288580504596,0.9988939716815471,1.0,0.9988939716815471,0.7683771903752802,1.0,0.7683771903752802,0.7487713373556282,1,human,3,1,0,0,0,1,1,1,0,3,1,non-human,out-of-fold,review,1.0
815724023,Satellite_board,brand,1.0,0,0.0,0.2899786780383795,0.0,0.7100213219616205,0.712501703730853,1.0,0.712501703730853,0.9947632741170298,1.0,0.9947632741170298,0.590817856663099,1.0,0.590817856663099,0.6470153781373403,1,human,3,0,0,1,0,1,1,1,0,3,1,non-human,out-of-fold,review,1.0
815724194,tpartywithalice,female,1.0,0,1.0,0.45454545454545453,0.0,0.5454545454545454,0.5124065475539237,0.0,0.4875934524460763,0.632315285944042,1.0,0.632315285944042,0.17733922260196194,0.0,0.8226607773980381,0.4441516276613455,0,non-human,3,1,0,1,0,0,0,1,1,3,1,human,out-of-fold,review,1.0
815724245,RadissonBluAqua,brand,1.0,0,0.0,0.75,1.0,0.75,0.5177368335398916,0.0,0.48226316646010836,0.8190372016399114,1.0,0.8190372016399114,0.6318980187801574,1.0,0.6318980187801574,0.6796680134899902,1,human,3,1,0,0,0,1,1,1,0,3,1,non-human,out-of-fold,review,1.0
815724268,LizQuenKingdom4,female,1.0,0,1.0,0.6666666666666666,1.0,0.6666666666666666,0.6170272307596824,0.0,0.38297276924031765,0.0001240407416081526,0.0,0.9998759592583919,0.5367857568122877,0.0,0.4632142431877123,0.45515092374506116,0,non-human,3,0,0,1,0,1,1,1,0,3,1,human,out-of-fold,review,1.0
815724359,LauroErica,female,1.0,0,1.0,0.6979166666666666,1.0,0.6979166666666666,0.6123973674464489,0.0,0.3876026325535511,0.14731078329912117,0.0,0.8526892167008788,0.5375266134347577,0.0,0.4624733865652423,0.4987878577117486,0,non-human,3,0,0,1,0,1,1,1,0,3,1,human,out-of-fold,review,1.0
815724471,PrestonEhrler,male,1.0,0,1.0,0.5792682926829268,1.0,0.5792682926829268,0.5292792075206507,0.0,0.4707207924793493,2.7968572964342235e-05,0.0,0.9999720314270356,0.2524968083634497,0.0,0.7475031916365503,0.34026806928499786,0,non-human,3,0,0,1,0,1,1,1,0,3,1,human,out-of-fold,review,1.0
815724627,Winniewinkle1,female,1.0,0,1.0,0.65,1.0,0.65,0.32638966526000995,0.0,0.67361033473999,0.012757066297684676,0.0,0.9872429337023153,0.3202077692632592,0.0,0.6797922307367408,0.3273386252052385,0,non-human,3,0,0,1,0,1,1,1,0,3,1,human,out-of-fold,review,1.0
815724824,Ed4Ed4All,brand,1.0,0,0.0,0.6616161616161617,1.0,0.6616161616161617,0.5190063609441358,0.0,0.48099363905586423,0.8712108359887731,1.0,0.8712108359887731,0.629284283498504,1.0,0.629284283498504,0.6702794105118937,1,human,3,1,0,0,0,1,1,1,0,3,1,non-human,out-of-fold,review,1.0
815724831,samsonofsam,male,1.0,0,1.0,0.8787878787878788,1.0,0.8787878787878788,0.5128743520136961,0.0,0.48712564798630387,4.795882786043297e-73,0.0,1.0,0.4637276578893977,0.0,0.5362723421106024,0.46384747217274314,0,non-human,3,0,0,1,0,1,1,1,0,3,1,human,out-of-fold,review,1.0
815724895,westhamfootball,brand,1.0,0,0.0,0.7164179104477612,1.0,0.7164179104477612,0.7769039500853893,1.0,0.7769039500853893,0.9071370491355398,1.0,0.9071370491355398,0.4374945047172547,0.0,0.5625054952827453,0.7094883535964862,1,human,3,1,0,1,0,1,1,0,0,3,1,non-human,out-of-fold,review,1.0
815724924,NHLFlames,brand,1.0,0,0.0,0.5792682926829268,1.0,0.5792682926829268,0.7651999291875453,1.0,0.7651999291875453,0.999083676974494,1.0,0.999083676974494,0.22674922612450718,0.0,0.7732507738754928,0.6425752812423683,1,human,3,1,0,1,0,1,1,0,0,3,1,non-human,out-of-fold,review,1.0
815724947,TimothytHaines,brand,1.0,0,0.0,0.7073170731707317,1.0,0.7073170731707317,0.6031069475906602,0.0,0.3968930524093398,0.8889595190660173,1.0,0.8889595190660173,0.6335155318589597,1.0,0.6335155318589597,0.7082247679215923,1,human,3,1,0,0,0,1,1,1,0,3,1,non-human,out-of-fold,review,1.0
815725014,powerpostpartum,female,1.0,0,1.0,0.3902439024390244,0.0,0.6097560975609756,0.6750992713073574,1.0,0.6750992713073574,0.05413295015949627,0.0,0.9458670498405037,0.3852865795787536,0.0,0.6147134204212463,0.3761906758711579,0,non-human,3,1,0,0,0,1,1,1,0,3,1,human,out-of-fold,review,1.0
815725021,ConstanceDeidre,female,1.0,0,1.0,0.9220338983050848,1.0,0.9220338983050848,0.41994913773306636,0.0,0.5800508622669336,0.1318105240367245,0.0,0.8681894759632756,0.4909049672708679,0.0,0.5090950327291321,0.49117463183643584,0,non-human,3,0,0,1,0,1,1,1,0,3,1,human,out-of-fold,review,1.0
815725079,PRSAPgh,brand,1.0,0,0.0,0.7580645161290323,1.0,0.7580645161290323,0.47349015101963554,0.0,0.5265098489803645,0.8774537092715421,1.0,0.8774537092715421,0.7714118077691063,1.0,0.7714118077691063,0.7201050460473291,1,human,3,1,0,0,0,1,1,1,0,3,1,non-human,out-of-fold,review,1.0
815725109,mz_ASB,female,1.0,0,1.0,0.5792682926829268,1.0,0.5792682926829268,0.4433525144644383,0.0,0.5566474855355616,0.05983541357528757,0.0,0.9401645864247125,0.3358696557273932,0.0,0.6641303442726068,0.3545814691125115,0,non-human,3,0,0,1,0,1,1,1,0,3,1,human,out-of-fold,review,1.0
815725255,VMICareers,brand,1.0,0,0.0,0.4375,0.0,0.5625,0.8442170207600974,1.0,0.8442170207600974,0.7322063948808509,1.0,0.7322063948808509,0.6570012489795167,1.0,0.6570012489795167,0.6677311661551163,1,human,3,0,0,1,1,1,0,1,0,3,1,non-human,out-of-fold,review,1.0
815725341,rhymingbot,brand,1.0,0,0.0,1.0,1.0,1.0,0.6868965188703366,1.0,0.6868965188703366,0.007486200619343404,0.0,0.9925137993806566,0.6972789892243422,1.0,0.6972789892243422,0.5979154271785055,1,human,3,1,1,1,0,0,0,1,0,3,1,non-human,out-of-fold,review,1.0
815725359,Ms_Terree,female,1.0,0,1.0,0.5333333333333333,0.0,0.4666666666666667,0.5753576715141832,0.0,0.42464232848581684,0.053781747317065455,0.0,0.9462182526829346,0.8240382219711755,1.0,0.8240382219711755,0.49662774353393935,0,non-human,3,1,0,1,0,1,1,0,0,3,1,human,out-of-fold,review,1.0
815725369,MikeTNelson,male,1.0,0,1.0,0.48951048951048953,0.0,0.5104895104895104,0.4251500622510104,0.0,0.5748499377489896,0.04257150920721501,0.0,0.957428490792785,0.6226517492165845,1.0,0.6226517492165845,0.39497095254632486,0,non-human,3,1,0,1,0,1,1,0,0,3,1,human,out-of-fold,review,1.0
815725408,EERCANE,male,1.0,0,1.0,0.675,1.0,0.675,0.599242359147016,0.0,0.40075764085298404,0.09173417554995036,0.0,0.9082658244500497,0.2662612746842176,0.0,0.7337387253157823,0.408059452345296,0,non-human,3,0,0,1,0,1,1,1,0,3,1,human,out-of-fold,review,1.0
815725549,TheChristie,brand,1.0,0,0.0,0.125,0.0,0.875,0.7796498928693372,1.0,0.7796498928693372,0.9946568199114834,1.0,0.9946568199114834,0.5572698797265943,1.0,0.5572698797265943,0.6141441481268537,1,human,3,0,0,1,0,1,1,1,0,3,1,non-human,out-of-fold,review,1.0
815725574,IndustryEars,male,1.0,0,1.0,0.6605504587155964,1.0,0.6605504587155964,0.3600681378635329,0.0,0.6399318621364671,0.028431795475111793,0.0,0.9715682045248882,0.4103333787635543,0.0,0.5896666212364456,0.36484594270444887,0,non-human,3,0,0,1,0,1,1,1,0,3,1,human,out-of-fold,review,1.0
815725607,The_Duddha,male,1.0,0,1.0,0.48134328358208955,0.0,0.5186567164179104,0.42887797927415955,0.0,0.5711220207258405,6.469113284516304e-15,0.0,0.9999999999999936,0.779996409415133,1.0,0.779996409415133,0.42255441806784716,0,non-human,3,1,0,1,0,1,1,0,0,3,1,human,out-of-fold,review,1.0
815725650,JC_SAKSNY,male,1.0,0,1.0,0.48134328358208955,0.0,0.5186567164179104,0.7664419653540379,1.0,0.7664419653540379,4.6419737601503686e-08,0.0,0.9999999535802624,0.43984132927659,0.0,0.5601586707234101,0.42190665615811374,0,non-human,3,1,0,0,0,1,1,1,0,3,1,human,out-of-fold,review,1.0
815725792,ShannonScheff32,male,1.0,0,1.0,0.46405228758169936,0.0,0.5359477124183006,0.7049056372407004,1.0,0.7049056372407004,0.015161495204325795,0.0,0.9848385047956743,0.42531312561113144,0.0,0.5746868743888686,0.4023581364094643,0,non-human,3,1,0,0,0,1,1,1,0,3,1,human,out-of-fold,review,1.0
815725804,KoolFMBarrie,brand,1.0,0,0.0,0.9664804469273743,1.0,0.9664804469273743,0.6666669001298976,1.0,0.6666669001298976,0.24966543388698767,0.0,0.7503345661130123,0.7793576254131032,1.0,0.7793576254131032,0.6655426015893406,1,human,3,1,1,1,0,0,0,1,0,3,1,non-human,out-of-fold,review,1.0
815725806,karenstrunks,female,1.0,0,1.0,0.6605504587155964,1.0,0.6605504587155964,0.4479801855837007,0.0,0.5520198144162993,0.02498630149164589,0.0,0.9750136985083541,0.36234154479502756,0.0,0.6376584552049724,0.3739646226464926,0,non-human,3,0,0,1,0,1,1,1,0,3,1,human,out-of-fold,review,1.0
815725852,LyricsHip_Hop,brand,1.0,0,0.0,0.6538461538461539,1.0,0.6538461538461539,0.57255957431043,0.0,0.42744042568956997,0.8595537075206569,1.0,0.8595537075206569,0.6588585460413181,1.0,0.6588585460413181,0.6862044954296398,1,human,3,1,0,0,0,1,1,1,0,3,1,non-human,out-of-fold,review,1.0
815725853,myBekins,brand,1.0,0,0.0,0.6616161616161617,1.0,0.6616161616161617,0.6619109392423705,1.0,0.6619109392423705,0.9286785456619121,1.0,0.9286785456619121,0.5326135415390241,0.0,0.46738645846097593,0.696204797014867,1,human,3,1,0,1,0,1,1,0,0,3,1,non-human,out-of-fold,review,1.0
815725858,passion4savings,female,1.0,0,1.0,0.2558139534883721,0.0,0.7441860465116279,0.4370975939947059,0.0,0.5629024060052941,3.2154439885858013e-06,0.0,0.9999967845560114,0.5714156721341143,1.0,0.5714156721341143,0.31608260876529526,0,non-human,3,1,0,1,0,1,1,0,0,3,1,human,out-of-fold,review,1.0
815725947,BARBARASCULLY2,female,1.0,0,1.0,0.5666666666666667,0.0,0.43333333333333335,0.6259699542294397,0.0,0.3740300457705603,3.3685935764339813e-77,0.0,1.0,0.791800367712224,1.0,0.791800367712224,0.4961092471520826,0,non-human,3,1,0,1,0,1,1,0,0,3,1,human,out-of-fold,review,1.0
815725999,AwesomeJenn11,brand,1.0,0,0.0,0.34615384615384615,0.0,0.6538461538461539,0.7087296866093078,1.0,0.7087296866093078,0.999727285496085,1.0,0.999727285496085,0.7832994979984889,1.0,0.7832994979984889,0.7094775790644319,1,human,3,0,0,1,0,1,1,1,0,3,1,non-human,out-of-fold,review,1.0
815726038,WilliamReid32,male,1.0,0,1.0,0.20987654320987653,0.0,0.7901234567901234,0.7330924331477368,1.0,0.7330924331477368,0.008030055332037066,0.0,0.991969944667963,0.352283023017691,0.0,0.647716976982309,0.3258205136768353,0,non-human,3,1,0,0,0,1,1,1,0,3,1,human,out-of-fold,review,1.0
815726070,luv_oyin,female,1.0,0,1.0,0.43478260869565216,0.0,0.5652173913043479,0.5272832616438561,0.0,0.4727167383561439,0.13653989600343128,0.0,0.8634601039965687,0.5407813352220842,1.0,0.5407813352220842,0.4098467753912559,0,non-human,3,1,0,1,0,1,1,0,0,3,1,human,out-of-fold,review,1.0
815726075,SEETEK_AU,male,1.0,0,1.0,0.3,0.0,0.7,0.636162160335478,1.0,0.636162160335478,0.18009490680467766,0.0,0.8199050931953223,0.28839663490054307,0.0,0.7116033650994569,0.3511634255101747,0,non-human,3,1,0,0,0,1,1,1,0,3,1,human,out-of-fold,review,1.0
815726094,erinhemlin,female,1.0,0,1.0,0.49047619047619045,0.0,0.5095238095238095,0.5049003982937447,0.0,0.49509960170625533,0.9994129345431032,1.0,0.9994129345431032,0.184246471015177,0.0,0.815753528984823,0.5447589985820538,0,non-human,3,1,0,1,0,0,0,1,1,3,1,human,out-of-fold,review,1.0
815726097,KeepCaImTweets,brand,1.0,0,0.0,0.5769230769230769,1.0,0.5769230769230769,0.8584893140332193,1.0,0.8584893140332193,0.6772302800338849,1.0,0.6772302800338849,0.1769962792985932,0.0,0.8230037207014068,0.5724097375721935,1,human,3,1,0,1,1,1,0,0,0,3,1,non-human,out-of-fold,review,1.0
815726190,visualcraft,brand,1.0,0,0.0,0.6857142857142857,1.0,0.6857142857142857,0.6157219906856725,0.0,0.38427800931432754,0.8043574060472379,1.0,0.8043574060472379,0.7436102207866552,1.0,0.7436102207866552,0.7123509758084628,1,human,3,1,0,0,0,1,1,1,0,3,1,non-human,out-of-fold,review,1.0
815726218,shorttalesbot,brand,1.0,0,0.0,0.6666666666666666,1.0,0.6666666666666666,0.8195201859928454,1.0,0.8195201859928454,0.010698810878464292,0.0,0.9893011891215358,0.7030207590899978,1.0,0.7030207590899978,0.5499766056569935,1,human,3,1,0,1,1,0,0,1,0,3,1,non-human,out-of-fold,review,1.0
815726297,WalterJames32,male,1.0,0,1.0,0.46853146853146854,0.0,0.5314685314685315,0.7898769293734345,1.0,0.7898769293734345,0.012916861906111906,0.0,0.9870831380938881,0.4953089198170659,0.0,0.5046910801829341,0.4416585449070202,0,non-human,3,1,0,0,0,1,1,1,0,3,1,human,out-of-fold,review,1.0
815726380,EightBitBurrito,brand,1.0,0,0.0,0.48,0.0,0.52,0.7921688023032849,1.0,0.7921688023032849,0.9970429974720424,1.0,0.9970429974720424,0.7896066605534245,1.0,0.7896066605534245,0.7647046150821879,1,human,3,0,0,1,0,1,1,1,0,3,1,non-human,out-of-fold,review,1.0
815726446,HalleyConsults,brand,1.0,0,0.0,0.5502958579881657,0.0,0.4497041420118343,0.6776924731146338,1.0,0.6776924731146338,0.9694165587516353,1.0,0.9694165587516353,0.6238784360166357,1.0,0.6238784360166357,0.7053208314677676,1,human,3,0,0,1,0,1,1,1,0,3,1,non-human,out-of-fold,review,1.0
815726536,janewheeeler,female,1.0,0,1.0,0.3744292237442922,0.0,0.6255707762557078,0.6547793605509962,1.0,0.6547793605509962,0.027497188279593368,0.0,0.9725028117204066,0.40794545320348496,0.0,0.592054546796515,0.36616280644459165,0,non-human,3,1,0,0,0,1,1,1,0,3,1,human,out-of-fold,review,1.0
815726539,BI_Europe,brand,1.0,0,0.0,0.8925925925925926,1.0,0.8925925925925926,0.6076978887799198,0.0,0.3923021112200802,0.5419020754342136,1.0,0.5419020754342136,0.6281321589909221,1.0,0.6281321589909221,0.667581178949412,1,human,3,1,1,0,0,1,0,1,0,3,1,non-human,out-of-fold,review,1.0
815726640,RotoLegends,brand,1.0,0,0.0,0.7321428571428571,1.0,0.7321428571428571,1.0,1.0,1.0,0.06926487967835185,0.0,0.9307351203216482,0.7580205789131494,1.0,0.7580205789131494,0.6398570789335897,1,human,3,1,0,1,1,0,0,1,0,3,1,non-human,out-of-fold,review,1.0
815726651,RSMUSLLP,brand,1.0,0,0.0,0.5247148288973384,0.0,0.47528517110266155,0.7015121666618912,1.0,0.7015121666618912,0.8084084990379251,1.0,0.8084084990379251,0.7340003293294054,1.0,0.7340003293294054,0.6921589559816401,1,human,3,0,0,1,0,1,1,1,0,3,1,non-human,out-of-fold,review,1.0
815726681,khalaf_basil,male,1.0,0,1.0,0.38926174496644295,0.0,0.610738255033557,0.6484522677172774,1.0,0.6484522677172774,0.005620058210159494,0.0,0.9943799417898405,0.36620893352706646,0.0,0.6337910664729336,0.35238575110523657,0,non-human,3,1,0,0,0,1,1,1,0,3,1,human,out-of-fold,review,1.0
815726718,TalkPoverty,brand,1.0,0,0.0,0.5901639344262295,1.0,0.5901639344262295,0.7216990171033201,1.0,0.7216990171033201,0.9999710211412385,1.0,0.9999710211412385,0.43070440222434225,0.0,0.5692955977756577,0.6856345937237825,1,human,3,1,0,1,0,1,1,0,0,3,1,non-human,out-of-fold,review,1.0
815726840,AkuaAllrich,female,1.0,0,1.0,0.5365853658536586,0.0,0.46341463414634143,0.5801873792285605,0.0,0.41981262077143955,0.000169787366016653,0.0,0.9998302126339833,0.7017306981769506,1.0,0.7017306981769506,0.4546683076562966,0,non-human,3,1,0,1,0,1,1,0,0,3,1,human,out-of-fold,review,1.0
815726845,SimplyVille,brand,1.0,0,0.0,0.6704545454545454,1.0,0.6704545454545454,0.8141685799331144,1.0,0.8141685799331144,0.06871283484883065,0.0,0.9312871651511694,0.7557863037230091,1.0,0.7557863037230091,0.5772805659898749,1,human,3,1,0,1,1,0,0,1,0,3,1,non-human,out-of-fold,review,1.0
815726866,HollywoodJunket,brand,1.0,0,0.0,0.6827586206896552,1.0,0.6827586206896552,0.6143408992445721,0.0,0.38565910075542786,0.914194133386036,1.0,0.914194133386036,0.6226486927605533,1.0,0.6226486927605533,0.7084855865202041,1,human,3,1,0,0,0,1,1,1,0,3,1,non-human,out-of-fold,review,1.0
815726978,WKNC881Playlist,brand,1.0,0,0.0,0.975609756097561,1.0,0.975609756097561,0.6410615569736282,1.0,0.6410615569736282,0.014311859022848901,0.0,0.9856881409771511,0.553397565452487,1.0,0.553397565452487,0.5460951843866313,1,human,3,1,1,1,0,0,0,1,0,3,1,non-human,out-of-fold,review,1.0
815727071,GROWNkIDSX,brand,1.0,0,0.0,0.3665338645418327,0.0,0.6334661354581673,0.8211325607015016,1.0,0.8211325607015016,0.333340001279104,1.0,0.333340001279104,0.5772676953192807,1.0,0.5772676953192807,0.5245685304604298,1,human,3,0,0,1,1,1,0,1,0,3,1,non-human,out-of-fold,review,1.0
815727144,ForbesTech,brand,1.0,0,0.0,0.5792682926829268,1.0,0.5792682926829268,0.7323407129114703,1.0,0.7323407129114703,0.9999994549180962,1.0,0.9999994549180962,0.33311405153126555,0.0,0.6668859484687344,0.6611806280109398,1,human,3,1,0,1,0,1,1,0,0,3,1,non-human,out-of-fold,review,1.0
815727214,AragonResearch1,brand,1.0,0,0.0,0.5365853658536586,0.0,0.46341463414634143,0.7502487924322725,1.0,0.7502487924322725,0.8524467279580888,1.0,0.8524467279580888,0.567443952963271,1.0,0.567443952963271,0.6766812098018227,1,human,3,0,0,1,0,1,1,1,0,3,1,non-human,out-of-fold,review,1.0
815727518,grnlrn,male,1.0,0,1.0,0.19130434782608696,0.0,0.808695652173913,0.5669078057458672,0.0,0.4330921942541328,0.5471641372023885,1.0,0.5471641372023885,0.5141695677679514,0.0,0.4858304322320486,0.45488646463557353,0,non-human,3,1,1,1,0,0,0,1,0,3,1,human,out-of-fold,review,1.0
815727548,MAGNAFitness,female,1.0,0,1.0,0.3281853281853282,0.0,0.6718146718146718,0.4175651487584031,0.0,0.5824348512415969,2.027623695657198e-11,0.0,0.9999999999797238,0.6090172181656756,1.0,0.6090172181656756,0.33869192378242075,0,non-human,3,1,0,1,0,1,1,0,0,3,1,human,out-of-fold,review,1.0
815727551,UIWAthletics,brand,1.0,0,0.0,0.7281553398058253,1.0,0.7281553398058253,0.5872895517812601,0.0,0.4127104482187399,0.9889603545045953,1.0,0.9889603545045953,0.5679726091613663,1.0,0.5679726091613663,0.7180944638132617,1,human,3,1,0,0,0,1,1,1,0,3,1,non-human,out-of-fold,review,1.0
815727575,Marc_Meyer,male,1.0,0,1.0,0.8421052631578947,1.0,0.8421052631578947,0.5211639384103027,0.0,0.47883606158969727,0.000580839526722349,0.0,0.9994191604732776,0.5302209459009706,0.0,0.4697790540990294,0.4735177467489726,0,non-human,3,0,0,1,0,1,1,1,0,3,1,human,out-of-fold,review,1.0
815727611,SLUFieldHockey,brand,1.0,0,0.0,0.972972972972973,1.0,0.972972972972973,0.511849222847407,0.0,0.48815077715259303,0.33751600879111654,1.0,0.33751600879111654,0.6571288781111079,1.0,0.6571288781111079,0.6198667706806511,1,human,3,1,1,0,0,1,0,1,0,3,1,non-human,out-of-fold,review,1.0
815727612,YesKis4king,male,1.0,0,1.0,0.46405228758169936,0.0,0.5359477124183006,0.4379431087544128,0.0,0.5620568912455872,0.02877811016144338,0.0,0.9712218898385566,0.679090955986081,1.0,0.679090955986081,0.40246611562090917,0,non-human,3,1,0,1,0,1,1,0,0,3,1,human,out-of-fold,review,1.0
815727667,mensahelijah4,male,1.0,0,1.0,0.15151515151515152,0.0,0.8484848484848485,0.5787773837354405,0.0,0.4212226162645595,0.9999999999794049,1.0,0.9999999999794049,0.31364067023504005,0.0,0.68635932976496,0.5109833013662592,0,non-human,3,1,1,1,0,0,0,1,0,3,1,human,out-of-fold,review,1.0
815727837,itstimetobloom,female,1.0,0,1.0,0.3906810035842294,0.0,0.6093189964157706,0.5540088857230347,0.0,0.44599111427696525,0.9987752282973356,1.0,0.9987752282973356,0.17070073301894267,0.0,0.8292992669810573,0.5285414626558855,0,non-human,3,1,0,1,0,0,0,1,1,3,1,human,out-of-fold,review,1.0
815727997,asoapstar,brand,1.0,0,0.0,0.5185185185185185,0.0,0.4814814814814815,0.7691433385646128,1.0,0.7691433385646128,0.9999999999996945,1.0,0.9999999999996945,0.7980227257872413,1.0,0.7980227257872413,0.7714211457175169,1,human,3,0,0,1,0,1,1,1,0,3,1,non-human,out-of-fold,review,1.0
815728028,jammybitch1,female,1.0,0,1.0,0.8470149253731343,1.0,0.8470149253731343,0.5089648066893605,0.0,0.4910351933106395,0.02019697276739394,0.0,0.979803027232606,0.5105699521550793,0.0,0.4894300478449207,0.47168666424624195,0,non-human,3,0,0,1,0,1,1,1,0,3,1,human,out-of-fold,review,1.0
815728265,_Sandra_R_,female,1.0,0,1.0,0.2,0.0,0.8,0.671379854064391,1.0,0.671379854064391,0.29809722422206586,0.0,0.7019027757779341,0.5059985906921939,0.0,0.4940014093078061,0.4188689172446627,0,non-human,3,1,1,0,0,1,0,1,0,3,1,human,out-of-fold,review,1.0
815728332,AlexPaul,male,1.0,0,1.0,0.6,1.0,0.6,0.5341424397305963,0.0,0.4658575602694037,0.05037238877834082,0.0,0.9496276112216592,0.47108211119668797,0.0,0.528917888803312,0.41389923492640623,0,non-human,3,0,0,1,0,1,1,1,0,3,1,human,out-of-fold,review,1.0
815728356,SAatSU,brand,1.0,0,0.0,0.6704545454545454,1.0,0.6704545454545454,0.46997206821555987,0.0,0.5300279317844401,0.9818303028188652,1.0,0.9818303028188652,0.6290582139925374,1.0,0.6290582139925374,0.687828782620377,1,human,3,1,0,0,0,1,1,1,0,3,1,non-human,out-of-fold,review,1.0
815728381,TonyMackGD,male,1.0,0,1.0,0.21052631578947367,0.0,0.7894736842105263,0.6342353093057738,1.0,0.6342353093057738,0.057764406230722834,0.0,0.9422355937692771,0.32869042530706866,0.0,0.6713095746929314,0.30780411415825976,0,non-human,3,1,0,0,0,1,1,1,0,3,1,human,out-of-fold,review,1.0
815728384,CarolineJuskus,female,1.0,0,1.0,0.27906976744186046,0.0,0.7209302325581395,0.48253783888498125,0.0,0.5174621611150187,0.00017536237648082875,0.0,0.9998246376235191,0.6703554407215202,1.0,0.6703554407215202,0.3580346023562107,0,non-human,3,1,0,1,0,1,1,0,0,3,1,human,out-of-fold,review,1.0
815728392,ParadeMagazine,brand,1.0,0,0.0,0.5365853658536586,0.0,0.46341463414634143,0.769884368732926,1.0,0.769884368732926,0.5378617927517069,1.0,0.5378617927517069,0.8402866583067407,1.0,0.8402866583067407,0.671154546411258,1,human,3,0,0,1,0,1,0,1,1,3,1,non-human,out-of-fold,review,1.0
815728412,AperInvestments,brand,1.0,0,0.0,0.3281853281853282,0.0,0.6718146718146718,0.6802816270892478,1.0,0.6802816270892478,0.9999924448821897,1.0,0.9999924448821897,0.5410834021167354,1.0,0.5410834021167354,0.6373857005683753,1,human,3,0,0,1,0,1,1,1,0,3,1,non-human,out-of-fold,review,1.0
815728479,RationalJudaism,brand,1.0,0,0.0,0.8070175438596491,1.0,0.8070175438596491,0.7014174108874934,1.0,0.7014174108874934,0.14767478935465111,0.0,0.8523252106453489,0.7491788749009322,1.0,0.7491788749009322,0.6013221547506814,1,human,3,1,1,1,0,0,0,1,0,3,1,non-human,out-of-fold,review,1.0
815728495,Cribone,male,1.0,0,1.0,0.56,0.0,0.43999999999999995,0.5301808729126007,0.0,0.46981912708739926,4.53004076667307e-89,0.0,1.0,0.7745902905112481,1.0,0.7745902905112481,0.4661927908559622,0,non-human,3,1,0,1,0,1,1,0,0,3,1,human,out-of-fold,review,1.0
815728843,McDonalds,brand,1.0,0,0.0,0.9047619047619048,1.0,0.9047619047619048,0.7543277116126468,1.0,0.7543277116126468,0.14573556742318028,0.0,0.8542644325768197,0.7577056914390626,1.0,0.7577056914390626,0.6406327188091986,1,human,3,1,1,1,0,0,0,1,0,3,1,non-human,out-of-fold,review,1.0
815729063,DuhaMilton0,female,1.0,0,1.0,0.717391304347826,1.0,0.717391304347826,0.4088386262953728,0.0,0.5911613737046272,0.0020362838715447273,0.0,0.9979637161284552,0.48170002145269547,0.0,0.5182999785473046,0.40249155899185973,0,non-human,3,0,0,1,0,1,1,1,0,3,1,human,out-of-fold,review,1.0
815729105,HandsonHealth,brand,1.0,0,0.0,0.7164179104477612,1.0,0.7164179104477612,0.6413501160130957,1.0,0.6413501160130957,0.8758709160264663,1.0,0.8758709160264663,0.4420020863730324,0.0,0.5579979136269676,0.6689102572150888,1,human,3,1,0,1,0,1,1,0,0,3,1,non-human,out-of-fold,review,1.0
815729142,DEEJAYMOB,brand,1.0,0,0.0,0.5247148288973384,0.0,0.47528517110266155,0.6422165301425626,1.0,0.6422165301425626,0.9999999999999822,1.0,0.9999999999999822,0.6134449063283152,1.0,0.6134449063283152,0.6950940663420495,1,human,3,0,0,1,0,1,1,1,0,3,1,non-human,out-of-fold,review,1.0
815729250,ETAhand2mind,brand,1.0,0,0.0,0.7580645161290323,1.0,0.7580645161290323,0.6204363196274484,0.0,0.3795636803725516,0.9461887059600003,1.0,0.9461887059600003,0.7836608030073782,1.0,0.7836608030073782,0.7770875861809647,1,human,3,1,0,0,0,1,1,1,0,3,1,non-human,out-of-fold,review,1.0
815729323,ShouldaBeenDead,male,1.0,0,1.0,0.19130434782608696,0.0,0.808695652173913,0.3262454254344887,0.0,0.6737545745655114,0.33953176859033063,1.0,0.33953176859033063,0.45059060219933045,0.0,0.5494093978006696,0.3269180360125592,0,non-human,3,1,1,1,0,0,0,1,0,3,1,human,out-of-fold,review,1.0
815729340,tpcanoe,male,1.0,0,1.0,0.5185185185185185,0.0,0.4814814814814815,0.7489655366191845,1.0,0.7489655366191845,0.005918699003277126,0.0,0.9940813009967229,0.27125510601513236,0.0,0.7287448939848676,0.3861644650390281,0,non-human,3,1,0,0,0,1,1,1,0,3,1,human,out-of-fold,review,1.0
815729394,DeftEar,brand,1.0,0,0.0,0.5792682926829268,1.0,0.5792682926829268,0.7409294016795183,1.0,0.7409294016795183,0.8049794874754498,1.0,0.8049794874754498,0.42507770329115513,0.0,0.5749222967088449,0.6375637212822625,1,human,3,1,0,1,0,1,1,0,0,3,1,non-human,out-of-fold,review,1.0
815729621,SP1RACY,brand,1.0,0,0.0,0.9166666666666666,1.0,0.9166666666666666,0.6629551591487073,1.0,0.6629551591487073,0.37196511885137173,1.0,0.37196511885137173,0.39058759389914605,0.0,0.6094124061008539,0.5855436346414729,1,human,3,1,1,1,0,1,0,0,0,3,1,non-human,out-of-fold,review,1.0
815729636,thegarlandhotel,brand,1.0,0,0.0,0.9038461538461539,1.0,0.9038461538461539,0.5646974550831035,0.0,0.43530254491689646,0.7866525595008715,1.0,0.7866525595008715,0.7428207534708264,1.0,0.7428207534708264,0.7495042304752388,1,human,3,1,1,0,0,1,0,1,0,3,1,non-human,out-of-fold,review,1.0
815729650,WrestlingExam,brand,1.0,0,0.0,0.6909090909090909,1.0,0.6909090909090909,0.9530251070589081,1.0,0.9530251070589081,0.1008879334206002,0.0,0.8991120665793998,0.7876094885538355,1.0,0.7876094885538355,0.6331079049856086,1,human,3,1,0,1,1,0,0,1,0,3,1,non-human,out-of-fold,review,1.0
815729670,MLpurplepink,brand,1.0,0,0.0,0.71875,1.0,0.71875,0.7437976015546678,1.0,0.7437976015546678,0.005453586437834159,0.0,0.9945464135621659,0.8217027902656899,1.0,0.8217027902656899,0.572425994564548,1,human,3,1,0,1,0,0,0,1,1,3,1,non-human,out-of-fold,review,1.0
815729685,FezReports,male,1.0,0,1.0,0.5247148288973384,0.0,0.47528517110266155,0.5134836787400849,0.0,0.48651632125991506,0.024524681575701996,0.0,0.975475318424298,0.6183386017684622,1.0,0.6183386017684622,0.4202654477453969,0,non-human,3,1,0,1,0,1,1,0,0,3,1,human,out-of-fold,review,1.0
815729690,rosa12_lowfell,brand,1.0,0,0.0,0.7631578947368421,1.0,0.7631578947368421,0.49555314878293555,0.0,0.5044468512170645,0.8967224554231561,1.0,0.8967224554231561,0.6505374465830849,1.0,0.6505374465830849,0.7014927363815047,1,human,3,1,0,0,0,1,1,1,0,3,1,non-human,out-of-fold,review,1.0
815729792,DotPolitics,brand,1.0,0,0.0,0.3978201634877384,0.0,0.6021798365122616,0.6589421505449845,1.0,0.6589421505449845,0.9043773529766902,1.0,0.9043773529766902,0.5952066032871177,1.0,0.5952066032871177,0.6390865675741327,1,human,3,0,0,1,0,1,1,1,0,3,1,non-human,out-of-fold,review,1.0
815729842,HFT4u,brand,1.0,0,0.0,0.6616161616161617,1.0,0.6616161616161617,0.7032412678494007,1.0,0.7032412678494007,1.0,1.0,1.0,0.4671143072294564,0.0,0.5328856927705437,0.7079929341737548,1,human,3,1,0,1,0,1,1,0,0,3,1,non-human,out-of-fold,review,1.0
815729855,smallbiztrends,female,1.0,0,1.0,0.7352941176470589,1.0,0.7352941176470589,0.32793532691959876,0.0,0.6720646730804012,0.00038943568447417465,0.0,0.9996105643155259,0.35781325747122056,0.0,0.6421867425287795,0.3553580344305881,0,non-human,3,0,0,1,0,1,1,1,0,3,1,human,out-of-fold,review,1.0
815729898,Agn3s_Mckenzie,female,1.0,0,1.0,0.3123644251626898,0.0,0.6876355748373102,0.6566072542729687,1.0,0.6566072542729687,0.13100389553109765,0.0,0.8689961044689023,0.4101811999399644,0.0,0.5898188000600356,0.3775391937266801,0,non-human,3,1,0,0,0,1,1,1,0,3,1,human,out-of-fold,review,1.0
815729978,LastCallMedia,brand,1.0,0,0.0,0.6857142857142857,1.0,0.6857142857142857,0.5632665628022786,0.0,0.4367334371977214,0.9836934727570243,1.0,0.9836934727570243,0.5653594779239589,1.0,0.5653594779239589,0.6995084497993869,1,human,3,1,0,0,0,1,1,1,0,3,1,non-human,out-of-fold,review,1.0
815729982,ollieamelia,female,1.0,0,1.0,0.5263157894736842,0.0,0.4736842105263158,0.43120833425606553,0.0,0.5687916657439345,0.0019707468548390366,0.0,0.998029253145161,0.6280395230110472,1.0,0.6280395230110472,0.39688359839890897,0,non-human,3,1,0,1,0,1,1,0,0,3,1,human,out-of-fold,review,1.0
815730163,sthuru92,female,1.0,0,1.0,0.4,0.0,0.6,0.6152826866438447,0.0,0.38471731335615533,0.13429414220162963,0.0,0.8657058577983704,0.6361320420708105,1.0,0.6361320420708105,0.44642721772907124,0,non-human,3,1,0,1,0,1,1,0,0,3,1,human,out-of-fold,review,1.0
815730246,UPthebook,brand,1.0,0,0.0,0.7142857142857143,1.0,0.7142857142857143,0.4552887375132354,0.0,0.5447112624867646,0.7043173686216239,1.0,0.7043173686216239,0.8015210571012725,1.0,0.8015210571012725,0.6688532193804615,1,human,3,1,0,0,0,1,0,1,1,3,1,non-human,out-of-fold,review,1.0
815730259,AljawWood,male,1.0,0,1.0,0.6629213483146067,1.0,0.6629213483146067,0.48290517200867467,0.0,0.5170948279913253,1.0991114252144112e-06,0.0,0.9999989008885748,0.49551955443093915,0.0,0.5044804455690608,0.41033679346641144,0,non-human,3,0,0,1,0,1,1,1,0,3,1,human,out-of-fold,review,1.0
815730261,TheUPSStore6106,brand,1.0,0,0.0,0.7142857142857143,1.0,0.7142857142857143,0.7895545673967107,1.0,0.7895545673967107,0.011528759207498875,0.0,0.9884712407925011,0.9236930683362302,1.0,0.9236930683362302,0.6097655273065385,1,human,3,1,0,1,0,0,0,1,1,3,1,non-human,out-of-fold,review,1.0
815730320,BethMinyard,female,1.0,0,1.0,0.4883720930232558,0.0,0.5116279069767442,0.5103172013039072,0.0,0.48968279869609277,0.0005076582771150792,0.0,0.9994923417228849,0.6227022572297034,1.0,0.6227022572297034,0.4054748024584954,0,non-human,3,1,0,1,0,1,1,0,0,3,1,human,out-of-fold,review,1.0
815730333,Roberta_Grimes,female,1.0,0,1.0,0.20987654320987653,0.0,0.7901234567901234,0.36145471436235976,0.0,0.6385452856376402,0.8433028656823335,1.0,0.8433028656823335,0.14448762249161806,0.0,0.8555123775083819,0.3897804364365469,0,non-human,3,1,0,1,0,0,0,1,1,3,1,human,out-of-fold,review,1.0
815730374,UttDianna,female,1.0,0,1.0,0.2979865771812081,0.0,0.702013422818792,0.7972466736780827,1.0,0.7972466736780827,0.049430911830064705,0.0,0.9505690881699354,0.5263733022705133,0.0,0.47362669772948673,0.4177593662399672,0,non-human,3,1,0,0,0,1,1,1,0,3,1,human,out-of-fold,review,1.0
815730398,JBAwardsCircuit,male,1.0,0,1.0,0.5476190476190477,0.0,0.45238095238095233,0.5909652302404892,0.0,0.4090347697595108,0.0128944053347653,0.0,0.9871055946652347,0.6190514718510044,1.0,0.6190514718510044,0.4426325387613267,0,non-human,3,1,0,1,0,1,1,0,0,3,1,human,out-of-fold,review,1.0
815730560,Shawhelp,brand,1.0,0,0.0,0.6704545454545454,1.0,0.6704545454545454,0.6290120173930488,0.0,0.3709879826069512,0.9999286124803867,1.0,0.9999286124803867,0.7109507876165528,1.0,0.7109507876165528,0.7525864907361334,1,human,3,1,0,0,0,1,1,1,0,3,1,non-human,out-of-fold,review,1.0
815730603,HOGUEMARISSA,female,1.0,0,1.0,0.603448275862069,1.0,0.603448275862069,0.20288175468140104,0.0,0.797118245318599,0.01914932336533814,0.0,0.9808506766346619,0.4446623419498691,0.0,0.5553376580501309,0.31753542396466927,0,non-human,3,0,0,1,0,1,1,1,0,3,1,human,out-of-fold,review,1.0
815730623,SilviaLD78,female,1.0,0,1.0,0.28,0.0,0.72,0.5712194330255099,0.0,0.4287805669744901,0.000148422333881097,0.0,0.9998515776661189,0.9162733530489467,1.0,0.9162733530489467,0.4419103021020845,0,non-human,3,1,0,1,0,1,1,0,0,3,1,human,out-of-fold,review,1.0
815730641,JesuitsBritain,brand,1.0,0,0.0,0.3906810035842294,0.0,0.6093189964157706,0.7665891604808583,1.0,0.7665891604808583,0.9732390469335337,1.0,0.9732390469335337,0.6275977142443329,1.0,0.6275977142443329,0.6895267313107385,1,human,3,0,0,1,0,1,1,1,0,3,1,non-human,out-of-fold,review,1.0
815730700,MusicaMasMusic1,brand,1.0,0,0.0,0.5735294117647058,1.0,0.5735294117647058,0.7364475440251147,1.0,0.7364475440251147,1.0,1.0,1.0,0.42739519604508036,0.0,0.5726048039549196,0.6843430379587252,1,human,3,1,0,1,0,1,1,0,0,3,1,non-human,out-of-fold,review,1.0
815730740,blankspacearts,brand,1.0,0,0.0,0.3906810035842294,0.0,0.6093189964157706,0.6936790729954401,1.0,0.6936790729954401,0.9909238570013088,1.0,0.9909238570013088,0.6879451927557739,1.0,0.6879451927557739,0.6908072815841881,1,human,3,0,0,1,0,1,1,1,0,3,1,non-human,out-of-fold,review,1.0
815730760,R_Illustration,brand,1.0,0,0.0,0.7291666666666666,1.0,0.7291666666666666,0.35699116610410714,0.0,0.6430088338958928,0.9999963148447125,1.0,0.9999963148447125,0.5721850188382247,1.0,0.5721850188382247,0.6645847916134278,1,human,3,1,0,0,0,1,1,1,0,3,1,non-human,out-of-fold,review,1.0
815730805,SWOverCoffee,brand,1.0,0,0.0,0.4722222222222222,0.0,0.5277777777777778,0.7674958243898822,1.0,0.7674958243898822,0.8272067321137467,1.0,0.8272067321137467,0.7278564507582739,1.0,0.7278564507582739,0.6986953073710312,1,human,3,0,0,1,0,1,1,1,0,3,1,non-human,out-of-fold,review,1.0
815730833,VCStockMarketng,brand,1.0,0,0.0,0.8421052631578947,1.0,0.8421052631578947,0.7719884277885769,1.0,0.7719884277885769,0.18203439728433826,0.0,0.8179656027156618,0.6806388539470297,1.0,0.6806388539470297,0.6191917355444599,1,human,3,1,1,1,0,0,0,1,0,3,1,non-human,out-of-fold,review,1.0
815730879,MNFBanter,brand,1.0,0,0.0,0.851063829787234,1.0,0.851063829787234,0.7934884752735689,1.0,0.7934884752735689,0.12665342902164234,0.0,0.8733465709783577,0.6296542398459618,1.0,0.6296542398459618,0.6002149934821017,1,human,3,1,1,1,0,0,0,1,0,3,1,non-human,out-of-fold,review,1.0
815730936,CrisisGroup,brand,1.0,0,0.0,0.5365853658536586,0.0,0.46341463414634143,0.8279496752857853,1.0,0.8279496752857853,0.33740472780497555,1.0,0.33740472780497555,0.6952413848841721,1.0,0.6952413848841721,0.5992952884571479,1,human,3,0,0,1,1,1,0,1,0,3,1,non-human,out-of-fold,review,1.0
815730951,gauravdotme,brand,1.0,0,0.0,0.8130081300813008,1.0,0.8130081300813008,0.7527062692593044,1.0,0.7527062692593044,0.06271072678948279,0.0,0.9372892732105172,0.6760702927075082,1.0,0.6760702927075082,0.5761238547093991,1,human,3,1,1,1,0,0,0,1,0,3,1,non-human,out-of-fold,review,1.0
815730956,ClubNedCafe,brand,1.0,0,0.0,0.3906810035842294,0.0,0.6093189964157706,0.7520055123389884,1.0,0.7520055123389884,0.9997772963657314,1.0,0.9997772963657314,0.5576509298347591,1.0,0.5576509298347591,0.6750286855309271,1,human,3,0,0,1,0,1,1,1,0,3,1,non-human,out-of-fold,review,1.0
815731004,JustJJWriting,female,1.0,0,1.0,0.175,0.0,0.825,0.3916899059109282,0.0,0.6083100940890718,0.42488828113779586,1.0,0.42488828113779586,0.2535873831081537,0.0,0.7464126168918463,0.31129139253921945,0,non-human,3,1,1,1,0,0,0,1,0,3,1,human,out-of-fold,review,1.0
815731026,ThisIsLakeview,brand,1.0,0,0.0,0.5502958579881657,0.0,0.4497041420118343,0.6941033538516115,1.0,0.6941033538516115,0.9400665279658174,1.0,0.9400665279658174,0.5776879598363701,1.0,0.5776879598363701,0.6905384249104912,1,human,3,0,0,1,0,1,1,1,0,3,1,non-human,out-of-fold,review,1.0
815731050,Asif_Riaz_Butt,male,1.0,0,1.0,0.5792682926829268,1.0,0.5792682926829268,0.32083852321625045,0.0,0.6791614767837495,0.05201993564084136,0.0,0.9479800643591586,0.24699447043841466,0.0,0.7530055295615854,0.2997803054946083,0,non-human,3,0,0,1,0,1,1,1,0,3,1,human,out-of-fold,review,1.0
815731213,Antara_Man,female,1.0,0,1.0,0.43478260869565216,0.0,0.5652173913043479,0.6710354077315642,1.0,0.6710354077315642,0.013023274759157665,0.0,0.9869767252408423,0.3744585730039363,0.0,0.6255414269960637,0.3733249660475776,0,non-human,3,1,0,0,0,1,1,1,0,3,1,human,out-of-fold,review,1.0
815731215,ETCanada,brand,1.0,0,0.0,0.6785714285714286,1.0,0.6785714285714286,0.7636267043758398,1.0,0.7636267043758398,0.9999999991189696,1.0,0.9999999991189696,0.4100901371907757,0.0,0.5899098628092243,0.7130720673142534,1,human,3,1,0,1,0,1,1,0,0,3,1,non-human,out-of-fold,review,1.0
815731243,malcolmkellypom,male,1.0,0,1.0,0.48134328358208955,0.0,0.5186567164179104,0.5361814794065355,0.0,0.4638185205934645,0.19967704328984728,0.0,0.8003229567101527,0.5547268320706787,1.0,0.5547268320706787,0.4429821595872878,0,non-human,3,1,0,1,0,1,1,0,0,3,1,human,out-of-fold,review,1.0
815731252,sylviadouglas20,female,1.0,0,1.0,0.3181818181818182,0.0,0.6818181818181819,0.5276071779740409,0.0,0.4723928220259591,0.005288240167158053,0.0,0.994711759832842,0.6083219524006027,1.0,0.6083219524006027,0.36484979718090493,0,non-human,3,1,0,1,0,1,1,0,0,3,1,human,out-of-fold,review,1.0
815731339,PeterErikssen,male,1.0,0,1.0,0.6605504587155964,1.0,0.6605504587155964,0.5783729214661588,0.0,0.4216270785338412,0.0030698498785477714,0.0,0.9969301501214523,0.38240233534829293,0.0,0.6175976646517071,0.40609889135214894,0,non-human,3,0,0,1,0,1,1,1,0,3,1,human,out-of-fold,review,1.0
815731368,nwwong,male,1.0,0,1.0,0.74375,1.0,0.74375,0.45505834223147895,0.0,0.5449416577685211,0.06580615594388706,0.0,0.9341938440561129,0.3744649139779098,0.0,0.6255350860220902,0.40976985303831903,0,non-human,3,0,0,1,0,1,1,1,0,3,1,human,out-of-fold,review,1.0
815731416,ronfeir,male,1.0,0,1.0,0.38461538461538464,0.0,0.6153846153846154,0.5973337136879713,0.0,0.4026662863120287,0.10716938808316585,0.0,0.8928306119168341,0.5992619046333635,1.0,0.5992619046333635,0.42209509775497134,0,non-human,3,1,0,1,0,1,1,0,0,3,1,human,out-of-fold,review,1.0
815731548,MisterSalesman,female,1.0,0,1.0,0.7352941176470589,1.0,0.7352941176470589,0.2770741809138135,0.0,0.7229258190861865,1.9683235831539153e-08,0.0,0.9999999803167642,0.3897890956549565,0.0,0.6102109043450434,0.3505393534747662,0,non-human,3,0,0,1,0,1,1,1,0,3,1,human,out-of-fold,review,1.0
815731555,hrana,male,1.0,0,1.0,0.5247148288973384,0.0,0.47528517110266155,0.6854408359127266,1.0,0.6854408359127266,0.0003797083059234587,0.0,0.9996202916940765,0.4550990708418881,0.0,0.544900929158112,0.41640861098946913,0,non-human,3,1,0,0,0,1,1,1,0,3,1,human,out-of-fold,review,1.0
815731591,LocalReviewNYC,brand,1.0,0,0.0,0.25925925925925924,0.0,0.7407407407407407,0.7704034301604327,1.0,0.7704034301604327,0.9999999999999787,1.0,0.9999999999999787,0.7913006393721473,1.0,0.7913006393721473,0.7052408321979545,1,human,3,0,0,1,0,1,1,1,0,3,1,non-human,out-of-fold,review,1.0
815731623,ThaBeastion,male,1.0,0,1.0,0.3906810035842294,0.0,0.6093189964157706,0.5216534725869505,0.0,0.4783465274130495,0.5564770683201086,1.0,0.5564770683201086,0.1579658913794266,0.0,0.8420341086205734,0.4066943589676788,0,non-human,3,1,0,1,0,0,0,1,1,3,1,human,out-of-fold,review,1.0
815731725,ScotClimate,brand,1.0,0,0.0,0.43478260869565216,0.0,0.5652173913043479,0.656386269246551,1.0,0.656386269246551,0.9699306909462052,1.0,0.9699306909462052,0.6064303138699413,1.0,0.6064303138699413,0.6668824706895874,1,human,3,0,0,1,0,1,1,1,0,3,1,non-human,out-of-fold,review,1.0
815731759,RedditRobotics,brand,1.0,0,0.0,0.6909090909090909,1.0,0.6909090909090909,0.2976300990976598,0.0,0.7023699009023402,0.9999999741618527,1.0,0.9999999741618527,0.5616367232793249,1.0,0.5616367232793249,0.6375439718619821,1,human,3,1,0,0,0,1,1,1,0,3,1,non-human,out-of-fold,review,1.0
815731768,NavyTalkRadio,female,1.0,0,1.0,0.20987654320987653,0.0,0.7901234567901234,0.5563037393346683,0.0,0.44369626066533174,0.9999999979372873,1.0,0.9999999979372873,0.08371724531001447,0.0,0.9162827546899855,0.46247438144796166,0,non-human,3,1,0,1,0,0,0,1,1,3,1,human,out-of-fold,review,1.0
815731779,joannethomsen,female,1.0,0,1.0,0.3123644251626898,0.0,0.6876355748373102,0.5361948291455734,0.0,0.46380517085442663,0.15482288490640495,0.0,0.845177115093595,0.5406239859373775,1.0,0.5406239859373775,0.3860015312880114,0,non-human,3,1,0,1,0,1,1,0,0,3,1,human,out-of-fold,review,1.0
815731918,closertonature1,brand,1.0,0,0.0,0.5735294117647058,1.0,0.5735294117647058,0.7169269929657432,1.0,0.7169269929657432,0.9999999991389714,1.0,0.9999999991389714,0.3061143280046088,0.0,0.6938856719953912,0.6491426829685073,1,human,3,1,0,1,0,1,1,0,0,3,1,non-human,out-of-fold,review,1.0
815731983,WealthTalkRadio,female,1.0,0,1.0,0.20987654320987653,0.0,0.7901234567901234,0.5737794515542912,0.0,0.4262205484457088,0.9999999999921769,1.0,0.9999999999921769,0.1790766916122679,0.0,0.8209233083877321,0.49068317159215313,0,non-human,3,1,0,1,0,0,0,1,1,3,1,human,out-of-fold,review,1.0
815732009,BroBible,brand,1.0,0,0.0,0.7532467532467533,1.0,0.7532467532467533,0.5893549716301199,0.0,0.41064502836988015,0.80046004538601,1.0,0.80046004538601,0.643319236473623,1.0,0.643319236473623,0.6965952516841265,1,human,3,1,0,0,0,1,1,1,0,3,1,non-human,out-of-fold,review,1.0
815732138,RvilleDentalLab,brand,1.0,0,0.0,0.3906810035842294,0.0,0.6093189964157706,0.666832589453652,1.0,0.666832589453652,0.9597278156062439,1.0,0.9597278156062439,0.5515554909631154,1.0,0.5515554909631154,0.6421992249018101,1,human,3,0,0,1,0,1,1,1,0,3,1,non-human,out-of-fold,review,1.0
815732176,SineadFresh,female,1.0,0,1.0,0.4883720930232558,0.0,0.5116279069767442,0.5078118410459758,0.0,0.49218815895402424,0.014419676443461997,0.0,0.985580323556538,0.7323491362804603,1.0,0.7323491362804603,0.43573818669828845,0,non-human,3,1,0,1,0,1,1,0,0,3,1,human,out-of-fold,review,1.0
815732209,NurseThink,brand,1.0,0,0.0,0.3744292237442922,0.0,0.6255707762557078,0.7962270820964028,1.0,0.7962270820964028,1.0,1.0,1.0,0.5784595489448473,1.0,0.5784595489448473,0.6872789636963856,1,human,3,0,0,1,0,1,1,1,0,3,1,non-human,out-of-fold,review,1.0
815732216,Optiv8,male,1.0,0,1.0,0.7297297297297297,1.0,0.7297297297297297,0.5859290244356083,0.0,0.41407097556439165,2.119263173773983e-05,0.0,0.9999788073682623,0.46245257685390123,0.0,0.5375474231460988,0.44453313091274427,0,non-human,3,0,0,1,0,1,1,1,0,3,1,human,out-of-fold,review,1.0
815732247,SonyMusicGlobal,brand,1.0,0,0.0,0.8070175438596491,1.0,0.8070175438596491,0.3984669748803192,0.0,0.6015330251196809,0.4183689536628064,1.0,0.4183689536628064,0.6926530198949914,1.0,0.6926530198949914,0.5791266230744415,1,human,3,1,1,0,0,1,0,1,0,3,1,non-human,out-of-fold,review,1.0
815732401,JamieHarris_2,male,1.0,0,1.0,0.20987654320987653,0.0,0.7901234567901234,0.17931244213054512,0.0,0.8206875578694549,0.3995203447131335,1.0,0.3995203447131335,0.4317329889455804,0.0,0.5682670110544197,0.3051105797497839,0,non-human,3,1,0,1,1,0,0,1,0,3,1,human,out-of-fold,review,1.0
815732481,Aiwanei,male,1.0,0,1.0,0.3281853281853282,0.0,0.6718146718146718,0.6719879235622507,1.0,0.6719879235622507,0.0012883377428559556,0.0,0.998711662257144,0.5329351620262958,0.0,0.46706483797370424,0.3835991878791827,0,non-human,3,1,0,0,0,1,1,1,0,3,1,human,out-of-fold,review,1.0
815732495,C_Collectible,brand,1.0,0,0.0,0.3,0.0,0.7,0.8641097085123784,1.0,0.8641097085123784,0.4095392182842279,1.0,0.4095392182842279,0.7605141362136638,1.0,0.7605141362136638,0.5835407657525675,1,human,3,0,0,1,1,1,0,1,0,3,1,non-human,out-of-fold,review,1.0
815732560,BevTax,brand,1.0,0,0.0,0.7361111111111112,1.0,0.7361111111111112,0.6976316758062945,1.0,0.6976316758062945,0.030230799675644925,0.0,0.9697692003243551,0.8787842611033082,1.0,0.8787842611033082,0.5856894619240897,1,human,3,1,0,1,0,0,0,1,1,3,1,non-human,out-of-fold,review,1.0
815732564,nemaug,brand,1.0,0,0.0,0.9620253164556962,1.0,0.9620253164556962,0.6185099489805612,0.0,0.3814900510194388,0.6478426893042668,1.0,0.6478426893042668,0.5936789434046379,1.0,0.5936789434046379,0.7055142245362904,1,human,3,1,1,0,0,1,0,1,0,3,1,non-human,out-of-fold,review,1.0
815732621,rafedotova32826,brand,1.0,0,0.0,0.8857142857142857,1.0,0.8857142857142857,0.7620124260386554,1.0,0.7620124260386554,0.00042715202448149716,0.0,0.9995728479755185,0.7787579439565819,1.0,0.7787579439565819,0.6067279519335012,1,human,3,1,1,1,0,0,0,1,0,3,1,non-human,out-of-fold,review,1.0
815732638,DenofGeekUS,brand,1.0,0,0.0,0.5957446808510638,1.0,0.5957446808510638,0.5726707295170674,0.0,0.42732927048293257,0.8114840760562082,1.0,0.8114840760562082,0.5488744548511747,1.0,0.5488744548511747,0.6321934853188785,1,human,3,1,0,0,0,1,1,1,0,3,1,non-human,out-of-fold,review,1.0
815732653,Empics_Showbiz,brand,1.0,0,0.0,0.6630434782608695,1.0,0.6630434782608695,0.6607941839496834,1.0,0.6607941839496834,0.8933877484354055,1.0,0.8933877484354055,0.4868678327331387,0.0,0.5131321672668613,0.6760233108447742,1,human,3,1,0,1,0,1,1,0,0,3,1,non-human,out-of-fold,review,1.0
815732674,SeasideSignal,brand,1.0,0,0.0,0.38926174496644295,0.0,0.610738255033557,0.7203695710380325,1.0,0.7203695710380325,0.5405007515434567,1.0,0.5405007515434567,0.8326625683586298,1.0,0.8326625683586298,0.6206986589766404,1,human,3,0,0,1,0,1,0,1,1,3,1,non-human,out-of-fold,review,1.0
815732676,dirkmacgirk,male,1.0,0,1.0,0.9220338983050848,1.0,0.9220338983050848,0.4370930787247606,0.0,0.5629069212752393,0.016669664017116635,0.0,0.9833303359828833,0.4736563746249516,0.0,0.5263436253750484,0.4623632539179784,0,non-human,3,0,0,1,0,1,1,1,0,3,1,human,out-of-fold,review,1.0
815732690,TucsonStar,brand,1.0,0,0.0,0.23728813559322035,0.0,0.7627118644067796,0.708360909787939,1.0,0.708360909787939,1.0,1.0,1.0,0.5701813423836908,1.0,0.5701813423836908,0.6289575969412124,1,human,3,0,0,1,0,1,1,1,0,3,1,non-human,out-of-fold,review,1.0
815732726,redskyecomics,brand,1.0,0,0.0,0.6470588235294118,1.0,0.6470588235294118,0.6642924082343199,1.0,0.6642924082343199,0.9953711080652095,1.0,0.9953711080652095,0.5139181188967967,0.0,0.4860818811032033,0.7051601146814345,1,human,3,1,0,1,0,1,1,0,0,3,1,non-human,out-of-fold,review,1.0
815732958,PeterBrassard,male,1.0,0,1.0,0.56,0.0,0.43999999999999995,0.8123696487331667,1.0,0.8123696487331667,1.5275855549798415e-87,0.0,1.0,0.38162099723294673,0.0,0.6183790027670533,0.43849766149152836,0,non-human,3,1,0,0,0,1,1,1,0,3,1,human,out-of-fold,review,1.0
815733017,AOLLifestyle,brand,1.0,0,0.0,0.7058823529411765,1.0,0.7058823529411765,0.6742609363600681,1.0,0.6742609363600681,0.015420111145727625,0.0,0.9845798888542724,0.8458598041842653,1.0,0.8458598041842653,0.5603558011578094,1,human,3,1,0,1,0,0,0,1,1,3,1,non-human,out-of-fold,review,1.0
815733080,young_ent,brand,1.0,0,0.0,0.43478260869565216,0.0,0.5652173913043479,0.7220018001399063,1.0,0.7220018001399063,0.9999999998356763,1.0,0.9999999998356763,0.6349993101458704,1.0,0.6349993101458704,0.6979459297042763,1,human,3,0,0,1,0,1,1,1,0,3,1,non-human,out-of-fold,review,1.0
815733094,steppiness,female,1.0,0,1.0,0.48951048951048953,0.0,0.5104895104895104,0.48334471466423123,0.0,0.5166552853357688,0.006366343502666605,0.0,0.9936336564973334,0.6809646484950003,1.0,0.6809646484950003,0.4150465490430969,0,non-human,3,1,0,1,0,1,1,0,0,3,1,human,out-of-fold,review,1.0
815733109,connaway_jenny,female,1.0,0,1.0,0.37866666666666665,0.0,0.6213333333333333,0.21227737491016652,0.0,0.7877226250898335,0.45203065898742933,1.0,0.45203065898742933,0.134816456275238,0.0,0.865183543724762,0.2944477892098752,0,non-human,3,1,0,1,0,0,0,1,1,3,1,human,out-of-fold,review,1.0
815733146,NDSUathletics,brand,1.0,0,0.0,0.7902097902097902,1.0,0.7902097902097902,0.620812798978416,0.0,0.379187201021584,0.9618285732653258,1.0,0.9618285732653258,0.6376404916251714,1.0,0.6376404916251714,0.7526229135196759,1,human,3,1,0,0,0,1,1,1,0,3,1,non-human,out-of-fold,review,1.0
815733249,dmcfadd,male,1.0,0,1.0,0.24953789279112754,0.0,0.7504621072088724,0.6019935116350422,0.0,0.3980064883649578,0.15849096592546386,0.0,0.8415090340745361,0.5546447005328501,1.0,0.5546447005328501,0.3911667677211209,0,non-human,3,1,0,1,0,1,1,0,0,3,1,human,out-of-fold,review,1.0
815733258,HornyLocals,female,1.0,0,1.0,0.4642857142857143,0.0,0.5357142857142857,0.4073200947232466,0.0,0.5926799052767534,0.9999597315919937,1.0,0.9999597315919937,0.019869821870853673,0.0,0.9801301781291464,0.4728588406179521,0,non-human,3,1,0,1,0,0,0,1,1,3,1,human,out-of-fold,review,1.0
815733269,TotalTrafficBNA,brand,1.0,0,0.0,0.9210526315789473,1.0,0.9210526315789473,0.7001691304578979,1.0,0.7001691304578979,6.1510135291452044e-15,0.0,0.9999999999999939,0.5496881368499796,1.0,0.5496881368499796,0.5427274747217078,1,human,3,1,1,1,0,0,0,1,0,3,1,non-human,out-of-fold,review,1.0
815733297,cooknichole,female,1.0,0,1.0,0.65625,1.0,0.65625,0.5814199857210169,0.0,0.41858001427898306,0.11720512604905478,0.0,0.8827948739509452,0.470424224639903,0.0,0.5295757753600969,0.4563248341024937,0,non-human,3,0,0,1,0,1,1,1,0,3,1,human,out-of-fold,review,1.0
815733352,LethbridgeSport,brand,1.0,0,0.0,0.5247148288973384,0.0,0.47528517110266155,0.7250252219152094,1.0,0.7250252219152094,0.9532728132847856,1.0,0.9532728132847856,0.6117500523130491,1.0,0.6117500523130491,0.7036907291025957,1,human,3,0,0,1,0,1,1,1,0,3,1,non-human,out-of-fold,review,1.0
815733371,MrBusinessInfo,male,1.0,0,1.0,0.84,1.0,0.84,0.46826491146762045,0.0,0.5317350885323795,0.021003393495434036,0.0,0.978996606504566,0.43761330266210946,0.0,0.5623866973378906,0.44172040190629097,0,non-human,3,0,0,1,0,1,1,1,0,3,1,human,out-of-fold,review,1.0
815733401,nmenzinger,female,1.0,0,1.0,0.37866666666666665,0.0,0.6213333333333333,0.45808565856187994,0.0,0.54191434143812,0.0016313387339423455,0.0,0.9983686612660576,0.8048388923584473,1.0,0.8048388923584473,0.41080563908023404,0,non-human,3,1,0,1,0,1,1,0,0,3,1,human,out-of-fold,review,1.0
815733507,OrganicTrade,brand,1.0,0,0.0,0.5185185185185185,0.0,0.4814814814814815,0.6571083425783787,1.0,0.6571083425783787,0.9855680879134611,1.0,0.9855680879134611,0.666697085876188,1.0,0.666697085876188,0.7069730087216366,1,human,3,0,0,1,0,1,1,1,0,3,1,non-human,out-of-fold,review,1.0
815733681,sweetwaterbrew,brand,1.0,0,0.0,0.2826086956521739,0.0,0.7173913043478262,0.724657046420479,1.0,0.724657046420479,0.928106362343082,1.0,0.928106362343082,0.6793849447160752,1.0,0.6793849447160752,0.6536892622829525,1,human,3,0,0,1,0,1,1,1,0,3,1,non-human,out-of-fold,review,1.0
815733708,josepopinion,male,1.0,0,1.0,0.8130081300813008,1.0,0.8130081300813008,0.48848161708611243,0.0,0.5115183829138876,0.009396925047739329,0.0,0.9906030749522606,0.3932066357935974,0.0,0.6067933642064026,0.4260233270021875,0,non-human,3,0,0,1,0,1,1,1,0,3,1,human,out-of-fold,review,1.0
815733737,ejpmonline,male,1.0,0,1.0,0.2826086956521739,0.0,0.7173913043478262,0.6842597800969786,1.0,0.6842597800969786,0.1308241011788372,0.0,0.8691758988211629,0.33411780660984225,0.0,0.6658821933901578,0.357952595884458,0,non-human,3,1,0,0,0,1,1,1,0,3,1,human,out-of-fold,review,1.0
815733903,mountainbuggy,brand,1.0,0,0.0,0.5247148288973384,0.0,0.47528517110266155,0.6488344402730074,1.0,0.6488344402730074,0.822620192526518,1.0,0.822620192526518,0.7200557377705508,1.0,0.7200557377705508,0.6790562998668537,1,human,3,0,0,1,0,1,1,1,0,3,1,non-human,out-of-fold,review,1.0
815733922,MeiMeiMemeMe,brand,1.0,0,0.0,0.5792682926829268,1.0,0.5792682926829268,0.742714139587466,1.0,0.742714139587466,0.0371752912961286,0.0,0.9628247087038714,0.8623624118878158,1.0,0.8623624118878158,0.5553800338635843,1,human,3,1,0,1,0,0,0,1,1,3,1,non-human,out-of-fold,review,1.0
815733943,R_Meditation,brand,1.0,0,0.0,0.7096774193548387,1.0,0.7096774193548387,0.40194708582844363,0.0,0.5980529141715564,0.9999967151762468,1.0,0.9999967151762468,0.5450074939287131,1.0,0.5450074939287131,0.6641571785720606,1,human,3,1,0,0,0,1,1,1,0,3,1,non-human,out-of-fold,review,1.0
815733997,2DENISE092,female,1.0,0,1.0,0.5735294117647058,1.0,0.5735294117647058,0.5759654490884484,0.0,0.4240345509115516,0.018486670517139193,0.0,0.9815133294828609,0.3988976850216051,0.0,0.601102314978395,0.39171980409797463,0,non-human,3,0,0,1,0,1,1,1,0,3,1,human,out-of-fold,review,1.0
815734011,tydrizzyy,male,1.0,0,1.0,0.42105263157894735,0.0,0.5789473684210527,0.7738270249328327,1.0,0.7738270249328327,0.035136129741189695,0.0,0.9648638702588103,0.36417922601479175,0.0,0.6358207739852082,0.3985487530669404,0,non-human,3,1,0,0,0,1,1,1,0,3,1,human,out-of-fold,review,1.0
815734078,novandogiantino,brand,1.0,0,0.0,0.2979865771812081,0.0,0.702013422818792,0.8227643786564451,1.0,0.8227643786564451,0.562559677359507,1.0,0.562559677359507,0.6654366122206906,1.0,0.6654366122206906,0.5871868113544627,1,human,3,0,0,1,1,1,0,1,0,3,1,non-human,out-of-fold,review,1.0
815734079,ocoeegt,brand,1.0,0,0.0,0.8,1.0,0.8,0.7600807520904752,1.0,0.7600807520904752,0.07334992989395342,0.0,0.9266500701060466,0.6804146366410835,1.0,0.6804146366410835,0.5784613296563781,1,human,3,1,1,1,0,0,0,1,0,3,1,non-human,out-of-fold,review,1.0
815734246,brsodaa,male,1.0,0,1.0,0.76,1.0,0.76,0.23900974919054785,0.0,0.7609902508094522,0.0003942569477811345,0.0,0.9996057430522188,0.5056467526475324,0.0,0.49435324735246755,0.37626268969646537,0,non-human,3,0,0,1,0,1,1,1,0,3,1,human,out-of-fold,review,1.0
815734262,MatchmakerPost,brand,1.0,0,0.0,0.3978201634877384,0.0,0.6021798365122616,0.6693010264679908,1.0,0.6693010264679908,0.8735432878946188,1.0,0.8735432878946188,0.6674741072774976,1.0,0.6674741072774976,0.6520346462819614,1,human,3,0,0,1,0,1,1,1,0,3,1,non-human,out-of-fold,review,1.0
815734293,MarshNinja,male,1.0,0,1.0,0.3448275862068966,0.0,0.6551724137931034,0.5553898883346672,0.0,0.4446101116653328,0.09006929131952335,0.0,0.9099307086804767,0.5520992676006097,1.0,0.5520992676006097,0.3855965083654242,0,non-human,3,1,0,1,0,1,1,0,0,3,1,human,out-of-fold,review,1.0
815734319,dgilliam29,male,1.0,0,1.0,0.7692307692307693,1.0,0.7692307692307693,0.30224008685726506,0.0,0.697759913142735,6.926769308233657e-05,0.0,0.9999307323069176,0.4396048637953374,0.0,0.5603951362046626,0.3777862468941135,0,non-human,3,0,0,1,0,1,1,1,0,3,1,human,out-of-fold,review,1.0
815734331,WhichUK,brand,1.0,0,0.0,0.5365853658536586,0.0,0.46341463414634143,0.6570044837136317,1.0,0.6570044837136317,0.9910400830549675,1.0,0.9910400830549675,0.7737554946215707,1.0,0.7737554946215707,0.7395963568109571,1,human,3,0,0,1,0,1,1,1,0,3,1,non-human,out-of-fold,review,1.0
815734341,TriSportWorld,brand,1.0,0,0.0,0.9210526315789473,1.0,0.9210526315789473,0.6360210033916833,1.0,0.6360210033916833,0.0032989756632489644,0.0,0.996701024336751,0.5589309740668463,1.0,0.5589309740668463,0.5298258961751815,1,human,3,1,1,1,0,0,0,1,0,3,1,non-human,out-of-fold,review,1.0
815734454,h_igoe,female,1.0,0,1.0,0.3978201634877384,0.0,0.6021798365122616,0.5798987626940741,0.0,0.42010123730592586,0.007109539983396648,0.0,0.9928904600166033,0.5823438549035539,1.0,0.5823438549035539,0.3917930802671908,0,non-human,3,1,0,1,0,1,1,0,0,3,1,human,out-of-fold,review,1.0
815734477,BibleUplifting,brand,1.0,0,0.0,0.9041095890410958,1.0,0.9041095890410958,0.771368702597815,1.0,0.771368702597815,0.0626791723897713,0.0,0.9373208276102287,0.702932069563962,1.0,0.702932069563962,0.610272383398161,1,human,3,1,1,1,0,0,0,1,0,3,1,non-human,out-of-fold,review,1.0
815734483,LPollack4,female,1.0,0,1.0,0.5764705882352941,1.0,0.5764705882352941,0.5571008408502912,0.0,0.4428991591497088,0.04655278979789768,0.0,0.9534472102021023,0.5263392969653412,0.0,0.4736607030346588,0.426615878962206,0,non-human,3,0,0,1,0,1,1,1,0,3,1,human,out-of-fold,review,1.0
815734603,IAmBrunhofer,male,1.0,0,1.0,0.5967741935483871,1.0,0.5967741935483871,0.4251249082543321,0.0,0.574875091745668,2.5872741797523268e-05,0.0,0.9999741272582024,0.21849217200346244,0.0,0.7815078279965375,0.3101042866369948,0,non-human,3,0,0,1,0,1,1,1,0,3,1,human,out-of-fold,review,1.0
815734761,CuratorLucy,female,1.0,0,1.0,0.3665338645418327,0.0,0.6334661354581673,0.47685099042913387,0.0,0.5231490095708662,0.03569966793638223,0.0,0.9643003320636178,0.5912983305567051,1.0,0.5912983305567051,0.3675957133660135,0,non-human,3,1,0,1,0,1,1,0,0,3,1,human,out-of-fold,review,1.0
815734768,JessicaThePoet,female,1.0,0,1.0,0.4,0.0,0.6,0.6344754790285287,1.0,0.6344754790285287,0.022759438130452878,0.0,0.9772405618695471,0.5176180327068218,0.0,0.48238196729317817,0.39371323746645087,0,non-human,3,1,0,0,0,1,1,1,0,3,1,human,out-of-fold,review,1.0
815734770,DCRPoker,brand,1.0,0,0.0,0.7902097902097902,1.0,0.7902097902097902,0.7662185519220821,1.0,0.7662185519220821,0.8876929943498083,1.0,0.8876929943498083,0.4756427786616635,0.0,0.5243572213383365,0.7299410287858361,1,human,3,1,0,1,0,1,1,0,0,3,1,non-human,out-of-fold,review,1.0
815734789,KinMAHER,male,1.0,0,1.0,0.9459459459459459,1.0,0.9459459459459459,0.5213167879793003,0.0,0.47868321202069974,0.04489878545803974,0.0,0.9551012145419603,0.5361070326125806,0.0,0.46389296738741936,0.5120671379989666,0,non-human,3,0,0,1,0,1,1,1,0,3,1,human,out-of-fold,review,1.0
815734864,scotthannah34,female,1.0,0,1.0,0.72,1.0,0.72,0.4976559591622314,0.0,0.5023440408377686,0.0012108380951797726,0.0,0.9987891619048203,0.5158992425608785,0.0,0.4841007574391215,0.4336915099545724,0,non-human,3,0,0,1,0,1,1,1,0,3,1,human,out-of-fold,review,1.0
815734871,antimaydan2,brand,1.0,0,0.0,1.0,1.0,1.0,0.7151683117397668,1.0,0.7151683117397668,0.09991108064915347,0.0,0.9000889193508466,0.7139645418866721,1.0,0.7139645418866721,0.632260983568898,1,human,3,1,1,1,0,0,0,1,0,3,1,non-human,out-of-fold,review,1.0
815734950,technews84,brand,1.0,0,0.0,0.5735294117647058,1.0,0.5735294117647058,0.7599569273076163,1.0,0.7599569273076163,0.9999357906247665,1.0,0.9999357906247665,0.5271507965131025,0.0,0.4728492034868975,0.7151432315525478,1,human,3,1,0,1,0,1,1,0,0,3,1,non-human,out-of-fold,review,1.0
815734969,LindaJOYchip,female,1.0,0,1.0,0.5769230769230769,1.0,0.5769230769230769,0.35299434353185477,0.0,0.6470056564681452,0.05681642824258149,0.0,0.9431835717574185,0.39761396598170967,0.0,0.6023860340182903,0.3460869536698057,0,non-human,3,0,0,1,0,1,1,1,0,3,1,human,out-of-fold,review,1.0
815735000,IndSuperLeague,brand,1.0,0,0.0,0.43478260869565216,0.0,0.5652173913043479,0.7804069651905127,1.0,0.7804069651905127,0.8940221287831994,1.0,0.8940221287831994,0.6403741217590798,1.0,0.6403741217590798,0.687396456107111,1,human,3,0,0,1,0,1,1,1,0,3,1,non-human,out-of-fold,review,1.0
815735067,josephdirk79,male,1.0,0,1.0,0.46405228758169936,0.0,0.5359477124183006,0.6558528007367238,1.0,0.6558528007367238,0.002208309347986915,0.0,0.9977916906520131,0.5053997818175927,0.0,0.4946002181824073,0.4068782948710007,0,non-human,3,1,0,0,0,1,1,1,0,3,1,human,out-of-fold,review,1.0
815735129,CaitlinDoornbos,female,1.0,0,1.0,0.5502958579881657,0.0,0.4497041420118343,0.6156197304567165,0.0,0.3843802695432835,0.06926515241259663,0.0,0.9307348475874033,0.5858687567607029,1.0,0.5858687567607029,0.4552623744045454,0,non-human,3,1,0,1,0,1,1,0,0,3,1,human,out-of-fold,review,1.0
815735142,denny_real,female,1.0,0,1.0,0.76,1.0,0.76,0.6187543337856892,0.0,0.3812456662143108,0.012782594156263028,0.0,0.987217405843737,0.40676713657198244,0.0,0.5932328634280175,0.44957601612848364,0,non-human,3,0,0,1,0,1,1,1,0,3,1,human,out-of-fold,review,1.0
815735158,PeterLindquist4,male,1.0,0,1.0,0.8133333333333334,1.0,0.8133333333333334,0.44479501475352373,0.0,0.5552049852464762,0.029117666715015936,0.0,0.9708823332849841,0.37141952274443346,0.0,0.6285804772555665,0.4146663843865766,0,non-human,3,0,0,1,0,1,1,1,0,3,1,human,out-of-fold,review,1.0
815735277,MTrainorDaily,female,1.0,0,1.0,0.6979166666666666,1.0,0.6979166666666666,0.37572301312201106,0.0,0.6242769868779889,0.0007188115781696053,0.0,0.9992811884218304,0.42993503254698784,0.0,0.5700649674530122,0.37607338097845877,0,non-human,3,0,0,1,0,1,1,1,0,3,1,human,out-of-fold,review,1.0
815735305,arturorocha,male,1.0,0,1.0,0.59375,1.0,0.59375,0.44682749012368245,0.0,0.5531725098763176,0.0010239641590726488,0.0,0.9989760358409273,0.4807557544607556,0.0,0.5192442455392444,0.3805893021858776,0,non-human,3,0,0,1,0,1,1,1,0,3,1,human,out-of-fold,review,1.0
815735354,SexyChallenges,brand,1.0,0,0.0,0.24953789279112754,0.0,0.7504621072088724,0.7611885318123542,1.0,0.7611885318123542,0.9999979314991101,1.0,0.9999979314991101,0.5917758857461309,1.0,0.5917758857461309,0.6506250604621806,1,human,3,0,0,1,0,1,1,1,0,3,1,non-human,out-of-fold,review,1.0
815735491,JosephDickerson,male,1.0,0,1.0,0.45,0.0,0.55,0.4987037945912352,0.0,0.5012962054087649,0.007172344221452031,0.0,0.9928276557785479,0.5821026873644738,1.0,0.5821026873644738,0.3844947065442903,0,non-human,3,1,0,1,0,1,1,0,0,3,1,human,out-of-fold,review,1.0
815735564,ElidaPPP,female,1.0,0,1.0,0.2899786780383795,0.0,0.7100213219616205,0.5425411524179058,0.0,0.4574588475820942,0.07609659493689251,0.0,0.9239034050631075,0.5866459782280671,1.0,0.5866459782280671,0.3738156009053112,0,non-human,3,1,0,1,0,1,1,0,0,3,1,human,out-of-fold,review,1.0
815735593,khushmanish,male,1.0,0,1.0,0.41379310344827586,0.0,0.5862068965517242,0.4288700432193227,0.0,0.5711299567806774,2.2575877482938278e-13,0.0,0.9999999999997743,0.5665693163322821,1.0,0.5665693163322821,0.35230811575002663,0,non-human,3,1,0,1,0,1,1,0,0,3,1,human,out-of-fold,review,1.0
815735667,JenniferB_RN,female,1.0,0,1.0,0.7164179104477612,1.0,0.7164179104477612,0.44141111182129217,0.0,0.5585888881787078,0.04301841973342727,0.0,0.9569815802665728,0.3936686150650374,0.0,0.6063313849349625,0.3986290142668795,0,non-human,3,0,0,1,0,1,1,1,0,3,1,human,out-of-fold,review,1.0
815735701,credit_car,brand,1.0,0,0.0,1.0,1.0,1.0,0.6487425890664412,1.0,0.6487425890664412,0.07933355420835005,0.0,0.9206664457916499,0.7038110823609389,1.0,0.7038110823609389,0.6079718064089326,1,human,3,1,1,1,0,0,0,1,0,3,1,non-human,out-of-fold,review,1.0
815735785,SachaIDK,male,1.0,0,1.0,0.3181818181818182,0.0,0.6818181818181819,0.9403300229700774,1.0,0.9403300229700774,0.03941476157352221,0.0,0.9605852384264778,0.4982268622559821,0.0,0.5017731377440179,0.44903836624535,0,non-human,3,1,0,0,0,1,1,1,0,3,1,human,out-of-fold,review,1.0
815735791,ShannaIDK,female,1.0,0,1.0,0.3225806451612903,0.0,0.6774193548387097,0.9322509901295325,1.0,0.9322509901295325,0.02342180007181007,0.0,0.97657819992819,0.40491429102815035,0.0,0.5950857089718496,0.4207919315976958,0,non-human,3,1,0,0,0,1,1,1,0,3,1,human,out-of-fold,review,1.0
815735816,BIGKeithMixshow,male,1.0,0,1.0,0.5502958579881657,0.0,0.4497041420118343,0.5894076389833525,0.0,0.41059236101664753,0.007530142375753883,0.0,0.9924698576242461,0.6202855606094869,1.0,0.6202855606094869,0.4418797999891897,0,non-human,3,1,0,1,0,1,1,0,0,3,1,human,out-of-fold,review,1.0
815735828,YvetteIDK,female,1.0,0,1.0,0.48148148148148145,0.0,0.5185185185185186,0.7427387245335284,1.0,0.7427387245335284,0.038212630722547776,0.0,0.9617873692774522,0.35341564227647465,0.0,0.6465843577235253,0.4039621197535081,0,non-human,3,1,0,0,0,1,1,1,0,3,1,human,out-of-fold,review,1.0
815735902,rocksvely,male,1.0,0,1.0,0.56,0.0,0.43999999999999995,0.5379991128222585,0.0,0.46200088717774146,2.2082257939881903e-89,0.0,1.0,0.769293611265485,1.0,0.769293611265485,0.4668231810219359,0,non-human,3,1,0,1,0,1,1,0,0,3,1,human,out-of-fold,review,1.0
815735933,SuxATChess,male,1.0,0,1.0,0.07407407407407407,0.0,0.9259259259259259,0.41808805174914554,0.0,0.5819119482508545,0.9311617260595062,1.0,0.9311617260595062,0.4015327180304266,0.0,0.5984672819695733,0.4562141424782881,0,non-human,3,1,1,1,0,0,0,1,0,3,1,human,out-of-fold,review,1.0
815735941,Brightree,brand,1.0,0,0.0,0.49047619047619045,0.0,0.5095238095238095,0.7148246670318739,1.0,0.7148246670318739,0.9397964368820617,1.0,0.9397964368820617,0.785327933426705,1.0,0.785327933426705,0.7326063069542078,1,human,3,0,0,1,0,1,1,1,0,3,1,non-human,out-of-fold,review,1.0
815736010,susie6xft,female,1.0,0,1.0,0.7755102040816326,1.0,0.7755102040816326,0.46541543221221193,0.0,0.5345845677877881,0.0002442345085695502,0.0,0.9997557654914304,0.47411302206360506,0.0,0.5258869779363949,0.4288207232165048,0,non-human,3,0,0,1,0,1,1,1,0,3,1,human,out-of-fold,review,1.0
815736052,TheMunSessionGT,male,1.0,0,1.0,0.25925925925925924,0.0,0.7407407407407407,0.5675834762576726,0.0,0.4324165237423274,0.019344547857979233,0.0,0.9806554521420208,0.7679747711106099,1.0,0.7679747711106099,0.4035405136213802,0,non-human,3,1,0,1,0,1,1,0,0,3,1,human,out-of-fold,review,1.0
815736133,IntegralYogaMag,brand,1.0,0,0.0,0.851063829787234,1.0,0.851063829787234,0.5318007428459639,0.0,0.4681992571540361,0.47597377384500017,1.0,0.47597377384500017,0.5747416836926766,1.0,0.5747416836926766,0.6083950075427187,1,human,3,1,1,0,0,1,0,1,0,3,1,non-human,out-of-fold,review,1.0
815736256,anonymous_7323,female,1.0,0,1.0,0.4,0.0,0.6,0.6252417149244954,0.0,0.37475828507550457,0.03197727105062166,0.0,0.9680227289493784,0.7264211545991616,1.0,0.7264211545991616,0.44591003514356964,0,non-human,3,1,0,1,0,1,1,0,0,3,1,human,out-of-fold,review,1.0
815736258,GerrardD,male,1.0,0,1.0,0.5502958579881657,0.0,0.4497041420118343,0.628549445662456,0.0,0.37145055433754404,6.1043539782165886e-27,0.0,1.0,0.5766774263785491,1.0,0.5766774263785491,0.43888068250729273,0,non-human,3,1,0,1,0,1,1,0,0,3,1,human,out-of-fold,review,1.0
815736268,Iranmusings,brand,1.0,0,0.0,0.8928571428571429,1.0,0.8928571428571429,0.6603874238315882,1.0,0.6603874238315882,0.0006677719541315904,0.0,0.9993322280458684,0.7123413980969129,1.0,0.7123413980969129,0.5665634341849439,1,human,3,1,1,1,0,0,0,1,0,3,1,non-human,out-of-fold,review,1.0
815736418,jithp,male,1.0,0,1.0,0.5263157894736842,0.0,0.4736842105263158,0.6222113173168754,0.0,0.3777886826831246,3.5458306066911353e-15,0.0,0.9999999999999964,0.5730159287038453,1.0,0.5730159287038453,0.4303857588736021,0,non-human,3,1,0,1,0,1,1,0,0,3,1,human,out-of-fold,review,1.0
815736465,JCL782,male,1.0,0,1.0,0.7037037037037037,1.0,0.7037037037037037,0.6028676932329172,0.0,0.3971323067670828,3.6380106888444093e-67,0.0,1.0,0.5315685835438692,0.0,0.46843141645613084,0.4595349951201225,0,non-human,3,0,0,1,0,1,1,1,0,3,1,human,out-of-fold,review,1.0
815736469,lolalissaa,female,1.0,0,1.0,0.6616161616161617,1.0,0.6616161616161617,0.5698696841290549,0.0,0.4301303158709451,0.09864577252336558,0.0,0.9013542274766344,0.39999975621146117,0.0,0.6000002437885388,0.4325328436200109,0,non-human,3,0,0,1,0,1,1,1,0,3,1,human,out-of-fold,review,1.0
815736490,CastletonSports,brand,1.0,0,0.0,0.6616161616161617,1.0,0.6616161616161617,0.677004495608587,1.0,0.677004495608587,0.9999984914340817,1.0,0.9999984914340817,0.2874706693087438,0.0,0.7125293306912561,0.6565224544918935,1,human,3,1,0,1,0,1,1,0,0,3,1,non-human,out-of-fold,review,1.0
815736519,netsolcares,brand,1.0,0,0.0,0.9722222222222222,1.0,0.9722222222222222,0.6651506454618958,1.0,0.6651506454618958,0.0027422196643559476,0.0,0.997257780335644,0.6051840613053673,1.0,0.6051840613053673,0.5613247871634602,1,human,3,1,1,1,0,0,0,1,0,3,1,non-human,out-of-fold,review,1.0
815736534,TheMunSession,male,1.0,0,1.0,0.5263157894736842,0.0,0.4736842105263158,0.3706394825960032,0.0,0.6293605174039968,0.0042400346465471285,0.0,0.9957599653534529,0.6564241627319886,1.0,0.6564241627319886,0.38940486736205576,0,non-human,3,1,0,1,0,1,1,0,0,3,1,human,out-of-fold,review,1.0
815736578,_LadyRhea_,female,1.0,0,1.0,0.49047619047619045,0.0,0.5095238095238095,0.43734581142837137,0.0,0.5626541885716286,8.943036887572219e-08,0.0,0.9999999105696311,0.5673368143753726,1.0,0.5673368143753726,0.3737897264275758,0,non-human,3,1,0,1,0,1,1,0,0,3,1,human,out-of-fold,review,1.0
815736702,MerMcErickson,female,1.0,0,1.0,0.39814814814814814,0.0,0.6018518518518519,0.6676768897535216,1.0,0.6676768897535216,9.536701215248181e-25,0.0,1.0,0.48517225547686144,0.0,0.5148277445231386,0.38774932334463275,0,non-human,3,1,0,0,0,1,1,1,0,3,1,human,out-of-fold,review,1.0
815736949,UKATStatus,brand,1.0,0,0.0,0.6388888888888888,1.0,0.6388888888888888,0.5821735361822115,0.0,0.41782646381778854,0.8769741667000234,1.0,0.8769741667000234,0.7642323239405127,1.0,0.7642323239405127,0.7155672289279091,1,human,3,1,0,0,0,1,1,1,0,3,1,non-human,out-of-fold,review,1.0
815736976,sulthinar,male,1.0,0,1.0,0.3181818181818182,0.0,0.6818181818181819,0.31726578475946304,0.0,0.6827342152405369,0.001596533777199801,0.0,0.9984034662228002,0.7528076724691402,1.0,0.7528076724691402,0.34746295229690527,0,non-human,3,1,0,1,0,1,1,0,0,3,1,human,out-of-fold,review,1.0
815736989,_JustRudeBoy,brand,1.0,0,0.0,0.48,0.0,0.52,0.7785599982773145,1.0,0.7785599982773145,0.93221919973618,1.0,0.93221919973618,0.7542131685140386,1.0,0.7542131685140386,0.7362480916318833,1,human,3,0,0,1,0,1,1,1,0,3,1,non-human,out-of-fold,review,1.0
815736990,club_musica173,brand,1.0,0,0.0,0.7142857142857143,1.0,0.7142857142857143,0.7851182505189824,1.0,0.7851182505189824,0.007213306778753699,0.0,0.9927866932212464,0.9318504956742896,1.0,0.9318504956742896,0.6096169418144349,1,human,3,1,0,1,0,0,0,1,1,3,1,non-human,out-of-fold,review,1.0
815737056,Alecucchi_,female,1.0,0,1.0,0.36,0.0,0.64,0.617153153490292,0.0,0.382846846509708,2.897158883403363e-05,0.0,0.9999710284111659,0.5562946507894876,1.0,0.5562946507894876,0.3833691939671534,0,non-human,3,1,0,1,0,1,1,0,0,3,1,human,out-of-fold,review,1.0
815737194,54MARIONDelaney,female,1.0,0,1.0,0.5764705882352941,1.0,0.5764705882352941,0.31166650004852386,0.0,0.6883334999514761,0.02341234505000728,0.0,0.9765876549499927,0.4044695859219398,0.0,0.5955304140780602,0.3290047548139413,0,non-human,3,0,0,1,0,1,1,1,0,3,1,human,out-of-fold,review,1.0
815737277,JMReflex,female,1.0,0,1.0,0.5901639344262295,1.0,0.5901639344262295,0.5031817643329076,0.0,0.4968182356670924,0.0022850821035996093,0.0,0.9977149178964004,0.3149592379870337,0.0,0.6850407620129664,0.35264750471244255,0,non-human,3,0,0,1,0,1,1,1,0,3,1,human,out-of-fold,review,1.0
815737297,_izabela__,female,1.0,0,1.0,0.5274725274725275,0.0,0.4725274725274725,0.7077904437552778,1.0,0.7077904437552778,0.05313996166327375,0.0,0.9468600383367263,0.4224422246546215,0.0,0.5775577753453784,0.42771128938642516,0,non-human,3,1,0,0,0,1,1,1,0,3,1,human,out-of-fold,review,1.0
815737314,TenthDRWho,male,1.0,0,1.0,0.5675675675675675,0.0,0.43243243243243246,0.7042579612190129,1.0,0.7042579612190129,0.06935408843387708,0.0,0.930645911566123,0.47073579699259593,0.0,0.5292642030074041,0.4529788535532634,0,non-human,3,1,0,0,0,1,1,1,0,3,1,human,out-of-fold,review,1.0
815737323,pnutbutterjones,male,1.0,0,1.0,0.717391304347826,1.0,0.717391304347826,0.5254713724384172,0.0,0.47452862756158276,0.0593076452182167,0.0,0.9406923547817833,0.429939023911828,0.0,0.5700609760881721,0.43302733647907193,0,non-human,3,0,0,1,0,1,1,1,0,3,1,human,out-of-fold,review,1.0
815737380,OMISOREKOLAJO,male,1.0,0,1.0,0.3281853281853282,0.0,0.6718146718146718,0.44280792970777155,0.0,0.5571920702922284,0.013520133362766432,0.0,0.9864798666372335,0.578625836394873,1.0,0.578625836394873,0.3407848069126848,0,non-human,3,1,0,1,0,1,1,0,0,3,1,human,out-of-fold,review,1.0
815737438,NickJBuckley,male,1.0,0,1.0,0.3665338645418327,0.0,0.6334661354581673,0.5432942368065056,0.0,0.45670576319349443,0.00010732293577122162,0.0,0.9998926770642288,0.5594466048206809,1.0,0.5594466048206809,0.3673455072761976,0,non-human,3,1,0,1,0,1,1,0,0,3,1,human,out-of-fold,review,1.0
815737521,OneClickAddicts,brand,1.0,0,0.0,0.7407407407407407,1.0,0.7407407407407407,0.6531181937345201,1.0,0.6531181937345201,0.11238460688484027,0.0,0.8876153931151597,0.9042059582569706,1.0,0.9042059582569706,0.6026123749042679,1,human,3,1,0,1,0,0,0,1,1,3,1,non-human,out-of-fold,review,1.0
815737530,topinsan,male,1.0,0,1.0,0.5769230769230769,1.0,0.5769230769230769,0.6166605192107536,0.0,0.3833394807892464,0.15843082261789643,0.0,0.8415691773821036,0.4192200417075762,0.0,0.5807799582924238,0.44280861511482583,0,non-human,3,0,0,1,0,1,1,1,0,3,1,human,out-of-fold,review,1.0
815737687,TMobileHelp,brand,1.0,0,0.0,0.9,1.0,0.9,0.6822808817366104,1.0,0.6822808817366104,0.01768425847370445,0.0,0.9823157415262955,0.6268434129929721,1.0,0.6268434129929721,0.5567021383008217,1,human,3,1,1,1,0,0,0,1,0,3,1,non-human,out-of-fold,review,1.0
815737780,swajih,female,1.0,0,1.0,0.5792682926829268,1.0,0.5792682926829268,0.4809126265634504,0.0,0.5190873734365495,0.0061014545604520295,0.0,0.9938985454395479,0.34564303416406,0.0,0.65435696583594,0.3529813519927223,0,non-human,3,0,0,1,0,1,1,1,0,3,1,human,out-of-fold,review,1.0
815737797,INeedAClone1,female,1.0,0,1.0,0.925,1.0,0.925,0.2981529014927488,0.0,0.7018470985072511,0.11746540160761028,0.0,0.8825345983923897,0.5029391657215142,0.0,0.4970608342784858,0.46088936720546836,0,non-human,3,0,0,1,0,1,1,1,0,3,1,human,out-of-fold,review,1.0
815737878,blackberryron,brand,1.0,0,0.0,0.5185185185185185,0.0,0.4814814814814815,0.7820413674050959,1.0,0.7820413674050959,0.8075517702009106,1.0,0.8075517702009106,0.5565231103452741,1.0,0.5565231103452741,0.6661586916174498,1,human,3,0,0,1,0,1,1,1,0,3,1,non-human,out-of-fold,review,1.0
815737882,TheDavidCyclone,male,1.0,0,1.0,0.5502958579881657,0.0,0.4497041420118343,0.5035264477881858,0.0,0.4964735522118142,0.3108665271984129,1.0,0.3108665271984129,0.1525895879141003,0.0,0.8474104120858997,0.3793196052222162,0,non-human,3,1,0,1,0,0,0,1,1,3,1,human,out-of-fold,review,1.0
815737924,fuccidulcie,female,1.0,0,1.0,0.3123644251626898,0.0,0.6876355748373102,0.6701790936407007,1.0,0.6701790936407007,0.02051075599692372,0.0,0.9794892440030762,0.3025566974366112,0.0,0.6974433025633888,0.32640274305923134,0,non-human,3,1,0,0,0,1,1,1,0,3,1,human,out-of-fold,review,1.0
815737999,vier_lian,male,1.0,0,1.0,0.9459459459459459,1.0,0.9459459459459459,0.47026355790344976,0.0,0.5297364420965502,0.03993531223021668,0.0,0.9600646877697834,0.4742623291014988,0.0,0.5257376708985012,0.48260178629527783,0,non-human,3,0,0,1,0,1,1,1,0,3,1,human,out-of-fold,review,1.0
815738164,bitcointonic,female,1.0,0,1.0,0.5769230769230769,1.0,0.5769230769230769,0.36411655978904744,0.0,0.6358834402109526,0.02073792910153717,0.0,0.9792620708984628,0.2799453063790266,0.0,0.7200546936209734,0.310430718048172,0,non-human,3,0,0,1,0,1,1,1,0,3,1,human,out-of-fold,review,1.0
815738231,tilly_moret,female,1.0,0,1.0,0.2979865771812081,0.0,0.702013422818792,0.693037502667288,1.0,0.693037502667288,0.058301921697089865,0.0,0.9416980783029101,0.47851647510348894,0.0,0.5214835248965111,0.38196061916226876,0,non-human,3,1,0,0,0,1,1,1,0,3,1,human,out-of-fold,review,1.0
815738379,SearchQuotes,brand,1.0,0,0.0,0.8565891472868217,1.0,0.8565891472868217,0.7221957316328401,1.0,0.7221957316328401,0.0933189729013012,0.0,0.9066810270986988,0.6546835082543702,1.0,0.6546835082543702,0.5816968400188333,1,human,3,1,1,1,0,0,0,1,0,3,1,non-human,out-of-fold,review,1.0
815738427,ThorThe_God,brand,1.0,0,0.0,0.9210526315789473,1.0,0.9210526315789473,0.6835050530043859,1.0,0.6835050530043859,0.25401637363713303,0.0,0.745983626362867,0.7959029121981241,1.0,0.7959029121981241,0.6636192426046477,1,human,3,1,1,1,0,0,0,1,0,3,1,non-human,out-of-fold,review,1.0
815738482,leahxmedina,female,1.0,0,1.0,0.5274725274725275,0.0,0.4725274725274725,0.6109278156187925,0.0,0.3890721843812075,0.0016737922018033582,0.0,0.9983262077981967,0.6043359565732014,1.0,0.6043359565732014,0.4361025229665812,0,non-human,3,1,0,1,0,1,1,0,0,3,1,human,out-of-fold,review,1.0
815738550,keltoncharles,male,1.0,0,1.0,0.24953789279112754,0.0,0.7504621072088724,0.6860247716953747,1.0,0.6860247716953747,0.17166821845060343,0.0,0.8283317815493966,0.4763391951593627,0.0,0.5236608048406373,0.3958925195241171,0,non-human,3,1,0,0,0,1,1,1,0,3,1,human,out-of-fold,review,1.0
815738608,tom_miho,male,1.0,0,1.0,0.6875,1.0,0.6875,0.6077527483775896,0.0,0.39224725162241036,0.00037397596132173773,0.0,0.9996260240386783,0.4013871225595298,0.0,0.5986128774404702,0.4242534617246103,0,non-human,3,0,0,1,0,1,1,1,0,3,1,human,out-of-fold,review,1.0
815738639,rhemalog,female,1.0,0,1.0,0.15151515151515152,0.0,0.8484848484848485,0.4338475564843808,0.0,0.5661524435156192,0.33399679747467975,1.0,0.33399679747467975,0.38738274027880565,0.0,0.6126172597211943,0.32668556143825445,0,non-human,3,1,1,1,0,0,0,1,0,3,1,human,out-of-fold,review,1.0
815738673,ThomasBiladeau1,male,1.0,0,1.0,0.5735294117647058,1.0,0.5735294117647058,0.3851687106288829,0.0,0.6148312893711171,0.10985186100757076,0.0,0.8901481389924293,0.4818738147192265,0.0,0.5181261852807735,0.3876059495300965,0,non-human,3,0,0,1,0,1,1,1,0,3,1,human,out-of-fold,review,1.0
815738689,nechristian,brand,1.0,0,0.0,0.8843537414965986,1.0,0.8843537414965986,0.7606104797361153,1.0,0.7606104797361153,6.679921110797315e-05,0.0,0.999933200788892,0.7229179508505125,1.0,0.7229179508505125,0.5919872428235836,1,human,3,1,1,1,0,0,0,1,0,3,1,non-human,out-of-fold,review,1.0
815738707,JAXSmallBiz,female,1.0,0,1.0,0.20987654320987653,0.0,0.7901234567901234,0.616615789776978,0.0,0.38338421022302205,0.9999494253372028,1.0,0.9999494253372028,0.1010492630689252,0.0,0.8989507369310747,0.48187275534824564,0,non-human,3,1,0,1,0,0,0,1,1,3,1,human,out-of-fold,review,1.0
815738734,ARMANDRZSNTBNZ,brand,1.0,0,0.0,0.9047619047619048,1.0,0.9047619047619048,0.6957042813390372,1.0,0.6957042813390372,0.09922792050064574,0.0,0.9007720794993542,0.6134095854458215,1.0,0.6134095854458215,0.5782759230118523,1,human,3,1,1,1,0,0,0,1,0,3,1,non-human,out-of-fold,review,1.0
815738772,jenniequez,female,1.0,0,1.0,0.603448275862069,1.0,0.603448275862069,0.6001798014989075,0.0,0.3998201985010925,0.0013487097633265415,0.0,0.9986512902366734,0.48539320656231916,0.0,0.5146067934376808,0.4225924984216555,0,non-human,3,0,0,1,0,1,1,1,0,3,1,human,out-of-fold,review,1.0
815738783,anne_cranberry,female,1.0,0,1.0,0.8823529411764706,1.0,0.8823529411764706,0.6148513047805947,0.0,0.3851486952194053,0.01012991238543117,0.0,0.9898700876145688,0.5354371271036547,0.0,0.46456287289634535,0.5106928213615378,0,non-human,3,0,0,1,0,1,1,1,0,3,1,human,out-of-fold,review,1.0
815738831,Kulbarah,brand,1.0,0,0.0,0.47540983606557374,0.0,0.5245901639344263,0.6439364170854851,1.0,0.6439364170854851,0.9547018861929591,1.0,0.9547018861929591,0.6927062154344057,1.0,0.6927062154344057,0.6916885886946059,1,human,3,0,0,1,0,1,1,1,0,3,1,non-human,out-of-fold,review,1.0
815738832,AmitRelester,male,1.0,0,1.0,0.6704545454545454,1.0,0.6704545454545454,0.45524953423126113,0.0,0.5447504657687389,0.0960986164611587,0.0,0.9039013835388413,0.4548712852324594,0.0,0.5451287147675405,0.41916849534485623,0,non-human,3,0,0,1,0,1,1,1,0,3,1,human,out-of-fold,review,1.0
815738900,webandphp,brand,1.0,0,0.0,0.8,1.0,0.8,0.7033870342123002,1.0,0.7033870342123002,0.7575506930700978,1.0,0.7575506930700978,0.3998688793332907,0.0,0.6001311206667093,0.6652016516539222,1,human,3,1,1,1,0,1,0,0,0,3,1,non-human,out-of-fold,review,1.0
815738973,lizquenhealth,female,1.0,0,1.0,0.603448275862069,1.0,0.603448275862069,0.36292059189446046,0.0,0.6370794081055395,0.0007165819011458284,0.0,0.9992834180988541,0.5281027715514338,0.0,0.4718972284485662,0.37379705530227725,0,non-human,3,0,0,1,0,1,1,1,0,3,1,human,out-of-fold,review,1.0
815738983,lizquenfacts,brand,1.0,0,0.0,0.6666666666666666,1.0,0.6666666666666666,1.0,1.0,1.0,0.0033288234221369286,0.0,0.9966711765778631,0.5845270685143539,1.0,0.5845270685143539,0.5636306396507893,1,human,3,1,0,1,1,0,0,1,0,3,1,non-human,out-of-fold,review,1.0
815739000,HuddsCarpet,brand,1.0,0,0.0,0.1111111111111111,0.0,0.8888888888888888,0.7804380931664069,1.0,0.7804380931664069,0.9800205689819301,1.0,0.9800205689819301,0.5638210878499056,1.0,0.5638210878499056,0.6088477152773384,1,human,3,0,0,1,0,1,1,1,0,3,1,non-human,out-of-fold,review,1.0
815739229,PaulaInDelaware,female,1.0,0,1.0,0.65625,1.0,0.65625,0.32677729228672747,0.0,0.6732227077132725,0.014707014337975973,0.0,0.9852929856620241,0.3474490663109881,0.0,0.6525509336890118,0.33629584323392286,0,non-human,3,0,0,1,0,1,1,1,0,3,1,human,out-of-fold,review,1.0
815739446,JamilaHanan,female,1.0,0,1.0,0.5333333333333333,0.0,0.4666666666666667,0.6108752590157207,0.0,0.3891247409842793,0.010994312105847361,0.0,0.9890056878941527,0.7443866735385122,1.0,0.7443866735385122,0.47489739449835344,0,non-human,3,1,0,1,0,1,1,0,0,3,1,human,out-of-fold,review,1.0
815739458,footybrasileiro,male,1.0,0,1.0,0.7073170731707317,1.0,0.7073170731707317,0.546746744612921,0.0,0.45325325538707895,0.0005849039186451205,0.0,0.9994150960813549,0.4959168766041248,0.0,0.5040831233958751,0.4376413995766057,0,non-human,3,0,0,1,0,1,1,1,0,3,1,human,out-of-fold,review,1.0
815739501,GrayRanier,male,1.0,0,1.0,0.5547445255474452,0.0,0.44525547445255476,0.6671243001022567,1.0,0.6671243001022567,0.010660051552422768,0.0,0.9893399484475772,0.2366028644152969,0.0,0.7633971355847031,0.36728293540435536,0,non-human,3,1,0,0,0,1,1,1,0,3,1,human,out-of-fold,review,1.0
815739524,mooneydev,brand,1.0,0,0.0,0.7142857142857143,1.0,0.7142857142857143,0.8143743582116627,1.0,0.8143743582116627,0.011212182499480682,0.0,0.9887878175005194,0.7953478744100411,1.0,0.7953478744100411,0.5838050323517247,1,human,3,1,0,1,1,0,0,1,0,3,1,non-human,out-of-fold,review,1.0
815724484,marta_malik99,female,0.3435,0,1.0,0.46938775510204084,0.0,0.5306122448979591,0.5641648842478262,0.0,0.4358351157521738,0.24031797450802103,0.0,0.7596820254919789,0.4409697981718577,0.0,0.5590302018281423,0.42871010300743645,0,non-human,4,1,0,1,0,1,0,1,0,4,0,human,held-out candidate,review,0.3435
815735529,Wale_Hero,brand,0.6586,0,0.0,0.7163120567375887,1.0,0.7163120567375887,0.7882269958079225,1.0,0.7882269958079225,0.3839092895118562,1.0,0.3839092895118562,0.7061844401966182,1.0,0.7061844401966182,0.6486581955634965,1,human,4,1,0,1,0,1,0,1,0,4,0,non-human,held-out candidate,review,0.6586
815737175,Guitar666Guitar,brand,0.6589,0,0.0,0.6410256410256411,1.0,0.6410256410256411,0.6749341834783396,1.0,0.6749341834783396,0.6481015821594459,1.0,0.6481015821594459,0.7642661466569195,1.0,0.7642661466569195,0.6820818883300865,1,human,4,1,0,1,0,1,0,1,0,4,0,non-human,held-out candidate,review,0.6589
815723673,StationarySpace,brand,0.66,0,0.0,0.7906976744186046,1.0,0.7906976744186046,0.7467433645642881,1.0,0.7467433645642881,0.7232154251717401,1.0,0.7232154251717401,0.7372977722387783,1.0,0.7372977722387783,0.7494885590983529,1,human,4,1,0,1,0,1,0,1,0,4,0,non-human,held-out candidate,review,0.66
815723489,MtnDewFan69,brand,0.6682,0,0.0,0.7407407407407407,1.0,0.7407407407407407,0.6869746981106853,1.0,0.6869746981106853,0.7629264932804682,1.0,0.7629264932804682,0.6998480896052853,1.0,0.6998480896052853,0.7226225054342948,1,human,4,1,0,1,0,1,0,1,0,4,0,non-human,held-out candidate,review,0.6682
815737972,SOVIETAESTHETIC,brand,0.669,0,0.0,0.6136363636363636,1.0,0.6136363636363636,0.7710130395344315,1.0,0.7710130395344315,0.4355280626164202,1.0,0.4355280626164202,0.7997382810925282,1.0,0.7997382810925282,0.6549789367199359,1,human,4,1,0,1,0,1,0,1,0,4,0,non-human,held-out candidate,review,0.669
815736579,CryptoFranklin,male,0.6778,0,1.0,0.33984375,0.0,0.66015625,0.5101820332407729,0.0,0.48981796675922706,0.22138320739622147,0.0,0.7786167926037786,0.23220803995501163,0.0,0.7677919600449884,0.3259042576480015,0,non-human,4,1,0,1,0,1,0,1,0,4,0,human,held-out candidate,review,0.6778
815731225,MME_Greenville,brand,0.6831,0,0.0,0.7051282051282052,1.0,0.7051282051282052,0.7569967877845479,1.0,0.7569967877845479,0.4939424876129402,1.0,0.4939424876129402,0.7994771922416485,1.0,0.7994771922416485,0.6888861681918355,1,human,4,1,0,1,0,1,0,1,0,4,0,non-human,held-out candidate,review,0.6831
815719415,CristyMandy,female,1.0,0,1.0,0.3665338645418327,0.0,0.6334661354581673,0.3131084611976804,0.0,0.6868915388023196,0.2909768307956613,0.0,0.7090231692043387,0.48184711181186585,0.0,0.5181528881881341,0.36311656708676004,0,non-human,4,1,0,1,0,1,0,1,0,4,0,human,out-of-fold,review,1.0
815719836,VorongoUSA,brand,1.0,0,0.0,0.5792682926829268,1.0,0.5792682926829268,0.6827481874859921,1.0,0.6827481874859921,0.392321619785387,1.0,0.392321619785387,0.5784850921463502,1.0,0.5784850921463502,0.558205798025164,1,human,4,1,0,1,0,1,0,1,0,4,0,non-human,out-of-fold,review,1.0
815719954,rizeiz,male,1.0,0,1.0,0.42105263157894735,0.0,0.5789473684210527,0.51841601801289,0.0,0.48158398198711005,0.22339417110485857,0.0,0.7766058288951414,0.39220651915422355,0.0,0.6077934808457764,0.38876733496272986,0,non-human,4,1,0,1,0,1,0,1,0,4,0,human,out-of-fold,review,1.0
815720619,WGVUPublicMedia,brand,1.0,0,0.0,0.6857142857142857,1.0,0.6857142857142857,0.6584528472606239,1.0,0.6584528472606239,0.5475098939128186,1.0,0.5475098939128186,0.666436487575191,1.0,0.666436487575191,0.6395283786157298,1,human,4,1,0,1,0,1,0,1,0,4,0,non-human,out-of-fold,review,1.0
815720700,MarleneAgency,brand,1.0,0,0.0,0.7142857142857143,1.0,0.7142857142857143,0.7745354682618629,1.0,0.7745354682618629,0.6426573048358493,1.0,0.6426573048358493,0.7546205245474634,1.0,0.7546205245474634,0.7215247529827225,1,human,4,1,0,1,0,1,0,1,0,4,0,non-human,out-of-fold,review,1.0
815721354,GerryTokar,male,1.0,0,1.0,0.37866666666666665,0.0,0.6213333333333333,0.41858481988528495,0.0,0.581415180114715,0.21481315720613303,0.0,0.785186842793867,0.38321136807959644,0.0,0.6167886319204036,0.34881900295942025,0,non-human,4,1,0,1,0,1,0,1,0,4,0,human,out-of-fold,review,1.0
815722027,IAmDavidOsborn,male,1.0,0,1.0,0.3665338645418327,0.0,0.6334661354581673,0.5172057433689302,0.0,0.4827942566310698,0.22664012052524046,0.0,0.7733598794747596,0.5206532844141437,0.0,0.4793467155858563,0.4077582532125368,0,non-human,4,1,0,1,0,1,0,1,0,4,0,human,out-of-fold,review,1.0
815722483,SurvivalSelene,female,1.0,0,1.0,0.3978201634877384,0.0,0.6021798365122616,0.2402077273829372,0.0,0.7597922726170628,0.2946748560247293,0.0,0.7053251439752707,0.4922110709926939,0.0,0.5077889290073061,0.35622845447202467,0,non-human,4,1,0,1,0,1,0,1,0,4,0,human,out-of-fold,review,1.0
815723367,vambenepe,male,1.0,0,1.0,0.5365853658536586,0.0,0.46341463414634143,0.592269494273648,0.0,0.40773050572635205,0.30934373090120726,0.0,0.6906562690987927,0.5385173261684699,0.0,0.4614826738315301,0.4941789792992459,0,non-human,4,1,0,1,0,1,0,1,0,4,0,human,out-of-fold,review,1.0
815724630,Gossip9aija1,brand,1.0,0,0.0,0.5735294117647058,1.0,0.5735294117647058,0.7341233795084026,1.0,0.7341233795084026,0.45016573262676063,1.0,0.45016573262676063,0.5554827508816913,1.0,0.5554827508816913,0.5783253186953901,1,human,4,1,0,1,0,1,0,1,0,4,0,non-human,out-of-fold,review,1.0
815725704,hooplove215,brand,1.0,0,0.0,0.7631578947368421,1.0,0.7631578947368421,0.6632855496385697,1.0,0.6632855496385697,0.4633337380403328,1.0,0.4633337380403328,0.6195469989279729,1.0,0.6195469989279729,0.6273310453359294,1,human,4,1,0,1,0,1,0,1,0,4,0,non-human,out-of-fold,review,1.0
815727803,MSKShepard,female,1.0,0,1.0,0.48951048951048953,0.0,0.5104895104895104,0.4713113756457841,0.0,0.5286886243542159,0.2557135494828413,0.0,0.7442864505171587,0.48148928966979715,0.0,0.5185107103302029,0.424506176077228,0,non-human,4,1,0,1,0,1,0,1,0,4,0,human,out-of-fold,review,1.0
815727825,RobindraMohar,male,1.0,0,1.0,0.48134328358208955,0.0,0.5186567164179104,0.5891765721305806,0.0,0.4108234278694194,0.2684973517915617,0.0,0.7315026482084384,0.5216116097804937,0.0,0.4783883902195063,0.46515720432118135,0,non-human,4,1,0,1,0,1,0,1,0,4,0,human,out-of-fold,review,1.0
815727900,WEAREMANDOWN,male,1.0,0,1.0,0.3123644251626898,0.0,0.6876355748373102,0.43245950246096304,0.0,0.567540497539037,0.22173124338925662,0.0,0.7782687566107434,0.47087919472827755,0.0,0.5291208052717224,0.35935859143529675,0,non-human,4,1,0,1,0,1,0,1,0,4,0,human,out-of-fold,review,1.0
815728367,jeremaineone,male,1.0,0,1.0,0.5,0.0,0.5,0.394097732618717,0.0,0.605902267381283,0.2588742781590428,0.0,0.7411257218409573,0.5071314367957948,0.0,0.49286856320420525,0.41502586189338864,0,non-human,4,1,0,1,0,1,0,1,0,4,0,human,out-of-fold,review,1.0
815728554,Killakestrel,male,1.0,0,1.0,0.38926174496644295,0.0,0.610738255033557,0.4263610934706666,0.0,0.5736389065293335,0.2514985835091072,0.0,0.7485014164908927,0.33540043947947973,0.0,0.6645995605205203,0.35063046535642417,0,non-human,4,1,0,1,0,1,0,1,0,4,0,human,out-of-fold,review,1.0
815728873,PetrovichDoug,male,1.0,0,1.0,0.48672566371681414,0.0,0.5132743362831859,0.5639787515937492,0.0,0.4360212484062508,0.20632882961887217,0.0,0.7936711703811279,0.414087343849608,0.0,0.585912656150392,0.41778014719476086,0,non-human,4,1,0,1,0,1,0,1,0,4,0,human,out-of-fold,review,1.0
815729068,MatlabKiDunya,female,1.0,0,1.0,0.4375,0.0,0.5625,0.5605955309461313,0.0,0.43940446905386865,0.28672888006728214,0.0,0.7132711199327179,0.5326562883138879,0.0,0.4673437116861121,0.45437017483182535,0,non-human,4,1,0,1,0,1,0,1,0,4,0,human,out-of-fold,review,1.0
815730224,museumhour,brand,1.0,0,0.0,0.7881944444444444,1.0,0.7881944444444444,0.7088758257560193,1.0,0.7088758257560193,0.634537488517831,1.0,0.634537488517831,0.720753970752701,1.0,0.720753970752701,0.7130904323677489,1,human,4,1,0,1,0,1,0,1,0,4,0,non-human,out-of-fold,review,1.0
815730297,Ericincontext,male,1.0,0,1.0,0.2564102564102564,0.0,0.7435897435897436,0.4114821488310608,0.0,0.5885178511689392,0.2544461261378387,0.0,0.7455538738621613,0.4952781944916014,0.0,0.5047218055083986,0.3544041814676893,0,non-human,4,1,0,1,0,1,0,1,0,4,0,human,out-of-fold,review,1.0
815731886,BlackMtnCBGs,male,1.0,0,1.0,0.2979865771812081,0.0,0.702013422818792,0.597249148525471,0.0,0.40275085147452905,0.2056786655297564,0.0,0.7943213344702436,0.37196600224349874,0.0,0.6280339977565013,0.36822009836998354,0,non-human,4,1,0,1,0,1,0,1,0,4,0,human,out-of-fold,review,1.0
815731975,CoachJFry,male,1.0,0,1.0,0.525,0.0,0.475,0.5137458328039236,0.0,0.4862541671960764,0.2583733088874052,0.0,0.7416266911125948,0.3882117062035882,0.0,0.6117882937964119,0.42133271197372923,0,non-human,4,1,0,1,0,1,0,1,0,4,0,human,out-of-fold,review,1.0
815732764,MaximaMaximum,female,1.0,0,1.0,0.3978201634877384,0.0,0.6021798365122616,0.45606848707486614,0.0,0.5439315129251339,0.2330362332844302,0.0,0.7669637667155698,0.37626270580828736,0.0,0.6237372941917126,0.3657968974138305,0,non-human,4,1,0,1,0,1,0,1,0,4,0,human,out-of-fold,review,1.0
815733066,Iovesays,brand,1.0,0,0.0,0.6428571428571429,1.0,0.6428571428571429,0.6422031803814329,1.0,0.6422031803814329,0.5691119825587685,1.0,0.5691119825587685,0.6175939345497152,1.0,0.6175939345497152,0.6179415600867648,1,human,4,1,0,1,0,1,0,1,0,4,0,non-human,out-of-fold,review,1.0
815733077,AndreaJMcDaniel,female,1.0,0,1.0,0.48134328358208955,0.0,0.5186567164179104,0.39075386868042483,0.0,0.6092461313195752,0.22442248899841843,0.0,0.7755775110015816,0.5396267638882872,0.0,0.46037323611171277,0.409036601287305,0,non-human,4,1,0,1,0,1,0,1,0,4,0,human,out-of-fold,review,1.0
815733086,HammeredSatin,brand,1.0,0,0.0,0.7281553398058253,1.0,0.7281553398058253,0.7294249198014426,1.0,0.7294249198014426,0.34777617760383195,1.0,0.34777617760383195,0.7838221677929021,1.0,0.7838221677929021,0.6472946512510005,1,human,4,1,0,1,0,1,0,1,0,4,0,non-human,out-of-fold,review,1.0
815733892,ralphsutton,male,1.0,0,1.0,0.48951048951048953,0.0,0.5104895104895104,0.5221219365105443,0.0,0.4778780634894557,0.25308097259032686,0.0,0.7469190274096731,0.26066622261911127,0.0,0.7393337773808888,0.381344905307618,0,non-human,4,1,0,1,0,1,0,1,0,4,0,human,out-of-fold,review,1.0
815734931,PharmSpc,brand,1.0,0,0.0,0.5967741935483871,1.0,0.5967741935483871,0.7211110312232196,1.0,0.7211110312232196,0.6175077739191346,1.0,0.6175077739191346,0.5609660900843083,1.0,0.5609660900843083,0.6240897721937624,1,human,4,1,0,1,0,1,0,1,0,4,0,non-human,out-of-fold,review,1.0
815734937,WelshBiz,brand,1.0,0,0.0,0.6630434782608695,1.0,0.6630434782608695,0.698004617756925,1.0,0.698004617756925,0.5462797565026667,1.0,0.5462797565026667,0.6373932418926167,1.0,0.6373932418926167,0.6361802736032695,1,human,4,1,0,1,0,1,0,1,0,4,0,non-human,out-of-fold,review,1.0
815735820,BOiisluiyi,male,1.0,0,1.0,0.48134328358208955,0.0,0.5186567164179104,0.3244876847104287,0.0,0.6755123152895712,0.21319059536877144,0.0,0.7868094046312286,0.38000072512611754,0.0,0.6199992748738825,0.34975557219685177,0,non-human,4,1,0,1,0,1,0,1,0,4,0,human,out-of-fold,review,1.0
815735876,oCarmenSandiego,female,1.0,0,1.0,0.3,0.0,0.7,0.3883700006050423,0.0,0.6116299993949577,0.28528287102177197,0.0,0.714717128978228,0.25264376251151294,0.0,0.747356237488487,0.3065741585345818,0,non-human,4,1,0,1,0,1,0,1,0,4,0,human,out-of-fold,review,1.0
815736371,WSNVioletVision,brand,1.0,0,0.0,0.6629213483146067,1.0,0.6629213483146067,0.7105008100015678,1.0,0.7105008100015678,0.7597246040771052,1.0,0.7597246040771052,0.6723691131207387,1.0,0.6723691131207387,0.7013789688785046,1,human,4,1,0,1,0,1,0,1,0,4,0,non-human,out-of-fold,review,1.0
815736709,Liebebelieber,male,1.0,0,1.0,0.2979865771812081,0.0,0.702013422818792,0.512724828734441,0.0,0.48727517126555897,0.30181005332756344,0.0,0.6981899466724366,0.29988259847989585,0.0,0.7001174015201042,0.35310101443077707,0,non-human,4,1,0,1,0,1,0,1,0,4,0,human,out-of-fold,review,1.0
815737122,musicinfuse,brand,1.0,0,0.0,0.5813953488372093,1.0,0.5813953488372093,0.6318508985821161,1.0,0.6318508985821161,0.6868001776497336,1.0,0.6868001776497336,0.7132539841906183,1.0,0.7132539841906183,0.6533251023149192,1,human,4,1,0,1,0,1,0,1,0,4,0,non-human,out-of-fold,review,1.0
815737204,elywixxx,female,1.0,0,1.0,0.2979865771812081,0.0,0.702013422818792,0.5745641146703092,0.0,0.4254358853296908,0.2649227723500689,0.0,0.7350772276499311,0.2609726739990058,0.0,0.7390273260009942,0.34961153455014804,0,non-human,4,1,0,1,0,1,0,1,0,4,0,human,out-of-fold,review,1.0
815737903,artisteslibrary,brand,1.0,0,0.0,0.5792682926829268,1.0,0.5792682926829268,0.7649783280154531,1.0,0.7649783280154531,0.585497251420081,1.0,0.585497251420081,0.5987279387713955,1.0,0.5987279387713955,0.6321179527224641,1,human,4,1,0,1,0,1,0,1,0,4,0,non-human,out-of-fold,review,1.0
815738050,dianegracely,female,1.0,0,1.0,0.37866666666666665,0.0,0.6213333333333333,0.3697121489666962,0.0,0.6302878510333039,0.23273328445781355,0.0,0.7672667155421864,0.26007019598893494,0.0,0.7399298040110651,0.31029557402002783,0,non-human,4,1,0,1,0,1,0,1,0,4,0,human,out-of-fold,review,1.0
815738626,Team_WillianID,male,1.0,0,1.0,0.24953789279112754,0.0,0.7504621072088724,0.473589948345104,0.0,0.526410051654896,0.24346647988153422,0.0,0.7565335201184658,0.3114701914977319,0.0,0.6885298085022681,0.3195161281288744,0,non-human,4,1,0,1,0,1,0,1,0,4,0,human,out-of-fold,review,1.0
815739055,PrimitiveLahote,male,1.0,0,1.0,0.42424242424242425,0.0,0.5757575757575757,0.6188177660311212,0.0,0.38118223396887885,0.2599458559730721,0.0,0.7400541440269279,0.41301720034229567,0.0,0.5869827996577044,0.4290058116472283,0,non-human,4,1,0,1,0,1,0,1,0,4,0,human,out-of-fold,review,1.0
815739194,GregoriaKarper,female,1.0,0,1.0,0.41304347826086957,0.0,0.5869565217391304,0.4192194368678128,0.0,0.5807805631321872,0.22089673420730452,0.0,0.7791032657926955,0.23226188193434408,0.0,0.767738118065656,0.32135538281758275,0,non-human,4,1,0,1,0,1,0,1,0,4,0,human,out-of-fold,review,1.0
815723555,GamsizYoutube,male,0.3286,0,1.0,0.33984375,0.0,0.66015625,0.3939861581306414,0.0,0.6060138418693586,0.4732087198660824,1.0,0.4732087198660824,0.5242979622334238,0.0,0.47570203776657616,0.4328341475575369,0,non-human,3,1,0,1,0,0,0,1,0,3,0,human,held-out candidate,review,0.3286
815739169,SabriCancino,male,0.3343,0,1.0,0.45652173913043476,0.0,0.5434782608695652,0.528620078729063,0.0,0.471379921270937,0.40323693765237445,1.0,0.40323693765237445,0.4694101472210748,0.0,0.5305898527789252,0.4644472256832367,0,non-human,3,1,0,1,0,0,0,1,0,3,0,human,held-out candidate,review,0.3343
815727983,black2_Bot,brand,0.3353,0,0.0,0.5833333333333334,1.0,0.5833333333333334,0.7640972119337001,1.0,0.7640972119337001,0.11230848641605282,0.0,0.8876915135839472,0.7739554105236282,1.0,0.7739554105236282,0.5584236105516787,1,human,3,1,0,1,0,0,0,1,0,3,0,non-human,held-out candidate,review,0.3353
815726073,RPMDocumentary,male,0.3469,0,1.0,0.33984375,0.0,0.66015625,0.4804375609296091,0.0,0.5195624390703909,0.999944555004663,1.0,0.999944555004663,0.44265816870216285,0.0,0.5573418312978371,0.5657210086591087,0,non-human,3,1,0,1,0,0,0,1,0,3,0,human,held-out candidate,review,0.3469
815735855,terselubungblog,brand,0.3541,0,0.0,0.7163120567375887,1.0,0.7163120567375887,0.6391119717528493,1.0,0.6391119717528493,0.7407121030746491,1.0,0.7407121030746491,0.27837248436860673,0.0,0.7216275156313933,0.5936271539834235,1,human,3,1,0,1,0,1,0,0,0,3,0,non-human,held-out candidate,review,0.3541
815721351,knicksnjh,male,0.3559,0,1.0,0.45652173913043476,0.0,0.5434782608695652,0.4736536206487944,0.0,0.5263463793512055,0.20121763905812284,0.0,0.7987823609418772,0.6146776461998456,1.0,0.6146776461998456,0.43651766125929936,0,non-human,3,1,0,1,0,1,0,0,0,3,0,human,held-out candidate,review,0.3559
815730697,JamieLarsons,male,0.6212,0,1.0,0.33984375,0.0,0.66015625,0.5305211567207467,0.0,0.46947884327925327,0.9999115222137572,1.0,0.9999115222137572,0.37151957667060326,0.0,0.6284804233293968,0.5604490014012768,0,non-human,3,1,0,1,0,0,0,1,0,3,0,human,held-out candidate,review,0.6212
815724207,LVPhotos,brand,0.6436,0,0.0,0.33984375,0.0,0.66015625,0.6771561840169174,1.0,0.6771561840169174,0.5186162278370366,1.0,0.5186162278370366,0.5499239776310012,1.0,0.5499239776310012,0.5213850348712388,1,human,3,0,0,1,0,1,0,1,0,3,0,non-human,held-out candidate,review,0.6436
815735873,LiOsterman,female,0.6444,0,1.0,0.2978723404255319,0.0,0.7021276595744681,0.569156767274401,0.0,0.430843232725599,0.33807786191780403,1.0,0.33807786191780403,0.4528418030761205,0.0,0.5471581969238795,0.4144871931734644,0,non-human,3,1,0,1,0,0,0,1,0,3,0,human,held-out candidate,review,0.6444
815727293,CyclingSurgeon,brand,0.6465,0,0.0,0.5185185185185185,0.0,0.4814814814814815,0.7836077156856635,1.0,0.7836077156856635,0.3825852960158646,1.0,0.3825852960158646,0.6041613779017581,1.0,0.6041613779017581,0.5722182270304512,1,human,3,0,0,1,0,1,0,1,0,3,0,non-human,held-out candidate,review,0.6465
815731207,louissrovers,brand,0.6516,0,0.0,0.7163120567375887,1.0,0.7163120567375887,0.5132604562282124,0.0,0.48673954377178763,0.4459090371487252,1.0,0.4459090371487252,0.5714354214418558,1.0,0.5714354214418558,0.5617292428890955,1,human,3,1,0,0,0,1,0,1,0,3,0,non-human,held-out candidate,review,0.6516
815728742,JebSource,male,0.6528,0,1.0,0.5251798561151079,0.0,0.47482014388489213,0.41450298655169365,0.0,0.5854970134483064,0.40130296717941527,1.0,0.40130296717941527,0.2844554992819209,0.0,0.7155445007180792,0.4063603272820344,0,non-human,3,1,0,1,0,0,0,1,0,3,0,human,held-out candidate,review,0.6528
815736079,Jinxzss,male,0.6538,0,1.0,0.2346368715083799,0.0,0.7653631284916201,0.6239036336506503,0.0,0.37609636634934973,0.9999999999921592,1.0,0.9999999999921592,0.4989360659879635,0.0,0.5010639340120365,0.5893691427847882,0,non-human,3,1,0,1,0,0,0,1,0,3,0,human,held-out candidate,review,0.6538
815722195,rodrigo,male,0.6551,0,1.0,0.375,0.0,0.625,0.627916167266368,0.0,0.372083832733632,0.26238445349051703,0.0,0.7376155465094829,0.5769822516862471,1.0,0.5769822516862471,0.46057071811078304,0,non-human,3,1,0,1,0,1,0,0,0,3,0,human,held-out candidate,review,0.6551
815725951,AFactorFitness,female,0.6569,0,1.0,0.33984375,0.0,0.66015625,0.5718732415848929,0.0,0.42812675841510706,0.9836945201631372,1.0,0.9836945201631372,0.2934585043687728,0.0,0.7065414956312273,0.5472175040292008,0,non-human,3,1,0,1,0,0,0,1,0,3,0,human,held-out candidate,review,0.6569
815728372,letsallcook,brand,0.6572,0,0.0,0.65,1.0,0.65,0.5711573052121548,0.0,0.4288426947878452,0.3467789233287637,1.0,0.3467789233287637,0.6514264018939655,1.0,0.6514264018939655,0.554840657608721,1,human,3,1,0,0,0,1,0,1,0,3,0,non-human,held-out candidate,review,0.6572
815737037,bobinvienne,male,0.6579,0,1.0,0.4634146341463415,0.0,0.5365853658536586,0.6224460961803723,0.0,0.3775539038196277,0.9035423711082825,1.0,0.9035423711082825,0.4665707665508743,0.0,0.5334292334491257,0.6139934669964676,0,non-human,3,1,0,1,0,0,0,1,0,3,0,human,held-out candidate,review,0.6579
815729322,luckjudgement,brand,0.658,0,0.0,0.6962025316455697,1.0,0.6962025316455697,0.7198137528318947,1.0,0.7198137528318947,0.46312762887876147,1.0,0.46312762887876147,0.5081792676370013,0.0,0.4918207323629987,0.5968307952483067,1,human,3,1,0,1,0,1,0,0,0,3,0,non-human,held-out candidate,review,0.658
815732088,CatalinaNYAN,female,0.6589,0,1.0,0.2978723404255319,0.0,0.7021276595744681,0.5152891577405219,0.0,0.48471084225947814,0.9909835945973856,1.0,0.9909835945973856,0.5000167451347588,0.0,0.4999832548652412,0.5760404594745495,0,non-human,3,1,0,1,0,0,0,1,0,3,0,human,held-out candidate,review,0.6589
815727925,SANTINI_SMS,brand,0.6612,0,0.0,0.5598958333333334,0.0,0.44010416666666663,0.7095014498195202,1.0,0.7095014498195202,0.7987362529224996,1.0,0.7987362529224996,0.6890034503557799,1.0,0.6890034503557799,0.6892842466077833,1,human,3,0,0,1,0,1,0,1,0,3,0,non-human,held-out candidate,review,0.6612
815725749,Florri_mua,female,0.6619,0,1.0,0.2962962962962963,0.0,0.7037037037037037,0.5089924268914374,0.0,0.4910075731085626,0.5833357890620976,1.0,0.5833357890620976,0.3340716060504857,0.0,0.6659283939495143,0.4306740295750793,0,non-human,3,1,0,1,0,0,0,1,0,3,0,human,held-out candidate,review,0.6619
815733358,The_Freak_Zone,brand,0.6625,0,0.0,0.6,1.0,0.6,0.7232927780895134,1.0,0.7232927780895134,0.0039037278813218853,0.0,0.9960962721186781,0.6216973216917232,1.0,0.6216973216917232,0.4872234569156396,1,human,3,1,0,1,0,0,0,1,0,3,0,non-human,held-out candidate,review,0.6625
815719296,ShitApolloYells,male,0.6628,0,1.0,0.2962962962962963,0.0,0.7037037037037037,0.6606470129146526,1.0,0.6606470129146526,0.2791311656652121,0.0,0.7208688343347879,0.37720234007544345,0.0,0.6227976599245566,0.4033192037379011,0,non-human,3,1,0,0,0,1,0,1,0,3,0,human,held-out candidate,review,0.6628
815734479,BusySqrrlPress,brand,0.6628,0,0.0,0.7906976744186046,1.0,0.7906976744186046,0.6410863481254018,1.0,0.6410863481254018,0.04426232531834061,0.0,0.9557376746816594,0.7967142939674305,1.0,0.7967142939674305,0.5681901604574444,1,human,3,1,0,1,0,0,0,1,0,3,0,non-human,held-out candidate,review,0.6628
815723375,flew72,brand,0.6633,0,0.0,0.64,1.0,0.64,0.6704732207875101,1.0,0.6704732207875101,0.04546244304204407,0.0,0.954537556957956,0.5779225024164787,1.0,0.5779225024164787,0.4834645415615082,1,human,3,1,0,1,0,0,0,1,0,3,0,non-human,held-out candidate,review,0.6633
815726889,ktweets18,brand,0.6638,0,0.0,0.6071428571428571,1.0,0.6071428571428571,0.6805493311381032,1.0,0.6805493311381032,1.9606006736460366e-71,0.0,1.0,0.7178424795885068,1.0,0.7178424795885068,0.5013836669673668,1,human,3,1,0,1,0,0,0,1,0,3,0,non-human,held-out candidate,review,0.6638
815734502,leomesii17,brand,0.6642,0,0.0,0.4,0.0,0.6,0.7184902554771885,1.0,0.7184902554771885,0.6206899456009896,1.0,0.6206899456009896,0.7880686962740079,1.0,0.7880686962740079,0.6318122243380465,1,human,3,0,0,1,0,1,0,1,0,3,0,non-human,held-out candidate,review,0.6642
815731833,EvolutionQA,brand,0.6643,0,0.0,0.45652173913043476,0.0,0.5434782608695652,0.7105888996174216,1.0,0.7105888996174216,0.3830145919577155,1.0,0.3830145919577155,0.7117886880309386,1.0,0.7117886880309386,0.5654784796841276,1,human,3,0,0,1,0,1,0,1,0,3,0,non-human,held-out candidate,review,0.6643
815722016,GoalsOfIBFs,female,0.6647,0,1.0,0.2978723404255319,0.0,0.7021276595744681,0.573180578190801,0.0,0.42681942180919896,0.8392743977670819,1.0,0.8392743977670819,0.35561423858480123,0.0,0.6443857614151988,0.5164853887420541,0,non-human,3,1,0,1,0,0,0,1,0,3,0,human,held-out candidate,review,0.6647
815719511,Mr_CaptnObvious,male,0.665,0,1.0,0.375,0.0,0.625,0.56838560863939,0.0,0.43161439136061,0.8129869006670575,1.0,0.8129869006670575,0.402943526799202,0.0,0.597056473200798,0.5398290090264124,0,non-human,3,1,0,1,0,0,0,1,0,3,0,human,held-out candidate,review,0.665
815724941,AudioBookRadio,brand,0.6651,0,0.0,0.2346368715083799,0.0,0.7653631284916201,0.6821879573925103,1.0,0.6821879573925103,0.4297514401358727,1.0,0.4297514401358727,0.7071796325159415,1.0,0.7071796325159415,0.5134389753881761,1,human,3,0,0,1,0,1,0,1,0,3,0,non-human,held-out candidate,review,0.6651
815728653,AviksitCodling,male,0.6653,0,1.0,0.2346368715083799,0.0,0.7653631284916201,0.5929643356242815,0.0,0.4070356643757185,0.5275550940717101,1.0,0.5275550940717101,0.2658043331102588,0.0,0.7341956668897411,0.4052401585786576,0,non-human,3,1,0,1,0,0,0,1,0,3,0,human,held-out candidate,review,0.6653
815731690,MichaelLosier,male,0.6656,0,1.0,0.5598958333333334,0.0,0.44010416666666663,0.6004307389062223,0.0,0.39956926109377766,0.5256027170272086,1.0,0.5256027170272086,0.3973151193746043,0.0,0.6026848806253957,0.5208111021603421,0,non-human,3,1,0,1,0,0,0,1,0,3,0,human,held-out candidate,review,0.6656
815721665,JonMartin68,male,0.6659,0,1.0,0.8169014084507042,1.0,0.8169014084507042,0.583869050994752,0.0,0.41613094900524805,0.23058651205952344,0.0,0.7694134879404766,0.2733293495979959,0.0,0.7266706504020042,0.47617158027574386,0,non-human,3,0,0,1,0,1,0,1,0,3,0,human,held-out candidate,review,0.6659
815723542,whatalves,female,0.6667,0,1.0,0.2978723404255319,0.0,0.7021276595744681,0.5579917863825646,0.0,0.44200821361743536,0.3590169085353471,1.0,0.3590169085353471,0.49590793807375805,0.0,0.5040920619262419,0.4276972433543004,0,non-human,3,1,0,1,0,0,0,1,0,3,0,human,held-out candidate,review,0.6667
815731831,Sydx_O,male,0.6667,0,1.0,0.45652173913043476,0.0,0.5434782608695652,0.606813204955554,0.0,0.393186795044446,0.9999999999997193,1.0,0.9999999999997193,0.2025729460627523,0.0,0.7974270539372477,0.566476972537115,0,non-human,3,1,0,1,0,0,0,1,0,3,0,human,held-out candidate,review,0.6667
815727981,SkiWoodyVail,male,0.6671,0,1.0,0.5251798561151079,0.0,0.47482014388489213,0.5023908692948841,0.0,0.4976091307051159,0.9948928833755063,1.0,0.9948928833755063,0.24855526918604792,0.0,0.751444730813952,0.5677547194928865,0,non-human,3,1,0,1,0,0,0,1,0,3,0,human,held-out candidate,review,0.6671
815721973,NeverAnother1,brand,0.6672,0,0.0,0.65,1.0,0.65,0.6674630189706641,1.0,0.6674630189706641,0.703898862998429,1.0,0.703898862998429,0.4691492374131324,0.0,0.5308507625868676,0.6226277798455564,1,human,3,1,0,1,0,1,0,0,0,3,0,non-human,held-out candidate,review,0.6672
815736668,Misology,male,0.6678,0,1.0,0.5598958333333334,0.0,0.44010416666666663,0.5725669823884029,0.0,0.42743301761159713,0.9857598118319844,1.0,0.9857598118319844,0.4961501450687568,0.0,0.5038498549312431,0.6535931931556193,0,non-human,3,1,0,1,0,0,0,1,0,3,0,human,held-out candidate,review,0.6678
815737847,ArleneBynonShow,female,0.6684,0,1.0,0.5598958333333334,0.0,0.44010416666666663,0.2816894737377172,0.0,0.7183105262622829,0.34714360428436414,1.0,0.34714360428436414,0.3949154672587243,0.0,0.6050845327412757,0.39591109465353475,0,non-human,3,1,0,1,0,0,0,1,0,3,0,human,held-out candidate,review,0.6684
815720793,glenichinosebot,brand,0.6688,0,0.0,0.7407407407407407,1.0,0.7407407407407407,0.6484659688675901,1.0,0.6484659688675901,0.7590191762423169,1.0,0.7590191762423169,0.3666938358078291,0.0,0.6333061641921709,0.6287299304146192,1,human,3,1,0,1,0,1,0,0,0,3,0,non-human,held-out candidate,review,0.6688
815726180,JROlsonEnt,male,0.6702,0,1.0,0.5251798561151079,0.0,0.47482014388489213,0.2863847382897124,0.0,0.7136152617102876,0.5867113348853683,1.0,0.5867113348853683,0.2582854569794298,0.0,0.7417145430205703,0.41414034656740456,0,non-human,3,1,0,1,0,0,0,1,0,3,0,human,held-out candidate,review,0.6702
815732656,CrashMcCloud,male,0.6705,0,1.0,0.5598958333333334,0.0,0.44010416666666663,0.5253177835506658,0.0,0.47468221644933417,0.4793489026680216,1.0,0.4793489026680216,0.46539393018288083,0.0,0.5346060698171191,0.5074891124337254,0,non-human,3,1,0,1,0,0,0,1,0,3,0,human,held-out candidate,review,0.6705
815735173,mulkrut,brand,0.6706,0,0.0,0.5555555555555556,0.0,0.4444444444444444,0.6919670394713423,1.0,0.6919670394713423,0.4736753551190514,1.0,0.4736753551190514,0.7945478174384061,1.0,0.7945478174384061,0.6289364418960889,1,human,3,0,0,1,0,1,0,1,0,3,0,non-human,held-out candidate,review,0.6706
815730716,Qadri_GM,brand,0.6707,0,0.0,0.7051282051282052,1.0,0.7051282051282052,0.7702468829741906,1.0,0.7702468829741906,0.44768185200518695,1.0,0.44768185200518695,0.5252183738161356,0.0,0.47478162618386444,0.6120688284809296,1,human,3,1,0,1,0,1,0,0,0,3,0,non-human,held-out candidate,review,0.6707
815719871,Sabatto24,brand,0.6722,0,0.0,0.6071428571428571,1.0,0.6071428571428571,0.6537631476818369,1.0,0.6537631476818369,4.603370430538275e-71,0.0,1.0,0.6339406569995191,1.0,0.6339406569995191,0.47371166545605325,1,human,3,1,0,1,0,0,0,1,0,3,0,non-human,held-out candidate,review,0.6722
815729438,NRobinsonVegan,male,0.6725,0,1.0,0.45652173913043476,0.0,0.5434782608695652,0.2893831539514951,0.0,0.710616846048505,0.39229387431370094,1.0,0.39229387431370094,0.2407828472490335,0.0,0.7592171527509665,0.34474540366116607,0,non-human,3,1,0,1,0,0,0,1,0,3,0,human,held-out candidate,review,0.6725
815731230,johnegolf,male,0.6737,0,1.0,0.5251798561151079,0.0,0.47482014388489213,0.6234027332668531,0.0,0.37659726673314686,0.21735526737528776,0.0,0.7826447326247122,0.8189215367571416,1.0,0.8189215367571416,0.5462148483785976,0,non-human,3,1,0,1,0,1,0,0,0,3,0,human,held-out candidate,review,0.6737
815734852,anabanana_swim,female,0.6739,0,1.0,0.33984375,0.0,0.66015625,0.5074268144461771,0.0,0.4925731855538229,0.32649996031276624,1.0,0.32649996031276624,0.5220297794843596,0.0,0.4779702205156404,0.42395007606082574,0,non-human,3,1,0,1,0,0,0,1,0,3,0,human,held-out candidate,review,0.6739
815722127,anthropobiology,male,0.6741,0,1.0,0.32,0.0,0.6799999999999999,0.6079041542125142,0.0,0.3920958457874858,0.3018655251468007,0.0,0.6981344748531992,0.6966304094973329,1.0,0.6966304094973329,0.481600022214162,0,non-human,3,1,0,1,0,1,0,0,0,3,0,human,held-out candidate,review,0.6741
815720772,utau_gyuhwa,female,0.6751,0,1.0,1.0,1.0,1.0,0.47123657935462443,0.0,0.5287634206453755,0.23305859878535437,0.0,0.7669414012146456,0.4710104940483419,0.0,0.5289895059516581,0.5438264180470802,0,non-human,3,0,0,1,0,1,0,1,0,3,0,human,held-out candidate,review,0.6751
815722047,Top_Notched,brand,0.676,0,0.0,0.16129032258064516,0.0,0.8387096774193549,0.7826232576223113,1.0,0.7826232576223113,0.6028554126402016,1.0,0.6028554126402016,0.7715695163690534,1.0,0.7715695163690534,0.5795846273030528,1,human,3,0,0,1,0,1,0,1,0,3,0,non-human,held-out candidate,review,0.676
815729729,D_Wekt,male,0.6764,0,1.0,0.5251798561151079,0.0,0.47482014388489213,0.5136553761631594,0.0,0.48634462383684063,0.4131179865725909,1.0,0.4131179865725909,0.23070290288677126,0.0,0.7692970971132287,0.42066403043440737,0,non-human,3,1,0,1,0,0,0,1,0,3,0,human,held-out candidate,review,0.6764
815738222,PRNews,brand,0.6766,0,0.0,0.65,1.0,0.65,0.6749704501405249,1.0,0.6749704501405249,0.681822368479327,1.0,0.681822368479327,0.5245216937815131,0.0,0.47547830621848686,0.6328286281003412,1,human,3,1,0,1,0,1,0,0,0,3,0,non-human,held-out candidate,review,0.6766
815720477,dianasdaily,female,0.6772,0,1.0,0.2978723404255319,0.0,0.7021276595744681,0.5578667412614081,0.0,0.4421332587385919,0.498118903933796,1.0,0.498118903933796,0.454185248040692,0.0,0.545814751959308,0.452010808415357,0,non-human,3,1,0,1,0,0,0,1,0,3,0,human,held-out candidate,review,0.6772
815722497,mommyofvillains,female,0.6773,0,1.0,0.45652173913043476,0.0,0.5434782608695652,0.5592877795889678,0.0,0.4407122204110322,0.9424411512697621,1.0,0.9424411512697621,0.5006402569220105,0.0,0.49935974307798947,0.6147227317277938,0,non-human,3,1,0,1,0,0,0,1,0,3,0,human,held-out candidate,review,0.6773
815738311,JovanR15,brand,0.6775,0,0.0,0.6071428571428571,1.0,0.6071428571428571,0.6840430214983937,1.0,0.6840430214983937,9.971817476238724e-71,0.0,1.0,0.7855065707680461,1.0,0.7855065707680461,0.5191731123523242,1,human,3,1,0,1,0,0,0,1,0,3,0,non-human,held-out candidate,review,0.6775
815725220,kismetceo,male,0.6787,0,1.0,0.5251798561151079,0.0,0.47482014388489213,0.5979502463212218,0.0,0.40204975367877815,0.8622358018497229,1.0,0.8622358018497229,0.5297331862373867,0.0,0.47026681376261326,0.6287747726308599,0,non-human,3,1,0,1,0,0,0,1,0,3,0,human,held-out candidate,review,0.6787
815737815,Music_metAIR,brand,0.6795,0,0.0,0.2346368715083799,0.0,0.7653631284916201,0.671836257555275,1.0,0.671836257555275,0.4955594617356679,1.0,0.4955594617356679,0.6186672916923684,1.0,0.6186672916923684,0.5051749706229228,1,human,3,0,0,1,0,1,0,1,0,3,0,non-human,held-out candidate,review,0.6795
815726557,Stray__Cat,male,0.6805,0,1.0,0.5251798561151079,0.0,0.47482014388489213,0.5277413629836039,0.0,0.47225863701639614,0.8881815756413292,1.0,0.8881815756413292,0.3983994638757768,0.0,0.6016005361242232,0.5848755646539544,0,non-human,3,1,0,1,0,0,0,1,0,3,0,human,held-out candidate,review,0.6805
815729341,JAHMADMUSIC,male,0.6805,0,1.0,0.5251798561151079,0.0,0.47482014388489213,0.5002162690470665,0.0,0.4997837309529335,0.9214135426338527,1.0,0.9214135426338527,0.45928189866929386,0.0,0.5407181013307061,0.6015228916163302,0,non-human,3,1,0,1,0,0,0,1,0,3,0,human,held-out candidate,review,0.6805
815723866,arodark,male,0.6814,0,1.0,0.5598958333333334,0.0,0.44010416666666663,0.5854711373559458,0.0,0.4145288626440542,0.8844481620342086,1.0,0.8844481620342086,0.2667822922429358,0.0,0.7332177077570642,0.5741493562416059,0,non-human,3,1,0,1,0,0,0,1,0,3,0,human,held-out candidate,review,0.6814
815722363,cmwealth,male,0.6853,0,1.0,0.5598958333333334,0.0,0.44010416666666663,0.6190190913868023,0.0,0.38098090861319767,0.999993363839138,1.0,0.999993363839138,0.24029780263346529,0.0,0.7597021973665348,0.6048015227981848,0,non-human,3,1,0,1,0,0,0,1,0,3,0,human,held-out candidate,review,0.6853
815726614,perfectmanbot,brand,0.6853,0,0.0,0.6136363636363636,1.0,0.6136363636363636,0.6760043997899408,1.0,0.6760043997899408,0.14146800540631263,0.0,0.8585319945936873,0.7291526753611304,1.0,0.7291526753611304,0.5400653610484368,1,human,3,1,0,1,0,0,0,1,0,3,0,non-human,held-out candidate,review,0.6853
815732591,totalconfushun,female,0.6864,0,1.0,0.3409090909090909,0.0,0.6590909090909092,0.3930754948961739,0.0,0.6069245051038261,0.6289382181922613,1.0,0.6289382181922613,0.2986748508189027,0.0,0.7013251491810972,0.4153994137041072,0,non-human,3,1,0,1,0,0,0,1,0,3,0,human,held-out candidate,review,0.6864
815739322,iAmNator,male,0.6865,0,1.0,0.2346368715083799,0.0,0.7653631284916201,0.4682651364973022,0.0,0.5317348635026977,0.6521475831051434,1.0,0.6521475831051434,0.46027421175097555,0.0,0.5397257882490245,0.45383095071545027,0,non-human,3,1,0,1,0,0,0,1,0,3,0,human,held-out candidate,review,0.6865
815721043,stevienaeyaert,male,0.6893,0,1.0,0.5598958333333334,0.0,0.44010416666666663,0.4670989970311142,0.0,0.5329010029688859,0.9247282603591076,1.0,0.9247282603591076,0.42506583686229427,0.0,0.5749341631377057,0.5941972318964623,0,non-human,3,1,0,1,0,0,0,1,0,3,0,human,held-out candidate,review,0.6893
815737819,searchmuse,male,0.6896,0,1.0,0.5251798561151079,0.0,0.47482014388489213,0.4154452107119342,0.0,0.5845547892880658,0.6457467820863912,1.0,0.6457467820863912,0.4134543783135144,0.0,0.5865456216864856,0.4999565568067369,0,non-human,3,1,0,1,0,0,0,1,0,3,0,human,held-out candidate,review,0.6896
815726799,Moam_x,male,0.6903,0,1.0,0.30434782608695654,0.0,0.6956521739130435,0.5026949126230539,0.0,0.4973050873769461,0.2113669268233125,0.0,0.7886330731766875,0.5900331918556547,1.0,0.5900331918556547,0.40211071434724444,0,non-human,3,1,0,1,0,1,0,0,0,3,0,human,held-out candidate,review,0.6903
815719233,RobinMeske,male,1.0,0,1.0,0.7902097902097902,1.0,0.7902097902097902,0.24348783032884855,0.0,0.7565121696711514,0.2182121015616539,0.0,0.7817878984383461,0.5323933409799502,0.0,0.46760665902004983,0.4460757657700607,0,non-human,3,0,0,1,0,1,0,1,0,3,0,human,out-of-fold,review,1.0
815719378,jenkoons,female,1.0,0,1.0,0.21052631578947367,0.0,0.7894736842105263,0.5576358084990646,0.0,0.4423641915009354,0.9843766220341407,1.0,0.9843766220341407,0.3952816335415657,0.0,0.6047183664584344,0.5369550949660612,0,non-human,3,1,0,1,0,0,0,1,0,3,0,human,out-of-fold,review,1.0
815719424,OnLocationEd,male,1.0,0,1.0,0.34615384615384615,0.0,0.6538461538461539,0.53053103176814,0.0,0.46946896823186,0.33906506890030785,1.0,0.33906506890030785,0.3814267964780632,0.0,0.6185732035219368,0.39929418582508935,0,non-human,3,1,0,1,0,0,0,1,0,3,0,human,out-of-fold,review,1.0
815719519,Atrapa_cocos,male,1.0,0,1.0,0.49047619047619045,0.0,0.5095238095238095,0.5523017110305254,0.0,0.4476982889694746,0.9506971573727975,1.0,0.9506971573727975,0.3540871019601887,0.0,0.6459128980398112,0.5868905402099255,0,non-human,3,1,0,1,0,0,0,1,0,3,0,human,out-of-fold,review,1.0
815719751,OneRxApp,brand,1.0,0,0.0,0.696969696969697,1.0,0.696969696969697,0.5225999782560043,0.0,0.47740002174399565,0.4185701064012005,1.0,0.4185701064012005,0.7609790013279515,1.0,0.7609790013279515,0.5997796957387134,1,human,3,1,0,0,0,1,0,1,0,3,0,non-human,out-of-fold,review,1.0
815720170,geekpryde,male,1.0,0,1.0,0.3906810035842294,0.0,0.6093189964157706,0.5968921643311162,0.0,0.40310783566888375,0.7933274072910314,1.0,0.7933274072910314,0.4206702123615097,0.0,0.5793297876384903,0.5503926968919717,0,non-human,3,1,0,1,0,0,0,1,0,3,0,human,out-of-fold,review,1.0
815720223,AlexCena_TX,male,1.0,0,1.0,0.3906810035842294,0.0,0.6093189964157706,0.43636150666732704,0.0,0.563638493332673,0.5490863226365934,1.0,0.5490863226365934,0.31975312601806455,0.0,0.6802468739819354,0.4239704897265536,0,non-human,3,1,0,1,0,0,0,1,0,3,0,human,out-of-fold,review,1.0
815720258,mpigliucci,male,1.0,0,1.0,0.3744292237442922,0.0,0.6255707762557078,0.4560028796056884,0.0,0.5439971203943116,0.41612011567509133,1.0,0.41612011567509133,0.490075735752003,0.0,0.509924264247997,0.4341569886942688,0,non-human,3,1,0,1,0,0,0,1,0,3,0,human,out-of-fold,review,1.0
815720360,HopeeQuen2,brand,1.0,0,0.0,0.6875,1.0,0.6875,0.7408989862710058,1.0,0.7408989862710058,0.0010663632823045366,0.0,0.9989336367176954,0.5809798257463753,1.0,0.5809798257463753,0.5026112938249214,1,human,3,1,0,1,0,0,0,1,0,3,0,non-human,out-of-fold,review,1.0
815720523,DailyCupOfMoe,male,1.0,0,1.0,0.2899786780383795,0.0,0.7100213219616205,0.6598410971993205,1.0,0.6598410971993205,0.21000098568190514,0.0,0.7899990143180948,0.30197116927021056,0.0,0.6980288307297895,0.3654479825474539,0,non-human,3,1,0,0,0,1,0,1,0,3,0,human,out-of-fold,review,1.0
815720561,SonnyFromTacoma,male,1.0,0,1.0,0.45,0.0,0.55,0.3357577403813669,0.0,0.664242259618633,0.7201128364951339,1.0,0.7201128364951339,0.4601192749085066,0.0,0.5398807250914934,0.49149746294625185,0,non-human,3,1,0,1,0,0,0,1,0,3,0,human,out-of-fold,review,1.0
815720714,simcoecountyEDO,brand,1.0,0,0.0,0.7448275862068966,1.0,0.7448275862068966,0.5983812520071469,0.0,0.40161874799285313,0.4685941047062243,1.0,0.4685941047062243,0.5437990252393479,1.0,0.5437990252393479,0.5889004920399039,1,human,3,1,0,0,0,1,0,1,0,3,0,non-human,out-of-fold,review,1.0
815720750,ILKidsCampaign,brand,1.0,0,0.0,0.3906810035842294,0.0,0.6093189964157706,0.7308856747372474,1.0,0.7308856747372474,0.769371413589716,1.0,0.769371413589716,0.5616797299833792,1.0,0.5616797299833792,0.613154455473643,1,human,3,0,0,1,0,1,0,1,0,3,0,non-human,out-of-fold,review,1.0
815720779,pdacosta,male,1.0,0,1.0,0.40625,0.0,0.59375,0.5377528006141254,0.0,0.46224719938587455,0.6119258968336934,1.0,0.6119258968336934,0.46792356789682393,0.0,0.5320764321031761,0.5059630663361607,0,non-human,3,1,0,1,0,0,0,1,0,3,0,human,out-of-fold,review,1.0
815720802,CursedByNature_,female,1.0,0,1.0,0.3665338645418327,0.0,0.6334661354581673,0.6214658443362419,0.0,0.37853415566375814,0.9035470471467704,1.0,0.9035470471467704,0.4580682559515259,0.0,0.5419317440484741,0.5874037529940928,0,non-human,3,1,0,1,0,0,0,1,0,3,0,human,out-of-fold,review,1.0
815720814,iamakhilsharmaa,male,1.0,0,1.0,0.6470588235294118,1.0,0.6470588235294118,0.43279002604972555,0.0,0.5672099739502745,0.24644399623657898,0.0,0.753556003763421,0.32634248325048165,0.0,0.6736575167495183,0.4131588322665495,0,non-human,3,0,0,1,0,1,0,1,0,3,0,human,out-of-fold,review,1.0
815720840,KYC_2020,brand,1.0,0,0.0,0.7692307692307693,1.0,0.7692307692307693,0.7536308077033228,1.0,0.7536308077033228,0.26981400536420824,0.0,0.7301859946357918,0.7405986817300166,1.0,0.7405986817300166,0.6333185660070793,1,human,3,1,0,1,0,0,0,1,0,3,0,non-human,out-of-fold,review,1.0
815720849,JamesMaloneyVDC,male,1.0,0,1.0,0.2979865771812081,0.0,0.702013422818792,0.5180714384419374,0.0,0.48192856155806263,0.9723651438002928,1.0,0.9723651438002928,0.4097724107156876,0.0,0.5902275892843124,0.5495488925347815,0,non-human,3,1,0,1,0,0,0,1,0,3,0,human,out-of-fold,review,1.0
815720863,higheredrachel,female,1.0,0,1.0,0.525,0.0,0.475,0.5091150879556094,0.0,0.49088491204439055,0.6502859464130003,1.0,0.6502859464130003,0.4133830493711114,0.0,0.5866169506288885,0.5244460209349302,0,non-human,3,1,0,1,0,0,0,1,0,3,0,human,out-of-fold,review,1.0
815720922,viralmedialife,brand,1.0,0,0.0,0.6206896551724138,1.0,0.6206896551724138,0.6521685552974208,1.0,0.6521685552974208,0.013539560009216862,0.0,0.9864604399907831,0.5834069717231961,1.0,0.5834069717231961,0.467451185550562,1,human,3,1,0,1,0,0,0,1,0,3,0,non-human,out-of-fold,review,1.0
815721064,appsoncampus,brand,1.0,0,0.0,0.5445544554455446,0.0,0.4554455445544554,0.7589448119236125,1.0,0.7589448119236125,0.7854542873459722,1.0,0.7854542873459722,0.5647556732021058,1.0,0.5647556732021058,0.6634273069793087,1,human,3,0,0,1,0,1,0,1,0,3,0,non-human,out-of-fold,review,1.0
815721117,PrentoniaPSV,male,1.0,0,1.0,0.52,0.0,0.48,0.5889346005695669,0.0,0.4110653994304331,0.931999994966025,1.0,0.931999994966025,0.45699858950190525,0.0,0.5430014104980947,0.6244832962593743,0,non-human,3,1,0,1,0,0,0,1,0,3,0,human,out-of-fold,review,1.0
815721248,KailashPandiyan,male,1.0,0,1.0,0.2899786780383795,0.0,0.7100213219616205,0.501780736961248,0.0,0.49821926303875197,0.4293823442794737,1.0,0.4293823442794737,0.41381735851472645,0.0,0.5861826414852735,0.4087397794484569,0,non-human,3,1,0,1,0,0,0,1,0,3,0,human,out-of-fold,review,1.0
815721339,ChanceAustin,male,1.0,0,1.0,0.7580645161290323,1.0,0.7580645161290323,0.373702532638273,0.0,0.626297467361727,0.2852538839311405,0.0,0.7147461160688595,0.2276588462638408,0.0,0.7723411537361592,0.41116994474057167,0,non-human,3,0,0,1,0,1,0,1,0,3,0,human,out-of-fold,review,1.0
815721487,dorothyandalice,female,1.0,0,1.0,0.43478260869565216,0.0,0.5652173913043479,0.48881365265732823,0.0,0.5111863473426718,0.3532340668298524,1.0,0.3532340668298524,0.5242115443766767,0.0,0.4757884556233233,0.4502604681398774,0,non-human,3,1,0,1,0,0,0,1,0,3,0,human,out-of-fold,review,1.0
815721648,andrew_topley,male,1.0,0,1.0,0.24953789279112754,0.0,0.7504621072088724,0.5734047585617135,0.0,0.42659524143828653,0.9377448661185187,1.0,0.9377448661185187,0.37109165240445685,0.0,0.6289083475955431,0.5329447924689542,0,non-human,3,1,0,1,0,0,0,1,0,3,0,human,out-of-fold,review,1.0
815721655,radioguyderek,male,1.0,0,1.0,0.2899786780383795,0.0,0.7100213219616205,0.44314348350202726,0.0,0.5568565164979727,0.43144433357012774,1.0,0.43144433357012774,0.341590746306184,0.0,0.658409253693816,0.37653931035417965,0,non-human,3,1,0,1,0,0,0,1,0,3,0,human,out-of-fold,review,1.0
815721691,dukpond,brand,1.0,0,0.0,0.7586206896551724,1.0,0.7586206896551724,0.6680065557726143,1.0,0.6680065557726143,0.0106621123523557,0.0,0.9893378876476443,0.6744903007722738,1.0,0.6744903007722738,0.527944914638104,1,human,3,1,0,1,0,0,0,1,0,3,0,non-human,out-of-fold,review,1.0
815721692,ZekesPGH,brand,1.0,0,0.0,0.7902097902097902,1.0,0.7902097902097902,0.5168459413458766,0.0,0.4831540586541234,0.6570055216340515,1.0,0.6570055216340515,0.607041877451053,1.0,0.607041877451053,0.6427757826601928,1,human,3,1,0,0,0,1,0,1,0,3,0,non-human,out-of-fold,review,1.0
815721773,henrylauws,male,1.0,0,1.0,0.5274725274725275,0.0,0.4725274725274725,0.4135256806543009,0.0,0.5864743193456992,0.24232108507686914,0.0,0.7576789149231309,0.7132189965673358,1.0,0.7132189965673358,0.47413457244275836,0,non-human,3,1,0,1,0,1,0,0,0,3,0,human,out-of-fold,review,1.0
815721796,TheTimeBot,brand,1.0,0,0.0,0.603448275862069,1.0,0.603448275862069,0.6999235357816437,1.0,0.6999235357816437,0.027178841884898972,0.0,0.9728211581151011,0.700813631750737,1.0,0.700813631750737,0.5078410713198371,1,human,3,1,0,1,0,0,0,1,0,3,0,non-human,out-of-fold,review,1.0
815721978,ntfc_trust,brand,1.0,0,0.0,0.6979166666666666,1.0,0.6979166666666666,0.7524218813641054,1.0,0.7524218813641054,0.15685033595407494,0.0,0.8431496640459251,0.5850867286829797,1.0,0.5850867286829797,0.5480689031669567,1,human,3,1,0,1,0,0,0,1,0,3,0,non-human,out-of-fold,review,1.0
815722031,naomiacbeckett,female,1.0,0,1.0,0.7837837837837838,1.0,0.7837837837837838,0.48005921107539173,0.0,0.5199407889246083,0.22631538597010967,0.0,0.7736846140298903,0.35452036741823234,0.0,0.6454796325817677,0.46116968706187933,0,non-human,3,0,0,1,0,1,0,1,0,3,0,human,out-of-fold,review,1.0
815722231,ISOTONIX187,male,1.0,0,1.0,0.34615384615384615,0.0,0.6538461538461539,0.47554258258943916,0.0,0.5244574174105608,0.31312931148070433,1.0,0.31312931148070433,0.435892850847968,0.0,0.564107149152032,0.3926796477679894,0,non-human,3,1,0,1,0,0,0,1,0,3,0,human,out-of-fold,review,1.0
815722436,BELFORGroup,brand,1.0,0,0.0,0.6616161616161617,1.0,0.6616161616161617,0.5047585320763568,0.0,0.4952414679236432,0.6945864784328405,1.0,0.6945864784328405,0.5427342275431325,1.0,0.5427342275431325,0.6009238499171229,1,human,3,1,0,0,0,1,0,1,0,3,0,non-human,out-of-fold,review,1.0
815722557,RamasScreen,brand,1.0,0,0.0,0.5945945945945946,1.0,0.5945945945945946,0.6713789303517155,1.0,0.6713789303517155,0.008741797016617108,0.0,0.9912582029833829,0.6479920649971045,1.0,0.6479920649971045,0.48067684674000793,1,human,3,1,0,1,0,0,0,1,0,3,0,non-human,out-of-fold,review,1.0
815722645,asnorton,male,1.0,0,1.0,0.2979865771812081,0.0,0.702013422818792,0.4240673096781862,0.0,0.5759326903218138,0.9716675335933782,1.0,0.9716675335933782,0.3115921544573812,0.0,0.6884078455426188,0.5013283937275383,0,non-human,3,1,0,1,0,0,0,1,0,3,0,human,out-of-fold,review,1.0
815722655,BNN_Television,brand,1.0,0,0.0,0.6616161616161617,1.0,0.6616161616161617,0.6449512121572241,1.0,0.6449512121572241,0.788525207399972,1.0,0.788525207399972,0.41150317515035256,0.0,0.5884968248496474,0.6266489390809276,1,human,3,1,0,1,0,1,0,0,0,3,0,non-human,out-of-fold,review,1.0
815722741,atknbck,male,1.0,0,1.0,0.5813953488372093,1.0,0.5813953488372093,0.3840536473244052,0.0,0.6159463526755948,0.25805782944825834,0.0,0.7419421705517417,0.4863036008324799,0.0,0.5136963991675201,0.4274526066105882,0,non-human,3,0,0,1,0,1,0,1,0,3,0,human,out-of-fold,review,1.0
815722783,engeljen,female,1.0,0,1.0,0.48951048951048953,0.0,0.5104895104895104,0.5328630645873953,0.0,0.4671369354126047,0.9999230863755182,1.0,0.9999230863755182,0.5054747777320926,0.0,0.4945252222679074,0.6319428545513739,0,non-human,3,1,0,1,0,0,0,1,0,3,0,human,out-of-fold,review,1.0
815722803,MJIannelli,male,1.0,0,1.0,0.49047619047619045,0.0,0.5095238095238095,0.4122821643652835,0.0,0.5877178356347166,0.7391634507406106,1.0,0.7391634507406106,0.5003881105177553,0.0,0.49961188948224466,0.53557747902496,0,non-human,3,1,0,1,0,0,0,1,0,3,0,human,out-of-fold,review,1.0
815722834,alphabetdomains,brand,1.0,0,0.0,0.5547445255474452,0.0,0.44525547445255476,0.6557385341719764,1.0,0.6557385341719764,0.31753979015975375,1.0,0.31753979015975375,0.6392634799667232,1.0,0.6392634799667232,0.5418215824614747,1,human,3,0,0,1,0,1,0,1,0,3,0,non-human,out-of-fold,review,1.0
815722982,Skinny_guyy,male,1.0,0,1.0,0.43478260869565216,0.0,0.5652173913043479,0.5002994534841634,0.0,0.4997005465158366,0.7596454620461831,1.0,0.7596454620461831,0.5396362667677013,0.0,0.46036373323229873,0.558590947748425,0,non-human,3,1,0,1,0,0,0,1,0,3,0,human,out-of-fold,review,1.0
815723172,ASAP_Nico5,male,1.0,0,1.0,0.3978201634877384,0.0,0.6021798365122616,0.36984565385047763,0.0,0.6301543461495224,0.9424992412465113,1.0,0.9424992412465113,0.4720519164605263,0.0,0.5279480835394736,0.5455542437613133,0,non-human,3,1,0,1,0,0,0,1,0,3,0,human,out-of-fold,review,1.0
815723282,Aaran_Grizzey,male,1.0,0,1.0,0.3281853281853282,0.0,0.6718146718146718,0.5660063630875924,0.0,0.43399363691240755,0.4333252745421246,1.0,0.4333252745421246,0.5268349785088156,0.0,0.47316502149118445,0.4635879860809652,0,non-human,3,1,0,1,0,0,0,1,0,3,0,human,out-of-fold,review,1.0
815723504,PittCareers,brand,1.0,0,0.0,0.5502958579881657,0.0,0.4497041420118343,0.7680455944438284,1.0,0.7680455944438284,0.5473092446676059,1.0,0.5473092446676059,0.6076532817442457,1.0,0.6076532817442457,0.6183259947109614,1,human,3,0,0,1,0,1,0,1,0,3,0,non-human,out-of-fold,review,1.0
815723525,ntvkenya,brand,1.0,0,0.0,0.5247148288973384,0.0,0.47528517110266155,0.6639666764679757,1.0,0.6639666764679757,0.7926660343459799,1.0,0.7926660343459799,0.6874068947490016,1.0,0.6874068947490016,0.6671886086150739,1,human,3,0,0,1,0,1,0,1,0,3,0,non-human,out-of-fold,review,1.0
815723528,iGODWINi,male,1.0,0,1.0,0.2979865771812081,0.0,0.702013422818792,0.42595038646375744,0.0,0.5740496135362425,0.41613481978449346,1.0,0.41613481978449346,0.4189370831459966,0.0,0.5810629168540034,0.3897522166438639,0,non-human,3,1,0,1,0,0,0,1,0,3,0,human,out-of-fold,review,1.0
815723531,TalkRadioImpact,female,1.0,0,1.0,0.24953789279112754,0.0,0.7504621072088724,0.5418683710146828,0.0,0.45813162898531723,0.9999999999986358,1.0,0.9999999999986358,0.2099956912998219,0.0,0.7900043087001781,0.500350488776067,0,non-human,3,1,0,1,0,0,0,1,0,3,0,human,out-of-fold,review,1.0
815723643,imjustalive,male,1.0,0,1.0,0.2979865771812081,0.0,0.702013422818792,0.5191216989857932,0.0,0.4808783010142068,0.4583445224036017,1.0,0.4583445224036017,0.30509918588463764,0.0,0.6949008141153623,0.3951379961138102,0,non-human,3,1,0,1,0,0,0,1,0,3,0,human,out-of-fold,review,1.0
815723644,kommud,brand,1.0,0,0.0,0.36666666666666664,0.0,0.6333333333333333,0.6708143545022109,1.0,0.6708143545022109,0.31514228160705926,1.0,0.31514228160705926,0.6084942155826409,1.0,0.6084942155826409,0.49027937958964446,1,human,3,0,0,1,0,1,0,1,0,3,0,non-human,out-of-fold,review,1.0
815723845,User1stDotCom,brand,1.0,0,0.0,0.49047619047619045,0.0,0.5095238095238095,0.7648181240576453,1.0,0.7648181240576453,0.42167816243061007,1.0,0.42167816243061007,0.5831380321409755,1.0,0.5831380321409755,0.5650276272763554,1,human,3,0,0,1,0,1,0,1,0,3,0,non-human,out-of-fold,review,1.0
815723846,BillCoxCoaching,male,1.0,0,1.0,0.3906810035842294,0.0,0.6093189964157706,0.3877700040883245,0.0,0.6122299959116755,0.3388883851707877,1.0,0.3388883851707877,0.23988694758968734,0.0,0.7601130524103127,0.3393065851082573,0,non-human,3,1,0,1,0,0,0,1,0,3,0,human,out-of-fold,review,1.0
815723859,SeanMcGrady,male,1.0,0,1.0,0.3281853281853282,0.0,0.6718146718146718,0.6230858702353788,0.0,0.37691412976462124,0.9022736390711913,1.0,0.9022736390711913,0.4254183223693643,0.0,0.5745816776306357,0.5697407899653156,0,non-human,3,1,0,1,0,0,0,1,0,3,0,human,out-of-fold,review,1.0
815724024,rosatock,female,1.0,0,1.0,0.49047619047619045,0.0,0.5095238095238095,0.5321874095061114,0.0,0.46781259049388857,0.9533534230061402,1.0,0.9533534230061402,0.37529067520502707,0.0,0.6247093247949729,0.5878269245483673,0,non-human,3,1,0,1,0,0,0,1,0,3,0,human,out-of-fold,review,1.0
815724035,kampoilinifunza,female,1.0,0,1.0,0.2899786780383795,0.0,0.7100213219616205,0.5506745486283222,0.0,0.4493254513716778,0.9999999997073168,1.0,0.9999999997073168,0.23100679089742376,0.0,0.7689932091025762,0.5179150043178605,0,non-human,3,1,0,1,0,0,0,1,0,3,0,human,out-of-fold,review,1.0
815724255,StorageStations,brand,1.0,0,0.0,0.5185185185185185,0.0,0.4814814814814815,0.6366033511419836,1.0,0.6366033511419836,0.7639840966317746,1.0,0.7639840966317746,0.7584538178987511,1.0,0.7584538178987511,0.6693899460477569,1,human,3,0,0,1,0,1,0,1,0,3,0,non-human,out-of-fold,review,1.0
815724292,TurbulenTakeova,male,1.0,0,1.0,0.3123644251626898,0.0,0.6876355748373102,0.4744246286096184,0.0,0.5255753713903816,0.2241498996818329,0.0,0.775850100318167,0.5988888377186108,1.0,0.5988888377186108,0.40245694779318797,0,non-human,3,1,0,1,0,1,0,0,0,3,0,human,out-of-fold,review,1.0
815724426,Postmates_Help,brand,1.0,0,0.0,0.5274725274725275,0.0,0.4725274725274725,0.7744621548129673,1.0,0.7744621548129673,0.5249593831634577,1.0,0.5249593831634577,0.7974903137513721,1.0,0.7974903137513721,0.6560960948000812,1,human,3,0,0,1,0,1,0,1,0,3,0,non-human,out-of-fold,review,1.0
815724455,Tronictweet,brand,1.0,0,0.0,0.65625,1.0,0.65625,0.7600917048252448,1.0,0.7600917048252448,0.12337567492649455,0.0,0.8766243250735054,0.6158048052252347,1.0,0.6158048052252347,0.5388805462442435,1,human,3,1,0,1,0,0,0,1,0,3,0,non-human,out-of-fold,review,1.0
815724540,BunnyCatLady,female,1.0,0,1.0,0.3978201634877384,0.0,0.6021798365122616,0.5952480399211016,0.0,0.40475196007889835,0.9959318141408096,1.0,0.9959318141408096,0.4933250106787333,0.0,0.5066749893212668,0.6205812570570958,0,non-human,3,1,0,1,0,0,0,1,0,3,0,human,out-of-fold,review,1.0
815724562,ORJICONFIDENCE4,brand,1.0,0,0.0,0.7037037037037037,1.0,0.7037037037037037,0.6555363212878219,1.0,0.6555363212878219,4.055612813083676e-66,0.0,1.0,0.7503754765854089,1.0,0.7503754765854089,0.5274038753942336,1,human,3,1,0,1,0,0,0,1,0,3,0,non-human,out-of-fold,review,1.0
815724806,NicheHacks,male,1.0,0,1.0,0.3978201634877384,0.0,0.6021798365122616,0.5937498825976735,0.0,0.4062501174023265,0.6839912575000553,1.0,0.6839912575000553,0.46437909840363256,0.0,0.5356209015963674,0.5349851004972749,0,non-human,3,1,0,1,0,0,0,1,0,3,0,human,out-of-fold,review,1.0
815724825,LHowlettODPrism,male,1.0,0,1.0,0.3281853281853282,0.0,0.6718146718146718,0.47415554892538964,0.0,0.5258444510746103,0.3320513596773259,1.0,0.3320513596773259,0.36787695877457127,0.0,0.6321230412254287,0.37556729889065377,0,non-human,3,1,0,1,0,0,0,1,0,3,0,human,out-of-fold,review,1.0
815724842,bgmplus,brand,1.0,0,0.0,0.5792682926829268,1.0,0.5792682926829268,0.6932734417817713,1.0,0.6932734417817713,0.25994591676268536,0.0,0.7400540832373146,0.6394798635177547,1.0,0.6394798635177547,0.5429918786862845,1,human,3,1,0,1,0,0,0,1,0,3,0,non-human,out-of-fold,review,1.0
815724857,Counterintuity,brand,1.0,0,0.0,0.6827586206896552,1.0,0.6827586206896552,0.5067144223356618,0.0,0.4932855776643382,0.6448974719488979,1.0,0.6448974719488979,0.6298554388399517,1.0,0.6298554388399517,0.6160564884535417,1,human,3,1,0,0,0,1,0,1,0,3,0,non-human,out-of-fold,review,1.0
815724976,SimplyAmVanessa,female,1.0,0,1.0,0.37866666666666665,0.0,0.6213333333333333,0.38365212600596166,0.0,0.6163478739940383,0.6007878771475262,1.0,0.6007878771475262,0.4546025187342602,0.0,0.5453974812657398,0.4544272971386037,0,non-human,3,1,0,1,0,0,0,1,0,3,0,human,out-of-fold,review,1.0
815725125,TechGeekness,brand,1.0,0,0.0,0.37866666666666665,0.0,0.6213333333333333,0.7117210256411652,1.0,0.7117210256411652,0.3328762758208334,1.0,0.3328762758208334,0.5437934248449331,1.0,0.5437934248449331,0.49176434824339965,1,human,3,0,0,1,0,1,0,1,0,3,0,non-human,out-of-fold,review,1.0
815725292,kellyanntrace,female,1.0,0,1.0,0.6785714285714286,1.0,0.6785714285714286,0.3183250254123531,0.0,0.6816749745876469,0.2824075860146824,0.0,0.7175924139853176,0.31171136796154536,0.0,0.6882886320384547,0.39775385199000235,0,non-human,3,0,0,1,0,1,0,1,0,3,0,human,out-of-fold,review,1.0
815725427,ChrisCorbellini,male,1.0,0,1.0,0.48134328358208955,0.0,0.5186567164179104,0.604528408935619,0.0,0.395471591064381,0.999999999940858,1.0,0.999999999940858,0.37798759303174206,0.0,0.622012406968258,0.6159648213725771,0,non-human,3,1,0,1,0,0,0,1,0,3,0,human,out-of-fold,review,1.0
815725515,Tallex1,male,1.0,0,1.0,0.46405228758169936,0.0,0.5359477124183006,0.6155073151956703,0.0,0.38449268480432974,0.9999999999987139,1.0,0.9999999999987139,0.3707993428788564,0.0,0.6292006571211436,0.6125897364137349,0,non-human,3,1,0,1,0,0,0,1,0,3,0,human,out-of-fold,review,1.0
815725577,everything_jays,brand,1.0,0,0.0,0.43478260869565216,0.0,0.5652173913043479,0.7806840908614434,1.0,0.7806840908614434,0.6004455122709738,1.0,0.6004455122709738,0.6372421163848383,1.0,0.6372421163848383,0.6132885820532269,1,human,3,0,0,1,0,1,0,1,0,3,0,non-human,out-of-fold,review,1.0
815725748,HYFR_tz_Rusty,male,1.0,0,1.0,0.23728813559322035,0.0,0.7627118644067796,0.6111929812749907,0.0,0.38880701872500933,0.6036782518286035,1.0,0.6036782518286035,0.5086296435454389,0.0,0.49137035645456106,0.49019725306056333,0,non-human,3,1,0,1,0,0,0,1,0,3,0,human,out-of-fold,review,1.0
815725788,JavierSolutions,male,1.0,0,1.0,0.3978201634877384,0.0,0.6021798365122616,0.3845310168311756,0.0,0.6154689831688245,0.2202566350607726,0.0,0.7797433649392274,0.5564079787867754,1.0,0.5564079787867754,0.3897539485416155,0,non-human,3,1,0,1,0,1,0,0,0,3,0,human,out-of-fold,review,1.0
815725959,iAmJeffSledge,brand,1.0,0,0.0,0.74375,1.0,0.74375,0.6524345862833468,1.0,0.6524345862833468,0.5623073649600165,1.0,0.5623073649600165,0.5368087727777556,0.0,0.4631912272222444,0.6238251810052797,1,human,3,1,0,1,0,1,0,0,0,3,0,non-human,out-of-fold,review,1.0
815725966,btsteelcurtain,brand,1.0,0,0.0,0.3333333333333333,0.0,0.6666666666666667,0.6613574176734666,1.0,0.6613574176734666,0.5659123687404537,1.0,0.5659123687404537,0.5626030504314031,1.0,0.5626030504314031,0.5308015425446642,1,human,3,0,0,1,0,1,0,1,0,3,0,non-human,out-of-fold,review,1.0
815726529,ABBUKA,male,1.0,0,1.0,0.3123644251626898,0.0,0.6876355748373102,0.4817135496684534,0.0,0.5182864503315465,0.225683289541753,0.0,0.774316710458247,0.6098214754389628,1.0,0.6098214754389628,0.4073956849529648,0,non-human,3,1,0,1,0,1,0,0,0,3,0,human,out-of-fold,review,1.0
815726590,VickyGShore,female,1.0,0,1.0,0.5185185185185185,0.0,0.4814814814814815,0.5513637976940129,0.0,0.4486362023059871,0.9999999999412239,1.0,0.9999999999412239,0.48499245551447157,0.0,0.5150075444855284,0.6387186929170567,0,non-human,3,1,0,1,0,0,0,1,0,3,0,human,out-of-fold,review,1.0
815726747,WarriorDJs,brand,1.0,0,0.0,0.7902097902097902,1.0,0.7902097902097902,0.7883901134634033,1.0,0.7883901134634033,0.38341649687215923,1.0,0.38341649687215923,0.4001043324003719,0.0,0.5998956675996281,0.5905301832364311,1,human,3,1,0,1,0,1,0,0,0,3,0,non-human,out-of-fold,review,1.0
815726782,RootMarketing_,brand,1.0,0,0.0,0.5185185185185185,0.0,0.4814814814814815,0.6556568201448992,1.0,0.6556568201448992,0.41749747792603487,1.0,0.41749747792603487,0.546818787717009,1.0,0.546818787717009,0.5346229010766154,1,human,3,0,0,1,0,1,0,1,0,3,0,non-human,out-of-fold,review,1.0
815727062,jvogler,male,1.0,0,1.0,0.2899786780383795,0.0,0.7100213219616205,0.6161882595135558,0.0,0.3838117404864442,0.4563372140499953,1.0,0.4563372140499953,0.4496861147556238,0.0,0.5503138852443762,0.4530475665893886,0,non-human,3,1,0,1,0,0,0,1,0,3,0,human,out-of-fold,review,1.0
815727101,kgallacher,male,1.0,0,1.0,0.5247148288973384,0.0,0.47528517110266155,0.5729889026254017,0.0,0.4270110973745983,0.3313577173165644,1.0,0.3313577173165644,0.47660819554618444,0.0,0.5233918044538155,0.4764174110963723,0,non-human,3,1,0,1,0,0,0,1,0,3,0,human,out-of-fold,review,1.0
815727249,xandermosko,male,1.0,0,1.0,0.3281853281853282,0.0,0.6718146718146718,0.5342562945314507,0.0,0.46574370546854926,0.3481146488167451,1.0,0.3481146488167451,0.3422812068489601,0.0,0.65771879315104,0.388209369595621,0,non-human,3,1,0,1,0,0,0,1,0,3,0,human,out-of-fold,review,1.0
815727256,UrsinusCollege,brand,1.0,0,0.0,0.7532467532467533,1.0,0.7532467532467533,0.4303796616356047,0.0,0.5696203383643953,0.48239432873994226,1.0,0.48239432873994226,0.7744668540440249,1.0,0.7744668540440249,0.6101218994165813,1,human,3,1,0,0,0,1,0,1,0,3,0,non-human,out-of-fold,review,1.0
815727302,ShutterTech,brand,1.0,0,0.0,0.7142857142857143,1.0,0.7142857142857143,0.640610228846782,1.0,0.640610228846782,0.005730010119061773,0.0,0.9942699898809382,0.7731860570787283,1.0,0.7731860570787283,0.5334530025825717,1,human,3,1,0,1,0,0,0,1,0,3,0,non-human,out-of-fold,review,1.0
815727449,Radio1063FM,brand,1.0,0,0.0,0.7142857142857143,1.0,0.7142857142857143,0.6411076671159228,1.0,0.6411076671159228,0.006661630453455375,0.0,0.9933383695465446,0.7008237470302222,1.0,0.7008237470302222,0.5157196897213288,1,human,3,1,0,1,0,0,0,1,0,3,0,non-human,out-of-fold,review,1.0
815727471,PureBarre_TTown,brand,1.0,0,0.0,0.7281553398058253,1.0,0.7281553398058253,0.6746484248878156,1.0,0.6746484248878156,0.17439418995579148,0.0,0.8256058100442085,0.6789151673394861,1.0,0.6789151673394861,0.5640282804972296,1,human,3,1,0,1,0,0,0,1,0,3,0,non-human,out-of-fold,review,1.0
815727478,greigo_uk,male,1.0,0,1.0,0.37866666666666665,0.0,0.6213333333333333,0.6173606717025947,0.0,0.3826393282974053,0.35492620563175703,1.0,0.35492620563175703,0.3222215756182064,0.0,0.6777784243817936,0.4182937799048062,0,non-human,3,1,0,1,0,0,0,1,0,3,0,human,out-of-fold,review,1.0
815727558,Genevievedvz,female,1.0,0,1.0,0.3695652173913043,0.0,0.6304347826086957,0.5707523394873857,0.0,0.4292476605126143,0.40194931212455126,1.0,0.40194931212455126,0.2677683156091845,0.0,0.7322316843908154,0.4025087961531065,0,non-human,3,1,0,1,0,0,0,1,0,3,0,human,out-of-fold,review,1.0
815727642,WarrenHorak,male,1.0,0,1.0,0.34615384615384615,0.0,0.6538461538461539,0.5114489732693369,0.0,0.4885510267306631,0.43667740648106196,1.0,0.43667740648106196,0.37279104532415674,0.0,0.6272089546758433,0.4167678178071004,0,non-human,3,1,0,1,0,0,0,1,0,3,0,human,out-of-fold,review,1.0
815727756,MysticSwan,female,1.0,0,1.0,0.20987654320987653,0.0,0.7901234567901234,0.6021389322811107,0.0,0.3978610677188893,0.5640433649619411,1.0,0.5640433649619411,0.4882449360803524,0.0,0.5117550639196475,0.46607594413332015,0,non-human,3,1,0,1,0,0,0,1,0,3,0,human,out-of-fold,review,1.0
815727794,IPOSniffer,male,1.0,0,1.0,0.24953789279112754,0.0,0.7504621072088724,0.588358775475903,0.0,0.411641224524097,1.0,1.0,1.0,0.3123517315493789,0.0,0.6876482684506211,0.5375620999541024,0,non-human,3,1,0,1,0,0,0,1,0,3,0,human,out-of-fold,review,1.0
815727796,GHoundBusHelp,brand,1.0,0,0.0,0.7575757575757576,1.0,0.7575757575757576,0.7299911905859569,1.0,0.7299911905859569,0.3466289340275416,1.0,0.3466289340275416,0.5119909518562296,0.0,0.48800904814377044,0.5865467085113714,1,human,3,1,0,1,0,1,0,0,0,3,0,non-human,out-of-fold,review,1.0
815727809,Boricuabebi,female,1.0,0,1.0,0.525,0.0,0.475,0.32728128199638673,0.0,0.6727187180036133,0.6732782166025941,1.0,0.6732782166025941,0.21758770156401977,0.0,0.7824122984359803,0.43578680004075016,0,non-human,3,1,0,1,0,0,0,1,0,3,0,human,out-of-fold,review,1.0
815727852,SparVolltreffer,brand,1.0,0,0.0,0.48951048951048953,0.0,0.5104895104895104,0.6755417152540164,1.0,0.6755417152540164,0.4745513874721139,1.0,0.4745513874721139,0.7450733795504502,1.0,0.7450733795504502,0.5961692429467675,1,human,3,0,0,1,0,1,0,1,0,3,0,non-human,out-of-fold,review,1.0
815727911,ymcanyc,brand,1.0,0,0.0,0.7532467532467533,1.0,0.7532467532467533,0.3626366885698207,0.0,0.6373633114301793,0.5491489374243927,1.0,0.5491489374243927,0.5857111830718748,1.0,0.5857111830718748,0.5626858905782104,1,human,3,1,0,0,0,1,0,1,0,3,0,non-human,out-of-fold,review,1.0
815727967,psalmist90,male,1.0,0,1.0,0.46405228758169936,0.0,0.5359477124183006,0.47067075636608124,0.0,0.5293292436339188,0.6790010422497108,1.0,0.6790010422497108,0.3075000148180294,0.0,0.6924999851819706,0.48030602525388016,0,non-human,3,1,0,1,0,0,0,1,0,3,0,human,out-of-fold,review,1.0
815728428,Shoals_Realtor,female,1.0,0,1.0,0.24953789279112754,0.0,0.7504621072088724,0.5139561887832611,0.0,0.4860438112167389,0.6820990473522337,1.0,0.6820990473522337,0.28572213227693377,0.0,0.7142778677230662,0.432828815300889,0,non-human,3,1,0,1,0,0,0,1,0,3,0,human,out-of-fold,review,1.0
815728462,LB_Creative_Inc,female,1.0,0,1.0,0.48951048951048953,0.0,0.5104895104895104,0.6162825256008188,0.0,0.38371747439918125,0.9343503686007651,1.0,0.9343503686007651,0.40246711867119594,0.0,0.5975328813288041,0.6106526255958173,0,non-human,3,1,0,1,0,0,0,1,0,3,0,human,out-of-fold,review,1.0
815728468,FTVLive,brand,1.0,0,0.0,0.7580645161290323,1.0,0.7580645161290323,0.6578106447476225,1.0,0.6578106447476225,0.013245181452220861,0.0,0.9867548185477791,0.7204858653615032,1.0,0.7204858653615032,0.5374015519225948,1,human,3,1,0,1,0,0,0,1,0,3,0,non-human,out-of-fold,review,1.0
815728543,Benjinho_HD,male,1.0,0,1.0,0.24953789279112754,0.0,0.7504621072088724,0.5098681567893597,0.0,0.4901318432106403,0.6474958789464568,1.0,0.6474958789464568,0.4095102859225339,0.0,0.5904897140774661,0.4541030536123695,0,non-human,3,1,0,1,0,0,0,1,0,3,0,human,out-of-fold,review,1.0
815728670,CharlesRJackson,male,1.0,0,1.0,0.2979865771812081,0.0,0.702013422818792,0.5814048717099102,0.0,0.4185951282900898,0.9949250360923069,1.0,0.9949250360923069,0.2628402947017772,0.0,0.7371597052982228,0.5342891949213007,0,non-human,3,1,0,1,0,0,0,1,0,3,0,human,out-of-fold,review,1.0
815728724,SamsaraFarm,male,1.0,0,1.0,0.24953789279112754,0.0,0.7504621072088724,0.4001806458426475,0.0,0.5998193541573524,0.6648339556275766,1.0,0.6648339556275766,0.2935541934506984,0.0,0.7064458065493016,0.40202667192801256,0,non-human,3,1,0,1,0,0,0,1,0,3,0,human,out-of-fold,review,1.0
815728982,Trickmetolife,female,1.0,0,1.0,0.24953789279112754,0.0,0.7504621072088724,0.29148833540993724,0.0,0.7085116645900628,0.7511507793269617,1.0,0.7511507793269617,0.4333182658015137,0.0,0.5666817341984862,0.43137381833238503,0,non-human,3,1,0,1,0,0,0,1,0,3,0,human,out-of-fold,review,1.0
815729021,josephchikeleze,male,1.0,0,1.0,0.34615384615384615,0.0,0.6538461538461539,0.46499289083797823,0.0,0.5350071091620218,0.5811900898763583,1.0,0.5811900898763583,0.3649640639443786,0.0,0.6350359360556215,0.4393252227031403,0,non-human,3,1,0,1,0,0,0,1,0,3,0,human,out-of-fold,review,1.0
815729124,iitsdbook,female,1.0,0,1.0,0.3978201634877384,0.0,0.6021798365122616,0.5062482702796766,0.0,0.49375172972032344,0.9999999999999787,1.0,0.9999999999999787,0.330218433609569,0.0,0.669781566390431,0.5585717168442407,0,non-human,3,1,0,1,0,0,0,1,0,3,0,human,out-of-fold,review,1.0
815729172,The_Sunset_Kid,male,1.0,0,1.0,0.2564102564102564,0.0,0.7435897435897436,0.6481714084748419,1.0,0.6481714084748419,0.24025324384979296,0.0,0.759746756150207,0.4701194023065425,0.0,0.5298805976934575,0.40373857776035843,0,non-human,3,1,0,0,0,1,0,1,0,3,0,human,out-of-fold,review,1.0
815729336,A_Gascoigne,female,1.0,0,1.0,0.34615384615384615,0.0,0.6538461538461539,0.6149074528415276,0.0,0.3850925471584724,0.3817723480377031,1.0,0.3817723480377031,0.33052292849526355,0.0,0.6694770715047365,0.4183391438820851,0,non-human,3,1,0,1,0,0,0,1,0,3,0,human,out-of-fold,review,1.0
815729361,butiful_disastr,female,1.0,0,1.0,0.525,0.0,0.475,0.3284557135186535,0.0,0.6715442864813466,0.6660702002316562,1.0,0.6660702002316562,0.31586423118582513,0.0,0.6841357688141749,0.45884753623403374,0,non-human,3,1,0,1,0,0,0,1,0,3,0,human,out-of-fold,review,1.0
815729448,saintlov,female,1.0,0,1.0,0.39814814814814814,0.0,0.6018518518518519,0.3137936286049353,0.0,0.6862063713950647,0.6461834029578706,1.0,0.6461834029578706,0.305679138484624,0.0,0.694320861515376,0.4159510795488945,0,non-human,3,1,0,1,0,0,0,1,0,3,0,human,out-of-fold,review,1.0
815729576,MadeFromRI,brand,1.0,0,0.0,0.6629213483146067,1.0,0.6629213483146067,0.5717564114733231,0.0,0.4282435885266769,0.32693055725454995,1.0,0.32693055725454995,0.5607093752592103,1.0,0.5607093752592103,0.5305794230754226,1,human,3,1,0,0,0,1,0,1,0,3,0,non-human,out-of-fold,review,1.0
815729579,loucheryl,female,1.0,0,1.0,0.5185185185185185,0.0,0.4814814814814815,0.5672032407985148,0.0,0.4327967592014852,0.40111318123750045,1.0,0.40111318123750045,0.4795031598535946,0.0,0.5204968401464054,0.49158452510203204,0,non-human,3,1,0,1,0,0,0,1,0,3,0,human,out-of-fold,review,1.0
815729617,WritingHealthy,female,1.0,0,1.0,0.48951048951048953,0.0,0.5104895104895104,0.4299990525591422,0.0,0.5700009474408578,0.8195734277537042,1.0,0.8195734277537042,0.42986841316606783,0.0,0.5701315868339322,0.542237845747351,0,non-human,3,1,0,1,0,0,0,1,0,3,0,human,out-of-fold,review,1.0
815729664,ToothbrushExp,brand,1.0,0,0.0,0.6605504587155964,1.0,0.6605504587155964,0.5963919560847919,0.0,0.4036080439152081,0.6685949940228404,1.0,0.6685949940228404,0.5435536290353753,1.0,0.5435536290353753,0.617272759464651,1,human,3,1,0,0,0,1,0,1,0,3,0,non-human,out-of-fold,review,1.0
815729727,PoPinNow,brand,1.0,0,0.0,0.6629213483146067,1.0,0.6629213483146067,0.6789630313000419,1.0,0.6789630313000419,0.23722643093634724,0.0,0.7627735690636528,0.5908850678352001,1.0,0.5908850678352001,0.542498969596549,1,human,3,1,0,1,0,0,0,1,0,3,0,non-human,out-of-fold,review,1.0
815729809,NFL_Rams247,brand,1.0,0,0.0,0.5764705882352941,1.0,0.5764705882352941,0.7073077100621505,1.0,0.7073077100621505,0.3443140316291696,1.0,0.3443140316291696,0.3207555783220586,0.0,0.6792444216779414,0.4872119770621682,1,human,3,1,0,1,0,1,0,0,0,3,0,non-human,out-of-fold,review,1.0
815729822,JemiaTEK,female,1.0,0,1.0,0.3978201634877384,0.0,0.6021798365122616,0.5744112158573421,0.0,0.4255887841426579,0.49004727869394665,1.0,0.49004727869394665,0.3045941836703898,0.0,0.6954058163296102,0.44171821042735426,0,non-human,3,1,0,1,0,0,0,1,0,3,0,human,out-of-fold,review,1.0
815729913,stonerjesus420,brand,1.0,0,0.0,0.6616161616161617,1.0,0.6616161616161617,0.7601290085822839,1.0,0.7601290085822839,0.10819294260173223,0.0,0.8918070573982677,0.7957697339521331,1.0,0.7957697339521331,0.5814269616880777,1,human,3,1,0,1,0,0,0,1,0,3,0,non-human,out-of-fold,review,1.0
815730006,BBCNewsEnts,brand,1.0,0,0.0,0.6827586206896552,1.0,0.6827586206896552,0.6567469166644676,1.0,0.6567469166644676,0.4637765259445756,1.0,0.4637765259445756,0.22027261208954066,0.0,0.7797273879104594,0.5058886688470599,1,human,3,1,0,1,0,1,0,0,0,3,0,non-human,out-of-fold,review,1.0
815730086,BerghahnHistory,brand,1.0,0,0.0,0.6616161616161617,1.0,0.6616161616161617,0.5971858697579412,0.0,0.4028141302420588,0.43693349304211343,1.0,0.43693349304211343,0.6571191208129753,1.0,0.6571191208129753,0.5882136613072979,1,human,3,1,0,0,0,1,0,1,0,3,0,non-human,out-of-fold,review,1.0
815730175,stefan_gebhard,male,1.0,0,1.0,0.5957446808510638,1.0,0.5957446808510638,0.6048527926817757,0.0,0.3951472073182243,0.2032399744649576,0.0,0.7967600255350424,0.463800484348283,0.0,0.536199515651717,0.46690948308652,0,non-human,3,0,0,1,0,1,0,1,0,3,0,human,out-of-fold,review,1.0
815730214,ligiahouben,female,1.0,0,1.0,0.5502958579881657,0.0,0.4497041420118343,0.37958623490991206,0.0,0.6204137650900879,0.8996832181536843,1.0,0.8996832181536843,0.4255095492984487,0.0,0.5744904507015514,0.5637687150875528,0,non-human,3,1,0,1,0,0,0,1,0,3,0,human,out-of-fold,review,1.0
815730233,mjabrar,male,1.0,0,1.0,0.39814814814814814,0.0,0.6018518518518519,0.5977996650747649,0.0,0.4022003349252351,0.9985082710940126,1.0,0.9985082710940126,0.2956191406514087,0.0,0.7043808593485913,0.5725188062420836,0,non-human,3,1,0,1,0,0,0,1,0,3,0,human,out-of-fold,review,1.0
815730286,aniekanekah,female,1.0,0,1.0,0.2558139534883721,0.0,0.7441860465116279,0.4090138200612912,0.0,0.5909861799387088,0.6946915955096151,1.0,0.6946915955096151,0.23178839457965228,0.0,0.7682116054203477,0.3978269409097327,0,non-human,3,1,0,1,0,0,0,1,0,3,0,human,out-of-fold,review,1.0
815730517,leonardkirby,male,1.0,0,1.0,0.4,0.0,0.6,0.6166238205577488,0.0,0.3833761794422512,0.2552216785978246,0.0,0.7447783214021755,0.7665448236511229,1.0,0.7665448236511229,0.509597580701674,0,non-human,3,1,0,1,0,1,0,0,0,3,0,human,out-of-fold,review,1.0
815730518,WaqarImtiaz,male,1.0,0,1.0,0.5247148288973384,0.0,0.47528517110266155,0.5076015891337591,0.0,0.4923984108662409,0.6788285410295662,1.0,0.6788285410295662,0.3441788556021208,0.0,0.6558211443978792,0.5138309536656962,0,non-human,3,1,0,1,0,0,0,1,0,3,0,human,out-of-fold,review,1.0
815730554,FasterReading,male,1.0,0,1.0,0.48134328358208955,0.0,0.5186567164179104,0.5600478953648317,0.0,0.4399521046351683,0.8056387770209044,1.0,0.8056387770209044,0.23978340616822044,0.0,0.7602165938317795,0.5217033405340115,0,non-human,3,1,0,1,0,0,0,1,0,3,0,human,out-of-fold,review,1.0
815730932,beckykarsh,female,1.0,0,1.0,0.23728813559322035,0.0,0.7627118644067796,0.5504319244814038,0.0,0.44956807551859623,0.8691390665933062,1.0,0.8691390665933062,0.3773063429466832,0.0,0.6226936570533168,0.5085413674036534,0,non-human,3,1,0,1,0,0,0,1,0,3,0,human,out-of-fold,review,1.0
815730965,vintageloft,brand,1.0,0,0.0,0.7142857142857143,1.0,0.7142857142857143,0.7081131740745069,1.0,0.7081131740745069,0.018383848725264308,0.0,0.9816161512747357,0.7255391168828557,1.0,0.7255391168828557,0.5415804634920853,1,human,3,1,0,1,0,0,0,1,0,3,0,non-human,out-of-fold,review,1.0
815731052,thebullcomau,brand,1.0,0,0.0,0.6388888888888888,1.0,0.6388888888888888,0.6411866213711342,1.0,0.6411866213711342,0.4076713530546343,1.0,0.4076713530546343,0.5124718202652768,0.0,0.4875281797347232,0.5500546708949836,1,human,3,1,0,1,0,1,0,0,0,3,0,non-human,out-of-fold,review,1.0
815731376,products_galore,male,1.0,0,1.0,0.20987654320987653,0.0,0.7901234567901234,0.5270739902291783,0.0,0.47292600977082166,0.3119608265611619,1.0,0.3119608265611619,0.48736809279791676,0.0,0.5126319072020833,0.3840698631995334,0,non-human,3,1,0,1,0,0,0,1,0,3,0,human,out-of-fold,review,1.0
815731493,RabbiShmuley,male,1.0,0,1.0,0.48134328358208955,0.0,0.5186567164179104,0.47126915631923455,0.0,0.5287308436807654,0.321127126174252,1.0,0.321127126174252,0.5059894666116227,0.0,0.4940105333883773,0.4449322581717997,0,non-human,3,1,0,1,0,0,0,1,0,3,0,human,out-of-fold,review,1.0
815731639,EricAuger,brand,1.0,0,0.0,0.7281553398058253,1.0,0.7281553398058253,0.7231687981219059,1.0,0.7231687981219059,0.1632401996830914,0.0,0.8367598003169086,0.7783341392115495,1.0,0.7783341392115495,0.598224619205593,1,human,3,1,0,1,0,0,0,1,0,3,0,non-human,out-of-fold,review,1.0
815731931,PROforma_Micomm,male,1.0,0,1.0,0.39814814814814814,0.0,0.6018518518518519,0.32136716622880945,0.0,0.6786328337711905,0.6976419128655473,1.0,0.6976419128655473,0.28902577179178174,0.0,0.7109742282082183,0.4265457497585716,0,non-human,3,1,0,1,0,0,0,1,0,3,0,human,out-of-fold,review,1.0
815732499,girl_fights,brand,1.0,0,0.0,0.5957446808510638,1.0,0.5957446808510638,0.6256729483619478,0.0,0.37432705163805224,0.37976031293237744,1.0,0.37976031293237744,0.692324436147755,1.0,0.692324436147755,0.573375594573286,1,human,3,1,0,0,0,1,0,1,0,3,0,non-human,out-of-fold,review,1.0
815732508,GreyResol,male,1.0,0,1.0,0.3744292237442922,0.0,0.6255707762557078,0.48324981323808003,0.0,0.51675018676192,0.4430972760781505,1.0,0.4430972760781505,0.30068400931589556,0.0,0.6993159906841044,0.4003650805941046,0,non-human,3,1,0,1,0,0,0,1,0,3,0,human,out-of-fold,review,1.0
815732625,thecbgazette,brand,1.0,0,0.0,0.3744292237442922,0.0,0.6255707762557078,0.792642291298903,1.0,0.792642291298903,0.37966986389523744,1.0,0.37966986389523744,0.5729147714645021,1.0,0.5729147714645021,0.5299140376007336,1,human,3,0,0,1,0,1,0,1,0,3,0,non-human,out-of-fold,review,1.0
815732642,Tweetstuffy,brand,1.0,0,0.0,0.37866666666666665,0.0,0.6213333333333333,0.6504661321190226,1.0,0.6504661321190226,0.5814698165081325,1.0,0.5814698165081325,0.5886161724411708,1.0,0.5886161724411708,0.5498046969337481,1,human,3,0,0,1,0,1,0,1,0,3,0,non-human,out-of-fold,review,1.0
815732932,kracovame,female,1.0,0,1.0,0.2979865771812081,0.0,0.702013422818792,0.4632157632056973,0.0,0.5367842367943028,0.3424350916638071,1.0,0.3424350916638071,0.3540766094066359,0.0,0.6459233905933641,0.3644285103643371,0,non-human,3,1,0,1,0,0,0,1,0,3,0,human,out-of-fold,review,1.0
815733019,WarnerMusicSA,brand,1.0,0,0.0,0.5247148288973384,0.0,0.47528517110266155,0.6796382115977565,1.0,0.6796382115977565,0.6112704338718853,1.0,0.6112704338718853,0.5648164743762744,1.0,0.5648164743762744,0.5951099871858136,1,human,3,0,0,1,0,1,0,1,0,3,0,non-human,out-of-fold,review,1.0
815733067,NutritionTrain,male,1.0,0,1.0,0.3448275862068966,0.0,0.6551724137931034,0.47304365040287877,0.0,0.5269563495971212,0.9998954158126352,1.0,0.9998954158126352,0.32837303407595564,0.0,0.6716269659240444,0.5365349216245916,0,non-human,3,1,0,1,0,0,0,1,0,3,0,human,out-of-fold,review,1.0
815733117,McTermii,brand,1.0,0,0.0,0.6388888888888888,1.0,0.6388888888888888,0.6249853179856564,0.0,0.3750146820143436,0.7533351158077829,1.0,0.7533351158077829,0.6468474224834269,1.0,0.6468474224834269,0.6660141862914388,1,human,3,1,0,0,0,1,0,1,0,3,0,non-human,out-of-fold,review,1.0
815733260,agencycompile,brand,1.0,0,0.0,0.6153846153846154,1.0,0.6153846153846154,0.6142853990254777,0.0,0.38571460097452226,0.7673298308064382,1.0,0.7673298308064382,0.5654906486226342,1.0,0.5654906486226342,0.6406226234597914,1,human,3,1,0,0,0,1,0,1,0,3,0,non-human,out-of-fold,review,1.0
815733349,RGB_033,male,1.0,0,1.0,0.48951048951048953,0.0,0.5104895104895104,0.46287511281907057,0.0,0.5371248871809294,0.27589767661515463,0.0,0.7241023233848454,0.5616818033766625,1.0,0.5616818033766625,0.4474912705803443,0,non-human,3,1,0,1,0,1,0,0,0,3,0,human,out-of-fold,review,1.0
815733384,khabeerkhan,male,1.0,0,1.0,0.43478260869565216,0.0,0.5652173913043479,0.4261191029275477,0.0,0.5738808970724523,0.748011303948114,1.0,0.748011303948114,0.5124752798345648,0.0,0.48752472016543524,0.5303470738514696,0,non-human,3,1,0,1,0,0,0,1,0,3,0,human,out-of-fold,review,1.0
815733397,poolplayers,brand,1.0,0,0.0,0.6827586206896552,1.0,0.6827586206896552,0.5309546017852915,0.0,0.4690453982147085,0.7354487478813466,1.0,0.7354487478813466,0.5551106391731822,1.0,0.5551106391731822,0.6260681523823688,1,human,3,1,0,0,0,1,0,1,0,3,0,non-human,out-of-fold,review,1.0
815733415,kendoforyou,male,1.0,0,1.0,0.3906810035842294,0.0,0.6093189964157706,0.46500286278170866,0.0,0.5349971372182913,0.46267309441904514,1.0,0.46267309441904514,0.43795448310994617,0.0,0.5620455168900538,0.43907786097373236,0,non-human,3,1,0,1,0,0,0,1,0,3,0,human,out-of-fold,review,1.0
815733567,BURGERFI_Well,brand,1.0,0,0.0,0.6629213483146067,1.0,0.6629213483146067,0.7701410178434378,1.0,0.7701410178434378,0.04649274592894488,0.0,0.9535072540710551,0.7196349191245398,1.0,0.7196349191245398,0.5497975078028823,1,human,3,1,0,1,0,0,0,1,0,3,0,non-human,out-of-fold,review,1.0
815733669,DomPipkin,male,1.0,0,1.0,0.5247148288973384,0.0,0.47528517110266155,0.5555623200065433,0.0,0.44443767999345674,0.6723388752650821,1.0,0.6723388752650821,0.2512211359537968,0.0,0.7487788640462032,0.5009592900306902,0,non-human,3,1,0,1,0,0,0,1,0,3,0,human,out-of-fold,review,1.0
815733768,FWSullivans,brand,1.0,0,0.0,0.5502958579881657,0.0,0.4497041420118343,0.6692482347482419,1.0,0.6692482347482419,0.5787093409546924,1.0,0.5787093409546924,0.6109076496740893,1.0,0.6109076496740893,0.6022902708412974,1,human,3,0,0,1,0,1,0,1,0,3,0,non-human,out-of-fold,review,1.0
815734219,CheekyMissJJ,female,1.0,0,1.0,0.2979865771812081,0.0,0.702013422818792,0.282869282606753,0.0,0.7171307173932471,0.3171266456961144,1.0,0.3171266456961144,0.3335066208364097,0.0,0.6664933791635903,0.30787228158012125,0,non-human,3,1,0,1,0,0,0,1,0,3,0,human,out-of-fold,review,1.0
815734314,MikiTaylorr,female,1.0,0,1.0,0.2899786780383795,0.0,0.7100213219616205,0.7790167843295654,1.0,0.7790167843295654,0.25420097299196215,0.0,0.7457990270080379,0.3480062097983785,0.0,0.6519937902016215,0.4178006612895714,0,non-human,3,1,0,0,0,1,0,1,0,3,0,human,out-of-fold,review,1.0
815734392,Droid_Informer,male,1.0,0,1.0,0.3744292237442922,0.0,0.6255707762557078,0.5231067172205585,0.0,0.47689328277944154,0.49197264762856674,1.0,0.49197264762856674,0.3310305208360014,0.0,0.6689694791639986,0.43013477735735467,0,non-human,3,1,0,1,0,0,0,1,0,3,0,human,out-of-fold,review,1.0
815734621,treadcomics,brand,1.0,0,0.0,0.6629213483146067,1.0,0.6629213483146067,0.4809647410014233,0.0,0.5190352589985767,0.46540057431954357,1.0,0.46540057431954357,0.6516300618277427,1.0,0.6516300618277427,0.565229181365829,1,human,3,1,0,0,0,1,0,1,0,3,0,non-human,out-of-fold,review,1.0
815735079,davenuss79,male,1.0,0,1.0,0.2826086956521739,0.0,0.7173913043478262,0.8089364787994815,1.0,0.8089364787994815,0.22049993180923858,0.0,0.7795000681907615,0.401039692461554,0.0,0.598960307538446,0.428271199680612,0,non-human,3,1,0,0,0,1,0,1,0,3,0,human,out-of-fold,review,1.0
815735152,Tina_Hancock,female,1.0,0,1.0,0.37866666666666665,0.0,0.6213333333333333,0.5738368480829227,0.0,0.4261631519170773,0.22918932657741206,0.0,0.7708106734225879,0.5905458299352456,1.0,0.5905458299352456,0.4430596678155617,0,non-human,3,1,0,1,0,1,0,0,0,3,0,human,out-of-fold,review,1.0
815735168,maryguiden,female,1.0,0,1.0,0.3906810035842294,0.0,0.6093189964157706,0.48807919424626284,0.0,0.5119208057537372,0.5318059858530809,1.0,0.5318059858530809,0.4651250711911548,0.0,0.5348749288088452,0.46892281371868194,0,non-human,3,1,0,1,0,0,0,1,0,3,0,human,out-of-fold,review,1.0
815735247,RejuvenatedHair,female,1.0,0,1.0,0.37866666666666665,0.0,0.6213333333333333,0.27792148862887067,0.0,0.7220785113711293,0.4881887157890779,1.0,0.4881887157890779,0.46350370235372684,0.0,0.5364962976462732,0.40207014335958546,0,non-human,3,1,0,1,0,0,0,1,0,3,0,human,out-of-fold,review,1.0
815735303,KevinNiewood,male,1.0,0,1.0,0.5247148288973384,0.0,0.47528517110266155,0.5452595374200403,0.0,0.4547404625799597,0.9998075846971227,1.0,0.9998075846971227,0.4573471319350197,0.0,0.5426528680649803,0.6317822707373804,0,non-human,3,1,0,1,0,0,0,1,0,3,0,human,out-of-fold,review,1.0
815735310,lashesbyunique,female,1.0,0,1.0,0.24953789279112754,0.0,0.7504621072088724,0.4497905967355428,0.0,0.5502094032644572,0.43200863757552727,1.0,0.43200863757552727,0.3492839686876599,0.0,0.6507160313123401,0.37015527394746434,0,non-human,3,1,0,1,0,0,0,1,0,3,0,human,out-of-fold,review,1.0
815735394,MickeysWaukee,brand,1.0,0,0.0,0.675,1.0,0.675,0.5933443985906943,0.0,0.4066556014093057,0.5955812779104589,1.0,0.5955812779104589,0.7911935480983583,1.0,0.7911935480983583,0.6637798061498779,1,human,3,1,0,0,0,1,0,1,0,3,0,non-human,out-of-fold,review,1.0
815735478,MarkCVolain,male,1.0,0,1.0,0.525,0.0,0.475,0.5010954875756772,0.0,0.49890451242432277,0.8270980162623761,1.0,0.8270980162623761,0.5389860635293185,0.0,0.46101393647068145,0.5980448918418431,0,non-human,3,1,0,1,0,0,0,1,0,3,0,human,out-of-fold,review,1.0
815735520,ohxjulie,female,1.0,0,1.0,0.40625,0.0,0.59375,0.5297213802809546,0.0,0.4702786197190454,0.8465425145126523,1.0,0.8465425145126523,0.4221528620870977,0.0,0.5778471379129023,0.5511666892201762,0,non-human,3,1,0,1,0,0,0,1,0,3,0,human,out-of-fold,review,1.0
815735679,Remy_Smash,male,1.0,0,1.0,0.2979865771812081,0.0,0.702013422818792,0.4725526554216546,0.0,0.5274473445783454,0.5492229927003779,1.0,0.5492229927003779,0.4949629914170062,0.0,0.5050370085829938,0.45368130418006164,0,non-human,3,1,0,1,0,0,0,1,0,3,0,human,out-of-fold,review,1.0
815735858,radiointerdual,brand,1.0,0,0.0,0.7164179104477612,1.0,0.7164179104477612,0.5954418297683411,0.0,0.40455817023165885,0.40274022619362343,1.0,0.40274022619362343,0.6178679206500657,1.0,0.6178679206500657,0.5831169717649478,1,human,3,1,0,0,0,1,0,1,0,3,0,non-human,out-of-fold,review,1.0
815735885,patcharliehatt,male,1.0,0,1.0,0.5263157894736842,0.0,0.4736842105263158,0.3787485205549218,0.0,0.6212514794450782,0.46869700148637106,1.0,0.46869700148637106,0.346793812467969,0.0,0.653206187532031,0.4301387809957365,0,non-human,3,1,0,1,0,0,0,1,0,3,0,human,out-of-fold,review,1.0
815736066,brettslane,male,1.0,0,1.0,0.2899786780383795,0.0,0.7100213219616205,0.5144757207221597,0.0,0.48552427927784025,0.9999999999724842,1.0,0.9999999999724842,0.28660807601171123,0.0,0.7133919239882888,0.5227656186861837,0,non-human,3,1,0,1,0,0,0,1,0,3,0,human,out-of-fold,review,1.0
815736219,Little_Cesarss,male,1.0,0,1.0,0.3,0.0,0.7,0.580749656558523,0.0,0.41925034344147705,0.9378606924529401,1.0,0.9378606924529401,0.44248354106044074,0.0,0.5575164589395593,0.5652734725179759,0,non-human,3,1,0,1,0,0,0,1,0,3,0,human,out-of-fold,review,1.0
815736285,MechieDeuce,male,1.0,0,1.0,0.2979865771812081,0.0,0.702013422818792,0.5736668488006751,0.0,0.4263331511993249,0.7126438851934579,1.0,0.7126438851934579,0.33120560568072105,0.0,0.6687943943192789,0.4788757292140155,0,non-human,3,1,0,1,0,0,0,1,0,3,0,human,out-of-fold,review,1.0
815736431,NellieDeuce,male,1.0,0,1.0,0.42424242424242425,0.0,0.5757575757575757,0.604427102333857,0.0,0.395572897666143,0.3019197960260182,0.0,0.6980802039739817,0.6075135619481927,1.0,0.6075135619481927,0.48452572113762304,0,non-human,3,1,0,1,0,1,0,0,0,3,0,human,out-of-fold,review,1.0
815736621,ShaunGamboa,male,1.0,0,1.0,0.48134328358208955,0.0,0.5186567164179104,0.6045413262674727,0.0,0.3954586737325273,0.6838850422192138,1.0,0.6838850422192138,0.49919235377233545,0.0,0.5008076462276645,0.5672405014602778,0,non-human,3,1,0,1,0,0,0,1,0,3,0,human,out-of-fold,review,1.0
815737085,DevinMitchell,male,1.0,0,1.0,0.24,0.0,0.76,0.3382276417350429,0.0,0.6617723582649571,0.5418062329270362,1.0,0.5418062329270362,0.38220038006099355,0.0,0.6177996199390065,0.3755585636807681,0,non-human,3,1,0,1,0,0,0,1,0,3,0,human,out-of-fold,review,1.0
815737219,BJackson_97,male,1.0,0,1.0,0.3448275862068966,0.0,0.6551724137931034,0.5335282158098138,0.0,0.4664717841901862,0.27072546279358783,0.0,0.7292745372064122,0.7007530953532431,1.0,0.7007530953532431,0.4624585900408853,0,non-human,3,1,0,1,0,1,0,0,0,3,0,human,out-of-fold,review,1.0
815737241,Privacy_Law,brand,1.0,0,0.0,0.3744292237442922,0.0,0.6255707762557078,0.7100187816440494,1.0,0.7100187816440494,0.5580478138228752,1.0,0.5580478138228752,0.6169309431327357,1.0,0.6169309431327357,0.5648566905859882,1,human,3,0,0,1,0,1,0,1,0,3,0,non-human,out-of-fold,review,1.0
815737602,LeHart,female,1.0,0,1.0,0.4642857142857143,0.0,0.5357142857142857,0.4621158628057193,0.0,0.5378841371942806,0.626141609106036,1.0,0.626141609106036,0.5021104487082925,0.0,0.49788955129170753,0.5136634087264405,0,non-human,3,1,0,1,0,0,0,1,0,3,0,human,out-of-fold,review,1.0
815737767,tfandell,male,1.0,0,1.0,0.3978201634877384,0.0,0.6021798365122616,0.535557392354159,0.0,0.464442607645841,0.7566386459147925,1.0,0.7566386459147925,0.3270329004444061,0.0,0.6729670995555939,0.504262275550274,0,non-human,3,1,0,1,0,0,0,1,0,3,0,human,out-of-fold,review,1.0
815737875,TBrisbaneRoar,brand,1.0,0,0.0,0.74375,1.0,0.74375,0.42093135530483333,0.0,0.5790686446951667,0.48715326830668537,1.0,0.48715326830668537,0.6533197322365413,1.0,0.6533197322365413,0.5762885889620151,1,human,3,1,0,0,0,1,0,1,0,3,0,non-human,out-of-fold,review,1.0
815738109,BAMAPERRY,male,1.0,0,1.0,0.5106382978723404,0.0,0.4893617021276596,0.5955824126929561,0.0,0.4044175873070439,0.9030812308149592,1.0,0.9030812308149592,0.2408582569606573,0.0,0.7591417430393427,0.5625400495852282,0,non-human,3,1,0,1,0,0,0,1,0,3,0,human,out-of-fold,review,1.0
815738122,MyLeanEngineer,brand,1.0,0,0.0,0.7834394904458599,1.0,0.7834394904458599,0.6070042709626329,0.0,0.3929957290373671,0.4130583042520322,1.0,0.4130583042520322,0.6570492745373716,1.0,0.6570492745373716,0.6151378350494742,1,human,3,1,0,0,0,1,0,1,0,3,0,non-human,out-of-fold,review,1.0
815738155,cabockwrites,female,1.0,0,1.0,0.5502958579881657,0.0,0.4497041420118343,0.5558569073266982,0.0,0.44414309267330176,0.9130147772144422,1.0,0.9130147772144422,0.43396355491635524,0.0,0.5660364450836448,0.6132827743614154,0,non-human,3,1,0,1,0,0,0,1,0,3,0,human,out-of-fold,review,1.0
815738250,PVanEycken,male,1.0,0,1.0,0.2899786780383795,0.0,0.7100213219616205,0.5213726242448957,0.0,0.4786273757551043,0.4783004955601874,1.0,0.4783004955601874,0.5326359158781979,0.0,0.4673640841218021,0.4555719284304151,0,non-human,3,1,0,1,0,0,0,1,0,3,0,human,out-of-fold,review,1.0
815738315,Whizbuzz,brand,1.0,0,0.0,0.6470588235294118,1.0,0.6470588235294118,0.7403352390294269,1.0,0.7403352390294269,0.5488874437899625,1.0,0.5488874437899625,0.48771032447906715,0.0,0.5122896755209329,0.6059979577069671,1,human,3,1,0,1,0,1,0,0,0,3,0,non-human,out-of-fold,review,1.0
815738340,Kyle_F_Kennedy,male,1.0,0,1.0,0.3281853281853282,0.0,0.6718146718146718,0.617858342202349,0.0,0.38214165779765097,0.7060123721589662,1.0,0.7060123721589662,0.4247547220583026,0.0,0.5752452779416974,0.5192026911512365,0,non-human,3,1,0,1,0,0,0,1,0,3,0,human,out-of-fold,review,1.0
815738455,M2C_ISHMAELJ,male,1.0,0,1.0,0.3123644251626898,0.0,0.6876355748373102,0.6290515567160562,0.0,0.37094844328394383,0.3560137446723686,1.0,0.3560137446723686,0.5242101561361295,0.0,0.47578984386387047,0.455409970671811,0,non-human,3,1,0,1,0,0,0,1,0,3,0,human,out-of-fold,review,1.0
815738569,YWHcom,brand,1.0,0,0.0,0.7281553398058253,1.0,0.7281553398058253,0.7083211676522685,1.0,0.7083211676522685,0.12910147165629657,0.0,0.8708985283437034,0.6769203860243067,1.0,0.6769203860243067,0.5606245912846742,1,human,3,1,0,1,0,0,0,1,0,3,0,non-human,out-of-fold,review,1.0
815738627,ShredOTruth,brand,1.0,0,0.0,0.6616161616161617,1.0,0.6616161616161617,0.7274610992070931,1.0,0.7274610992070931,0.39996477963560056,1.0,0.39996477963560056,0.34381813169068937,0.0,0.6561818683093106,0.5332150430373862,1,human,3,1,0,1,0,1,0,0,0,3,0,non-human,out-of-fold,review,1.0
815738653,ForeverLQFan,brand,1.0,0,0.0,0.7717391304347826,1.0,0.7717391304347826,0.6430044937181978,1.0,0.6430044937181978,0.03642708580957547,0.0,0.9635729141904246,0.5461974373672248,1.0,0.5461974373672248,0.49934203683244516,1,human,3,1,0,1,0,0,0,1,0,3,0,non-human,out-of-fold,review,1.0
815738714,BruceKamich,male,1.0,0,1.0,0.3978201634877384,0.0,0.6021798365122616,0.5672275227400487,0.0,0.43277247725995127,0.40253668345108473,1.0,0.40253668345108473,0.5357333356238577,0.0,0.4642666643761423,0.47582942632568237,0,non-human,3,1,0,1,0,0,0,1,0,3,0,human,out-of-fold,review,1.0
815738812,fairlanguages,brand,1.0,0,0.0,0.43478260869565216,0.0,0.5652173913043479,0.7876633236162898,1.0,0.7876633236162898,0.3895182623277397,1.0,0.3895182623277397,0.7660230104708083,1.0,0.7660230104708083,0.5944968012776225,1,human,3,0,0,1,0,1,0,1,0,3,0,non-human,out-of-fold,review,1.0
815738840,HerbertPatti,female,1.0,0,1.0,0.2979865771812081,0.0,0.702013422818792,0.6255184625979933,0.0,0.37448153740200674,0.33129637871574924,1.0,0.33129637871574924,0.2626725569733824,0.0,0.7373274430266177,0.3793684938670832,0,non-human,3,1,0,1,0,0,0,1,0,3,0,human,out-of-fold,review,1.0
815738907,TulaneInfoSec,brand,1.0,0,0.0,0.717391304347826,1.0,0.717391304347826,0.6564412902042077,1.0,0.6564412902042077,0.16145224065966945,0.0,0.8385477593403305,0.5721710492151298,1.0,0.5721710492151298,0.5268639711067082,1,human,3,1,0,1,0,0,0,1,0,3,0,non-human,out-of-fold,review,1.0
815739078,TheExponent,brand,1.0,0,0.0,0.38926174496644295,0.0,0.610738255033557,0.6691122883202052,1.0,0.6691122883202052,0.7942889165889377,1.0,0.7942889165889377,0.6682247939187734,1.0,0.6682247939187734,0.6302219359485899,1,human,3,0,0,1,0,1,0,1,0,3,0,non-human,out-of-fold,review,1.0
815739211,TheLastKisaragi,male,1.0,0,1.0,0.3123644251626898,0.0,0.6876355748373102,0.4832709304399006,0.0,0.5167290695600995,0.3392415482070086,1.0,0.3392415482070086,0.4278263361262121,0.0,0.5721736638737879,0.3906758099839528,0,non-human,3,1,0,1,0,0,0,1,0,3,0,human,out-of-fold,review,1.0
815739245,datacloudworks,female,1.0,0,1.0,0.3123644251626898,0.0,0.6876355748373102,0.5442702884588838,0.0,0.4557297115411162,0.8528874631561318,1.0,0.8528874631561318,0.4439924214133988,0.0,0.5560075785866012,0.538378649547776,0,non-human,3,1,0,1,0,0,0,1,0,3,0,human,out-of-fold,review,1.0
