_unit_id,name,gender,gender:confidence,label_conflict,is_human,decision_tree_prob_human,decision_tree_prediction,knn_prob_human,knn_prediction,naive_bayes_prob_human,naive_bayes_prediction,mlp_prob_human,mlp_prediction,mean_prob_human,votes_for_human,consensus_prediction,models_disagreeing_with_recorded_label,disagreement_confidence
815727296,Eddki885Mohamm,male,0.6837,0,1.0,0.0,non-human,0.0,non-human,1.5707364817770217e-74,non-human,0.01998929375596449,non-human,0.004997323438991123,0,non-human,4.0,0.9950026765610088
815727133,Tawa8_12,brand,0.6341,0,0.0,0.9790897908979089,human,1.0,human,1.0,human,0.9988854979893383,human,0.9944938222218118,4,human,4.0,0.9944938222218118
815734124,RobProvince,brand,0.352,0,0.0,0.9790897908979089,human,1.0,human,1.0,human,0.9985263579828387,human,0.994404037220187,4,human,4.0,0.994404037220187
815737303,TheOnlyAhmed,brand,0.6751,0,0.0,0.9790897908979089,human,1.0,human,1.0,human,0.9979742221140533,human,0.9942660032529906,4,human,4.0,0.9942660032529906
815728023,lowkeylwt_,brand,0.3595,0,0.0,0.9790897908979089,human,1.0,human,1.0,human,0.9977163381443845,human,0.9942015322605734,4,human,4.0,0.9942015322605734
815731688,MBieber_Smith,brand,0.6627,0,0.0,0.9790897908979089,human,1.0,human,1.0,human,0.9977011234880264,human,0.9941977285964838,4,human,4.0,0.9941977285964838
815736962,goatsworthy,brand,0.3571,0,0.0,0.9790897908979089,human,1.0,human,0.9999985799100692,human,0.9975670877161115,human,0.9941638646310224,4,human,4.0,0.9941638646310224
815720588,tomlinsgomez,brand,0.6508,0,0.0,0.9790897908979089,human,1.0,human,1.0,human,0.9974045979735628,human,0.9941235972178679,4,human,4.0,0.9941235972178679
815732415,viria13,brand,0.6543,0,0.0,0.9790897908979089,human,1.0,human,0.9998945943309602,human,0.9974825654064976,human,0.9941167376588418,4,human,4.0,0.9941167376588418
815720278,GermanWizard11,brand,0.6789,1,0.0,0.9790897908979089,human,1.0,human,1.0,human,0.9972801541359917,human,0.9940924862584752,4,human,4.0,0.9940924862584752
815722730,naegisnaegi,brand,0.6618,0,0.0,0.9790897908979089,human,1.0,human,0.9993090715147263,human,0.9976730389345315,human,0.9940179753367917,4,human,4.0,0.9940179753367917
815734068,Sunglare,brand,0.6723,0,0.0,0.9790897908979089,human,1.0,human,1.0,human,0.9969450511473053,human,0.9940087105113036,4,human,4.0,0.9940087105113036
815738632,irishgoespop,brand,0.6688,0,0.0,0.9790897908979089,human,1.0,human,1.0,human,0.9961550013791004,human,0.9938111980692523,4,human,4.0,0.9938111980692523
815720739,Noodles105,brand,0.6755,0,0.0,0.9790897908979089,human,1.0,human,0.9999999629336436,human,0.9961251339658577,human,0.9938037219493526,4,human,4.0,0.9938037219493526
815725796,27349stwd,female,0.3357,0,1.0,0.0,non-human,0.0,non-human,1.019331225580833e-73,non-human,0.024903479320140542,non-human,0.0062258698300351354,0,non-human,4.0,0.9937741301699649
815719699,inimba,brand,0.6404,0,0.0,0.9790897908979089,human,1.0,human,0.9999809613405327,human,0.9957917286747406,human,0.9937156202282956,4,human,4.0,0.9937156202282956
815728354,07199jcsc,female,0.3444,0,1.0,0.0,non-human,0.0,non-human,1.157499893648031e-73,non-human,0.025398773537245883,non-human,0.006349693384311471,0,non-human,4.0,0.9936503066156885
815730820,destiny_weaver,brand,0.3456,0,0.0,0.9790897908979089,human,1.0,human,1.0,human,0.9954551282837544,human,0.9936362297954159,4,human,4.0,0.9936362297954159
815723324,LukeIsASequin,brand,0.6543,1,0.0,0.9790897908979089,human,1.0,human,1.0,human,0.9952522542478051,human,0.9935855112864285,4,human,4.0,0.9935855112864285
815729075,04768lktc,male,0.3494,0,1.0,0.0,non-human,0.0,non-human,1.312269713208639e-73,non-human,0.025968653207022813,non-human,0.006492163301755703,0,non-human,4.0,0.9935078366982443
815719693,TreJinkins,brand,0.6508,0,0.0,0.9790897908979089,human,1.0,human,1.0,human,0.9949035720869053,human,0.9934983407462036,4,human,4.0,0.9934983407462036
815723206,ChayseFox,brand,0.6577,0,0.0,0.9790897908979089,human,1.0,human,0.9999987635095564,human,0.9944302636359822,human,0.993379704510862,4,human,4.0,0.993379704510862
815738412,iAxX23,brand,0.6504,0,0.0,0.9790897908979089,human,1.0,human,0.9996886765748834,human,0.9940468036793942,human,0.9932063177880466,4,human,4.0,0.9932063177880466
815738619,elizasoberano11,female,0.356,0,1.0,0.0,non-human,0.0,non-human,4.523721438533035e-73,non-human,0.027323940163443517,non-human,0.006830985040860879,0,non-human,4.0,0.9931690149591391
815729321,nobrightside,brand,0.6566,0,0.0,0.9790897908979089,human,1.0,human,0.9998497729557413,human,0.9936546619831176,human,0.993148556459192,4,human,4.0,0.993148556459192
815730678,SHERWlND,brand,0.6385,0,0.0,0.9790897908979089,human,1.0,human,0.9999999933587738,human,0.9934676951481708,human,0.9931393698512134,4,human,4.0,0.9931393698512134
815731398,hesft1975,brand,0.3462,0,0.0,0.9790897908979089,human,1.0,human,0.9999980210056918,human,0.9931446963652838,human,0.9930581270672212,4,human,4.0,0.9930581270672212
815731135,xKrki,brand,0.6759,0,0.0,0.9790897908979089,human,1.0,human,0.9999802184189969,human,0.9931049611086855,human,0.9930437426063978,4,human,4.0,0.9930437426063978
815733174,daddy_unchained,brand,0.3303,0,0.0,0.9790897908979089,human,1.0,human,0.99957229457548,human,0.9935089396864225,human,0.9930427562899529,4,human,4.0,0.9930427562899529
815724761,sthrob77,brand,0.6727,0,0.0,0.9790897908979089,human,1.0,human,1.0,human,0.9926027846721037,human,0.9929231438925032,4,human,4.0,0.9929231438925032
815723056,byediva,brand,0.6602,0,0.0,0.9790897908979089,human,1.0,human,0.9999255542455708,human,0.9924231077809722,human,0.992859613231113,4,human,4.0,0.992859613231113
815726441,dcgblog,female,0.6889,0,1.0,0.0,non-human,0.0,non-human,9.469589648458924e-70,non-human,0.02862667476861866,non-human,0.007156668692154665,0,non-human,4.0,0.9928433313078453
815733698,takua343,brand,0.6631,0,0.0,0.9790897908979089,human,1.0,human,0.9995783650093981,human,0.9923859158981823,human,0.9927635179513724,4,human,4.0,0.9927635179513724
815719581,IgniteMeRiRi,brand,0.6634,0,0.0,0.9790897908979089,human,1.0,human,1.0,human,0.9916466936492652,human,0.9926841211367936,4,human,4.0,0.9926841211367936
815720206,SharmarkeAhmed4,brand,1.0,0,0.0,0.9790897908979089,human,1.0,human,0.9999432017303442,human,0.9916433380991284,human,0.9926690826818455,4,human,4.0,0.9926690826818455
815736240,owldom,brand,0.6556,0,0.0,0.9790897908979089,human,1.0,human,0.9992965283802056,human,0.9922713149774463,human,0.9926644085638903,4,human,4.0,0.9926644085638903
815734194,zelimpa,brand,0.3507,0,0.0,0.9790897908979089,human,1.0,human,1.0,human,0.9913552041408915,human,0.9926112487597001,4,human,4.0,0.9926112487597001
815735742,lukeslouis,brand,0.6937,0,0.0,0.9790897908979089,human,1.0,human,0.9999995363791863,human,0.9912318110757019,human,0.9925802845881992,4,human,4.0,0.9925802845881992
815737393,froleyfilm,brand,0.6495,0,0.0,0.9790897908979089,human,1.0,human,0.9999999999999929,human,0.9906785357177729,human,0.9924420816539187,4,human,4.0,0.9924420816539187
815734350,pumpkin_horse,brand,0.6502,0,0.0,0.9790897908979089,human,1.0,human,0.9999264061143659,human,0.9905413187821517,human,0.9923893789486067,4,human,4.0,0.9923893789486067
815735889,Ovalegal,brand,0.6715,0,0.0,0.9790897908979089,human,1.0,human,0.9979602954390951,human,0.9922824503381454,human,0.9923331341687874,4,human,4.0,0.9923331341687874
815720053,ChelseaWrenArt,brand,0.6691,0,0.0,0.9790897908979089,human,1.0,human,0.9999705405370539,human,0.9901953713993358,human,0.9923139257085747,4,human,4.0,0.9923139257085747
815728680,DrHotelMario,brand,0.6362,0,0.0,0.9790897908979089,human,1.0,human,0.9999951054316214,human,0.9885403532479828,human,0.9919063123943783,4,human,4.0,0.9919063123943783
815722828,JKE_G,brand,0.6769,0,0.0,0.9790897908979089,human,1.0,human,0.9978256903860943,human,0.9896326306084007,human,0.991637027973101,4,human,4.0,0.991637027973101
815738862,Unite24Lq,female,0.647,0,1.0,0.0,non-human,0.0,non-human,1.3279089600522484e-72,non-human,0.034294552609254604,non-human,0.008573638152313651,0,non-human,4.0,0.9914263618476864
815733245,RhinosKiss,brand,0.6617,0,0.0,0.9790897908979089,human,1.0,human,0.9976128773476135,human,0.9888919705361756,human,0.9913986596954245,4,human,4.0,0.9913986596954245
815727430,aceIucy,brand,0.6589,0,0.0,0.9790897908979089,human,1.0,human,0.9999222420936713,human,0.9862110793938444,human,0.9913057780963561,4,human,4.0,0.9913057780963561
815736412,armadillomon,brand,1.0,0,0.0,0.9790897908979089,human,1.0,human,1.0,human,0.9854366775501339,human,0.9911316171120107,4,human,4.0,0.9911316171120107
815732190,joXn,brand,0.3547,0,0.0,0.9790897908979089,human,1.0,human,0.9992796963545082,human,0.9860663516877496,human,0.9911089597350418,4,human,4.0,0.9911089597350418
815737960,CoolTrainrJulio,brand,0.6562,0,0.0,0.9708994708994709,human,1.0,human,1.0,human,0.9931380214350622,human,0.9910093730836332,4,human,4.0,0.9910093730836332
815722186,CWert41,brand,0.6944,0,0.0,0.9790897908979089,human,1.0,human,0.9999996587708586,human,0.9839957947992014,human,0.9907713111169922,4,human,4.0,0.9907713111169922
815735767,catholic_nun,brand,0.6681,0,0.0,0.9790897908979089,human,1.0,human,0.999995570404275,human,0.9838677181359009,human,0.9907382698595213,4,human,4.0,0.9907382698595213
815724819,Barokoru,brand,0.6879,0,0.0,0.9790897908979089,human,1.0,human,0.9987873824806076,human,0.9849056650637171,human,0.9906957096105584,4,human,4.0,0.9906957096105584
815734524,McJerkyface,brand,0.6754,0,0.0,0.9790897908979089,human,1.0,human,0.9933917993987894,human,0.9902702125714729,human,0.9906879507170427,4,human,4.0,0.9906879507170427
815732012,kenziesachen,brand,0.3361,0,0.0,0.9790897908979089,human,1.0,human,0.9999982888021893,human,0.9833572999538558,human,0.9906113449134886,4,human,4.0,0.9906113449134886
815723593,spazil,brand,0.6707,0,0.0,0.9790897908979089,human,1.0,human,0.9998819784878052,human,0.9828902221671378,human,0.990465497888213,4,human,4.0,0.990465497888213
815730816,lynhamlett1,brand,0.3403,0,0.0,0.9790897908979089,human,1.0,human,0.9999999999981455,human,0.9826437977282969,human,0.9904333971560879,4,human,4.0,0.9904333971560879
815733156,lisalisa2123,female,0.6732,0,1.0,0.0,non-human,0.0,non-human,4.3037229919661044e-72,non-human,0.03900939874725978,non-human,0.009752349686814946,0,non-human,4.0,0.9902476503131851
815733013,kaneki_txt,brand,0.669,0,0.0,0.9790897908979089,human,1.0,human,1.0,human,0.9811591106047579,human,0.9900622253756668,4,human,4.0,0.9900622253756668
815729580,LawrencePatte20,brand,0.3519,0,0.0,0.9790897908979089,human,1.0,human,0.9876773259525415,human,0.9925647924178873,human,0.9898329773170844,4,human,4.0,0.9898329773170844
815733966,mywaitisu,brand,0.3449,0,0.0,0.9790897908979089,human,1.0,human,0.9997714730510633,human,0.9796218802960692,human,0.9896207860612604,4,human,4.0,0.9896207860612604
815727388,mojo_YOjo,brand,0.6368,0,0.0,0.9790897908979089,human,1.0,human,0.9983112527450694,human,0.9796545574525805,human,0.9892639002738898,4,human,4.0,0.9892639002738898
815725233,WhatMaffTweets,brand,0.3417,0,0.0,0.9790897908979089,human,1.0,human,0.9986171062797977,human,0.9790286305919131,human,0.989183881942405,4,human,4.0,0.989183881942405
815734996,soukatsu_,brand,0.3392,0,0.0,0.9790897908979089,human,1.0,human,0.9998998287019594,human,0.9775267499398317,human,0.9891290923849251,4,human,4.0,0.9891290923849251
815733504,WhatsGrammar,brand,0.6777,0,0.0,0.9790897908979089,human,1.0,human,0.9980307638101545,human,0.9792442925086954,human,0.9890912118041898,4,human,4.0,0.9890912118041898
815732878,GMcCorrister,brand,0.6471,0,0.0,0.9708994708994709,human,1.0,human,0.9998661282956959,human,0.9855955007399002,human,0.9890902749837668,4,human,4.0,0.9890902749837668
815730167,twinkhedgehog,brand,0.6506,0,0.0,0.9790897908979089,human,1.0,human,0.9998662589578976,human,0.9771520754087709,human,0.9890270313161444,4,human,4.0,0.9890270313161444
815722078,pseudojustin,brand,0.6682,0,0.0,0.9790897908979089,human,1.0,human,0.9976674711956105,human,0.978602938751806,human,0.9888400502113314,4,human,4.0,0.9888400502113314
815730825,iWant_Gaga,brand,0.6923,0,0.0,0.9708994708994709,human,1.0,human,1.0,human,0.9841421403760091,human,0.9887604028188699,4,human,4.0,0.9887604028188699
815723711,niceindieman,male,0.6795,0,1.0,0.0,non-human,0.0,non-human,1.0340928631533499e-70,non-human,0.04540987741180438,non-human,0.011352469352951094,0,non-human,4.0,0.9886475306470489
815729176,rasputinmethod,brand,0.6774,0,0.0,0.9790897908979089,human,1.0,human,0.9999754042797394,human,0.9754698405298722,human,0.9886337589268802,4,human,4.0,0.9886337589268802
815725166,lrhstereo,brand,0.6787,0,0.0,0.9790897908979089,human,1.0,human,0.9984343617368932,human,0.9763882242516445,human,0.9884780942216117,4,human,4.0,0.9884780942216117
815737289,animeneesan,brand,0.6726,0,0.0,0.9790897908979089,human,1.0,human,0.9999929411415267,human,0.9744600025252376,human,0.9883856836411683,4,human,4.0,0.9883856836411683
815733298,BardockIRL,brand,0.6678,0,0.0,0.9790897908979089,human,1.0,human,0.999985545823018,human,0.9730400940699063,human,0.9880288576977083,4,human,4.0,0.9880288576977083
815732920,StripedGypsum,brand,0.6742,0,0.0,0.9790897908979089,human,1.0,human,0.998999017871088,human,0.9718065733559558,human,0.9874738455312382,4,human,4.0,0.9874738455312382
815719863,microdile,brand,0.3494,0,0.0,0.9790897908979089,human,1.0,human,0.9995239424983217,human,0.9711621646546421,human,0.9874439745127181,4,human,4.0,0.9874439745127181
815720041,dazM33,brand,0.6678,0,0.0,0.9708994708994709,human,1.0,human,1.0,human,0.9782544196881636,human,0.9872884726469086,4,human,4.0,0.9872884726469086
815724853,01808gnlb,female,0.3374,0,1.0,0.0,non-human,0.0,non-human,1.4041936828084053e-72,non-human,0.050999527153941175,non-human,0.012749881788485294,0,non-human,4.0,0.9872501182115148
815729597,CrimsonLCC,brand,0.658,0,0.0,0.9790897908979089,human,1.0,human,0.9999994665091594,human,0.9692218301521284,human,0.9870777718897992,4,human,4.0,0.9870777718897992
815737554,przemusiowa,brand,0.6461,0,0.0,0.9790897908979089,human,1.0,human,0.9942903500569907,human,0.9738462224278052,human,0.9868065908456762,4,human,4.0,0.9868065908456762
815728295,superwomanchick,brand,0.6658,0,0.0,0.9790897908979089,human,1.0,human,0.9963582877083471,human,0.9701279168323538,human,0.9863939988596525,4,human,4.0,0.9863939988596525
815735694,SWTvictim,brand,0.6597,0,0.0,0.9790897908979089,human,1.0,human,0.9997646685029504,human,0.9650179948510001,human,0.985968113562965,4,human,4.0,0.985968113562965
815738500,conandoyle5,male,0.6365,0,1.0,0.0,non-human,0.0,non-human,2.2810041637982703e-70,non-human,0.05768931419777651,non-human,0.014422328549444127,0,non-human,4.0,0.9855776714505559
815723028,inthebarberry,brand,0.6526,0,0.0,0.9790897908979089,human,1.0,human,0.9784592324807483,human,0.9840074985780369,human,0.9853891304891735,4,human,4.0,0.9853891304891735
815739429,LOSGIDDY,brand,0.3489,0,0.0,0.9708994708994709,human,1.0,human,0.9934057094164443,human,0.9746072130625256,human,0.9847280983446103,4,human,4.0,0.9847280983446103
815739580,BabiesGunsJesus,brand,0.6354,0,0.0,0.9708994708994709,human,1.0,human,0.9965412871661392,human,0.9714202648544129,human,0.9847152557300057,4,human,4.0,0.9847152557300057
815735555,cocococcooonan,male,0.3467,0,1.0,0.0,non-human,0.0,non-human,4.867937322261522e-71,non-human,0.06183656845822745,non-human,0.015459142114556863,0,non-human,4.0,0.9845408578854431
815733854,kolaaakatsuo,male,0.3709,0,1.0,0.0,non-human,0.0,non-human,4.809251010453058e-71,non-human,0.062155725818960075,non-human,0.015538931454740019,0,non-human,4.0,0.9844610685452599
815736095,funkboii,brand,0.6815,0,0.0,0.9790897908979089,human,1.0,human,0.9920203846784545,human,0.9665732505939217,human,0.9844208565425714,4,human,4.0,0.9844208565425714
815736330,Jazzzyone,brand,0.6558,0,0.0,0.9790897908979089,human,1.0,human,0.9978315958691875,human,0.95808198812947,human,0.9837508437241416,4,human,4.0,0.9837508437241416
815726719,Shutter_Lense,brand,0.3459,0,0.0,0.9790897908979089,human,1.0,human,0.9672487727559153,human,0.987868465238496,human,0.9835517572230801,4,human,4.0,0.9835517572230801
815737920,WiffleBall1,brand,1.0,0,0.0,0.9790897908979089,human,1.0,human,0.9999999999998259,human,0.9539362897978081,human,0.9832565201738858,4,human,4.0,0.9832565201738858
815729944,gemsglow,brand,0.656,0,0.0,0.9790897908979089,human,1.0,human,0.9999989790558412,human,0.9530407434043086,human,0.9830323783395147,4,human,4.0,0.9830323783395147
815724033,ssnaqi,brand,0.6656,0,0.0,0.9708994708994709,human,1.0,human,0.9999936744334665,human,0.9600139497248956,human,0.9827267737644583,4,human,4.0,0.9827267737644583
815732360,SoftballConnect,brand,0.6699,0,0.0,0.9708994708994709,human,1.0,human,0.999281451392343,human,0.9553676746367622,human,0.9813871492321441,4,human,4.0,0.9813871492321441
815725192,fact275,brand,0.6725,0,0.0,0.9708994708994709,human,1.0,human,0.9854981245079899,human,0.9688497208896373,human,0.9813118290742746,4,human,4.0,0.9813118290742746
815735687,CyborgScreams,brand,0.6768,0,0.0,0.9790897908979089,human,1.0,human,0.9920512100569506,human,0.9526090783151956,human,0.9809375198175138,4,human,4.0,0.9809375198175138
815720241,kubidyza,brand,1.0,0,0.0,0.9790897908979089,human,1.0,human,0.9923697061341527,human,0.9522314238936325,human,0.9809227302314235,4,human,4.0,0.9809227302314235
815734913,squid_girl_,brand,0.6525,0,0.0,0.9790897908979089,human,1.0,human,0.9737609648744502,human,0.9706025547982653,human,0.9808633276426562,4,human,4.0,0.9808633276426562
815736374,AkraticBehavior,brand,0.6818,0,0.0,0.9790897908979089,human,1.0,human,0.9927115041351106,human,0.9514584130442159,human,0.9808149270193088,4,human,4.0,0.9808149270193088
815721092,dntsqzthchrmn,brand,0.683,0,0.0,0.9285714285714286,human,1.0,human,0.9999999999935554,human,0.9943122149385766,human,0.9807209108758902,4,human,4.0,0.9807209108758902
815721732,the_dirty_ho,brand,0.6679,0,0.0,0.9708994708994709,human,1.0,human,0.9961251908229419,human,0.9555169260299112,human,0.980635396938081,4,human,4.0,0.980635396938081
815735292,19jim47,brand,0.6665,0,0.0,0.9463087248322147,human,1.0,human,0.9999999999999183,human,0.9739917741110128,human,0.9800751247357865,4,human,4.0,0.9800751247357865
815737867,bones_six7,brand,0.6598,0,0.0,0.9463087248322147,human,1.0,human,0.9999999999999858,human,0.9736658247190131,human,0.9799936373878034,4,human,4.0,0.9799936373878034
815734056,arsenalamerica,brand,0.6713,0,0.0,0.9790897908979089,human,1.0,human,0.997446880620061,human,0.9416369758393387,human,0.9795434118393271,4,human,4.0,0.9795434118393271
815734084,Narrator_Claire,brand,0.6797,0,0.0,0.9790897908979089,human,1.0,human,0.9864933620608264,human,0.9522417711259653,human,0.9794562310211752,4,human,4.0,0.9794562310211752
815735245,khalidrafiq141,male,0.683,0,1.0,0.0,non-human,0.07692307692307693,non-human,1.3329364269244964e-76,non-human,0.009729056011360895,non-human,0.021663033233609456,0,non-human,4.0,0.9783369667663906
815723871,Iouvinglwt,brand,0.3388,0,0.0,0.9790897908979089,human,1.0,human,0.9998545374293851,human,0.9338809017876112,human,0.9782063075287263,4,human,4.0,0.9782063075287263
815729024,MegaLobsterFace,brand,0.6487,0,0.0,0.9790897908979089,human,1.0,human,0.9991267595952437,human,0.9344088121129625,human,0.9781563406515288,4,human,4.0,0.9781563406515288
815737863,oidptg,brand,1.0,0,0.0,0.9790897908979089,human,1.0,human,0.997615211307719,human,0.9340509064006383,human,0.9776889771515666,4,human,4.0,0.9776889771515666
815720228,bearaboi,brand,0.6678,1,0.0,0.9790897908979089,human,1.0,human,0.9813744858973265,human,0.9498493893703429,human,0.9775784165413947,4,human,4.0,0.9775784165413947
815725467,80slukeftharry,brand,0.6567,0,0.0,0.9285714285714286,human,1.0,human,0.9999999999999929,human,0.9815050388969203,human,0.9775191168670855,4,human,4.0,0.9775191168670855
815730349,NWSodor23,brand,0.6354,0,0.0,0.9790897908979089,human,1.0,human,0.9994438133083497,human,0.9314609411264686,human,0.9774986363331819,4,human,4.0,0.9774986363331819
815738205,healfranta,brand,0.6685,0,0.0,0.9285714285714286,human,1.0,human,1.0,human,0.979877576960527,human,0.977112251382989,4,human,4.0,0.977112251382989
815725537,iambnoone,brand,1.0,0,0.0,0.9790897908979089,human,1.0,human,0.9946450269117828,human,0.9343425087271615,human,0.9770193316342133,4,human,4.0,0.9770193316342133
815736788,pear0s,brand,0.6478,0,0.0,0.9708994708994709,human,1.0,human,0.9990316245373717,human,0.9380144442842692,human,0.976986384930278,4,human,4.0,0.976986384930278
815719686,SchuckJH,brand,0.6765,0,0.0,0.9708994708994709,human,1.0,human,0.9999519519496939,human,0.9367937798403584,human,0.9769113006723807,4,human,4.0,0.9769113006723807
815725986,LibromusicaIES,brand,0.6607,0,0.0,1.0,human,0.9230769230769231,human,1.0,human,0.9831998609995943,human,0.9765691960191294,4,human,4.0,0.9765691960191294
815734044,Adlez27,brand,1.0,0,0.0,0.9081967213114754,human,1.0,human,0.9999464277900907,human,0.9963902036939458,human,0.9761333381988779,4,human,4.0,0.9761333381988779
815735585,ajstenaka,brand,0.6447,0,0.0,0.9411764705882353,human,1.0,human,1.0,human,0.9626609002580925,human,0.975959342711582,4,human,4.0,0.975959342711582
815724770,TheRivermanRuns,brand,0.6479,0,0.0,0.9790897908979089,human,1.0,human,0.9999907783625737,human,0.9247474646650579,human,0.9759570084813852,4,human,4.0,0.9759570084813852
815723600,AlboSwagger,brand,0.6736,0,0.0,0.9911504424778761,human,0.9230769230769231,human,0.9999999999999964,human,0.9895860304362376,human,0.9759533489977583,4,human,4.0,0.9759533489977583
815723611,vitalninjaYT,brand,0.6734,0,0.0,0.9790897908979089,human,1.0,human,0.9405172695482996,human,0.9841253552880579,human,0.9759331039335666,4,human,4.0,0.9759331039335666
815728790,DoHoBOB,brand,0.3472,0,0.0,0.9708994708994709,human,1.0,human,0.9990247778144186,human,0.9320143456345296,human,0.9754846485871047,4,human,4.0,0.9754846485871047
815726930,sensualsehun,brand,0.6578,0,0.0,0.9081967213114754,human,1.0,human,0.9999699259241112,human,0.9929020743773673,human,0.9752671804032385,4,human,4.0,0.9752671804032385
815734690,coadienugent,brand,0.6392,0,0.0,0.9790897908979089,human,1.0,human,0.93657996111183,human,0.9845231142493627,human,0.9750482165647755,4,human,4.0,0.9750482165647755
815732203,mattphillips78,brand,1.0,0,0.0,0.9463087248322147,human,1.0,human,0.9911994859549109,human,0.9621328464261386,human,0.9749102643033161,4,human,4.0,0.9749102643033161
815720701,jvngwheein,brand,0.6774,0,0.0,0.9081967213114754,human,1.0,human,0.9999638663036361,human,0.9912151733654377,human,0.9748439402451374,4,human,4.0,0.9748439402451374
815721726,labelsforlunch,brand,0.6694,0,0.0,0.9036827195467422,human,1.0,human,1.0,human,0.9955705200061646,human,0.9748133098882267,4,human,4.0,0.9748133098882267
815725551,pesra01,brand,0.6552,0,0.0,0.9790897908979089,human,0.9230769230769231,human,0.9999999944733524,human,0.9961762965443188,human,0.9745857512481257,4,human,4.0,0.9745857512481257
815725754,K1LLz_,brand,0.369,0,0.0,0.9790897908979089,human,1.0,human,0.9751294639868875,human,0.9438669659400672,human,0.974521555206216,4,human,4.0,0.974521555206216
815722430,creeper32605,brand,0.6432,0,0.0,0.9790897908979089,human,0.9230769230769231,human,0.9994251616553875,human,0.996137816161176,human,0.9744324229478489,4,human,4.0,0.9744324229478489
815736461,whoaskedyoushit,brand,0.648,0,0.0,0.9790897908979089,human,0.9230769230769231,human,1.0,human,0.995026743861592,human,0.974298364459106,4,human,4.0,0.974298364459106
815724358,JesTr0n,brand,0.6639,0,0.0,0.9036827195467422,human,1.0,human,0.9999708844566249,human,0.992353512029572,human,0.9740017790082347,4,human,4.0,0.9740017790082347
815724414,mike_brach,brand,0.6823,0,0.0,0.9081967213114754,human,1.0,human,1.0,human,0.9872790062952574,human,0.9738689319016833,4,human,4.0,0.9738689319016833
815732343,Maximal_Liberal,brand,0.6715,0,0.0,0.9911504424778761,human,0.9230769230769231,human,0.9944183343986098,human,0.986482998866257,human,0.9737821747049165,4,human,4.0,0.9737821747049165
815724539,SoddersLiger,brand,0.3474,0,0.0,0.9036827195467422,human,1.0,human,0.9999722726816549,human,0.9913290225158629,human,0.9737460036860649,4,human,4.0,0.9737460036860649
815731121,nevertooo1D,brand,0.6685,0,0.0,0.9081967213114754,human,1.0,human,1.0,human,0.9867658547237236,human,0.9737406440087998,4,human,4.0,0.9737406440087998
815737697,KnifeStitch,brand,0.6478,0,0.0,0.9790897908979089,human,0.9230769230769231,human,0.9999994670181492,human,0.991843554761014,human,0.9735024339384988,4,human,4.0,0.9735024339384988
815739270,_boog1,brand,0.6653,0,0.0,0.9081967213114754,human,1.0,human,1.0,human,0.984472727854716,human,0.9731673622915479,4,human,4.0,0.9731673622915479
815734204,anytimetips,brand,1.0,0,0.0,0.9054054054054054,human,1.0,human,0.9999999999996838,human,0.9858273727470116,human,0.9728081945380251,4,human,4.0,0.9728081945380251
815723329,SketchMasterMJH,brand,0.6659,0,0.0,0.9790897908979089,human,0.9230769230769231,human,0.9994281676807493,human,0.9889115471114006,human,0.9726266071917454,4,human,4.0,0.9726266071917454
815723702,Fendrake,brand,0.6665,0,0.0,0.9790897908979089,human,0.9230769230769231,human,0.9999999993635598,human,0.9880356273817392,human,0.9725505851800327,4,human,4.0,0.9725505851800327
815730108,KrustyAllslopp,brand,0.6759,0,0.0,0.9790897908979089,human,0.9230769230769231,human,1.0,human,0.9877089529681508,human,0.9724689167357456,4,human,4.0,0.9724689167357456
815726269,wandarection_,brand,0.6754,0,0.0,0.9790897908979089,human,0.9230769230769231,human,0.9999999998879439,human,0.9874184426617987,human,0.9723962891311436,4,human,4.0,0.9723962891311436
815734397,sonicherosfan,brand,0.6846,0,0.0,0.9708994708994709,human,1.0,human,0.9825002491421144,human,0.9356308150283285,human,0.9722576337674785,4,human,4.0,0.9722576337674785
815724251,kamyb22,brand,0.3401,0,0.0,0.9081967213114754,human,1.0,human,0.9999999949578289,human,0.9805553082547005,human,0.9721880061310013,4,human,4.0,0.9721880061310013
815730430,Fuegofandango,brand,0.6582,0,0.0,0.9036827195467422,human,1.0,human,1.0,human,0.9846574838081059,human,0.972085050838712,4,human,4.0,0.972085050838712
815729856,whatsontvuk,brand,1.0,0,0.0,0.9790897908979089,human,1.0,human,0.982748344646594,human,0.9264098154311728,human,0.9720619877439189,4,human,4.0,0.9720619877439189
815731753,InRainesville,brand,0.6887,0,0.0,0.9790897908979089,human,1.0,human,0.9311463418012941,human,0.9779252231517043,human,0.9720403389627268,4,human,4.0,0.9720403389627268
815734033,samsBellabob,brand,1.0,0,0.0,0.9081967213114754,human,1.0,human,0.9999997132715654,human,0.9794213992882234,human,0.971904458467816,4,human,4.0,0.971904458467816
815730738,94heskind,brand,1.0,1,0.0,0.9790897908979089,human,0.9230769230769231,human,0.9999903421147541,human,0.9851952917504045,human,0.9718380869599976,4,human,4.0,0.9718380869599976
815734367,HenryBeans,brand,0.6757,0,0.0,0.9790897908979089,human,0.9230769230769231,human,0.9973086005235877,human,0.9870552962705631,human,0.9716326526922456,4,human,4.0,0.9716326526922456
815726555,mimisbitch,brand,0.3425,0,0.0,0.9790897908979089,human,1.0,human,0.9998380599764928,human,0.9074381088306586,human,0.9715914899262651,4,human,4.0,0.9715914899262651
815719591,sufurkater,brand,0.6818,0,0.0,0.9790897908979089,human,0.9230769230769231,human,1.0,human,0.9841797587580353,human,0.9715866181832168,4,human,4.0,0.9715866181832168
815727569,obsessivity,brand,0.6598,0,0.0,0.9790897908979089,human,0.9230769230769231,human,1.0,human,0.9840195984031996,human,0.9715465780945078,4,human,4.0,0.9715465780945078
815734451,KrazzyTracy,brand,0.6676,0,0.0,0.9790897908979089,human,0.9230769230769231,human,0.9977501646801501,human,0.9859591092003612,human,0.9714689969638357,4,human,4.0,0.9714689969638357
815732307,calvin_kieran,brand,0.6825,0,0.0,0.9790897908979089,human,0.9230769230769231,human,1.0,human,0.9827914241768445,human,0.9712395345379191,4,human,4.0,0.9712395345379191
815736154,RazaHussain101,brand,0.6553,0,0.0,0.9790897908979089,human,0.9230769230769231,human,0.9934210742076158,human,0.9891225517252311,human,0.9711775849769197,4,human,4.0,0.9711775849769197
815721246,jadespr1te,brand,0.6655,0,0.0,0.9081967213114754,human,1.0,human,0.9999989892880762,human,0.9762677078018108,human,0.9711158546003407,4,human,4.0,0.9711158546003407
815726689,Gh0st2126,brand,0.6761,0,0.0,0.9081967213114754,human,1.0,human,0.9845428288058377,human,0.991586929052166,human,0.9710816197923698,4,human,4.0,0.9710816197923698
815729162,StarSignMakoto,brand,0.6743,0,0.0,0.9708994708994709,human,1.0,human,0.969859832272531,human,0.9433631995046613,human,0.9710306256691659,4,human,4.0,0.9710306256691659
815739350,noonmohsharfi,brand,0.6585,0,0.0,0.9790897908979089,human,0.9230769230769231,human,0.9999999999996803,human,0.9810861448700495,human,0.9708132147111405,4,human,4.0,0.9708132147111405
815735467,AudrinaDavis1,female,0.6432,0,1.0,0.0,non-human,0.07692307692307693,non-human,4.914852756025084e-71,non-human,0.040148973118907264,non-human,0.029268012510496048,0,non-human,4.0,0.970731987489504
815724741,daejones,brand,0.6736,0,0.0,0.9036827195467422,human,1.0,human,0.9991775623933392,human,0.979105723570317,human,0.9704915013775997,4,human,4.0,0.9704915013775997
815721286,phenokage,brand,0.6691,0,0.0,0.9790897908979089,human,0.9230769230769231,human,0.997684307309041,human,0.981897521564635,human,0.970437135712127,4,human,4.0,0.970437135712127
815733002,SpinsterAndCat,brand,0.6581,0,0.0,0.9790897908979089,human,0.9230769230769231,human,0.998349413545114,human,0.9791878590908745,human,0.9699259966527051,4,human,4.0,0.9699259966527051
815735624,IketheNinja14,brand,0.6508,0,0.0,0.9790897908979089,human,0.9230769230769231,human,0.9953999276337863,human,0.9815929838894217,human,0.9697899063745099,4,human,4.0,0.9697899063745099
815719776,Rampantredlion1,brand,0.6672,0,0.0,0.9081967213114754,human,1.0,human,0.9978856753073644,human,0.9730435840078524,human,0.969781495156673,4,human,4.0,0.969781495156673
815737004,Milena_mico,brand,0.3423,0,0.0,0.9285714285714286,human,1.0,human,0.9940688303191997,human,0.9559748785852145,human,0.9696537843689608,4,human,4.0,0.9696537843689608
815725026,Marlnnn,brand,0.6555,0,0.0,0.9790897908979089,human,0.9230769230769231,human,0.9999999351511221,human,0.9748812428607714,human,0.9692619729966814,4,human,4.0,0.9692619729966814
815719949,GirlOnUtd,brand,0.6672,0,0.0,0.9036827195467422,human,1.0,human,0.9978350851757959,human,0.9755108925882265,human,0.9692571743276912,4,human,4.0,0.9692571743276912
815728020,sungohst,brand,0.3354,0,0.0,0.9790897908979089,human,0.9230769230769231,human,0.9999751762545602,human,0.9745849980146266,human,0.9691817220610047,4,human,4.0,0.9691817220610047
815729588,luciboo80,brand,0.347,0,0.0,0.9708994708994709,human,0.9230769230769231,human,0.991826411389707,human,0.9905502668201525,human,0.9690882680465633,4,human,4.0,0.9690882680465633
815719800,KeizerCyrus,brand,0.3388,0,0.0,0.9708994708994709,human,1.0,human,0.9923088792474024,human,0.9128451412512537,human,0.9690133728495317,4,human,4.0,0.9690133728495317
815720067,cyberwuff,brand,0.6857,0,0.0,0.9036827195467422,human,1.0,human,0.9990903238574761,human,0.9729802506949172,human,0.9689383235247839,4,human,4.0,0.9689383235247839
815738807,94charminglouis,brand,0.6686,0,0.0,0.9081967213114754,human,1.0,human,0.9999999092243824,human,0.9647838079254507,human,0.9682451096153272,4,human,4.0,0.9682451096153272
815720149,MonicaKoch18,female,0.6507,0,1.0,0.0,non-human,0.07692307692307693,non-human,5.664462883047916e-72,non-human,0.05010427129958141,non-human,0.03175683705566458,0,non-human,4.0,0.9682431629443354
815734827,triggzyy,brand,0.3408,0,0.0,0.9790897908979089,human,1.0,human,0.9973146359828124,human,0.8956771839953398,human,0.9680204027190153,4,human,4.0,0.9680204027190153
815738988,smeggo,brand,0.6437,0,0.0,0.9790897908979089,human,0.9230769230769231,human,0.9884194771945739,human,0.9813841009576794,human,0.9679925730317713,4,human,4.0,0.9679925730317713
815733214,MightyAvocado,brand,0.6534,0,0.0,0.9790897908979089,human,0.9230769230769231,human,0.9962971118903302,human,0.9718474700445003,human,0.9675778239774155,4,human,4.0,0.9675778239774155
815722506,gooftrupe,brand,0.677,0,0.0,0.9790897908979089,human,1.0,human,0.9999994151469278,human,0.8912175859904079,human,0.9675766980088112,4,human,4.0,0.9675766980088112
815723235,THE_HOEOLOGIST,brand,0.6545,0,0.0,0.9790897908979089,human,0.9230769230769231,human,0.9999999999956195,human,0.9676740748599275,human,0.9674601972075947,4,human,4.0,0.9674601972075947
815729077,illusionOFitALL,brand,1.0,0,0.0,0.9790897908979089,human,0.9230769230769231,human,0.9965782810760186,human,0.9710682428407331,human,0.9674533094728959,4,human,4.0,0.9674533094728959
815738012,r_wolfcastle,brand,0.6602,0,0.0,0.9708994708994709,human,0.9230769230769231,human,0.9999714357887616,human,0.9754532774575654,human,0.9673502768056802,4,human,4.0,0.9673502768056802
815735461,CoolwhipSpecial,brand,0.6622,0,0.0,0.9790897908979089,human,1.0,human,0.9813873964666034,human,0.9087539025874054,human,0.9673077724879795,4,human,4.0,0.9673077724879795
815724110,MochaLattePanda,brand,0.6691,0,0.0,0.9790897908979089,human,0.9230769230769231,human,0.9976161166769616,human,0.9692680006579605,human,0.9672627078274385,4,human,4.0,0.9672627078274385
815734398,1electricpirate,brand,0.3577,0,0.0,0.9790897908979089,human,0.9230769230769231,human,0.9998082949457221,human,0.9661674295364077,human,0.9670356096142405,4,human,4.0,0.9670356096142405
815727109,loookapanda,brand,0.6705,0,0.0,0.9790897908979089,human,0.9230769230769231,human,0.9866948878679361,human,0.978912646018541,human,0.9669435619653273,4,human,4.0,0.9669435619653273
815729633,Kuwaballer,brand,0.3537,0,0.0,0.9790897908979089,human,0.9230769230769231,human,0.9999999958360242,human,0.9650590797096404,human,0.9668064473801241,4,human,4.0,0.9668064473801241
815733100,hell_ass_,brand,0.6769,0,0.0,0.9081967213114754,human,1.0,human,0.9998859212610937,human,0.9561792224404978,human,0.9660654662532667,4,human,4.0,0.9660654662532667
815736601,Lunatik_guy,brand,0.3425,0,0.0,0.9790897908979089,human,0.9230769230769231,human,0.9999999975530436,human,0.9619332034671431,human,0.9660249787487547,4,human,4.0,0.9660249787487547
815732037,LindaRegber,brand,0.6429,0,0.0,0.9790897908979089,human,0.9230769230769231,human,0.9993605239042695,human,0.9622354413742883,human,0.9659406698133475,4,human,4.0,0.9659406698133475
815720768,COGICgopChica,brand,0.6774,0,0.0,0.9081967213114754,human,1.0,human,0.9994766634677912,human,0.9556512663994987,human,0.9658311627946914,4,human,4.0,0.9658311627946914
815723537,BlackTopMediaUK,brand,0.6561,0,0.0,0.9708994708994709,human,1.0,human,0.9978753948104033,human,0.8928528764153915,human,0.9654069355313164,4,human,4.0,0.9654069355313164
815733199,RCJ13,brand,0.6515,0,0.0,0.9790897908979089,human,0.9230769230769231,human,0.9982451159188324,human,0.9598272024747848,human,0.9650597580921122,4,human,4.0,0.9650597580921122
815724299,Incalex_,brand,0.6377,0,0.0,0.9790897908979089,human,1.0,human,0.99302091266954,human,0.8855132778691245,human,0.9644059953591434,4,human,4.0,0.9644059953591434
815730419,TaimedGrimes,brand,1.0,1,0.0,0.9081967213114754,human,1.0,human,0.999999192812491,human,0.9493379334316981,human,0.9643834618889161,4,human,4.0,0.9643834618889161
815721909,Dessy_Dragon,brand,0.6946,1,0.0,0.9790897908979089,human,0.9230769230769231,human,0.9998017055721353,human,0.9547249127760365,human,0.9641733330807509,4,human,4.0,0.9641733330807509
815721663,jjgold38,brand,0.6619,0,0.0,0.9036827195467422,human,1.0,human,0.985983865235751,human,0.9669049477847689,human,0.9641428831418155,4,human,4.0,0.9641428831418155
815731047,Taz_Cat1,brand,0.6551,0,0.0,0.9790897908979089,human,0.9230769230769231,human,0.9870999725038155,human,0.9640929381165192,human,0.9633399061487916,4,human,4.0,0.9633399061487916
815721979,biIIielurk,brand,0.3566,0,0.0,0.9790897908979089,human,0.9230769230769231,human,0.9999989215922855,human,0.9509750522038039,human,0.9632851719427302,4,human,4.0,0.9632851719427302
815724452,michaelcoyote,brand,0.3494,0,0.0,0.9708994708994709,human,0.9230769230769231,human,0.9994094803631595,human,0.9592106748271537,human,0.9631491372916768,4,human,4.0,0.9631491372916768
815725391,HUDAFUNK,brand,0.6766,0,0.0,0.9790897908979089,human,0.9230769230769231,human,0.9977575914887936,human,0.9508612776825647,human,0.9626963957865475,4,human,4.0,0.9626963957865475
815725162,WTF301071,brand,0.6619,0,0.0,0.9081967213114754,human,1.0,human,0.9581342886256271,human,0.9819725048207468,human,0.9620758786894623,4,human,4.0,0.9620758786894623
815719911,SpiritOfEnLes,brand,0.6456,0,0.0,0.9081967213114754,human,1.0,human,0.9999854047276847,human,0.940062872628468,human,0.962061249666907,4,human,4.0,0.962061249666907
815732850,Mark11888,brand,0.6709,0,0.0,0.9790897908979089,human,0.9230769230769231,human,0.9717179440759497,human,0.9742826168683991,human,0.9620418187297952,4,human,4.0,0.9620418187297952
815737028,beastcoastlyfe,brand,0.6638,0,0.0,0.9285714285714286,human,1.0,human,0.9999999999999947,human,0.9194659428125432,human,0.9620093428459917,4,human,4.0,0.9620093428459917
815728787,YouareParsons,brand,0.6656,0,0.0,0.9790897908979089,human,0.9230769230769231,human,0.9885885905448534,human,0.9565864685437243,human,0.9618354432658525,4,human,4.0,0.9618354432658525
815727974,jljaina,brand,0.6688,0,0.0,0.9790897908979089,human,0.9230769230769231,human,0.987329395421605,human,0.9577337091234619,human,0.9618074546299747,4,human,4.0,0.9618074546299747
815727389,xtinasvenue,brand,0.3442,0,0.0,0.9790897908979089,human,0.9230769230769231,human,0.9916589966205437,human,0.9526031505076835,human,0.9616072152757648,4,human,4.0,0.9616072152757648
815732838,obsessed_boyban,brand,0.6745,0,0.0,0.9790897908979089,human,0.9230769230769231,human,0.988913705773081,human,0.9553481905930407,human,0.9616071525852384,4,human,4.0,0.9616071525852384
815721776,ladypirn,brand,0.6782,0,0.0,0.9285714285714286,human,1.0,human,0.999043295448648,human,0.9174390480804361,human,0.9612634430251281,4,human,4.0,0.9612634430251281
815730950,JJayTee_,brand,0.6743,0,0.0,0.9790897908979089,human,1.0,human,0.9995575166944509,human,0.8648131597712314,human,0.9608651168408979,4,human,4.0,0.9608651168408979
815728390,PixelSSB,brand,0.6616,0,0.0,0.9708994708994709,human,0.9230769230769231,human,0.9997560793852988,human,0.9496091671296724,human,0.9608354101228413,4,human,4.0,0.9608354101228413
815733858,bonorwich,brand,0.6574,0,0.0,0.9081967213114754,human,1.0,human,0.9978926627660272,human,0.9372428076973489,human,0.9608330479437129,4,human,4.0,0.9608330479437129
815727024,loseyourself235,brand,0.3397,0,0.0,0.9790897908979089,human,0.9230769230769231,human,0.9619984165229885,human,0.9782542214151739,human,0.9606048379782486,4,human,4.0,0.9606048379782486
815734410,gaiages,brand,0.6634,0,0.0,0.9036827195467422,human,1.0,human,0.9980167354289571,human,0.9398847101266633,human,0.9603960412755906,4,human,4.0,0.9603960412755906
815721972,AMCx32,brand,0.6602,0,0.0,0.9790897908979089,human,0.9230769230769231,human,0.9999999999624016,human,0.9385755960517254,human,0.9601855774972398,4,human,4.0,0.9601855774972398
815728924,lawyerinbeta,brand,0.6534,0,0.0,0.9790897908979089,human,0.9230769230769231,human,0.9747227262051584,human,0.9624645200938559,human,0.9598384900684616,4,human,4.0,0.9598384900684616
815738686,CandidoDhess,brand,0.6698,0,0.0,0.9790897908979089,human,0.9230769230769231,human,0.9992409839553721,human,0.9379104338114405,human,0.9598295329354112,4,human,4.0,0.9598295329354112
815727824,Foothill_Dance,brand,1.0,0,0.0,0.9285714285714286,human,1.0,human,0.9999999999998437,human,0.9104805256586707,human,0.9597629885574858,4,human,4.0,0.9597629885574858
815735938,yomings,brand,0.3632,0,0.0,0.9081967213114754,human,1.0,human,0.9999863270691839,human,0.9307378156016534,human,0.9597302159955782,4,human,4.0,0.9597302159955782
815731526,paparatti,brand,0.6361,0,0.0,0.9790897908979089,human,0.9230769230769231,human,0.9791377158706006,human,0.955715935266139,human,0.9592550912778929,4,human,4.0,0.9592550912778929
815735138,FrostyBear21,brand,0.6641,0,0.0,0.9790897908979089,human,0.9230769230769231,human,0.9995102605412776,human,0.9352922329917163,human,0.9592423018769565,4,human,4.0,0.9592423018769565
815737613,cnorton128,brand,0.6802,0,0.0,0.9790897908979089,human,0.9230769230769231,human,0.9480020693339707,human,0.9865359130928445,human,0.9591761741004118,4,human,4.0,0.9591761741004118
815736722,sadwitches,brand,0.6456,0,0.0,0.9790897908979089,human,0.9230769230769231,human,0.9990442290335536,human,0.9353339455858843,human,0.9591362221485674,4,human,4.0,0.9591362221485674
815720699,AberJohnny,brand,0.6772,0,0.0,0.9708994708994709,human,0.9230769230769231,human,0.997440230789014,human,0.9450901280650005,human,0.959126688207602,4,human,4.0,0.959126688207602
815720229,StPancrasInt,brand,1.0,0,0.0,0.9036827195467422,human,1.0,human,0.9942216523963272,human,0.9385969821984622,human,0.9591253385353828,4,human,4.0,0.9591253385353828
815732290,blazingbooks420,brand,0.6912,0,0.0,0.9463087248322147,human,0.9230769230769231,human,0.9990833163079201,human,0.9674830672933196,human,0.9589880078775943,4,human,4.0,0.9589880078775943
815737902,UOTrackFangirl,brand,0.6472,0,0.0,0.9790897908979089,human,0.9230769230769231,human,0.9999995977786603,human,0.9333397441361767,human,0.9588765139724172,4,human,4.0,0.9588765139724172
815726623,ZOANTHROPOLOGY,brand,0.6872,0,0.0,0.9285714285714286,human,1.0,human,0.9993326045876036,human,0.9064853513638602,human,0.9585973461307231,4,human,4.0,0.9585973461307231
815730449,ZroHour,brand,0.6529,0,0.0,0.9081967213114754,human,1.0,human,0.9984898172264538,human,0.9270804187662144,human,0.9584417393260359,4,human,4.0,0.9584417393260359
815730262,Kyuugayaku,brand,0.6685,0,0.0,0.9790897908979089,human,0.9230769230769231,human,0.9993200545537946,human,0.9320716486388851,human,0.958389604291878,4,human,4.0,0.958389604291878
815734965,KaraAbheri1,brand,0.6525,0,0.0,0.9463087248322147,human,0.9230769230769231,human,0.9857732590793653,human,0.9782762346514563,human,0.9583587854099899,4,human,4.0,0.9583587854099899
815739402,KINGPOM_FUCKYOU,brand,0.6661,0,0.0,0.9790897908979089,human,0.9230769230769231,human,0.974350877689035,human,0.9567580263761267,human,0.9583189045099985,4,human,4.0,0.9583189045099985
815730116,skywlka22,brand,0.6603,0,0.0,0.9285714285714286,human,1.0,human,0.9448444187850839,human,0.9593858544341466,human,0.9582004254476648,4,human,4.0,0.9582004254476648
815738456,Based1UP,brand,0.6516,0,0.0,0.9790897908979089,human,0.9230769230769231,human,0.9982395977664636,human,0.9321549177362796,human,0.9581403073693938,4,human,4.0,0.9581403073693938
815732398,613Linkshot,brand,0.6672,0,0.0,0.9081967213114754,human,1.0,human,0.9946913294237317,human,0.9295874711523678,human,0.9581188804718938,4,human,4.0,0.9581188804718938
815736474,ThreeGymnopedie,brand,0.3447,0,0.0,0.9790897908979089,human,0.9230769230769231,human,0.9684052171291911,human,0.9613938900597894,human,0.9579914552909532,4,human,4.0,0.9579914552909532
815722974,Dfitz9477,brand,0.6465,0,0.0,0.9285714285714286,human,1.0,human,0.9237254886179231,human,0.9764232169101471,human,0.9571800335248748,4,human,4.0,0.9571800335248748
815727299,BIRP,brand,0.6739,0,0.0,0.9036827195467422,human,1.0,human,0.9977112757152108,human,0.9268783465711434,human,0.957068085458274,4,human,4.0,0.957068085458274
815719561,Chargers_NEFL,brand,1.0,0,0.0,0.9790897908979089,human,0.9230769230769231,human,0.9999999999999822,human,0.9243755884252305,human,0.9566355756000111,4,human,4.0,0.9566355756000111
815720996,darklands23,brand,0.3583,0,0.0,0.9708994708994709,human,0.9230769230769231,human,0.9827317485054803,human,0.9498294894666067,human,0.9566344079871202,4,human,4.0,0.9566344079871202
815727117,Hobie_Dog,brand,0.66,0,0.0,0.9708994708994709,human,0.9230769230769231,human,0.999999999999158,human,0.9312566700942901,human,0.9563082660174606,4,human,4.0,0.9563082660174606
815734286,Fatimahamoudi5,brand,0.6555,0,0.0,0.9790897908979089,human,1.0,human,0.8632726664679903,human,0.9828149070538028,human,0.9562943411049256,4,human,4.0,0.9562943411049256
815724599,d_michaelsatele,brand,0.6333,0,0.0,0.9790897908979089,human,0.9230769230769231,human,0.994191715397092,human,0.9271207002331703,human,0.9558697824012736,4,human,4.0,0.9558697824012736
815725825,high_on_glitter,brand,0.6921,0,0.0,0.9790897908979089,human,0.9230769230769231,human,0.939977353545396,human,0.9803809341986776,human,0.9556312504297264,4,human,4.0,0.9556312504297264
815723594,ranveersbabe,brand,0.3404,0,0.0,0.9790897908979089,human,0.9230769230769231,human,1.0,human,0.9202772753229709,human,0.9556109973244507,4,human,4.0,0.9556109973244507
815730653,GlitterSpresso,brand,0.6841,0,0.0,0.9285714285714286,human,0.9230769230769231,human,1.0,human,0.9706384887360792,human,0.9555717100961078,4,human,4.0,0.9555717100961078
815723825,ukwarmachine,brand,0.6573,0,0.0,0.9790897908979089,human,0.9230769230769231,human,0.9972511245026986,human,0.9222337499227716,human,0.9554128971000756,4,human,4.0,0.9554128971000756
815735282,darkIaws,brand,0.6602,0,0.0,0.9036827195467422,human,0.9230769230769231,human,0.9999850457274863,human,0.9942360324944184,human,0.9552451802113926,4,human,4.0,0.9552451802113926
815736346,zjmliamalarca,brand,0.6266,0,0.0,0.9285714285714286,human,0.9230769230769231,human,0.9999002099904772,human,0.9678860696401291,human,0.9548586578197396,4,human,4.0,0.9548586578197396
815737698,Hessahalkhawari,brand,0.3389,0,0.0,0.9790897908979089,human,0.8461538461538461,human,1.0,human,0.9940674181832484,human,0.9548277638087508,4,human,4.0,0.9548277638087508
815738361,Imreallyshitty,brand,0.676,0,0.0,0.9081967213114754,human,0.9230769230769231,human,0.9999863456945389,human,0.9854465058274344,human,0.9541766239775931,4,human,4.0,0.9541766239775931
815738184,tomred5,brand,0.6871,0,0.0,0.9790897908979089,human,1.0,human,0.8806213033051234,human,0.9561498540261495,human,0.9539652370572955,4,human,4.0,0.9539652370572955
815727725,tomlinflows,brand,0.6643,0,0.0,0.9790897908979089,human,0.8461538461538461,human,1.0,human,0.9898813972598085,human,0.9537812585778909,4,human,4.0,0.9537812585778909
815732178,dariancordova,brand,0.6615,0,0.0,0.9036827195467422,human,0.9230769230769231,human,0.9986622065082864,human,0.9890872031142025,human,0.9536272630615386,4,human,4.0,0.9536272630615386
815736408,SimplyAnder,brand,0.6396,0,0.0,0.9790897908979089,human,0.9230769230769231,human,0.9993832645215585,human,0.9115561478999776,human,0.953276531599092,4,human,4.0,0.953276531599092
815734342,dadadaily,brand,0.6534,0,0.0,0.9790897908979089,human,0.9230769230769231,human,0.9396230540711965,human,0.9711380494660887,human,0.9532319543780293,4,human,4.0,0.9532319543780293
815732647,icanttt,brand,0.6835,0,0.0,0.9054054054054054,human,1.0,human,0.9465729804283515,human,0.9598749753302271,human,0.952963340290996,4,human,4.0,0.952963340290996
815731889,311guy,brand,0.6619,0,0.0,0.9911504424778761,human,0.8461538461538461,human,0.9999999999863718,human,0.9744419054545294,human,0.9529365485181558,4,human,4.0,0.9529365485181558
815731645,alexgasratchet,brand,0.3374,0,0.0,0.9285714285714286,human,1.0,human,0.9867340463714525,human,0.896289288879264,human,0.9528986909555363,4,human,4.0,0.9528986909555363
815733160,faviator,brand,0.688,0,0.0,0.9790897908979089,human,0.8461538461538461,human,0.9999999910775799,human,0.9849542231751908,human,0.9525494628261314,4,human,4.0,0.9525494628261314
815732751,ChanceOneShot,brand,0.66,0,0.0,0.9081967213114754,human,0.9230769230769231,human,1.0,human,0.9782410375332362,human,0.9523786704804087,4,human,4.0,0.9523786704804087
815733716,SuicideBiscuits,brand,0.6683,1,0.0,0.9036827195467422,human,1.0,human,0.9945930103787626,human,0.9110639131897955,human,0.952334910778825,4,human,4.0,0.952334910778825
815722517,ghostofjohanna,brand,0.3574,0,0.0,0.9081967213114754,human,0.9230769230769231,human,1.0,human,0.9775280326639181,human,0.9522004192630792,4,human,4.0,0.9522004192630792
815726116,lonhro,brand,0.6609,0,0.0,0.9081967213114754,human,0.9230769230769231,human,0.9999999996935571,human,0.9772575617713762,human,0.952132801463333,4,human,4.0,0.952132801463333
815735533,CanadianBeats1,brand,1.0,0,0.0,0.9081967213114754,human,0.9230769230769231,human,0.9999999999990976,human,0.9770681751887997,human,0.952085454894074,4,human,4.0,0.952085454894074
815732024,rashidgill5,brand,0.6546,0,0.0,0.9036827195467422,human,0.9230769230769231,human,1.0,human,0.9808132772173077,human,0.9518932299602433,4,human,4.0,0.9518932299602433
815731036,CCS_Skate,brand,1.0,0,0.0,0.9285714285714286,human,0.9230769230769231,human,0.9999999999998685,human,0.9556813986389376,human,0.9518324375717895,4,human,4.0,0.9518324375717895
815729387,WheelmanForHire,brand,0.6785,0,0.0,0.8328912466843501,human,1.0,human,0.9953636347264063,human,0.9771499900159476,human,0.951351217856676,4,human,4.0,0.951351217856676
815720443,always_vote,brand,0.6736,0,0.0,0.9708994708994709,human,0.9230769230769231,human,0.9992674730665505,human,0.9106630229264837,human,0.9509767224923571,4,human,4.0,0.9509767224923571
815738672,SkatersChoiceCO,brand,1.0,0,0.0,0.9036827195467422,human,0.9230769230769231,human,1.0,human,0.9758296305297561,human,0.9506473182883554,4,human,4.0,0.9506473182883554
815720227,Ogbanje_,brand,0.6565,0,0.0,0.9790897908979089,human,0.8461538461538461,human,0.9999999999999822,human,0.9772177282182645,human,0.9506153413175004,4,human,4.0,0.9506153413175004
815721415,221_b_Sherlock,brand,0.348,0,0.0,0.9790897908979089,human,1.0,human,0.972464507831653,human,0.8495488080142315,human,0.9502757766859483,4,human,4.0,0.9502757766859483
815720888,Isolated_Shadow,brand,0.6747,0,0.0,0.9036827195467422,human,0.9230769230769231,human,0.9999347380384458,human,0.9738025304481714,human,0.9501242277775708,4,human,4.0,0.9501242277775708
815724980,ARIZONATWEETZ,brand,0.3424,0,0.0,0.9081967213114754,human,1.0,human,1.0,human,0.8915490698460474,human,0.9499364477893808,4,human,4.0,0.9499364477893808
815734805,nutellAHarris24,brand,0.3385,0,0.0,0.9790897908979089,human,0.9230769230769231,human,0.9586310287405526,human,0.938153486423139,human,0.9497378072846309,4,human,4.0,0.9497378072846309
815723888,DubbzBear,brand,0.6409,0,0.0,0.9081967213114754,human,0.9230769230769231,human,0.9999999999832809,human,0.9676742825860156,human,0.9497369817394238,4,human,4.0,0.9497369817394238
815732721,sindarina,brand,0.6674,0,0.0,0.9036827195467422,human,0.9230769230769231,human,0.9999999999999964,human,0.9717100763984172,human,0.9496174297555198,4,human,4.0,0.9496174297555198
815727792,locatheshowgirl,brand,0.672,0,0.0,0.9081967213114754,human,0.9230769230769231,human,0.999782618526625,human,0.966965637209386,human,0.9495054750311023,4,human,4.0,0.9495054750311023
815722743,iamtwine,brand,0.6656,0,0.0,0.896551724137931,human,1.0,human,1.0,human,0.9007948932003612,human,0.949336654334573,4,human,4.0,0.949336654334573
815722041,guscraw,brand,0.3355,0,0.0,0.9285714285714286,human,1.0,human,0.9999803683210947,human,0.8687480781150307,human,0.9493249687518885,4,human,4.0,0.9493249687518885
815725868,SXYVS,female,1.0,1,1.0,0.06206896551724138,non-human,0.07692307692307693,non-human,2.9049557766658397e-07,non-human,0.06440200807515932,non-human,0.050848585252763825,0,non-human,4.0,0.9491514147472362
815734181,monstracious,brand,0.6578,0,0.0,0.9081967213114754,human,0.9230769230769231,human,0.9990154706257182,human,0.9655730367787777,human,0.9489655379482237,4,human,4.0,0.9489655379482237
815733491,TeamAHarmon,brand,0.6847,0,0.0,0.9081967213114754,human,1.0,human,0.9950228234286893,human,0.8918631591800831,human,0.948770675980062,4,human,4.0,0.948770675980062
815729310,Rob_Simple,brand,0.3548,0,0.0,0.9036827195467422,human,0.9230769230769231,human,0.9997390708042767,human,0.9667311615175459,human,0.948307468736372,4,human,4.0,0.948307468736372
815736589,iamdaman00,brand,0.6476,0,0.0,0.9081967213114754,human,0.9230769230769231,human,0.9992408147209765,human,0.9625650455834691,human,0.948269876173211,4,human,4.0,0.948269876173211
815727064,BanJen15,brand,0.6761,0,0.0,0.9081967213114754,human,0.9230769230769231,human,0.9999999999999911,human,0.9617896965641984,human,0.948265835238147,4,human,4.0,0.948265835238147
815739540,KuKu_EmmaW_fan,brand,0.3418,0,0.0,0.9790897908979089,human,0.8461538461538461,human,0.9999999999998295,human,0.9670631818213622,human,0.9480767047182366,4,human,4.0,0.9480767047182366
815735399,thenipahhut,brand,0.6809,0,0.0,0.9790897908979089,human,0.9230769230769231,human,0.994684908826259,human,0.8952936047570969,human,0.948036306889547,4,human,4.0,0.948036306889547
815734635,Skipton_Police,brand,1.0,0,0.0,0.9708994708994709,human,1.0,human,0.973531663402967,human,0.847489319439595,human,0.9479801134355083,4,human,4.0,0.9479801134355083
815733192,1cough_syrup8,brand,0.3429,0,0.0,0.9411764705882353,human,0.9230769230769231,human,0.9993112121072596,human,0.9279746411612837,human,0.9478848117334255,4,human,4.0,0.9478848117334255
815734420,pepperqt,brand,0.6569,0,0.0,0.9790897908979089,human,0.8461538461538461,human,0.9896751258223464,human,0.9761145241931788,human,0.94775832176682,4,human,4.0,0.94775832176682
815733316,dialecticube,brand,0.6726,0,0.0,0.9081967213114754,human,0.9230769230769231,human,1.0,human,0.9592023671414528,human,0.9476190028824628,4,human,4.0,0.9476190028824628
815732901,SLightmaree,brand,0.6614,0,0.0,0.9081967213114754,human,1.0,human,0.9972754781500728,human,0.8846277272524836,human,0.947524981678508,4,human,4.0,0.947524981678508
815733374,littleredspook,brand,0.6502,0,0.0,0.9790897908979089,human,0.8461538461538461,human,0.9999949159696254,human,0.9647703052997699,human,0.9475022145802876,4,human,4.0,0.9475022145802876
815729780,itsterrio_hoe,brand,0.6704,0,0.0,0.9911504424778761,human,0.9230769230769231,human,0.9635485915270993,human,0.9119478049284094,human,0.9474309405025769,4,human,4.0,0.9474309405025769
815737181,Valerie_832,brand,0.675,0,0.0,0.9285714285714286,human,1.0,human,0.9040636078023492,human,0.9551829497814356,human,0.9469544965388033,4,human,4.0,0.9469544965388033
815722012,BinaryeProfit,male,0.3456,0,1.0,0.0,non-human,0.15384615384615385,non-human,1.3071773527065158e-71,non-human,0.060728441192938326,non-human,0.053643648759773045,0,non-human,4.0,0.946356351240227
815723497,NakedGambling,brand,0.679,0,0.0,0.9081967213114754,human,0.9230769230769231,human,0.9999897787842308,human,0.9537007084997371,human,0.9462410329180916,4,human,4.0,0.9462410329180916
815737255,ushijimmy,brand,0.6639,0,0.0,0.9285714285714286,human,1.0,human,0.9999696118882571,human,0.8546877776883723,human,0.9458072045370145,4,human,4.0,0.9458072045370145
815724385,afscot,brand,0.6619,0,0.0,0.9790897908979089,human,1.0,human,0.8391979595524417,human,0.9649167340831288,human,0.9458011211333699,4,human,4.0,0.9458011211333699
815731718,AlmiiCuello,brand,0.314,0,0.0,0.8328912466843501,human,1.0,human,0.989130688809847,human,0.9608568491651778,human,0.9457196961648437,4,human,4.0,0.9457196961648437
815729965,BriMercedes,brand,0.6792,0,0.0,0.9790897908979089,human,0.8461538461538461,human,0.9980528755110465,human,0.9583634580531468,human,0.9454149926539871,4,human,4.0,0.9454149926539871
815724834,meekjr_,brand,0.6542,0,0.0,0.9790897908979089,human,0.9230769230769231,human,0.9933177729110714,human,0.8859909273643912,human,0.9453688535625736,4,human,4.0,0.9453688535625736
815736736,MadeByDrugs,brand,0.6548,0,0.0,0.9411764705882353,human,0.9230769230769231,human,1.0,human,0.9165790700115415,human,0.945208115919175,4,human,4.0,0.945208115919175
815733175,Beardlini,brand,0.6386,1,0.0,0.9790897908979089,human,0.9230769230769231,human,0.9964766395068861,human,0.8811304169654892,human,0.9449434426118017,4,human,4.0,0.9449434426118017
815720301,irisannwests,brand,0.6723,1,0.0,0.9790897908979089,human,0.8461538461538461,human,0.9999984558949271,human,0.9533975039366711,human,0.9446598992208384,4,human,4.0,0.9446598992208384
815720239,Butcherr666,brand,0.6468,0,0.0,0.9036827195467422,human,0.9230769230769231,human,0.9884673426427867,human,0.9611413400884063,human,0.9440920813387146,4,human,4.0,0.9440920813387146
815734564,bosunescobar,brand,0.3376,0,0.0,0.9790897908979089,human,0.8461538461538461,human,0.9883513272504427,human,0.9624719850304614,human,0.9440167373331648,4,human,4.0,0.9440167373331648
815722137,Cekeshe,brand,0.6789,0,0.0,0.8734177215189873,human,0.9230769230769231,human,0.9999999999998472,human,0.9791442781490635,human,0.9439097306862053,4,human,4.0,0.9439097306862053
815731009,GMShivers,brand,0.6638,0,0.0,0.9708994708994709,human,0.8461538461538461,human,0.9999993745614371,human,0.9573333000275084,human,0.9435964979105657,4,human,4.0,0.9435964979105657
815723827,Dewhz,brand,0.6672,0,0.0,0.9081967213114754,human,0.9230769230769231,human,0.9998683885400228,human,0.9422476518386579,human,0.9433474211917698,4,human,4.0,0.9433474211917698
815735364,Einherion,brand,0.6703,0,0.0,0.9790897908979089,human,1.0,human,0.8221465064419556,human,0.9721253914155353,human,0.94334042218885,4,human,4.0,0.94334042218885
815730322,TrueLies6,brand,0.6643,0,0.0,0.9790897908979089,human,0.9230769230769231,human,0.9371851254916316,human,0.9337505756084962,human,0.94327560376874,4,human,4.0,0.94327560376874
815734519,RyProductions_,brand,0.6684,0,0.0,0.9790897908979089,human,0.8461538461538461,human,0.9999970400808708,human,0.9472947323546613,human,0.9431338523718218,4,human,4.0,0.9431338523718218
815722030,NeilaK20,brand,0.6591,0,0.0,0.9036827195467422,human,0.9230769230769231,human,0.999661971830401,human,0.9451073798751829,human,0.9428822485823123,4,human,4.0,0.9428822485823123
815731290,turnertech_carl,brand,0.6654,0,0.0,0.9081967213114754,human,1.0,human,0.9762068528644745,human,0.8869374057651572,human,0.9428352449852768,4,human,4.0,0.9428352449852768
815720107,RidgeWorld,brand,0.6612,0,0.0,0.9285714285714286,human,0.9230769230769231,human,0.9999999999997371,human,0.9188226429669893,human,0.9426177486537696,4,human,4.0,0.9426177486537696
815731019,voidfangchest,brand,0.6796,0,0.0,0.9081967213114754,human,0.9230769230769231,human,0.9999946014216539,human,0.938441326064789,human,0.9424273929687104,4,human,4.0,0.9424273929687104
815725891,RichandGod,brand,0.6762,0,0.0,0.896551724137931,human,0.9230769230769231,human,0.9994257626305171,human,0.9499571372938171,human,0.9422528867847971,4,human,4.0,0.9422528867847971
815720822,WorcsFaithful,brand,0.6621,0,0.0,0.9790897908979089,human,1.0,human,0.8268217073386539,human,0.9620791551940954,human,0.9419976633576647,4,human,4.0,0.9419976633576647
815729303,ajaw_,brand,0.6779,0,0.0,0.9036827195467422,human,0.9230769230769231,human,0.9995920932069614,human,0.9413561348852775,human,0.9419269676789761,4,human,4.0,0.9419269676789761
815734547,Bilston71,brand,0.3553,0,0.0,0.9285714285714286,human,0.9230769230769231,human,0.9832230685806581,human,0.9311256447621638,human,0.9414992662477935,4,human,4.0,0.9414992662477935
815727210,haineystuart,brand,0.6506,0,0.0,0.9790897908979089,human,0.8461538461538461,human,1.0,human,0.9407259240015627,human,0.9414923902633294,4,human,4.0,0.9414923902633294
815738604,crayoness,brand,0.6577,0,0.0,0.9036827195467422,human,0.9230769230769231,human,0.9994302872891815,human,0.938850055421116,human,0.9412599963334908,4,human,4.0,0.9412599963334908
815730153,Touch_Soul_Poem,female,0.661,0,1.0,0.13636363636363635,non-human,0.0,non-human,3.482412725188601e-05,non-human,0.10116179774545941,non-human,0.059390064559086915,0,non-human,4.0,0.9406099354409131
815724789,1001coupons,male,0.6506,0,1.0,0.0,non-human,0.15384615384615385,non-human,4.96572257921888e-71,non-human,0.08396682403017695,non-human,0.059453244469082706,0,non-human,4.0,0.9405467555309173
815735329,xIamDeath,brand,0.665,0,0.0,0.9790897908979089,human,1.0,human,0.8331500041129921,human,0.9492332652743786,human,0.9403682650713199,4,human,4.0,0.9403682650713199
815735836,cliffordatass,brand,0.3515,0,0.0,0.9790897908979089,human,0.8461538461538461,human,0.99999999994467,human,0.9360596640898501,human,0.9403258252715687,4,human,4.0,0.9403258252715687
815720003,NotLikeFreddy,brand,0.6653,0,0.0,0.9036827195467422,human,0.9230769230769231,human,1.0,human,0.9343795332381916,human,0.9402847939654643,4,human,4.0,0.9402847939654643
815735284,aoyager,brand,0.6646,0,0.0,0.9081967213114754,human,1.0,human,0.9888224403302004,human,0.8613646181823226,human,0.9395959449559996,4,human,4.0,0.9395959449559996
815738605,toshboy99,brand,0.6403,0,0.0,0.9463087248322147,human,0.9230769230769231,human,0.9445872733307936,human,0.9442014120803887,human,0.9395435833300799,4,human,4.0,0.9395435833300799
815719253,the_offical_ios,brand,0.6667,0,0.0,0.9285714285714286,human,0.9230769230769231,human,0.9999171172660095,human,0.9061305350783567,human,0.9394240009981796,4,human,4.0,0.9394240009981796
815726368,en_iyi_vine,brand,0.6595,0,0.0,0.9347826086956522,human,1.0,human,0.8571933521345194,human,0.9652591819640516,human,0.9393087856985558,4,human,4.0,0.9393087856985558
815724321,TrickyBee,brand,0.6711,0,0.0,0.9708994708994709,human,0.8461538461538461,human,0.9997773337963849,human,0.940192830135775,human,0.9392558702463691,4,human,4.0,0.9392558702463691
815726135,smashb1,brand,0.6899,0,0.0,0.9790897908979089,human,0.9230769230769231,human,0.9134407758577648,human,0.9411417435438553,human,0.939187308344113,4,human,4.0,0.939187308344113
815719930,StevePowellUKIP,brand,0.6766,0,0.0,0.9708994708994709,human,0.9230769230769231,human,0.9968477707509534,human,0.8645968809279803,human,0.9388552614138319,4,human,4.0,0.9388552614138319
815722461,DominationTos,brand,0.6458,0,0.0,0.9411764705882353,human,1.0,human,0.9999999999999734,human,0.8140558112321473,human,0.9388080704550891,4,human,4.0,0.9388080704550891
815727895,_Turntway,brand,0.6589,0,0.0,0.9790897908979089,human,0.8461538461538461,human,0.9893424053427899,human,0.9404820082122106,human,0.9387670126516889,4,human,4.0,0.9387670126516889
815737817,hemmoschode,brand,0.653,0,0.0,0.9285714285714286,human,0.9230769230769231,human,0.9999117876148581,human,0.9032497701244359,human,0.9387024773469115,4,human,4.0,0.9387024773469115
815735225,hologramvron,brand,0.6475,0,0.0,0.9081967213114754,human,0.9230769230769231,human,0.9999872312210353,human,0.9233050295966043,human,0.9386414763015095,4,human,4.0,0.9386414763015095
815731804,1000kindsofrain,brand,0.6366,0,0.0,0.9036827195467422,human,1.0,human,0.9376569299351689,human,0.9131700755829145,human,0.9386274312662064,4,human,4.0,0.9386274312662064
815731399,ItsJust_Aileen,brand,0.6618,0,0.0,0.8328912466843501,human,1.0,human,1.0,human,0.9212561053961675,human,0.9385368380201294,4,human,4.0,0.9385368380201294
815736462,GetYourTipsOut,brand,1.0,0,0.0,0.9708994708994709,human,1.0,human,0.9975983575261945,human,0.7849429424900445,human,0.9383601927289276,4,human,4.0,0.9383601927289276
815731549,Phoenixarised,brand,0.6525,0,0.0,0.9081967213114754,human,0.9230769230769231,human,0.9999999782823539,human,0.920808064027075,human,0.938020421674457,4,human,4.0,0.938020421674457
815729137,VerseUniverse,brand,0.6688,0,0.0,0.9790897908979089,human,0.9230769230769231,human,0.8699888072619998,human,0.9773215741583703,human,0.9373692738488004,4,human,4.0,0.9373692738488004
815723474,MrMoustacheCat,brand,0.6833,0,0.0,0.9081967213114754,human,0.9230769230769231,human,0.999999810124127,human,0.9179196090856516,human,0.9372982658995443,4,human,4.0,0.9372982658995443
815731244,Chchucks,brand,0.6631,0,0.0,0.8918918918918919,human,0.9230769230769231,human,0.9669111175604257,human,0.9670715408164164,human,0.9372378683364142,4,human,4.0,0.9372378683364142
815726730,Rafurl,brand,0.6977,0,0.0,0.9790897908979089,human,0.8461538461538461,human,1.0,human,0.9227517773119109,human,0.9369988535909164,4,human,4.0,0.9369988535909164
815733770,nyaneyan,brand,0.6617,0,0.0,0.9081967213114754,human,0.8461538461538461,human,1.0,human,0.9930512102910201,human,0.9368504444390854,4,human,4.0,0.9368504444390854
815733753,ZakSketch,brand,0.6755,0,0.0,0.9790897908979089,human,0.8461538461538461,human,0.9965866573505067,human,0.9203618206627306,human,0.9355480287662481,4,human,4.0,0.9355480287662481
815726616,MejoresLook,brand,1.0,0,0.0,0.8823529411764706,human,0.9230769230769231,human,0.999999999999968,human,0.9336219503376748,human,0.9347629536477591,4,human,4.0,0.9347629536477591
815730536,TedTerrier,brand,0.6701,0,0.0,0.9708994708994709,human,0.8461538461538461,human,0.9984650528337834,human,0.9233390918031654,human,0.9347143654225665,4,human,4.0,0.9347143654225665
815723066,FFGC_SMatthews,brand,0.6497,0,0.0,0.9790897908979089,human,1.0,human,0.9609540204237209,human,0.7981117995371134,human,0.9345389027146859,4,human,4.0,0.9345389027146859
815734097,twlldun,brand,0.6656,0,0.0,0.9790897908979089,human,0.7692307692307693,human,0.9999980635982756,human,0.9891565298223779,human,0.934368788387333,4,human,4.0,0.934368788387333
815735980,Asahi_Chan86,brand,0.6755,0,0.0,0.9036827195467422,human,0.9230769230769231,human,0.9996648706473171,human,0.91084808129142,human,0.9343181486406006,4,human,4.0,0.9343181486406006
815729158,Nico_boi,brand,0.666,0,0.0,0.8918918918918919,human,0.9230769230769231,human,0.999800855274756,human,0.9223702640695102,human,0.9342849835782703,4,human,4.0,0.9342849835782703
815730595,SunshineGal24,brand,0.664,0,0.0,0.9790897908979089,human,1.0,human,0.8018771101738327,human,0.955935185029824,human,0.9342255215253915,4,human,4.0,0.9342255215253915
815736939,Terick_7,brand,0.3548,0,0.0,0.9790897908979089,human,0.8461538461538461,human,0.9905071158649994,human,0.9211040516004689,human,0.9342137011293058,4,human,4.0,0.9342137011293058
815724460,harry_f0ols,brand,0.6735,0,0.0,0.77,human,1.0,human,0.9999921104625081,human,0.9647514672071541,human,0.9336858944174156,4,human,4.0,0.9336858944174156
815727535,ottawaclique,brand,0.3396,0,0.0,0.9054054054054054,human,1.0,human,0.8650084735484362,human,0.964198152951747,human,0.9336530079763972,4,human,4.0,0.9336530079763972
815733637,Fony_Zony,brand,0.6565,0,0.0,0.9036827195467422,human,0.8461538461538461,human,1.0,human,0.9832796233690463,human,0.9332790472674086,4,human,4.0,0.9332790472674086
815722929,fosteravepro,brand,0.6642,0,0.0,0.9036827195467422,human,0.9230769230769231,human,0.9999977811653866,human,0.9029744529395579,human,0.9324329691821525,4,human,4.0,0.9324329691821525
815731229,Dizzie_Dog,brand,0.6601,0,0.0,0.8918918918918919,human,0.9230769230769231,human,0.9659422514616779,human,0.9484860588614001,human,0.9323492813229732,4,human,4.0,0.9323492813229732
815736924,mbtimelord,brand,0.3587,0,0.0,0.9081967213114754,human,0.9230769230769231,human,0.9898901864808952,human,0.9039405118830451,human,0.9312760856880847,4,human,4.0,0.9312760856880847
815729008,TheSaintOfTous,brand,0.3451,0,0.0,0.9708994708994709,human,0.8461538461538461,human,0.999970356265918,human,0.9065459283071485,human,0.9308924004065958,4,human,4.0,0.9308924004065958
815729326,Somers_Library,brand,1.0,0,0.0,0.9790897908979089,human,0.8461538461538461,human,0.9996326777013863,human,0.8979698144799196,human,0.9307115323082653,4,human,4.0,0.9307115323082653
815722160,sigmacoder,brand,0.6497,0,0.0,0.9790897908979089,human,0.7692307692307693,human,0.9985229853498808,human,0.9756482620040324,human,0.9306229518706478,4,human,4.0,0.9306229518706478
815722971,TheTeflon_VON,brand,0.6501,0,0.0,0.9790897908979089,human,0.9230769230769231,human,0.9738254893011179,human,0.8453600370457228,human,0.9303380600804182,4,human,4.0,0.9303380600804182
815736943,trivialattire,brand,0.3387,0,0.0,0.9790897908979089,human,0.7692307692307693,human,0.9999868067415082,human,0.9722677708949984,human,0.9301437844412962,4,human,4.0,0.9301437844412962
815731148,timc4567,brand,0.3411,0,0.0,0.9790897908979089,human,1.0,human,0.7528655300588121,human,0.9882645641875357,human,0.9300549712860642,4,human,4.0,0.9300549712860642
815738291,Desolation00,brand,0.3592,0,0.0,0.9790897908979089,human,0.8461538461538461,human,0.9917949014797178,human,0.9028037492808669,human,0.929960571953085,4,human,4.0,0.929960571953085
815734380,MrAmaru,brand,0.6733,0,0.0,0.8328912466843501,human,0.9230769230769231,human,0.9999999999999822,human,0.9600751706308516,human,0.9290108350980267,4,human,4.0,0.9290108350980267
815734513,bama_tweets,brand,0.6615,0,0.0,0.8328912466843501,human,0.9230769230769231,human,0.9994419703501195,human,0.9605984510333966,human,0.9290021477861973,4,human,4.0,0.9290021477861973
815735689,Travel_Word,brand,1.0,0,0.0,0.9285714285714286,human,0.9230769230769231,human,0.914017374308422,human,0.9480499875343982,human,0.9284289283727929,4,human,4.0,0.9284289283727929
815723832,CaGardenas,brand,0.6414,0,0.0,0.9790897908979089,human,0.9230769230769231,human,0.8243811053646743,human,0.9870852001333189,human,0.9284082548682063,4,human,4.0,0.9284082548682063
815721517,JoArdell,male,0.6768,0,1.0,0.05714285714285714,non-human,0.15384615384615385,non-human,1.903042748122214e-70,non-human,0.07568749611857777,non-human,0.07166912677689719,0,non-human,4.0,0.9283308732231028
815721107,TheDamnedReport,brand,0.6603,0,0.0,0.9790897908979089,human,0.8461538461538461,human,0.9998900581835858,human,0.8870397656989182,human,0.9280433652335648,4,human,4.0,0.9280433652335648
815728288,Ittledeaths,brand,0.3276,0,0.0,0.9285714285714286,human,1.0,human,0.9991868834574594,human,0.7843031587725612,human,0.9280153677003623,4,human,4.0,0.9280153677003623
815729201,KazJester,brand,0.6591,0,0.0,0.9790897908979089,human,0.8461538461538461,human,0.9433285364435281,human,0.9434249806358721,human,0.9279992885327888,4,human,4.0,0.9279992885327888
815730109,wahaha1222,brand,0.6706,0,0.0,0.9790897908979089,human,0.8461538461538461,human,0.9379875423220368,human,0.9479109186407121,human,0.9277855245036261,4,human,4.0,0.9277855245036261
815719997,AudreyEnjoyLife,brand,0.6655,0,0.0,0.9036827195467422,human,0.9230769230769231,human,0.985174948449754,human,0.8978249535217009,human,0.92743988614878,4,human,4.0,0.92743988614878
815724161,hecavanagh,brand,0.6663,0,0.0,0.896551724137931,human,0.8461538461538461,human,1.0,human,0.9669801250792804,human,0.9274214238427645,4,human,4.0,0.9274214238427645
815722152,Phislash,brand,0.6782,0,0.0,0.8328912466843501,human,1.0,human,0.9990732898185614,human,0.877704948337082,human,0.9274173712099985,4,human,4.0,0.9274173712099985
815735856,swiftie13_1999,brand,0.6704,0,0.0,0.9463087248322147,human,1.0,human,0.8197257599236768,human,0.9414850928606739,human,0.9268798944041414,4,human,4.0,0.9268798944041414
815719832,DeadlyRave,brand,0.6617,0,0.0,0.8328912466843501,human,0.9230769230769231,human,0.9818073805398541,human,0.9697173720750683,human,0.9268732305940489,4,human,4.0,0.9268732305940489
815735306,HazionC,brand,0.6577,0,0.0,0.9790897908979089,human,1.0,human,0.7866351471581396,human,0.9408373585735917,human,0.9266405741574101,4,human,4.0,0.9266405741574101
815734855,SearrealSoul,brand,0.3495,0,0.0,0.9285714285714286,human,0.8461538461538461,human,0.9972563319602117,human,0.9328080368955977,human,0.926197410895271,4,human,4.0,0.926197410895271
815723637,TheTandav,brand,0.6764,0,0.0,0.8328912466843501,human,1.0,human,0.9999451606564516,human,0.8699724644399716,human,0.9257022179451933,4,human,4.0,0.9257022179451933
815735103,GbenroBasit,brand,1.0,0,0.0,0.8328912466843501,human,0.9230769230769231,human,0.9999999999999272,human,0.9459234467360904,human,0.9254729041243227,4,human,4.0,0.9254729041243227
815728448,Marco41237622,male,0.6665,0,1.0,0.0,non-human,0.23076923076923078,non-human,1.1476354727506814e-77,non-human,0.06764400527567616,non-human,0.07460330901122673,0,non-human,4.0,0.9253966909887733
815720177,BlueCollarDrWho,brand,0.6603,0,0.0,0.9081967213114754,human,0.8461538461538461,human,0.9999999999999929,human,0.9461246394988904,human,0.9251188017410512,4,human,4.0,0.9251188017410512
815720383,ROYelHassan,brand,0.6789,0,0.0,0.8328912466843501,human,1.0,human,0.982386138301586,human,0.8816773069329961,human,0.9242386729797331,4,human,4.0,0.9242386729797331
815739370,Sualte__Keoyfi,female,0.3387,0,1.0,0.06206896551724138,non-human,0.07692307692307693,non-human,2.2159432554775383e-05,non-human,0.16558902394022348,non-human,0.07615080645327414,0,non-human,4.0,0.9238491935467259
815723610,turntsad,brand,0.3471,0,0.0,0.9790897908979089,human,0.7692307692307693,human,0.9818349155488844,human,0.9649926470556416,human,0.923787030683301,4,human,4.0,0.923787030683301
815732437,Caaffi__Laaryo,male,0.3373,0,1.0,0.06206896551724138,non-human,0.07692307692307693,non-human,1.9374867066917205e-05,non-human,0.16723491424251033,non-human,0.07656158288747389,0,non-human,4.0,0.923438417112526
815738051,GiftsVitality,brand,0.6808,0,0.0,0.8734177215189873,human,0.9230769230769231,human,0.9999485872361769,human,0.8972776137863084,human,0.9234302114045989,4,human,4.0,0.9234302114045989
815738725,FilAEK,brand,0.6578,0,0.0,0.9054054054054054,human,0.9230769230769231,human,0.9405581681207749,human,0.9238362184864999,human,0.9232191787724009,4,human,4.0,0.9232191787724009
815733196,JuanisaGundam,brand,0.6725,0,0.0,0.9081967213114754,human,0.8461538461538461,human,1.0,human,0.9381175894283652,human,0.9231170392234217,4,human,4.0,0.9231170392234217
815733845,JoySeele,brand,0.6539,0,0.0,0.7943262411347518,human,0.9230769230769231,human,0.9999999999743885,human,0.9750155769508707,human,0.9231046852842335,4,human,4.0,0.9231046852842335
815727291,iglvzx_ebooks,brand,0.6682,0,0.0,0.9790897908979089,human,0.9230769230769231,human,0.9132566307892804,human,0.8763250061882912,human,0.9229370877381009,4,human,4.0,0.9229370877381009
815733519,HeshamBeram,brand,0.3312,0,0.0,0.8328912466843501,human,0.9230769230769231,human,0.9999999999999964,human,0.9340159159393466,human,0.9224960214251541,4,human,4.0,0.9224960214251541
815732761,ElementalHerb,brand,1.0,0,0.0,0.7794117647058824,human,1.0,human,0.9889780518095046,human,0.9201709254475975,human,0.9221401854907461,4,human,4.0,0.9221401854907461
815726921,shibeboy,brand,0.6609,0,0.0,0.9708994708994709,human,0.8461538461538461,human,0.9593258785396127,human,0.9106221381604791,human,0.9217503334383522,4,human,4.0,0.9217503334383522
815733182,Dowoha,brand,0.6557,0,0.0,0.9790897908979089,human,1.0,human,0.7859034359020795,human,0.9219611704486034,human,0.921738599312148,4,human,4.0,0.921738599312148
815727267,bobcatarts,brand,0.6574,0,0.0,0.9036827195467422,human,0.9230769230769231,human,0.9999968431253612,human,0.8580486095397222,human,0.9212012738221871,4,human,4.0,0.9212012738221871
815723722,socialismical,brand,0.6585,0,0.0,0.9790897908979089,human,0.8461538461538461,human,1.0,human,0.8594011532576236,human,0.9211611975773446,4,human,4.0,0.9211611975773446
815735283,TruthBToldDe,brand,0.647,0,0.0,0.8328912466843501,human,1.0,human,0.9727924509219507,human,0.8785796986166203,human,0.9210658490557303,4,human,4.0,0.9210658490557303
815722164,oCruiise,brand,0.6368,0,0.0,0.8734177215189873,human,0.8461538461538461,human,0.9842155783372251,human,0.9782503206731743,human,0.9205093666708082,4,human,4.0,0.9205093666708082
815736261,ApplesForRyuk,brand,0.3449,0,0.0,0.8328912466843501,human,0.9230769230769231,human,1.0,human,0.9244949211569853,human,0.9201157727295646,4,human,4.0,0.9201157727295646
815737513,coyotes_ebooks,brand,0.6839,0,0.0,0.9790897908979089,human,1.0,human,0.8640393156123087,human,0.836813288121522,human,0.9199855986579349,4,human,4.0,0.9199855986579349
815723265,AstroAthene,brand,0.6625,0,0.0,0.9081967213114754,human,1.0,human,0.9230029540580793,human,0.8477359164820698,human,0.9197338979629062,4,human,4.0,0.9197338979629062
815737087,e621_txt,brand,0.6792,0,0.0,0.9463087248322147,human,0.8461538461538461,human,0.982135961956659,human,0.9030715506547959,human,0.9194175208993789,4,human,4.0,0.9194175208993789
815729425,_Lantern_,brand,0.344,0,0.0,0.8328912466843501,human,0.9230769230769231,human,0.999999999999936,human,0.9162694312664248,human,0.9180594002569085,4,human,4.0,0.9180594002569085
815720217,TweetyBirdStars,brand,0.6791,0,0.0,0.9054054054054054,human,0.9230769230769231,human,0.9143925609002341,human,0.9290144887850899,human,0.9179723445419131,4,human,4.0,0.9179723445419131
815731845,sugarspankhorn,brand,0.65,0,0.0,0.77,human,0.9230769230769231,human,0.9997371522741707,human,0.9765630287982322,human,0.9173442760373315,4,human,4.0,0.9173442760373315
815726071,Freudianslipz,brand,0.6761,0,0.0,0.9285714285714286,human,0.8461538461538461,human,0.9725080383901693,human,0.921382862905606,human,0.9171540440052625,4,human,4.0,0.9171540440052625
815723978,ZebraSnik,brand,0.6637,0,0.0,0.9790897908979089,human,0.7692307692307693,human,0.979116252097079,human,0.9410274732534221,human,0.9171160713697948,4,human,4.0,0.9171160713697948
815721594,NormalLass,brand,0.6707,0,0.0,0.8328912466843501,human,1.0,human,0.9999999999997957,human,0.8349501094009706,human,0.9169603390212792,4,human,4.0,0.9169603390212792
815730777,TrianglePascal,brand,0.3408,0,0.0,0.9036827195467422,human,0.9230769230769231,human,0.9887543613459752,human,0.8522698776079358,human,0.9169459703943941,4,human,4.0,0.9169459703943941
815720271,Dragon_Ball_S_,brand,1.0,0,0.0,0.7794117647058824,human,1.0,human,0.999999999999396,human,0.8881151003016744,human,0.9168817162517382,4,human,4.0,0.9168817162517382
815735321,FatStinkinDrunk,brand,0.6514,0,0.0,0.9911504424778761,human,0.8461538461538461,human,0.9824224831137879,human,0.8446111211182923,human,0.9160844732159505,4,human,4.0,0.9160844732159505
815727136,Ididntfart,brand,0.6796,0,0.0,0.8328912466843501,human,0.9230769230769231,human,0.9744744261632099,human,0.9331601398338386,human,0.9159006839395805,4,human,4.0,0.9159006839395805
815729684,939TheMix_KKMK,brand,1.0,0,0.0,0.7943262411347518,human,0.9230769230769231,human,0.999999836405464,human,0.9460346923024908,human,0.9158594232299074,4,human,4.0,0.9158594232299074
815720658,martiraulmartin,female,0.6748,0,1.0,0.06206896551724138,non-human,0.07692307692307693,non-human,6.597856749339169e-05,non-human,0.19762062648526052,non-human,0.08416966187326805,0,non-human,4.0,0.915830338126732
815733376,ShepherdThor,brand,0.6771,0,0.0,0.9036827195467422,human,0.8461538461538461,human,0.9999999921953595,human,0.9132102050609412,human,0.9157616907392223,4,human,4.0,0.9157616907392223
815727643,MartyMcTweet,brand,0.6474,0,0.0,0.9708994708994709,human,0.8461538461538461,human,0.9317917240167356,human,0.9129423944691752,human,0.9154468588848069,4,human,4.0,0.9154468588848069
815731005,samisuperfly,brand,0.3354,0,0.0,0.9708994708994709,human,0.7692307692307693,human,0.987505754177774,human,0.9337456266322818,human,0.915345405235074,4,human,4.0,0.915345405235074
815726408,Legna989,brand,0.6587,0,0.0,0.9790897908979089,human,0.7692307692307693,human,0.9571794062048629,human,0.9545194615774004,human,0.9150048569777354,4,human,4.0,0.9150048569777354
815731136,SarararaCoffee,brand,0.6822,0,0.0,0.896551724137931,human,1.0,human,0.9999520911687331,human,0.7633118946800971,human,0.9149539274966902,4,human,4.0,0.9149539274966902
815734334,goshortandlong,brand,0.6796,0,0.0,0.9708994708994709,human,0.8461538461538461,human,0.9992417610581263,human,0.8423665414056706,human,0.9146654048792785,4,human,4.0,0.9146654048792785
815737214,OregonBiker,brand,0.6654,0,0.0,0.9790897908979089,human,0.9230769230769231,human,0.773995961002254,human,0.9795114063641184,human,0.9139185203353011,4,human,4.0,0.9139185203353011
815722134,ArticBleu,brand,0.6743,0,0.0,0.9081967213114754,human,0.8461538461538461,human,0.9643938878825764,human,0.9354231617946194,human,0.9135419042856294,4,human,4.0,0.9135419042856294
815733356,baekcult,brand,0.6611,0,0.0,0.77,human,0.9230769230769231,human,0.9964629356055439,human,0.9644952089933991,human,0.9135087669189665,4,human,4.0,0.9135087669189665
815725263,lojikil,brand,0.6641,0,0.0,0.896551724137931,human,0.9230769230769231,human,0.9980436779475412,human,0.8354327042248507,human,0.9132762573468116,4,human,4.0,0.9132762573468116
815722739,wwp,brand,0.661,0,0.0,0.8328912466843501,human,0.9230769230769231,human,0.9852772104772142,human,0.9117922264461368,human,0.913259401671156,4,human,4.0,0.913259401671156
815731997,TheSyedKazimAli,brand,0.335,0,0.0,0.9911504424778761,human,0.8461538461538461,human,0.9301308711824642,human,0.8847739854911311,human,0.9130522863263293,4,human,4.0,0.9130522863263293
815736615,WaltFrench,brand,0.6448,0,0.0,0.9036827195467422,human,0.9230769230769231,human,0.9999982143226651,human,0.8251960718720983,human,0.9129884822046073,4,human,4.0,0.9129884822046073
815725295,NorthBendBandit,brand,0.6454,0,0.0,0.9036827195467422,human,0.9230769230769231,human,0.9906473864564935,human,0.834253668327942,human,0.9129151743520252,4,human,4.0,0.9129151743520252
815729776,ssquala,brand,0.6669,0,0.0,0.9285714285714286,human,0.9230769230769231,human,0.9743807873128992,human,0.8249516895179841,human,0.9127452071198088,4,human,4.0,0.9127452071198088
815727632,Cyberghetto,brand,0.6714,0,0.0,0.9790897908979089,human,0.8461538461538461,human,0.9619428967847109,human,0.8636988995422463,human,0.912721358344678,4,human,4.0,0.912721358344678
815724331,Zachs_A_Million,brand,0.6619,0,0.0,0.9081967213114754,human,0.9230769230769231,human,0.9495175523395124,human,0.867655048338712,human,0.9121115612666557,4,human,4.0,0.9121115612666557
815739317,itzdizzle,brand,0.6623,0,0.0,0.9790897908979089,human,0.7692307692307693,human,0.9981992541161311,human,0.9014503387904635,human,0.9119925382588183,4,human,4.0,0.9119925382588183
815739043,AsahSkye,brand,0.6667,0,0.0,0.9081967213114754,human,0.8461538461538461,human,0.9999808000245558,human,0.8928139622815602,human,0.9117863324428593,4,human,4.0,0.9117863324428593
815739202,KidrauhllNey,brand,0.6674,0,0.0,0.9081967213114754,human,0.7692307692307693,human,0.9999999999999698,human,0.9694661873026251,human,0.9117234194612099,4,human,4.0,0.9117234194612099
815729683,frankenwentz,brand,0.6524,0,0.0,0.8734177215189873,human,0.9230769230769231,human,1.0,human,0.8482641228740756,human,0.9111896918674965,4,human,4.0,0.9111896918674965
815736555,JulianLives,brand,0.6508,0,0.0,0.9708994708994709,human,0.7692307692307693,human,0.9992272941284093,human,0.903989467359265,human,0.9108367504044788,4,human,4.0,0.9108367504044788
815736675,SHSComplimnts,brand,1.0,0,0.0,0.7027027027027027,human,1.0,human,0.9983007574445608,human,0.940378072858773,human,0.9103453832515092,4,human,4.0,0.9103453832515092
815727461,antelopeezer,brand,0.6882,0,0.0,0.9081967213114754,human,0.7692307692307693,human,0.9999272245392847,human,0.9623765770656248,human,0.9099328230367886,4,human,4.0,0.9099328230367886
815732753,HipTracUK,brand,1.0,0,0.0,0.8328912466843501,human,0.9230769230769231,human,0.9429402638303429,human,0.9406054803590385,human,0.9098784784876637,4,human,4.0,0.9098784784876637
815729981,stingreyesXC,brand,0.6545,0,0.0,0.77,human,1.0,human,0.9998783527646867,human,0.8692306831874773,human,0.909777258988041,4,human,4.0,0.909777258988041
815732461,xmaya5sos,brand,0.3463,0,0.0,0.9790897908979089,human,0.8461538461538461,human,0.9956282584503827,human,0.8179997067914067,human,0.9097179005733861,4,human,4.0,0.9097179005733861
815735389,Thatdamn_Scrapp,brand,0.3383,0,0.0,0.9081967213114754,human,0.8461538461538461,human,0.9766793126659188,human,0.9058457620342747,human,0.9092189105413787,4,human,4.0,0.9092189105413787
815721555,akhileshppp,brand,0.6561,0,0.0,0.7794117647058824,human,0.9230769230769231,human,0.9935873203224158,human,0.9402414400259661,human,0.9090793620327969,4,human,4.0,0.9090793620327969
815723426,Torbay_Hour,brand,1.0,0,0.0,0.9081967213114754,human,0.8461538461538461,human,1.0,human,0.8801255376478347,human,0.908619026278289,4,human,4.0,0.908619026278289
815727114,Mythical_Skrub,brand,0.6415,0,0.0,0.77,human,1.0,human,0.9986389108413034,human,0.8652862768613998,human,0.9084812969256758,4,human,4.0,0.9084812969256758
815736009,pewdiepie_ITBot,brand,0.6766,0,0.0,0.9081967213114754,human,0.9230769230769231,human,0.9804872196259289,human,0.82162569111074,human,0.9083466387812669,4,human,4.0,0.9083466387812669
815730231,nikestore,brand,1.0,0,0.0,0.9790897908979089,human,0.8461538461538461,human,0.9300651502158294,human,0.8777604463421738,human,0.9082673084024395,4,human,4.0,0.9082673084024395
815726817,ZeusCarver,brand,0.6471,0,0.0,0.8328912466843501,human,1.0,human,0.9918632229195521,human,0.8054911510150488,human,0.9075614051547377,4,human,4.0,0.9075614051547377
815724529,STLDPolitics,brand,1.0,0,0.0,0.9054054054054054,human,1.0,human,0.8729906186163013,human,0.8505185360194238,human,0.9072286400102827,4,human,4.0,0.9072286400102827
815728769,jeremy_good,brand,0.3426,0,0.0,0.9285714285714286,human,0.7692307692307693,human,0.9999950241916923,human,0.9303534925347116,human,0.9070376786321505,4,human,4.0,0.9070376786321505
815722510,BingosResale,brand,0.688,0,0.0,0.9285714285714286,human,0.9230769230769231,human,0.977664048389692,human,0.7981582000885815,human,0.9068676500316564,4,human,4.0,0.9068676500316564
815722222,BackwoodzHipHop,brand,1.0,0,0.0,0.9708994708994709,human,0.8461538461538461,human,0.9328957852354244,human,0.8749789602249647,human,0.9062320156284265,4,human,4.0,0.9062320156284265
815728912,superTV247,brand,1.0,0,0.0,0.9081967213114754,human,0.8461538461538461,human,0.9975695890803441,human,0.869929094442355,human,0.9054623127470052,4,human,4.0,0.9054623127470052
815723380,BeEtLjOoZ,brand,0.3479,0,0.0,0.896551724137931,human,0.9230769230769231,human,0.9852798699086845,human,0.8159110963260814,human,0.905204903362405,4,human,4.0,0.905204903362405
815737490,themapdallas,brand,0.6688,0,0.0,0.9790897908979089,human,0.8461538461538461,human,0.8760308630703849,human,0.9180523880100069,human,0.9048317220330366,4,human,4.0,0.9048317220330366
815735055,L7Vinal,brand,1.0,0,0.0,0.77,human,0.9230769230769231,human,0.9999362110474957,human,0.9262005507210122,human,0.9048034212113577,4,human,4.0,0.9048034212113577
815728098,Hollyoakslover3,brand,0.6674,0,0.0,0.77,human,0.9230769230769231,human,0.9973272001528928,human,0.9276885190043606,human,0.9045231605585441,4,human,4.0,0.9045231605585441
815727539,bowserfan331,brand,0.654,0,0.0,0.77,human,0.9230769230769231,human,0.9845532885891807,human,0.9379790013125592,human,0.9039023032446658,4,human,4.0,0.9039023032446658
815721725,PtBoardgames,brand,1.0,0,0.0,0.9081967213114754,human,0.9230769230769231,human,0.9539495702719063,human,0.8300292427272928,human,0.9038131143468995,4,human,4.0,0.9038131143468995
815725085,LunarDaily,brand,1.0,0,0.0,0.7555555555555555,human,1.0,human,0.9999776013200374,human,0.859536877006489,human,0.9037675084705206,4,human,4.0,0.9037675084705206
815721400,gokotai_eng,brand,0.6685,0,0.0,0.8328912466843501,human,0.9230769230769231,human,0.9986138151157427,human,0.8601771787578352,human,0.9036897909087127,4,human,4.0,0.9036897909087127
815737970,chaacSmite,brand,0.6212,0,0.0,0.9081967213114754,human,0.8461538461538461,human,0.9980775879799224,human,0.8622747789021195,human,0.9036757335868408,4,human,4.0,0.9036757335868408
815735798,IamalrightJack,brand,0.6561,0,0.0,0.9036827195467422,human,0.8461538461538461,human,0.9989428445325284,human,0.8653957512677074,human,0.903543790375206,4,human,4.0,0.903543790375206
815730509,Topstak,brand,1.0,0,0.0,0.8328912466843501,human,0.9230769230769231,human,0.981784790542408,human,0.8759612496206988,human,0.903428552481095,4,human,4.0,0.903428552481095
815733831,NewsWatch_99,brand,1.0,0,0.0,0.9463087248322147,human,0.8461538461538461,human,0.9093764413254614,human,0.9114493391768373,human,0.9033220878720899,4,human,4.0,0.9033220878720899
815719597,DenmattdomR,brand,0.6754,0,0.0,0.9790897908979089,human,0.9230769230769231,human,0.8522705790724852,human,0.8581713219726407,human,0.9031521537549895,4,human,4.0,0.9031521537549895
815719992,Heefosaurus,brand,0.6649,0,0.0,0.9708994708994709,human,0.8461538461538461,human,0.9998870403649768,human,0.7955568507877874,human,0.9031243020515203,4,human,4.0,0.9031243020515203
815731177,156Sharknose,brand,0.3402,0,0.0,0.9285714285714286,human,0.6923076923076923,human,1.0,human,0.9904415950872103,human,0.9028301789915828,4,human,4.0,0.9028301789915828
815719321,Marit433,brand,0.667,0,0.0,0.7638888888888888,human,0.9230769230769231,human,0.9999999984399892,human,0.9239067756161591,human,0.90271814650549,4,human,4.0,0.90271814650549
815736945,ThePaintedElf,brand,0.6717,0,0.0,0.8918918918918919,human,0.8461538461538461,human,0.9711859300632234,human,0.9014057552971028,human,0.902659355851516,4,human,4.0,0.902659355851516
815731891,Mudjokivis,brand,0.6532,0,0.0,0.9036827195467422,human,0.7692307692307693,human,0.9996177615513221,human,0.9374086458306193,human,0.9024849740398632,4,human,4.0,0.9024849740398632
815725645,SMACKHighNY,brand,0.678,0,0.0,0.77,human,0.9230769230769231,human,0.998062193495794,human,0.916929104976829,human,0.9020170553873865,4,human,4.0,0.9020170553873865
815719351,iSpeak9ja,female,1.0,1,1.0,0.06206896551724138,non-human,0.07692307692307693,non-human,0.05738002582849852,non-human,0.1964950476533138,non-human,0.09821677898053266,0,non-human,4.0,0.9017832210194674
815727473,gender_bender_,brand,0.6528,0,0.0,0.7794117647058824,human,1.0,human,0.999999999998952,human,0.8241482694304438,human,0.9008900085338195,4,human,4.0,0.9008900085338195
815727832,EdelmanGOAT,brand,0.6751,0,0.0,0.9081967213114754,human,0.7692307692307693,human,0.999409318137063,human,0.9257637219309618,human,0.9006501326525673,4,human,4.0,0.9006501326525673
815720722,CitizensUnTied,brand,0.6866,0,0.0,0.9285714285714286,human,0.9230769230769231,human,0.9989189050059232,human,0.7499769422345679,human,0.9001360497222107,4,human,4.0,0.9001360497222107
815722300,RC_Allaince,brand,1.0,0,0.0,0.9081967213114754,human,0.8461538461538461,human,0.9915685944063484,human,0.852606714343955,human,0.8996314690539061,4,human,4.0,0.8996314690539061
815720154,BlueRedcloud,brand,0.6615,0,0.0,0.9790897908979089,human,0.9230769230769231,human,0.7980936182693694,human,0.8972507086422471,human,0.8993777602216121,4,human,4.0,0.8993777602216121
815730142,jfeckstein,brand,0.6591,0,0.0,0.9708994708994709,human,0.7692307692307693,human,0.9999990597132269,human,0.8549064399010299,human,0.8987589349361242,4,human,4.0,0.8987589349361242
815727089,odegaardlibrary,brand,1.0,0,0.0,0.9081967213114754,human,0.8461538461538461,human,0.9858960434107842,human,0.8512624086489357,human,0.8978772548812604,4,human,4.0,0.8978772548812604
815735123,Davidwash3r3,brand,0.6848,0,0.0,0.9285714285714286,human,0.9230769230769231,human,0.9016656563896291,human,0.8366509297505882,human,0.8974912344471423,4,human,4.0,0.8974912344471423
815736735,instantrhema,brand,0.6713,0,0.0,0.9347826086956522,human,0.8461538461538461,human,0.9999999999841975,human,0.8089837160083271,human,0.8974800427105056,4,human,4.0,0.8974800427105056
815723335,tasteofassam,brand,0.6638,0,0.0,0.9054054054054054,human,0.9230769230769231,human,0.9395535584281425,human,0.8218279096476147,human,0.8974659491395214,4,human,4.0,0.8974659491395214
815725571,paul8ar,brand,0.6725,0,0.0,0.9411764705882353,human,0.9230769230769231,human,0.9935357893086846,human,0.7307128082247233,human,0.8971254977996416,4,human,4.0,0.8971254977996416
815737515,mr2keveryday,brand,0.6774,0,0.0,0.9411764705882353,human,0.8461538461538461,human,0.9966079030630972,human,0.8031223885971922,human,0.8967651521005927,4,human,4.0,0.8967651521005927
815728674,2AvSagas,brand,0.6783,0,0.0,0.9790897908979089,human,0.7692307692307693,human,0.9554654502765141,human,0.8825429257492504,human,0.8965822340386107,4,human,4.0,0.8965822340386107
815722376,MyJourneyin1D,brand,0.6619,0,0.0,0.9285714285714286,human,1.0,human,0.9639907220707007,human,0.6923288182022623,human,0.8962227422110979,4,human,4.0,0.8962227422110979
815728576,Crewe_Hall,brand,1.0,0,0.0,0.9081967213114754,human,0.9230769230769231,human,0.9938966775173623,human,0.7592742234014085,human,0.8961111363267923,4,human,4.0,0.8961111363267923
815734037,ScyTweeter,brand,0.6866,0,0.0,0.7555555555555555,human,0.9230769230769231,human,0.9563362777127046,human,0.9492818101750008,human,0.896062641630046,4,human,4.0,0.896062641630046
815722529,HappinessInHD,brand,0.6543,0,0.0,0.9285714285714286,human,0.8461538461538461,human,0.9990241847778065,human,0.8093137243030029,human,0.8957657959515211,4,human,4.0,0.8957657959515211
815719431,English_Cocker,brand,0.6523,0,0.0,0.8328912466843501,human,0.9230769230769231,human,0.9541545968254523,human,0.8718692797775197,human,0.8954980115910613,4,human,4.0,0.8954980115910613
815734559,LeAnnsFissure,brand,0.6749,0,0.0,0.9285714285714286,human,0.9230769230769231,human,0.7992560042505695,human,0.9292130940443312,human,0.8950293624858131,4,human,4.0,0.8950293624858131
815731692,PG_ESAM,brand,0.3449,0,0.0,0.9081967213114754,human,0.7692307692307693,human,0.999871719255275,human,0.8990035703163433,human,0.8940756950284658,4,human,4.0,0.8940756950284658
815739241,LearnBhangraApp,brand,1.0,0,0.0,0.77,human,1.0,human,0.9981573706384397,human,0.8080158626112977,human,0.8940433083124343,4,human,4.0,0.8940433083124343
815725271,SyscoUSFworkers,brand,1.0,0,0.0,0.9911504424778761,human,0.8461538461538461,human,0.9571709363492318,human,0.780282672182042,human,0.8936894742907491,4,human,4.0,0.8936894742907491
815722348,SpartanGrp,brand,1.0,1,0.0,0.9081967213114754,human,0.9230769230769231,human,0.9278385474989468,human,0.8137530506951183,human,0.8932163106456159,4,human,4.0,0.8932163106456159
815722093,TicToc_rtym,brand,0.6723,0,0.0,0.9911504424778761,human,0.9230769230769231,human,0.7373061902505887,human,0.919876637798099,human,0.8928525484008718,4,human,4.0,0.8928525484008718
815719907,flotsamfiles,brand,0.6394,0,0.0,0.9790897908979089,human,0.7692307692307693,human,0.95885254442829,human,0.8624977704497964,human,0.8924177187516912,4,human,4.0,0.8924177187516912
815738706,BeerForThat,brand,0.6822,0,0.0,0.9081967213114754,human,0.8461538461538461,human,0.9924293368145536,human,0.8195241614495233,human,0.8915760164323496,4,human,4.0,0.8915760164323496
815726253,Lucius_C_Sulla,brand,0.6636,0,0.0,0.7794117647058824,human,0.9230769230769231,human,0.9929706103515669,human,0.8706790679858422,human,0.8915345915300537,4,human,4.0,0.8915345915300537
815729273,BokuNoGio,brand,0.3463,0,0.0,0.9285714285714286,human,0.6923076923076923,human,0.999978482635484,human,0.9440139472948066,human,0.8912178877023529,4,human,4.0,0.8912178877023529
815719276,home8biz,male,0.6415,0,1.0,0.06206896551724138,non-human,0.07692307692307693,non-human,0.0015031804868562333,non-human,0.29744017797231026,non-human,0.1094838502248712,0,non-human,4.0,0.8905161497751288
815734277,Joadqu__Qeufpe,male,0.661,0,1.0,0.06206896551724138,non-human,0.15384615384615385,non-human,0.00035969224012626544,non-human,0.22217065551854334,non-human,0.10961136678051622,0,non-human,4.0,0.8903886332194838
815734573,killuaura,brand,0.341,0,0.0,0.77,human,1.0,human,0.9965766774396835,human,0.7935891644274655,human,0.8900414604667872,4,human,4.0,0.8900414604667872
815720345,Rombaart,brand,1.0,0,0.0,0.8328912466843501,human,0.8461538461538461,human,0.9952811086677872,human,0.8855540528825073,human,0.8899700635971226,4,human,4.0,0.8899700635971226
815719619,Pixelfish,brand,0.6576,0,0.0,0.9708994708994709,human,0.6923076923076923,human,0.9986635300554666,human,0.8961162978460095,human,0.8894967477771598,4,human,4.0,0.8894967477771598
815732421,Bigoldsupermoon,brand,0.6557,0,0.0,0.9081967213114754,human,0.7692307692307693,human,0.9959611757196879,human,0.8831687380377062,human,0.8891393510749097,4,human,4.0,0.8891393510749097
815727731,AlpineAV,brand,0.6767,0,0.0,0.9708994708994709,human,0.6923076923076923,human,0.9993515058989896,human,0.8934943057069223,human,0.8890132437032688,4,human,4.0,0.8890132437032688
815733998,Luminaria98,brand,0.6586,0,0.0,0.896551724137931,human,0.9230769230769231,human,0.7940036106647012,human,0.9412591299847347,human,0.8887228469660725,4,human,4.0,0.8887228469660725
815727413,combeferretxt,brand,0.6581,0,0.0,0.9081967213114754,human,0.9230769230769231,human,0.9999999909537713,human,0.7220132288245541,human,0.888321716041681,4,human,4.0,0.888321716041681
815723550,starchaser57,brand,0.6685,0,0.0,0.9463087248322147,human,0.6923076923076923,human,0.9736457073548874,human,0.9408497628134315,human,0.8882779718270565,4,human,4.0,0.8882779718270565
815721202,Sickafox,brand,0.6682,0,0.0,0.9081967213114754,human,0.7692307692307693,human,0.9917710573063311,human,0.8806033074065396,human,0.8874504638137789,4,human,4.0,0.8874504638137789
815729039,DoxieMoron,brand,1.0,0,0.0,0.9790897908979089,human,0.8461538461538461,human,0.9978649568640694,human,0.726450866203714,human,0.8873898650298846,4,human,4.0,0.8873898650298846
815728081,The_Kohinoor,brand,0.6569,0,0.0,0.9790897908979089,human,0.6923076923076923,human,0.9914320103974621,human,0.8866445707182125,human,0.8873685160803189,4,human,4.0,0.8873685160803189
815719634,GemaVanbelle,male,0.6856,0,1.0,0.13636363636363635,non-human,0.15384615384615385,non-human,0.0004370823659020536,non-human,0.15995001190327218,non-human,0.11264922111974111,0,non-human,4.0,0.8873507788802589
815737404,drgnkiller,brand,0.6656,0,0.0,0.9790897908979089,human,0.6923076923076923,human,0.9114620253500205,human,0.9660676883339434,human,0.8872317992223913,4,human,4.0,0.8872317992223913
815738948,forestbirb,brand,0.3415,0,0.0,0.9081967213114754,human,0.6923076923076923,human,0.999976473696519,human,0.9482828614800152,human,0.8871909371989255,4,human,4.0,0.8871909371989255
815733697,rippertourldn,brand,0.6927,0,0.0,0.6385542168674698,human,1.0,human,0.999999836386457,human,0.9088735334495291,human,0.886856896675864,4,human,4.0,0.886856896675864
815732962,BCt_7_X4,female,0.661,0,1.0,0.06206896551724138,non-human,0.15384615384615385,non-human,0.0001554347123490251,non-human,0.23804819571364652,non-human,0.1135296874473477,0,non-human,4.0,0.8864703125526523
815725923,Cnverg,brand,1.0,0,0.0,0.9790897908979089,human,0.8461538461538461,human,0.9999995251904491,human,0.7194301509307964,human,0.8861683282932501,4,human,4.0,0.8861683282932501
815719590,Istanbull,brand,0.6356,0,0.0,0.896551724137931,human,1.0,human,0.98166555120415,human,0.6649861711178408,human,0.8858008616149804,4,human,4.0,0.8858008616149804
815721658,Gnarly_Tango,brand,0.663,0,0.0,0.9911504424778761,human,0.6923076923076923,human,0.9883652034283721,human,0.8694234693879865,human,0.8853117019004817,4,human,4.0,0.8853117019004817
815723054,keanerie,brand,0.6536,0,0.0,0.9285714285714286,human,0.6923076923076923,human,0.9651088561736733,human,0.9548619891415099,human,0.885212491548576,4,human,4.0,0.885212491548576
815734244,Collinsfrappe,brand,0.3489,0,0.0,0.6385542168674698,human,0.9230769230769231,human,1.0,human,0.9757936464988237,human,0.8843561966108042,4,human,4.0,0.8843561966108042
815736791,yourssssss,male,0.6613,0,1.0,0.0,non-human,0.3076923076923077,non-human,1.776964824561641e-70,non-human,0.1555923902548601,non-human,0.11582117448679195,0,non-human,4.0,0.884178825513208
815735948,IcanChangeBaby,male,0.6456,0,1.0,0.06206896551724138,non-human,0.23076923076923078,non-human,3.585977851266879e-06,non-human,0.17394994120505977,non-human,0.11669793086734581,0,non-human,4.0,0.8833020691326542
815731030,etherbrian,brand,0.6815,0,0.0,0.7555555555555555,human,0.9230769230769231,human,0.9524708943188567,human,0.9019581652273991,human,0.8832653845446836,4,human,4.0,0.8832653845446836
815719951,robert_stock7,male,0.6617,0,1.0,0.0,non-human,0.3076923076923077,non-human,1.0585299133319928e-70,non-human,0.15962715474266373,non-human,0.11682986560874287,0,non-human,4.0,0.8831701343912571
815731973,StevesUsername,brand,0.6664,0,0.0,0.9790897908979089,human,0.7692307692307693,human,0.9999999855690724,human,0.7840222699671043,human,0.8830857039162138,4,human,4.0,0.8830857039162138
815730455,Ragin_Wookie,brand,0.6409,0,0.0,0.7943262411347518,human,0.7692307692307693,human,0.9999999999954312,human,0.9685081548365295,human,0.8830162912993704,4,human,4.0,0.8830162912993704
815736817,2FicCrew,brand,1.0,0,0.0,0.9463087248322147,human,0.9230769230769231,human,0.7951185860143147,human,0.8662976724629647,human,0.8827004765966043,4,human,4.0,0.8827004765966043
815721775,ziteboard,brand,0.6767,0,0.0,0.9081967213114754,human,0.8461538461538461,human,0.9919914336522895,human,0.7844132609941871,human,0.8826888155279495,4,human,4.0,0.8826888155279495
815728118,DevilsTerrace,brand,1.0,0,0.0,0.896551724137931,human,0.7692307692307693,human,0.9963260371219338,human,0.8678868995537781,human,0.882498857511103,4,human,4.0,0.882498857511103
815721285,HarisBrutalo,male,0.6605,0,1.0,0.0,non-human,0.38461538461538464,non-human,7.224256695786154e-72,non-human,0.08781404937517992,non-human,0.11810735849764115,0,non-human,4.0,0.8818926415023589
815739231,BarbaraHewson,brand,0.6698,0,0.0,0.9036827195467422,human,0.7692307692307693,human,0.9999321146650808,human,0.8541289291890498,human,0.8817436331579106,4,human,4.0,0.8817436331579106
815730174,Bengals_NEFL,brand,1.0,0,0.0,0.9790897908979089,human,0.7692307692307693,human,0.9882874729059912,human,0.7894559426451929,human,0.8815159939199656,4,human,4.0,0.8815159939199656
815729346,_yanwari,brand,0.6536,0,0.0,0.9285714285714286,human,0.6153846153846154,human,0.9999520337176411,human,0.9818792675886112,human,0.8814468363155741,4,human,4.0,0.8814468363155741
815720929,WUSTLGephardt,brand,1.0,0,0.0,0.9911504424778761,human,0.6923076923076923,human,0.9921786140733164,human,0.8495273413483577,human,0.8812910225518107,4,human,4.0,0.8812910225518107
815738130,2faceh,brand,0.6296,0,0.0,0.9790897908979089,human,0.7692307692307693,human,0.8403302821557417,human,0.9331189667712273,human,0.8804424522639118,4,human,4.0,0.8804424522639118
815737729,durtgeek,male,0.6626,0,1.0,0.0,non-human,0.46153846153846156,non-human,1.3252269411901734e-75,non-human,0.016742223955747912,non-human,0.11957017137355237,0,non-human,4.0,0.8804298286264476
815727046,DiamondDawit,brand,0.672,0,0.0,0.8328912466843501,human,0.8461538461538461,human,0.9999999999999609,human,0.8419536674422484,human,0.8802496900701013,4,human,4.0,0.8802496900701013
815728447,Cysero,brand,0.6468,0,0.0,0.9036827195467422,human,0.8461538461538461,human,0.9999999999991154,human,0.7696415269003586,human,0.8798695231500155,4,human,4.0,0.8798695231500155
815729114,DemureIntellect,brand,0.6629,0,0.0,0.77,human,0.8461538461538461,human,0.9996742280976599,human,0.9033098887318657,human,0.879784490745843,4,human,4.0,0.879784490745843
815731940,NYTweetz,brand,0.3498,0,0.0,0.9081967213114754,human,0.9230769230769231,human,0.9389302566831125,human,0.7463810294852569,human,0.879146232639192,4,human,4.0,0.879146232639192
815732145,yumronidua,male,0.3384,0,1.0,0.15625,non-human,0.07692307692307693,non-human,0.00476596279339341,non-human,0.24616662251250684,non-human,0.1210264155572443,0,non-human,4.0,0.8789735844427558
815720072,ckcucco,brand,0.6711,0,0.0,0.9081967213114754,human,0.7692307692307693,human,0.999709387654126,human,0.8386116856520284,human,0.8789371409620997,4,human,4.0,0.8789371409620997
815734207,CMYKai_,brand,0.6715,0,0.0,0.8328912466843501,human,0.7692307692307693,human,0.9982462189413465,human,0.9146167372703505,human,0.8787462430317041,4,human,4.0,0.8787462430317041
815720567,VV_RY_VD,female,0.6708,0,1.0,0.06206896551724138,non-human,0.23076923076923078,non-human,3.744424127812755e-06,non-human,0.19464726980439362,non-human,0.1218723026287484,0,non-human,4.0,0.8781276973712516
815730532,nickgillespie,male,1.0,0,1.0,0.05714285714285714,non-human,0.3076923076923077,non-human,1.5778764398276556e-05,non-human,0.12382403127138089,non-human,0.122168743717736,0,non-human,4.0,0.877831256282264
815731844,kgracehicks2,brand,0.6429,0,0.0,0.9790897908979089,human,0.7692307692307693,human,0.8294736968258128,human,0.9324240771600583,human,0.8775545835286374,4,human,4.0,0.8775545835286374
815733733,4328fox,brand,0.6811,0,0.0,0.6385542168674698,human,0.9230769230769231,human,0.999994726008707,human,0.9482346288674097,human,0.8774651237051274,4,human,4.0,0.8774651237051274
815729846,peartonjohnson,brand,0.3375,0,0.0,0.7794117647058824,human,0.8461538461538461,human,0.9607494889782661,human,0.9234395584239324,human,0.8774386645654818,4,human,4.0,0.8774386645654818
815730448,RavenGirlll,brand,0.667,0,0.0,0.8328912466843501,human,0.7692307692307693,human,0.9919926984251116,human,0.9156121570622372,human,0.8774317178506171,4,human,4.0,0.8774317178506171
815735372,RoaringRugby,brand,1.0,0,0.0,0.8328912466843501,human,0.8461538461538461,human,0.9534686247494496,human,0.8770878298407355,human,0.8774003868570953,4,human,4.0,0.8774003868570953
815722399,ItsHumanity,brand,0.6699,0,0.0,0.9036827195467422,human,0.8461538461538461,human,0.9999999999963336,human,0.7593790234145453,human,0.8773038972778668,4,human,4.0,0.8773038972778668
815726869,shinygroudon1,brand,0.6848,0,0.0,0.9285714285714286,human,0.7692307692307693,human,0.987717039890953,human,0.8233029575897879,human,0.8772055488207348,4,human,4.0,0.8772055488207348
815736994,CNTRCTK77R,brand,1.0,0,0.0,0.9285714285714286,human,0.7692307692307693,human,0.8652935192179179,human,0.940704341679303,human,0.8759500146748547,4,human,4.0,0.8759500146748547
815719315,anneaviel,brand,0.6661,0,0.0,0.7794117647058824,human,0.9230769230769231,human,0.9396165766685579,human,0.8609610545825552,human,0.8757665797584797,4,human,4.0,0.8757665797584797
815728077,HannisElephants,brand,0.6414,0,0.0,0.5306122448979592,human,1.0,human,0.9999996862376003,human,0.9722865680242824,human,0.8757246247899605,4,human,4.0,0.8757246247899605
815728410,Silken_ebooks,brand,0.6595,0,0.0,0.9285714285714286,human,0.9230769230769231,human,0.9956631149667147,human,0.6527689857350079,human,0.8750201130875186,4,human,4.0,0.8750201130875186
815730795,yunacide,brand,0.6744,0,0.0,0.9285714285714286,human,0.9230769230769231,human,0.9999999999999929,human,0.6472575884236438,human,0.8747264850179971,4,human,4.0,0.8747264850179971
815738300,SingingRobots,brand,0.6611,0,0.0,0.77,human,0.9230769230769231,human,0.954813145809953,human,0.8480345493004219,human,0.8739811545468245,4,human,4.0,0.8739811545468245
815726785,FreedomBot,brand,0.6751,0,0.0,0.8918918918918919,human,0.8461538461538461,human,0.99290563649971,human,0.7629843377940649,human,0.8734839280848783,4,human,4.0,0.8734839280848783
815720993,DekoTehDragon,brand,0.3413,0,0.0,0.7794117647058824,human,0.9230769230769231,human,0.9999999999998508,human,0.7899439360638928,human,0.8731081559616373,4,human,4.0,0.8731081559616373
815737381,JackRogersUSA,brand,0.6798,0,0.0,0.9708994708994709,human,0.6923076923076923,human,0.9972852628241174,human,0.8316982603872904,human,0.8730476716046427,4,human,4.0,0.8730476716046427
815721398,348255gbabies,brand,0.6597,0,0.0,0.9790897908979089,human,1.0,human,0.5213880688642887,human,0.99151728671644,human,0.8729987866196594,4,human,4.0,0.8729987866196594
815736173,pllaatto,brand,0.3407,0,0.0,0.9347826086956522,human,0.6923076923076923,human,1.0,human,0.8639151329084852,human,0.8727513584779574,4,human,4.0,0.8727513584779574
815738337,mikleomore,brand,0.6601,0,0.0,0.9081967213114754,human,0.6923076923076923,human,0.9999804188905559,human,0.8895744322769471,human,0.8725148161966677,4,human,4.0,0.8725148161966677
815728810,HenriettaSandwi,brand,0.6505,0,0.0,0.9285714285714286,human,0.8461538461538461,human,0.9667741895262998,human,0.7483753500597569,human,0.8724687035778328,4,human,4.0,0.8724687035778328
815730710,MaddieandTaeFly,brand,0.6921,0,0.0,0.8328912466843501,human,0.6923076923076923,human,0.9999999999999716,human,0.9643309483006582,human,0.8723824718231681,4,human,4.0,0.8723824718231681
815724246,TRUMPFORALL,brand,0.6945,0,0.0,0.9285714285714286,human,0.7692307692307693,human,0.9832532096108965,human,0.8075566271366504,human,0.8721530086374363,4,human,4.0,0.8721530086374363
815729596,pramoldhawan,brand,0.3388,0,0.0,0.9790897908979089,human,1.0,human,0.5324714038221718,human,0.9762987205710305,human,0.8719649788227779,4,human,4.0,0.8719649788227779
815731646,bellezzavitale,brand,0.664,0,0.0,0.77,human,0.8461538461538461,human,0.9974418198406803,human,0.8732888148454858,human,0.871721120210003,4,human,4.0,0.871721120210003
815732483,CliathAthaBaile,brand,0.6509,0,0.0,0.7794117647058824,human,0.8461538461538461,human,0.9653496094728303,human,0.8957103635477656,human,0.871656395970081,4,human,4.0,0.871656395970081
815736694,CsgibbsJ,brand,0.6774,0,0.0,0.9790897908979089,human,0.6923076923076923,human,0.8914027589838938,human,0.9236042208655179,human,0.8716011157637532,4,human,4.0,0.8716011157637532
815719794,MsBrooke_Lynn,brand,0.6829,0,0.0,0.9790897908979089,human,0.7692307692307693,human,0.9383588200190967,human,0.798814237146756,human,0.8713734043236327,4,human,4.0,0.8713734043236327
815731321,GothGalaxyGirl,brand,0.6751,0,0.0,0.77,human,0.7692307692307693,human,0.9999990321572548,human,0.9437578938627389,human,0.8707469238126908,4,human,4.0,0.8707469238126908
815738262,hannybodner,female,1.0,0,1.0,0.25675675675675674,non-human,0.07692307692307693,non-human,0.0003826097277380196,non-human,0.18339240856423014,non-human,0.12936371299295046,0,non-human,4.0,0.8706362870070495
815727669,_shunsou,brand,0.6707,0,0.0,0.9036827195467422,human,0.9230769230769231,human,0.710080969108005,human,0.9456123579510622,human,0.8706132424206832,4,human,4.0,0.8706132424206832
815735508,Novmbr,brand,0.6528,0,0.0,0.9790897908979089,human,0.6153846153846154,human,0.9999992124539264,human,0.8871932890501256,human,0.8704167269466441,4,human,4.0,0.8704167269466441
815737196,honor,brand,1.0,0,0.0,0.9081967213114754,human,0.8461538461538461,human,0.9986926412756134,human,0.7282689110828137,human,0.870328029955937,4,human,4.0,0.870328029955937
815719940,Nebachudrezzar,brand,0.6805,0,0.0,0.77,human,1.0,human,0.995562073606909,human,0.7136590372059981,human,0.8698052777032268,4,human,4.0,0.8698052777032268
815728125,OnefaststasisS5,brand,0.6909,0,0.0,0.5888888888888889,human,0.9230769230769231,human,0.9999999999998188,human,0.9636937804432347,human,0.8689148981022163,4,human,4.0,0.8689148981022163
815728027,Richards101RBLX,brand,0.3375,0,0.0,0.9166666666666666,human,0.9230769230769231,human,0.904408725891298,human,0.7304585711377997,human,0.8686527216931719,4,human,4.0,0.8686527216931719
815735008,MistyDragon13,brand,0.6529,0,0.0,0.77,human,0.7692307692307693,human,0.9999670961205565,human,0.9346987031646754,human,0.8684741421290002,4,human,4.0,0.8684741421290002
815728221,OKStateProbs,brand,0.3536,0,0.0,0.9708994708994709,human,0.8461538461538461,human,0.9931883643023827,human,0.6632994437088523,human,0.8683852812661379,4,human,4.0,0.8683852812661379
815733703,finn_thy_Human,brand,0.3436,0,0.0,0.8328912466843501,human,0.8461538461538461,human,0.9287412875673557,human,0.8621239211685168,human,0.8674775753935171,4,human,4.0,0.8674775753935171
815736489,TravelHistory_,brand,0.6735,0,0.0,0.9081967213114754,human,0.7692307692307693,human,1.0,human,0.7908196008461809,human,0.8670617728471064,4,human,4.0,0.8670617728471064
815723880,TCultureVulture,brand,0.6445,0,0.0,0.5888888888888889,human,0.9230769230769231,human,1.0,human,0.95590191036915,human,0.8669669305837404,4,human,4.0,0.8669669305837404
815730114,glassesdotcom,brand,1.0,0,0.0,0.9285714285714286,human,0.7692307692307693,human,0.9998023839738074,human,0.769196369048015,human,0.8667002377060051,4,human,4.0,0.8667002377060051
815734613,ProfessorAzure,brand,0.6709,0,0.0,0.8328912466843501,human,1.0,human,0.9128978109330647,human,0.7196126456311468,human,0.8663504258121404,4,human,4.0,0.8663504258121404
815732326,SanJoseTalks,female,0.6802,0,1.0,0.06206896551724138,non-human,0.23076923076923078,non-human,2.3861666752034864e-05,non-human,0.24214869460916125,non-human,0.13375268814059638,0,non-human,4.0,0.8662473118594036
815735780,BAC0NT,male,1.0,0,1.0,0.06206896551724138,non-human,0.07692307692307693,non-human,0.000992007865378697,non-human,0.3950943592390478,non-human,0.1337696023861862,0,non-human,4.0,0.8662303976138138
815726771,RDTopp,brand,0.6782,0,0.0,0.9285714285714286,human,0.8461538461538461,human,0.9373885796131644,human,0.7478381884722319,human,0.8649880107026677,4,human,4.0,0.8649880107026677
815732763,RemixGOAT,brand,0.6766,0,0.0,0.9081967213114754,human,0.9230769230769231,human,0.8639469306100707,human,0.7633848960297943,human,0.8646513677570659,4,human,4.0,0.8646513677570659
815723854,DoctaCosmic,brand,0.6497,0,0.0,0.8328912466843501,human,0.8461538461538461,human,0.9335418379459441,human,0.8422489753018872,human,0.8637089765215069,4,human,4.0,0.8637089765215069
815730753,fati1011,brand,0.6496,0,0.0,0.8125,human,0.8461538461538461,human,1.0,human,0.794516966818348,human,0.8632927032430486,4,human,4.0,0.8632927032430486
815724240,PhoenixTalkRad,female,0.6571,0,1.0,0.06206896551724138,non-human,0.23076923076923078,non-human,0.0002296048264151353,non-human,0.2543055191236791,non-human,0.13684333005914162,0,non-human,4.0,0.8631566699408584
815736956,mytimeIord,brand,0.6554,0,0.0,0.9285714285714286,human,0.7692307692307693,human,0.9999999999862794,human,0.7522532083403449,human,0.8625138515322056,4,human,4.0,0.8625138515322056
815724721,ClaretandH,brand,1.0,0,0.0,0.896551724137931,human,0.6923076923076923,human,0.9999999999301323,human,0.8608982656934274,human,0.8624394205172957,4,human,4.0,0.8624394205172957
815729455,quirkIess,brand,0.346,0,0.0,0.77,human,0.7692307692307693,human,0.9971896520405189,human,0.9119339183855755,human,0.8620885849142159,4,human,4.0,0.8620885849142159
815720479,SalesForceReal,male,0.6721,0,1.0,0.06206896551724138,non-human,0.3076923076923077,non-human,4.574718200262592e-21,non-human,0.18241367602763428,non-human,0.13804373730929584,0,non-human,4.0,0.8619562626907041
815732581,Lazybotts,brand,1.0,0,0.0,0.9081967213114754,human,0.8461538461538461,human,0.9991653027434638,human,0.693055425820685,human,0.8616428240073676,4,human,4.0,0.8616428240073676
815722026,CollyPUG,brand,0.6492,0,0.0,0.9411764705882353,human,0.7692307692307693,human,0.9865221201655902,human,0.7496101986224791,human,0.8616348896517685,4,human,4.0,0.8616348896517685
815723090,WorldRadioNet,female,0.6593,0,1.0,0.25675675675675674,non-human,0.07692307692307693,non-human,0.004933008796453462,non-human,0.21585374402595178,non-human,0.13861664662555973,0,non-human,4.0,0.8613833533744403
815736344,ClarityDaily,brand,0.6457,0,0.0,0.9285714285714286,human,0.6153846153846154,human,0.9879785074996249,human,0.9124204071603,human,0.8610887396539922,4,human,4.0,0.8610887396539922
815730180,RajeshTheLion,brand,0.6586,0,0.0,0.8328912466843501,human,0.7692307692307693,human,0.995705073548631,human,0.8431851658463688,human,0.8602530638275299,4,human,4.0,0.8602530638275299
815736492,asterleybros,brand,0.646,0,0.0,0.8328912466843501,human,0.7692307692307693,human,0.9723324215781819,human,0.8642500485748198,human,0.8596761215170303,4,human,4.0,0.8596761215170303
815731002,Backspacebills,brand,1.0,0,0.0,0.9054054054054054,human,0.6923076923076923,human,0.9902864118564769,human,0.8505091518035002,human,0.8596271653432688,4,human,4.0,0.8596271653432688
815739022,TonyIguana69,brand,0.6432,0,0.0,0.9463087248322147,human,1.0,human,0.6387125139406714,human,0.8524461728628006,human,0.8593668529089217,4,human,4.0,0.8593668529089217
815723762,AgnezMoFC_ID,brand,1.0,0,0.0,0.8328912466843501,human,0.7692307692307693,human,0.9879937740517081,human,0.8465331315351926,human,0.859162230375505,4,human,4.0,0.859162230375505
815738417,TKEsmalls,brand,0.6512,0,0.0,0.5888888888888889,human,0.9230769230769231,human,1.0,human,0.9164939306315159,human,0.8571149356493319,4,human,4.0,0.8571149356493319
815720446,RapAquila,brand,0.6697,0,0.0,0.9411764705882353,human,0.8461538461538461,human,0.9957434851450029,human,0.6438567674697547,human,0.8567326423392098,4,human,4.0,0.8567326423392098
815737018,LunawithWings,brand,0.6559,0,0.0,0.9054054054054054,human,0.9230769230769231,human,0.6281190873759949,human,0.9668508281904156,human,0.8558630610121847,4,human,4.0,0.8558630610121847
815734375,semieitas,brand,0.6727,1,0.0,0.77,human,0.9230769230769231,human,0.9978019195867457,human,0.7299616731367641,human,0.8552101289501082,4,human,4.0,0.8552101289501082
815724440,Hierkaufich,brand,0.6594,0,0.0,0.5888888888888889,human,0.9230769230769231,human,0.9999999999999858,human,0.9086409108170619,human,0.8551516806957149,4,human,4.0,0.8551516806957149
815720380,947Star,brand,1.0,0,0.0,0.7794117647058824,human,0.7692307692307693,human,0.9997584703578231,human,0.872074876439288,human,0.8551189701834407,4,human,4.0,0.8551189701834407
815738508,ShezaHolmes,brand,0.6461,0,0.0,0.77,human,0.9230769230769231,human,0.951065345076539,human,0.7745482618184968,human,0.8546726324929897,4,human,4.0,0.8546726324929897
815737945,cbinflux,brand,0.6801,0,0.0,0.9285714285714286,human,0.8461538461538461,human,0.9458136085789106,human,0.6981219266579014,human,0.8546652024905217,4,human,4.0,0.8546652024905217
815732237,Funniteen,brand,0.6877,0,0.0,0.8328912466843501,human,0.8461538461538461,human,0.9999374241855795,human,0.7393806416300324,human,0.854590789663452,4,human,4.0,0.854590789663452
815736332,dghyhyh,brand,0.645,0,0.0,0.6385542168674698,human,1.0,human,0.9986588625108077,human,0.7806233404952498,human,0.8544591049683818,4,human,4.0,0.8544591049683818
815731133,NaughtyToyss,brand,1.0,0,0.0,0.8328912466843501,human,0.6923076923076923,human,0.9896564491577722,human,0.9019395807155819,human,0.8541987422163491,4,human,4.0,0.8541987422163491
815719416,QueensofDeen,brand,0.678,0,0.0,0.7794117647058824,human,0.9230769230769231,human,0.9708270343962794,human,0.7399498589972164,human,0.8533163952940754,4,human,4.0,0.8533163952940754
815729578,MeijerGardens,brand,1.0,0,0.0,0.9285714285714286,human,0.7692307692307693,human,0.9228769759545329,human,0.7804427519376692,human,0.8502804814236,4,human,4.0,0.8502804814236
815731857,YourSpiritSpeak,female,0.6504,0,1.0,0.06206896551724138,non-human,0.23076923076923078,non-human,8.080452615213726e-05,non-human,0.306001164596762,non-human,0.14973004135234658,0,non-human,4.0,0.8502699586476534
815722043,AsxireGaming,brand,0.6879,0,0.0,0.7943262411347518,human,0.8461538461538461,human,0.858963526845942,human,0.8954218955464756,human,0.8487163774202539,4,human,4.0,0.8487163774202539
815725734,os4185,brand,0.6372,0,0.0,0.6497584541062802,human,0.7692307692307693,human,0.9999933170935035,human,0.9756903670167001,human,0.8486682268618133,4,human,4.0,0.8486682268618133
815730577,Inobsequens,brand,1.0,0,0.0,0.8328912466843501,human,0.7692307692307693,human,0.9921697434931203,human,0.7963506776339759,human,0.8476606092605539,4,human,4.0,0.8476606092605539
815735393,TENCH0U_,brand,0.6772,0,0.0,0.7794117647058824,human,0.8461538461538461,human,0.9706690495463198,human,0.7905482784588963,human,0.8466957347162362,4,human,4.0,0.8466957347162362
815723959,Pr0gression,brand,0.6751,0,0.0,0.6497584541062802,human,0.8461538461538461,human,0.9817054366841792,human,0.908519189069899,human,0.8465342315035511,4,human,4.0,0.8465342315035511
815733675,XUrbanSimsX,brand,0.672,0,0.0,0.9081967213114754,human,0.6153846153846154,human,0.9363287556449642,human,0.9260248322763588,human,0.8464837311543535,4,human,4.0,0.8464837311543535
815725052,RockieShifah,female,1.0,0,1.0,0.25675675675675674,non-human,0.07692307692307693,non-human,0.05845133994964664,non-human,0.2223657425886656,non-human,0.1536242290545365,0,non-human,4.0,0.8463757709454636
815722163,commonpatriot,brand,0.6489,0,0.0,0.896551724137931,human,0.8461538461538461,human,0.961946656481546,human,0.6730902409126316,human,0.8444356169214886,4,human,4.0,0.8444356169214886
815719316,NotNuttyKarl,female,0.6691,0,1.0,0.0,non-human,0.46153846153846156,non-human,6.321309600732394e-71,non-human,0.16157167430954267,non-human,0.15577753396200106,0,non-human,4.0,0.8442224660379989
815720068,YusufMoneer,brand,0.635,0,0.0,0.9036827195467422,human,0.6923076923076923,human,0.9824148251549549,human,0.7949041875138618,human,0.8433273561308128,4,human,4.0,0.8433273561308128
815737111,jab50yen,brand,0.6653,0,0.0,0.9708994708994709,human,0.5384615384615384,human,0.9018427197327352,human,0.9577207982160211,human,0.8422311318274415,4,human,4.0,0.8422311318274415
815721239,RedLineCommuter,brand,0.3551,0,0.0,0.8328912466843501,human,0.7692307692307693,human,0.9913458543052911,human,0.7728899195728142,human,0.8415894474483062,4,human,4.0,0.8415894474483062
815728109,mobilepers,female,0.6609,0,1.0,0.06206896551724138,non-human,0.23076923076923078,non-human,0.03334278619425284,non-human,0.3087534815544996,non-human,0.15873361600880614,0,non-human,4.0,0.8412663839911938
815725934,erynies,brand,0.6488,0,0.0,0.8328912466843501,human,0.6923076923076923,human,0.9720160761320418,human,0.8667124318471414,human,0.8409818617428063,4,human,4.0,0.8409818617428063
815734217,DivergentSan,brand,0.6743,0,0.0,0.8328912466843501,human,0.6923076923076923,human,0.9992336534030279,human,0.8386687224559354,human,0.8407753287127514,4,human,4.0,0.8407753287127514
815736783,KiltsOfDeath,brand,0.34,0,0.0,0.8328912466843501,human,0.9230769230769231,human,0.8127391824899183,human,0.7942642132377244,human,0.840742891372229,4,human,4.0,0.840742891372229
815733793,AIgerian,brand,0.6597,0,0.0,0.77,human,0.7692307692307693,human,0.9999957941633807,human,0.8235526842355926,human,0.8406948119074356,4,human,4.0,0.8406948119074356
815734015,brodigan,brand,1.0,0,0.0,0.8328912466843501,human,0.7692307692307693,human,0.9752797564168765,human,0.783710959364011,human,0.8402781829240017,4,human,4.0,0.8402781829240017
815723648,Chexoid,brand,0.6651,0,0.0,0.8328912466843501,human,0.9230769230769231,human,0.7197848081765597,human,0.8838931957706617,human,0.8399115434271236,4,human,4.0,0.8399115434271236
815725877,RaiderDelta,brand,0.6534,0,0.0,0.77,human,0.7692307692307693,human,0.9997720803555433,human,0.8164022471475393,human,0.838851274183463,4,human,4.0,0.838851274183463
815723287,LunaAmatheia,brand,0.6583,0,0.0,0.8328912466843501,human,0.8461538461538461,human,0.992860005320127,human,0.6816662631778001,human,0.8383928403340308,4,human,4.0,0.8383928403340308
815728574,VKynton,male,1.0,0,1.0,0.25675675675675674,non-human,0.07692307692307693,non-human,0.062144374787847706,non-human,0.2540155523775614,non-human,0.16245994021131072,0,non-human,4.0,0.8375400597886893
815735963,JaneCalladine1,brand,1.0,0,0.0,0.6341463414634146,human,0.8461538461538461,human,0.9999999999980744,human,0.8696929065465877,human,0.8374982735404808,4,human,4.0,0.8374982735404808
815729210,balticblau,brand,0.6608,0,0.0,0.9036827195467422,human,0.7692307692307693,human,0.9999999098288411,human,0.6770470582506964,human,0.8374901142142623,4,human,4.0,0.8374901142142623
815739188,eCSVA,brand,0.6663,0,0.0,0.896551724137931,human,0.6923076923076923,human,0.9638686181987588,human,0.7954703366296417,human,0.837049592818506,4,human,4.0,0.837049592818506
815737186,bonhomme37,brand,0.6584,0,0.0,0.9790897908979089,human,0.6923076923076923,human,0.7231008063736103,human,0.9534641814435134,human,0.8369906177556812,4,human,4.0,0.8369906177556812
815725381,wayoftheaviator,brand,0.6524,1,0.0,0.9347826086956522,human,0.6923076923076923,human,0.8494594584815025,human,0.8709064673619874,human,0.8368640567117086,4,human,4.0,0.8368640567117086
815722880,VolcanoEdmonton,brand,1.0,0,0.0,0.77,human,0.7692307692307693,human,0.9999905121705663,human,0.8059664579843256,human,0.8362969348464153,4,human,4.0,0.8362969348464153
815738511,Futureollg1313,brand,0.6731,0,0.0,0.9036827195467422,human,0.6923076923076923,human,0.8756361320576498,human,0.8734781193831125,human,0.8362761658237992,4,human,4.0,0.8362761658237992
815720266,DolphinDivePro,brand,0.6386,0,0.0,0.9081967213114754,human,0.6153846153846154,human,1.0,human,0.8212010789244142,human,0.8361956039051262,4,human,4.0,0.8361956039051262
815732769,DragnMastr13,brand,0.3556,0,0.0,0.8918918918918919,human,0.7692307692307693,human,0.7370413346102054,human,0.9448355389300217,human,0.8357498836657221,4,human,4.0,0.8357498836657221
815723352,RumpyDog,brand,0.6708,0,0.0,0.896551724137931,human,0.6923076923076923,human,0.9091690674593436,human,0.8439579037016842,human,0.8354965969016628,4,human,4.0,0.8354965969016628
815731574,Mewtilate,brand,0.6648,0,0.0,0.9081967213114754,human,0.6923076923076923,human,0.9997204380308631,human,0.7404707080788566,human,0.8351738899322219,4,human,4.0,0.8351738899322219
815727634,thewasabiman,brand,1.0,0,0.0,0.77,human,0.6153846153846154,human,0.9998963318655991,human,0.9547397220345457,human,0.83500516732119,4,human,4.0,0.83500516732119
815720265,RiverCityMC,brand,1.0,0,0.0,0.9054054054054054,human,0.8461538461538461,human,0.7915085968026279,human,0.7953601315562694,human,0.8346069949795372,4,human,4.0,0.8346069949795372
815738487,Ryebread506,brand,0.6667,0,0.0,0.7794117647058824,human,0.7692307692307693,human,0.9950213088210111,human,0.7942928197480977,human,0.8344891656264402,4,human,4.0,0.8344891656264402
815737631,PulseRadioAZ,brand,1.0,0,0.0,0.6385542168674698,human,0.8461538461538461,human,1.0,human,0.8517004129356646,human,0.8341021189892451,4,human,4.0,0.8341021189892451
815731362,fairfunkyhelen,brand,0.3622,0,0.0,0.8328912466843501,human,0.7692307692307693,human,0.9347123829300427,human,0.79743759295302,human,0.8335679979495455,4,human,4.0,0.8335679979495455
815737745,maxlydic,brand,0.6679,0,0.0,0.7794117647058824,human,0.6923076923076923,human,0.9839290598530054,human,0.8784073921084299,human,0.8335139772437525,4,human,4.0,0.8335139772437525
815726289,BikeSmut,brand,0.6754,0,0.0,0.9036827195467422,human,0.6153846153846154,human,0.9646113788099975,human,0.8438458120870019,human,0.8318811314570893,4,human,4.0,0.8318811314570893
815719396,MightyMoose3,brand,0.661,0,0.0,0.7794117647058824,human,0.8461538461538461,human,0.7858338996706835,human,0.9160187150239087,human,0.8318545563885802,4,human,4.0,0.8318545563885802
815727035,justahallcall,brand,0.3471,0,0.0,0.9081967213114754,human,0.9230769230769231,human,0.7263039801036411,human,0.769108135716121,human,0.8316714400520402,4,human,4.0,0.8316714400520402
815722995,C_S__,brand,0.6613,0,0.0,0.7794117647058824,human,0.9230769230769231,human,0.9332599938717938,human,0.6888462238397581,human,0.8311487263735894,4,human,4.0,0.8311487263735894
815736351,robotic_icon,brand,0.6656,0,0.0,0.7555555555555555,human,0.7692307692307693,human,0.8709697422618754,human,0.9261828584773075,human,0.830484731381377,4,human,4.0,0.830484731381377
815725013,BookTalkRadio,female,1.0,1,1.0,0.06206896551724138,non-human,0.38461538461538464,non-human,3.937828038836123e-06,non-human,0.23201530099209447,non-human,0.16967589723818982,0,non-human,4.0,0.8303241027618102
815722419,SeraphinTravail,brand,1.0,0,0.0,0.5888888888888889,human,0.9230769230769231,human,0.9999999999966427,human,0.807830802495379,human,0.8299491536144584,4,human,4.0,0.8299491536144584
815722056,Leversity,brand,0.667,0,0.0,0.9285714285714286,human,0.7692307692307693,human,0.9993370327663262,human,0.6223182981494674,human,0.8298643821794979,4,human,4.0,0.8298643821794979
815726380,EightBitBurrito,brand,1.0,0,0.0,0.8328912466843501,human,0.6153846153846154,human,0.998322442820182,human,0.8710269239763361,human,0.8294063072163709,4,human,4.0,0.8294063072163709
815735812,AceBaby45,male,0.6466,0,1.0,0.0,non-human,0.23076923076923078,non-human,0.005969530277888968,non-human,0.4464665649919297,non-human,0.17080133150976237,0,non-human,4.0,0.8291986684902376
815721546,seriouslycrowen,brand,0.6296,0,0.0,0.9790897908979089,human,0.8461538461538461,human,0.6834563326286945,human,0.8004446763454164,human,0.8272861615064665,4,human,4.0,0.8272861615064665
815724315,JuniataEagles,brand,1.0,0,0.0,0.7794117647058824,human,0.7692307692307693,human,0.9999999999960067,human,0.7598598566356318,human,0.8271255976420725,4,human,4.0,0.8271255976420725
815732105,NoChiIlTweets,brand,0.6575,0,0.0,0.9790897908979089,human,0.8461538461538461,human,0.6498386337207771,human,0.8320855866642142,human,0.8267919643591866,4,human,4.0,0.8267919643591866
815722975,NcusheClothing,brand,0.6605,0,0.0,0.7943262411347518,human,0.9230769230769231,human,0.641855580414229,human,0.9428867563670611,human,0.8255363752482412,4,human,4.0,0.8255363752482412
815725040,BazaarUK,brand,1.0,0,0.0,0.7794117647058824,human,0.8461538461538461,human,0.9964809539708089,human,0.6785092240467492,human,0.8251389472193217,4,human,4.0,0.8251389472193217
815736857,moderntechfeed,brand,1.0,0,0.0,0.9285714285714286,human,0.8461538461538461,human,0.9616237766312372,human,0.5613182340782515,human,0.8244168213586908,4,human,4.0,0.8244168213586908
815736916,BlogTini13,brand,0.6715,0,0.0,0.9285714285714286,human,0.6153846153846154,human,0.9992250897458735,human,0.7527387512225303,human,0.823979971231112,4,human,4.0,0.823979971231112
815725019,MyBeautyDish,brand,0.6669,0,0.0,0.9036827195467422,human,0.6923076923076923,human,0.9686881543752518,human,0.7311372382461465,human,0.8239539511189582,4,human,4.0,0.8239539511189582
815739142,Helz999,brand,0.6771,0,0.0,0.6756756756756757,human,1.0,human,0.7276824337865878,human,0.8919638009943314,human,0.8238304776141487,4,human,4.0,0.8238304776141487
815735985,soconnor76,brand,0.6583,0,0.0,0.9708994708994709,human,0.7692307692307693,human,0.6802236026876473,human,0.8660518753852513,human,0.8216014295507847,4,human,4.0,0.8216014295507847
815726194,mckbirdbks,male,0.666,0,1.0,0.05714285714285714,non-human,0.46153846153846156,non-human,0.0012782136065599375,non-human,0.19795089047266884,non-human,0.17947760569013688,0,non-human,4.0,0.8205223943098632
815735005,EthanVei,brand,0.6683,0,0.0,0.9054054054054054,human,0.9230769230769231,human,0.6137065279032891,human,0.8397118643369635,human,0.8204751801806454,4,human,4.0,0.8204751801806454
815720445,LittleMix,brand,0.6623,0,0.0,0.9285714285714286,human,0.6153846153846154,human,0.9999999999514699,human,0.7375365649945715,human,0.8203731522255213,4,human,4.0,0.8203731522255213
815739099,Nayke14,brand,0.6569,0,0.0,0.9463087248322147,human,0.6923076923076923,human,0.8705640545804388,human,0.7719830436535701,human,0.820290878843479,4,human,4.0,0.820290878843479
815739039,LynnsBlondePorn,female,0.6587,0,1.0,0.06206896551724138,non-human,0.38461538461538464,non-human,2.583449711461441e-06,non-human,0.272551942472113,non-human,0.17980971901361262,0,non-human,4.0,0.8201902809863874
815721373,superflycook,brand,0.6797,0,0.0,0.8328912466843501,human,0.9230769230769231,human,0.6735335311066524,human,0.8490499728532068,human,0.8196379184302831,4,human,4.0,0.8196379184302831
815720346,HogwartsCitou,brand,0.6768,0,0.0,0.9285714285714286,human,0.7692307692307693,human,0.682068135681263,human,0.8982553131176532,human,0.8195314116502785,4,human,4.0,0.8195314116502785
815725570,carbonmotion,male,1.0,0,1.0,0.25675675675675674,non-human,0.3076923076923077,non-human,2.5228992852236028e-23,non-human,0.1585662301741044,non-human,0.18075382365579223,0,non-human,4.0,0.8192461763442078
815731719,greysbot,brand,1.0,0,0.0,0.8918918918918919,human,0.7692307692307693,human,0.9510709176841393,human,0.6635782722252229,human,0.8189429627580059,4,human,4.0,0.8189429627580059
815733055,GYSTclub,brand,1.0,0,0.0,0.7794117647058824,human,0.8461538461538461,human,0.9783857500485746,human,0.6709695915747625,human,0.8187302381207664,4,human,4.0,0.8187302381207664
815737411,NeerioJinx,brand,0.3354,0,0.0,0.9054054054054054,human,0.7692307692307693,human,0.7921309637745853,human,0.8076681834496975,human,0.8186088304651145,4,human,4.0,0.8186088304651145
815731949,MilwaukeeTalk,female,0.6666,0,1.0,0.06206896551724138,non-human,0.46153846153846156,non-human,8.169497207173578e-06,non-human,0.20245625518552604,non-human,0.18151796293460903,0,non-human,4.0,0.8184820370653909
815724051,bonfiresband,brand,0.6648,0,0.0,0.8734177215189873,human,0.7692307692307693,human,0.7210072471312623,human,0.9061030761477876,human,0.8174397035072016,4,human,4.0,0.8174397035072016
815724005,WhenDeadSpeak,female,0.6735,0,1.0,0.13636363636363635,non-human,0.38461538461538464,non-human,0.011650492727711412,non-human,0.19808116421505678,non-human,0.18267766948044734,0,non-human,4.0,0.8173223305195527
815737326,Official_Madara,brand,0.6537,0,0.0,0.8328912466843501,human,0.7692307692307693,human,0.9058857814366957,human,0.7607574732227875,human,0.8171913176436507,4,human,4.0,0.8171913176436507
815723841,GabrielleForex,female,0.6751,0,1.0,0.25675675675675674,non-human,0.23076923076923078,non-human,0.09538951687383292,non-human,0.15260244125091127,non-human,0.18387948641268292,0,non-human,4.0,0.8161205135873171
815723285,nationalrailenq,brand,1.0,0,0.0,0.8328912466843501,human,0.7692307692307693,human,0.8704203125934824,human,0.783445556969307,human,0.8139969713694772,4,human,4.0,0.8139969713694772
815729261,theformalcat,brand,0.654,0,0.0,0.9411764705882353,human,0.6153846153846154,human,0.8966512231088383,human,0.8025142637265275,human,0.813931643202054,4,human,4.0,0.813931643202054
815724933,TheMFamous,brand,0.682,0,0.0,0.8328912466843501,human,0.7692307692307693,human,0.8506960725896892,human,0.7983309460121957,human,0.812787258629251,4,human,4.0,0.812787258629251
815731996,lgtcaptial,brand,1.0,0,0.0,0.9347826086956522,human,0.6923076923076923,human,0.7601610873882678,human,0.8631005767997858,human,0.8125879912978495,4,human,4.0,0.8125879912978495
815731616,AvenirAfrica,brand,0.6579,0,0.0,0.9790897908979089,human,0.6923076923076923,human,0.7227283779418339,human,0.8491471062303945,human,0.8108182418444574,4,human,4.0,0.8108182418444574
815722931,SadikiBakari,male,0.6762,0,1.0,0.19230769230769232,non-human,0.3076923076923077,non-human,0.013823786626424596,non-human,0.2507202594927914,non-human,0.191136011529804,0,non-human,4.0,0.808863988470196
815726017,IB_GIST,female,0.6703,0,1.0,0.13636363636363635,non-human,0.23076923076923078,non-human,0.17948102316645895,non-human,0.22026997658139313,non-human,0.1917209667201798,0,non-human,4.0,0.8082790332798202
815737606,TBuyse,brand,0.3375,0,0.0,0.9347826086956522,human,0.7692307692307693,human,0.6582689341062226,human,0.8700803985687476,human,0.8080906776503479,4,human,4.0,0.8080906776503479
815730496,kneedough,brand,0.6666,0,0.0,0.7794117647058824,human,0.7692307692307693,human,0.7639811655041546,human,0.9114027781203352,human,0.8060066193902853,4,human,4.0,0.8060066193902853
815735979,indianaclimate,male,0.6688,0,1.0,0.3754646840148699,non-human,0.07692307692307693,non-human,0.04160821720236261,non-human,0.28246564589591183,non-human,0.1941154060090553,0,non-human,4.0,0.8058845939909447
815738797,twistingKALEIDO,brand,0.6626,0,0.0,0.7555555555555555,human,0.6923076923076923,human,0.9999896968355917,human,0.7751755289772125,human,0.805757118419013,4,human,4.0,0.805757118419013
815732341,WatermelonBloke,brand,0.6793,0,0.0,0.803030303030303,human,0.9230769230769231,human,0.6584893210284893,human,0.8369190086057043,human,0.805378888935355,4,human,4.0,0.805378888935355
815735477,saidosereno,male,0.3449,0,1.0,0.15625,non-human,0.15384615384615385,non-human,0.01964160853648001,non-human,0.44936520889484166,non-human,0.19477574281936888,0,non-human,4.0,0.8052242571806312
815735577,omobablog,brand,0.6662,0,0.0,0.7794117647058824,human,0.7692307692307693,human,0.9999999999998934,human,0.6683904092972965,human,0.8042582358084603,4,human,4.0,0.8042582358084603
815726508,CLMcGillicutty,brand,0.3526,0,0.0,0.7027027027027027,human,0.6923076923076923,human,0.9971325489890708,human,0.824295645452325,human,0.8041096473629478,4,human,4.0,0.8041096473629478
815733417,GuyKawasaki,male,0.6606,0,1.0,0.19230769230769232,non-human,0.38461538461538464,non-human,3.3303827319127462e-06,non-human,0.20719182162389405,non-human,0.19602955723242574,0,non-human,4.0,0.8039704427675742
815719414,SteidlSteinberg,male,0.6771,0,1.0,0.25675675675675674,non-human,0.3076923076923077,non-human,0.005406169224205171,non-human,0.2146488511294617,non-human,0.19612602120068284,0,non-human,4.0,0.8038739787993172
815724259,Installite,brand,1.0,0,0.0,0.6497584541062802,human,0.8461538461538461,human,0.9997219856580589,human,0.7198563486836044,human,0.8038726586504473,4,human,4.0,0.8038726586504473
815724077,vBubblez,brand,0.6524,0,0.0,0.8328912466843501,human,0.6153846153846154,human,0.9795535520856976,human,0.7874877645989132,human,0.803829294688394,4,human,4.0,0.803829294688394
815723566,Pigmentaotq,brand,0.6567,0,0.0,0.8328912466843501,human,0.7692307692307693,human,0.9443005913992613,human,0.6661460234653763,human,0.8031421576949392,4,human,4.0,0.8031421576949392
815736144,16thStMALL,brand,0.6697,0,0.0,0.896551724137931,human,0.6153846153846154,human,0.8280819187244218,human,0.8715652020443925,human,0.8028958650728402,4,human,4.0,0.8028958650728402
815719651,FDD_Iran,brand,0.6477,0,0.0,0.8328912466843501,human,0.7692307692307693,human,0.9999960405901417,human,0.6089499120391633,human,0.8027669921361061,4,human,4.0,0.8027669921361061
815734104,Cardiff_Wales,brand,0.6608,0,0.0,0.6385542168674698,human,0.9230769230769231,human,0.998756720040971,human,0.64860924882713,human,0.8022492772031236,4,human,4.0,0.8022492772031236
815735718,joohnnyff,male,1.0,0,1.0,0.25675675675675674,non-human,0.23076923076923078,non-human,3.000636247438882e-05,non-human,0.3061695186337289,non-human,0.1984313781305477,0,non-human,4.0,0.8015686218694523
815737825,TheStreetNews_,male,0.6686,0,1.0,0.37142857142857144,non-human,0.23076923076923078,non-human,0.0015671798542259768,non-human,0.1924706194406631,non-human,0.19905890037317284,0,non-human,4.0,0.8009410996268271
815729418,GembisMath,brand,0.6383,0,0.0,0.9790897908979089,human,0.5384615384615384,human,0.8438416076329143,human,0.8374957863082992,human,0.7997221808251651,4,human,4.0,0.7997221808251651
815724250,CheerWorldxo,female,0.6711,0,1.0,0.25675675675675674,non-human,0.3076923076923077,non-human,0.058507358405435646,non-human,0.18010854490636827,non-human,0.2007662419402171,0,non-human,4.0,0.7992337580597829
815726792,itsisabelldiaz,brand,0.6759,0,0.0,0.7794117647058824,human,0.7692307692307693,human,0.9506434783259933,human,0.6940452268548947,human,0.7983328097793849,4,human,4.0,0.7983328097793849
815734369,OutThereShrops,brand,1.0,0,0.0,0.9411764705882353,human,0.6153846153846154,human,0.9962704592466824,human,0.6390912450436974,human,0.7979806975658076,4,human,4.0,0.7979806975658076
815724508,fpresources,male,1.0,0,1.0,0.19230769230769232,non-human,0.23076923076923078,non-human,0.00025575235342582353,non-human,0.3847488881242022,non-human,0.2020203908886378,0,non-human,4.0,0.7979796091113622
815724972,casadecampo,brand,1.0,0,0.0,0.6497584541062802,human,0.7692307692307693,human,0.999998779999485,human,0.7719165661622226,human,0.7977261423746893,4,human,4.0,0.7977261423746893
815733429,MayaCob,female,0.6701,0,1.0,0.2876712328767123,non-human,0.15384615384615385,non-human,0.00039199730234448386,non-human,0.3673801863769541,non-human,0.2023223926005412,0,non-human,4.0,0.7976776073994588
815735826,troublemarriage,female,1.0,0,1.0,0.25675675675675674,non-human,0.3076923076923077,non-human,0.022060242312010873,non-human,0.22290302263591585,non-human,0.20235308234924781,0,non-human,4.0,0.7976469176507521
815733362,MayaRSun,female,0.681,0,1.0,0.2876712328767123,non-human,0.15384615384615385,non-human,0.0003938837153182335,non-human,0.3676357892642339,non-human,0.2023867649256046,0,non-human,4.0,0.7976132350743954
815732672,sgibkr10,female,0.6682,0,1.0,0.2876712328767123,non-human,0.3076923076923077,non-human,0.0025451669106573505,non-human,0.2145749884816459,non-human,0.20312092399033083,0,non-human,4.0,0.7968790760096691
815730486,TimberAndWolf,brand,1.0,0,0.0,0.7794117647058824,human,0.9230769230769231,human,0.9447552304699077,human,0.5389880783805076,human,0.7965579991583053,4,human,4.0,0.7965579991583053
815724255,StorageStations,brand,1.0,0,0.0,0.7794117647058824,human,0.7692307692307693,human,0.9979213416582803,human,0.6393541402767282,human,0.7964795039679151,4,human,4.0,0.7964795039679151
815720775,TheSpectralVoid,brand,0.6591,0,0.0,0.7794117647058824,human,0.8461538461538461,human,0.7830782359834367,human,0.7772370437505463,human,0.7964702226484278,4,human,4.0,0.7964702226484278
815725628,SoulSonnet,brand,0.6843,0,0.0,0.9347826086956522,human,0.9230769230769231,human,0.7787625951851302,human,0.5458385131891718,human,0.7956151600367194,4,human,4.0,0.7956151600367194
815726438,RedRiverChamber,brand,1.0,0,0.0,0.7794117647058824,human,0.6153846153846154,human,0.9949563079704731,human,0.7921125957955525,human,0.7954663209641307,4,human,4.0,0.7954663209641307
815723391,JediNewsUK,brand,1.0,0,0.0,0.7794117647058824,human,0.6923076923076923,human,0.8946303637150839,human,0.8154153978823024,human,0.7954413046527403,4,human,4.0,0.7954413046527403
815733074,BunkerCardiff,brand,1.0,0,0.0,0.7794117647058824,human,0.8461538461538461,human,0.9778984645314118,human,0.5769197476102457,human,0.7950959557503465,4,human,4.0,0.7950959557503465
815720156,rockandpink4u,brand,0.6683,0,0.0,0.7794117647058824,human,0.5384615384615384,human,0.9999989842681074,human,0.8620658503169784,human,0.7949845344381267,4,human,4.0,0.7949845344381267
815738505,nakedtoby,brand,0.6543,0,0.0,0.7794117647058824,human,0.8461538461538461,human,0.9999999999997655,human,0.5524942091063118,human,0.7945149549914514,4,human,4.0,0.7945149549914514
815734381,MidlerFreak,female,0.6848,0,1.0,0.25675675675675674,non-human,0.38461538461538464,non-human,0.003720198419016892,non-human,0.18119245045537005,non-human,0.2065711975616321,0,non-human,4.0,0.7934288024383679
815729773,ashleyprofiles,male,1.0,1,1.0,0.07142857142857142,non-human,0.38461538461538464,non-human,0.007658028574365138,non-human,0.3627375523610652,non-human,0.2066098842448466,0,non-human,4.0,0.7933901157551534
815720787,Dropgist,female,0.6591,0,1.0,0.25675675675675674,non-human,0.38461538461538464,non-human,0.030121301737889735,non-human,0.16279833556933332,non-human,0.2085729446698411,0,non-human,4.0,0.7914270553301589
815723430,smxmagazin,brand,1.0,0,0.0,0.8328912466843501,human,0.6923076923076923,human,0.8019183691078413,human,0.83563968063245,human,0.7906892471830834,4,human,4.0,0.7906892471830834
815724106,Geology_topics,brand,0.6575,0,0.0,0.9285714285714286,human,0.6923076923076923,human,0.8149966438256057,human,0.7234418420299266,human,0.7898294016836632,4,human,4.0,0.7898294016836632
815726517,ColorFunFest,brand,1.0,0,0.0,0.8328912466843501,human,0.6153846153846154,human,0.940633040946912,human,0.7695100171534502,human,0.7896047300423319,4,human,4.0,0.7896047300423319
815723952,mom2yahoos,brand,0.3571,0,0.0,0.7943262411347518,human,0.7692307692307693,human,0.807202954166402,human,0.7857034474488646,human,0.7891158529951969,4,human,4.0,0.7891158529951969
815725829,AHA1R,male,0.6505,0,1.0,0.13636363636363635,non-human,0.46153846153846156,non-human,0.023121599578583656,non-human,0.2225708127311775,non-human,0.21089862755296476,0,non-human,4.0,0.7891013724470353
815733127,MrViralMarketer,brand,1.0,0,0.0,0.896551724137931,human,0.6923076923076923,human,1.0,human,0.5662292457623107,human,0.7887721655519835,4,human,4.0,0.7887721655519835
815726237,ECNashville,male,0.6566,0,1.0,0.25675675675675674,non-human,0.38461538461538464,non-human,0.0015568006939857119,non-human,0.20297097540833908,non-human,0.21147497936861653,0,non-human,4.0,0.7885250206313834
815723418,Indy_Events,male,0.6708,0,1.0,0.13636363636363635,non-human,0.3076923076923077,non-human,3.2761327149142312e-15,non-human,0.4041582008898963,non-human,0.2120535362364609,0,non-human,4.0,0.7879464637635392
815737760,GravLabs,brand,1.0,0,0.0,0.7794117647058824,human,0.6923076923076923,human,0.9452534567066178,human,0.7347650445908513,human,0.7879344895777609,4,human,4.0,0.7879344895777609
815729625,RLF,brand,1.0,0,0.0,0.803030303030303,human,0.6923076923076923,human,0.9652822471386818,human,0.688726271783676,human,0.7873366285650882,4,human,4.0,0.7873366285650882
815719937,Knightrrrider,brand,0.6726,0,0.0,0.77,human,0.6153846153846154,human,0.9853336881979008,human,0.7761599878341066,human,0.7867195728541556,4,human,4.0,0.7867195728541556
815736214,meniverle,female,0.6829,0,1.0,0.13636363636363635,non-human,0.38461538461538464,non-human,0.052353525241425086,non-human,0.2845830012587482,non-human,0.2144788868697986,0,non-human,4.0,0.7855211131302013
815722758,polwrestling,brand,0.3429,0,0.0,0.9790897908979089,human,0.7692307692307693,human,0.5245119653572345,human,0.8674345387424813,human,0.7850667660570985,4,human,4.0,0.7850667660570985
815728881,EllypseCelwe,brand,0.6866,0,0.0,0.8328912466843501,human,0.6153846153846154,human,0.9862719408708713,human,0.7044621902071684,human,0.7847524982867513,4,human,4.0,0.7847524982867513
815722286,owarinodungeon,female,0.6801,0,1.0,0.3754646840148699,non-human,0.3076923076923077,non-human,0.016980648032694876,non-human,0.16319929170512215,non-human,0.21583423286124864,0,non-human,4.0,0.7841657671387514
815722704,UntzUntzWubWub,male,0.6785,0,1.0,0.40425531914893614,non-human,0.07692307692307693,non-human,0.007432354085586011,non-human,0.37534921477744854,non-human,0.2159899912337619,0,non-human,4.0,0.784010008766238
815731634,youngddk,male,0.6809,0,1.0,0.40425531914893614,non-human,0.23076923076923078,non-human,2.052007689930999e-05,non-human,0.23246270103756914,non-human,0.21687694275815886,0,non-human,4.0,0.7831230572418412
815737769,Obmaha,brand,0.6298,0,0.0,0.803030303030303,human,0.9230769230769231,human,0.5546101560644973,human,0.8465041072038336,human,0.7818053723438892,4,human,4.0,0.7818053723438892
815728690,tech_nfc,brand,0.6937,0,0.0,0.7943262411347518,human,0.9230769230769231,human,0.5395605951110914,human,0.8659377453751106,human,0.7807253761744692,4,human,4.0,0.7807253761744692
815723221,esasahara,brand,1.0,0,0.0,0.6497584541062802,human,0.9230769230769231,human,0.7752882039385949,human,0.7695255085702808,human,0.7794122724230197,4,human,4.0,0.7794122724230197
815721550,CentralFlJwJ,brand,1.0,0,0.0,0.8823529411764706,human,0.6923076923076923,human,0.99999999985112,human,0.5388426432520479,human,0.7783758191468326,4,human,4.0,0.7783758191468326
815732635,CATWorldMission,brand,1.0,0,0.0,0.8328912466843501,human,0.7692307692307693,human,0.7083077082018028,human,0.802870619115545,human,0.7783250858081168,4,human,4.0,0.7783250858081168
815721547,The_Bizzz,male,1.0,0,1.0,0.25675675675675674,non-human,0.3076923076923077,non-human,0.04416966986740584,non-human,0.27934883180560527,non-human,0.2219918915305189,0,non-human,4.0,0.7780081084694811
815735596,TannerTolbertLv,male,0.3575,0,1.0,0.25675675675675674,non-human,0.46153846153846156,non-human,0.010246367543851713,non-human,0.16003739907609515,non-human,0.22214474622879127,0,non-human,4.0,0.7778552537712087
815731306,SaraContreras03,brand,0.671,1,0.0,0.6385542168674698,human,0.7692307692307693,human,0.9951569897082008,human,0.7077021186060841,human,0.7776610236031309,4,human,4.0,0.7776610236031309
815727650,UFOHUNTERORGUK,brand,0.6805,0,0.0,0.6756756756756757,human,0.7692307692307693,human,0.9856949498066349,human,0.6785106209692124,human,0.7772780039205731,4,human,4.0,0.7772780039205731
815734052,Mista_Donzie,brand,0.6702,0,0.0,0.8328912466843501,human,0.6153846153846154,human,0.9999998726346472,human,0.6593433592495981,human,0.7769047734883028,4,human,4.0,0.7769047734883028
815728811,CrochetAmerican,female,0.6859,0,1.0,0.3754646840148699,non-human,0.23076923076923078,non-human,0.0620697550975995,non-human,0.22647354768832711,non-human,0.22369430439250682,0,non-human,4.0,0.7763056956074932
815731541,LaughingJack821,brand,0.6635,0,0.0,0.9081967213114754,human,0.6923076923076923,human,0.6815199451200484,human,0.822179197946505,human,0.7760508891714302,4,human,4.0,0.7760508891714302
815738089,_TheConductor,brand,0.6572,0,0.0,0.8328912466843501,human,0.6923076923076923,human,0.9551057929184157,human,0.6197513698017468,human,0.7750140254280512,4,human,4.0,0.7750140254280512
815735105,GinnyTDesigns,brand,0.6588,0,0.0,0.8328912466843501,human,0.5384615384615384,human,0.9225147478646729,human,0.8047042837350041,human,0.7746429541863914,4,human,4.0,0.7746429541863914
815735174,duckwellsvintag,female,0.6469,0,1.0,0.2876712328767123,non-human,0.46153846153846156,non-human,3.127774661959551e-08,non-human,0.15249388723377716,non-human,0.22542590323167438,0,non-human,4.0,0.7745740967683257
815725234,capitolfax,brand,0.6752,0,0.0,0.5888888888888889,human,0.6923076923076923,human,0.9800998689751746,human,0.8348206983239707,human,0.7740292871239316,4,human,4.0,0.7740292871239316
815734973,carrieloucrafts,female,0.6648,0,1.0,0.3754646840148699,non-human,0.3076923076923077,non-human,0.00044335981721222275,non-human,0.22211972105070873,non-human,0.22643001814377464,0,non-human,4.0,0.7735699818562254
815721503,TheCyberMax,male,1.0,0,1.0,0.25675675675675674,non-human,0.38461538461538464,non-human,0.04913548652988924,non-human,0.22088476810092222,non-human,0.2278480990007382,0,non-human,4.0,0.7721519009992618
815734644,xlarspanda,male,0.668,1,1.0,0.2876712328767123,non-human,0.3076923076923077,non-human,8.571199556885479e-05,non-human,0.31636794396080137,non-human,0.22795429913134757,0,non-human,4.0,0.7720457008686524
815723821,SanFranRadio,female,0.6741,0,1.0,0.25675675675675674,non-human,0.38461538461538464,non-human,9.245574039932703e-05,non-human,0.27224689130997487,non-human,0.22842787210562887,0,non-human,4.0,0.7715721278943711
815720304,GothamsQueenB,brand,0.6736,0,0.0,0.8328912466843501,human,0.7692307692307693,human,0.9685105973918634,human,0.5102673587970725,human,0.7702249930260139,4,human,4.0,0.7702249930260139
815734151,KarmenDealza,female,0.6618,0,1.0,0.2876712328767123,non-human,0.46153846153846156,non-human,1.0153865944457295e-05,non-human,0.1707047291097854,non-human,0.22998114434772593,0,non-human,4.0,0.770018855652274
815730520,dswebsme,male,0.6874,0,1.0,0.3754646840148699,non-human,0.3076923076923077,non-human,0.06541749898468237,non-human,0.17396198291756346,non-human,0.23063411840235587,0,non-human,4.0,0.7693658815976441
815723543,amajorpain,brand,0.6515,0,0.0,0.6497584541062802,human,0.8461538461538461,human,0.9298543626832311,human,0.6493649771131312,human,0.7687829100141221,4,human,4.0,0.7687829100141221
815730000,DuragantheLion,brand,0.6545,0,0.0,0.7027027027027027,human,0.6923076923076923,human,0.9943668631906497,human,0.6855967435772993,human,0.7687435004445861,4,human,4.0,0.7687435004445861
815733582,SportsNewsBTS,brand,1.0,0,0.0,0.8328912466843501,human,0.6923076923076923,human,0.7652103374494835,human,0.7823634801645835,human,0.7681931891515273,4,human,4.0,0.7681931891515273
815724101,MBTA_CR,brand,0.6736,0,0.0,0.8328912466843501,human,0.9230769230769231,human,0.6452166831247652,human,0.6687131818665668,human,0.7674745086881514,4,human,4.0,0.7674745086881514
815735254,iambriel,female,0.6644,0,1.0,0.3754646840148699,non-human,0.38461538461538464,non-human,0.0001936622253618129,non-human,0.1770229965405565,non-human,0.2343241818490432,0,non-human,4.0,0.7656758181509569
815720300,Atelie_do_Vitz,brand,0.652,0,0.0,0.5888888888888889,human,0.6923076923076923,human,0.895646533322164,human,0.8852434898167305,human,0.7655216510838689,4,human,4.0,0.7655216510838689
815721297,RedSox730,brand,0.669,0,0.0,0.6756756756756757,human,0.6923076923076923,human,0.9303403445130579,human,0.7635519767614786,human,0.765468922314476,4,human,4.0,0.765468922314476
815734770,DCRPoker,brand,1.0,0,0.0,0.7794117647058824,human,0.7692307692307693,human,0.9013770222479311,human,0.6112493566775845,human,0.7653172282155418,4,human,4.0,0.7653172282155418
815720494,Guyism,brand,0.6437,0,0.0,0.896551724137931,human,0.6153846153846154,human,0.8601057145868501,human,0.6824358930568292,human,0.7636194867915564,4,human,4.0,0.7636194867915564
815732902,scgovLibrary,brand,1.0,0,0.0,0.9036827195467422,human,0.5384615384615384,human,0.9663113487620117,human,0.6439467873542691,human,0.7631005985311403,4,human,4.0,0.7631005985311403
815728282,onsmikaela,brand,0.6641,0,0.0,0.77,human,0.6153846153846154,human,0.9714378117255036,human,0.6955767336830305,human,0.7630997901982874,4,human,4.0,0.7630997901982874
815720725,partmentalsoul,brand,0.6741,0,0.0,0.7794117647058824,human,1.0,human,0.5027432212993526,human,0.767584080858388,human,0.7624347667159057,4,human,4.0,0.7624347667159057
815730224,museumhour,brand,1.0,0,0.0,0.9081967213114754,human,0.7692307692307693,human,0.8059859253406567,human,0.5651472636911651,human,0.7621401698935166,4,human,4.0,0.7621401698935166
815720529,Startup_Canada,brand,1.0,0,0.0,0.6756756756756757,human,0.6153846153846154,human,0.9943368256034358,human,0.7585616262964461,human,0.7609896857400432,4,human,4.0,0.7609896857400432
815719975,Hope4Siblings,female,0.6378,0,1.0,0.13636363636363635,non-human,0.3076923076923077,non-human,0.10576796726761663,non-human,0.40899913616665107,non-human,0.23970576187255294,0,non-human,4.0,0.7602942381274471
815736386,fpagejr,male,1.0,0,1.0,0.25675675675675674,non-human,0.38461538461538464,non-human,9.762198095696563e-05,non-human,0.3174669583917311,non-human,0.23973418043620737,0,non-human,4.0,0.7602658195637926
815730121,comicgregjohns1,female,0.6737,0,1.0,0.2876712328767123,non-human,0.23076923076923078,non-human,0.0004230571350886485,non-human,0.4429711261756589,non-human,0.24045866173917266,0,non-human,4.0,0.7595413382608274
815736949,UKATStatus,brand,1.0,0,0.0,0.8328912466843501,human,0.5384615384615384,human,0.8397087672225177,human,0.8235386683205502,human,0.7586500551722392,4,human,4.0,0.7586500551722392
815731046,andrewjoltik,male,0.672,0,1.0,0.25675675675675674,non-human,0.3076923076923077,non-human,3.3487755508457273e-06,non-human,0.40201240935281835,non-human,0.24161620564435843,0,non-human,4.0,0.7583837943556415
815733879,wrnjradio,brand,1.0,0,0.0,0.6497584541062802,human,0.7692307692307693,human,0.9204768391272162,human,0.6933085435737724,human,0.7581936515095095,4,human,4.0,0.7581936515095095
815723535,cocoandghosty3h,brand,0.6612,0,0.0,0.896551724137931,human,0.8461538461538461,human,0.7358558802090486,human,0.5539814434863465,human,0.7581357234967931,4,human,4.0,0.7581357234967931
815722579,tonguesintrees,brand,0.3503,0,0.0,0.8328912466843501,human,0.5384615384615384,human,0.9085726979370415,human,0.7474956739011032,human,0.7568552892460083,4,human,4.0,0.7568552892460083
815737711,samuraiempress,female,0.6394,0,1.0,0.4,non-human,0.38461538461538464,non-human,8.301919636260942e-07,non-human,0.18915921905930336,non-human,0.24344385846666292,0,non-human,4.0,0.7565561415333371
815719525,leechjgena,female,1.0,0,1.0,0.25675675675675674,non-human,0.38461538461538464,non-human,1.314346990022488e-10,non-human,0.33244139809948753,non-human,0.2434533849007659,0,non-human,4.0,0.7565466150992342
815737571,BobFridImages,brand,0.3507,0,0.0,0.7794117647058824,human,0.6923076923076923,human,0.999999978432925,human,0.5490668747944917,human,0.7551965775602478,4,human,4.0,0.7551965775602478
815723769,PTAlanSwann,brand,0.6556,0,0.0,0.6497584541062802,human,0.6923076923076923,human,0.9999999999986677,human,0.67709840777407,human,0.7547911385466776,4,human,4.0,0.7547911385466776
815737768,ParadiseGray,brand,0.6545,0,0.0,0.6497584541062802,human,0.8461538461538461,human,0.9384263165350577,human,0.5812913300580368,human,0.7539074867133052,4,human,4.0,0.7539074867133052
815735622,HffTiago,male,0.3547,0,1.0,0.2857142857142857,non-human,0.46153846153846156,non-human,4.715482337223976e-70,non-human,0.24321700676959682,non-human,0.247617438505586,0,non-human,4.0,0.752382561494414
815737422,RallysYoutube,male,0.675,0,1.0,0.2876712328767123,non-human,0.23076923076923078,non-human,0.0018647815211272395,non-human,0.4728127655733601,non-human,0.24827950268510762,0,non-human,4.0,0.7517204973148923
815737886,SaludRecetsBlog,male,1.0,0,1.0,0.2876712328767123,non-human,0.23076923076923078,non-human,0.001876073329857548,non-human,0.4733817719537443,non-human,0.24842457723238623,0,non-human,4.0,0.7515754227676138
815734676,phoenixworldent,brand,1.0,0,0.0,0.6497584541062802,human,0.6923076923076923,human,0.9665098078704291,human,0.6967158724031388,human,0.7513229566718851,4,human,4.0,0.7513229566718851
815719300,WFWildcats,brand,1.0,0,0.0,0.6497584541062802,human,0.6153846153846154,human,0.9775801713155198,human,0.7604265343744756,human,0.7507874437952228,4,human,4.0,0.7507874437952228
815732388,BarRoomHoldem,male,1.0,0,1.0,0.25675675675675674,non-human,0.15384615384615385,non-human,0.36279362385131336,non-human,0.22727335560676737,non-human,0.25016747251524785,0,non-human,4.0,0.7498325274847522
815733935,fimyqoninihe,female,0.67,0,1.0,0.40425531914893614,non-human,0.3076923076923077,non-human,4.7353416235700575e-05,non-human,0.290947597896528,non-human,0.25073564453850195,0,non-human,4.0,0.749264355461498
815723059,meredithnico,male,0.6737,0,1.0,0.25675675675675674,non-human,0.46153846153846156,non-human,0.049831589003863176,non-human,0.23501580478818712,non-human,0.25078565302181716,0,non-human,4.0,0.7492143469781829
815733551,KenPlume,male,0.6737,0,1.0,0.25675675675675674,non-human,0.38461538461538464,non-human,0.1268963079575265,non-human,0.23715839920552118,non-human,0.2513567121337973,0,non-human,4.0,0.7486432878662027
815719382,RoastmeisterLLC,male,0.6399,0,1.0,0.3754646840148699,non-human,0.46153846153846156,non-human,0.0002616117755857913,non-human,0.16827216694195962,non-human,0.25138423106771923,0,non-human,4.0,0.7486157689322808
815721922,KimberlyRules,brand,1.0,1,0.0,0.6756756756756757,human,0.6923076923076923,human,0.9999993347381287,human,0.6262799613099469,human,0.7485656660078609,4,human,4.0,0.7485656660078609
815736010,susie6xft,female,1.0,0,1.0,0.2876712328767123,non-human,0.23076923076923078,non-human,0.0002453977322489147,non-human,0.48830905333305086,non-human,0.25174872867781073,0,non-human,4.0,0.7482512713221893
815724627,Winniewinkle1,female,1.0,0,1.0,0.4,non-human,0.23076923076923078,non-human,0.02008005072909589,non-human,0.3601596542433941,non-human,0.25275223393543017,0,non-human,4.0,0.7472477660645698
815725020,ConstitutionCtr,brand,1.0,0,0.0,0.9285714285714286,human,0.6153846153846154,human,0.7659155088056657,human,0.6764232161416626,human,0.746573692225843,4,human,4.0,0.746573692225843
815720070,CyberneticPym,brand,0.6523,0,0.0,0.8328912466843501,human,0.8461538461538461,human,0.5308784394457221,human,0.7703185308779462,human,0.7450605157904661,4,human,4.0,0.7450605157904661
815738771,RealHumanPraise,brand,1.0,0,0.0,0.6739130434782609,human,0.7692307692307693,human,0.9953065047277131,human,0.5415997190473797,human,0.7450125091210307,4,human,4.0,0.7450125091210307
815730805,SWOverCoffee,brand,1.0,0,0.0,0.7943262411347518,human,0.6923076923076923,human,0.8071784179013783,human,0.6848350881809275,human,0.7446618598811875,4,human,4.0,0.7446618598811875
815735818,JeisBonGeek,male,0.6777,0,1.0,0.37142857142857144,non-human,0.38461538461538464,non-human,0.0004755418362743185,non-human,0.26536788204525114,non-human,0.2554718449813704,0,non-human,4.0,0.7445281550186296
815727213,Lillian_Too_,female,1.0,0,1.0,0.3754646840148699,non-human,0.3076923076923077,non-human,0.1478174835857643,non-human,0.1933980591087411,non-human,0.25609313360042074,0,non-human,4.0,0.7439068663995793
815731613,ParentTalkRadio,female,0.6582,0,1.0,0.40425531914893614,non-human,0.38461538461538464,non-human,0.0018570049740636364,non-human,0.24186694860679905,non-human,0.25814866433629585,0,non-human,4.0,0.7418513356637042
815731749,NathanVarner,brand,0.6336,0,0.0,0.7794117647058824,human,0.6923076923076923,human,0.9275273542234362,human,0.5660535565351809,human,0.741325091943048,4,human,4.0,0.741325091943048
815719596,DMirayes,male,0.6771,0,1.0,0.40425531914893614,non-human,0.23076923076923078,non-human,0.07047894003181732,non-human,0.33095034858885886,non-human,0.2591134596347108,0,non-human,4.0,0.7408865403652892
815722047,Top_Notched,brand,0.676,0,0.0,0.7794117647058824,human,0.7692307692307693,human,0.6028554126402016,human,0.8092809917753877,human,0.7401947345880603,4,human,4.0,0.7401947345880603
815732036,ForMyDreamBody,brand,0.65,0,0.0,0.9054054054054054,human,0.6923076923076923,human,0.5316307660010724,human,0.8258076615416301,human,0.73878788131395,4,human,4.0,0.73878788131395
815734262,MatchmakerPost,brand,1.0,0,0.0,0.7794117647058824,human,0.6153846153846154,human,0.9091146723761707,human,0.6498007515788731,human,0.7384279510113854,4,human,4.0,0.7384279510113854
815720014,DJ_UnDisTone,brand,0.6571,0,0.0,0.7794117647058824,human,0.6153846153846154,human,0.7913663464030352,human,0.7641613401356006,human,0.7375810166572834,4,human,4.0,0.7375810166572834
815725885,breebird33,brand,0.6404,0,0.0,0.77,human,0.7692307692307693,human,0.5565875327504508,human,0.8538240944970568,human,0.7374105991195692,4,human,4.0,0.7374105991195692
815733903,mountainbuggy,brand,1.0,0,0.0,0.6497584541062802,human,0.6923076923076923,human,0.8712271240630979,human,0.7338902299866308,human,0.7367958751159253,4,human,4.0,0.7367958751159253
815730666,IMGrowFashion,brand,1.0,0,0.0,0.6385542168674698,human,0.7692307692307693,human,0.9997049441521473,human,0.5388209067371481,human,0.7365777092468835,4,human,4.0,0.7365777092468835
815725608,TriNet,brand,1.0,0,0.0,0.6756756756756757,human,0.6153846153846154,human,0.9978205829162532,human,0.6569908531920201,human,0.7364679317921411,4,human,4.0,0.7364679317921411
815731699,mpelembe,brand,1.0,0,0.0,0.5888888888888889,human,0.6923076923076923,human,0.9174248243182282,human,0.7463889779567705,human,0.7362525958678949,4,human,4.0,0.7362525958678949
815735250,itzmide,female,0.6595,0,1.0,0.37142857142857144,non-human,0.3076923076923077,non-human,0.00518701635443631,non-human,0.37077958606441347,non-human,0.2637718703849322,0,non-human,4.0,0.7362281296150678
815733096,sypijeleje,brand,0.6583,0,0.0,0.7555555555555555,human,0.6923076923076923,human,0.6181009357250086,human,0.8736968897232327,human,0.7349152683278722,4,human,4.0,0.7349152683278722
815733093,IAmFreedomMan,brand,0.6842,0,0.0,0.9411764705882353,human,0.6153846153846154,human,0.8358426297350401,human,0.5471124325755781,human,0.7348790370708673,4,human,4.0,0.7348790370708673
815726917,KDLOCountry,brand,1.0,0,0.0,0.5888888888888889,human,0.8461538461538461,human,0.96249451105785,human,0.5383312391862842,human,0.7339671213217174,4,human,4.0,0.7339671213217174
815723330,WavePIlls,female,0.6684,0,1.0,0.40425531914893614,non-human,0.38461538461538464,non-human,0.08041401358650493,non-human,0.1949688805090421,non-human,0.26606339946496693,0,non-human,4.0,0.7339366005350331
815731810,HelpFindACure10,brand,1.0,0,0.0,0.6341463414634146,human,0.7692307692307693,human,0.9999183255990786,human,0.5245823488795203,human,0.7319694462931956,4,human,4.0,0.7319694462931956
815720135,ramomann,male,0.6791,0,1.0,0.3877551020408163,non-human,0.46153846153846156,non-human,6.254404735030488e-71,non-human,0.22297520113127445,non-human,0.2680671911776381,0,non-human,4.0,0.7319328088223619
815735324,prxsmxtic,brand,0.3603,0,0.0,0.7943262411347518,human,0.6153846153846154,human,0.828734209058626,human,0.6882822557682386,human,0.731681830336558,4,human,4.0,0.731681830336558
815726873,DermottReport,male,0.6626,0,1.0,0.25675675675675674,non-human,0.46153846153846156,non-human,0.010381821942065479,non-human,0.34480457591570274,non-human,0.26837040403824663,0,non-human,4.0,0.7316295959617534
815731522,TiC_Podcast,brand,1.0,0,0.0,0.6385542168674698,human,0.6153846153846154,human,0.9808023680955482,human,0.6907903132227379,human,0.7313828783925928,4,human,4.0,0.7313828783925928
815735409,shad_rahman_,brand,0.3559,0,0.0,0.7794117647058824,human,0.6153846153846154,human,0.7953822897160524,human,0.7343308782379304,human,0.7311273870111201,4,human,4.0,0.7311273870111201
815730740,blankspacearts,brand,1.0,0,0.0,0.6385542168674698,human,0.6153846153846154,human,0.9843210322293318,human,0.6859734654174794,human,0.7310583324747241,4,human,4.0,0.7310583324747241
815738727,JDSempai,brand,0.3457,0,0.0,0.77,human,0.5384615384615384,human,0.7896191387390941,human,0.8261241060680725,human,0.7310511958171763,4,human,4.0,0.7310511958171763
815730043,Angelina_Laurin,female,0.6916,0,1.0,0.3877551020408163,non-human,0.23076923076923078,non-human,0.15209553119503072,non-human,0.30730971217324093,non-human,0.2694823940445797,0,non-human,4.0,0.7305176059554204
815720918,BobsBicycles,brand,0.6664,0,0.0,0.7638888888888888,human,0.6153846153846154,human,0.9700086841891278,human,0.5724791211509529,human,0.7304403274033962,4,human,4.0,0.7304403274033962
815724401,UCLA_Powell,brand,0.6848,0,0.0,0.7794117647058824,human,0.7692307692307693,human,0.7922602924463887,human,0.5778594530739422,human,0.7296905698642456,4,human,4.0,0.7296905698642456
815736853,theARKHAM_,brand,0.6809,0,0.0,0.7027027027027027,human,0.8461538461538461,human,0.5467566830008049,human,0.8229192407011444,human,0.7296331181396246,4,human,4.0,0.7296331181396246
815731821,Gabethevegan,brand,0.3378,0,0.0,0.803030303030303,human,0.7692307692307693,human,0.7899160498917404,human,0.5525707470878511,human,0.7286869673101659,4,human,4.0,0.7286869673101659
815737023,MARYLOUWhitlock,female,0.6705,1,1.0,0.2692307692307692,non-human,0.3076923076923077,non-human,0.012050207639175527,non-human,0.49653371394071355,non-human,0.2713767496257415,0,non-human,4.0,0.7286232503742585
815728344,thefashiondollz,male,0.352,0,1.0,0.3754646840148699,non-human,0.15384615384615385,non-human,0.13304937305486464,non-human,0.42710768359375706,non-human,0.27236697362741136,0,non-human,4.0,0.7276330263725886
815731252,sylviadouglas20,female,1.0,0,1.0,0.2876712328767123,non-human,0.38461538461538464,non-human,0.004623840166480244,non-human,0.4180388499727222,non-human,0.2737373269078248,0,non-human,4.0,0.7262626730921752
815729142,DEEJAYMOB,brand,1.0,0,0.0,0.6497584541062802,human,0.6923076923076923,human,0.999999999998213,human,0.5592886355458272,human,0.7253386954895031,4,human,4.0,0.7253386954895031
815719654,rabah_wael,male,0.3388,0,1.0,0.25675675675675674,non-human,0.38461538461538464,non-human,0.04802304193733206,non-human,0.41052136238207015,non-human,0.2749791364228859,0,non-human,4.0,0.725020863577114
815733401,nmenzinger,female,1.0,0,1.0,0.3754646840148699,non-human,0.23076923076923078,non-human,0.0017308092783015483,non-human,0.49634382676472827,non-human,0.2760771377067826,0,non-human,4.0,0.7239228622932175
815723489,MtnDewFan69,brand,0.6682,0,0.0,0.7943262411347518,human,0.7692307692307693,human,0.7629264932804682,human,0.5691642966405368,human,0.7239119500716316,4,human,4.0,0.7239119500716316
815732774,donnarosss,female,0.6946,0,1.0,0.40425531914893614,non-human,0.46153846153846156,non-human,0.017842706087110666,non-human,0.2221998168506303,non-human,0.27645907590628466,0,non-human,4.0,0.7235409240937154
815725542,Peter_Binary,male,1.0,0,1.0,0.40425531914893614,non-human,0.3076923076923077,non-human,0.13700932535095867,non-human,0.25916592223781,non-human,0.27703071860750317,0,non-human,4.0,0.7229692813924968
815724598,Mrs_SamusAran,brand,0.3478,0,0.0,0.9081967213114754,human,0.5384615384615384,human,0.6030856421910076,human,0.8402561172845543,human,0.7225000048121439,4,human,4.0,0.7225000048121439
815730979,rudetellzLBC,brand,0.6864,0,0.0,0.7794117647058824,human,0.6923076923076923,human,0.6103718606903158,human,0.8077443723909511,human,0.7224589225237104,4,human,4.0,0.7224589225237104
815737029,siderisxxxspicy,female,1.0,0,1.0,0.40425531914893614,non-human,0.46153846153846156,non-human,0.013346259954008169,non-human,0.23270974458677784,non-human,0.2779624463070459,0,non-human,4.0,0.7220375536929541
815723673,StationarySpace,brand,0.66,0,0.0,0.9036827195467422,human,0.6153846153846154,human,0.7232154251717401,human,0.6450821604620198,human,0.7218412301412793,4,human,4.0,0.7218412301412793
815726534,WomenPowerCode,brand,0.6522,0,0.0,0.9347826086956522,human,0.5384615384615384,human,0.5756531700753903,human,0.8334955184715409,human,0.7205982089260304,4,human,4.0,0.7205982089260304
815734025,msdeonb,female,1.0,0,1.0,0.3754646840148699,non-human,0.23076923076923078,non-human,0.14389887136394838,non-human,0.36847004776096504,non-human,0.27965070847725354,0,non-human,4.0,0.7203492915227465
815726134,HxMETOWNImagine,brand,0.6537,0,0.0,0.7794117647058824,human,0.6923076923076923,human,0.8470673291143581,human,0.5575881337823433,human,0.719093729977569,4,human,4.0,0.719093729977569
815732702,WingMayra,female,0.6589,0,1.0,0.40425531914893614,non-human,0.46153846153846156,non-human,0.02451717749341015,non-human,0.23527597491606003,non-human,0.281396733274217,0,non-human,4.0,0.718603266725783
815734969,LindaJOYchip,female,1.0,0,1.0,0.25675675675675674,non-human,0.38461538461538464,non-human,0.06430959566323656,non-human,0.42010654637083117,non-human,0.2814470708515523,0,non-human,4.0,0.7185529291484477
815736579,CryptoFranklin,male,0.6778,0,1.0,0.25675675675675674,non-human,0.38461538461538464,non-human,0.22138320739622147,non-human,0.26957598045440834,non-human,0.28308283230569276,0,non-human,4.0,0.7169171676943072
815737175,Guitar666Guitar,brand,0.6589,0,0.0,0.6341463414634146,human,0.6923076923076923,human,0.6481015821594459,human,0.8863817747454728,human,0.7152343476690064,4,human,4.0,0.7152343476690064
815722691,BalbirJudge,male,1.0,1,1.0,0.3754646840148699,non-human,0.46153846153846156,non-human,1.0985693479674829e-05,non-human,0.3023376401372115,non-human,0.28483794284600567,0,non-human,4.0,0.7151620571539943
815727754,AnteMemoriam,brand,0.6669,0,0.0,0.6497584541062802,human,0.6153846153846154,human,0.8753649696632283,human,0.7173622100579383,human,0.7144675623030156,4,human,4.0,0.7144675623030156
815731527,JuanChoiceMedia,brand,0.6666,0,0.0,0.7794117647058824,human,0.8461538461538461,human,0.5050130083644118,human,0.7189352159320216,human,0.7123784587890405,4,human,4.0,0.7123784587890405
815724947,TimothytHaines,brand,1.0,0,0.0,0.6756756756756757,human,0.6153846153846154,human,0.8589025628109989,human,0.6975368480419425,human,0.7118749254783081,4,human,4.0,0.7118749254783081
815722713,CustomCookieCo,brand,1.0,0,0.0,0.6497584541062802,human,0.5384615384615384,human,0.9776951082292636,human,0.6814197017128935,human,0.711833700627494,4,human,4.0,0.711833700627494
815733340,arielcox8,female,0.6789,0,1.0,0.2876712328767123,non-human,0.38461538461538464,non-human,0.010125038376100933,non-human,0.47184533788623634,non-human,0.28856424843860856,0,non-human,4.0,0.7114357515613914
815725147,233Hype,brand,1.0,0,0.0,0.5306122448979592,human,0.6923076923076923,human,1.0,human,0.6185034926670993,human,0.7103558574681876,4,human,4.0,0.7103558574681876
815738501,Bamford_ID,male,0.6782,0,1.0,0.25675675675675674,non-human,0.46153846153846156,non-human,0.1338455243940719,non-human,0.30917896148116014,non-human,0.2903299260426126,0,non-human,4.0,0.7096700739573873
815727925,SANTINI_SMS,brand,0.6612,0,0.0,0.6497584541062802,human,0.6923076923076923,human,0.7987362529224996,human,0.6934471266748126,human,0.7085623815028212,4,human,4.0,0.7085623815028212
815722718,VetPetNews,male,0.6603,0,1.0,0.25675675675675674,non-human,0.38461538461538464,non-human,0.08105890111992416,non-human,0.4466581522186554,non-human,0.29227229867768023,0,non-human,4.0,0.7077277013223198
815735789,meganfoxUKFAN,female,0.6846,0,1.0,0.40425531914893614,non-human,0.38461538461538464,non-human,0.02694515873169371,non-human,0.35374421972337594,non-human,0.2923900205548476,0,non-human,4.0,0.7076099794451525
815729506,TerryJeffersRaH,male,0.6757,0,1.0,0.25675675675675674,non-human,0.38461538461538464,non-human,0.16159892579499444,non-human,0.36797398743498094,non-human,0.2927362636505292,0,non-human,4.0,0.7072637363494708
815727353,jewontheright,brand,0.672,0,0.0,0.7794117647058824,human,0.6153846153846154,human,0.8728861575655394,human,0.55741631790042,human,0.7062747138891143,4,human,4.0,0.7062747138891143
815737080,janehissey,female,1.0,0,1.0,0.3877551020408163,non-human,0.46153846153846156,non-human,0.06920701801775267,non-human,0.28597087050356873,non-human,0.3011178630251498,0,non-human,4.0,0.6988821369748501
815733587,Jenluwang,female,1.0,0,1.0,0.40425531914893614,non-human,0.38461538461538464,non-human,5.867231145187544e-05,non-human,0.4219418220473079,non-human,0.30271779953077016,0,non-human,4.0,0.6972822004692298
815725577,everything_jays,brand,1.0,0,0.0,0.7794117647058824,human,0.8461538461538461,human,0.5656473773873,human,0.587225493804819,human,0.6946096205129618,4,human,4.0,0.6946096205129618
815722202,MauiSmart,brand,0.6546,0,0.0,0.7794117647058824,human,0.6153846153846154,human,0.64157013186602,human,0.732212480209678,human,0.6921447480415489,4,human,4.0,0.6921447480415489
815737157,annaandreamm,female,0.6412,0,1.0,0.25675675675675674,non-human,0.46153846153846156,non-human,0.15602982143801633,non-human,0.360863085522435,non-human,0.3087970313139174,0,non-human,4.0,0.6912029686860826
815728008,bernardinefham,female,0.6602,0,1.0,0.40425531914893614,non-human,0.46153846153846156,non-human,0.0511310866024459,non-human,0.326070408213531,non-human,0.31074881887584366,0,non-human,4.0,0.6892511811241564
815726048,NikkoleonWorld,female,0.6899,0,1.0,0.4931506849315068,non-human,0.38461538461538464,non-human,0.09684621810682591,non-human,0.27403684430942116,non-human,0.31216228299078463,0,non-human,4.0,0.6878377170092154
815737777,jamess_nesbitt,male,1.0,0,1.0,0.40425531914893614,non-human,0.46153846153846156,non-human,0.0012574450169067543,non-human,0.39462562257667616,non-human,0.31541921207024515,0,non-human,4.0,0.6845807879297549
815723302,Venom_Kidman,male,1.0,0,1.0,0.3877551020408163,non-human,0.38461538461538464,non-human,9.32371090741122e-05,non-human,0.497288463220287,non-human,0.31743804674639053,0,non-human,4.0,0.6825619532536095
815721769,lootcrate,brand,1.0,0,0.0,0.9036827195467422,human,0.6153846153846154,human,0.5458045995096737,human,0.6649272523319698,human,0.6824497966932503,4,human,4.0,0.6824497966932503
815719637,FlightsAndHotel,brand,1.0,0,0.0,0.7794117647058824,human,0.5384615384615384,human,0.8972602950487152,human,0.501584129684471,human,0.6791794319751517,4,human,4.0,0.6791794319751517
815738150,LazerCake,brand,0.6642,0,0.0,0.6497584541062802,human,0.5384615384615384,human,0.9999985930713663,human,0.5244659573751195,human,0.6781711357535761,4,human,4.0,0.6781711357535761
815736687,A_Tweet_for_Me,brand,0.6633,0,0.0,0.7794117647058824,human,0.5384615384615384,human,0.8535652822740237,human,0.5406325840115392,human,0.6780177923632459,4,human,4.0,0.6780177923632459
815738781,AiiLabHOPIE,female,1.0,0,1.0,0.46875,non-human,0.46153846153846156,non-human,0.005876166158880446,non-human,0.3544637212319075,non-human,0.32265708723231235,0,non-human,4.0,0.6773429127676877
815721973,NeverAnother1,brand,0.6672,0,0.0,0.7794117647058824,human,0.6923076923076923,human,0.703898862998429,human,0.5337350297275042,human,0.6773383374348769,4,human,4.0,0.6773383374348769
815725853,myBekins,brand,1.0,0,0.0,0.6497584541062802,human,0.5384615384615384,human,0.9428647059389202,human,0.5746112436421134,human,0.6764239855372132,4,human,4.0,0.6764239855372132
815724993,pogue53,brand,0.6889,0,0.0,0.6497584541062802,human,0.6153846153846154,human,0.7657067598577125,human,0.6587599458492106,human,0.6724024437994547,4,human,4.0,0.6724024437994547
815729784,artfudd,male,1.0,0,1.0,0.25675675675675674,non-human,0.3076923076923077,non-human,0.35908506151576963,non-human,0.38718733389704346,non-human,0.32768036496546943,0,non-human,4.0,0.6723196350345306
815734227,oxo6,brand,0.3487,0,0.0,0.6497584541062802,human,0.5384615384615384,human,0.8218729584388121,human,0.6746673742399928,human,0.6711900813116559,4,human,4.0,0.6711900813116559
815733665,Diedra_Simunovi,brand,0.3411,0,0.0,0.5306122448979592,human,0.5384615384615384,human,0.9518076873277216,human,0.6512537327082922,human,0.6680338008488779,4,human,4.0,0.6680338008488779
815723052,southwalesargus,brand,1.0,0,0.0,0.5888888888888889,human,0.5384615384615384,human,0.9493475784162844,human,0.5883171685412978,human,0.6662537935770024,4,human,4.0,0.6662537935770024
815735310,lashesbyunique,female,1.0,0,1.0,0.25675675675675674,non-human,0.38461538461538464,non-human,0.3721190900194813,non-human,0.3293144916432619,non-human,0.33570143075872116,0,non-human,4.0,0.6642985692412788
815735500,jessyca_69,brand,0.6575,0,0.0,0.6341463414634146,human,0.7692307692307693,human,0.5786260651448535,human,0.642747642045121,human,0.6561877044710396,4,human,4.0,0.6561877044710396
815733109,connaway_jenny,female,1.0,0,1.0,0.3754646840148699,non-human,0.3076923076923077,non-human,0.4314470838098397,non-human,0.26621667502805585,non-human,0.3452051876362683,0,non-human,4.0,0.6547948123637317
815726529,ABBUKA,male,1.0,0,1.0,0.25675675675675674,non-human,0.46153846153846156,non-human,0.22797643515921567,non-human,0.4371716210518288,non-human,0.3458608186265657,0,non-human,4.0,0.6541391813734343
815738315,Whizbuzz,brand,1.0,0,0.0,0.6497584541062802,human,0.8461538461538461,human,0.5763171629979119,human,0.5207678105079582,human,0.6482493184414991,4,human,4.0,0.6482493184414991
815738222,PRNews,brand,0.6766,0,0.0,0.6497584541062802,human,0.6923076923076923,human,0.681822368479327,human,0.5621196905580158,human,0.6465020513628288,4,human,4.0,0.6465020513628288
815738959,omg_enriquegil,male,0.6654,0,1.0,0.46875,non-human,0.46153846153846156,non-human,0.029019148812588335,non-human,0.4548211962833138,non-human,0.35353220165859095,0,non-human,4.0,0.6464677983414091
815735876,oCarmenSandiego,female,1.0,0,1.0,0.3877551020408163,non-human,0.46153846153846156,non-human,0.3403152077720449,non-human,0.2344837895114095,non-human,0.3560231402156831,0,non-human,4.0,0.643976859784317
815727518,grnlrn,male,1.0,0,1.0,0.25675675675675674,non-human,0.38461538461538464,non-human,0.4488055736255999,non-human,0.3377763876770638,non-human,0.35698852566870126,0,non-human,4.0,0.6430114743312987
815728636,DavidBibiloni,male,1.0,0,1.0,0.41836734693877553,non-human,0.23076923076923078,non-human,0.4530647945558527,non-human,0.3306779682224507,non-human,0.3582198351215774,0,non-human,4.0,0.6417801648784226
815735197,SMATemple,brand,1.0,0,0.0,0.6497584541062802,human,0.5384615384615384,human,0.8749119496863871,human,0.5033286006697473,human,0.6416151357309883,4,human,4.0,0.6416151357309883
815727900,WEAREMANDOWN,male,1.0,0,1.0,0.40425531914893614,non-human,0.3076923076923077,non-human,0.3750710035347034,non-human,0.3779343753927401,non-human,0.3662382514421718,0,non-human,4.0,0.6337617485578282
815729438,NRobinsonVegan,male,0.6725,0,1.0,0.3754646840148699,non-human,0.3076923076923077,non-human,0.39229387431370094,non-human,0.4057827826226919,non-human,0.3703084121608926,0,non-human,4.0,0.6296915878391074
815721351,knicksnjh,male,0.3559,0,1.0,0.37142857142857144,non-human,0.46153846153846156,non-human,0.20121763905812284,non-human,0.46838751594485883,non-human,0.3756430469925036,0,non-human,4.0,0.6243569530074964
815729012,AnahienMurcia,brand,0.348,0,0.0,0.7794117647058824,human,0.6153846153846154,human,0.5747146897964854,human,0.5201285516959788,human,0.6224099053957405,4,human,4.0,0.6224099053957405
815737857,giovanni_mascia,male,0.6748,0,1.0,0.3754646840148699,non-human,0.46153846153846156,non-human,0.1857801592511064,non-human,0.49347173500140196,non-human,0.37906375995145997,0,non-human,4.0,0.6209362400485401
815727652,Dreamlines,female,0.6597,0,1.0,0.40425531914893614,non-human,0.3076923076923077,non-human,0.4819223050373847,non-human,0.333301533189394,non-human,0.38179286626700565,0,non-human,4.0,0.6182071337329944
815723555,GamsizYoutube,male,0.3286,0,1.0,0.40425531914893614,non-human,0.3076923076923077,non-human,0.4732087198660824,non-human,0.3645078105013022,non-human,0.3874160393021571,0,non-human,4.0,0.6125839606978429
815719417,BraveConWarrior,brand,0.6804,0,0.0,0.5306122448979592,human,0.7692307692307693,human,0.6225972335529458,human,0.5066005867115164,human,0.6072602085982977,4,human,4.0,0.6072602085982977
815731106,jesPhotographer,female,0.681,0,1.0,0.4931506849315068,non-human,0.46153846153846156,non-human,0.3842390563488168,non-human,0.2909450694504526,non-human,0.40746831806730943,0,non-human,4.0,0.5925316819326906
815735344,ChaneyWright,female,0.6843,0,1.0,0.3877551020408163,non-human,0.46153846153846156,non-human,0.358886040415818,non-human,0.4217570837711951,non-human,0.4074841719415727,0,non-human,4.0,0.5925158280584273
815727237,accelerance,brand,1.0,0,0.0,0.6497584541062802,human,0.5384615384615384,human,0.5486039090989916,human,0.624800640523628,human,0.5904061355476096,4,human,4.0,0.5904061355476096
815739264,Pilates_Balance,female,1.0,0,1.0,0.40425531914893614,non-human,0.46153846153846156,non-human,0.4751971602553262,non-human,0.33435631103096963,non-human,0.41883681299342335,0,non-human,4.0,0.5811631870065767
815728742,JebSource,male,0.6528,0,1.0,0.41836734693877553,non-human,0.46153846153846156,non-human,0.40130296717941527,non-human,0.4110854884053341,non-human,0.4230735660154966,0,non-human,4.0,0.5769264339845034
815729729,D_Wekt,male,0.6764,0,1.0,0.40425531914893614,non-human,0.46153846153846156,non-human,0.4131179865725909,non-human,0.45081505435938646,non-human,0.43243170540484377,0,non-human,4.0,0.5675682945951562
815738989,jemstok,brand,0.3409,0,0.0,0.9790897908979089,human,1.0,human,0.46023837345579677,non-human,0.9784906078457699,human,0.854454693049869,3,human,3.0,0.854454693049869
815736013,southstandnige9,brand,1.0,0,0.0,0.9790897908979089,human,1.0,human,0.48024568247570754,non-human,0.9537423386464344,human,0.8532694530050128,3,human,3.0,0.8532694530050128
815730530,lisabailey307,female,0.6807,0,1.0,0.0,non-human,0.5384615384615384,human,8.405347149876793e-75,non-human,0.05760116493305776,non-human,0.14901567584864905,1,non-human,3.0,0.850984324151351
815720997,The_Sweeper999,brand,0.6774,0,0.0,0.9463087248322147,human,1.0,human,0.4993803220943533,non-human,0.945474370345238,human,0.8477908543179515,3,human,3.0,0.8477908543179515
815736177,Tetsuo9999,brand,0.6621,0,0.0,0.9790897908979089,human,1.0,human,0.39262926630292366,non-human,0.9909317917246938,human,0.8406627122313817,3,human,3.0,0.8406627122313817
815719475,florrie1234,brand,0.35,0,0.0,0.9708994708994709,human,1.0,human,0.38888359252605337,non-human,0.9760318773409484,human,0.8339537351916182,3,human,3.0,0.8339537351916182
815733511,cmcbvc,female,0.6752,0,1.0,0.0,non-human,0.5384615384615384,human,8.440062955283548e-72,non-human,0.14797276893630848,non-human,0.17160857684946174,1,non-human,3.0,0.8283914231505383
815723205,uzu_ebooks,brand,0.6672,0,0.0,0.4411764705882353,non-human,1.0,human,0.9999979099897223,human,0.8687126186539617,human,0.8274717498079799,3,human,3.0,0.8274717498079799
815720082,JohnJohndel2,male,0.6859,0,1.0,0.0,non-human,0.5384615384615384,human,6.6491103092864364e-71,non-human,0.1635824296931772,non-human,0.17551099203867893,1,non-human,3.0,0.8244890079613211
815727451,FRPSL_Commish,brand,0.6609,0,0.0,0.9054054054054054,human,0.9230769230769231,human,0.49860836054403024,non-human,0.9619651097317589,human,0.8222639496895294,3,human,3.0,0.8222639496895294
815737145,RedditEngineer,brand,1.0,0,0.0,0.9285714285714286,human,0.38461538461538464,non-human,0.9999988688328901,human,0.9722135118768022,human,0.8213497984741264,3,human,3.0,0.8213497984741264
815733943,R_Meditation,brand,1.0,0,0.0,0.9285714285714286,human,0.38461538461538464,non-human,0.9999975448338793,human,0.962155240884835,human,0.8188348997263818,3,human,3.0,0.8188348997263818
815733512,ajhughes23,female,0.6674,0,1.0,0.0,non-human,0.6153846153846154,human,1.8544051667634732e-72,non-human,0.11020918517105217,non-human,0.1813984501389169,1,non-human,3.0,0.8186015498610831
815724760,TheWalkingFled,brand,0.6702,0,0.0,0.9790897908979089,human,1.0,human,0.32327454114323456,non-human,0.9650705370522872,human,0.8168587172733577,3,human,3.0,0.8168587172733577
815730892,powerj,brand,1.0,0,0.0,1.0,human,0.9230769230769231,human,0.8440954044429622,human,0.4989376018951854,non-human,0.8165274823537677,3,human,3.0,0.8165274823537677
815728110,JoBlack668,brand,0.6578,0,0.0,0.9790897908979089,human,1.0,human,0.26924679301182586,non-human,0.9839446244828586,human,0.8080703020981483,3,human,3.0,0.8080703020981483
815734948,12_granger,brand,0.3409,0,0.0,0.9790897908979089,human,0.9230769230769231,human,0.4183884638935316,non-human,0.9036151598752135,human,0.8060425844358943,3,human,3.0,0.8060425844358943
815721335,ImLexiBelle,female,1.0,0,1.0,0.06206896551724138,non-human,0.5384615384615384,human,0.0052801475570896095,non-human,0.17342129721785782,non-human,0.1948079871884318,1,non-human,3.0,0.8051920128115682
815729311,leerwiki,brand,1.0,0,0.0,0.40425531914893614,non-human,0.9230769230769231,human,0.9999999999994564,human,0.8797691402757221,human,0.8017753456252594,3,human,3.0,0.8017753456252594
815736247,DevanPalmer,brand,0.6626,0,0.0,0.4931506849315068,non-human,0.8461538461538461,human,0.9999999999997797,human,0.8671856641445407,human,0.8016225488074183,3,human,3.0,0.8016225488074183
815732080,HighlyBBe,male,0.3428,0,1.0,0.7027027027027027,human,0.0,non-human,2.612776403844779e-69,non-human,0.10413522597427557,non-human,0.20170948216924459,1,non-human,3.0,0.7982905178307554
815727509,Zoom808,brand,0.6551,0,0.0,0.9790897908979089,human,0.9230769230769231,human,0.31659463511446395,non-human,0.9526558512570321,human,0.792854300086582,3,human,3.0,0.792854300086582
815728973,karaokequeen85,female,0.6736,0,1.0,0.0,non-human,0.7692307692307693,human,4.996282283744217e-69,non-human,0.06798893912852415,non-human,0.20930492708982334,1,non-human,3.0,0.7906950729101767
815731357,chantalldelport,female,0.6677,0,1.0,0.0,non-human,0.6153846153846154,human,2.363235895207115e-71,non-human,0.23226897204177901,non-human,0.2119133968565986,1,non-human,3.0,0.7880866031434014
815722876,FemaIeFltness,brand,0.6686,0,0.0,0.2876712328767123,non-human,0.9230769230769231,human,0.9999999998562643,human,0.9386817148979476,human,0.7873574676769619,3,human,3.0,0.7873574676769619
815725185,aron_pauler,male,0.6658,0,1.0,0.5714285714285714,human,0.15384615384615385,non-human,2.199890767544674e-06,non-human,0.13548332464209256,non-human,0.21519006245189634,1,non-human,3.0,0.7848099375481037
815738396,Zuzuz_Petalz,female,0.346,0,1.0,0.05714285714285714,non-human,0.5384615384615384,human,0.003967986064516155,non-human,0.26412079772923586,non-human,0.21592329484953693,1,non-human,3.0,0.7840767051504631
815735649,BrendaJojic,brand,0.6637,0,0.0,0.4931506849315068,non-human,0.8461538461538461,human,0.9999999992548396,human,0.7953283990331108,human,0.7836582323433259,3,human,3.0,0.7836582323433259
815721271,HappyCitySJ,brand,1.0,0,0.0,0.4931506849315068,non-human,0.9230769230769231,human,0.8455407449024789,human,0.8576387844991936,human,0.7798517843525257,3,human,3.0,0.7798517843525257
815730796,ReindeerBrayden,brand,0.6692,0,0.0,0.9054054054054054,human,0.8461538461538461,human,0.38078571804737554,non-human,0.9796555353175008,human,0.778000126231032,3,human,3.0,0.778000126231032
815726167,Animabotics,brand,1.0,0,0.0,0.9054054054054054,human,0.9230769230769231,human,0.36526161683997616,non-human,0.9168396552724464,human,0.7776459001486878,3,human,3.0,0.7776459001486878
815724186,macuskeli,brand,0.6635,0,0.0,0.7794117647058824,human,1.0,human,0.4137730980736228,non-human,0.9139483510157799,human,0.7767833034488213,3,human,3.0,0.7767833034488213
815732504,talkradiomoms,female,1.0,0,1.0,0.06206896551724138,non-human,0.5384615384615384,human,0.0037666842687627423,non-human,0.2978210986956131,non-human,0.22552957173578891,1,non-human,3.0,0.7744704282642111
815734561,dontcry_bot,brand,0.3504,0,0.0,0.9347826086956522,human,1.0,human,0.22662255352365368,non-human,0.9288009535659628,human,0.7725515289463172,3,human,3.0,0.7725515289463172
815724173,The_Dude_Razor,brand,1.0,0,0.0,0.3754646840148699,non-human,0.9230769230769231,human,1.0,human,0.7904008195387536,human,0.7722356066576367,3,human,3.0,0.7722356066576367
815731156,ianhsuth,male,1.0,0,1.0,0.13636363636363635,non-human,0.6153846153846154,human,0.0031238889921762405,non-human,0.16518855764238782,non-human,0.23001517459570395,1,non-human,3.0,0.769984825404296
815722362,nas162010,brand,0.6632,0,0.0,0.9790897908979089,human,1.0,human,0.10937971051401667,non-human,0.9894066723759446,human,0.7694690434469675,3,human,3.0,0.7694690434469675
815722883,CardiffSkateCo,brand,1.0,0,0.0,0.3754646840148699,non-human,0.9230769230769231,human,1.0,human,0.768879897566489,human,0.7668553761645704,3,human,3.0,0.7668553761645704
815731990,slicerrunroad,male,0.6506,0,1.0,0.2876712328767123,non-human,0.15384615384615385,non-human,0.0022689357217760926,non-human,0.5016540729715303,human,0.23636009885404313,1,non-human,3.0,0.7636399011459569
815734928,Fittg,brand,0.6546,0,0.0,0.9166666666666666,human,0.6923076923076923,human,0.9481155145082353,human,0.4866713292802611,non-human,0.7609403006907138,3,human,3.0,0.7609403006907138
815723368,JudyLocal,female,0.6724,0,1.0,0.5,human,0.38461538461538464,non-human,3.293165803639698e-71,non-human,0.0830267426995336,non-human,0.24191053182872954,1,non-human,3.0,0.7580894681712704
815730222,pweekes48,male,0.3489,0,1.0,0.6497584541062802,human,0.23076923076923078,non-human,4.182640111789705e-70,non-human,0.08719673229868664,non-human,0.24193110429354941,1,non-human,3.0,0.7580688957064505
815739286,Donyademonyita,brand,0.6705,0,0.0,0.7794117647058824,human,0.8461538461538461,human,0.9660968631256623,human,0.44049292298888404,non-human,0.7580388492435687,3,human,3.0,0.7580388492435687
815735222,CasNovak305,brand,0.6766,0,0.0,0.9463087248322147,human,0.9230769230769231,human,0.279169759513501,non-human,0.8824786855424325,human,0.7577585232412678,3,human,3.0,0.7577585232412678
815737625,n0aw65,female,0.6646,0,1.0,0.6341463414634146,human,0.07692307692307693,non-human,0.00025869090330861785,non-human,0.25805306443660847,non-human,0.2423452934316022,1,non-human,3.0,0.7576547065683978
815736811,Robjection,brand,0.6509,0,0.0,0.46875,non-human,0.7692307692307693,human,0.9864611304757308,human,0.8018301240861564,human,0.7565680059481641,3,human,3.0,0.7565680059481641
815729360,SkywarnCarolina,brand,1.0,0,0.0,1.0,human,0.7692307692307693,human,0.9997712351874924,human,0.2504701354169588,non-human,0.7548680349588052,3,human,3.0,0.7548680349588052
815720525,reisakuma,brand,0.6769,0,0.0,0.8734177215189873,human,0.9230769230769231,human,0.3089610386968305,non-human,0.9052079261606547,human,0.752665902363349,3,human,3.0,0.752665902363349
815737684,mitraalice,female,0.6439,0,1.0,0.25675675675675674,non-human,0.6153846153846154,human,0.005190884451514566,non-human,0.1335980286782743,non-human,0.25273257131779026,1,non-human,3.0,0.7472674286822097
815724134,yell999,brand,0.6539,0,0.0,0.9347826086956522,human,0.9230769230769231,human,0.1418924558235543,non-human,0.9866493668756291,human,0.7466003386179396,3,human,3.0,0.7466003386179396
815720347,rtc855,brand,1.0,1,0.0,0.9790897908979089,human,1.0,human,0.17967677179566538,non-human,0.8255281948802653,human,0.7460736893934599,3,human,3.0,0.7460736893934599
815723626,Poneve413,female,1.0,0,1.0,0.6341463414634146,human,0.07692307692307693,non-human,4.707971926657215e-05,non-human,0.3049175451171784,non-human,0.25400851080573417,1,non-human,3.0,0.7459914891942658
815732477,LIMEAntigua,brand,1.0,0,0.0,0.6497584541062802,human,0.8461538461538461,human,0.9999999999831743,human,0.4734367939249745,non-human,0.7423372735420688,3,human,3.0,0.7423372735420688
815732748,LXBN,brand,0.6599,0,0.0,0.896551724137931,human,0.46153846153846156,non-human,0.9672249718342929,human,0.643108380347353,human,0.7421058844645096,3,human,3.0,0.7421058844645096
815726044,thesolescoop,brand,0.6555,0,0.0,0.9054054054054054,human,0.8461538461538461,human,0.29211695595796044,non-human,0.9168576437454046,human,0.7401334628156542,3,human,3.0,0.7401334628156542
815728446,PetPotatoStrax,brand,0.6578,0,0.0,1.0,human,0.6923076923076923,human,0.8834341396687757,human,0.38410973525503694,non-human,0.7399628918078762,3,human,3.0,0.7399628918078762
815731922,robertmeyer9,male,1.0,0,1.0,0.07142857142857142,non-human,0.6923076923076923,human,0.0011488785283316582,non-human,0.2775966818587136,non-human,0.26062045603082723,1,non-human,3.0,0.7393795439691728
815736996,LovatoCrowd,brand,0.678,0,0.0,0.5888888888888889,human,0.9230769230769231,human,0.9970312134857596,human,0.44548653759225887,non-human,0.7386208907609576,3,human,3.0,0.7386208907609576
815720927,GalaxyRemix922,brand,0.6708,0,0.0,0.9463087248322147,human,1.0,human,0.1972429918910551,non-human,0.8064123378957578,human,0.737491013654757,3,human,3.0,0.737491013654757
815729534,Wellblocks,brand,1.0,0,0.0,0.3754646840148699,non-human,0.7692307692307693,human,0.9952525170409455,human,0.8078317756958049,human,0.7369449364955973,3,human,3.0,0.7369449364955973
815724935,loudobbsnews,brand,0.6589,0,0.0,0.8918918918918919,human,0.38461538461538464,non-human,0.9983998101249772,human,0.6693240234892182,human,0.7360577775303679,3,human,3.0,0.7360577775303679
815721178,TheQuse,brand,0.6658,0,0.0,0.803030303030303,human,0.46153846153846156,non-human,0.8282923590257657,human,0.8512580494019636,human,0.7360297932491234,3,human,3.0,0.7360297932491234
815733220,420_Alert,brand,0.6801,0,0.0,0.9347826086956522,human,1.0,human,0.033875989216206326,non-human,0.9744119262183482,human,0.7357676310325517,3,human,3.0,0.7357676310325517
815725804,KoolFMBarrie,brand,1.0,0,0.0,0.9790897908979089,human,0.8461538461538461,human,0.3842683378695525,non-human,0.7321800270155868,human,0.7354230004842236,3,human,3.0,0.7354230004842236
815727560,beautybydavinia,brand,0.6636,0,0.0,0.3754646840148699,non-human,0.6923076923076923,human,0.9999999999987921,human,0.8714268597370758,human,0.7347998090146075,3,human,3.0,0.7347998090146075
815723592,TheRedElm,brand,0.6675,0,0.0,0.41836734693877553,non-human,0.9230769230769231,human,0.9996191613223278,human,0.5978755486032167,human,0.7347347449853109,3,human,3.0,0.7347347449853109
815724402,WDWNTNow,brand,1.0,0,0.0,0.7027027027027027,human,0.8461538461538461,human,0.9136747127427651,human,0.47395611254883097,non-human,0.7341218435370362,3,human,3.0,0.7341218435370362
815729767,Lockedinbathroo,male,0.6848,0,1.0,0.5,human,0.46153846153846156,non-human,1.419277604250756e-70,non-human,0.10236256483548842,non-human,0.2659752565934875,1,non-human,3.0,0.7340247434065126
815724471,PrestonEhrler,male,1.0,0,1.0,0.19230769230769232,non-human,0.6153846153846154,human,3.672172451091999e-05,non-human,0.2562550620188988,non-human,0.26599602285892937,1,non-human,3.0,0.7340039771410707
815720193,AssassinReddit,brand,0.6755,0,0.0,0.9285714285714286,human,0.07692307692307693,non-human,0.9999994243406527,human,0.9287673686117354,human,0.7335653246117234,3,human,3.0,0.7335653246117234
815722106,Estetica_Yaneth,female,0.6743,0,1.0,0.8125,human,0.07692307692307693,non-human,0.0037559350988651055,non-human,0.18088948145231729,non-human,0.2685171233685648,1,non-human,3.0,0.7314828766314352
815730587,StealthSnipes,brand,0.6827,0,0.0,0.2857142857142857,non-human,0.7692307692307693,human,0.9999999432781423,human,0.8663827968317127,human,0.7303319487637275,3,human,3.0,0.7303319487637275
815722133,mylolatweet,brand,0.6796,0,0.0,0.9790897908979089,human,0.8461538461538461,human,0.32956440542581,non-human,0.7602211733442992,human,0.728757303955466,3,human,3.0,0.728757303955466
815729436,mission_yabana,male,0.3474,0,1.0,0.9790897908979089,human,0.0,non-human,2.4482846934243824e-68,non-human,0.10595126094923403,non-human,0.27126026296178574,1,non-human,3.0,0.7287397370382143
815723818,SLEEPYLABEEF47,brand,0.666,0,0.0,1.0,human,0.9230769230769231,human,0.14892566912893027,non-human,0.8411114503345487,human,0.7282785106351006,3,human,3.0,0.7282785106351006
815728952,The_Gaming_Turt,male,0.6892,0,1.0,0.40425531914893614,non-human,0.5384615384615384,human,0.007367068625352361,non-human,0.1395614668448831,non-human,0.2724113482701775,1,non-human,3.0,0.7275886517298225
815722184,rnrnhs_memo_5,male,0.6657,0,1.0,0.07142857142857142,non-human,0.46153846153846156,non-human,0.0285039937300885,non-human,0.5321675600763741,human,0.27340964669337386,1,non-human,3.0,0.7265903533066261
815737934,B4rbee_B4bezx,female,0.6695,0,1.0,0.6341463414634146,human,0.23076923076923078,non-human,0.005412646887201115,non-human,0.22408966501971983,non-human,0.2736044710348916,1,non-human,3.0,0.7263955289651084
815737814,HiawathaSchool,brand,1.0,0,0.0,0.9347826086956522,human,0.9230769230769231,human,0.11682949985404835,non-human,0.9308623134661932,human,0.7263878362732042,3,human,3.0,0.7263878362732042
815735721,Patrick_S93,male,0.6664,0,1.0,0.0,non-human,0.6153846153846154,human,0.0003503084340788081,non-human,0.4789557866790981,non-human,0.2736726776244481,1,non-human,3.0,0.726327322375552
815736134,brandlercustom1,brand,0.6786,0,0.0,0.9790897908979089,human,0.9230769230769231,human,0.11855975178388622,non-human,0.8825404000624979,human,0.725816716455304,3,human,3.0,0.725816716455304
815724302,CorsoDavidEd,brand,0.6905,0,0.0,0.40425531914893614,non-human,0.8461538461538461,human,0.9999999999846274,human,0.6477526175115792,human,0.7245404456997473,3,human,3.0,0.7245404456997473
815722431,IsabellaGourmet,brand,0.6613,0,0.0,0.3754646840148699,non-human,0.8461538461538461,human,0.9309936231841529,human,0.7438718537917418,human,0.7241210017861526,3,human,3.0,0.7241210017861526
815729067,O8qKkYKnWa7YP3O,female,0.6641,0,1.0,1.0,human,0.07692307692307693,non-human,1.3076807774413931e-73,non-human,0.027066333575428668,non-human,0.2759973526246264,1,non-human,3.0,0.7240026473753736
815729700,WHMorpeth,brand,1.0,0,0.0,0.46875,non-human,0.8461538461538461,human,0.9589409923957243,human,0.6186327414131004,human,0.7231193949906678,3,human,3.0,0.7231193949906678
815721265,GStuedler,male,1.0,0,1.0,0.25675675675675674,non-human,0.5384615384615384,human,0.035248606776727975,non-human,0.28199846598679373,non-human,0.2781163419954542,1,non-human,3.0,0.7218836580045458
815732092,beeinchicago,female,0.6892,0,1.0,0.7794117647058824,human,0.23076923076923078,non-human,3.876164254400748e-70,non-human,0.10403296736932884,non-human,0.27855349071111046,1,non-human,3.0,0.7214465092888895
815736534,TheMunSession,male,1.0,0,1.0,0.2876712328767123,non-human,0.3076923076923077,non-human,0.004274998778644812,non-human,0.5167929586607728,human,0.2791078745021094,1,non-human,3.0,0.7208921254978906
815736014,giustinasearle,female,0.6563,0,1.0,0.25675675675675674,non-human,0.6923076923076923,human,0.002711317101444649,non-human,0.17005887397131586,non-human,0.2804586600343024,1,non-human,3.0,0.7195413399656976
815719391,PennTweetz,male,0.6619,0,1.0,0.13636363636363635,non-human,0.5384615384615384,human,0.1806014023868944,non-human,0.2701259007758331,non-human,0.28138811949697556,1,non-human,3.0,0.7186118805030244
815726248,PetConciergePls,brand,0.6471,0,0.0,0.40425531914893614,non-human,0.9230769230769231,human,0.9999954124959908,human,0.5443699068971498,human,0.71792439040475,3,human,3.0,0.71792439040475
815737463,Abbsewing,brand,1.0,0,0.0,0.40425531914893614,non-human,0.6923076923076923,human,0.9532263716230246,human,0.8193025438179072,human,0.71727298172439,3,human,3.0,0.71727298172439
815738529,FLSmallBz,male,0.6785,0,1.0,0.40425531914893614,non-human,0.5384615384615384,human,0.01075995101256681,non-human,0.18106112471806962,non-human,0.28363448333527774,1,non-human,3.0,0.7163655166647223
815728172,Re_lDonaldTrump,brand,0.673,0,0.0,0.8328912466843501,human,0.6153846153846154,human,0.995487406376433,human,0.4172048088173666,non-human,0.7152420193156913,3,human,3.0,0.7152420193156913
815725723,fisyfibebala,male,0.6717,0,1.0,0.5306122448979592,human,0.3076923076923077,non-human,0.00010518644003852933,non-human,0.3024429458253614,non-human,0.2852131712139167,1,non-human,3.0,0.7147868287860832
815722816,ManufacturingOD,male,1.0,0,1.0,0.25675675675675674,non-human,0.5384615384615384,human,0.053148589225420595,non-human,0.2925526882975212,non-human,0.2852298931853092,1,non-human,3.0,0.7147701068146908
815720158,haydnsym,male,1.0,0,1.0,0.19230769230769232,non-human,0.5384615384615384,human,0.005623285614612534,non-human,0.40520718040972575,non-human,0.2853999241983923,1,non-human,3.0,0.7146000758016078
815724815,russellshih,brand,0.6595,0,0.0,0.40425531914893614,non-human,0.6153846153846154,human,0.9858428681939538,human,0.8510791661203677,human,0.7141404922119683,3,human,3.0,0.7141404922119683
815721027,bigdemonskull,male,1.0,0,1.0,0.25675675675675674,non-human,0.5384615384615384,human,0.014800226513872073,non-human,0.33490894931029475,non-human,0.2862318677606155,1,non-human,3.0,0.7137681322393845
815736918,faithclubdotnet,male,0.6831,0,1.0,0.0,non-human,0.46153846153846156,non-human,0.0024563584534479173,non-human,0.6814344980934,human,0.28635732952132736,1,non-human,3.0,0.7136426704786727
815720602,PlankCenterPR,brand,1.0,0,0.0,0.6756756756756757,human,0.6923076923076923,human,0.9983362363364227,human,0.48609983199367,non-human,0.7131048590783651,3,human,3.0,0.7131048590783651
815731390,jaklumen,brand,0.6697,0,0.0,0.9285714285714286,human,0.46153846153846156,non-human,0.6998301033662031,human,0.7622158982180764,human,0.7130389729235425,3,human,3.0,0.7130389729235425
815726027,mucivyraqeke,male,0.6841,0,1.0,0.5306122448979592,human,0.3076923076923077,non-human,0.00021608182165005457,non-human,0.3093462092698398,non-human,0.2869667109204392,1,non-human,3.0,0.7130332890795608
815721175,bettyandbee,brand,1.0,0,0.0,0.3754646840148699,non-human,0.7692307692307693,human,0.9619197320634663,human,0.7427786267608883,human,0.7123484530174985,3,human,3.0,0.7123484530174985
815731140,ImWryz,brand,0.6475,0,0.0,0.2857142857142857,non-human,0.6923076923076923,human,0.9999989294534731,human,0.8703618184957945,human,0.7120956814928114,3,human,3.0,0.7120956814928114
815725509,LeytonTechnical,brand,0.6516,0,0.0,0.3754646840148699,non-human,0.8461538461538461,human,0.9999999997694928,human,0.6257054776145354,human,0.711831001888186,3,human,3.0,0.711831001888186
815732828,AnimalWorIds,brand,0.6501,0,0.0,0.4931506849315068,non-human,0.7692307692307693,human,0.7193553165722245,human,0.8648888270677382,human,0.7116563994505598,3,human,3.0,0.7116563994505598
815719919,Eustache_D,male,0.6838,0,1.0,0.25675675675675674,non-human,0.6153846153846154,human,0.06470740501605528,non-human,0.21788529255928019,non-human,0.2886835174291769,1,non-human,3.0,0.7113164825708231
815719785,MyHerbalGarden,male,1.0,0,1.0,0.25675675675675674,non-human,0.5384615384615384,human,0.048930120827177764,non-human,0.31090528156391245,non-human,0.2887634244023463,1,non-human,3.0,0.7112365755976537
815719524,calyqabupal,brand,0.6593,0,0.0,0.2857142857142857,non-human,0.8461538461538461,human,0.9805626827870849,human,0.7292812641197016,human,0.7104280196937296,3,human,3.0,0.7104280196937296
815739557,TruckDadto3Kids,male,0.6733,0,1.0,0.6341463414634146,human,0.23076923076923078,non-human,0.0012838015875433029,non-human,0.2934295886925024,non-human,0.28990724062817275,1,non-human,3.0,0.7100927593718273
815721061,SamyaSarfaraz,brand,0.341,0,0.0,0.7794117647058824,human,1.0,human,0.15493209757499665,non-human,0.9022991077938469,human,0.7091607425186814,3,human,3.0,0.7091607425186814
815734530,RadioColegial,brand,1.0,0,0.0,0.41836734693877553,non-human,0.6153846153846154,human,0.9799463214172226,human,0.8224230599524057,human,0.7090303359232548,3,human,3.0,0.7090303359232548
815729508,Mangal2,brand,1.0,0,0.0,0.9708994708994709,human,0.7692307692307693,human,0.14450443149320147,non-human,0.9497412316800155,human,0.7085939758258644,3,human,3.0,0.7085939758258644
815721659,FAESLLC,male,0.6735,0,1.0,0.3754646840148699,non-human,0.5384615384615384,human,1.1926926510318166e-08,non-human,0.2523904957284806,non-human,0.2915791825329539,1,non-human,3.0,0.7084208174670461
815726926,trendymojo,male,0.3372,0,1.0,0.2857142857142857,non-human,0.3076923076923077,non-human,0.0085408089596232,non-human,0.57010343693955,human,0.2930127098264417,1,non-human,3.0,0.7069872901735583
815736669,embraceKulture,brand,1.0,0,0.0,0.46875,non-human,0.8461538461538461,human,0.9327804452308984,human,0.5742527337503543,human,0.7054842562837748,3,human,3.0,0.7054842562837748
815737633,CliffHCohen,male,0.6864,0,1.0,0.40425531914893614,non-human,0.5384615384615384,human,0.016060936213758883,non-human,0.22147173802751458,non-human,0.295062382962937,1,non-human,3.0,0.7049376170370629
815723179,trapking_P4L,male,0.6667,0,1.0,0.2876712328767123,non-human,0.23076923076923078,non-human,0.0036947674018529162,non-human,0.6601363029722854,human,0.2955678835050204,1,non-human,3.0,0.7044321164949796
815731970,HoustonHavens,female,1.0,1,1.0,0.13636363636363635,non-human,0.6153846153846154,human,0.0020790129278251035,non-human,0.43156410503588044,non-human,0.29634784242798934,1,non-human,3.0,0.7036521575720107
815737367,unfoldURwings,brand,0.6572,0,0.0,0.9081967213114754,human,0.7692307692307693,human,0.44427800661743416,non-human,0.6915316279072858,human,0.7033092812667412,3,human,3.0,0.7033092812667412
815731225,MME_Greenville,brand,0.6831,0,0.0,0.8328912466843501,human,0.8461538461538461,human,0.4939424876129402,non-human,0.6382581770561795,human,0.702811439376829,3,human,3.0,0.702811439376829
815723616,NedKellysPubGB,brand,0.6475,0,0.0,0.7943262411347518,human,0.46153846153846156,non-human,0.8721724309844529,human,0.6828291436191124,human,0.7027165693191947,3,human,3.0,0.7027165693191947
815720199,LeeLambchop,brand,1.0,0,0.0,0.23529411764705882,non-human,0.8461538461538461,human,0.9937989640199627,human,0.735087127049222,human,0.7025835137175224,3,human,3.0,0.7025835137175224
815728764,StripedLungi,brand,0.6527,0,0.0,0.8328912466843501,human,0.6923076923076923,human,0.927094301013854,human,0.357181508512359,non-human,0.7023686871295639,3,human,3.0,0.7023686871295639
815736044,MayRanch,brand,0.6742,0,0.0,0.2857142857142857,non-human,0.6923076923076923,human,1.0,human,0.8310335398063294,human,0.7022638794570769,3,human,3.0,0.7022638794570769
815734246,brsodaa,male,1.0,0,1.0,0.5714285714285714,human,0.15384615384615385,non-human,0.0004269125249961371,non-human,0.46580424023870237,non-human,0.29787646950960595,1,non-human,3.0,0.7021235304903941
815737252,OnlyTruthReign,brand,1.0,0,0.0,0.23529411764705882,non-human,0.8461538461538461,human,0.9999999999676987,human,0.7269503208099009,human,0.7020995711446261,3,human,3.0,0.7020995711446261
815719236,Blissful_Eats,brand,0.7002,0,0.0,0.6497584541062802,human,0.46153846153846156,non-human,0.9999897613178301,human,0.6964150160401856,human,0.7019254232506894,3,human,3.0,0.7019254232506894
815738825,galexslut,female,0.6757,0,1.0,0.40425531914893614,non-human,0.6153846153846154,human,0.0019892918345155454,non-human,0.1745384860610791,non-human,0.2990419281072865,1,non-human,3.0,0.7009580718927135
815732646,_The_Count,brand,1.0,0,0.0,0.40425531914893614,non-human,0.8461538461538461,human,1.0,human,0.5529351802991898,human,0.700836086400493,3,human,3.0,0.700836086400493
815719227,DavdBurnett,male,1.0,0,1.0,0.3877551020408163,non-human,0.5384615384615384,human,0.0020600097408188522,non-human,0.27181607164428856,non-human,0.30002318047186555,1,non-human,3.0,0.6999768195281344
815721108,roobiebot,brand,0.695,0,0.0,0.4411764705882353,non-human,0.6923076923076923,human,0.8616340651510834,human,0.8039459961987193,human,0.6997660560614326,3,human,3.0,0.6997660560614326
815722488,OBrien_IPH,brand,0.6544,0,0.0,0.46875,non-human,0.6153846153846154,human,0.9624461625432825,human,0.7511044702374365,human,0.6994213120413335,3,human,3.0,0.6994213120413335
815728067,RalphEvan1,brand,0.3639,0,0.0,0.9347826086956522,human,1.0,human,0.034439080269734385,non-human,0.82783870530482,human,0.6992650985675517,3,human,3.0,0.6992650985675517
815723372,MissMBelieber,brand,0.6654,0,0.0,0.37142857142857144,non-human,0.8461538461538461,human,0.9624903347880102,human,0.6102518678803039,human,0.6975811550626829,3,human,3.0,0.6975811550626829
815734192,hariomji5,brand,0.6566,0,0.0,0.2857142857142857,non-human,0.6923076923076923,human,0.9991894667594804,human,0.8122031670486546,human,0.6973536529575283,3,human,3.0,0.6973536529575283
815727324,MrmappyINOF,brand,0.6574,0,0.0,0.0,non-human,0.8461538461538461,human,0.9967743318432246,human,0.946227155214031,human,0.6972888333027755,3,human,3.0,0.6972888333027755
815737578,PiggyMarketNo1,brand,0.6848,0,0.0,0.6385542168674698,human,0.8461538461538461,human,0.9029406226346133,human,0.39926458859655456,non-human,0.696728318563121,3,human,3.0,0.696728318563121
815730707,turboreading,male,0.3448,0,1.0,0.2857142857142857,non-human,0.6153846153846154,human,0.014517199314379094,non-human,0.29898203182727245,non-human,0.3036495330601382,1,non-human,3.0,0.6963504669398618
815722019,dukeroufus,male,1.0,0,1.0,0.41836734693877553,non-human,0.6153846153846154,human,7.980158008231698e-21,non-human,0.1809789838762493,non-human,0.30368273654991,1,non-human,3.0,0.69631726345009
815730828,ssgastrogrub,brand,1.0,0,0.0,0.7794117647058824,human,0.9230769230769231,human,0.29697390559398557,non-human,0.7834620797394596,human,0.6957311682790627,3,human,3.0,0.6957311682790627
815724223,SanAntonioTalks,female,0.6571,0,1.0,0.25675675675675674,non-human,0.6153846153846154,human,0.01310647745735098,non-human,0.3364362851775002,non-human,0.3054210336940558,1,non-human,3.0,0.6945789663059442
815720931,markforza,brand,0.6683,0,0.0,0.3754646840148699,non-human,0.6923076923076923,human,0.9974770540067419,human,0.7126536072652193,human,0.6944757593986309,3,human,3.0,0.6944757593986309
815736026,TakiingFliights,brand,0.6717,0,0.0,0.9054054054054054,human,0.7692307692307693,human,0.37940555058072106,non-human,0.7238496007348623,human,0.6944728314879395,3,human,3.0,0.6944728314879395
815723574,reps_t,brand,0.6687,0,0.0,0.8328912466843501,human,0.8461538461538461,human,0.29133903754025325,non-human,0.8073897184413453,human,0.6944434622049487,3,human,3.0,0.6944434622049487
815719994,sorayagarcia85,female,1.0,0,1.0,0.6341463414634146,human,0.23076923076923078,non-human,0.009762645121977344,non-human,0.34772470520003484,non-human,0.3056007306386644,1,non-human,3.0,0.6943992693613357
815729911,xlPlasmalx,brand,0.6575,0,0.0,0.7943262411347518,human,1.0,human,0.03530465577404984,non-human,0.9453717785494371,human,0.6937506688645597,3,human,3.0,0.6937506688645597
815737972,SOVIETAESTHETIC,brand,0.669,0,0.0,0.9054054054054054,human,0.7692307692307693,human,0.4355280626164202,non-human,0.6647712076312512,human,0.6937338612209615,3,human,3.0,0.6937338612209615
815724924,NHLFlames,brand,1.0,0,0.0,0.6497584541062802,human,0.8461538461538461,human,0.979167262640046,human,0.2976377310019055,non-human,0.6931793234755195,3,human,3.0,0.6931793234755195
815736636,DanteNevante,male,0.6684,0,1.0,0.2876712328767123,non-human,0.23076923076923078,non-human,0.006575771905427706,non-human,0.7047729709953201,human,0.3074473016366727,1,non-human,3.0,0.6925526983633272
815724958,carolannbagan,female,0.349,0,1.0,0.8328912466843501,human,0.3076923076923077,non-human,1.2514261821665846e-68,non-human,0.08943735150442243,non-human,0.30750522647027007,1,non-human,3.0,0.69249477352973
815732397,ArlineNardelli,female,1.0,0,1.0,0.40425531914893614,non-human,0.5384615384615384,human,0.14790964841734197,non-human,0.13973976900366142,non-human,0.30759156875786947,1,non-human,3.0,0.6924084312421306
815726463,MarydeVille1,female,0.6769,0,1.0,0.9081967213114754,human,0.07692307692307693,non-human,1.2961599984953381e-68,non-human,0.24526725129150084,non-human,0.3075967623815133,1,non-human,3.0,0.6924032376184868
815726765,springsteen923,brand,0.6823,0,0.0,0.6341463414634146,human,0.8461538461538461,human,0.36530692595832265,non-human,0.9238865739402263,human,0.6923734218789525,3,human,3.0,0.6923734218789525
815739222,InternHarleen,female,0.6664,0,1.0,0.40425531914893614,non-human,0.6153846153846154,human,0.005337368017178479,non-human,0.20883942182718584,non-human,0.308454181094479,1,non-human,3.0,0.691545818905521
815725634,RealRoyalBoy,male,0.6772,0,1.0,0.37142857142857144,non-human,0.6153846153846154,human,0.0039710197250359775,non-human,0.2431032854933845,non-human,0.30847187300790185,1,non-human,3.0,0.6915281269920981
815723914,khcsportsman85,male,0.6839,0,1.0,0.15625,non-human,0.6923076923076923,human,0.004072615357757782,non-human,0.3841714906243179,non-human,0.30920044957244197,1,non-human,3.0,0.690799550427558
815737408,Erynnis_co,female,0.6662,0,1.0,0.40425531914893614,non-human,0.5384615384615384,human,0.01686792713497365,non-human,0.27764334339173075,non-human,0.3093070320342947,1,non-human,3.0,0.6906929679657052
815729333,twiggy1977,female,0.3428,0,1.0,0.4,non-human,0.23076923076923078,non-human,4.040212706530835e-09,non-human,0.6068746488886164,human,0.30941097092451497,1,non-human,3.0,0.690589029075485
815731259,JessicaTootell,female,1.0,0,1.0,0.40425531914893614,non-human,0.5384615384615384,human,0.02334345414291745,non-human,0.272242968755092,non-human,0.30957582012712104,1,non-human,3.0,0.690424179872879
815727073,louehisart,brand,0.65,0,0.0,0.4,non-human,0.9230769230769231,human,0.9311229769805829,human,0.502421690153582,human,0.689155397552772,3,human,3.0,0.689155397552772
815729736,curlyfry248,brand,0.6721,0,0.0,0.9347826086956522,human,0.8461538461538461,human,0.009178112907351505,non-human,0.961536339146149,human,0.6879127267257498,3,human,3.0,0.6879127267257498
815737614,djsalutemag,brand,0.681,0,0.0,0.7794117647058824,human,0.5384615384615384,human,0.9998300325823813,human,0.43005479835446536,non-human,0.6869395335260668,3,human,3.0,0.6869395335260668
815733164,caseroo7,female,0.6821,0,1.0,0.3877551020408163,non-human,0.5384615384615384,human,0.004614918380356993,non-human,0.3224313137436672,non-human,0.31331571815659476,1,non-human,3.0,0.6866842818434052
815731105,jockspin,brand,1.0,0,0.0,0.6497584541062802,human,0.7692307692307693,human,0.9999999997555058,human,0.3268714276752745,non-human,0.6864651626919575,3,human,3.0,0.6864651626919575
815730207,WanderingNewbie,brand,0.658,0,0.0,0.8734177215189873,human,0.8461538461538461,human,0.07358819413426755,non-human,0.945595939924682,human,0.6846889254329458,3,human,3.0,0.6846889254329458
815721226,mutsunba_ebot,brand,0.6549,0,0.0,0.4931506849315068,non-human,0.6923076923076923,human,0.8647981053110796,human,0.6879846387634224,human,0.6845602803284253,3,human,3.0,0.6845602803284253
815719895,TheUnits,male,0.6775,0,1.0,0.25675675675675674,non-human,0.5384615384615384,human,0.09009560177168362,non-human,0.38107448690028617,non-human,0.31659709597256624,1,non-human,3.0,0.6834029040274338
815732233,armaaansheikh15,male,1.0,0,1.0,0.2876712328767123,non-human,0.46153846153846156,non-human,0.00010664386582159308,non-human,0.5194384382418282,human,0.31718869413070594,1,non-human,3.0,0.6828113058692941
815731763,LinWalsh15,female,0.6425,0,1.0,0.6341463414634146,human,0.3076923076923077,non-human,0.043135817252721836,non-human,0.2840377840442303,non-human,0.31725306261316866,1,non-human,3.0,0.6827469373868313
815733338,kr_surfyoga,female,0.6743,0,1.0,0.25675675675675674,non-human,0.38461538461538464,non-human,0.08423669164881444,non-human,0.5456054793498347,human,0.31780357809269766,1,non-human,3.0,0.6821964219073023
815727904,corinatfh45,female,0.6648,0,1.0,0.2876712328767123,non-human,0.5384615384615384,human,0.00011008057858923616,non-human,0.4451133864931532,non-human,0.31783905960249825,1,non-human,3.0,0.6821609403975017
815732764,MaximaMaximum,female,1.0,0,1.0,0.13636363636363635,non-human,0.5384615384615384,human,0.34114436674492615,non-human,0.257615226222921,non-human,0.31839619194825547,1,non-human,3.0,0.6816038080517446
815737906,greekoutdoors,brand,1.0,0,0.0,0.9708994708994709,human,0.6923076923076923,human,0.3218892342990531,non-human,0.7381510217626601,human,0.6808118548172191,3,human,3.0,0.6808118548172191
815730716,Qadri_GM,brand,0.6707,0,0.0,0.8328912466843501,human,0.6923076923076923,human,0.44768185200518695,non-human,0.7487511664283915,human,0.6804079893564052,3,human,3.0,0.6804079893564052
815730319,BeFitNow76,brand,1.0,0,0.0,0.9790897908979089,human,0.6153846153846154,human,0.23308058618635386,non-human,0.8927411831975819,human,0.6800740439166151,3,human,3.0,0.6800740439166151
815730064,wozzoncornwall,brand,1.0,0,0.0,0.40425531914893614,non-human,0.7692307692307693,human,0.9999999999972218,human,0.544858251139689,human,0.6795860848791541,3,human,3.0,0.6795860848791541
815731057,MimiNiMukale,brand,0.6748,0,0.0,0.9054054054054054,human,0.9230769230769231,human,0.24546509444580766,non-human,0.6403428348564836,human,0.678572564446155,3,human,3.0,0.678572564446155
815727404,CValenti11,brand,0.6546,0,0.0,1.0,human,0.8461538461538461,human,0.0008946105030716133,non-human,0.8671369550360276,human,0.6785463529232364,3,human,3.0,0.6785463529232364
815739131,lyzaquen18,brand,0.3532,0,0.0,1.0,human,1.0,human,0.0004286174300659068,non-human,0.7129899086344483,human,0.6783546315161286,3,human,3.0,0.6783546315161286
815729929,IProduce4rm313,male,1.0,0,1.0,0.7794117647058824,human,0.15384615384615385,non-human,1.1991880579654692e-05,non-human,0.3537124459947707,non-human,0.32174558910684664,1,non-human,3.0,0.6782544108931534
815719609,ideagirlmedia,brand,0.6753,0,0.0,0.6497584541062802,human,0.6923076923076923,human,0.8808516214561084,human,0.4899104932753233,non-human,0.6782070652863511,3,human,3.0,0.6782070652863511
815725882,fitboar,brand,0.3366,0,0.0,0.0,non-human,0.8461538461538461,human,0.9863357813211563,human,0.8796553990837646,human,0.6780362566396918,3,human,3.0,0.6780362566396918
815729813,Toxicratman,brand,0.659,0,0.0,0.40425531914893614,non-human,0.6153846153846154,human,1.0,human,0.6902222134695721,human,0.6774655370007809,3,human,3.0,0.6774655370007809
815720452,Copypasteadscom,female,0.6698,0,1.0,0.2876712328767123,non-human,0.38461538461538464,non-human,0.002304833501248638,non-human,0.6159472871767765,human,0.3226346845425305,1,non-human,3.0,0.6773653154574695
815736301,balzavaulxh7,brand,0.6747,0,0.0,0.7943262411347518,human,0.9230769230769231,human,0.04739058506299647,non-human,0.9432062323047431,human,0.6769999953948537,3,human,3.0,0.6769999953948537
815735630,BelTel_Sport,brand,1.0,0,0.0,0.40425531914893614,non-human,0.8461538461538461,human,0.8716221744357424,human,0.5766383283266486,human,0.6746674170162933,3,human,3.0,0.6746674170162933
815726416,SavoyConsulting,brand,1.0,0,0.0,1.0,human,0.8461538461538461,human,0.0021069504721127306,non-human,0.8485868420437643,human,0.6742119096674308,3,human,3.0,0.6742119096674308
815727751,BarreLab,brand,0.6654,0,0.0,0.3754646840148699,non-human,0.6153846153846154,human,0.9572597683321808,human,0.747266282973066,human,0.673843837676183,3,human,3.0,0.673843837676183
815724716,uifellows,brand,1.0,0,0.0,0.3754646840148699,non-human,0.7692307692307693,human,0.9062077920521112,human,0.6435049761338968,human,0.6736020553579118,3,human,3.0,0.6736020553579118
815731691,Ncouzz,female,1.0,0,1.0,0.5306122448979592,human,0.38461538461538464,non-human,0.007540613059297658,non-human,0.38431084691550704,non-human,0.32676977237203714,1,non-human,3.0,0.6732302276279629
815731028,radsongz_YBB,male,1.0,0,1.0,0.15625,non-human,0.6923076923076923,human,0.03099632461553229,non-human,0.4286916403589975,non-human,0.3270614143205555,1,non-human,3.0,0.6729385856794445
815724466,BretVonDehl,male,0.672,0,1.0,0.6497584541062802,human,0.3076923076923077,non-human,0.08639892265508417,non-human,0.265449153245198,non-human,0.3273247094247175,1,non-human,3.0,0.6726752905752825
815732599,chast60,brand,0.3534,0,0.0,0.7794117647058824,human,0.9230769230769231,human,0.21638516953495587,non-human,0.7712781050179207,human,0.6725379905839206,3,human,3.0,0.6725379905839206
815733121,AMTStatus,brand,0.6766,0,0.0,0.7555555555555555,human,0.9230769230769231,human,0.22194363468356698,non-human,0.7885714110438863,human,0.672286881089983,3,human,3.0,0.672286881089983
815735305,arturorocha,male,1.0,0,1.0,0.25675675675675674,non-human,0.6923076923076923,human,0.0006440631516335802,non-human,0.36144860225990755,non-human,0.32778927861899754,1,non-human,3.0,0.6722107213810025
815726875,noquestions,brand,0.6777,0,0.0,0.7555555555555555,human,0.9230769230769231,human,0.16105218348913386,non-human,0.8483799986814532,human,0.6720161652007665,3,human,3.0,0.6720161652007665
815719818,blankyhanky19,brand,0.6694,0,0.0,0.7943262411347518,human,0.9230769230769231,human,0.03135533408174108,non-human,0.9387416648358451,human,0.6718750407823153,3,human,3.0,0.6718750407823153
815719831,blankyhanky11,brand,0.6648,0,0.0,0.7943262411347518,human,0.9230769230769231,human,0.03137734443001978,non-human,0.9386328322050712,human,0.6718533352116915,3,human,3.0,0.6718533352116915
815719820,blankyhanky17,brand,0.3436,0,0.0,0.7943262411347518,human,0.9230769230769231,human,0.03135711869679038,non-human,0.9386404019719848,human,0.6718501712201126,3,human,3.0,0.6718501712201126
815725408,EERCANE,male,1.0,0,1.0,0.4931506849315068,non-human,0.5384615384615384,human,0.06397090848918303,non-human,0.2176927691291658,non-human,0.3283189752528486,1,non-human,3.0,0.6716810247471514
815728575,BrothaJVellore,brand,0.6694,0,0.0,0.9911504424778761,human,0.7692307692307693,human,0.11312945427075202,non-human,0.8116859652996647,human,0.6712991578197656,3,human,3.0,0.6712991578197656
815719817,blankyhanky15,brand,0.6971,0,0.0,0.7943262411347518,human,0.8461538461538461,human,0.14924577407297177,non-human,0.8950187897157015,human,0.6711861627693178,3,human,3.0,0.6711861627693178
815731407,coyotekissesxo,brand,0.6556,0,0.0,0.8734177215189873,human,0.7692307692307693,human,0.0631322046298101,non-human,0.9771522862186204,human,0.6707332453995468,3,human,3.0,0.6707332453995468
815735529,Wale_Hero,brand,0.6586,0,0.0,0.7794117647058824,human,0.9230769230769231,human,0.3839092895118562,non-human,0.5924871944765931,human,0.6697212929428138,3,human,3.0,0.6697212929428138
815737136,MaternityMattrs,brand,0.6673,0,0.0,0.46875,non-human,0.6923076923076923,human,0.6962662591825038,human,0.8188139262273453,human,0.6690344694293853,3,human,3.0,0.6690344694293853
815733480,12131415616,brand,0.6695,0,0.0,0.7794117647058824,human,0.9230769230769231,human,2.133243711309868e-13,non-human,0.9709560294400443,human,0.6683611793057658,3,human,3.0,0.6683611793057658
815726446,HalleyConsults,brand,1.0,0,0.0,0.41836734693877553,non-human,0.7692307692307693,human,0.9261256175299368,human,0.5595883092166467,human,0.6683280107290321,3,human,3.0,0.6683280107290321
815737204,elywixxx,female,1.0,0,1.0,0.40425531914893614,non-human,0.6153846153846154,human,0.10729910483040184,non-human,0.20425906886789955,non-human,0.3327995270579633,1,non-human,3.0,0.6672004729420367
815724141,CtrSocialPolicy,brand,1.0,0,0.0,0.6497584541062802,human,0.6923076923076923,human,0.8525325120182217,human,0.4713367430113114,non-human,0.6664838503608764,3,human,3.0,0.6664838503608764
815729147,ICENINEKILLS,brand,0.6642,0,0.0,0.19230769230769232,non-human,0.7692307692307693,human,0.9999999995405204,human,0.6998453567365678,human,0.6653459544538874,3,human,3.0,0.6653459544538874
815737618,theunitedmanc,brand,1.0,0,0.0,0.8328912466843501,human,0.6923076923076923,human,0.36554165504411934,non-human,0.7683721945764046,human,0.6647781971531416,3,human,3.0,0.6647781971531416
815730700,MusicaMasMusic1,brand,1.0,0,0.0,0.6341463414634146,human,0.5384615384615384,human,1.0,human,0.4859762756264318,non-human,0.6646460388878462,3,human,3.0,0.6646460388878462
815721918,maaakstiles,brand,0.6506,0,0.0,0.8734177215189873,human,0.6923076923076923,human,0.14879330044033684,non-human,0.9427108169420106,human,0.6643073828022568,3,human,3.0,0.6643073828022568
815720362,Bolivia4x4,brand,0.6694,0,0.0,0.41836734693877553,non-human,0.5384615384615384,human,0.9341505398360901,human,0.7640265015851921,human,0.6637514817053991,3,human,3.0,0.6637514817053991
815729149,Dickpuncherello,brand,0.6432,0,0.0,0.23529411764705882,non-human,0.8461538461538461,human,1.0,human,0.5733606415929468,human,0.6637021513484629,3,human,3.0,0.6637021513484629
815723231,FateApollyon,brand,0.6786,0,0.0,0.8328912466843501,human,0.8461538461538461,human,0.2786258081662963,non-human,0.6968342327505944,human,0.6636262834387717,3,human,3.0,0.6636262834387717
815737588,MewzMe2,brand,0.3587,0,0.0,0.0,non-human,0.7692307692307693,human,0.9861361005192012,human,0.8989582500252119,human,0.6635812799437956,3,human,3.0,0.6635812799437956
815725559,MSK_ISU,brand,0.6724,0,0.0,0.6497584541062802,human,0.6923076923076923,human,0.9999998927331917,human,0.31126509904293237,non-human,0.6633327845475241,3,human,3.0,0.6633327845475241
815729815,Daniell_MUFC,male,0.6824,0,1.0,0.5306122448979592,human,0.46153846153846156,non-human,0.06434453194112774,non-human,0.2914454653659686,non-human,0.3369851759358793,1,non-human,3.0,0.6630148240641207
815732484,IndHeat,brand,1.0,0,0.0,0.25675675675675674,non-human,0.7692307692307693,human,0.9999999999896261,human,0.6260114685393924,human,0.6629997486291361,3,human,3.0,0.6629997486291361
815731869,weightlosstopia,female,0.6768,0,1.0,0.40425531914893614,non-human,0.6153846153846154,human,0.060636305262358116,non-human,0.2697224817506232,non-human,0.33749968038663325,1,non-human,3.0,0.6625003196133668
815727574,RaheelShareefFC,male,0.6624,0,1.0,0.5306122448979592,human,0.46153846153846156,non-human,0.0017007064395315196,non-human,0.3594065028082958,non-human,0.33831447892106203,1,non-human,3.0,0.661685521078938
815734200,skybernsieford,female,1.0,1,1.0,0.2876712328767123,non-human,0.8461538461538461,human,0.000234327881273638,non-human,0.22113717578839628,non-human,0.33879914567505703,1,non-human,3.0,0.661200854324943
815739136,katespade25,brand,0.3586,0,0.0,0.9054054054054054,human,0.9230769230769231,human,0.0030358509375382273,non-human,0.8130204532807803,human,0.6611346581751618,3,human,3.0,0.6611346581751618
815724512,cytotodulupa,female,0.6488,0,1.0,0.5306122448979592,human,0.46153846153846156,non-human,4.407277687804042e-05,non-human,0.36411844925450665,non-human,0.33907830711695136,1,non-human,3.0,0.6609216928830486
815732990,bot_flippy,brand,0.3419,0,0.0,1.0,human,0.6923076923076923,human,0.15800971264476923,non-human,0.7896820165798155,human,0.6599998553830693,3,human,3.0,0.6599998553830693
815722950,BenoistDaily,female,0.6764,0,1.0,0.40425531914893614,non-human,0.6153846153846154,human,0.16777092664691803,non-human,0.1731913472474398,non-human,0.34015055210697737,1,non-human,3.0,0.6598494478930226
815720626,GFGshow,brand,0.6462,0,0.0,0.6497584541062802,human,0.6153846153846154,human,0.9999999999936193,human,0.3739568583074843,non-human,0.6597749819479999,3,human,3.0,0.6597749819479999
815725507,AdeleNorthman,female,0.6513,0,1.0,0.3877551020408163,non-human,0.6153846153846154,human,0.0027358378715112404,non-human,0.35580132245014573,non-human,0.34041921943677217,1,non-human,3.0,0.6595807805632279
815738562,TheHippyPaco,male,0.3522,0,1.0,0.3754646840148699,non-human,0.6923076923076923,human,0.009797416667021126,non-human,0.28836008337373087,non-human,0.3414824690908286,1,non-human,3.0,0.6585175309091714
815726402,MrAJMcQueen,male,0.686,0,1.0,0.41836734693877553,non-human,0.6923076923076923,human,1.0458825557865282e-19,non-human,0.2634705766379679,non-human,0.34353640397110896,1,non-human,3.0,0.656463596028891
815725978,harriet_grose,female,1.0,0,1.0,0.41836734693877553,non-human,0.5384615384615384,human,0.0044378920331917555,non-human,0.4133036438103573,non-human,0.34364260531096574,1,non-human,3.0,0.6563573946890342
815723176,maystrop,brand,0.6743,0,0.0,1.0,human,0.8461538461538461,human,0.0022197057269293407,non-human,0.7755824354708883,human,0.655988996837916,3,human,3.0,0.655988996837916
815724269,ColleagueDan,male,0.674,0,1.0,0.40425531914893614,non-human,0.6153846153846154,human,0.0008856591530511607,non-human,0.3559670267210533,non-human,0.344123155101914,1,non-human,3.0,0.6558768448980861
815723772,Prostar84381634,brand,0.6602,0,0.0,0.7943262411347518,human,0.8461538461538461,human,3.859558809667217e-07,non-human,0.9818647105929742,human,0.6555862959593632,3,human,3.0,0.6555862959593632
815732096,peatsoupy,female,1.0,0,1.0,0.25675675675675674,non-human,0.6153846153846154,human,0.21266467469644684,non-human,0.2942558816630973,non-human,0.3447654821252291,1,non-human,3.0,0.6552345178747709
815727219,presidentdiary,male,0.6803,0,1.0,0.6666666666666666,human,0.46153846153846156,non-human,0.01237818319645883,non-human,0.23864871240191596,non-human,0.34480800595087574,1,non-human,3.0,0.6551919940491242
815735759,Potoroo,brand,0.3364,0,0.0,0.6497584541062802,human,0.6153846153846154,human,0.8550622901086534,human,0.49072570463534365,non-human,0.6527327660587232,3,human,3.0,0.6527327660587232
815735527,SuruLT,brand,0.6684,0,0.0,0.7638888888888888,human,0.9230769230769231,human,0.09664746843253458,non-human,0.8242597673069181,human,0.6519682619263162,3,human,3.0,0.6519682619263162
815723678,FlorentinaTapuc,female,1.0,0,1.0,0.3877551020408163,non-human,0.5384615384615384,human,0.1328592166795872,non-human,0.3365047547500111,non-human,0.34889515298298823,1,non-human,3.0,0.6511048470170118
815719282,Zoe_o_Ebot,female,0.6684,0,1.0,0.4411764705882353,non-human,0.3076923076923077,non-human,0.09088657396742962,non-human,0.5560985782771574,human,0.3489634826312825,1,non-human,3.0,0.6510365173687175
815734502,leomesii17,brand,0.6642,0,0.0,0.4,non-human,0.6923076923076923,human,0.6206899456009896,human,0.8910751268899871,human,0.6510181911996673,3,human,3.0,0.6510181911996673
815736106,bestofgemini_,brand,0.6612,0,0.0,0.9347826086956522,human,0.8461538461538461,human,0.07811587779452256,non-human,0.7393924300329906,human,0.6496111906692529,3,human,3.0,0.6496111906692529
815719419,TexasCruzn,male,0.6778,0,1.0,0.5306122448979592,human,0.38461538461538464,non-human,0.07430218785582417,non-human,0.41210165521139125,non-human,0.35040786814513986,1,non-human,3.0,0.6495921318548601
815732049,WalFarmMkt,brand,1.0,0,0.0,0.2857142857142857,non-human,0.7692307692307693,human,0.9999975304144305,human,0.5419214910350235,human,0.6492160190986273,3,human,3.0,0.6492160190986273
815728940,HowitzerDoogie,brand,0.6575,0,0.0,0.9081967213114754,human,0.7692307692307693,human,0.13566153610263143,non-human,0.7828313733073062,human,0.6489800999880456,3,human,3.0,0.6489800999880456
815733942,PatrikBohi,brand,0.6505,0,0.0,0.3754646840148699,non-human,0.7692307692307693,human,0.949959191338552,human,0.5010688982974875,human,0.6489308857204197,3,human,3.0,0.6489308857204197
815733729,hahahaNialler,brand,0.6868,0,0.0,0.23529411764705882,non-human,0.6923076923076923,human,0.9876181784760532,human,0.679674735806945,human,0.6487236810594373,3,human,3.0,0.6487236810594373
815735044,SelenaHQ,female,0.6514,0,1.0,0.6497584541062802,human,0.46153846153846156,non-human,0.0027929211180219853,non-human,0.2913252397509688,non-human,0.3513537691284331,1,non-human,3.0,0.6486462308715669
815728724,SamsaraFarm,male,1.0,0,1.0,0.25675675675675674,non-human,0.38461538461538464,non-human,0.5691921132528922,human,0.19548379895068535,non-human,0.3515120133939298,1,non-human,3.0,0.6484879866060702
815723935,wsuksbdc,brand,1.0,0,0.0,0.41836734693877553,non-human,0.6153846153846154,human,0.9767544493820155,human,0.583363648040499,human,0.6484675149364763,3,human,3.0,0.6484675149364763
815723293,billcroninwrite,male,1.0,0,1.0,0.5384615384615384,human,0.46153846153846156,non-human,0.0007356738390824404,non-human,0.4064945077567622,non-human,0.3518075453989612,1,non-human,3.0,0.6481924546010388
815725801,hbmutungi,male,1.0,0,1.0,0.803030303030303,human,0.3076923076923077,non-human,0.00028512855230899525,non-human,0.2964801720594953,non-human,0.3518719778336037,1,non-human,3.0,0.6481280221663963
815721665,JonMartin68,male,0.6659,0,1.0,0.19230769230769232,non-human,0.5384615384615384,human,0.23058651205952344,non-human,0.44723393698080255,non-human,0.3521474199523892,1,non-human,3.0,0.6478525800476108
815736711,muhammadtaufa,female,0.6667,0,1.0,0.3877551020408163,non-human,0.6153846153846154,human,0.0013114557596436449,non-human,0.40423381939502767,non-human,0.35217124814502576,1,non-human,3.0,0.6478287518549742
815726461,TurningGreenOrg,brand,1.0,0,0.0,0.6756756756756757,human,0.38461538461538464,non-human,0.848941361078619,human,0.6816088739133169,human,0.647710323820749,3,human,3.0,0.647710323820749
815735871,Doctorwhat2,brand,0.6743,0,0.0,0.8734177215189873,human,0.6153846153846154,human,0.14643340044158593,non-human,0.9553022442326218,human,0.6476344953944526,3,human,3.0,0.6476344953944526
815730400,icon4eva,female,0.6672,0,1.0,0.6341463414634146,human,0.3076923076923077,non-human,0.041317677722271795,non-human,0.43060895690517476,non-human,0.3534413209457922,1,non-human,3.0,0.6465586790542077
815721538,WildcatsCreate,female,0.681,0,1.0,0.6666666666666666,human,0.46153846153846156,non-human,0.046967955756793175,non-human,0.2403591829574987,non-human,0.35388306672985503,1,non-human,3.0,0.646116933270145
815725786,godwinmrjesser,male,0.6761,0,1.0,0.2876712328767123,non-human,0.46153846153846156,non-human,0.0036493538063598584,non-human,0.6679549437124379,human,0.35520349798349293,1,non-human,3.0,0.6447965020165071
815738861,LQisLOVE143,brand,0.6809,0,0.0,1.0,human,0.9230769230769231,human,0.0009905783314703275,non-human,0.655021568991748,human,0.6447722676000354,3,human,3.0,0.6447722676000354
815724857,Counterintuity,brand,1.0,0,0.0,0.6497584541062802,human,0.46153846153846156,non-human,0.7554445465533479,human,0.7111376075939723,human,0.6444697674480154,3,human,3.0,0.6444697674480154
815733673,FarpointToys,brand,0.6692,0,0.0,0.2857142857142857,non-human,0.6153846153846154,human,0.9999954428957406,human,0.6761032790712331,human,0.6442994057664687,3,human,3.0,0.6442994057664687
815738542,quenliza04,brand,0.6714,0,0.0,1.0,human,0.8461538461538461,human,0.0004294252233886943,non-human,0.7289615031422643,human,0.6438861936298748,3,human,3.0,0.6438861936298748
815729331,AshuriiTsuki,female,0.3404,0,1.0,0.07142857142857142,non-human,0.6153846153846154,human,0.3294074430675273,non-human,0.4089035841776825,non-human,0.35628105351459916,1,non-human,3.0,0.6437189464854008
815738869,TeamHowey,male,1.0,0,1.0,0.4,non-human,0.5384615384615384,human,0.08166663657659375,non-human,0.40740179354115713,non-human,0.3568824921448223,1,non-human,3.0,0.6431175078551776
815727293,CyclingSurgeon,brand,0.6465,0,0.0,0.6756756756756757,human,0.8461538461538461,human,0.3825852960158646,non-human,0.6665861819276055,human,0.642750249943248,3,human,3.0,0.642750249943248
815727816,AyodeleAlli,male,0.6806,0,1.0,0.25675675675675674,non-human,0.7692307692307693,human,0.0026112388514734955,non-human,0.40356787374148007,non-human,0.35804165964511986,1,non-human,3.0,0.6419583403548801
815739302,hickey_obama,brand,0.3374,0,0.0,0.9054054054054054,human,0.7692307692307693,human,0.16234514552531412,non-human,0.7292769500964265,human,0.6415645675644788,3,human,3.0,0.6415645675644788
815727823,WeMaketheSound,brand,0.6625,0,0.0,0.6497584541062802,human,0.5384615384615384,human,0.924805279818841,human,0.4476573071986252,non-human,0.6401706448963213,3,human,3.0,0.6401706448963213
815731412,DavidTurbyfill,male,1.0,0,1.0,0.25675675675675674,non-human,0.6153846153846154,human,0.15069710300089095,non-human,0.4171571984601969,non-human,0.35999891840061504,1,non-human,3.0,0.640001081599385
815724609,ManaGallis1,male,0.6902,0,1.0,0.6341463414634146,human,0.38461538461538464,non-human,0.010161847129815018,non-human,0.4114580358485764,non-human,0.3600954022642977,1,non-human,3.0,0.6399045977357023
815724660,marianrasfeld,female,1.0,0,1.0,0.3754646840148699,non-human,0.5384615384615384,human,0.11181912799670306,non-human,0.41502476796542176,non-human,0.36019252960963327,1,non-human,3.0,0.6398074703903667
815730286,aniekanekah,female,1.0,0,1.0,0.19230769230769232,non-human,0.3076923076923077,non-human,0.6282280494306207,human,0.31279353643935465,non-human,0.3602553964674938,1,non-human,3.0,0.6397446035325062
815734633,SofaDesign1,brand,1.0,0,0.0,0.6842105263157895,human,0.46153846153846156,non-human,0.6029277632053801,human,0.8015918039310325,human,0.6375671387476659,3,human,3.0,0.6375671387476659
815729306,leaderethics,female,1.0,0,1.0,0.3754646840148699,non-human,0.6153846153846154,human,0.1921894039026284,non-human,0.27148973951454514,non-human,0.3636321107041647,1,non-human,3.0,0.6363678892958353
815736822,E_Sports101,brand,1.0,0,0.0,0.7794117647058824,human,0.8461538461538461,human,0.0907755502089935,non-human,0.8287577418891399,human,0.6362747257394654,3,human,3.0,0.6362747257394654
815725506,JoseHarris32,male,0.669,0,1.0,0.6341463414634146,human,0.46153846153846156,non-human,0.08681208702800382,non-human,0.27277059299834766,non-human,0.36381687075705693,1,non-human,3.0,0.6361831292429431
815735967,QuatarTheOdd,brand,0.6563,0,0.0,0.8734177215189873,human,0.8461538461538461,human,0.058941669652645814,non-human,0.7660515707656971,human,0.6361412020227941,3,human,3.0,0.6361412020227941
815722970,MathPowerPoints,brand,0.6349,0,0.0,0.9054054054054054,human,0.6923076923076923,human,0.24234223705004643,non-human,0.7002581522081651,human,0.6350783717428273,3,human,3.0,0.6350783717428273
815730548,Bom_MarMar,male,0.6348,0,1.0,0.41836734693877553,non-human,0.5384615384615384,human,0.0432453979371847,non-human,0.4616976629902508,non-human,0.36544298658193736,1,non-human,3.0,0.6345570134180627
815720599,Dis3rOll,brand,0.6707,0,0.0,1.0,human,0.7692307692307693,human,0.00011118356084042888,non-human,0.7684243552679713,human,0.6344415770148952,3,human,3.0,0.6344415770148952
815733130,InstaFollow_17,brand,0.6516,0,0.0,0.9054054054054054,human,0.7692307692307693,human,0.004501171052879618,non-human,0.8565984401069152,human,0.6339339464489924,3,human,3.0,0.6339339464489924
815739218,RJMorse13,brand,0.6592,0,0.0,0.13636363636363635,non-human,0.6923076923076923,human,0.9999904335618442,human,0.704992018638559,human,0.633413445217933,3,human,3.0,0.633413445217933
815729507,SullivanLou_Lib,brand,0.6686,0,0.0,0.5888888888888889,human,0.5384615384615384,human,0.9999902359361406,human,0.40394772190431244,non-human,0.6328220962977201,3,human,3.0,0.6328220962977201
815726241,BigBoxRadio,brand,1.0,0,0.0,0.896551724137931,human,0.7692307692307693,human,0.14378915541758439,non-human,0.7211455023322653,human,0.6326792877796374,3,human,3.0,0.6326792877796374
815724241,MercianRockyRex,brand,0.6984,0,0.0,0.9285714285714286,human,0.5384615384615384,human,0.2750753461405017,non-human,0.7811922637842155,human,0.630825144239421,3,human,3.0,0.630825144239421
815723675,ISUPK_DETROIT,male,0.6697,0,1.0,0.2876712328767123,non-human,0.46153846153846156,non-human,0.015540757524705203,non-human,0.7131392609184258,human,0.3694724282145762,1,non-human,3.0,0.6305275717854237
815723984,KaraboAdvocate,male,1.0,0,1.0,0.4931506849315068,non-human,0.5384615384615384,human,0.00012588246800289196,non-human,0.446345620280868,non-human,0.36952093153547905,1,non-human,3.0,0.630479068464521
815736568,wetrain_Danny,male,0.6459,0,1.0,0.46875,non-human,0.6923076923076923,human,0.0026384998612413372,non-human,0.3157670721495785,non-human,0.36986581607962804,1,non-human,3.0,0.630134183920372
815737271,breakingadriel,brand,0.3417,0,0.0,0.0,non-human,0.6923076923076923,human,0.9999999999999822,human,0.8280032255616051,human,0.6300777294673199,3,human,3.0,0.6300777294673199
815720619,WGVUPublicMedia,brand,1.0,0,0.0,0.7794117647058824,human,0.6153846153846154,human,0.4414328947546653,non-human,0.6837586635321157,human,0.6299969845943196,3,human,3.0,0.6299969845943196
815735067,josephdirk79,male,1.0,0,1.0,0.6341463414634146,human,0.46153846153846156,non-human,0.0017370786162194914,non-human,0.38284345646331897,non-human,0.37006633452035365,1,non-human,3.0,0.6299336654796464
815733922,MeiMeiMemeMe,brand,1.0,0,0.0,0.7794117647058824,human,0.8461538461538461,human,0.037963968822136075,non-human,0.8553191773575437,human,0.6297121892598521,3,human,3.0,0.6297121892598521
815735479,msmegancotto,female,0.6671,0,1.0,0.6739130434782609,human,0.38461538461538464,non-human,0.002996665207124057,non-human,0.42063697234525327,non-human,0.3705405164115057,1,non-human,3.0,0.6294594835884944
815720934,SportsMotto,brand,0.654,0,0.0,0.8328912466843501,human,0.46153846153846156,non-human,0.5990651675033306,human,0.622908035813207,human,0.6291007278848373,3,human,3.0,0.6291007278848373
815721756,jamieellmore,male,1.0,0,1.0,0.7794117647058824,human,0.23076923076923078,non-human,4.5263716633477665e-32,non-human,0.47539636129256274,non-human,0.37139433919191894,1,non-human,3.0,0.628605660808081
815738780,liizasoberrano,female,0.6436,0,1.0,0.6739130434782609,human,0.46153846153846156,non-human,0.0023237613969188087,non-human,0.3522129742915514,non-human,0.37249706017629813,1,non-human,3.0,0.6275029398237019
815721938,yesiluvmcds,female,0.353,0,1.0,0.6739130434782609,human,0.38461538461538464,non-human,0.0035399894297903954,non-human,0.4324425998604821,non-human,0.37362775434597956,1,non-human,3.0,0.6263722456540204
815735858,radiointerdual,brand,1.0,0,0.0,0.6497584541062802,human,0.7692307692307693,human,0.4180887566456187,non-human,0.6679564022677376,human,0.6262585955626014,3,human,3.0,0.6262585955626014
815726503,Gargamelkiller,brand,0.6667,0,0.0,0.9790897908979089,human,1.0,human,1.9810960692745653e-56,non-human,0.5257330699291325,human,0.6262057152067604,3,human,3.0,0.6262057152067604
815723504,PittCareers,brand,1.0,0,0.0,0.6497584541062802,human,0.7692307692307693,human,0.4663922511398267,non-human,0.6192934134597243,human,0.6261687219841501,3,human,3.0,0.6261687219841501
815721833,AGPartnership,brand,0.6547,0,0.0,0.3754646840148699,non-human,0.6153846153846154,human,0.9502689967524148,human,0.5630663125745646,human,0.6260461521816162,3,human,3.0,0.6260461521816162
815732091,pommania,brand,1.0,0,0.0,0.25675675675675674,non-human,0.6153846153846154,human,0.9463448648104796,human,0.6849862230177205,human,0.6258681149923931,3,human,3.0,0.6258681149923931
815739244,law1789,male,0.6708,0,1.0,0.6341463414634146,human,0.46153846153846156,non-human,0.005780285776948973,non-human,0.39648219001287144,non-human,0.37448681969792413,1,non-human,3.0,0.6255131803020759
815731525,Law1780,brand,0.6934,0,0.0,0.7555555555555555,human,0.7692307692307693,human,0.04330471817321185,non-human,0.9323849525442359,human,0.6251189988759431,3,human,3.0,0.6251189988759431
815735450,FlowFit_Ke,brand,0.6667,0,0.0,0.6497584541062802,human,0.8461538461538461,human,0.511820292529543,human,0.49263195336998666,non-human,0.625091136539914,3,human,3.0,0.625091136539914
815736733,PASTTHEGONE,brand,0.6629,0,0.0,0.7943262411347518,human,0.6923076923076923,human,0.18945047077241994,non-human,0.822990403209178,human,0.6247687018560105,3,human,3.0,0.6247687018560105
815738009,Team_Christ77,brand,0.6916,0,0.0,0.7794117647058824,human,0.7692307692307693,human,0.04707125302111009,non-human,0.9023961355454921,human,0.6245274806258134,3,human,3.0,0.6245274806258134
815738974,LizQuen5Sg,female,0.6649,0,1.0,0.6739130434782609,human,0.38461538461538464,non-human,0.0016653440301603157,non-human,0.4424786802558048,non-human,0.37566811309490267,1,non-human,3.0,0.6243318869050973
815720833,adhipolice881,brand,0.6983,0,0.0,0.6842105263157895,human,0.7692307692307693,human,0.3251732637654711,non-human,0.7183671874727179,human,0.6242454366961869,3,human,3.0,0.6242454366961869
815730276,WandaVeloz,female,0.3576,0,1.0,0.3877551020408163,non-human,0.46153846153846156,non-human,0.02764427201955535,non-human,0.6318155457032049,human,0.3771883453255095,1,non-human,3.0,0.6228116546744905
815722015,KimFrancis367,brand,0.69,0,0.0,0.7638888888888888,human,0.8461538461538461,human,0.02201351973011753,non-human,0.8577229997402752,human,0.622444813628282,3,human,3.0,0.622444813628282
815723475,used2bnew,female,0.6652,0,1.0,0.6842105263157895,human,0.3076923076923077,non-human,0.06273111784524514,non-human,0.45587133817725534,non-human,0.3776263225076494,1,non-human,3.0,0.6223736774923506
815722319,ChloeGilchrist1,brand,1.0,0,0.0,0.6341463414634146,human,0.9230769230769231,human,1.9889491476945823e-09,non-human,0.9322461296110819,human,0.6223673490350922,3,human,3.0,0.6223673490350922
815727068,AmazonAutoNatn,brand,1.0,0,0.0,1.0,human,0.8461538461538461,human,0.00019381781779912398,non-human,0.6410860720487824,human,0.621858434005107,3,human,3.0,0.621858434005107
815734852,anabanana_swim,female,0.6739,0,1.0,0.25675675675675674,non-human,0.38461538461538464,non-human,0.32649996031276624,non-human,0.5460967476706501,human,0.3784922123388894,1,non-human,3.0,0.6215077876611106
815719333,EMA_radio1,brand,1.0,0,0.0,0.19230769230769232,non-human,0.6923076923076923,human,0.9999999999705871,human,0.6000135567541905,human,0.6211572353350405,3,human,3.0,0.6211572353350405
815727412,HilaryNews,brand,0.6812,0,0.0,0.6666666666666666,human,0.6923076923076923,human,0.8819815596630677,human,0.24288862893946245,non-human,0.6209611368942223,3,human,3.0,0.6209611368942223
815733088,08000119MUM,brand,0.6591,0,0.0,0.6385542168674698,human,0.9230769230769231,human,6.073874828512888e-05,non-human,0.9220011362159799,human,0.6209232537271645,3,human,3.0,0.6209232537271645
815725021,ConstanceDeidre,female,1.0,0,1.0,0.46875,non-human,0.38461538461538464,non-human,0.0664134313742636,non-human,0.5999447977875203,human,0.37993090344429215,1,non-human,3.0,0.6200690965557079
815723845,User1stDotCom,brand,1.0,0,0.0,0.6842105263157895,human,0.8461538461538461,human,0.4218541003886542,non-human,0.5191475006594635,human,0.6178414933794383,3,human,3.0,0.6178414933794383
815731956,JessRobs1,brand,0.6638,0,0.0,0.3877551020408163,non-human,0.5384615384615384,human,0.9999281365109739,human,0.5451156733024429,human,0.6178151125789428,3,human,3.0,0.6178151125789428
815735855,terselubungblog,brand,0.3541,0,0.0,0.7794117647058824,human,0.6153846153846154,human,0.7407121030746491,human,0.33539851348010796,non-human,0.6177267491613136,3,human,3.0,0.6177267491613136
815726234,Randy_sV12,brand,0.6566,0,0.0,0.7794117647058824,human,0.8461538461538461,human,0.10385642203948238,non-human,0.7408141900423586,human,0.6175590557353924,3,human,3.0,0.6175590557353924
815731080,SPJFla,brand,1.0,0,0.0,0.6497584541062802,human,0.15384615384615385,non-human,0.9705382603246694,human,0.6951505375002731,human,0.6173233514443441,3,human,3.0,0.6173233514443441
815735198,adreannel,female,0.6739,0,1.0,0.40425531914893614,non-human,0.46153846153846156,non-human,0.031042391399949482,non-human,0.6344062808544069,human,0.3828106132354385,1,non-human,3.0,0.6171893867645615
815728843,McDonalds,brand,1.0,0,0.0,0.9036827195467422,human,0.6923076923076923,human,0.1548275797241019,non-human,0.7172452585044549,human,0.6170158125207479,3,human,3.0,0.6170158125207479
815736333,PyrexShards,female,0.3613,0,1.0,0.6497584541062802,human,0.46153846153846156,non-human,0.04295970139602056,non-human,0.3819070906140706,non-human,0.38404092691370817,1,non-human,3.0,0.6159590730862918
815728800,Peacestrike,brand,0.6772,0,0.0,0.40425531914893614,non-human,0.7692307692307693,human,0.7624270064027516,human,0.527316930032696,human,0.6158075062037882,3,human,3.0,0.6158075062037882
815730701,exposingpzj67,brand,0.6752,0,0.0,0.7943262411347518,human,0.7692307692307693,human,0.0279391177069754,non-human,0.8715828989151986,human,0.6157697567469238,3,human,3.0,0.6157697567469238
815730197,bungahitam24,brand,0.6696,0,0.0,1.0,human,0.8461538461538461,human,1.9450556005284263e-09,non-human,0.6154027811191937,human,0.6153891573045239,3,human,3.0,0.6153891573045239
815734593,IndigoPinkTees,brand,0.6619,0,0.0,0.13636363636363635,non-human,0.6153846153846154,human,0.9999999999998188,human,0.7094093357655112,human,0.6152893968783955,3,human,3.0,0.6152893968783955
815727983,black2_Bot,brand,0.3353,0,0.0,0.9347826086956522,human,0.6153846153846154,human,0.11230848641605282,non-human,0.7971009023856392,human,0.6148941532204899,3,human,3.0,0.6148941532204899
815728982,Trickmetolife,female,1.0,0,1.0,0.25675675675675674,non-human,0.3076923076923077,non-human,0.679029266465535,human,0.299020972877736,non-human,0.38562482594808384,1,non-human,3.0,0.6143751740519161
815725486,c0l5hy69,brand,0.6678,0,0.0,0.6842105263157895,human,0.8461538461538461,human,0.06090328936963224,non-human,0.8635259623069363,human,0.613698406036551,3,human,3.0,0.613698406036551
815736912,thedollsdanceco,brand,1.0,0,0.0,1.0,human,0.7692307692307693,human,0.019145955262926666,non-human,0.6649675357562548,human,0.6133360650624877,3,human,3.0,0.6133360650624877
815725630,JaymOnI_Swaggz,male,0.6471,1,1.0,0.6497584541062802,human,0.46153846153846156,non-human,0.054928215648302886,non-human,0.38228599818414133,non-human,0.38712778236929646,1,non-human,3.0,0.6128722176307035
815723196,nomadartdesign,brand,1.0,0,0.0,0.46875,non-human,0.7692307692307693,human,0.5687587806170203,human,0.6405984194460433,human,0.6118344923234582,3,human,3.0,0.6118344923234582
815726976,BCmoney805,brand,0.6561,0,0.0,0.7943262411347518,human,0.7692307692307693,human,0.0018669651736163099,non-human,0.8802092852107906,human,0.6114083151874821,3,human,3.0,0.6114083151874821
815719687,GreekCimPromo,brand,0.6708,0,0.0,0.3754646840148699,non-human,0.5384615384615384,human,0.9475338836523982,human,0.5805830861561277,human,0.6105107980712335,3,human,3.0,0.6105107980712335
815739307,MayankGothi,brand,0.6477,0,0.0,0.7794117647058824,human,0.9230769230769231,human,0.047026744347161115,non-human,0.6910131778199254,human,0.610132152487473,3,human,3.0,0.610132152487473
815736819,lindamo12895437,female,0.6659,0,1.0,0.9285714285714286,human,0.3076923076923077,non-human,1.47250258884684e-72,non-human,0.3267915947365984,non-human,0.3907638327500837,1,non-human,3.0,0.6092361672499162
815737847,ArleneBynonShow,female,0.6684,0,1.0,0.6497584541062802,human,0.23076923076923078,non-human,0.34714360428436414,non-human,0.3362195615916351,non-human,0.39097271268787753,1,non-human,3.0,0.6090272873121225
815731034,randlight,female,0.6742,0,1.0,0.41836734693877553,non-human,0.6923076923076923,human,0.07457947325401625,non-human,0.38007626177772774,non-human,0.39133269356955297,1,non-human,3.0,0.6086673064304471
815722734,Meganova_Gv,brand,1.0,0,0.0,0.7794117647058824,human,0.6153846153846154,human,0.4213152563197116,non-human,0.6155404135766219,human,0.6079130124967078,3,human,3.0,0.6079130124967078
815729051,LukeMtwetwe,male,0.6617,0,1.0,0.40425531914893614,non-human,0.5384615384615384,human,0.14608127327142112,non-human,0.48158625513925674,non-human,0.3925960965052881,1,non-human,3.0,0.6074039034947118
815723137,survive2thrive1,brand,0.6692,0,0.0,0.9463087248322147,human,0.5384615384615384,human,0.07860491238430158,non-human,0.8657139423560536,human,0.607272279508527,3,human,3.0,0.607272279508527
815736959,KimiMarinYoga,female,1.0,0,1.0,0.6497584541062802,human,0.46153846153846156,non-human,0.06485765386676892,non-human,0.39647398683824486,non-human,0.3931571390874389,1,non-human,3.0,0.6068428609125611
815737530,topinsan,male,1.0,0,1.0,0.40425531914893614,non-human,0.5384615384615384,human,0.20827264523183958,non-human,0.4228854069569654,non-human,0.39346872744981987,1,non-human,3.0,0.6065312725501801
815731823,mamisoawesome,brand,0.3507,0,0.0,0.13636363636363635,non-human,1.0,human,0.7020914640548527,human,0.5874797661151775,human,0.6064837166334166,3,human,3.0,0.6064837166334166
815726180,JROlsonEnt,male,0.6702,0,1.0,0.40425531914893614,non-human,0.23076923076923078,non-human,0.5867113348853683,human,0.35236083080396335,non-human,0.39352417890187463,1,non-human,3.0,0.6064758210981254
815736972,TheLatsbrah,brand,0.6455,0,0.0,0.7794117647058824,human,0.3076923076923077,non-human,0.7402004115970561,human,0.5934341057693241,human,0.6051846474411426,3,human,3.0,0.6051846474411426
815728653,AviksitCodling,male,0.6653,0,1.0,0.25675675675675674,non-human,0.46153846153846156,non-human,0.5275550940717101,human,0.3345213718076824,non-human,0.3950929210436527,1,non-human,3.0,0.6049070789563473
815737500,shirleyideas,female,1.0,0,1.0,1.0,human,0.23076923076923078,non-human,0.02729570719688667,non-human,0.3227174559096145,non-human,0.395195598468933,1,non-human,3.0,0.604804401531067
815727216,oceanbcake,male,1.0,0,1.0,0.6666666666666666,human,0.38461538461538464,non-human,0.15166103561943917,non-human,0.378600826806698,non-human,0.39538597842704715,1,non-human,3.0,0.6046140215729529
815719233,RobinMeske,male,1.0,0,1.0,0.7794117647058824,human,0.23076923076923078,non-human,0.18397328431687257,non-human,0.38867808304934154,non-human,0.3957080907103318,1,non-human,3.0,0.6042919092896681
815736304,ThePopeQuotes,brand,0.6664,0,0.0,0.7943262411347518,human,0.7692307692307693,human,0.11953744784646937,non-human,0.7322056247297695,human,0.6038250207354401,3,human,3.0,0.6038250207354401
815734314,MikiTaylorr,female,1.0,0,1.0,0.40425531914893614,non-human,0.6153846153846154,human,0.25889871546661425,non-human,0.3095801220373721,non-human,0.3970296930093845,1,non-human,3.0,0.6029703069906155
815731680,UrbanPirate221,brand,0.662,0,0.0,0.7794117647058824,human,0.6923076923076923,human,0.13008655212722764,non-human,0.8040533568381759,human,0.6014648414947446,3,human,3.0,0.6014648414947446
815731776,hudson_thebeard,brand,0.668,0,0.0,0.7794117647058824,human,0.38461538461538464,non-human,0.5202651400168697,human,0.7181814702114971,human,0.6006184398874085,3,human,3.0,0.6006184398874085
815733153,BuddsHamPG,brand,1.0,0,0.0,0.7794117647058824,human,0.7692307692307693,human,0.04580235609557078,non-human,0.7995661301853005,human,0.5985027550543807,3,human,3.0,0.5985027550543807
815725980,7digital_UK,brand,0.6666,0,0.0,0.1111111111111111,non-human,0.6923076923076923,human,0.9999999999995879,human,0.5902727490940457,human,0.5984228881281093,3,human,3.0,0.5984228881281093
815737306,Semper_Fi_79,brand,0.6637,0,0.0,0.7943262411347518,human,0.6923076923076923,human,0.0014236744512579208,non-human,0.9023667124527328,human,0.5976060800866088,3,human,3.0,0.5976060800866088
815728294,law_attraction2,brand,0.6805,0,0.0,0.6341463414634146,human,0.46153846153846156,non-human,0.716240225426016,human,0.5780914650676456,human,0.5975041233738845,3,human,3.0,0.5975041233738845
815738376,Sharalee_Field,brand,0.6593,0,0.0,0.7794117647058824,human,0.8461538461538461,human,3.340413324121293e-23,non-human,0.7587844711189435,human,0.5960875204946681,3,human,3.0,0.5960875204946681
815726998,FA,brand,1.0,0,0.0,0.803030303030303,human,0.6153846153846154,human,0.28401567285289814,non-human,0.6799084007728792,human,0.5955847480101739,3,human,3.0,0.5955847480101739
815722655,BNN_Television,brand,1.0,0,0.0,0.6497584541062802,human,0.6153846153846154,human,0.7165060879041052,human,0.4003294260787269,non-human,0.5954946458684319,3,human,3.0,0.5954946458684319
815732396,IndyChamberOrch,brand,1.0,0,0.0,0.803030303030303,human,0.6153846153846154,human,0.3393808842988086,non-human,0.621308430993781,human,0.594776058426877,3,human,3.0,0.594776058426877
815737836,ImTeraPatrick,female,0.6735,0,1.0,1.0,human,0.46153846153846156,non-human,0.0005055389872118642,non-human,0.16057011253367132,non-human,0.40565352826483625,1,non-human,3.0,0.5943464717351638
815723714,1WEST_ISUPK,brand,0.6539,0,0.0,1.0,human,0.6923076923076923,human,0.005740434599165599,non-human,0.677088044163367,human,0.5937840427675563,3,human,3.0,0.5937840427675563
815735435,7figureadvisor,brand,0.649,0,0.0,0.9463087248322147,human,0.7692307692307693,human,0.013059860117872638,non-human,0.6375108595772985,human,0.5915275534395388,3,human,3.0,0.5915275534395388
815729913,stonerjesus420,brand,1.0,0,0.0,0.7794117647058824,human,0.6923076923076923,human,0.09264154930044645,non-human,0.8013074296573778,human,0.5914171089928497,3,human,3.0,0.5914171089928497
815730804,ASOS_HeretoHelp,brand,1.0,0,0.0,0.9708994708994709,human,0.6153846153846154,human,0.015953757935745112,non-human,0.754922816422671,human,0.5892901651606256,3,human,3.0,0.5892901651606256
815720548,ConnectAU1,brand,0.6527,0,0.0,0.6341463414634146,human,0.38461538461538464,non-human,0.66260182704772,human,0.6730421519224477,human,0.5886014262622418,3,human,3.0,0.5886014262622418
815721021,funkynessa,brand,0.6739,0,0.0,0.9708994708994709,human,0.5384615384615384,human,0.050124696869856426,non-human,0.7938768638208029,human,0.5883406425129172,3,human,3.0,0.5883406425129172
815726261,mypageboy,brand,0.6932,0,0.0,0.9054054054054054,human,0.6153846153846154,human,0.13346892162246785,non-human,0.6989842542710784,human,0.5883107991708917,3,human,3.0,0.5883107991708917
815723034,EhMuai,brand,0.6743,0,0.0,1.0,human,0.6153846153846154,human,0.0001691664874020293,non-human,0.7353401988998782,human,0.587723495192974,3,human,3.0,0.587723495192974
815725173,powderballcp,brand,1.0,0,0.0,0.5384615384615384,human,0.7692307692307693,human,0.22610179683217413,non-human,0.8157238967481188,human,0.5873795003181501,3,human,3.0,0.5873795003181501
815733635,55002koyli,brand,1.0,0,0.0,0.6341463414634146,human,0.8461538461538461,human,0.0005467321674502989,non-human,0.8686266682193304,human,0.5873683970010104,3,human,3.0,0.5873683970010104
815726981,Djphilgood2,brand,0.6589,0,0.0,0.6842105263157895,human,0.5384615384615384,human,0.4268735501297482,non-human,0.6972226425226676,human,0.5866920643574359,3,human,3.0,0.5866920643574359
815737653,ILove_Handbags,brand,0.684,0,0.0,0.7638888888888888,human,0.7692307692307693,human,0.10953897517215756,non-human,0.704079836052703,human,0.5866846173361296,3,human,3.0,0.5866846173361296
815730414,seagull1973,female,0.6707,0,1.0,0.9790897908979089,human,0.38461538461538464,non-human,7.640121891130546e-70,non-human,0.2901458206422571,non-human,0.4134627490388877,1,non-human,3.0,0.5865372509611123
815737802,club_musica175,brand,1.0,0,0.0,0.7943262411347518,human,0.7692307692307693,human,0.0036211221029906105,non-human,0.7771425343018968,human,0.5860801666926022,3,human,3.0,0.5860801666926022
815731564,sflnews,brand,1.0,0,0.0,0.7638888888888888,human,1.0,human,0.015242541556022197,non-human,0.5638302865564846,human,0.585740429250349,3,human,3.0,0.585740429250349
815738539,Krystaljoycebee,brand,0.6591,0,0.0,0.9054054054054054,human,0.6153846153846154,human,0.011508661166862626,non-human,0.8079743172962255,human,0.5850682498132772,3,human,3.0,0.5850682498132772
815724438,ThatJoshGuy05,brand,1.0,0,0.0,0.7794117647058824,human,0.9230769230769231,human,8.0707072642065e-06,non-human,0.6376431409389605,human,0.5850349748572576,3,human,3.0,0.5850349748572576
815730172,patzaby,male,1.0,0,1.0,0.25675675675675674,non-human,0.46153846153846156,non-human,0.3761745750668646,non-human,0.5685470593924459,human,0.41575421318863215,1,non-human,3.0,0.5842457868113679
815725932,minnieminzyminx,female,1.0,0,1.0,0.3754646840148699,non-human,0.46153846153846156,non-human,0.26153550030047606,non-human,0.5647607253130773,human,0.4158248427917212,1,non-human,3.0,0.5841751572082787
815721342,DoodleCraftie,female,0.6678,0,1.0,0.23529411764705882,non-human,0.6153846153846154,human,0.3609696623312666,non-human,0.4543044620278326,non-human,0.41648821434769334,1,non-human,3.0,0.5835117856523067
815735820,BOiisluiyi,male,1.0,0,1.0,0.7794117647058824,human,0.3076923076923077,non-human,0.2381139238473683,non-human,0.34112880630307185,non-human,0.4165867006371575,1,non-human,3.0,0.5834132993628425
815731490,RoyallyTips,brand,0.3412,0,0.0,0.7943262411347518,human,0.6923076923076923,human,0.07468629018489362,non-human,0.7706503547564995,human,0.5829926445959593,3,human,3.0,0.5829926445959593
815727071,GROWNkIDSX,brand,1.0,0,0.0,0.6385542168674698,human,0.8461538461538461,human,0.3320366410147107,non-human,0.5144938677325938,human,0.5828096429421551,3,human,3.0,0.5828096429421551
815733516,MICKYRALLENS,male,1.0,0,1.0,0.6497584541062802,human,0.46153846153846156,non-human,0.105442779527454,non-human,0.45522504076375714,non-human,0.41799118398398816,1,non-human,3.0,0.5820088160160118
815735891,kalpeshh1,brand,0.3435,0,0.0,0.6842105263157895,human,0.5384615384615384,human,0.3887879862535844,non-human,0.7135289591365664,human,0.5812472525418697,3,human,3.0,0.5812472525418697
815723794,aditya_wings,brand,0.6623,0,0.0,0.5888888888888889,human,0.46153846153846156,non-human,0.661652933471211,human,0.6125306897579986,human,0.58115274341414,3,human,3.0,0.58115274341414
815726370,bluesatin,brand,1.0,0,0.0,0.5384615384615384,human,0.8461538461538461,human,0.1372412128614436,non-human,0.8011725768909684,human,0.5807572935919492,3,human,3.0,0.5807572935919492
815732507,NXTLVLRadio,brand,0.6643,0,0.0,0.7943262411347518,human,0.7692307692307693,human,3.353736021221374e-06,non-human,0.755660764019077,human,0.5798052820301548,3,human,3.0,0.5798052820301548
815721872,ChernayaBridal,brand,0.6831,0,0.0,0.7794117647058824,human,0.23076923076923078,non-human,0.5391660833186038,human,0.7654862697315501,human,0.5787083371313168,3,human,3.0,0.5787083371313168
815735994,Wins2011,brand,1.0,0,0.0,0.6341463414634146,human,0.6923076923076923,human,0.10232656890117724,non-human,0.8837119937776092,human,0.5781231491124733,3,human,3.0,0.5781231491124733
815726102,AAAOregonIdaho,brand,1.0,0,0.0,0.41836734693877553,non-human,0.6153846153846154,human,0.6838283952593003,human,0.5946958639423371,human,0.5780690553812571,3,human,3.0,0.5780690553812571
815736813,jessie_elton,female,0.6714,0,1.0,0.46875,non-human,0.46153846153846156,non-human,1.7121575178569677e-05,non-human,0.7609461343272064,human,0.42281292936021164,1,non-human,3.0,0.5771870706397884
815719505,Circa33,brand,0.6674,0,0.0,0.6341463414634146,human,0.7692307692307693,human,0.16754038206834418,non-human,0.7333007990224282,human,0.5760545729462391,3,human,3.0,0.5760545729462391
815734765,Fantasy_Wired,brand,1.0,0,0.0,0.3754646840148699,non-human,0.6923076923076923,human,0.7243776370472931,human,0.5104305115805327,human,0.575645131237597,3,human,3.0,0.575645131237597
815719764,allaboutdigifun,brand,0.647,0,0.0,0.25675675675675674,non-human,0.8461538461538461,human,0.5256444936233702,human,0.6720477056467571,human,0.5751507005451826,3,human,3.0,0.5751507005451826
815726169,pj6969pj,brand,0.668,0,0.0,1.0,human,0.6153846153846154,human,3.7204266712743817e-09,non-human,0.6844425163835999,human,0.5749567838721605,3,human,3.0,0.5749567838721605
815729391,shearerphotovid,male,0.635,0,1.0,0.7794117647058824,human,0.46153846153846156,non-human,4.5382945424805e-21,non-human,0.4733340869535502,non-human,0.42857107829947355,1,non-human,3.0,0.5714289217005264
815728062,GregBailey13,male,1.0,0,1.0,0.4931506849315068,non-human,0.46153846153846156,non-human,0.2437328988059644,non-human,0.517324716671094,human,0.42893669048675676,1,non-human,3.0,0.5710633095132432
815723243,MNetKatie,female,1.0,0,1.0,0.3877551020408163,non-human,0.6923076923076923,human,0.18665132395483616,non-human,0.44959455756541417,non-human,0.4290771689671897,1,non-human,3.0,0.5709228310328103
815738379,SearchQuotes,brand,1.0,0,0.0,0.8328912466843501,human,0.6923076923076923,human,0.07069741880371644,non-human,0.6837505983765345,human,0.5699117390430734,3,human,3.0,0.5699117390430734
815726083,stationerylovr,brand,1.0,0,0.0,0.25675675675675674,non-human,0.6923076923076923,human,0.672099397925653,human,0.6425871397183387,human,0.5659377466771103,3,human,3.0,0.5659377466771103
815722327,hulk4477,brand,0.668,0,0.0,0.7794117647058824,human,0.6153846153846154,human,0.04434137864495337,non-human,0.8178251340034721,human,0.5642407231847308,3,human,3.0,0.5642407231847308
815727967,psalmist90,male,1.0,0,1.0,0.41836734693877553,non-human,0.38461538461538464,non-human,0.6115759297007045,human,0.3298473019879209,non-human,0.4361014908106964,1,non-human,3.0,0.5638985091893036
815724657,snobbishlyfe,brand,0.6665,0,0.0,0.7794117647058824,human,0.9230769230769231,human,0.0032332977047978334,non-human,0.547286594507579,human,0.5632521449987956,3,human,3.0,0.5632521449987956
815725001,AmericanIndian8,brand,0.6669,0,0.0,1.0,human,0.5384615384615384,human,0.0901519611348286,non-human,0.6214324970251517,human,0.5625114991553797,3,human,3.0,0.5625114991553797
815734479,BusySqrrlPress,brand,0.6628,0,0.0,0.9036827195467422,human,0.6923076923076923,human,0.04426232531834061,non-human,0.609030106828861,human,0.562320711000409,3,human,3.0,0.562320711000409
815732150,JuilliardSchool,brand,0.6739,0,0.0,0.896551724137931,human,0.6923076923076923,human,0.004513654242356658,non-human,0.6530318228237113,human,0.5616012233779228,3,human,3.0,0.5616012233779228
815733231,raidboss_ebooks,brand,1.0,0,0.0,0.7555555555555555,human,0.6923076923076923,human,0.1435966815275168,non-human,0.6548371610481984,human,0.5615742726097408,3,human,3.0,0.5615742726097408
815727682,juhasaarinen,brand,0.665,0,0.0,0.6497584541062802,human,0.6153846153846154,human,0.06301450025200543,non-human,0.9164019925198088,human,0.5611398905656775,3,human,3.0,0.5611398905656775
815722195,rodrigo,male,0.6551,0,1.0,0.3333333333333333,non-human,0.6923076923076923,human,0.26238445349051703,non-human,0.4737522553110235,non-human,0.44044443361064156,1,non-human,3.0,0.5595555663893584
815726614,perfectmanbot,brand,0.6853,0,0.0,0.9054054054054054,human,0.6153846153846154,human,0.14146800540631263,non-human,0.5756509524414983,human,0.5594772446594579,3,human,3.0,0.5594772446594579
815725429,GlobalGrind,brand,0.6582,0,0.0,0.0,non-human,0.6153846153846154,human,0.9005803762816619,human,0.71252134028389,human,0.5571215829875419,3,human,3.0,0.5571215829875419
815721386,RendonMLB,brand,0.6773,0,0.0,0.40425531914893614,non-human,0.6153846153846154,human,0.6688680412130571,human,0.5395871858656329,human,0.5570237904030604,3,human,3.0,0.5570237904030604
815734808,liz_TDA,brand,0.6344,0,0.0,0.7943262411347518,human,0.5384615384615384,human,0.03536505127163184,non-human,0.8594097599603054,human,0.556890647707057,3,human,3.0,0.556890647707057
815739138,hopiaaako,brand,0.3461,0,0.0,0.9054054054054054,human,0.6153846153846154,human,0.001678251041667608,non-human,0.7041863828927994,human,0.556663663681122,3,human,3.0,0.556663663681122
815737182,dominos,brand,1.0,0,0.0,0.9285714285714286,human,0.6923076923076923,human,1.0319625513928317e-19,non-human,0.6027765791743309,human,0.5559139250133629,3,human,3.0,0.5559139250133629
815722543,RMVonTwit,brand,0.6529,0,0.0,0.8734177215189873,human,0.6923076923076923,human,0.012373369716011433,non-human,0.6358234058087051,human,0.553480547337849,3,human,3.0,0.553480547337849
815727611,SLUFieldHockey,brand,1.0,0,0.0,0.5888888888888889,human,0.6153846153846154,human,0.2989452432893053,non-human,0.7089232127844853,human,0.5530354900868237,3,human,3.0,0.5530354900868237
815734964,CelticAngloPres,brand,1.0,0,0.0,0.896551724137931,human,0.6923076923076923,human,2.5454730380427427e-07,non-human,0.60985767022996,human,0.5496793353057218,3,human,3.0,0.5496793353057218
815726968,WDCGardener,brand,0.6553,0,0.0,0.6756756756756757,human,0.5384615384615384,human,0.4562394773003787,non-human,0.5281129694568119,human,0.5496224152236012,3,human,3.0,0.5496224152236012
815725985,evepaludan,female,0.6547,0,1.0,0.896551724137931,human,0.46153846153846156,non-human,0.0011809116841880495,non-human,0.4440319904680411,non-human,0.45082577195715545,1,non-human,3.0,0.5491742280428445
815719376,AceValour,brand,0.654,0,0.0,0.9036827195467422,human,0.6923076923076923,human,0.015742569777802275,non-human,0.5825623725027942,human,0.5485738385337577,3,human,3.0,0.5485738385337577
815736371,WSNVioletVision,brand,1.0,0,0.0,0.2857142857142857,non-human,0.6923076923076923,human,0.6932362899598798,human,0.5163570889577019,human,0.5469038392348899,3,human,3.0,0.5469038392348899
815729750,TeamCJ4Ever,brand,0.6685,0,0.0,0.9054054054054054,human,0.6153846153846154,human,0.002567361791828982,non-human,0.6600433839330342,human,0.545850191628721,3,human,3.0,0.545850191628721
815727558,Genevievedvz,female,1.0,0,1.0,0.4931506849315068,non-human,0.5384615384615384,human,0.32047970735569087,non-human,0.4674014591941037,non-human,0.45487334748570996,1,non-human,3.0,0.54512665251429
815723425,JenWilcoxphotog,female,1.0,0,1.0,0.4931506849315068,non-human,0.6923076923076923,human,0.19311474751126095,non-human,0.44531393173805234,non-human,0.4559717641221281,1,non-human,3.0,0.5440282358778719
815738820,sidneygirlie,brand,0.678,0,0.0,0.6739130434782609,human,0.8461538461538461,human,0.001600752068759949,non-human,0.6508972674241504,human,0.5431412272812544,3,human,3.0,0.5431412272812544
815739165,SandraJost8,brand,0.339,0,0.0,0.7638888888888888,human,0.8461538461538461,human,0.0036972544198930674,non-human,0.5485180716017832,human,0.5405645152661028,3,human,3.0,0.5405645152661028
815737819,searchmuse,male,0.6896,0,1.0,0.25675675675675674,non-human,0.46153846153846156,non-human,0.6457467820863912,human,0.4781087387708197,non-human,0.4605376847881073,1,non-human,3.0,0.5394623152118927
815728372,letsallcook,brand,0.6572,0,0.0,0.6497584541062802,human,0.5384615384615384,human,0.3467789233287637,non-human,0.6173445923342922,human,0.5380858770577186,3,human,3.0,0.5380858770577186
815726080,planetgoldilock,brand,1.0,0,0.0,0.5888888888888889,human,0.6153846153846154,human,0.0491113129753093,non-human,0.8894190986593401,human,0.5357009789770385,3,human,3.0,0.5357009789770385
815734657,RanakChaudhuri,male,1.0,0,1.0,0.3754646840148699,non-human,0.6153846153846154,human,0.42405336387882636,non-human,0.44421109868347014,non-human,0.4647784404904455,1,non-human,3.0,0.5352215595095545
815723234,SpookyPotatoe,brand,0.678,0,0.0,0.07142857142857142,non-human,0.8461538461538461,human,0.712091326970089,human,0.5109719264445796,human,0.5351614177492716,3,human,3.0,0.5351614177492716
815735106,bestdude459,brand,0.6705,0,0.0,0.7638888888888888,human,0.6923076923076923,human,0.0012649985847421228,non-human,0.6825216419699923,human,0.5349958054378289,3,human,3.0,0.5349958054378289
815728611,MisterMahad,brand,0.6676,0,0.0,0.7794117647058824,human,0.6923076923076923,human,0.00170362627752247,non-human,0.6576677012372961,human,0.5327726961320983,3,human,3.0,0.5327726961320983
815731376,products_galore,male,1.0,0,1.0,0.40425531914893614,non-human,0.46153846153846156,non-human,0.40835719156422884,non-human,0.6099483285855565,human,0.4710248252092957,1,non-human,3.0,0.5289751747907043
815731735,erintaylordesk,brand,0.3449,0,0.0,0.7943262411347518,human,0.6153846153846154,human,0.11429829366877155,non-human,0.5887251209199698,human,0.5281835677770271,3,human,3.0,0.5281835677770271
815723274,DrTomDePaoli,male,1.0,0,1.0,0.6666666666666666,human,0.38461538461538464,non-human,0.4840163362270284,non-human,0.37340637104808444,non-human,0.47717618963929104,1,non-human,3.0,0.522823810360709
815722802,MLMMOS,brand,0.6674,0,0.0,0.6497584541062802,human,0.38461538461538464,non-human,0.5497032278210282,human,0.5054033883546992,human,0.522370113724348,3,human,3.0,0.522370113724348
815727217,lynx_3053,brand,0.6802,0,0.0,0.6341463414634146,human,0.7692307692307693,human,0.00013410222388736967,non-human,0.6815456655549061,human,0.5212642196182444,3,human,3.0,0.5212642196182444
815732273,TheIntellNews,brand,1.0,0,0.0,0.6497584541062802,human,0.5384615384615384,human,0.6270277093625674,human,0.26220930588432373,non-human,0.5193642519536774,3,human,3.0,0.5193642519536774
815738451,CulalaJhay,brand,0.6642,0,0.0,0.6739130434782609,human,0.6923076923076923,human,0.005594534627985742,non-human,0.7051981000509222,human,0.5192533426162154,3,human,3.0,0.5192533426162154
815725884,telfordkev,male,0.6768,0,1.0,0.4931506849315068,non-human,0.6153846153846154,human,0.3206727884843343,non-human,0.49439870803791885,non-human,0.48090169920959386,1,non-human,3.0,0.5190983007904062
815720497,15MBcn_int,brand,0.6804,0,0.0,0.6497584541062802,human,0.5384615384615384,human,0.24784936419302445,non-human,0.6317581934441511,human,0.5169568875512486,3,human,3.0,0.5169568875512486
815735168,maryguiden,female,1.0,0,1.0,0.3754646840148699,non-human,0.6923076923076923,human,0.4420753642712277,non-human,0.42696612983142973,non-human,0.4842034676063049,1,non-human,3.0,0.515796532393695
815724473,thennb,brand,0.6653,0,0.0,0.7943262411347518,human,0.6153846153846154,human,0.13005034538028665,non-human,0.5066791505732606,human,0.5116100881182286,3,human,3.0,0.5116100881182286
815719296,ShitApolloYells,male,0.6628,0,1.0,0.4931506849315068,non-human,0.6923076923076923,human,0.2791311656652121,non-human,0.4891532399405257,non-human,0.48843569571123424,1,non-human,3.0,0.5115643042887658
815725220,kismetceo,male,0.6787,0,1.0,0.25675675675675674,non-human,0.46153846153846156,non-human,0.8622358018497229,human,0.39498973598634873,non-human,0.4938801890328225,1,non-human,3.0,0.5061198109671775
815727240,grbj,brand,1.0,0,0.0,0.6497584541062802,human,0.7692307692307693,human,0.0046870858217956295,non-human,0.5907305816002624,human,0.5036017226897769,3,human,3.0,0.5036017226897769
815724207,LVPhotos,brand,0.6436,0,0.0,0.25675675675675674,non-human,0.6923076923076923,human,0.5186162278370366,human,0.5462843761064923,human,0.5034912632519944,3,human,3.0,0.5034912632519944
815733469,PlammieFitWear,brand,0.6585,0,0.0,0.6497584541062802,human,0.7692307692307693,human,2.8918294987773788e-21,non-human,0.5933603733702776,human,0.5030873991768318,3,human,3.0,0.5030873991768318
815721140,FTStruwwelpeter,brand,0.6803,0,0.0,0.9285714285714286,human,0.5384615384615384,human,0.026667436166697967,non-human,0.5179839270704929,human,0.5029210825675394,3,human,3.0,0.5029210825675394
815738821,lizquenphysics,brand,0.6647,0,0.0,0.6739130434782609,human,0.6923076923076923,human,0.0009252957634031605,non-human,0.6289705412362978,human,0.49902914319641356,3,human,3.0,0.49902914319641356
815719314,WonderRhythm,brand,0.6629,0,0.0,0.7794117647058824,human,0.5384615384615384,human,0.023083801217115427,non-human,0.6490035886400167,human,0.49749017325613826,3,human,3.0,0.49749017325613826
815727302,ShutterTech,brand,1.0,0,0.0,0.5384615384615384,human,0.6923076923076923,human,0.007864070104717511,non-human,0.7458194747786473,human,0.4961131939131489,3,human,3.0,0.4961131939131489
815738649,lizquenmusic,brand,0.6909,0,0.0,0.6739130434782609,human,0.6923076923076923,human,0.000784445881531069,non-human,0.6149570165768931,human,0.4954905495610944,3,human,3.0,0.4954905495610944
815734656,WJBF,brand,1.0,0,0.0,0.6497584541062802,human,0.5384615384615384,human,0.057397246613266936,non-human,0.7330663048175474,human,0.49467088599965825,3,human,3.0,0.49467088599965825
815733026,MonkeyBGaming,brand,1.0,0,0.0,0.7794117647058824,human,0.6153846153846154,human,0.0062903218249305,non-human,0.5763826707549093,human,0.4943673431675844,3,human,3.0,0.4943673431675844
815738207,NewsOnFire0,brand,1.0,0,0.0,0.6341463414634146,human,0.5384615384615384,human,0.16135619900349715,non-human,0.6378084029391464,human,0.49294312046689914,3,human,3.0,0.49294312046689914
815738535,lizaquenu,brand,0.6591,0,0.0,0.6739130434782609,human,0.6153846153846154,human,0.0013883327513631001,non-human,0.6765270851846881,human,0.49180326919973183,3,human,3.0,0.49180326919973183
815738445,lizquendrafts,brand,0.6636,0,0.0,0.6739130434782609,human,0.6923076923076923,human,0.0006257231215169896,non-human,0.5961777483332737,human,0.490756051810186,3,human,3.0,0.490756051810186
815738852,lizaquenz,brand,0.659,0,0.0,0.6739130434782609,human,0.6153846153846154,human,0.001330830655900278,non-human,0.6715917516971154,human,0.490555060303973,3,human,3.0,0.490555060303973
815738547,lizaquenq,brand,0.6788,0,0.0,0.6739130434782609,human,0.6153846153846154,human,0.0014087691926228335,non-human,0.6703732396783655,human,0.4902699169334661,3,human,3.0,0.4902699169334661
815735370,BadCoryMatthews,male,0.6803,0,1.0,0.3754646840148699,non-human,0.38461538461538464,non-human,0.9112045040823314,human,0.3730743839370348,non-human,0.5110897391624052,1,non-human,3.0,0.4889102608375948
815738541,NiHopeElizabeth,brand,0.3452,0,0.0,0.6739130434782609,human,0.6153846153846154,human,0.001493471640369143,non-human,0.6596620136172797,human,0.48761328603013127,3,human,3.0,0.48761328603013127
815738860,lizaquennn,brand,0.6449,0,0.0,0.6739130434782609,human,0.6153846153846154,human,0.0010387888198594149,non-human,0.6582521411649576,human,0.48714714721192326,3,human,3.0,0.48714714721192326
815728670,CharlesRJackson,male,1.0,0,1.0,0.25675675675675674,non-human,0.46153846153846156,non-human,0.9909674315866083,human,0.34426901795576104,non-human,0.5133829169593969,1,non-human,3.0,0.48661708304060314
815738779,lizaqueno,brand,0.6741,0,0.0,0.6739130434782609,human,0.6153846153846154,human,0.0009636316555947123,non-human,0.6513569573032143,human,0.4854045619554213,3,human,3.0,0.4854045619554213
815738717,lizaqueny,brand,0.6671,0,0.0,0.6739130434782609,human,0.6153846153846154,human,0.001062858292439588,non-human,0.6510431975529091,human,0.4853509286770562,3,human,3.0,0.4853509286770562
815738474,lizquenmath,brand,1.0,0,0.0,0.6739130434782609,human,0.6153846153846154,human,0.0011680982784122672,non-human,0.6496722282292388,human,0.48503449634263185,3,human,3.0,0.48503449634263185
815731831,Sydx_O,male,0.6667,0,1.0,0.13636363636363635,non-human,0.46153846153846156,non-human,0.9999999999997193,human,0.46513599529034133,non-human,0.5157595232980396,1,non-human,3.0,0.48424047670196035
815739090,lizaquenw,brand,0.6711,0,0.0,0.6739130434782609,human,0.6153846153846154,human,0.0009837476371445345,non-human,0.6432337577908827,human,0.48337879107272586,3,human,3.0,0.48337879107272586
815738440,lizquensubject,brand,0.6699,0,0.0,0.6739130434782609,human,0.6923076923076923,human,0.00041737267282597636,non-human,0.5646978326715504,human,0.4828339852825824,3,human,3.0,0.4828339852825824
815739128,maki_sekiya,brand,0.659,0,0.0,0.6739130434782609,human,0.6923076923076923,human,0.00037372354735772936,non-human,0.560800493285234,human,0.48184873815463625,3,human,3.0,0.48184873815463625
815738614,LizQuenUno,brand,0.3307,0,0.0,0.6739130434782609,human,0.6923076923076923,human,0.00035367154510449904,non-human,0.5594646104549834,human,0.4815097544465103,3,human,3.0,0.4815097544465103
815720360,HopeeQuen2,brand,1.0,0,0.0,0.6739130434782609,human,0.6153846153846154,human,0.0009950006755937875,non-human,0.630286511822613,human,0.4801447928402708,3,human,3.0,0.4801447928402708
815737141,ADIM_Sephiroth,brand,0.6611,0,0.0,0.6497584541062802,human,0.6923076923076923,human,0.030231374218716852,non-human,0.547440333032575,human,0.47993446341631607,3,human,3.0,0.47993446341631607
815720633,2ndOpinionPro,brand,1.0,0,0.0,0.6497584541062802,human,0.6923076923076923,human,0.005131863072790155,non-human,0.5638462988218342,human,0.4777610770771492,3,human,3.0,0.4777610770771492
815738477,lizquenhousing,brand,1.0,0,0.0,0.6739130434782609,human,0.6153846153846154,human,0.0006798068399344073,non-human,0.6076896224782335,human,0.47441677204526106,3,human,3.0,0.47441677204526106
815738716,miniONIONS8,brand,0.6741,0,0.0,0.6739130434782609,human,0.5384615384615384,human,0.0007394974879632806,non-human,0.6832709625638471,human,0.47409626049790243,3,human,3.0,0.47409626049790243
815739274,tinnedtoms,female,1.0,0,1.0,0.41836734693877553,non-human,0.46153846153846156,non-human,0.7901825504815514,human,0.43559498065162633,non-human,0.5264208349026037,1,non-human,3.0,0.4735791650973963
815738543,miniONIONS5,brand,1.0,0,0.0,0.6739130434782609,human,0.5384615384615384,human,0.0006483437624865648,non-human,0.6722083007034394,human,0.4713078066014313,3,human,3.0,0.4713078066014313
815738433,JustLizQuen1,brand,0.6656,0,0.0,0.6739130434782609,human,0.5384615384615384,human,0.0007183560379454502,non-human,0.6708999664521013,human,0.47099822610746145,3,human,3.0,0.47099822610746145
815723375,flew72,brand,0.6633,0,0.0,0.5306122448979592,human,0.6153846153846154,human,0.04546244304204407,non-human,0.6828283447302083,human,0.46857191201370674,3,human,3.0,0.46857191201370674
815738792,LizQuenPordalab,brand,0.6729,0,0.0,0.6739130434782609,human,0.6153846153846154,human,0.00031015674563604576,non-human,0.5753873956735384,human,0.4662488028205126,3,human,3.0,0.4662488028205126
815734085,sthelenstownfc,brand,1.0,0,0.0,0.6756756756756757,human,0.6153846153846154,human,0.00388903854902112,non-human,0.5574436933115242,human,0.46309825573020913,3,human,3.0,0.46309825573020913
815738446,enriquehell1,brand,0.3422,0,0.0,0.6739130434782609,human,0.5384615384615384,human,0.000466826721241858,non-human,0.6392463877413752,human,0.46302194910060407,3,human,3.0,0.46302194910060407
815731801,MRJJIZZLE,brand,0.677,0,0.0,0.25675675675675674,non-human,0.5384615384615384,human,0.540097736363658,human,0.5159567867124566,human,0.46281820457360245,3,human,3.0,0.46281820457360245
815738777,lizaquenss,brand,0.6769,0,0.0,0.6739130434782609,human,0.5384615384615384,human,0.0008781676166087741,non-human,0.6333160577821842,human,0.4616422018346481,3,human,3.0,0.4616422018346481
815738699,hopefuls1,brand,0.6667,0,0.0,0.6739130434782609,human,0.5384615384615384,human,0.00037499123320940933,non-human,0.6269338937092299,human,0.45992086672055965,3,human,3.0,0.45992086672055965
815736276,RE_DailyMail,brand,0.3354,0,0.0,0.6497584541062802,human,0.6153846153846154,human,0.016000761053306282,non-human,0.5533608164941004,human,0.4586261617595756,3,human,3.0,0.4586261617595756
815724650,FCOCGIRL,female,0.6756,0,1.0,0.9166666666666666,human,0.38461538461538464,non-human,0.4808133718687331,non-human,0.3899234298696992,non-human,0.5430047132551209,1,non-human,3.0,0.4569952867448791
815723400,johnrtworld,male,1.0,0,1.0,0.3754646840148699,non-human,0.8461538461538461,human,0.49066253141728483,non-human,0.46427620006772885,non-human,0.5441393154134324,1,non-human,3.0,0.4558606845865676
815724456,TheDJWire,brand,1.0,0,0.0,0.7638888888888888,human,0.5384615384615384,human,0.008544345898950268,non-human,0.5095121466393884,human,0.45510172997219145,3,human,3.0,0.45510172997219145
815735821,HoustontexasT,brand,1.0,0,0.0,0.7638888888888888,human,0.5384615384615384,human,0.0005941125204246856,non-human,0.5128082018263647,human,0.45393818542430414,3,human,3.0,0.45393818542430414
815720612,LeonardoSkylar,male,0.6459,0,1.0,1.0,human,0.38461538461538464,non-human,0.4213541302979956,non-human,0.38363252314253987,non-human,0.54740050951398,1,non-human,3.0,0.45259949048602
815727981,SkiWoodyVail,male,0.6671,0,1.0,0.40425531914893614,non-human,0.46153846153846156,non-human,0.9948928833755063,human,0.41035528960811696,non-human,0.5677604884177553,1,non-human,3.0,0.4322395115822447
815723263,Amadeusivan,brand,0.6343,0,0.0,0.5384615384615384,human,0.6153846153846154,human,0.019950051052445548,non-human,0.5443971840274215,human,0.4295483472315052,3,human,3.0,0.4295483472315052
815734075,merleweiner,brand,0.6835,0,0.0,0.6497584541062802,human,0.5384615384615384,human,5.201927293619865e-07,non-human,0.5194047897083579,human,0.4269063256172265,3,human,3.0,0.4269063256172265
