_unit_id,name,gender,gender:confidence,label_conflict,is_human,decision_tree_prob_human,decision_tree_prediction,knn_prob_human,knn_prediction,naive_bayes_prob_human,naive_bayes_prediction,mlp_prob_human,mlp_prediction,mean_prob_human,votes_for_human,consensus_prediction,models_disagreeing_with_recorded_label,disagreement_confidence
815720733,louskir,unknown,0.6676,0,,0.9911504424778761,human,1.0,human,0.9999999999997868,human,0.992616221944164,human,0.9959416661054566,4,human,,
815737451,m28246491,unknown,0.6894,0,,0.9790897908979089,human,1.0,human,0.9999999996742659,human,0.9996345821189733,human,0.9946810931727871,4,human,,
815739484,Adele213,unknown,0.345,0,,0.9790897908979089,human,1.0,human,1.0,human,0.9995502034064573,human,0.9946599985760916,4,human,,
815737730,choichanyeoI,unknown,0.6457,0,,0.9790897908979089,human,1.0,human,1.0,human,0.9995473532471739,human,0.9946592860362707,4,human,,
815728593,Ite_chill,unknown,0.6719,0,,0.9790897908979089,human,1.0,human,1.0,human,0.9989307491074982,human,0.9945051350013518,4,human,,
815720624,o0SLAVIK0o1,unknown,0.3442,0,,0.9790897908979089,human,1.0,human,1.0,human,0.9988649089573608,human,0.9944886749638174,4,human,,
815734646,smokinhoodx,unknown,0.3379,0,,0.9790897908979089,human,1.0,human,1.0,human,0.9982508232529413,human,0.9943351535377126,4,human,,
815739401,KerryCherry0380,unknown,0.3412,0,,0.9790897908979089,human,1.0,human,1.0,human,0.9981803974606137,human,0.9943175470896307,4,human,,
815719427,valharryo,unknown,0.6556,0,,0.9790897908979089,human,1.0,human,1.0,human,0.9980457995831883,human,0.9942838976202744,4,human,,
815728070,edam74,unknown,1.0,0,,0.9790897908979089,human,1.0,human,0.9999999999999449,human,0.998036036826611,human,0.9942814569311162,4,human,,
815720598,pootcha2108,unknown,0.3499,0,,0.9790897908979089,human,1.0,human,0.9999999999995168,human,0.9978700497725573,human,0.9942399601674958,4,human,,
815725219,SnejaTheKing,unknown,0.6604,0,,0.9790897908979089,human,1.0,human,0.9999999999999716,human,0.9972598842416347,human,0.9940874187848788,4,human,,
815731928,g4ll4xi,unknown,1.0,0,,0.9790897908979089,human,1.0,human,0.9999043262160753,human,0.9972232671070433,human,0.9940543460552569,4,human,,
815737005,SkullYami,unknown,0.6779,0,,0.9790897908979089,human,1.0,human,0.9998550423929108,human,0.9972586557584882,human,0.9940508722623269,4,human,,
815728713,GOURGElST,unknown,0.6738,0,,0.9790897908979089,human,1.0,human,0.9999999967512352,human,0.996767561794393,human,0.9939643373608843,4,human,,
815739438,judgementduck,unknown,0.6884,0,,0.9790897908979089,human,1.0,human,1.0,human,0.9951662124150319,human,0.9935640008282353,4,human,,
815721031,Hanan_05,unknown,0.6531,0,,0.9790897908979089,human,1.0,human,0.9999999999999822,human,0.9949035781151379,human,0.9934983422532573,4,human,,
815727645,VicClassified,unknown,1.0,0,,0.9790897908979089,human,1.0,human,0.9999999999999947,human,0.9948591154322145,human,0.9934872265825295,4,human,,
815734497,rachaelgriffin6,unknown,0.3425,0,,0.9790897908979089,human,1.0,human,0.9999999999998792,human,0.9945398235533998,human,0.993407403612797,4,human,,
815726520,celsxo,unknown,0.3462,0,,0.9790897908979089,human,1.0,human,1.0,human,0.9945384641408562,human,0.9934070637596913,4,human,,
815734242,Gida152,unknown,0.6669,0,,0.9790897908979089,human,1.0,human,0.9999999999984048,human,0.994474985664731,human,0.9933911941402612,4,human,,
815719928,gureshincrisis,unknown,0.671,0,,0.9790897908979089,human,1.0,human,0.9999999766793624,human,0.9943276689535826,human,0.9933543591327134,4,human,,
815732827,6d6y,unknown,0.6559,0,,0.9790897908979089,human,1.0,human,1.0,human,0.994114918356133,human,0.9933011773135105,4,human,,
815737200,haultiers,unknown,0.6627,0,,0.9790897908979089,human,1.0,human,0.9999999971864462,human,0.9940147998381411,human,0.993276146980624,4,human,,
815735626,thecarterclanEE,unknown,0.3466,0,,0.9790897908979089,human,1.0,human,1.0,human,0.993781821352656,human,0.9932179030626412,4,human,,
815734626,ourswansongs,unknown,0.675,0,,0.9790897908979089,human,1.0,human,0.9986684169147011,human,0.9948377867602632,human,0.9931489986432184,4,human,,
815727311,jill_royson,unknown,0.6677,0,,0.9790897908979089,human,1.0,human,0.999794409566689,human,0.9927028956080141,human,0.992896774018153,4,human,,
815725493,Awennn,unknown,0.3527,0,,0.9790897908979089,human,1.0,human,0.9988327743326411,human,0.9931459554786193,human,0.9927671301772922,4,human,,
815738255,newgroundstier,unknown,1.0,0,,0.9790897908979089,human,1.0,human,0.9998189364193262,human,0.9920114645808428,human,0.9927300479745196,4,human,,
815733544,bebeazizz,unknown,1.0,0,,0.9790897908979089,human,1.0,human,0.9996355357946252,human,0.991217479667873,human,0.9924857015901019,4,human,,
815724740,Rxbun,unknown,0.6615,0,,0.9790897908979089,human,1.0,human,0.9997369031228882,human,0.9909347295556052,human,0.9924403558941006,4,human,,
815728954,saltIess,unknown,0.6648,0,,0.9790897908979089,human,1.0,human,0.99970010279487,human,0.9907808314686988,human,0.9923926812903695,4,human,,
815732275,divaddelgado,unknown,0.6704,0,,0.9790897908979089,human,1.0,human,0.9981130464220904,human,0.9922662807331707,human,0.9923672795132925,4,human,,
815734723,stopth3world,unknown,0.6686,0,,0.9790897908979089,human,1.0,human,0.996772195662969,human,0.9933370499936274,human,0.9922997591386263,4,human,,
815739323,gallvaich,unknown,0.6712,0,,0.9790897908979089,human,1.0,human,0.9999987101160214,human,0.9899472786858236,human,0.9922589449249385,4,human,,
815738892,jaden_kenson,unknown,0.6752,0,,0.9790897908979089,human,1.0,human,1.0,human,0.989848521901566,human,0.9922345781998687,4,human,,
815736257,kristaferanka,unknown,0.6774,0,,0.9790897908979089,human,1.0,human,0.9997924282506967,human,0.9897833527924268,human,0.9921663929852581,4,human,,
815733525,Kiqoseven,unknown,0.6621,0,,0.9790897908979089,human,1.0,human,0.997295242089547,human,0.9921468803083076,human,0.9921329783239409,4,human,,
815737472,Redneck1656,unknown,0.356,0,,0.9708994708994709,human,1.0,human,0.9999999999999574,human,0.9975304943457245,human,0.9921074913112882,4,human,,
815733128,flowrcrownlouis,unknown,0.6572,0,,0.9790897908979089,human,1.0,human,0.9999954010066457,human,0.989333280760635,human,0.9921046181662975,4,human,,
815720923,_Youngnigga13,unknown,0.674,0,,0.9790897908979089,human,1.0,human,0.9999999999994529,human,0.9892985086772627,human,0.9920970748936562,4,human,,
815726470,yeahitsmario,unknown,0.6559,0,,0.9790897908979089,human,1.0,human,0.9999999999999929,human,0.9892316929715007,human,0.9920803709673507,4,human,,
815730460,idkbria,unknown,0.6685,0,,0.9708994708994709,human,1.0,human,0.9999972808846407,human,0.997159962376165,human,0.9920141785400691,4,human,,
815730564,saintjehan,unknown,0.6591,0,,0.9790897908979089,human,1.0,human,0.99999992691055,human,0.9887544067430618,human,0.9919610311378801,4,human,,
815722162,Jmiller0sgo1992,unknown,0.3455,0,,0.9790897908979089,human,1.0,human,0.9999796143950997,human,0.9886554046965677,human,0.9919312024973941,4,human,,
815725188,Hakunamavodka_,unknown,0.3432,0,,0.9790897908979089,human,1.0,human,0.9998123679981221,human,0.9884092391002187,human,0.9918278494990624,4,human,,
815726750,ghost___cat,unknown,1.0,0,,0.9790897908979089,human,1.0,human,0.9992252554053014,human,0.9889447835397582,human,0.9918149574607422,4,human,,
815729479,TEENAGEVlBES,unknown,0.6765,0,,0.9790897908979089,human,1.0,human,0.999999992158731,human,0.9877696731503549,human,0.9917148640517488,4,human,,
815734539,Sam_Talks_Crap,unknown,0.6712,0,,0.9790897908979089,human,1.0,human,0.9999910530845487,human,0.9866759447124711,human,0.9914391971737322,4,human,,
815725394,alsoMike,unknown,0.341,0,,0.9708994708994709,human,1.0,human,0.9999854346105963,human,0.9948218348364916,human,0.9914266850866397,4,human,,
815729526,SIGMAKLlM,unknown,0.6854,0,,0.9790897908979089,human,1.0,human,0.9999989870156277,human,0.9862579702789953,human,0.991336687048133,4,human,,
815735779,Dehzis,unknown,0.6658,0,,0.9790897908979089,human,1.0,human,0.9999999048658675,human,0.9854145089968103,human,0.9911260511901467,4,human,,
815723606,DillyDivine,unknown,0.6512,0,,0.9790897908979089,human,1.0,human,0.9999999999358629,human,0.9854069476232007,human,0.9911241846142431,4,human,,
815722247,Zuasibel,unknown,0.669,0,,0.9790897908979089,human,1.0,human,0.9999999999999893,human,0.985340503248882,human,0.9911075735366951,4,human,,
815719898,Odd_Hack,unknown,0.6561,0,,0.9790897908979089,human,1.0,human,0.9999438259794136,human,0.9850949687069207,human,0.9910321463960609,4,human,,
815729935,tiyalene,unknown,1.0,0,,0.9790897908979089,human,1.0,human,0.9998050496484635,human,0.9851442980594023,human,0.9910097846514436,4,human,,
815723526,angahith,unknown,0.6554,0,,0.9790897908979089,human,1.0,human,0.9993595129583281,human,0.9852744462509476,human,0.9909309375267963,4,human,,
815720683,Baldsaint,unknown,0.3538,0,,0.9790897908979089,human,1.0,human,0.9974907781623586,human,0.9862519267753722,human,0.99070812395891,4,human,,
815723118,bangtanbitch,unknown,0.3509,0,,0.9790897908979089,human,1.0,human,0.9999930939883094,human,0.9832225019740006,human,0.9905763467150548,4,human,,
815736260,Whatsherface72,unknown,0.6541,0,,0.9790897908979089,human,1.0,human,0.9992607608009356,human,0.9833040209435866,human,0.9904136431606079,4,human,,
815735913,kawaiinishi,unknown,0.3601,0,,0.9790897908979089,human,1.0,human,0.9999892315652726,human,0.9824049100973707,human,0.990370983140138,4,human,,
815730054,frightfursheep,unknown,0.6641,0,,0.9790897908979089,human,1.0,human,0.9999834185186762,human,0.9824074167514026,human,0.9903701565419969,4,human,,
815730767,xxforgetmexx,unknown,0.6792,0,,0.9790897908979089,human,1.0,human,0.9999517443911309,human,0.9821455483683527,human,0.9902967709143481,4,human,,
815737738,klimeow,unknown,1.0,0,,0.9790897908979089,human,1.0,human,1.0,human,0.9820962854836907,human,0.9902965190954,4,human,,
815738719,fawnIings,unknown,0.6721,0,,0.9790897908979089,human,1.0,human,0.9999223912031546,human,0.9820422555083183,human,0.9902636094023455,4,human,,
815733129,_MUBEEN_,unknown,0.6821,0,,0.9790897908979089,human,1.0,human,0.9989120930383963,human,0.982867938015565,human,0.9902174554879676,4,human,,
815725597,6tripe,unknown,0.6748,0,,0.9790897908979089,human,1.0,human,0.9997596248953127,human,0.9818626475875342,human,0.9901780158451889,4,human,,
815736812,nxrryquxxn,unknown,0.3349,0,,0.9790897908979089,human,1.0,human,1.0,human,0.9814466705721157,human,0.9901341153675062,4,human,,
815727793,VeryPhanny,unknown,0.334,0,,0.9790897908979089,human,1.0,human,0.9884008559640127,human,0.9920159154335465,human,0.9898766405738672,4,human,,
815735971,calumsmybubble,unknown,0.3524,0,,0.9790897908979089,human,1.0,human,0.9993975650627568,human,0.9809274200420147,human,0.9898536940006701,4,human,,
815730485,rosa_the_red,unknown,0.338,0,,0.9790897908979089,human,1.0,human,1.0,human,0.9801478161738095,human,0.9898094017679296,4,human,,
815732752,monbrielle,unknown,0.6538,0,,0.9708994708994709,human,1.0,human,0.9997923809114574,human,0.9884927705996462,human,0.9897961556026437,4,human,,
815736517,BookwormGhost,unknown,0.6745,0,,0.9790897908979089,human,1.0,human,0.9943156485847231,human,0.9857615355284236,human,0.9897917437527639,4,human,,
815734592,Sejo_DahGr8,unknown,0.685,0,,0.9790897908979089,human,1.0,human,0.9999999999998508,human,0.9793677687191407,human,0.9896143899042251,4,human,,
815719850,dmack_,unknown,0.3412,0,,0.9708994708994709,human,1.0,human,0.9999999999999822,human,0.9870626410710719,human,0.9894905279926312,4,human,,
815729138,Avansies,unknown,0.6757,0,,0.9790897908979089,human,1.0,human,0.999910515928521,human,0.9788017675947323,human,0.9894505186052907,4,human,,
815722412,kiraactus,unknown,0.6638,0,,0.9790897908979089,human,1.0,human,0.9999131229921113,human,0.9784719044065792,human,0.9893687045741499,4,human,,
815725268,lostinmyminds,unknown,0.6787,0,,0.9790897908979089,human,1.0,human,0.9991487156302042,human,0.978733563989231,human,0.9892430176293361,4,human,,
815736604,AKissForAFish,unknown,0.6351,0,,0.9790897908979089,human,1.0,human,0.9998733721287921,human,0.9772561943026791,human,0.9890548393323451,4,human,,
815719753,dangzb,unknown,0.6659,0,,0.9790897908979089,human,1.0,human,0.9999999999997407,human,0.9767091492256962,human,0.9889497350308365,4,human,,
815735042,zionfromyigo,unknown,0.344,0,,0.9790897908979089,human,1.0,human,0.9999999999999858,human,0.9761436943810705,human,0.9888083713197413,4,human,,
815739422,Khxtun,unknown,1.0,0,,0.9790897908979089,human,1.0,human,0.9929429747357235,human,0.9830836657968044,human,0.9887791078576093,4,human,,
815725409,savage_twelvie,unknown,0.6667,0,,0.9790897908979089,human,1.0,human,0.9950370524008729,human,0.9802684030459909,human,0.9885988115861932,4,human,,
815736194,Procyon9Z,unknown,0.6785,0,,0.9790897908979089,human,1.0,human,0.9947935826311312,human,0.9804900885466785,human,0.9885933655189297,4,human,,
815733234,Fallykay,unknown,0.3488,0,,0.9790897908979089,human,1.0,human,0.982840892719308,human,0.9919546000669387,human,0.9884713209210388,4,human,,
815734296,AccioStarKid,unknown,0.6613,0,,0.9790897908979089,human,1.0,human,0.9965247073621452,human,0.9776512582435517,human,0.9883164391259015,4,human,,
815726006,GiveBackMySkull,unknown,0.6485,0,,0.9790897908979089,human,1.0,human,0.9999212787186225,human,0.9715428199724041,human,0.9876384723972339,4,human,,
815720292,cyli,unknown,0.6686,0,,0.9790897908979089,human,1.0,human,0.9935132080369329,human,0.9776062062839592,human,0.9875523013047003,4,human,,
815722288,dirtydanielaxo,unknown,0.3383,0,,0.9790897908979089,human,1.0,human,0.9962683867436318,human,0.9743493786361713,human,0.9874268890694281,4,human,,
815726284,addictofmatt,unknown,0.6794,0,,0.9790897908979089,human,1.0,human,0.9993713322975593,human,0.9711071716348701,human,0.9873920737075846,4,human,,
815728546,louptyloups,unknown,0.6595,0,,0.9790897908979089,human,1.0,human,0.9999622535982998,human,0.9698360998469139,human,0.9872220360857806,4,human,,
815722663,Cobi_Jon,unknown,0.6768,0,,0.9790897908979089,human,1.0,human,0.9835037320182997,human,0.9856098092576643,human,0.9870508330434682,4,human,,
815730343,kimokumo,unknown,0.6515,0,,0.9790897908979089,human,1.0,human,0.9991889186046522,human,0.9697379347704511,human,0.9870041610682531,4,human,,
815737416,irl_mahoushoujo,unknown,1.0,0,,0.9790897908979089,human,1.0,human,0.9999998538608175,human,0.9668263627890189,human,0.9864790018869364,4,human,,
815730727,zquadfather,unknown,0.3355,0,,0.9790897908979089,human,1.0,human,0.9999921740549829,human,0.9637933743818335,human,0.9857188348336813,4,human,,
815739554,astonwest,unknown,0.6615,0,,0.9790897908979089,human,1.0,human,0.9968552144175296,human,0.9648915157903114,human,0.9852091302764375,4,human,,
815724893,_Helst_,unknown,0.3695,0,,0.9708994708994709,human,1.0,human,0.9999999906589032,human,0.9690637325488001,human,0.9849907985267935,4,human,,
815727620,_SVNORITA,unknown,0.3444,0,,0.9790897908979089,human,1.0,human,0.9958541869345947,human,0.9644526013782122,human,0.9848491448026789,4,human,,
815720295,dablecis,unknown,0.3395,0,,0.9790897908979089,human,1.0,human,0.9973581517792717,human,0.961865763360903,human,0.9845784265095209,4,human,,
815728362,babyfrills,unknown,0.3347,0,,0.9790897908979089,human,1.0,human,0.9998518017039493,human,0.9589380725037722,human,0.9844699162764076,4,human,,
815731661,Haruuumoon,unknown,0.6513,0,,0.9790897908979089,human,1.0,human,0.9881407728586472,human,0.9688084376580138,human,0.9840097503536426,4,human,,
815732126,cool_and_iknow,unknown,0.6848,0,,0.9790897908979089,human,1.0,human,0.9949557655711884,human,0.9610679644669003,human,0.9837783802339994,4,human,,
815733755,AudeBordetti,unknown,0.6446,0,,0.9790897908979089,human,1.0,human,0.9916653496499622,human,0.9637778634428501,human,0.9836332509976803,4,human,,
815739214,snurpknuffle,unknown,0.6779,0,,0.9790897908979089,human,1.0,human,0.9971076309672801,human,0.9581876937042924,human,0.9835962788923703,4,human,,
815723394,RahmanNoodle66,unknown,0.3542,0,,0.9708994708994709,human,1.0,human,0.995650237991761,human,0.9670981382219347,human,0.9834119617782917,4,human,,
815736359,Aforextreme,unknown,0.6611,0,,0.9790897908979089,human,1.0,human,0.9961234914232941,human,0.9578600965029631,human,0.9832683447060415,4,human,,
815721570,AmnahThunyan,unknown,1.0,1,,0.9790897908979089,human,1.0,human,0.9999999999993818,human,0.9515128279090455,human,0.9826506547015841,4,human,,
815720485,cyberwolf1655,unknown,0.6653,0,,0.9790897908979089,human,1.0,human,0.9702992938008725,human,0.9811800002881659,human,0.9826422712467369,4,human,,
815738574,dr_funtimes,unknown,1.0,0,,0.9790897908979089,human,1.0,human,0.990043223578193,human,0.9611603903956037,human,0.9825733512179264,4,human,,
815736706,patmonger,unknown,0.6821,0,,0.9790897908979089,human,1.0,human,0.9940989546632844,human,0.9556600678895886,human,0.9822122033626955,4,human,,
815736971,radmadeline,unknown,0.6711,0,,0.9790897908979089,human,1.0,human,0.9933028130749104,human,0.9563102457309648,human,0.982175712425946,4,human,,
815719641,SayAbd,unknown,0.6771,0,,0.9790897908979089,human,1.0,human,0.9938378939548498,human,0.9556915096089365,human,0.9821547986154238,4,human,,
815721685,sandyphysics,unknown,0.6811,0,,0.9790897908979089,human,1.0,human,0.9812795062615968,human,0.9673679511520853,human,0.9819343120778978,4,human,,
815730302,karbdashian,unknown,0.6711,0,,0.9790897908979089,human,1.0,human,0.9915612454262624,human,0.9569566039393109,human,0.9819019100658706,4,human,,
815729820,Aileine,unknown,0.6651,0,,0.9790897908979089,human,1.0,human,0.9996227873722972,human,0.947389669825493,human,0.9815255620239248,4,human,,
815720075,mendesislife2,unknown,0.6777,0,,0.9463087248322147,human,1.0,human,1.0,human,0.9786824479997834,human,0.9812477932079996,4,human,,
815738298,kit69bh,unknown,0.6555,0,,0.9708994708994709,human,1.0,human,0.999234492424532,human,0.9511179274727162,human,0.9803129726991797,4,human,,
815728609,destinyraauhl,unknown,0.3403,0,,0.9790897908979089,human,1.0,human,0.9999998663185199,human,0.9401774502308369,human,0.9798167768618165,4,human,,
815735922,RebaFluff,unknown,0.6793,0,,0.9790897908979089,human,1.0,human,0.9726935399897438,human,0.9669733306229648,human,0.9796891653776545,4,human,,
815722284,tinyjems,unknown,0.6884,0,,0.9790897908979089,human,1.0,human,0.993882956793883,human,0.9448871617419702,human,0.9794649773584405,4,human,,
815733822,suzi187,unknown,0.6817,0,,0.9790897908979089,human,1.0,human,0.963857440471189,human,0.9692692745887466,human,0.9780541264894612,4,human,,
815724725,Zallah__,unknown,1.0,0,,0.9708994708994709,human,1.0,human,0.9999999999998401,human,0.9409985345888161,human,0.9779745013720318,4,human,,
815731832,swissyellow,unknown,0.6643,0,,0.9708994708994709,human,1.0,human,0.9943569975518914,human,0.9462397105960275,human,0.9778740447618475,4,human,,
815729461,frickfracklvke,unknown,0.6578,0,,0.9081967213114754,human,1.0,human,1.0,human,0.9994456153020298,human,0.9769105841533764,4,human,,
815734811,_suggcupcake_,unknown,0.3521,0,,0.9790897908979089,human,1.0,human,0.9994177184319197,human,0.9284771300113894,human,0.9767461598353044,4,human,,
815725375,jamiet_afc,unknown,0.3537,0,,0.9790897908979089,human,1.0,human,0.9355606520380655,human,0.9900597843557057,human,0.9761775568229201,4,human,,
815727223,kirstyhall01,unknown,0.3456,0,,0.9081967213114754,human,1.0,human,1.0,human,0.9963522428803113,human,0.9761372410479467,4,human,,
815734125,xelmahdi,unknown,1.0,0,,0.9790897908979089,human,1.0,human,0.9997996006436355,human,0.9234979669946856,human,0.9755968396340575,4,human,,
815730317,NephilimGlee30,unknown,0.34,0,,0.9790897908979089,human,0.9230769230769231,human,1.0,human,0.9997854766566202,human,0.975488047657863,4,human,,
815723764,Grimreaper8814,unknown,0.6645,0,,0.9790897908979089,human,0.9230769230769231,human,1.0,human,0.9985431019145665,human,0.9751774539723497,4,human,,
815733020,Timelord30021,unknown,0.6773,0,,0.9081967213114754,human,1.0,human,0.9954685386692534,human,0.9968882259524962,human,0.9751383714833062,4,human,,
815729460,XxClayHall115xX,unknown,0.3434,0,,0.9790897908979089,human,0.9230769230769231,human,0.9999999999999964,human,0.9975541781633238,human,0.974930223034538,4,human,,
815719559,_skybee,unknown,0.6642,0,,0.9790897908979089,human,0.9230769230769231,human,0.999816481914893,human,0.9963130274517495,human,0.9745740558353686,4,human,,
815727700,9tjones9,unknown,0.6677,0,,0.9790897908979089,human,1.0,human,0.9279500027672994,human,0.9907780043229363,human,0.9744544494970362,4,human,,
815736917,Edmo_and_Jacko,unknown,0.6838,0,,0.9054054054054054,human,1.0,human,1.0,human,0.9916482249360904,human,0.9742634075853739,4,human,,
815731760,BornToChill,unknown,0.6496,0,,0.9790897908979089,human,0.9230769230769231,human,0.9978826483512482,human,0.9968544505709657,human,0.9742259532242615,4,human,,
815735830,grandejuicy,unknown,0.3556,0,,0.9790897908979089,human,0.9230769230769231,human,0.9999584388925243,human,0.9945909112490492,human,0.9741790160291014,4,human,,
815728505,BriAckland,unknown,0.6645,0,,0.9285714285714286,human,1.0,human,0.9999999999999858,human,0.9672634823619074,human,0.9739587277333305,4,human,,
815736610,declan_forster,unknown,0.6474,0,,0.9790897908979089,human,1.0,human,0.9621202512715217,human,0.954047855495992,human,0.9738144744163556,4,human,,
815731283,Prima_Materia_,unknown,0.6682,0,,0.9708994708994709,human,1.0,human,0.9961487738036389,human,0.9279465319253577,human,0.973748694157117,4,human,,
815736218,Fellbrew,unknown,0.3374,0,,0.9054054054054054,human,1.0,human,0.9999999999999005,human,0.9888938604590767,human,0.9735748164660956,4,human,,
815721506,RandomNobody86,unknown,0.6776,0,,0.9790897908979089,human,0.9230769230769231,human,0.9999873331084858,human,0.9921319310284084,human,0.9735714945279315,4,human,,
815720341,kimberlyvelasc7,unknown,0.3429,0,,0.9036827195467422,human,1.0,human,1.0,human,0.9902886436652059,human,0.973492840802987,4,human,,
815719449,aozora_always,unknown,1.0,0,,0.9036827195467422,human,1.0,human,0.9999983140030297,human,0.9892076178837941,human,0.9732221628583915,4,human,,
815732311,maiagillian,unknown,0.6735,0,,0.9790897908979089,human,0.9230769230769231,human,0.9999873752490754,human,0.9895539731096079,human,0.9729270155833788,4,human,,
815719616,declanmurney,unknown,0.3517,0,,0.9790897908979089,human,0.9230769230769231,human,1.0,human,0.989218447126564,human,0.972846290275349,4,human,,
815722304,pineapplecakes,unknown,0.6497,0,,0.9790897908979089,human,0.9230769230769231,human,0.9999037040789072,human,0.9892165698403851,human,0.9728217469735311,4,human,,
815727550,gruntmaster6000,unknown,0.6578,0,,1.0,human,0.9230769230769231,human,0.9998464595277683,human,0.9675357944472943,human,0.9726147942629965,4,human,,
815738229,dannyyonce,unknown,0.6707,0,,0.9790897908979089,human,0.9230769230769231,human,0.9999999999999929,human,0.9869885825766486,human,0.9722888241378683,4,human,,
815736505,hirokiyuus,unknown,0.6894,0,,0.9790897908979089,human,0.9230769230769231,human,0.9998949235567016,human,0.9864637558607685,human,0.9721313483480756,4,human,,
815727269,Original310h,unknown,0.3493,0,,0.9790897908979089,human,0.9230769230769231,human,0.9999969918770812,human,0.9861115718396519,human,0.9720688194228913,4,human,,
815735460,LilAquaticBat,unknown,0.3436,0,,0.9036827195467422,human,1.0,human,0.9999334374574405,human,0.9841909422749647,human,0.9719517748197868,4,human,,
815720440,xTordX,unknown,0.3459,0,,0.9081967213114754,human,1.0,human,0.9999071804858987,human,0.9791817002353611,human,0.9718214005081838,4,human,,
815724506,WWEJPDiamond,unknown,0.3433,0,,0.9081967213114754,human,1.0,human,0.9999803364741683,human,0.978882264798923,human,0.9717648306461417,4,human,,
815737221,Leeshie_PoP,unknown,0.6641,0,,0.9790897908979089,human,0.9230769230769231,human,0.9965504206135578,human,0.9875812267132421,human,0.9715745903254079,4,human,,
815739479,venator14,unknown,0.677,0,,0.9790897908979089,human,0.9230769230769231,human,0.9992875659362188,human,0.9848230715846943,human,0.9715693378739363,4,human,,
815731720,cloverbot9000,unknown,1.0,0,,0.9790897908979089,human,1.0,human,0.9212308471180279,human,0.9857994195356682,human,0.9715300143879012,4,human,,
815729589,oikawamomosuke,unknown,0.6558,0,,0.9081967213114754,human,1.0,human,0.9999999368545807,human,0.9776504363795842,human,0.9714617736364101,4,human,,
815721708,ricky_raw,unknown,1.0,0,,0.9790897908979089,human,1.0,human,0.9255402918942367,human,0.9803339671678196,human,0.9712410124899913,4,human,,
815734696,espinosaurusex,unknown,1.0,0,,0.9790897908979089,human,0.9230769230769231,human,0.999983584980937,human,0.9824764237603647,human,0.9711566806790334,4,human,,
815725256,elfpupy,unknown,0.6873,0,,0.9790897908979089,human,0.9230769230769231,human,1.0,human,0.9809685570532702,human,0.9707838177570256,4,human,,
815732903,trillballins,unknown,0.336,0,,0.9790897908979089,human,0.9230769230769231,human,0.9998567939828286,human,0.9802912277998165,human,0.9705786839393693,4,human,,
815734816,kirkwaIIs,unknown,0.3428,0,,0.9790897908979089,human,0.9230769230769231,human,0.9999948080727625,human,0.9780275459547009,human,0.9700472670005739,4,human,,
815734685,SketchBolt,unknown,0.3418,0,,0.9790897908979089,human,0.9230769230769231,human,0.9996075480897738,human,0.977809459491928,human,0.9698959303891335,4,human,,
815732957,shikyu99,unknown,0.6604,0,,0.9790897908979089,human,0.9230769230769231,human,0.9999572531096613,human,0.976834992438057,human,0.9697397398806376,4,human,,
815736082,Josh_Riet,unknown,0.6664,0,,0.9790897908979089,human,0.9230769230769231,human,0.9999999999999662,human,0.9764606460897844,human,0.9696568400161456,4,human,,
815721632,DaCapCityPrinze,unknown,0.3433,0,,0.9054054054054054,human,1.0,human,0.9999999999999893,human,0.9720469704642029,human,0.9693630939673994,4,human,,
815736546,Graziaclar,unknown,0.6643,0,,0.9790897908979089,human,0.9230769230769231,human,0.9984441248126236,human,0.9754219682560684,human,0.969008201760881,4,human,,
815728640,The_Shy_Sheep,unknown,0.6425,0,,0.9790897908979089,human,0.9230769230769231,human,0.9999050041308906,human,0.9722406098135024,human,0.9685780819798062,4,human,,
815724403,dawnjerrene,unknown,0.6588,0,,0.9708994708994709,human,1.0,human,0.9999999995525712,human,0.903283746812489,human,0.9685458043161328,4,human,,
815724254,ZulaikhaAriff,unknown,0.6802,0,,0.9790897908979089,human,0.9230769230769231,human,0.9999355123792439,human,0.9712596582400032,human,0.9683404711485198,4,human,,
815725053,DomainerAnon,unknown,0.6599,0,,0.9790897908979089,human,0.9230769230769231,human,0.9999587600807238,human,0.9689699095238907,human,0.9677738458948616,4,human,,
815736222,Deexjay,unknown,0.3466,0,,0.9790897908979089,human,0.9230769230769231,human,0.9993084369681424,human,0.9687236969793044,human,0.9675497119805696,4,human,,
815719718,ink_dr0pl3ts,unknown,0.6643,0,,0.9081967213114754,human,1.0,human,0.9924820412802382,human,0.9692270816783355,human,0.9674764610675122,4,human,,
815737792,crypticxniall,unknown,0.6843,0,,0.9790897908979089,human,0.9230769230769231,human,0.9993817093270372,human,0.9674840548808521,human,0.9672581195456803,4,human,,
815730570,Malamute_Dad,unknown,0.6589,0,,0.9790897908979089,human,0.9230769230769231,human,0.9999825164090927,human,0.9662610754952802,human,0.9671025764698012,4,human,,
815723448,VoidlesSoul,unknown,0.6954,0,,0.9081967213114754,human,1.0,human,0.9997060226397685,human,0.9603569835948694,human,0.9670649318865283,4,human,,
815734610,illlegal17,unknown,0.6759,0,,0.9790897908979089,human,0.9230769230769231,human,0.9997901778115978,human,0.9662912849787737,human,0.9670620441913009,4,human,,
815732186,Teridax,unknown,0.6948,0,,0.9790897908979089,human,1.0,human,0.9999985213216104,human,0.8871832819908448,human,0.9665678985525911,4,human,,
815735143,lychee_le,unknown,0.6722,0,,0.9790897908979089,human,0.9230769230769231,human,0.9928861414236241,human,0.9692688976542971,human,0.9660804382631882,4,human,,
815730346,StarlightMcKenz,unknown,0.3416,0,,0.9708994708994709,human,1.0,human,0.9433377337710449,human,0.9464324977941312,human,0.9651674256161618,4,human,,
815736683,Itanduofores,unknown,0.3537,0,,0.9790897908979089,human,0.9230769230769231,human,0.9849503359169773,human,0.9728043665902167,human,0.9649803541205065,4,human,,
815723561,z4nd4r,unknown,0.6693,0,,0.9790897908979089,human,0.9230769230769231,human,0.9986764666052719,human,0.9566569962206416,human,0.9643750442001864,4,human,,
815729118,Shammaahh,unknown,0.6666,0,,0.9790897908979089,human,0.9230769230769231,human,0.9999999999997193,human,0.9547173145406405,human,0.964221007128798,4,human,,
815724601,maxqnz,unknown,0.6784,0,,0.9708994708994709,human,1.0,human,0.9904043070916447,human,0.8923609813660258,human,0.9634161898392853,4,human,,
815733335,DAraGon96,unknown,0.6543,0,,0.9790897908979089,human,1.0,human,0.9110498728632468,human,0.9634827011133721,human,0.963405591218632,4,human,,
815737342,Warpcorps,unknown,0.3367,0,,0.9790897908979089,human,0.9230769230769231,human,0.9999998163116812,human,0.9514367891814994,human,0.9634008298670032,4,human,,
815730540,30_Helens,unknown,0.3453,0,,0.9036827195467422,human,1.0,human,0.9999999999999716,human,0.949667208011892,human,0.9633374818896514,4,human,,
815721846,cmrwdk,unknown,0.334,0,,0.9081967213114754,human,1.0,human,0.9930911307214554,human,0.9509078071646083,human,0.9630489147993848,4,human,,
815729668,waterhauler,unknown,0.675,0,,0.9790897908979089,human,0.9230769230769231,human,0.999914164128793,human,0.9482638035599996,human,0.9625861704159062,4,human,,
815721011,VergneFan,unknown,0.6636,0,,0.9790897908979089,human,0.9230769230769231,human,0.9976834747391581,human,0.9504746515572454,human,0.9625812100678088,4,human,,
815729299,Smallnobody,unknown,0.6502,0,,0.9790897908979089,human,0.9230769230769231,human,0.9991134810937857,human,0.9418814531960745,human,0.960790412066173,4,human,,
815725284,louirrie,unknown,0.3521,0,,0.9790897908979089,human,0.9230769230769231,human,0.9939308216798344,human,0.943546148809848,human,0.9599109211161286,4,human,,
815724114,DeviantGoddess,unknown,1.0,0,,0.9790897908979089,human,0.9230769230769231,human,0.9998800674369176,human,0.9366325952954634,human,0.9596698441768032,4,human,,
815734861,ZACHISGOD,unknown,1.0,0,,0.9790897908979089,human,0.9230769230769231,human,0.9999998156305586,human,0.930952194823334,human,0.9582796811071811,4,human,,
815733173,ImperialMasters,unknown,0.6634,0,,0.9790897908979089,human,1.0,human,0.9814988916553452,human,0.872345382858962,human,0.9582335163530541,4,human,,
815720691,_EarlTrancy,unknown,0.3398,0,,0.9790897908979089,human,0.9230769230769231,human,0.9903599250934093,human,0.9397595428626982,human,0.9580715454827349,4,human,,
815719910,Eribott,unknown,1.0,0,,0.9790897908979089,human,0.9230769230769231,human,1.0,human,0.9299877899490635,human,0.9580386259809739,4,human,,
815736969,thephantomshot,unknown,0.3471,0,,0.9790897908979089,human,0.9230769230769231,human,0.9999685661151861,human,0.9287970552956115,human,0.9577330838464074,4,human,,
815723161,PeeZ_NutZ,unknown,0.3448,0,,0.9081967213114754,human,1.0,human,0.9999998742303519,human,0.9215216526598289,human,0.9574295620504141,4,human,,
815723565,babyrosehs,unknown,1.0,0,,0.9285714285714286,human,0.9230769230769231,human,0.9999998331640786,human,0.9779579289611734,human,0.9574015284434009,4,human,,
815720550,or_shamai,unknown,0.6797,0,,0.9790897908979089,human,0.9230769230769231,human,0.9982153112889389,human,0.9283821421458864,human,0.9571910418524143,4,human,,
815721698,Darkdrome7,unknown,0.3395,0,,0.9036827195467422,human,1.0,human,0.9973336195070294,human,0.9270539242369557,human,0.9570175658226818,4,human,,
815731442,Saraa8_,unknown,1.0,0,,0.9790897908979089,human,0.9230769230769231,human,0.9929490930949448,human,0.9329482570216939,human,0.9570160160228677,4,human,,
815723668,Twillz6,unknown,0.6383,0,,0.9790897908979089,human,1.0,human,0.9844570773314224,human,0.8635671518916139,human,0.9567785050302364,4,human,,
815733029,bopbop_simsim,unknown,0.3424,0,,0.9285714285714286,human,1.0,human,0.9956853433562776,human,0.9025124314390494,human,0.956692300841689,4,human,,
815737464,jhertz1222,unknown,0.3392,0,,0.9790897908979089,human,1.0,human,0.8553532426380702,human,0.9920904714493414,human,0.9566333762463302,4,human,,
815731391,GSD_MDPhD,unknown,0.6798,0,,0.9911504424778761,human,0.8461538461538461,human,1.0,human,0.9877090362452791,human,0.9562533312192503,4,human,,
815736958,faustroll,unknown,0.6833,0,,0.9790897908979089,human,0.9230769230769231,human,0.9853320778384081,human,0.9372624212117739,human,0.9561903032562535,4,human,,
815720233,forceohwakens,unknown,0.6792,0,,0.9285714285714286,human,0.9230769230769231,human,0.9993314576024313,human,0.973536836431511,human,0.9561291614205735,4,human,,
815736358,7GoBananas,unknown,0.6638,0,,0.9036827195467422,human,0.9230769230769231,human,1.0,human,0.9942749313847229,human,0.9552586435020971,4,human,,
815719861,lyrusi,unknown,0.3389,0,,0.9081967213114754,human,1.0,human,0.9998568912150719,human,0.9120399294978381,human,0.9550233855060963,4,human,,
815735335,DatGirl_ICEY,unknown,0.3478,0,,0.9790897908979089,human,0.9230769230769231,human,0.9625438057000427,human,0.9551873917315948,human,0.9549744778516174,4,human,,
815730662,Insanekoy0te,unknown,0.6613,0,,0.9790897908979089,human,1.0,human,0.8550888488470181,human,0.9847591688212372,human,0.9547344521415411,4,human,,
815726822,Turbo9879,unknown,0.6845,0,,0.9081967213114754,human,0.9230769230769231,human,0.9999347412304858,human,0.9872571722663047,human,0.9546163894712973,4,human,,
815737736,nurdanyldz18,unknown,0.3405,0,,0.9790897908979089,human,0.8461538461538461,human,1.0,human,0.9929135815566631,human,0.9545393046521045,4,human,,
815724287,HomerOpines,unknown,0.6601,0,,0.9790897908979089,human,0.9230769230769231,human,0.9911254130937536,human,0.9240195500488227,human,0.9543279192793521,4,human,,
815721510,CPMacL2008,unknown,0.6784,0,,0.9081967213114754,human,0.9230769230769231,human,1.0,human,0.9858050107414796,human,0.9542696637824696,4,human,,
815721442,m_rtv,unknown,0.6748,0,,0.9790897908979089,human,0.8461538461538461,human,0.999980596464649,human,0.9914477860267233,human,0.9541680048857818,4,human,,
815721513,DaveWuzzHere,unknown,0.6679,0,,0.9790897908979089,human,0.9230769230769231,human,0.9999999920213085,human,0.9142696122658297,human,0.9541090795654925,4,human,,
815730138,LogicalNegro,unknown,0.3372,0,,0.9790897908979089,human,0.9230769230769231,human,0.9999999999964899,human,0.9135752044573708,human,0.9539354796071732,4,human,,
815726944,Anonsayshi,unknown,0.6651,0,,0.9081967213114754,human,0.9230769230769231,human,0.9999486714011467,human,0.9843610790470448,human,0.9538958487091475,4,human,,
815721350,typhoonfilsy,unknown,1.0,0,,0.9790897908979089,human,0.8461538461538461,human,0.9999515618153513,human,0.9900756195695294,human,0.9538177046091589,4,human,,
815724249,The301st,unknown,0.674,0,,0.9036827195467422,human,0.9230769230769231,human,0.9999999999998863,human,0.9871862216404875,human,0.9534864660660098,4,human,,
815733517,l1iee,unknown,1.0,0,,0.9790897908979089,human,1.0,human,0.8631972657269935,human,0.9715727695589536,human,0.9534649565459641,4,human,,
815727031,hayalidny,unknown,0.6583,0,,0.9285714285714286,human,0.9230769230769231,human,0.9974283642257523,human,0.964493225098802,human,0.9533924852432265,4,human,,
815719799,AlNorii29,unknown,0.6705,0,,0.9790897908979089,human,0.8461538461538461,human,0.9999999999999822,human,0.9873648785818967,human,0.9531521289084084,4,human,,
815731056,POSH_JOCK,unknown,0.6722,0,,0.9790897908979089,human,0.9230769230769231,human,0.9860625617074239,human,0.923843904805974,human,0.9530182951220574,4,human,,
815725553,commiemjp,unknown,0.3486,0,,0.9790897908979089,human,0.9230769230769231,human,0.9544976478123093,human,0.9550330186961268,human,0.9529243451208169,4,human,,
815734352,JahKnoTK,unknown,0.3462,0,,0.8328912466843501,human,1.0,human,0.9999999999999929,human,0.9776971130461076,human,0.9526470899326127,4,human,,
815726841,LaytonNZA,unknown,0.673,0,,0.8328912466843501,human,1.0,human,0.9999999999999858,human,0.9752789049852796,human,0.9520425379174039,4,human,,
815734077,himeshite,unknown,0.6713,0,,0.9790897908979089,human,0.8461538461538461,human,1.0,human,0.9781820925241487,human,0.9508564323939759,4,human,,
815736354,shuchan22,unknown,0.6594,0,,0.9708994708994709,human,0.8461538461538461,human,0.999999754820914,human,0.9857533461273476,human,0.9507016045003946,4,human,,
815727826,walktherotties,unknown,0.6609,0,,0.9790897908979089,human,0.9230769230769231,human,0.9996068636936064,human,0.9007052252440766,human,0.9506197007281287,4,human,,
815730029,DarkArfs,unknown,0.6829,0,,0.9790897908979089,human,0.9230769230769231,human,0.9999999847720106,human,0.8998669283452165,human,0.9505084067730147,4,human,,
815724894,Maskinen92,unknown,0.6761,0,,0.9790897908979089,human,0.8461538461538461,human,0.9999144337391083,human,0.975186673462399,human,0.9500861860633156,4,human,,
815729376,pessimism,unknown,0.6654,0,,0.896551724137931,human,0.9230769230769231,human,0.9999991637800655,human,0.9795315995012059,human,0.9497898526240314,4,human,,
815729478,TheTweetingZed,unknown,0.3466,0,,0.9708994708994709,human,0.8461538461538461,human,0.9999833615767911,human,0.9762091182392726,human,0.9483114492173451,4,human,,
815732904,fogeybot,unknown,0.6629,0,,0.9081967213114754,human,1.0,human,0.990771890836503,human,0.8913880307932721,human,0.9475891607353126,4,human,,
815726152,pellicott1,unknown,0.3473,0,,0.9081967213114754,human,1.0,human,0.9999846328464997,human,0.8813445088829513,human,0.9473814657602316,4,human,,
815735185,FireEmblemSoren,unknown,0.6633,0,,0.9036827195467422,human,1.0,human,0.9996470703846669,human,0.8851551269298693,human,0.9471212292153196,4,human,,
815737006,ao_JURUgiul,unknown,0.3559,0,,0.9081967213114754,human,1.0,human,0.9997666635182807,human,0.8805194904549316,human,0.9471207188211719,4,human,,
815737512,PaxBritannica66,unknown,0.661,0,,0.9790897908979089,human,0.8461538461538461,human,0.9876832048559685,human,0.9749295736371161,human,0.9469641038862099,4,human,,
815722323,danhowlterphil,unknown,0.6771,0,,0.9790897908979089,human,0.8461538461538461,human,0.9999933789634923,human,0.9623135976374237,human,0.9468876534131678,4,human,,
815731308,MontlakeMan,unknown,0.669,0,,0.9285714285714286,human,0.9230769230769231,human,0.9957941487206707,human,0.9348443951034088,human,0.9455717238681078,4,human,,
815721368,Chris_Wilde,unknown,0.6645,0,,0.8918918918918919,human,0.9230769230769231,human,0.9999999995714219,human,0.9650146950955625,human,0.9449958774089499,4,human,,
815739445,Zoetjetoch,unknown,0.6758,0,,0.9708994708994709,human,0.8461538461538461,human,0.9999999999999609,human,0.9618269576803565,human,0.9447200686834086,4,human,,
815723443,Kanderia_Ku,unknown,0.6696,0,,0.7943262411347518,human,1.0,human,0.9999999999986997,human,0.9845418353207186,human,0.9447170191135426,4,human,,
815728963,NiallnLouisrbae,unknown,0.3431,0,,0.8328912466843501,human,1.0,human,0.9999999999999751,human,0.9435826754303475,human,0.9441184805286682,4,human,,
815731210,PsychedelicFlys,unknown,0.644,0,,0.9790897908979089,human,0.8461538461538461,human,0.99698632531202,human,0.9520491555534383,human,0.9435697794793033,4,human,,
815723801,MrRupertBear,unknown,0.6632,0,,0.9790897908979089,human,0.9230769230769231,human,0.9994829950308903,human,0.8712991525122826,human,0.9432372153795012,4,human,,
815732219,Mug_Punter_NI,unknown,1.0,0,,0.9790897908979089,human,1.0,human,0.8988180355009837,human,0.894347938797804,human,0.9430639412991743,4,human,,
815723050,merlinwebwizard,unknown,1.0,0,,0.9036827195467422,human,0.9230769230769231,human,0.9968611154575233,human,0.9471213020229956,human,0.9426855150260461,4,human,,
815723751,Otter_Silly,unknown,1.0,0,,0.9790897908979089,human,0.8461538461538461,human,0.9999958855162652,human,0.9455025082943713,human,0.9426855077155979,4,human,,
815729465,daissygee19,unknown,0.3497,0,,0.9790897908979089,human,1.0,human,0.79692257864933,human,0.9943077536925891,human,0.942580030809957,4,human,,
815732459,kennemesies,unknown,0.6504,0,,0.9790897908979089,human,0.9230769230769231,human,0.9782591605122399,human,0.8895584924780215,human,0.9424960917412734,4,human,,
815720538,zherayw,unknown,0.3471,0,,0.7943262411347518,human,1.0,human,0.9999999999999432,human,0.9750904903066195,human,0.9423541828603287,4,human,,
815727045,GunenaChristian,unknown,0.3419,0,,0.9790897908979089,human,0.8461538461538461,human,1.0,human,0.9406654466942479,human,0.9414772709365007,4,human,,
815721943,TeddyMisog,unknown,0.3372,0,,0.9081967213114754,human,1.0,human,0.9649167521878254,human,0.8912980614476284,human,0.9411028837367322,4,human,,
815727936,DoubleDiggur,unknown,0.6792,0,,0.9081967213114754,human,1.0,human,0.9985582105314124,human,0.8562952098907719,human,0.9407625354334148,4,human,,
815734552,Fungidelic,unknown,0.3394,0,,0.9081967213114754,human,0.9230769230769231,human,0.9979366495024166,human,0.933779183220296,human,0.9407473692777777,4,human,,
815735838,Tygati,unknown,1.0,0,,0.9790897908979089,human,0.8461538461538461,human,0.9874997839007905,human,0.9463377903525595,human,0.9397703028262763,4,human,,
815730061,HiHoney333,unknown,0.68,0,,0.9790897908979089,human,0.8461538461538461,human,0.9979468435409011,human,0.9356323630303139,human,0.9397057109057425,4,human,,
815719470,ThoughtsByLydia,unknown,0.6637,0,,0.7943262411347518,human,1.0,human,0.9999999999836966,human,0.9634689520033751,human,0.9394487982804559,4,human,,
815734387,kenhhina,unknown,0.3402,0,,0.9790897908979089,human,0.8461538461538461,human,0.9984920760548786,human,0.9333488836159095,human,0.9392711491806357,4,human,,
815735012,maiden16_qc,unknown,0.6573,0,,0.9790897908979089,human,0.9230769230769231,human,0.9353035253303165,human,0.9196059395509125,human,0.9392690447140152,4,human,,
815731128,SloanAsloan1976,unknown,0.6822,0,,0.9463087248322147,human,0.9230769230769231,human,0.9436302788301395,human,0.943938348935613,human,0.9392385689187226,4,human,,
815728034,Ohwaawaa,unknown,0.343,0,,0.7943262411347518,human,1.0,human,0.999999999999293,human,0.9607950461544661,human,0.9387803218221278,4,human,,
815738418,margih99,unknown,0.3414,0,,0.9790897908979089,human,0.9230769230769231,human,0.8904618650110481,human,0.9613241365146652,human,0.9384881788751364,4,human,,
815729887,falcoIombardi,unknown,0.3456,0,,0.9081967213114754,human,1.0,human,0.9998939828793144,human,0.8452481173352209,human,0.9383347053815027,4,human,,
815728416,Camalange,unknown,0.3446,0,,0.9708994708994709,human,0.8461538461538461,human,0.9993076725099532,human,0.9361619736354714,human,0.9381307407996853,4,human,,
815729043,trohmemes,unknown,0.6674,0,,0.9790897908979089,human,0.9230769230769231,human,0.9999872429296176,human,0.8495322663042535,human,0.9379215558021758,4,human,,
815738211,LoliPBNightcore,unknown,0.6686,0,,0.7943262411347518,human,1.0,human,0.9999999999997442,human,0.9573422520217554,human,0.9379171232890628,4,human,,
815737894,nmellowulf,unknown,0.3403,0,,0.9790897908979089,human,0.8461538461538461,human,0.9944203365117743,human,0.9314006051253496,human,0.9377661446722199,4,human,,
815736637,S9Aberrance,unknown,0.6558,0,,0.9463087248322147,human,0.9230769230769231,human,0.9998414058221228,human,0.876976359752483,human,0.9365508533709359,4,human,,
815732698,musingsofaraven,unknown,0.3493,0,,0.9036827195467422,human,0.8461538461538461,human,1.0,human,0.9921907120076877,human,0.935506819427069,4,human,,
815729423,Vitalba_90,unknown,0.668,0,,0.9285714285714286,human,0.9230769230769231,human,0.9999209742837213,human,0.8882772674951923,human,0.9349616483568163,4,human,,
815732992,pdlmma,unknown,0.6733,0,,0.9790897908979089,human,0.8461538461538461,human,0.9998586075117721,human,0.9133682954348503,human,0.9346176349995943,4,human,,
815735269,hyuugaclan,unknown,0.6596,0,,0.9081967213114754,human,0.9230769230769231,human,0.998595080254166,human,0.9084744256014962,human,0.9345857875610152,4,human,,
815727164,Knightsexual,unknown,0.6591,0,,0.9790897908979089,human,0.8461538461538461,human,0.999998964895311,human,0.9115665883291171,human,0.9342022975690458,4,human,,
815726811,EddieSlain,unknown,0.3406,0,,0.9285714285714286,human,0.9230769230769231,human,0.9997181673313686,human,0.8853215305596288,human,0.9341720123848373,4,human,,
815728688,art_control,unknown,0.6624,0,,0.7794117647058824,human,1.0,human,0.9884542776828835,human,0.9683303023496067,human,0.9340490861845931,4,human,,
815738294,Sabrooooooo,unknown,0.6662,0,,0.9790897908979089,human,0.9230769230769231,human,0.8745174422387132,human,0.9551418609078006,human,0.9329565042803365,4,human,,
815731470,mimbo68,unknown,1.0,0,,0.9790897908979089,human,1.0,human,0.7579331446494018,human,0.9934546787938484,human,0.9326194035852898,4,human,,
815735939,Villafanblog,unknown,0.6556,0,,0.9285714285714286,human,0.9230769230769231,human,1.0,human,0.8785624427630624,human,0.9325526986028535,4,human,,
815719915,firmly_grasp_it,unknown,1.0,0,,0.9790897908979089,human,0.8461538461538461,human,0.9711735872621403,human,0.9334542805071412,human,0.9324678762052592,4,human,,
815734346,Tania_and_Bunny,unknown,0.672,0,,0.9285714285714286,human,1.0,human,0.999936938957552,human,0.8001568801368006,human,0.9321663119164453,4,human,,
815733830,LeAnhTony,unknown,0.6506,0,,0.9790897908979089,human,0.9230769230769231,human,0.9020001701475705,human,0.9236844907529811,human,0.9319628437188459,4,human,,
815739028,splatling,unknown,1.0,0,,0.9081967213114754,human,0.8461538461538461,human,0.9999998669305814,human,0.9733256173901007,human,0.9319190129465009,4,human,,
815720275,iBearHD,unknown,0.6882,0,,0.9790897908979089,human,0.8461538461538461,human,0.9973213423052408,human,0.9048305858090163,human,0.9318488912915031,4,human,,
815734173,carlyebaines,unknown,0.6769,0,,0.9285714285714286,human,0.9230769230769231,human,0.9987113384440742,human,0.8761883056172247,human,0.9316369989274127,4,human,,
815721848,Yiveldda,unknown,0.6845,0,,0.9081967213114754,human,0.9230769230769231,human,0.9986785002503172,human,0.893032110185303,human,0.9307460637060047,4,human,,
815735043,dandloulion,unknown,0.6685,0,,0.9285714285714286,human,1.0,human,0.9999549312344367,human,0.7938608085381991,human,0.9305967920860161,4,human,,
815738140,Gwenbot_ebooks,unknown,0.676,0,,0.9790897908979089,human,0.8461538461538461,human,0.9914923392937288,human,0.9056083148516452,human,0.9305860727992823,4,human,,
815724040,mygrls7,unknown,0.6804,0,,0.9054054054054054,human,0.9230769230769231,human,0.9361082657936145,human,0.9543903415313356,human,0.9297452339518197,4,human,,
815733439,muse_no_brasil,unknown,0.3356,0,,0.9790897908979089,human,0.9230769230769231,human,0.8514987877352244,human,0.9636152554336076,human,0.929320189285916,4,human,,
815731842,_Brett__,unknown,0.6579,0,,0.9911504424778761,human,0.7692307692307693,human,0.9998618094613102,human,0.9533196044613741,human,0.9283906564078324,4,human,,
815724248,MinivanMojo,unknown,0.6732,0,,0.77,human,1.0,human,0.9993297326729597,human,0.9440115560061553,human,0.9283353221697788,4,human,,
815732255,Astraldesigner,unknown,0.3574,0,,0.9081967213114754,human,0.9230769230769231,human,0.9997134430450578,human,0.880754795889276,human,0.9279354708306831,4,human,,
815731043,typologianista,unknown,1.0,0,,0.9790897908979089,human,0.7692307692307693,human,0.9999854584037434,human,0.9631522760937354,human,0.9278645736565393,4,human,,
815739436,NoHoesKolby,unknown,0.6765,0,,0.9790897908979089,human,0.7692307692307693,human,0.9999910349807144,human,0.9612229979062189,human,0.9273836482539028,4,human,,
815733198,_Ahty,unknown,0.6726,0,,0.9036827195467422,human,0.8461538461538461,human,0.9995363918521132,human,0.9594347866102005,human,0.9272019360407254,4,human,,
815731430,ade_kunle_,unknown,0.6793,0,,0.9790897908979089,human,0.8461538461538461,human,0.9939771922285966,human,0.8864935660182449,human,0.9264285988246491,4,human,,
815732072,carol563,unknown,0.6617,0,,0.9790897908979089,human,0.7692307692307693,human,0.9895926223570055,human,0.9661452670457713,human,0.9260146123828638,4,human,,
815735407,historianess,unknown,0.6722,0,,0.9790897908979089,human,1.0,human,0.7804185465756948,human,0.9426694874969981,human,0.9255444562426505,4,human,,
815735465,skyfulloufstars,unknown,0.3498,0,,0.9285714285714286,human,0.8461538461538461,human,0.999883352925768,human,0.9270809425840723,human,0.9254223925587788,4,human,,
815733428,lavellans,unknown,0.6626,0,,0.9790897908979089,human,0.7692307692307693,human,0.9999492394868975,human,0.953040606609385,human,0.9253276015562402,4,human,,
815739114,ExaltedInigo,unknown,0.6587,0,,0.9790897908979089,human,0.8461538461538461,human,0.9893085045759151,human,0.8823947366566733,human,0.9242367195710859,4,human,,
815723190,DoctorOfFizz,unknown,0.6761,0,,0.9790897908979089,human,0.8461538461538461,human,0.9971409425990386,human,0.8744163494887084,human,0.9242002322848755,4,human,,
815721891,GrCheeseSamurai,unknown,0.6723,0,,0.9285714285714286,human,0.9230769230769231,human,0.9982654336679381,human,0.8466706925599159,human,0.9241461194690515,4,human,,
815721317,RebekahMacd,unknown,0.6434,0,,0.8328912466843501,human,1.0,human,0.9696104649786177,human,0.8894990807990442,human,0.923000198115503,4,human,,
815721245,MadMistB,unknown,0.3512,0,,0.9285714285714286,human,0.9230769230769231,human,0.9992210214976486,human,0.8402291822327466,human,0.9227746388446867,4,human,,
815737943,Moom_Radio,unknown,0.3446,0,,0.9790897908979089,human,0.9230769230769231,human,0.9494044261278382,human,0.8375925074803875,human,0.9222909118957644,4,human,,
815737717,solluxtxt,unknown,0.6966,0,,0.9790897908979089,human,0.7692307692307693,human,0.9997969314065429,human,0.9397649535697904,human,0.9219706112762529,4,human,,
815730123,Nelgumford,unknown,0.6724,0,,0.9054054054054054,human,1.0,human,0.9941988182358799,human,0.7880716648416605,human,0.9219189721207364,4,human,,
815728360,graveyardjpg,unknown,1.0,0,,0.9285714285714286,human,0.8461538461538461,human,0.9999362632003482,human,0.9115219738705348,human,0.9215458779490394,4,human,,
815728795,GmeshKingOfUruk,unknown,0.6833,0,,0.9081967213114754,human,0.9230769230769231,human,0.9986912116665889,human,0.8539804247687424,human,0.9209863202059324,4,human,,
815732399,SoccerMomSyd,unknown,0.6708,0,,0.9285714285714286,human,0.8461538461538461,human,0.9995367860030496,human,0.909341796940625,human,0.9209009644172373,4,human,,
815731698,fizzybizzle,unknown,0.6722,0,,0.9708994708994709,human,0.7692307692307693,human,0.9994249960354644,human,0.9414928962423409,human,0.9202620331020115,4,human,,
815726807,Le_Musician,unknown,0.3469,0,,0.8328912466843501,human,1.0,human,0.9935852497198641,human,0.8544014376636283,human,0.9202194835169606,4,human,,
815729501,darkme31,unknown,1.0,0,,0.9911504424778761,human,1.0,human,0.7079635832643307,human,0.9813543387262317,human,0.9201170911171096,4,human,,
815733024,r3spawnFTW,unknown,0.6644,0,,0.9790897908979089,human,0.8461538461538461,human,0.9979927697443671,human,0.8571800565142831,human,0.9201041158276013,4,human,,
815734953,CaptByDefault,unknown,0.6526,0,,0.9081967213114754,human,0.8461538461538461,human,0.9997838209691091,human,0.9240510100512117,human,0.9195463496214106,4,human,,
815734391,kurihiru,unknown,1.0,0,,0.77,human,0.9230769230769231,human,0.9999992489428293,human,0.9842028321905335,human,0.9193197510525716,4,human,,
815739195,s4nt4tweet,unknown,0.643,0,,0.9790897908979089,human,0.9230769230769231,human,0.8395102520054221,human,0.9342590443946923,human,0.9189840025937366,4,human,,
815719974,HemiGoesHam,unknown,0.3482,0,,0.9285714285714286,human,0.8461538461538461,human,0.9838859701613163,human,0.9138306899007345,human,0.9181104836968315,4,human,,
815721308,elbertos,unknown,0.6752,0,,0.9790897908979089,human,0.9230769230769231,human,0.7840597959916317,human,0.985537024074818,human,0.9179408835103204,4,human,,
815733399,jespertje66,unknown,1.0,0,,0.6842105263157895,human,1.0,human,0.9999999999998543,human,0.9837655292741743,human,0.9169940138974545,4,human,,
815733410,Jan_Toah,unknown,0.3405,0,,0.9790897908979089,human,0.8461538461538461,human,1.0,human,0.8424796381711865,human,0.9169308188057353,4,human,,
815737933,ArkhamKnight19,unknown,0.6682,0,,0.9790897908979089,human,0.7692307692307693,human,0.9697095673439237,human,0.9487190290009782,human,0.916687289118395,4,human,,
815720191,Kaelath_The_Red,unknown,0.672,0,,0.9911504424778761,human,0.8461538461538461,human,0.9950275621446334,human,0.8321476344750679,human,0.9161198713128559,4,human,,
815731130,Cleetsauce,unknown,0.666,0,,0.9036827195467422,human,0.9230769230769231,human,0.9953494250967181,human,0.8420314932913351,human,0.9160351402529296,4,human,,
815720682,anovicekong,unknown,0.6683,0,,0.9054054054054054,human,0.9230769230769231,human,0.923946744134876,human,0.9094802586989148,human,0.9154773328290298,4,human,,
815735595,trust_worthy1,unknown,1.0,0,,0.9911504424778761,human,0.8461538461538461,human,0.8773429181564225,human,0.9471155349510907,human,0.9154406854348088,4,human,,
815731176,Faizfag,unknown,0.6594,0,,0.9790897908979089,human,0.9230769230769231,human,0.9966438225383006,human,0.7617234592096388,human,0.9151334989306928,4,human,,
815738178,soycows,unknown,0.6678,0,,0.9054054054054054,human,0.8461538461538461,human,0.9939422771725083,human,0.9149001646225536,human,0.9151004233385783,4,human,,
815719717,Tiramiswhat,unknown,0.6867,0,,0.9081967213114754,human,0.8461538461538461,human,0.9961329847757453,human,0.9062859449042069,human,0.9141923742863184,4,human,,
815739507,Anointed_Mouf,unknown,1.0,0,,0.9036827195467422,human,0.9230769230769231,human,0.9947615401647616,human,0.8337761788637046,human,0.9138243404130328,4,human,,
815735966,CoreTentacle,unknown,0.6776,0,,0.9790897908979089,human,0.7692307692307693,human,0.9844811941276264,human,0.9215693284329295,human,0.9135927706723086,4,human,,
815727629,BNshizzle,unknown,0.3638,0,,0.9790897908979089,human,0.8461538461538461,human,0.9160405752931075,human,0.911450575688529,human,0.9131836970083479,4,human,,
815721760,Noor_Nadal,unknown,0.3555,0,,0.9081967213114754,human,0.8461538461538461,human,0.9999315412052437,human,0.8967072850914816,human,0.9127473484405118,4,human,,
815722779,ConArtCritic,unknown,0.6539,0,,0.9036827195467422,human,0.8461538461538461,human,0.9511680411481032,human,0.9489926703983126,human,0.912499319311751,4,human,,
815719838,SamuelBass,unknown,0.3392,0,,0.9036827195467422,human,0.8461538461538461,human,0.9987168717241621,human,0.8967273790719849,human,0.9113202041241838,4,human,,
815737808,pesserine,unknown,0.6676,0,,0.9790897908979089,human,0.9230769230769231,human,0.8731049939433528,human,0.8683723246460416,human,0.9109110081410565,4,human,,
815734358,ZodiacNein,unknown,0.6627,0,,0.9790897908979089,human,0.7692307692307693,human,0.9989755173660628,human,0.8957666010488985,human,0.9107656696359099,4,human,,
815723958,Dzasta_1,unknown,0.6582,0,,0.7794117647058824,human,0.9230769230769231,human,0.9999999999998685,human,0.9400844577301656,human,0.9106432863782099,4,human,,
815732377,cowboys_fan09,unknown,0.6684,0,,0.9081967213114754,human,0.8461538461538461,human,0.9991601981350818,human,0.8889351560311695,human,0.9106114804078932,4,human,,
815727588,dahmartins,unknown,0.3438,0,,0.9790897908979089,human,0.9230769230769231,human,0.7923494941448834,human,0.9458211536864475,human,0.9100843404515407,4,human,,
815721040,Coco_4711,unknown,0.6777,0,,0.9790897908979089,human,0.9230769230769231,human,0.7515448771513027,human,0.9849614357101472,human,0.9096682567090705,4,human,,
815734824,ancientkir,unknown,0.6572,0,,0.9081967213114754,human,0.8461538461538461,human,0.9999941699944747,human,0.88328344955491,human,0.9094070467536766,4,human,,
815730365,OdinCSGO,unknown,1.0,0,,0.8328912466843501,human,1.0,human,0.973939891634324,human,0.8278634005588512,human,0.9086736347193813,4,human,,
815735125,29_Aurora,unknown,0.6587,0,,0.9708994708994709,human,0.8461538461538461,human,0.9331070662954856,human,0.8837481618974424,human,0.9084771363115612,4,human,,
815735091,BuncyTheFrog,unknown,0.6503,0,,0.9911504424778761,human,0.7692307692307693,human,0.9745675366600759,human,0.8989560876842979,human,0.9084762090132548,4,human,,
815720395,BookStannis,unknown,0.3473,0,,0.77,human,0.9230769230769231,human,1.0,human,0.9390557525844004,human,0.9080331689153308,4,human,,
815734505,Glaeken55,unknown,0.6677,0,,0.9790897908979089,human,1.0,human,0.739375763708182,human,0.909058968891176,human,0.9068811308743168,4,human,,
815735606,Pink_Panda203,unknown,0.6784,0,,0.7794117647058824,human,0.9230769230769231,human,0.9999999999985718,human,0.9211870102937147,human,0.9059189245187731,4,human,,
815732405,petitepinkgirls,unknown,0.6599,0,,0.9036827195467422,human,0.8461538461538461,human,0.9999999999999822,human,0.8701314114599926,human,0.9049919942901408,4,human,,
815738401,Nthabisheng,unknown,0.3488,0,,0.8328912466843501,human,1.0,human,0.8959811701896695,human,0.890645618369244,human,0.9048795088108159,4,human,,
815733857,JisooBlackCat,unknown,1.0,0,,0.8328912466843501,human,0.9230769230769231,human,0.9978793918186569,human,0.8627580300845497,human,0.90415139791612,4,human,,
815730152,youngDAD2,unknown,0.647,0,,0.9790897908979089,human,0.9230769230769231,human,0.7623849008300898,human,0.9479176753099313,human,0.9031173225287134,4,human,,
815731497,LumiaW,unknown,0.3479,0,,0.9790897908979089,human,0.9230769230769231,human,0.8548717160304673,human,0.8550141635941738,human,0.9030131483998683,4,human,,
815730313,BandsMyWeakness,unknown,0.6903,0,,0.77,human,0.9230769230769231,human,0.9999935710657009,human,0.9188596947886697,human,0.9029825472328235,4,human,,
815729839,HostofFate,unknown,1.0,0,,0.77,human,1.0,human,0.9970925650193643,human,0.8416514072880336,human,0.9021859930768495,4,human,,
815719423,YaldaaOmar,unknown,0.3408,0,,0.9285714285714286,human,1.0,human,0.852772736887367,human,0.8196552044535703,human,0.9002498424780916,4,human,,
815723162,gleecatsversion,unknown,0.659,0,,0.7794117647058824,human,0.9230769230769231,human,0.9999999999999964,human,0.8952789606733212,human,0.8994419121140308,4,human,,
815737121,OkamiNoTsume,unknown,0.6779,0,,0.9790897908979089,human,0.6923076923076923,human,0.997657262949841,human,0.9281874039240532,human,0.8993105375198739,4,human,,
815726910,kmillermaster,unknown,0.6714,0,,0.9790897908979089,human,0.9230769230769231,human,0.9981734114466297,human,0.6905615630705367,human,0.8977254221229996,4,human,,
815726979,uncle2u,unknown,0.3519,0,,0.9463087248322147,human,1.0,human,0.7840926793118537,human,0.8604925983287509,human,0.8977235006182048,4,human,,
815719318,ashcfc17,unknown,0.6671,0,,0.9790897908979089,human,0.9230769230769231,human,0.7283854284297825,human,0.9518930832942021,human,0.8956113064247042,4,human,,
815729689,Codiekitty,unknown,0.6676,0,,0.9790897908979089,human,0.8461538461538461,human,0.975641878570051,human,0.7797462978782324,human,0.8951579533750096,4,human,,
815733575,scattermoon,unknown,1.0,0,,0.9708994708994709,human,0.7692307692307693,human,0.8876196573856291,human,0.952842533357521,human,0.8951481077183476,4,human,,
815733565,diapphire,unknown,0.6631,0,,0.77,human,0.8461538461538461,human,1.0,human,0.9635848719833124,human,0.8949346795342896,4,human,,
815721005,JezzBear,unknown,0.3441,0,,0.9081967213114754,human,0.6923076923076923,human,0.9999999999999929,human,0.9770871451657647,human,0.8943978896962314,4,human,,
815734917,SaekoKiller,unknown,1.0,0,,0.77,human,0.8461538461538461,human,0.9999999913105775,human,0.9585879477643526,human,0.8936854463071942,4,human,,
815730141,smol_and_tol,unknown,1.0,0,,0.9285714285714286,human,0.7692307692307693,human,0.9722229458435416,human,0.9005549698507471,human,0.8926450283741216,4,human,,
815727432,Shamalamal,unknown,0.6796,0,,0.9285714285714286,human,0.9230769230769231,human,0.8639119963770043,human,0.8479704210400547,human,0.8908826922663526,4,human,,
815737146,Yaherrell13,unknown,0.6522,0,,0.9081967213114754,human,0.7692307692307693,human,0.9768886123414527,human,0.9085727791996822,human,0.8907222205208449,4,human,,
815736385,geofamilyguyfan,unknown,0.6864,0,,0.9285714285714286,human,1.0,human,0.9995127353066326,human,0.6326263948469624,human,0.890177639681256,4,human,,
815737413,han_harden,unknown,0.6599,0,,0.7794117647058824,human,0.9230769230769231,human,0.9999999999927667,human,0.8568027079740235,human,0.8898228489373989,4,human,,
815737397,Yorkie1200,unknown,0.3446,0,,0.9081967213114754,human,1.0,human,0.7165877000181157,human,0.9325162591768037,human,0.8893251701265987,4,human,,
815735646,AnnaPm6277,unknown,0.3546,0,,0.77,human,1.0,human,0.8332736744615795,human,0.95102060863256,human,0.8885735707735349,4,human,,
815735587,timothysdrake,unknown,0.3402,0,,0.9081967213114754,human,0.6923076923076923,human,0.9943987129033195,human,0.9561637740776027,human,0.8877667251500224,4,human,,
815735632,xnotanummyet,unknown,0.6696,0,,0.9036827195467422,human,0.6923076923076923,human,0.9995540400727669,human,0.9454621637049587,human,0.8852516539080402,4,human,,
815721256,BreathingHell1,unknown,0.3469,0,,0.9463087248322147,human,0.8461538461538461,human,0.9820031571243354,human,0.761719617244134,human,0.8840463363386325,4,human,,
815734525,pittsburghsux75,unknown,1.0,0,,0.9790897908979089,human,0.8461538461538461,human,0.9993470029840337,human,0.7059034374036526,human,0.8826235193598603,4,human,,
815726232,chaliceoftears,unknown,0.6972,0,,0.77,human,0.8461538461538461,human,0.9999997563667241,human,0.9118486689498714,human,0.8820005678676105,4,human,,
815735420,eyeseeusee,unknown,0.6651,0,,0.9911504424778761,human,0.8461538461538461,human,0.9565842631225613,human,0.7337165242109285,human,0.8819012689913031,4,human,,
815735548,SqueakyKiki78,unknown,0.3488,0,,0.9463087248322147,human,0.8461538461538461,human,0.9129791602296589,human,0.8208104229487917,human,0.8815630385411278,4,human,,
815730057,LilSaintDee,unknown,0.6703,0,,0.9036827195467422,human,0.8461538461538461,human,0.999999999999492,human,0.7718058903134795,human,0.8804106140033899,4,human,,
815738464,DolejsiHazel,unknown,0.6651,0,,0.9790897908979089,human,1.0,human,0.5461759666719612,human,0.9871158577780996,human,0.8780954038369924,4,human,,
815728887,ChasinMyDreamsx,unknown,0.6658,0,,0.7794117647058824,human,0.7692307692307693,human,0.9976947515834762,human,0.962217145962518,human,0.8771386078706614,4,human,,
815725993,olufemisp,unknown,0.6684,0,,0.8918918918918919,human,0.8461538461538461,human,0.8948270478638988,human,0.8681030984915334,human,0.8752439711002926,4,human,,
815734812,sudIOSGamer,unknown,0.3363,0,,0.9081967213114754,human,0.8461538461538461,human,0.9992022310197094,human,0.7465727357536638,human,0.8750313835596737,4,human,,
815728886,Neferblade,unknown,0.6684,0,,0.9285714285714286,human,0.8461538461538461,human,0.9999936116046362,human,0.7222876883999508,human,0.8742516436824654,4,human,,
815737883,klahnen,unknown,0.3497,0,,0.9790897908979089,human,0.6923076923076923,human,0.9452177411590096,human,0.8749318643139449,human,0.872886772169639,4,human,,
815725247,Mpumi_Dope,unknown,0.6642,0,,0.8328912466843501,human,0.7692307692307693,human,1.0,human,0.8805992306183877,human,0.8706803116333768,4,human,,
815719763,DaMidnighter,unknown,1.0,0,,0.9036827195467422,human,0.7692307692307693,human,0.9839060387891775,human,0.8167168146032777,human,0.8683840855424917,4,human,,
815726608,BronyDestined,unknown,0.6497,0,,0.9081967213114754,human,0.6923076923076923,human,0.9813856273564471,human,0.8855618756812346,human,0.8668629791642124,4,human,,
815723346,caballist69,unknown,0.3466,0,,0.9790897908979089,human,1.0,human,0.5025172699535374,human,0.979427920579089,human,0.8652587453576339,4,human,,
815728048,kimcyu,unknown,0.6686,0,,0.7555555555555555,human,0.9230769230769231,human,0.86617955534214,human,0.9147389136742243,human,0.8648877369122108,4,human,,
815720004,SamSouthpaw,unknown,0.6709,0,,0.8328912466843501,human,0.7692307692307693,human,0.9999784819303494,human,0.8559847589076984,human,0.8645213141882918,4,human,,
815721748,Thesigan_Raju,unknown,1.0,0,,0.7638888888888888,human,0.7692307692307693,human,0.9999999999964189,human,0.9167206420752911,human,0.862460075047842,4,human,,
815731475,MrGoogol,unknown,0.3353,0,,0.9790897908979089,human,1.0,human,0.4829896486820177,non-human,0.9874190488380268,human,0.8623746221044883,3,human,,
815723277,luke_berlioux,unknown,0.6607,0,,0.9285714285714286,human,0.7692307692307693,human,0.8965822449926591,human,0.8441799847160484,human,0.8596411068777263,4,human,,
815738613,nhice_nhiz,unknown,0.6619,0,,0.9790897908979089,human,0.8461538461538461,human,0.7609404167020976,human,0.8516520659738809,human,0.8594590299319333,4,human,,
815722997,FavMeRyuko,unknown,0.6684,0,,0.77,human,0.7692307692307693,human,0.9999996593907678,human,0.883801083523208,human,0.8557578780361863,4,human,,
815733825,eerian_sadow,unknown,1.0,0,,0.5888888888888889,human,0.9230769230769231,human,0.9996580135435754,human,0.9108689308511576,human,0.8556231890901362,4,human,,
815736210,pavskies,unknown,0.644,0,,0.9285714285714286,human,0.6923076923076923,human,0.9747147118171734,human,0.8244896712101265,human,0.8550208759766051,4,human,,
815738131,logichole,unknown,0.3586,0,,0.9036827195467422,human,0.6153846153846154,human,0.9981710559645696,human,0.8993432715120534,human,0.8541454156019951,4,human,,
815737159,armaina,unknown,0.6567,0,,0.5384615384615384,human,1.0,human,1.0,human,0.8766179552238642,human,0.8537698734213506,4,human,,
815735993,OpusDye,unknown,0.6598,0,,0.7555555555555555,human,0.6923076923076923,human,0.9999999999999964,human,0.9614856107241522,human,0.8523372146468492,4,human,,
815732573,7mjslove,unknown,1.0,0,,0.6842105263157895,human,0.8461538461538461,human,0.9999999999994351,human,0.873446135713629,human,0.8509526270456749,4,human,,
815727315,ShaneSaunders88,unknown,0.3447,0,,0.9463087248322147,human,0.9230769230769231,human,0.6810315452553553,human,0.8443021918775756,human,0.8486798462605171,4,human,,
815728215,Tekin0816,unknown,0.3552,0,,0.9036827195467422,human,0.9230769230769231,human,0.6735667119566529,human,0.8943035149447619,human,0.84865746738127,4,human,,
815719341,Onmeed,unknown,0.3357,0,,0.9081967213114754,human,0.6153846153846154,human,0.9996189987345648,human,0.8708088345322046,human,0.8485022924907151,4,human,,
815721079,jotdragon,unknown,0.6727,0,,0.7943262411347518,human,0.8461538461538461,human,0.7927747759854034,human,0.9579673608107635,human,0.8478055560211912,4,human,,
815722168,HFMike,unknown,1.0,0,,0.8328912466843501,human,0.6923076923076923,human,0.9999999999972786,human,0.8659761857692603,human,0.8477937811896453,4,human,,
815726523,roolbrittania,unknown,0.6575,0,,0.8328912466843501,human,0.8461538461538461,human,0.9642770747944591,human,0.7411531264186135,human,0.8461188235128172,4,human,,
815729011,Keihaku65,unknown,0.6685,0,,0.77,human,0.7692307692307693,human,0.9984564293653908,human,0.8437871137006003,human,0.8453685780741901,4,human,,
815720457,LaudrupsHair,unknown,0.3379,0,,0.9054054054054054,human,1.0,human,0.6205448216358344,human,0.8536844354924297,human,0.8449086656334173,4,human,,
815724658,Lbczmusicjunky,unknown,0.3322,0,,0.896551724137931,human,0.6923076923076923,human,0.9981550397060355,human,0.7923791937901976,human,0.844848412485464,4,human,,
815730347,Thewill247x,unknown,0.3529,0,,0.8734177215189873,human,0.8461538461538461,human,0.6768261246831153,human,0.9825815972040007,human,0.8447448223899874,4,human,,
815721983,XyanHeiress,unknown,1.0,0,,0.8328912466843501,human,0.7692307692307693,human,0.9991092597231047,human,0.7776265042590875,human,0.8447144449743279,4,human,,
815737447,Kats_Bot,unknown,0.6769,0,,0.9054054054054054,human,0.8461538461538461,human,0.8215217528729932,human,0.8053717382776254,human,0.8446131856774676,4,human,,
815739254,RichardLionhea,unknown,0.3466,0,,0.8328912466843501,human,0.7692307692307693,human,0.996347401227274,human,0.7775426917061112,human,0.8440030272121262,4,human,,
815732557,hewhoasreturned,unknown,0.6674,0,,0.9054054054054054,human,0.7692307692307693,human,0.7268381679879008,human,0.9672418294471765,human,0.8421790430178129,4,human,,
815735751,SwaglordSeru,unknown,1.0,0,,0.8328912466843501,human,0.7692307692307693,human,0.9740635624017175,human,0.7878212212024578,human,0.8410016998798236,4,human,,
815721383,kmkash,unknown,0.6825,0,,0.9790897908979089,human,0.9230769230769231,human,0.48846585572515294,non-human,0.9719243773534257,human,0.8406392367633527,3,human,,
815719917,defencelessliam,unknown,0.6656,0,,0.9790897908979089,human,0.6153846153846154,human,0.9947627678730445,human,0.7724447160515991,human,0.840420472551792,4,human,,
815732367,luluxcv,unknown,0.6645,0,,0.9790897908979089,human,0.6153846153846154,human,0.8684146961579874,human,0.8943047200296451,human,0.8392984556175392,4,human,,
815731556,RBStalin,unknown,0.6744,0,,0.8328912466843501,human,0.7692307692307693,human,0.9150075471728207,human,0.8283299985045222,human,0.8363648903981157,4,human,,
815738263,_hxmmie,unknown,0.3413,0,,0.9790897908979089,human,0.6923076923076923,human,0.7363957864319579,human,0.9354358253004168,human,0.835807273734494,4,human,,
815738111,carolcoppie,unknown,0.6499,0,,0.8328912466843501,human,0.9230769230769231,human,0.9999997799720213,human,0.5870840288198711,human,0.8357629946382914,4,human,,
815719964,mitsuxtsuba,unknown,0.6967,0,,0.9285714285714286,human,0.7692307692307693,human,0.9999976845427786,human,0.6442823180168432,human,0.8355205500904549,4,human,,
815739346,khuma_th,unknown,1.0,0,,0.8328912466843501,human,0.9230769230769231,human,0.6872085986770267,human,0.89585731742058,human,0.83475852146472,4,human,,
815732933,basilbottler,unknown,0.3426,0,,0.6497584541062802,human,0.8461538461538461,human,0.9859911837328571,human,0.8544710435629113,human,0.8340936318889737,4,human,,
815724678,__wrxsub__,unknown,0.6752,0,,0.8328912466843501,human,1.0,human,0.6933670989346062,human,0.8098603705098943,human,0.8340296790322127,4,human,,
815734395,NetherGamesRBLX,unknown,0.3365,0,,0.7943262411347518,human,0.8461538461538461,human,0.9725210471410428,human,0.7210205088408026,human,0.8335054108176108,4,human,,
815721348,nighttime_lies,unknown,0.3572,0,,0.896551724137931,human,0.7692307692307693,human,0.9999998384324715,human,0.6681384470487057,human,0.8334801947124693,4,human,,
815737832,ShirokumaOkami,unknown,0.667,0,,0.9285714285714286,human,0.6923076923076923,human,0.9409426827965269,human,0.7683814696004161,human,0.832550818319016,4,human,,
815738398,PhotoMeli,unknown,0.6839,0,,0.9081967213114754,human,0.6923076923076923,human,0.8976825966251492,human,0.8307574907679596,human,0.8322361252530692,4,human,,
815721201,Volleybirb,unknown,0.6401,0,,0.77,human,0.7692307692307693,human,0.9999941226548775,human,0.7893467626631631,human,0.8321429136372024,4,human,,
815728484,CrestfallenJay,unknown,0.6572,0,,0.9790897908979089,human,1.0,human,0.45911879532512767,non-human,0.8871282330525184,human,0.8313342048188888,3,human,,
815721849,KamuiSongstress,unknown,0.6692,0,,0.8328912466843501,human,0.6923076923076923,human,0.987104381825128,human,0.8084872540906739,human,0.830197643726961,4,human,,
815736666,bogel888,unknown,0.3453,0,,0.9790897908979089,human,0.9230769230769231,human,0.4189519581336055,non-human,0.9925798674999491,human,0.8284246349020967,3,human,,
815736455,BIEBERSXRMADRID,unknown,0.3488,0,,0.5306122448979592,human,1.0,human,0.9764249951371881,human,0.803657653132601,human,0.8276737232919371,4,human,,
815720604,angeldeloceano,unknown,0.6469,0,,0.8328912466843501,human,0.7692307692307693,human,0.999289833371952,human,0.6906223595531134,human,0.8230085522100462,4,human,,
815721332,Perpetual_Khaos,unknown,0.6591,0,,0.8328912466843501,human,0.7692307692307693,human,0.8346198506613232,human,0.8496371554212354,human,0.8215947554994195,4,human,,
815739463,foreverLiberal,unknown,1.0,0,,0.7794117647058824,human,0.8461538461538461,human,0.7987779471153047,human,0.8607155356784367,human,0.8212647734133675,4,human,,
815735416,estelledaviesjo,unknown,0.671,0,,0.6385542168674698,human,0.9230769230769231,human,0.9999999999933529,human,0.7232180345797441,human,0.8212122936293725,4,human,,
815723194,rhexsus,unknown,0.6665,0,,0.8328912466843501,human,0.5384615384615384,human,0.9999998779101634,human,0.9114442112298956,human,0.820699218571487,4,human,,
815738708,rokxx,unknown,0.6533,0,,0.8328912466843501,human,0.6923076923076923,human,0.9914427469804278,human,0.757837361575653,human,0.8186197618870308,4,human,,
815726519,chaska_nyawi,unknown,0.6691,0,,0.8328912466843501,human,0.8461538461538461,human,0.9035322007926334,human,0.6913707049883296,human,0.8184869996547898,4,human,,
815724811,sous_hassoun,unknown,0.6664,0,,0.9790897908979089,human,0.9230769230769231,human,0.4128007930432244,non-human,0.9545443948423675,human,0.8173779754651059,3,human,,
815736464,jcalabra,unknown,0.6811,0,,0.896551724137931,human,0.6153846153846154,human,0.931510506315642,human,0.8141518372157032,human,0.814399670763473,4,human,,
815738509,TheFattHatt,unknown,0.6504,0,,0.9285714285714286,human,0.5384615384615384,human,0.9618430841805714,human,0.8251145351699202,human,0.8134976465958647,4,human,,
815738995,ThcVRCHXTCKT,unknown,0.6548,0,,0.9347826086956522,human,0.5384615384615384,human,0.8792894099704847,human,0.900769866307049,human,0.8133258558586811,4,human,,
815724480,Lundin77,unknown,0.3574,0,,0.6497584541062802,human,0.8461538461538461,human,0.999997997553096,human,0.7565579388768967,human,0.8131170591725297,4,human,,
815719762,Binkenstein,unknown,0.6762,0,,0.7794117647058824,human,0.6153846153846154,human,0.9542419370043089,human,0.8995878720982751,human,0.8121565472982704,4,human,,
815732593,jadehill2001,unknown,1.0,0,,0.9463087248322147,human,0.9230769230769231,human,0.4219270031255221,non-human,0.9532539132770281,human,0.811141641077922,3,human,,
815730732,Baddlandsmgc,unknown,0.6652,0,,0.5306122448979592,human,0.8461538461538461,human,0.9998230326491551,human,0.8570019827352765,human,0.8083977766090593,4,human,,
815732513,ragtopdays,unknown,0.6822,0,,0.803030303030303,human,0.6153846153846154,human,0.9950701282836071,human,0.8185087664952689,human,0.8079984532984487,4,human,,
815730408,denimblob,unknown,1.0,0,,0.9790897908979089,human,0.6923076923076923,human,0.6179158796436663,human,0.9329548030361916,human,0.8055670414713647,4,human,,
815724586,emmybeezyk,unknown,0.6552,0,,0.9036827195467422,human,0.6153846153846154,human,0.9871946012627896,human,0.7130667840860104,human,0.8048321800700393,4,human,,
815730588,_Black1D_,unknown,0.6709,0,,0.9347826086956522,human,1.0,human,0.2859819530640463,non-human,0.9910793576710408,human,0.8029609798576849,3,human,,
815729607,nachik_387,unknown,0.6779,0,,0.9790897908979089,human,0.9230769230769231,human,0.36894424127859954,non-human,0.9374343373270538,human,0.8021363231451214,3,human,,
815725567,Lethal_Chef,unknown,0.3449,0,,0.9036827195467422,human,0.5384615384615384,human,0.9350826565516163,human,0.815115119439177,human,0.7980855084997684,4,human,,
815735992,Ninja__Noodles,unknown,0.6756,0,,0.7794117647058824,human,0.7692307692307693,human,0.7548104794612401,human,0.888055929028069,human,0.7978772356064903,4,human,,
815731742,Darkhours,unknown,0.3555,0,,0.803030303030303,human,0.6153846153846154,human,0.9810258273351069,human,0.7910421076853182,human,0.797620713358836,4,human,,
815724029,KingGalaxxy,unknown,0.6817,0,,0.6497584541062802,human,0.7692307692307693,human,0.9999981191468623,human,0.7690845339887299,human,0.7970179691181605,4,human,,
815729070,nietschze_1,unknown,0.6841,0,,0.9911504424778761,human,0.7692307692307693,human,0.5751293768086608,human,0.8513509417748018,human,0.796715382573027,4,human,,
815719371,sevpiehl,unknown,0.6656,0,,0.7794117647058824,human,0.8461538461538461,human,0.8790440800628221,human,0.6800872885445034,human,0.7961742448667635,4,human,,
815736526,JDP_53,unknown,0.6758,0,,0.9790897908979089,human,0.6153846153846154,human,0.7511174041298954,human,0.8354153372011505,human,0.7952517869033925,4,human,,
815719772,ML_M_hunter,unknown,0.6607,0,,0.7794117647058824,human,0.6923076923076923,human,0.9837917691276681,human,0.7210972246699404,human,0.7941521127027958,4,human,,
815734257,calmdowndarlin,unknown,0.6779,0,,0.8328912466843501,human,0.9230769230769231,human,0.8677282570872871,human,0.551673752062031,human,0.7938425447276478,4,human,,
815736031,AraVulletoRosa,unknown,1.0,0,,0.77,human,0.9230769230769231,human,0.9999999359980747,human,0.47879733379853884,non-human,0.7929685482183841,3,human,,
815739413,connor_hatstat,unknown,0.3449,0,,0.7794117647058824,human,0.9230769230769231,human,0.6547967031102545,human,0.8130803954775075,human,0.7925914465926419,4,human,,
815722776,OreoPurr,unknown,0.6599,0,,0.46875,non-human,0.8461538461538461,human,0.9999999999999503,human,0.8501317521540245,human,0.7912588995769553,3,human,,
815734412,BramhallHatter,unknown,0.6734,0,,0.8328912466843501,human,0.9230769230769231,human,0.6315319764705397,human,0.7771794715663645,human,0.7911699044495444,4,human,,
815727995,rico____,unknown,0.6748,0,,0.4411764705882353,non-human,0.8461538461538461,human,1.0,human,0.864488197261045,human,0.7879546285007816,3,human,,
815722829,AriJBiebTaySwft,unknown,0.6661,0,,0.9790897908979089,human,0.5384615384615384,human,0.8853676375233046,human,0.7439523632569597,human,0.786717832534928,4,human,,
815731765,BritishSennen,unknown,0.6624,0,,0.8328912466843501,human,0.6923076923076923,human,0.9999139610197504,human,0.6199977753091557,human,0.7862776688302371,4,human,,
815723074,GreatNegrodamus,unknown,0.685,0,,0.7794117647058824,human,0.8461538461538461,human,0.8174897646230405,human,0.7005820096013121,human,0.7859093462710203,4,human,,
815722683,brileereif,unknown,0.6698,0,,0.9054054054054054,human,0.9230769230769231,human,0.38477665279311035,non-human,0.9253852204353159,human,0.7846610504276887,3,human,,
815719703,StreetFur,unknown,1.0,0,,0.8328912466843501,human,0.6153846153846154,human,0.9776042002574465,human,0.7046256758018723,human,0.782626434532071,4,human,,
815722954,TwirrahEmpire,unknown,0.6684,0,,0.9054054054054054,human,0.7692307692307693,human,0.7148544096283239,human,0.7405592186134292,human,0.782512450719482,4,human,,
815739405,NuFlailsAbout,unknown,0.3493,0,,0.8328912466843501,human,0.9230769230769231,human,0.8206527275140096,human,0.5531509842892064,human,0.7824429703911222,4,human,,
815739345,suckatsports,unknown,0.6734,0,,0.9790897908979089,human,0.7692307692307693,human,0.598065216360922,human,0.7798778857678332,human,0.7815659155643584,4,human,,
815721500,HowardsHungry,unknown,0.6765,0,,0.7943262411347518,human,0.7692307692307693,human,0.8609645723345835,human,0.6998570978497499,human,0.7810946701374636,4,human,,
815737785,PepePeadro,unknown,0.3493,0,,0.8328912466843501,human,0.6923076923076923,human,0.9457014825044201,human,0.6525931509042561,human,0.7808733931001797,4,human,,
815736128,EmperorShaohao,unknown,0.6709,0,,0.7027027027027027,human,0.8461538461538461,human,0.6690765709645524,human,0.889633093907718,human,0.7768915534322048,4,human,,
815732614,Altafkazi,unknown,0.6777,0,,0.8918918918918919,human,1.0,human,0.23351073062280137,non-human,0.9746227081041499,human,0.7750063326547108,3,human,,
815737373,samisimps,unknown,0.6617,0,,0.9911504424778761,human,0.9230769230769231,human,0.2338626219882485,non-human,0.9497382577406432,human,0.7744570613209227,3,human,,
815722722,candxtommo,unknown,0.3431,0,,0.7794117647058824,human,0.9230769230769231,human,0.7379955631219877,human,0.6532061567950056,human,0.7734226019249497,4,human,,
815731429,Cloudy_Cakes,unknown,0.6591,0,,0.7794117647058824,human,0.7692307692307693,human,0.8115642342748267,human,0.7304740038130318,human,0.7726701930061275,4,human,,
815731786,lilniggademon,unknown,0.3499,0,,0.77,human,0.6923076923076923,human,0.9999970267091747,human,0.625951661402745,human,0.772064095104903,4,human,,
815737446,rafelle1819,unknown,0.3419,0,,0.9790897908979089,human,1.0,human,0.11218231051528407,non-human,0.9907688407948118,human,0.7705102355520012,3,human,,
815719245,GourlayLynn,unknown,0.3527,0,,0.9790897908979089,human,0.9230769230769231,human,0.42619653582431416,non-human,0.7470368840844955,human,0.7688500334709104,3,human,,
815739273,Deer_Head_Xiris,unknown,0.3453,0,,0.77,human,0.6923076923076923,human,0.9496382202519908,human,0.6605189510416851,human,0.7681162159003421,4,human,,
815721945,obviousstalker_,unknown,1.0,0,,0.9054054054054054,human,0.7692307692307693,human,0.4404000597386062,non-human,0.9556803678413628,human,0.7676791505540359,3,human,,
815726271,violotto,unknown,0.3603,0,,0.7794117647058824,human,0.6923076923076923,human,0.995792250501482,human,0.600140385370575,human,0.766913023221408,4,human,,
815739034,singitsa_uchia,unknown,0.3379,0,,0.8328912466843501,human,0.6923076923076923,human,0.7856772753655323,human,0.7529030649270176,human,0.765944819821148,4,human,,
815732404,Melhex1,unknown,0.6695,0,,0.8918918918918919,human,0.9230769230769231,human,0.35059377341459796,non-human,0.896868794501615,human,0.7656078457212571,3,human,,
815722897,TheRealDeeKay86,unknown,0.3375,0,,0.6497584541062802,human,0.7692307692307693,human,0.9997644579238169,human,0.6433142556280019,human,0.7655169842222171,4,human,,
815734031,iljc3,unknown,0.6709,0,,0.9054054054054054,human,0.9230769230769231,human,0.3703558312412332,non-human,0.8554791109830755,human,0.7635793176766593,3,human,,
815720428,JermaBot,unknown,0.3361,0,,0.7943262411347518,human,0.6153846153846154,human,0.8792670588201149,human,0.7615400971807127,human,0.7626295031300487,4,human,,
815723982,Lilamedusa,unknown,0.3472,0,,0.6497584541062802,human,0.7692307692307693,human,0.9691701332458937,human,0.647179509558675,human,0.7588347165354046,4,human,,
815732733,itsZaddyHOE,unknown,0.6476,0,,0.46875,non-human,0.8461538461538461,human,0.9999999999985363,human,0.718744826302376,human,0.7584121681136896,3,human,,
815723632,CromwellStuff,unknown,0.671,0,,0.8328912466843501,human,0.8461538461538461,human,0.7302648119301768,human,0.6242270097873439,human,0.7583842286389293,4,human,,
815738104,ElenkaPenina,unknown,0.3275,0,,0.2692307692307692,non-human,0.9230769230769231,human,0.9999999999754898,human,0.8254352970805386,human,0.7544357473409302,3,human,,
815720582,Almaz_Khaltamze,unknown,0.6351,0,,0.7555555555555555,human,0.6153846153846154,human,0.9417616457480688,human,0.704350474489818,human,0.7542630727945144,4,human,,
815727100,cnettles2k12,unknown,0.6645,0,,0.9911504424778761,human,1.0,human,0.04706419862481878,non-human,0.9784856641168519,human,0.7541750763048867,3,human,,
815732855,derraero,unknown,0.6755,0,,0.9285714285714286,human,0.6153846153846154,human,0.9751219956141076,human,0.4949300398377725,non-human,0.7535020198519811,3,human,,
815730611,Bhaloo79,unknown,0.6722,0,,0.4411764705882353,non-human,0.9230769230769231,human,0.7966752379141213,human,0.8479027506784761,human,0.752207845564439,3,human,,
815736590,ThePimpinPuppet,unknown,0.6758,0,,0.46875,non-human,0.8461538461538461,human,0.8623637676228484,human,0.8235808135336389,human,0.7502121068275834,3,human,,
815722644,xxx44static,unknown,0.6688,0,,0.9347826086956522,human,0.9230769230769231,human,0.25046149909927135,non-human,0.8898963165756452,human,0.7495543368618729,3,human,,
815719747,lifemotivatn,unknown,0.6681,0,,0.7555555555555555,human,0.6923076923076923,human,0.7206360873430349,human,0.8237121461679541,human,0.7480528703435593,4,human,,
815736067,albertl05,unknown,0.3475,0,,0.9463087248322147,human,0.8461538461538461,human,0.3215340461477627,non-human,0.867092317836461,human,0.7452722337425711,3,human,,
815724754,beep_roadrunner,unknown,0.6734,0,,0.7794117647058824,human,0.7692307692307693,human,0.7168745278019802,human,0.7091733659844692,human,0.7436726069307753,4,human,,
815727748,mab8663Panto,unknown,0.6709,0,,0.9054054054054054,human,1.0,human,0.07928667079718635,non-human,0.981641519842237,human,0.7415833990112072,3,human,,
815734349,sloane_m,unknown,0.3516,0,,0.40425531914893614,non-human,0.8461538461538461,human,0.8750636392028885,human,0.837792836546202,human,0.7408164102629682,3,human,,
815728778,BelairePappa,unknown,0.3429,0,,0.0,non-human,1.0,human,0.9999999528091952,human,0.9621815501203294,human,0.7405453757323811,3,human,,
815735893,GliesanXatu,unknown,1.0,0,,0.7943262411347518,human,0.6923076923076923,human,0.7192221657806502,human,0.756117965237891,human,0.7404935161152464,4,human,,
815727819,xTHOUTRANCYx,unknown,0.6886,0,,0.7943262411347518,human,0.7692307692307693,human,0.4583753631706033,non-human,0.9278518267608662,human,0.7374460500742477,3,human,,
815723182,TKinBA21,unknown,0.6833,0,,0.4931506849315068,non-human,0.8461538461538461,human,0.7268662232822031,human,0.8793679519685146,human,0.7363846765840176,3,human,,
815721327,KillsForLove,unknown,0.6824,0,,0.4411764705882353,non-human,0.8461538461538461,human,0.8653394656338067,human,0.7886345323956736,human,0.7353260786928904,3,human,,
815731757,ReaperX12191,unknown,0.6705,0,,0.9463087248322147,human,1.0,human,0.015915469430656776,non-human,0.9742112714652752,human,0.7341088664320367,3,human,,
815728935,ponybutts,unknown,1.0,0,,0.7555555555555555,human,0.9230769230769231,human,0.4116386564418562,non-human,0.8288461423838382,human,0.7297793193645432,3,human,,
815737371,jhfhhdhds,unknown,0.6789,0,,0.9347826086956522,human,0.7692307692307693,human,0.2952620830056198,non-human,0.9194670924569107,human,0.729685638347238,3,human,,
815729994,greer_bobby,unknown,0.3559,0,,0.3754646840148699,non-human,0.9230769230769231,human,0.9568444345436069,human,0.6586026953063748,human,0.7284971842354436,3,human,,
815735961,babygurlnatalii,unknown,0.6492,0,,0.9054054054054054,human,0.8461538461538461,human,0.22282681854447658,non-human,0.9380188722461708,human,0.7281012355874747,3,human,,
815738839,beemergal0927,unknown,0.3358,0,,0.9054054054054054,human,0.8461538461538461,human,0.26185422850459233,non-human,0.8969663613503533,human,0.7275949603535492,3,human,,
815724221,KeikoTakamura,unknown,0.6644,0,,0.6756756756756757,human,0.5384615384615384,human,0.8963295996418997,human,0.7997072184033791,human,0.7275435080456233,4,human,,
815726558,Spats07,unknown,0.6593,0,,0.6497584541062802,human,0.9230769230769231,human,0.6675032349148375,human,0.6611835520940176,human,0.7253805410480146,4,human,,
815721656,Ace_999666,unknown,0.3489,0,,0.9463087248322147,human,1.0,human,0.0026138113692515,non-human,0.9485502202111592,human,0.7243681891031564,3,human,,
815723145,AWDtwit,unknown,0.6415,0,,0.9708994708994709,human,0.8461538461538461,human,0.17144530815887224,non-human,0.9052432724624297,human,0.7234354744186547,3,human,,
815719390,tslong2108,unknown,0.6725,0,,0.9054054054054054,human,1.0,human,0.007508607061059498,non-human,0.9732025069562611,human,0.7215291298556814,3,human,,
815721840,Br0ly__,unknown,0.6663,0,,0.9790897908979089,human,0.6153846153846154,human,0.5942938879575086,human,0.6880581948557664,human,0.7192066222739498,4,human,,
815730973,SilverJotun,unknown,0.3372,0,,0.8328912466843501,human,0.7692307692307693,human,0.8604284383511247,human,0.38812642306325323,non-human,0.7126692193323744,3,human,,
815722405,castlextown,unknown,0.3359,0,,0.3754646840148699,non-human,0.8461538461538461,human,0.9247685822086877,human,0.7012710875098427,human,0.7119145499718116,3,human,,
815723478,sugardadpxyne,unknown,0.6629,0,,0.7794117647058824,human,0.6153846153846154,human,0.6899201224173283,human,0.7582651780410622,human,0.710745420137222,4,human,,
815726330,ChristianArth13,unknown,0.6877,0,,0.9347826086956522,human,1.0,human,0.03378445970731642,non-human,0.8727976028990637,human,0.7103411678255082,3,human,,
815732995,ozzyway1,unknown,0.6791,0,,0.0,non-human,0.8461538461538461,human,0.9999272306081552,human,0.986266524295564,human,0.7080869002643914,3,human,,
815733638,TheTacitVoice,unknown,0.6534,0,,0.7943262411347518,human,0.9230769230769231,human,0.24149367043948886,non-human,0.8632652086214414,human,0.7055405108181513,3,human,,
815722723,rainbovideo,unknown,0.6647,0,,0.7794117647058824,human,0.46153846153846156,non-human,0.9964762281598296,human,0.584091536062453,human,0.7053794976166566,3,human,,
815719480,MidAtlantcWoman,unknown,0.3407,0,,0.5888888888888889,human,0.9230769230769231,human,0.48106627083564407,non-human,0.8273023441213713,human,0.7050836067307068,3,human,,
815722988,sefdsx,unknown,0.6618,0,,0.4,non-human,0.8461538461538461,human,0.7834667216340708,human,0.7748587551739106,human,0.7011198307404569,3,human,,
815728934,Sound_Of_Brunel,unknown,0.6759,0,,1.0,human,0.9230769230769231,human,0.007698295615006881,non-human,0.8726288819120441,human,0.7008510251509935,3,human,,
815735974,tiertanas,unknown,0.6727,0,,0.7943262411347518,human,0.7692307692307693,human,0.36436010973495897,non-human,0.8752953129978344,human,0.7008031082745786,3,human,,
815725096,laurxstyles,unknown,0.3447,0,,0.0,non-human,1.0,human,0.9995043790218049,human,0.797898594024639,human,0.6993507432616111,3,human,,
815719813,little__nialler,unknown,0.6744,0,,0.7943262411347518,human,0.8461538461538461,human,0.2930609534652834,non-human,0.8606745238518558,human,0.6985538911514342,3,human,,
815721292,Calgor_Blackpaw,unknown,0.6626,0,,0.7794117647058824,human,0.6153846153846154,human,0.6797928531241254,human,0.714079191946956,human,0.6971671062903948,4,human,,
815728227,Alisair17,unknown,0.6704,0,,0.9463087248322147,human,0.8461538461538461,human,0.1865015719229513,non-human,0.8081792577415151,human,0.6967858501626318,3,human,,
815719811,blankyhanky3,unknown,0.6595,0,,0.7943262411347518,human,0.9230769230769231,human,0.12148973861573917,non-human,0.9473852253719256,human,0.696569532049835,3,human,,
815737728,CK_Kirbi,unknown,1.0,0,,0.7943262411347518,human,1.0,human,0.06619362426464792,non-human,0.9255309797886958,human,0.6965127112970239,3,human,,
815739541,ramblejamble,unknown,0.3446,0,,0.6497584541062802,human,0.7692307692307693,human,0.8007851175215237,human,0.5547138567904303,human,0.6936220494122509,4,human,,
815721320,followback642,unknown,0.6648,0,,0.9347826086956522,human,0.9230769230769231,human,0.013743030544197116,non-human,0.9005407829959899,human,0.6930358363281905,3,human,,
815724289,r60451,unknown,0.6576,0,,0.7943262411347518,human,1.0,human,0.00021094830560037877,non-human,0.9749485249285832,human,0.6923714285922338,3,human,,
815735351,RRipcords,unknown,0.6512,0,,0.7794117647058824,human,1.0,human,0.11843012070678029,non-human,0.8696589194432762,human,0.6918752012139847,3,human,,
815727239,abufayezm,unknown,0.6645,0,,0.5888888888888889,human,0.7692307692307693,human,0.5674722292055213,human,0.8412264770923764,human,0.691704591104389,4,human,,
815738811,Purdom_L,unknown,0.6621,0,,0.5888888888888889,human,0.46153846153846156,non-human,0.9032511303518599,human,0.8071230175557219,human,0.6902003745837331,3,human,,
815730416,Optimalternativ,unknown,0.6475,0,,0.9347826086956522,human,0.7692307692307693,human,0.1942613227675163,non-human,0.8615506756894976,human,0.6899563440958588,3,human,,
815728802,johnpri73850456,unknown,0.3514,0,,0.9790897908979089,human,0.7692307692307693,human,5.188348995261497e-05,non-human,0.9920843140948522,human,0.6851141894283708,3,human,,
815722144,khari_lemuel,unknown,0.6651,0,,0.9911504424778761,human,0.7692307692307693,human,5.953619951602048e-20,non-human,0.971989946116911,human,0.6830927894563892,3,human,,
815720427,alit_en,unknown,0.3439,0,,0.0,non-human,0.9230769230769231,human,0.9692402256026471,human,0.8367857297360102,human,0.6822757196038951,3,human,,
815719633,CursedUHC,unknown,0.6615,0,,0.9054054054054054,human,0.8461538461538461,human,0.1499875366805752,non-human,0.8250401260773452,human,0.681646728579293,3,human,,
815727946,That_One_Werido,unknown,0.3576,0,,0.7943262411347518,human,0.8461538461538461,human,0.2110791198283063,non-human,0.8724178682008411,human,0.6809942688294363,3,human,,
815733170,TitorTau,unknown,1.0,0,,0.8328912466843501,human,0.5384615384615384,human,0.593917860308747,human,0.7549666523130137,human,0.6800593244419124,4,human,,
815722765,NicheMarketway,unknown,0.6788,0,,0.6497584541062802,human,0.6153846153846154,human,0.8279624297437497,human,0.6263153081471371,human,0.6798552018454456,4,human,,
815721764,Godsh0t,unknown,0.3404,0,,0.9463087248322147,human,0.7692307692307693,human,0.1337581774223151,non-human,0.8566141244224151,human,0.6764779489769286,3,human,,
815729283,chandri,unknown,0.6547,0,,0.41836734693877553,non-human,0.6153846153846154,human,0.9556519857542625,human,0.7149261441626812,human,0.6760825230600837,3,human,,
815727686,SL4V4Z4R,unknown,0.3551,0,,0.2876712328767123,non-human,0.7692307692307693,human,0.7660270621929689,human,0.8799086574637351,human,0.6757094304410465,3,human,,
815719842,blankyhanky1,unknown,0.3443,0,,0.7943262411347518,human,0.9230769230769231,human,0.052630150323710816,non-human,0.9279101047573198,human,0.6744858548231764,3,human,,
815721464,larrypetal,unknown,0.658,0,,0.37142857142857144,non-human,0.7692307692307693,human,0.9941362049795259,human,0.5574658948989728,human,0.6730653601344598,3,human,,
815729827,_hopelessmess,unknown,0.6595,0,,0.8328912466843501,human,0.8461538461538461,human,0.5345272638212757,human,0.4765799646939639,non-human,0.6725380803383589,3,human,,
815719825,blankyhanky20,unknown,0.6674,0,,0.7943262411347518,human,0.9230769230769231,human,0.03135656593523752,non-human,0.9386740935456798,human,0.6718584559231481,3,human,,
815732734,JIZLO,unknown,0.6689,0,,0.7794117647058824,human,0.8461538461538461,human,0.16162773429450214,non-human,0.8991590746031349,human,0.6715881049393414,3,human,,
815723178,Pooja991,unknown,0.3592,0,,0.9463087248322147,human,0.6923076923076923,human,0.27700340487848985,non-human,0.7685171208022422,human,0.6710342357051597,3,human,,
815723180,NerfMagnetic,unknown,0.6503,0,,1.0,human,0.8461538461538461,human,0.0027151357206862555,non-human,0.8302383465044657,human,0.6697768320947496,3,human,,
815736231,SHAZAMThe4z,unknown,0.3581,0,,0.6842105263157895,human,0.6153846153846154,human,0.9820051501719448,human,0.38695640713356233,non-human,0.667139174751478,3,human,,
815735940,Warden_AoS,unknown,1.0,0,,0.8918918918918919,human,0.8461538461538461,human,0.12044229404953988,non-human,0.8092976821027982,human,0.666946428549519,3,human,,
815726306,Marduk021374,unknown,1.0,0,,0.8918918918918919,human,0.8461538461538461,human,0.0023725038954710577,non-human,0.9237212510565544,human,0.6660348732494409,3,human,,
815739327,mcholic11,unknown,0.6866,0,,1.0,human,0.8461538461538461,human,0.0029182642515840178,non-human,0.8097996265392441,human,0.6647179342361685,3,human,,
815733792,bot_salty,unknown,0.6761,0,,0.4411764705882353,non-human,0.6923076923076923,human,0.9999599848914831,human,0.523469184607277,human,0.6642283330986719,3,human,,
815726389,SoggyHunger,unknown,0.3403,0,,0.7794117647058824,human,0.46153846153846156,non-human,0.7779996748317278,human,0.6358993984207332,human,0.6637123248742012,3,human,,
815727972,bonnievanak,unknown,0.3477,0,,0.7794117647058824,human,0.46153846153846156,non-human,0.8026960754635469,human,0.6067124733531609,human,0.662589693765263,3,human,,
815735251,lncarnatedEvil,unknown,0.6881,0,,0.7794117647058824,human,0.5384615384615384,human,0.5007522820319307,human,0.8292281482769901,human,0.6619634333690854,4,human,,
815720745,KashwekaNyambe,unknown,1.0,0,,0.7943262411347518,human,0.7692307692307693,human,0.14154503732546309,non-human,0.9420676340370758,human,0.661792420432015,3,human,,
815737173,SlutOfUnova,unknown,0.6623,0,,0.7943262411347518,human,0.6153846153846154,human,0.556415286910944,human,0.6539334128411023,human,0.6550148890678533,4,human,,
815736324,iamdluhansa,unknown,0.6822,0,,0.5888888888888889,human,0.8461538461538461,human,0.4854521077059567,non-human,0.6978844304444496,human,0.6545948182982854,3,human,,
815725522,natangram,unknown,0.6792,0,,0.9285714285714286,human,0.7692307692307693,human,0.09676691385756174,non-human,0.8165608412321382,human,0.6527824882229745,3,human,,
815735396,xLawso42x,unknown,0.6708,0,,0.6497584541062802,human,0.38461538461538464,non-human,0.9603654715322206,human,0.6129809499767089,human,0.6519300650576485,3,human,,
815738925,Relle_MonRoe,unknown,0.3527,0,,0.7794117647058824,human,0.38461538461538464,non-human,0.8741199225333071,human,0.5685254907863309,human,0.6516681406602263,3,human,,
815738980,jhonadelacruz73,unknown,0.6711,0,,1.0,human,0.8461538461538461,human,0.0007453533404176084,non-human,0.7585159001447968,human,0.6513537749097651,3,human,,
815720649,Moonthralling,unknown,0.6862,0,,0.7943262411347518,human,0.6923076923076923,human,0.7771598950440833,human,0.33973846630768006,non-human,0.6508830736985519,3,human,,
815733925,FiveWayRevenge,unknown,0.6752,0,,0.6385542168674698,human,0.46153846153846156,non-human,0.9942034979210805,human,0.5055076962568741,human,0.6499509681459715,3,human,,
815725445,Edge1A,unknown,0.6721,0,,0.7794117647058824,human,0.6923076923076923,human,0.21947137119069704,non-human,0.9080600255972613,human,0.6498127134503833,3,human,,
815734245,lemotquitue,unknown,0.6427,0,,0.7943262411347518,human,0.8461538461538461,human,0.030102148479330203,non-human,0.9276391975662567,human,0.6495553583335462,3,human,,
815737626,zendisy,unknown,1.0,0,,0.9347826086956522,human,0.7692307692307693,human,0.27198781272425177,non-human,0.621866670429533,human,0.6494669652700515,3,human,,
815731474,CrusheyyPOO,unknown,0.3376,0,,0.8734177215189873,human,0.5384615384615384,human,0.5981638397191587,human,0.5802250184609492,human,0.6475670295401584,4,human,,
815738910,LeezaMari17,unknown,0.3527,0,,1.0,human,0.9230769230769231,human,0.00018309445536157827,non-human,0.6622975844543431,human,0.6463894004966569,3,human,,
815730331,mongang7777,unknown,0.3372,0,,0.7943262411347518,human,0.8461538461538461,human,0.0025919552955351206,non-human,0.9385941490367721,human,0.6454165479052263,3,human,,
815734652,mcmahon_josie,unknown,0.346,0,,0.7943262411347518,human,0.7692307692307693,human,0.13131848439708935,non-human,0.8819364946737894,human,0.6442029973591,3,human,,
815722678,JrWarwick,unknown,0.3439,0,,0.77,human,0.6923076923076923,human,0.5756492948735864,human,0.5243200199872716,human,0.6405692517921376,4,human,,
815724453,BtGbtex,unknown,0.6385,0,,0.4931506849315068,non-human,0.8461538461538461,human,0.4232764252286394,non-human,0.7938852194736559,human,0.639116543946912,2,human,,
815722559,Jenner757,unknown,0.6639,0,,0.7794117647058824,human,0.8461538461538461,human,0.10379128339091528,non-human,0.7853720288828786,human,0.6286822307833806,3,human,,
815733326,mlp_Myriyan,unknown,0.3529,0,,0.7943262411347518,human,0.8461538461538461,human,0.09723238895186016,non-human,0.7742590327947375,human,0.6279928772587989,3,human,,
815733720,SJSkatiea,unknown,0.6666,0,,0.7943262411347518,human,0.8461538461538461,human,0.011056362016406156,non-human,0.8588983056398686,human,0.6276086887362181,3,human,,
815728266,feros_vazquez,unknown,0.6551,0,,0.7638888888888888,human,0.6923076923076923,human,0.22530712409521242,non-human,0.8242680332604467,human,0.6264429346380601,3,human,,
815732451,ArsenalKnight22,unknown,0.635,0,,1.0,human,0.7692307692307693,human,0.04418945654850112,non-human,0.6886951302574186,human,0.6255288390091722,3,human,,
815726924,foodpornism,unknown,0.6732,0,,0.9347826086956522,human,0.8461538461538461,human,0.07353766762217613,non-human,0.6408768795879777,human,0.6238377505149131,3,human,,
815725989,zaloxypazife,unknown,0.6745,0,,0.7943262411347518,human,0.8461538461538461,human,0.020563681497535503,non-human,0.8332906719096028,human,0.623583610173934,3,human,,
815721357,KithinjiKinoti,unknown,0.6578,0,,0.0,non-human,0.7692307692307693,human,0.941804805261171,human,0.7712467317883004,human,0.6205705765700602,3,human,,
815733282,PirateOfTheSeas,unknown,0.6604,0,,0.4931506849315068,non-human,0.7692307692307693,human,0.44375032078935994,non-human,0.7745471754836255,human,0.6201697376088154,2,human,,
815729843,underprop,unknown,0.6806,0,,0.0,non-human,0.6923076923076923,human,0.9973171510042029,human,0.7844559242627311,human,0.6185201918936566,3,human,,
815730323,jjremoval,unknown,0.3498,0,,0.7943262411347518,human,0.8461538461538461,human,0.01635842373732348,non-human,0.8135048047862359,human,0.6175858289530394,3,human,,
815729777,Coalie00,unknown,0.6957,0,,0.9285714285714286,human,0.6153846153846154,human,8.652435098623303e-20,non-human,0.9220753682606835,human,0.6165078530541819,3,human,,
815736559,Ygflass,unknown,0.6651,0,,0.3754646840148699,non-human,0.5384615384615384,human,0.9355658090349069,human,0.601844123206376,human,0.6128340386794229,3,human,,
815722661,Gideon_Boots,unknown,1.0,0,,0.7943262411347518,human,0.9230769230769231,human,0.023317785579692045,non-human,0.6964399919722146,human,0.6092902354408953,3,human,,
815737978,4rca,unknown,0.667,0,,0.8734177215189873,human,0.5384615384615384,human,0.06439862675247916,non-human,0.9575829921934931,human,0.6084652197316245,3,human,,
815735382,TigarisMC,unknown,1.0,0,,0.3754646840148699,non-human,0.38461538461538464,non-human,0.9649762356480245,human,0.7075867715687638,human,0.6081607689617607,2,human,,
815722582,TheImitatingOne,unknown,1.0,0,,0.9166666666666666,human,0.8461538461538461,human,0.13184064771173568,non-human,0.5356375099600207,human,0.6075746676230673,3,human,,
815722782,MissMyrtle2,unknown,0.6642,0,,0.9081967213114754,human,0.6923076923076923,human,0.0013643354933474032,non-human,0.8032821149176428,human,0.6012877160075395,3,human,,
815720449,Begaria,unknown,0.6864,0,,0.3754646840148699,non-human,0.6923076923076923,human,0.9656547361118251,human,0.36659716076471793,non-human,0.6000060682997763,2,human,,
815721036,BlameEbro,unknown,0.346,0,,0.7794117647058824,human,0.38461538461538464,non-human,0.9363805919642514,human,0.2973910724259181,non-human,0.5994497034278592,2,human,,
815738228,Chota_Qureshi,unknown,0.6403,0,,0.7794117647058824,human,0.38461538461538464,non-human,0.6126251314850281,human,0.6037413614681124,human,0.5950984105686019,3,human,,
815730954,wolfcrane,unknown,0.6935,0,,0.7794117647058824,human,0.38461538461538464,non-human,0.44315286794408276,non-human,0.7698969649530681,human,0.5942692455546045,2,human,,
815730271,LittleTitch89,unknown,0.3374,0,,0.7794117647058824,human,0.5384615384615384,human,0.37449064715595665,non-human,0.6760662301276105,human,0.592107545112747,3,human,,
815721559,TheStossa,unknown,0.6513,0,,0.896551724137931,human,0.5384615384615384,human,0.27078645713022903,non-human,0.6596202523876377,human,0.591354993029334,3,human,,
815728065,CasterImhotep,unknown,0.6567,0,,0.4931506849315068,non-human,0.46153846153846156,non-human,0.952167177049934,human,0.455513343925299,non-human,0.5905924168613004,1,non-human,,
815735204,demons,unknown,0.6904,0,,0.25675675675675674,non-human,0.8461538461538461,human,0.4356942734655091,non-human,0.805476002084414,human,0.5860202196151315,2,human,,
815721448,djdugchant,unknown,0.3479,0,,0.23529411764705882,non-human,0.6923076923076923,human,0.9766489423305574,human,0.43369436913431103,non-human,0.5844862803549049,2,human,,
815735806,NgeBacood,unknown,0.678,0,,0.7638888888888888,human,1.0,human,0.0038637616020793407,non-human,0.5684699476299178,human,0.5840556495302215,3,human,,
815721284,MizzleLive,unknown,0.6593,0,,0.7794117647058824,human,0.6923076923076923,human,0.03138254706727069,non-human,0.8214751482139834,human,0.5811442880737072,3,human,,
815723486,drex_hoople,unknown,0.6499,0,,0.9790897908979089,human,0.6923076923076923,human,3.5834259277759816e-68,non-human,0.6472297065055568,human,0.5796567974277895,3,human,,
815731554,TheGrassLizard,unknown,0.6674,0,,0.4931506849315068,non-human,0.8461538461538461,human,0.3266662704199791,non-human,0.6516793030947876,human,0.5794125261500299,2,human,,
815721104,urbansoulz,unknown,0.6838,0,,0.7794117647058824,human,0.6923076923076923,human,0.0713331341311176,non-human,0.7695245513978575,human,0.5781442856356375,3,human,,
815739294,TinyTitties4,unknown,0.6568,0,,0.2876712328767123,non-human,0.7692307692307693,human,0.9999862720236523,human,0.2533789508193731,non-human,0.5775668062376267,2,human,,
815722349,slimeshark,unknown,0.6609,0,,0.9081967213114754,human,0.5384615384615384,human,0.10337064933740231,non-human,0.7420224067114308,human,0.5730128289554618,3,human,,
815719540,Riski11000,unknown,0.3369,0,,0.6341463414634146,human,0.9230769230769231,human,0.00037352438813471086,non-human,0.7246037514942877,human,0.57055013510569,3,human,,
815733070,cm_happy_bot,unknown,1.0,0,,0.7943262411347518,human,0.5384615384615384,human,0.0438084680300614,non-human,0.9022902778345975,human,0.5697216313652373,3,human,,
815730636,wyn_7,unknown,0.6764,0,,0.2857142857142857,non-human,0.9230769230769231,human,0.20593689215772698,non-human,0.8634503097327559,human,0.569544602670423,2,human,,
815723007,InstaTweep,unknown,0.6747,0,,0.4411764705882353,non-human,1.0,human,0.1550823722402774,non-human,0.6769676555890074,human,0.56830662460438,2,human,,
815738108,RTAReVive,unknown,0.6456,0,,0.7943262411347518,human,0.6153846153846154,human,0.001980657512795865,non-human,0.860926189420828,human,0.5681544258632478,3,human,,
815734620,blakeboling8,unknown,1.0,0,,0.9790897908979089,human,0.8461538461538461,human,7.499931719383589e-69,non-human,0.4463904003146626,non-human,0.5679085093416044,2,human,,
815733725,_Keewy_,unknown,0.6732,0,,0.77,human,0.6153846153846154,human,0.2950679863994589,non-human,0.5910777689868236,human,0.5678825926927245,3,human,,
815730984,EyeAmSMF,unknown,0.6707,0,,0.46875,non-human,0.8461538461538461,human,0.6177408817209326,human,0.33300166190260627,non-human,0.5664115974443463,2,human,,
815732885,DyingTethra,unknown,0.6609,0,,0.5384615384615384,human,0.8461538461538461,human,0.06942685924143596,non-human,0.8030143109117116,human,0.564264138692133,3,human,,
815720883,obbarey2,unknown,1.0,0,,0.6842105263157895,human,0.38461538461538464,non-human,0.82614114599022,human,0.34654854784474365,non-human,0.5603789011915344,2,human,,
815735070,David471652,unknown,0.6623,0,,0.8918918918918919,human,0.7692307692307693,human,1.3005175975239263e-72,non-human,0.5686588040558673,human,0.5574453662946321,3,human,,
815726834,DIWAKARDIXIT9,unknown,0.684,0,,1.0,human,0.8461538461538461,human,2.4769694554240017e-68,non-human,0.36176147597349145,non-human,0.5519788305318344,2,human,,
815736767,DanawenzelG,unknown,0.6742,0,,0.3754646840148699,non-human,0.6153846153846154,human,0.621239119549979,human,0.5955335502803221,human,0.5519054923074467,3,human,,
815731178,VerbObject,unknown,0.6799,0,,0.4411764705882353,non-human,0.6923076923076923,human,0.20154869462243977,non-human,0.8592164212146187,human,0.5485623196832465,2,human,,
815731590,ladytzadikkim,unknown,0.684,0,,0.9708994708994709,human,0.9230769230769231,human,4.191617447291843e-67,non-human,0.29665652490251687,non-human,0.5476582297197278,2,human,,
815722108,ChizobaObiefula,unknown,0.6658,0,,1.0,human,0.6923076923076923,human,8.969866569875327e-68,non-human,0.49010563652315203,non-human,0.5456033322077111,2,human,,
815733534,oconeeredneck,unknown,0.6714,0,,0.7794117647058824,human,0.46153846153846156,non-human,0.0400459007349028,non-human,0.8940144574181433,human,0.5437526460993475,2,human,,
815738715,xagnes13,unknown,0.6501,0,,0.9054054054054054,human,0.5384615384615384,human,0.008304482248296384,non-human,0.6953720490563304,human,0.5368858687928926,3,human,,
815721885,Dstaoirs,unknown,1.0,0,,0.9790897908979089,human,0.7692307692307693,human,1.4421751156330242e-66,non-human,0.39189312331275256,non-human,0.5350534208603577,2,human,,
815720868,VanityGames,unknown,0.6738,0,,0.6497584541062802,human,0.6923076923076923,human,0.36004308971996013,non-human,0.4258317233158506,non-human,0.5319852398624458,2,human,,
815722299,UTAUGizmoBot,unknown,0.3586,0,,0.4411764705882353,non-human,0.6923076923076923,human,0.21118271533427238,non-human,0.7802414991933174,human,0.5312270943558793,2,human,,
815736094,Falantino1,unknown,0.6404,0,,1.0,human,0.38461538461538464,non-human,0.00290203848778649,non-human,0.7293389571181566,human,0.5292140950553319,2,human,,
815737310,4Ravenwan,unknown,0.6766,0,,0.9347826086956522,human,0.5384615384615384,human,0.03565138083729783,non-human,0.6041267617760276,human,0.528255572442629,3,human,,
815721314,TechnoHornist,unknown,0.6642,0,,0.9036827195467422,human,0.5384615384615384,human,0.08630451869753587,non-human,0.5738558443014744,human,0.5255761552518228,3,human,,
815726621,luest3,unknown,0.6722,0,,0.5306122448979592,human,0.5384615384615384,human,0.19745998577054213,non-human,0.8327209790711254,human,0.5248136870502913,3,human,,
815724429,Masada1948,unknown,0.3567,0,,0.9054054054054054,human,0.7692307692307693,human,2.1172443979838666e-70,non-human,0.4175792536391535,non-human,0.523053857068832,2,human,,
815733795,crazynwildbaby,unknown,1.0,0,,0.7794117647058824,human,0.5384615384615384,human,0.1467786154186327,non-human,0.6250458990680781,human,0.5224244544135329,3,human,,
815732714,cathazclawz,unknown,0.6523,0,,0.6739130434782609,human,0.6153846153846154,human,0.012496592638830226,non-human,0.7826825233357119,human,0.5211191937093546,3,human,,
815721686,midlandroc,unknown,1.0,0,,0.9790897908979089,human,0.6153846153846154,human,2.005809757082734e-68,non-human,0.48698925595464876,non-human,0.5203659155592933,2,human,,
815732069,Powellym9,unknown,0.6832,0,,0.9790897908979089,human,0.8461538461538461,human,1.7353499436938878e-66,non-human,0.25539427561077627,non-human,0.5201594781656328,2,human,,
815730321,djwade91,unknown,0.6765,0,,1.0,human,0.46153846153846156,non-human,0.002419442516032019,non-human,0.615898989435842,human,0.5199642233725839,2,human,,
815733898,steyb76,unknown,0.6938,0,,0.9790897908979089,human,0.7692307692307693,human,8.626023250343026e-69,non-human,0.32746704272866856,non-human,0.5189469007143367,2,human,,
815730607,cjn54,unknown,0.6587,0,,0.9463087248322147,human,0.8461538461538461,human,6.564136630415502e-68,non-human,0.2786378706864767,non-human,0.5177751104181344,2,human,,
815720355,trice_bhelle,unknown,0.689,0,,0.6739130434782609,human,0.7692307692307693,human,0.0011590701665117138,non-human,0.6207838984686105,human,0.516271695336038,3,human,,
815726344,7XH3qd1pAPZQOX1,unknown,0.6692,0,,0.19230769230769232,non-human,1.0,human,0.023826825058025806,non-human,0.8426501371275764,human,0.5146961636233236,2,human,,
815737035,mikus1111,unknown,0.6617,0,,1.0,human,0.7692307692307693,human,1.1933693954670311e-72,non-human,0.2893311228354876,non-human,0.5146404730165642,2,human,,
815727804,MattLune,unknown,0.6609,0,,0.6756756756756757,human,0.5384615384615384,human,0.055282193503750104,non-human,0.7889149744603385,human,0.5145835955253257,3,human,,
815722688,imLuna_thecat,unknown,0.681,0,,0.4931506849315068,non-human,0.6923076923076923,human,0.1883997925596451,non-human,0.6844167370734324,human,0.5145687267180692,2,human,,
815731630,Johanne_69968,unknown,0.3579,0,,0.0,non-human,1.0,human,0.18950046787715766,non-human,0.8631115919002008,human,0.5131530149443396,2,human,,
815734993,byHoRRoR,unknown,0.6625,0,,0.3333333333333333,non-human,0.7692307692307693,human,0.5106007697378199,human,0.41583332381058713,non-human,0.5072495490281275,2,human,,
815727647,rhuid,unknown,0.3375,0,,0.15625,non-human,0.9230769230769231,human,0.42761699766670086,non-human,0.5220434660046113,human,0.5072468466870588,2,human,,
815732445,sk__671,unknown,0.6714,0,,0.7638888888888888,human,0.6153846153846154,human,0.0026530012029143614,non-human,0.6450729295965674,human,0.5067498587682465,3,human,,
815738284,keniarivas8,unknown,1.0,1,,0.7794117647058824,human,0.5384615384615384,human,0.011656428699805965,non-human,0.6930851485826719,human,0.5056537201124747,3,human,,
815730406,recoil47,unknown,1.0,0,,1.0,human,0.7692307692307693,human,6.477122745827109e-70,non-human,0.24635785119835285,non-human,0.5038971551072805,2,human,,
815727336,5yellowdogdem,unknown,0.6563,0,,1.0,human,0.6923076923076923,human,1.1212919354849132e-70,non-human,0.3151513607959901,non-human,0.5018647632759206,2,human,,
815727225,dryborg,unknown,0.6789,0,,0.4411764705882353,non-human,0.6153846153846154,human,0.6272506894918366,human,0.32133525374752125,non-human,0.5012867573030522,2,human,,
815733743,TrainSiulator,unknown,1.0,0,,0.7794117647058824,human,0.5384615384615384,human,0.023574698025002713,non-human,0.6612963836593221,human,0.5006860962129364,3,human,,
815738097,drondo999,unknown,0.6587,0,,1.0,human,0.7692307692307693,human,2.831185783476774e-71,non-human,0.22584519893190333,non-human,0.4987689920406681,2,human,,
815734333,tidma_kvh,unknown,0.3491,0,,0.9285714285714286,human,0.38461538461538464,non-human,0.011316780549963075,non-human,0.6672302583551712,human,0.49793346302298686,2,human,,
815722270,LilBossIsLife,unknown,0.6913,0,,1.0,human,0.6923076923076923,human,3.7116191255512745e-70,non-human,0.2986577282355297,non-human,0.49774135513580553,2,human,,
815729519,DaveDukesdave,unknown,0.6593,0,,0.2876712328767123,non-human,0.8461538461538461,human,0.018545115392361294,non-human,0.8348012921197386,human,0.49679287163566455,2,human,,
815738476,lizquendrawing,unknown,0.6871,0,,0.6739130434782609,human,0.6923076923076923,human,0.000787329523962929,non-human,0.6151154382374192,human,0.49553087588683387,3,human,,
815738984,lizquendance,unknown,0.6844,0,,0.6739130434782609,human,0.6923076923076923,human,0.0007853752527726708,non-human,0.6150081319325968,human,0.4955035607428307,3,human,,
815730513,Wegoforgold,unknown,0.6585,0,,0.3754646840148699,non-human,0.6153846153846154,human,0.7679950952276681,human,0.20861480150486517,non-human,0.4918647990330047,2,human,,
815738609,ChangLovesQuen,unknown,0.6817,0,,0.6739130434782609,human,0.6923076923076923,human,0.000715553451138941,non-human,0.5987648299703426,human,0.4914252798018587,3,human,,
815735167,Hemagaj,unknown,1.0,0,,1.0,human,0.6153846153846154,human,3.3915286154144116e-71,non-human,0.3498810880122735,non-human,0.49131642584922225,2,human,,
815731144,roofiriyuzaki,unknown,0.3543,0,,0.6739130434782609,human,0.46153846153846156,non-human,0.30298697066379326,non-human,0.5254762772401234,human,0.4909786882301598,2,human,,
815738793,CastilloChariz,unknown,0.6568,0,,0.6739130434782609,human,0.6153846153846154,human,0.0012041654919244648,non-human,0.672148213198866,human,0.4906625093884166,3,human,,
815739129,FyrizS,unknown,0.3484,0,,0.6739130434782609,human,0.6923076923076923,human,0.0005700930218876699,non-human,0.5932305898048139,human,0.49000535465316375,3,human,,
815738643,bakekang_ka,unknown,0.6742,0,,0.2692307692307692,non-human,0.9230769230769231,human,0.008417461220942068,non-human,0.7583747207169599,human,0.48977496856139857,2,human,,
815738478,lizquenexchange,unknown,0.6595,0,,0.6739130434782609,human,0.6923076923076923,human,0.000564442364617238,non-human,0.5906332314167884,human,0.4893546023918397,3,human,,
815738856,lizaquenm,unknown,0.6496,0,,0.6739130434782609,human,0.6153846153846154,human,0.0012037119590229469,non-human,0.664081891660672,human,0.4886458156206428,3,human,,
815738908,BestGUYfriendMo,unknown,0.6734,0,,0.6739130434782609,human,0.6153846153846154,human,0.0012339564916023585,non-human,0.6489902307343832,human,0.4848804615222154,3,human,,
815738919,lizquenforms,unknown,0.3428,0,,0.6739130434782609,human,0.6923076923076923,human,0.0003846396814249751,non-human,0.5615573186686544,human,0.48204067353400815,3,human,,
815738818,lizquenmoney,unknown,0.6557,0,,0.6739130434782609,human,0.6923076923076923,human,0.00037135430586542864,non-human,0.5580982789771927,human,0.48117259226725284,3,human,,
815738587,lq7_camouflage,unknown,1.0,0,,0.6739130434782609,human,0.5384615384615384,human,0.0009437231580522333,non-human,0.7070724894763591,human,0.4800976986435527,3,human,,
815724182,aydoganyusuf953,unknown,0.3407,0,,0.9054054054054054,human,0.6923076923076923,human,7.2245983473321574e-71,non-human,0.31327098641598444,non-human,0.47774602103227054,2,human,,
815719767,osijek69,unknown,0.6359,0,,1.0,human,0.3076923076923077,non-human,0.00019226112782004618,non-human,0.5995572989581262,human,0.47686046694456347,2,human,,
815721250,kaibacest_txt,unknown,0.6534,0,,0.4411764705882353,non-human,0.6923076923076923,human,0.11744434873270908,non-human,0.6543850330372184,human,0.4763283861664638,2,human,,
815739088,miniONIONS9,unknown,0.6598,0,,0.6739130434782609,human,0.5384615384615384,human,0.0008141985138236458,non-human,0.6920734894923867,human,0.4763155674865024,3,human,,
815738248,vjlioi1017,unknown,0.6717,0,,1.0,human,0.6923076923076923,human,9.237447012671748e-72,non-human,0.206057765893983,non-human,0.47459136455041884,2,human,,
815739086,lq5_camouflage,unknown,0.6688,0,,0.6739130434782609,human,0.5384615384615384,human,0.0007119494590195085,non-human,0.6825879657225022,human,0.47391862428033027,3,human,,
815737689,tpatterson174,unknown,0.6754,0,,1.0,human,0.6923076923076923,human,9.959037632958967e-73,non-human,0.18879847498343488,non-human,0.4702765418227818,2,human,,
815733631,iamgergy,unknown,0.3478,0,,0.9790897908979089,human,0.46153846153846156,non-human,4.953024352647724e-68,non-human,0.43885488580639376,non-human,0.4698707845606911,1,non-human,,
815738823,lizquen12Sg,unknown,0.6829,0,,1.0,human,0.38461538461538464,non-human,0.0006669382533137449,non-human,0.49202858508486574,non-human,0.46932772698839104,1,non-human,,
815723584,COURTESYONWHEEL,unknown,0.3471,0,,0.25675675675675674,non-human,0.3076923076923077,non-human,0.9994815850176214,human,0.31227393438297857,non-human,0.4690511459624161,1,non-human,,
815739143,4_everlq,unknown,0.6643,0,,0.6739130434782609,human,0.5384615384615384,human,0.0006085108311608317,non-human,0.6618829790433972,human,0.4687165179535894,3,human,,
815739014,Chidiukwu_com,unknown,0.3527,0,,0.25675675675675674,non-human,0.5384615384615384,human,0.9999999999999787,human,0.0693452230756117,non-human,0.4661408795734714,2,human,,
815725675,Blazing_Glaceon,unknown,0.3538,0,,0.5384615384615384,human,0.6153846153846154,human,0.05483761207598263,non-human,0.6472899267369238,human,0.463993423164765,3,human,,
815737308,alexpkoch16,unknown,0.6726,0,,1.0,human,0.6923076923076923,human,1.164802128636957e-71,non-human,0.15985545840947255,non-human,0.4630407876792912,2,human,,
815736898,technosparkle,unknown,0.6659,0,,0.4931506849315068,non-human,0.46153846153846156,non-human,0.23216859358626538,non-human,0.6620408682944414,human,0.4622246520876688,1,non-human,,
815738242,MORE2CENTS,unknown,0.6573,0,,0.9790897908979089,human,0.5384615384615384,human,8.646819190948536e-68,non-human,0.32930796538311574,non-human,0.46171482368564076,2,human,,
815727594,dietrick,unknown,0.3431,0,,0.3877551020408163,non-human,0.6153846153846154,human,0.170972623427337,non-human,0.6568201618501502,human,0.45773312567572977,2,human,,
815723211,dekisa23,unknown,0.6629,0,,0.9790897908979089,human,0.46153846153846156,non-human,1.2657679016558882e-68,non-human,0.386655172955661,non-human,0.45682085634800784,1,non-human,,
815738558,nnrahbar,unknown,0.6822,0,,0.41836734693877553,non-human,0.8461538461538461,human,0.06970229862059507,non-human,0.4717933675185036,non-human,0.45150421480793007,1,non-human,,
815734648,noellemaddenlp,unknown,0.6825,0,,0.5714285714285714,human,0.9230769230769231,human,1.6834325816062798e-05,non-human,0.2972715699441485,non-human,0.4479484746938648,2,human,,
815739480,hossinahmadi22,unknown,0.6594,0,,0.3877551020408163,non-human,0.7692307692307693,human,1.0535941332735581e-06,non-human,0.628456091796036,human,0.44636075416543874,2,human,,
815727406,idawhannadoyou,unknown,0.6725,0,,0.9081967213114754,human,0.6153846153846154,human,1.1611017274325297e-66,non-human,0.25443039202705997,non-human,0.44450293218078774,2,human,,
815721403,sarebstare,unknown,0.6732,0,,0.3877551020408163,non-human,0.8461538461538461,human,0.0009267581464601626,non-human,0.5389351160333371,human,0.4434427055936149,2,human,,
815726595,TumCollow,unknown,0.6417,0,,1.0,human,0.46153846153846156,non-human,6.231758271895064e-70,non-human,0.30977852685587615,non-human,0.44282924709858446,1,non-human,,
815720848,aphrodi_en,unknown,1.0,0,,0.4411764705882353,non-human,0.46153846153846156,non-human,0.24131955916512088,non-human,0.6162825992156086,human,0.44007927262685653,1,non-human,,
815730526,foramotherslove,unknown,0.3491,0,,0.5306122448979592,human,0.46153846153846156,non-human,0.00012967725796413494,non-human,0.7642595500960553,human,0.43913498344761004,2,human,,
815734518,KuurusSicarius,unknown,0.6668,0,,0.7943262411347518,human,0.3076923076923077,non-human,1.650153656119579e-05,non-human,0.644086830055997,human,0.4365304701049044,2,human,,
815721099,grannygettnwise,unknown,0.6623,0,,1.0,human,0.5384615384615384,human,4.898724846682994e-71,non-human,0.2000376485935211,non-human,0.43462479676376486,2,human,,
815736468,annikboney,unknown,0.6603,0,,0.9054054054054054,human,0.6153846153846154,human,1.4755205388886572e-69,non-human,0.2149239089402067,non-human,0.43392848243255683,2,human,,
815719733,ashalizir,unknown,0.6588,0,,0.7794117647058824,human,0.6153846153846154,human,0.00039209859829424635,non-human,0.32887862260930834,non-human,0.43101677532452504,2,human,,
815738447,LizQuenKingdom1,unknown,0.6769,0,,0.6739130434782609,human,0.5384615384615384,human,0.00010405858372770456,non-human,0.4809928392638904,non-human,0.4233678699468544,2,human,,
815721631,islamchechen12,unknown,0.6595,0,,1.0,human,0.5384615384615384,human,3.2861906867568927e-72,non-human,0.13078685591775574,non-human,0.41731209859482354,2,human,,
815734328,PaganTrillanie,unknown,0.3392,0,,0.6497584541062802,human,0.23076923076923078,non-human,0.3854366565954383,non-human,0.4018338897548085,non-human,0.4169495578064395,1,non-human,,
815723983,NoJihad,unknown,0.6582,0,,0.7638888888888888,human,0.5384615384615384,human,9.006965565793682e-06,non-human,0.3619319206657477,non-human,0.41607283874543516,2,human,,
815734638,AdefemiTayo,unknown,0.6642,0,,0.9054054054054054,human,0.5384615384615384,human,3.9249451684397285e-69,non-human,0.21538268584286835,non-human,0.41481240742745307,2,human,,
815735756,myth61589545,unknown,0.3507,0,,0.6341463414634146,human,0.5384615384615384,human,1.0250728739996502e-11,non-human,0.4806981962488752,non-human,0.41332651904601975,2,human,,
815719801,Clockwerk95M,unknown,0.6704,0,,1.0,human,0.5384615384615384,human,4.3193759456072493e-72,non-human,0.10503759639771773,non-human,0.410874783714814,2,human,,
815730754,unaltraporta,unknown,0.676,0,,1.0,human,0.46153846153846156,non-human,6.99584897106148e-73,non-human,0.17740306806564776,non-human,0.40973538240102736,1,non-human,,
815735644,ashrafyavar1,unknown,1.0,0,,0.2857142857142857,non-human,0.6153846153846154,human,0.0017634336531764275,non-human,0.7336512884498786,human,0.40912840580048904,2,human,,
815738975,HRHQuen,unknown,0.3426,0,,0.6739130434782609,human,0.5384615384615384,human,0.011006432105473127,non-human,0.40443680570266366,non-human,0.406954454936984,2,human,,
815735953,retweetguybot,unknown,0.6601,0,,0.5306122448979592,human,0.5384615384615384,human,0.0015626321420602282,non-human,0.5411771567479279,human,0.40295339306237143,3,human,,
815730436,KeybzOnTheTrack,unknown,0.6818,0,,0.46875,non-human,0.5384615384615384,human,0.002187806041701038,non-human,0.6004360949591744,human,0.4024588598656035,2,human,,
815722484,eduabraza,unknown,1.0,0,,0.7794117647058824,human,0.46153846153846156,non-human,0.0150721632764341,non-human,0.34305314538797377,non-human,0.39976888372718794,1,non-human,,
815733573,KrysUrb,unknown,0.3507,0,,0.2876712328767123,non-human,0.46153846153846156,non-human,0.02516775939152256,non-human,0.8242971751111421,human,0.39966865722945966,1,non-human,,
815735930,RealJossy7,unknown,0.3533,0,,0.9054054054054054,human,0.5384615384615384,human,5.459286152581958e-70,non-human,0.14766770510841865,non-human,0.39788366224384064,2,human,,
815732910,pavel071985,unknown,1.0,0,,1.0,human,0.38461538461538464,non-human,9.657188810879076e-72,non-human,0.1723914564858611,non-human,0.3892517102753114,1,non-human,,
815738618,OnlyMichaelJ,unknown,0.3491,0,,0.46875,non-human,0.6153846153846154,human,0.033818356657638736,non-human,0.4376763924018702,non-human,0.3889073411110311,1,non-human,,
815720226,lsperoni96,unknown,0.6651,0,,1.0,human,0.46153846153846156,non-human,3.489816082218726e-72,non-human,0.08772872212939425,non-human,0.387316795916964,1,non-human,,
815732851,NascarFreak_3,unknown,0.686,0,,0.5888888888888889,human,0.38461538461538464,non-human,1.016893644354387e-14,non-human,0.5724283916440361,human,0.38648316628708,2,human,,
815728526,allmars23,unknown,0.6612,0,,1.0,human,0.46153846153846156,non-human,3.5806141282350864e-72,non-human,0.08417949467081742,non-human,0.3864294890523198,1,non-human,,
815726327,b0redb0t,unknown,1.0,0,,0.2876712328767123,non-human,0.6923076923076923,human,0.00045533173731919394,non-human,0.550695276049587,human,0.3827823832428277,2,human,,
815734080,TDGUpdates,unknown,0.3526,0,,0.3754646840148699,non-human,0.38461538461538464,non-human,0.2318557504624065,non-human,0.5090380766492569,human,0.37524347393547947,1,non-human,,
815731915,Regalchangeling,unknown,0.6976,0,,0.25675675675675674,non-human,0.6153846153846154,human,0.016369541303640853,non-human,0.6003654060855388,human,0.37221907988263797,2,human,,
815735683,valuablequotees,unknown,0.6599,0,,0.4,non-human,0.5384615384615384,human,0.05248111428042735,non-human,0.4975477338857488,non-human,0.37212259665692865,1,non-human,,
815728815,Going__Galt,unknown,0.3395,0,,0.40425531914893614,non-human,0.6923076923076923,human,0.22380311737811426,non-human,0.16733693333202915,non-human,0.371925765541693,1,non-human,,
815721136,mejashtv,unknown,0.6712,0,,0.5384615384615384,human,0.6923076923076923,human,0.0001367506590619933,non-human,0.25318159558817677,non-human,0.37102189425411736,2,human,,
815725201,xukolaxekuza,unknown,0.6609,0,,0.5306122448979592,human,0.5384615384615384,human,3.709362012676664e-05,non-human,0.41271549122915396,non-human,0.3704565920521946,2,human,,
815738438,leezkenjeydin,unknown,0.6486,0,,0.6739130434782609,human,0.38461538461538464,non-human,0.002408614293738559,non-human,0.409935664786454,non-human,0.36771817679345953,1,non-human,,
815736643,VortexPv_P,unknown,1.0,0,,0.3754646840148699,non-human,0.46153846153846156,non-human,0.11677366219402964,non-human,0.5115883732066125,human,0.3663412952384934,1,non-human,,
815722620,Ateraether,unknown,0.6538,0,,0.2876712328767123,non-human,0.46153846153846156,non-human,0.10826903156951968,non-human,0.578172954511425,human,0.35891292012402964,1,non-human,,
815725406,SudupeReviewer,unknown,0.3615,0,,0.6666666666666666,human,0.23076923076923078,non-human,0.3517105047866997,non-human,0.18429901968916657,non-human,0.3583613554779409,1,non-human,,
815739548,FollowGlobal_00,unknown,0.6834,0,,0.6341463414634146,human,0.38461538461538464,non-human,0.07899993815294319,non-human,0.33152605794584133,non-human,0.357321930544396,1,non-human,,
815724543,AoAvessu,unknown,0.6524,0,,0.25675675675675674,non-human,0.07692307692307693,non-human,0.9999999553963274,human,0.07686247829059316,non-human,0.3526355668416885,1,non-human,,
815737296,Show_Boobies,unknown,0.6838,0,,0.75,human,0.5384615384615384,human,0.0034592524681369176,non-human,0.09089433150295155,non-human,0.3457037806081567,2,human,,
815736298,asalasalan_me,unknown,0.676,0,,0.8125,human,0.15384615384615385,non-human,0.004441475534851597,non-human,0.4105974958921213,non-human,0.3453462813182817,1,non-human,,
815724689,mudebenufyce,unknown,0.346,0,,0.5306122448979592,human,0.38461538461538464,non-human,0.0002173663110542752,non-human,0.41179974317119333,non-human,0.33181118474889787,1,non-human,,
815720847,StemCellMarket,unknown,0.3539,0,,0.3754646840148699,non-human,0.6153846153846154,human,0.055316171740998406,non-human,0.262899951279743,non-human,0.3272663556050567,1,non-human,,
815725093,cacucaladip,unknown,0.365,0,,0.5306122448979592,human,0.3076923076923077,non-human,0.0008072933968478784,non-human,0.4354295453739329,non-human,0.31863534784026193,1,non-human,,
815722416,enakibot,unknown,1.0,0,,0.07142857142857142,non-human,0.38461538461538464,non-human,0.36335476477481726,non-human,0.4112929225393508,non-human,0.3076729108395311,0,non-human,,
815726857,kampalaSqoop,unknown,0.6553,0,,0.5888888888888889,human,0.5384615384615384,human,3.5232216309092234e-70,non-human,0.08092926162022963,non-human,0.30206992224266427,2,human,,
815732159,eviralis1,unknown,0.656,0,,1.0,human,0.15384615384615385,non-human,3.9422740507947896e-73,non-human,0.04388771275159208,non-human,0.29943346664943643,1,non-human,,
815725497,queen_sams,unknown,0.6662,0,,0.5,human,0.5384615384615384,human,4.125967599930807e-71,non-human,0.14931844620951518,non-human,0.2969449961677634,2,human,,
815726586,unknown_nichole,unknown,0.3512,0,,0.5,human,0.5384615384615384,human,4.246526375466059e-71,non-human,0.1455114457378277,non-human,0.2959932460498415,2,human,,
815727427,yeptrade,unknown,0.6528,0,,0.25675675675675674,non-human,0.6153846153846154,human,0.043499606244077525,non-human,0.253825638351422,non-human,0.2923666541842179,1,non-human,,
815725136,mbabva,unknown,1.0,0,,0.5,human,0.5384615384615384,human,2.9187959153946094e-70,non-human,0.1299068465094002,non-human,0.29209209624273463,2,human,,
815732070,Pomes_Porn,unknown,0.3544,0,,0.5,human,0.5384615384615384,human,2.0142950474720582e-70,non-human,0.12109194601885286,non-human,0.2898883711200978,2,human,,
815731367,PinkieFanClub,unknown,0.6638,0,,0.2876712328767123,non-human,0.6153846153846154,human,0.03485347233538266,non-human,0.21800359599352917,non-human,0.2889782291475599,1,non-human,,
815724388,JamesSm33040861,unknown,0.3358,0,,1.0,human,0.07692307692307693,non-human,1.6050983752091595e-76,non-human,0.07131818308144244,non-human,0.28706031500112983,1,non-human,,
815723879,SEXY_P4L,unknown,0.6728,0,,0.2876712328767123,non-human,0.23076923076923078,non-human,0.002295846524122351,non-human,0.6179820446256585,human,0.284679588698931,1,non-human,,
815732362,KobeBryant_Fan,unknown,0.3445,0,,0.15625,non-human,0.6923076923076923,human,4.506951957049459e-08,non-human,0.28511537591252384,non-human,0.28341827832243394,1,non-human,,
815739308,nairalanding,unknown,0.3372,0,,0.40425531914893614,non-human,0.38461538461538464,non-human,0.01791861517593564,non-human,0.31808070500914687,non-human,0.28121750598735085,0,non-human,,
815729902,heterodoxgeek,unknown,0.6894,0,,0.25675675675675674,non-human,0.46153846153846156,non-human,0.16020170632071737,non-human,0.179447999608776,non-human,0.2644862310561779,0,non-human,,
815736869,mtmccmm,unknown,0.3462,0,,0.4931506849315068,non-human,0.38461538461538464,non-human,4.450822127369692e-06,non-human,0.16496409175517326,non-human,0.260683653031048,0,non-human,,
815733225,BoyPeer7,unknown,0.6742,0,,0.9054054054054054,human,0.0,non-human,1.0956952706605716e-69,non-human,0.08687399631542542,non-human,0.24806985043020768,1,non-human,,
815733393,SunMayaR,unknown,0.678,0,,0.2876712328767123,non-human,0.23076923076923078,non-human,0.0005847276088900576,non-human,0.3863547084233172,non-human,0.2263449749195376,0,non-human,,
815733334,MayaDoga,unknown,0.3459,0,,0.2876712328767123,non-human,0.23076923076923078,non-human,0.000579014677971003,non-human,0.38581984166298466,non-human,0.2262098299967247,0,non-human,,
815734836,photoshop998,unknown,0.6703,0,,0.13636363636363635,non-human,0.5384615384615384,human,3.013900244292315e-10,non-human,0.2136452885731076,non-human,0.2221176159249181,1,non-human,,
815735792,nanamimanko,unknown,0.6742,0,,0.2876712328767123,non-human,0.3076923076923077,non-human,0.0003664742008487792,non-human,0.2278029698972091,non-human,0.2058832461667695,0,non-human,,
815733311,MacDoga,unknown,0.663,0,,0.2876712328767123,non-human,0.15384615384615385,non-human,0.00039137791535246016,non-human,0.36734854455237054,non-human,0.2023143272976473,0,non-human,,
815723133,isentoisento1,unknown,0.6628,0,,0.0,non-human,0.6153846153846154,human,3.2793110806925714e-71,non-human,0.18431749415315765,non-human,0.19992552738444327,1,non-human,,
815726569,00_tube8,unknown,0.3383,0,,0.06206896551724138,non-human,0.46153846153846156,non-human,1.608503544250824e-05,non-human,0.2602275450462535,non-human,0.19596276428434972,0,non-human,,
815739036,CRobin9,unknown,0.6619,0,,0.0,non-human,0.6923076923076923,human,3.5578976570244843e-66,non-human,0.0863018819246639,non-human,0.19465239355808905,1,non-human,,
815734637,geovinc__,unknown,0.6817,0,,0.0,non-human,0.5384615384615384,human,4.012700233053726e-72,non-human,0.1984367325868591,non-human,0.1842245677620994,1,non-human,,
815730245,VrsOk,unknown,0.6623,0,,0.0,non-human,0.5384615384615384,human,8.248491592640724e-72,non-human,0.13987500437693537,non-human,0.16958413570961844,1,non-human,,
815719815,blankyhanky22,unknown,0.6633,0,,0.0,non-human,0.5384615384615384,human,9.805780310210326e-71,non-human,0.12846530927839603,non-human,0.16673171193498362,1,non-human,,
815720302,marco99724962,unknown,0.65,0,,0.0,non-human,0.5384615384615384,human,8.889753551296498e-78,non-human,0.09922228289487826,non-human,0.15942095533910416,1,non-human,,
815720166,iamarux,unknown,0.6787,0,,0.0,non-human,0.46153846153846156,non-human,1.0779215323827702e-71,non-human,0.13300125579105665,non-human,0.14863492933237954,0,non-human,,
815728758,kavatzatron,unknown,0.6679,0,,0.0,non-human,0.46153846153846156,non-human,6.512995508045487e-72,non-human,0.09403992778816653,non-human,0.13889459733165702,0,non-human,,
815733103,kursadturksen,unknown,0.6713,0,,0.0,non-human,0.38461538461538464,non-human,1.8810938306463134e-70,non-human,0.143600985556744,non-human,0.13205409254303216,0,non-human,,
815733048,LinearVibes,unknown,0.6745,0,,0.0,non-human,0.3076923076923077,non-human,3.173463162527077e-69,non-human,0.20791859770552376,non-human,0.12890272634945787,0,non-human,,
815736915,videosurvival,unknown,0.35,0,,0.06206896551724138,non-human,0.23076923076923078,non-human,0.00041157783790386526,non-human,0.20866180106332258,non-human,0.12547789379692464,0,non-human,,
815722258,beginnerquad,unknown,1.0,0,,0.0,non-human,0.46153846153846156,non-human,1.5285295063883448e-71,non-human,0.026226885774564675,non-human,0.12194133682825656,0,non-human,,
815723835,PapoCircular,unknown,0.6894,0,,0.0,non-human,0.38461538461538464,non-human,8.050579327489751e-72,non-human,0.08313271877697119,non-human,0.11693702584808896,0,non-human,,
815720277,Helyoz1,unknown,0.7033,0,,0.0,non-human,0.38461538461538464,non-human,6.429337398764432e-72,non-human,0.08215978977684778,non-human,0.11669379359805811,0,non-human,,
815727138,JonathonPearso3,unknown,0.6518,0,,0.0,non-human,0.38461538461538464,non-human,6.377257040124205e-72,non-human,0.08194768873472129,non-human,0.11664076833752648,0,non-human,,
815739581,KerryLangevin,unknown,0.352,0,,0.0,non-human,0.38461538461538464,non-human,1.815011252233607e-71,non-human,0.05380169294869597,non-human,0.10960426939102015,0,non-human,,
815721013,pueblakin,unknown,0.3531,0,,0.06206896551724138,non-human,0.07692307692307693,non-human,7.229620874995775e-05,non-human,0.21309565981357415,non-human,0.08803999961566061,0,non-human,,
815733869,phan_mean,unknown,0.6711,0,,0.0,non-human,0.15384615384615385,non-human,4.349048290676593e-68,non-human,0.1903471587195597,non-human,0.08604832814142839,0,non-human,,
815736891,BenjahBen,unknown,0.6866,0,,0.0,non-human,0.15384615384615385,non-human,5.4318339137636886e-70,non-human,0.1727892939912766,non-human,0.08165886195935762,0,non-human,,
815730190,monforteivan,unknown,0.3389,0,,0.06206896551724138,non-human,0.07692307692307693,non-human,8.991316513454768e-05,non-human,0.15005070992091044,non-human,0.07228316638159082,0,non-human,,
815723138,b1dina,unknown,1.0,0,,0.0,non-human,0.23076923076923078,non-human,1.8313536286716558e-72,non-human,0.05633354367100441,non-human,0.0717756936100588,0,non-human,,
815730444,Q_Country1029,unknown,1.0,0,,0.0,non-human,0.23076923076923078,non-human,8.089087489117368e-73,non-human,0.03739094388946051,non-human,0.06704004366467282,0,non-human,,
815722781,MacylainAlfred,unknown,0.6541,0,,0.0,non-human,0.15384615384615385,non-human,3.132318269778926e-71,non-human,0.0869080616829113,non-human,0.060188553882266294,0,non-human,,
815733116,nastasyagolovu1,unknown,1.0,0,,0.0,non-human,0.15384615384615385,non-human,2.2645428945034854e-71,non-human,0.08420985287775419,non-human,0.05951400168097701,0,non-human,,
815739543,oelz_d,unknown,0.6725,0,,0.0,non-human,0.07692307692307693,non-human,6.847948340111979e-70,non-human,0.08449111059471529,non-human,0.04035354687944805,0,non-human,,
815720184,dlDominican,unknown,0.6555,0,,0.0,non-human,0.07692307692307693,non-human,4.7643573891140714e-71,non-human,0.05619861108479811,non-human,0.03328042200196876,0,non-human,,
815730688,retweet_love_qt,unknown,0.3503,0,,0.06206896551724138,non-human,0.0,non-human,2.5164869313931507e-05,non-human,0.07057631063848739,non-human,0.03316761025626068,0,non-human,,
815729993,wearemadeofstar,unknown,0.6868,0,,0.06206896551724138,non-human,0.0,non-human,6.939891241085058e-06,non-human,0.06158681718872841,non-human,0.030915680649302717,0,non-human,,
815730128,ikeyoung26,unknown,1.0,0,,0.0,non-human,0.07692307692307693,non-human,1.697807668967798e-71,non-human,0.0344761777049999,non-human,0.027849813657019207,0,non-human,,
815732202,uryattudoudattu,unknown,1.0,0,,0.0,non-human,0.0,non-human,4.478518678420628e-71,non-human,0.06409682978833307,non-human,0.01602420744708327,0,non-human,,
815734935,coccocacola,unknown,0.6597,0,,0.0,non-human,0.0,non-human,4.8681415568965135e-71,non-human,0.061837360700190004,non-human,0.015459340175047501,0,non-human,,
815734763,JiOyce,unknown,0.646,0,,0.0,non-human,0.0,non-human,7.596708455126705e-72,non-human,0.05919290902894973,non-human,0.014798227257237433,0,non-human,,
815724862,06107jcsa,unknown,0.6538,0,,0.0,non-human,0.0,non-human,1.927962102416118e-73,non-human,0.05556860840252436,non-human,0.01389215210063109,0,non-human,,
815727850,05633lkta,unknown,1.0,0,,0.0,non-human,0.0,non-human,1.716618731468626e-73,non-human,0.05369271171992163,non-human,0.013423177929980408,0,non-human,,
815725582,01036gnla,unknown,1.0,0,,0.0,non-human,0.0,non-human,1.4554445368445383e-72,non-human,0.05173276598254247,non-human,0.012933191495635618,0,non-human,,
815724450,01902gnlb,unknown,0.6509,0,,0.0,non-human,0.0,non-human,1.4884482096275352e-72,non-human,0.0516199337635775,non-human,0.012904983440894375,0,non-human,,
815723766,01905gnlb,unknown,0.6359,0,,0.0,non-human,0.0,non-human,1.487570934475462e-72,non-human,0.051613198476094406,non-human,0.012903299619023601,0,non-human,,
815726034,01810gnlb,unknown,0.6528,0,,0.0,non-human,0.0,non-human,1.4060506105843946e-72,non-human,0.05101408644739161,non-human,0.012753521611847903,0,non-human,,
815725372,01852gnlb,unknown,0.6543,0,,0.0,non-human,0.0,non-human,1.402604354920596e-72,non-human,0.05095393317917404,non-human,0.01273848329479351,0,non-human,,
815726000,BKEgtbt,unknown,0.6615,0,,0.0,non-human,0.0,non-human,2.7263008611247606e-70,non-human,0.04967463899375459,non-human,0.012418659748438648,0,non-human,,
815729220,01702gnlb,unknown,1.0,0,,0.0,non-human,0.0,non-human,1.2094003092874486e-72,non-human,0.04945966540460139,non-human,0.012364916351150347,0,non-human,,
815728712,DWSNgtbt,unknown,0.6647,0,,0.0,non-human,0.0,non-human,2.5639741029922935e-70,non-human,0.04918854001265962,non-human,0.012297135003164905,0,non-human,,
815728857,CTOgtbt,unknown,0.6611,0,,0.0,non-human,0.0,non-human,2.3155012791226286e-70,non-human,0.048643280039171344,non-human,0.012160820009792836,0,non-human,,
815725972,CAVMgtbt,unknown,0.6444,0,,0.0,non-human,0.0,non-human,2.0780112724967036e-70,non-human,0.048026298640433576,non-human,0.012006574660108394,0,non-human,,
815725265,BKIgtbt,unknown,0.6702,0,,0.0,non-human,0.0,non-human,1.7033213189305922e-70,non-human,0.04698005637280022,non-human,0.011745014093200055,0,non-human,,
815726424,02113gnlb,unknown,0.6617,0,,0.0,non-human,0.0,non-human,9.313774653379598e-73,non-human,0.046859366309588084,non-human,0.011714841577397021,0,non-human,,
815737932,228_amor,unknown,0.6576,0,,0.0,non-human,0.0,non-human,3.657345322219812e-73,non-human,0.04637884053822427,non-human,0.011594710134556067,0,non-human,,
815724451,GKSRgtbt,unknown,0.6554,0,,0.0,non-human,0.0,non-human,2.0950062610017226e-70,non-human,0.045643586473693785,non-human,0.011410896618423446,0,non-human,,
815725503,GBCIgtbt,unknown,0.6631,0,,0.0,non-human,0.0,non-human,1.1292475867617642e-70,non-human,0.042618216617245665,non-human,0.010654554154311416,0,non-human,,
815732161,neksted,unknown,1.0,0,,0.0,non-human,0.0,non-human,1.0972281068403864e-71,non-human,0.042255957919627586,non-human,0.010563989479906897,0,non-human,,
815729204,HNSNgtbt,unknown,0.6818,0,,0.0,non-human,0.0,non-human,9.883911418286455e-71,non-human,0.04203820618636303,non-human,0.010509551546590758,0,non-human,,
815722306,GWIS__LLC,unknown,0.6607,0,,0.0,non-human,0.0,non-human,4.2244799413002343e-72,non-human,0.037768373298236305,non-human,0.009442093324559076,0,non-human,,
815738549,miniONIONS4,unknown,1.0,0,,0.0,non-human,0.0,non-human,1.8022703011064804e-72,non-human,0.035941840813056736,non-human,0.008985460203264184,0,non-human,,
815727049,stwc29516,unknown,0.6625,0,,0.0,non-human,0.0,non-human,2.497201593388235e-73,non-human,0.03553590373859153,non-human,0.008883975934647882,0,non-human,,
815719342,johnnywhygull,unknown,0.3502,0,,0.0,non-human,0.0,non-human,9.487652131503637e-73,non-human,0.03469962619609867,non-human,0.008674906549024667,0,non-human,,
815726334,janepet35,unknown,0.6567,0,,0.0,non-human,0.0,non-human,3.9851467481832084e-72,non-human,0.03318961801058161,non-human,0.008297404502645402,0,non-human,,
815727596,russell000x,unknown,1.0,0,,0.0,non-human,0.0,non-human,3.618032131682851e-72,non-human,0.03281373813012062,non-human,0.008203434532530154,0,non-human,,
815725115,02667gnlc,unknown,0.6576,0,,0.0,non-human,0.0,non-human,2.6608018274755343e-73,non-human,0.03218971700727753,non-human,0.008047429251819383,0,non-human,,
815724959,02917trdc,unknown,0.6745,0,,0.0,non-human,0.0,non-human,2.6140450269192374e-73,non-human,0.032022806514846985,non-human,0.008005701628711746,0,non-human,,
815725138,03904trdb,unknown,0.6441,0,,0.0,non-human,0.0,non-human,2.5564190846157068e-73,non-human,0.03181213681661677,non-human,0.007953034204154193,0,non-human,,
815724890,04091trda,unknown,0.6633,0,,0.0,non-human,0.0,non-human,2.545540311836761e-73,non-human,0.031781386153626634,non-human,0.007945346538406658,0,non-human,,
815725906,02475gnlc,unknown,0.6474,0,,0.0,non-human,0.0,non-human,2.5684894746495585e-73,non-human,0.03170460010531891,non-human,0.007926150026329728,0,non-human,,
815725538,02472gnlc,unknown,0.6526,0,,0.0,non-human,0.0,non-human,2.522292839301071e-73,non-human,0.031475254525139135,non-human,0.007868813631284784,0,non-human,,
815725440,03230trdc,unknown,0.6623,0,,0.0,non-human,0.0,non-human,2.4345327617195154e-73,non-human,0.03114697902311972,non-human,0.00778674475577993,0,non-human,,
815724682,05403lktb,unknown,0.6351,0,,0.0,non-human,0.0,non-human,2.3520261113102324e-73,non-human,0.03108533634749014,non-human,0.007771334086872535,0,non-human,,
815726032,04085trda,unknown,0.666,0,,0.0,non-human,0.0,non-human,2.3927230338186867e-73,non-human,0.03100280237773963,non-human,0.007750700594434908,0,non-human,,
815726025,04076trda,unknown,0.653,0,,0.0,non-human,0.0,non-human,2.3842840463464268e-73,non-human,0.030959844931319352,non-human,0.007739961232829838,0,non-human,,
815725469,02630gnlc,unknown,0.6473,0,,0.0,non-human,0.0,non-human,2.412007174743463e-73,non-human,0.03094029656611463,non-human,0.0077350741415286575,0,non-human,,
815727540,02584gnlc,unknown,0.6717,0,,0.0,non-human,0.0,non-human,2.4084669601433308e-73,non-human,0.03092250228407876,non-human,0.00773062557101969,0,non-human,,
815725009,06716jcsb,unknown,0.6628,0,,0.0,non-human,0.0,non-human,2.3039656196515225e-73,non-human,0.03090957389645708,non-human,0.00772739347411427,0,non-human,,
815724619,06712jcsb,unknown,0.6634,0,,0.0,non-human,0.0,non-human,2.3019886445318342e-73,non-human,0.03089918738415851,non-human,0.007724796846039627,0,non-human,,
815725875,04932lktb,unknown,0.6474,0,,0.0,non-human,0.0,non-human,2.3305141624274105e-73,non-human,0.030804830199588025,non-human,0.007701207549897006,0,non-human,,
815725913,04669lktc,unknown,0.6648,0,,0.0,non-human,0.0,non-human,2.3374270691402855e-73,non-human,0.030782746953147495,non-human,0.007695686738286874,0,non-human,,
815724333,08003jcsc,unknown,0.6485,0,,0.0,non-human,0.0,non-human,2.2425046756261172e-73,non-human,0.03066127770781425,non-human,0.007665319426953562,0,non-human,,
815727371,02891trdc,unknown,0.6653,0,,0.0,non-human,0.0,non-human,2.3327875141499462e-73,non-human,0.030598812962348558,non-human,0.0076497032405871395,0,non-human,,
815728669,02634gnlc,unknown,0.6518,0,,0.0,non-human,0.0,non-human,2.3409630710932485e-73,non-human,0.030582073347237858,non-human,0.0076455183368094645,0,non-human,,
815729349,02902trdc,unknown,0.6607,0,,0.0,non-human,0.0,non-human,2.291965411471803e-73,non-human,0.030396137437320992,non-human,0.007599034359330248,0,non-human,,
815727150,03871trdb,unknown,0.6459,0,,0.0,non-human,0.0,non-human,2.274255606594019e-73,non-human,0.030380280185134702,non-human,0.0075950700462836754,0,non-human,,
815727018,04530lktc,unknown,1.0,0,,0.0,non-human,0.0,non-human,2.2583693350910672e-73,non-human,0.030358504696300956,non-human,0.007589626174075239,0,non-human,,
815727482,03872trdb,unknown,0.6474,0,,0.0,non-human,0.0,non-human,2.2692177608657764e-73,non-human,0.030354368805858036,non-human,0.007588592201464509,0,non-human,,
815738916,aceclark91,unknown,0.6694,0,,0.0,non-human,0.0,non-human,7.736526670440866e-73,non-human,0.03033575578722658,non-human,0.007583938946806645,0,non-human,,
815728049,04780lktc,unknown,0.6745,0,,0.0,non-human,0.0,non-human,2.2255615083946538e-73,non-human,0.03023816672318278,non-human,0.007559541680795695,0,non-human,,
815726932,04785lktc,unknown,1.0,0,,0.0,non-human,0.0,non-human,2.2208337183704575e-73,non-human,0.030213543200388947,non-human,0.007553385800097237,0,non-human,,
815728126,04492lktc,unknown,0.6621,0,,0.0,non-human,0.0,non-human,2.2302497361729822e-73,non-human,0.030212868798190885,non-human,0.007553217199547721,0,non-human,,
815724596,06080jcsa,unknown,0.6455,0,,0.0,non-human,0.0,non-human,2.1755236931741178e-73,non-human,0.030200294802345158,non-human,0.0075500737005862895,0,non-human,,
815724551,06258jcsa,unknown,0.6571,0,,0.0,non-human,0.0,non-human,2.1708504250593012e-73,non-human,0.03018745473361469,non-human,0.007546863683403672,0,non-human,,
815726107,06042jcsa,unknown,0.6516,0,,0.0,non-human,0.0,non-human,2.1729636833676162e-73,non-human,0.030180708493706,non-human,0.0075451771234265,0,non-human,,
815724356,06510jcsb,unknown,0.6499,0,,0.0,non-human,0.0,non-human,2.1648644002049403e-73,non-human,0.030167626562176232,non-human,0.007541906640544058,0,non-human,,
815726144,05862lkta,unknown,0.6641,0,,0.0,non-human,0.0,non-human,2.167522457721896e-73,non-human,0.030145833980796642,non-human,0.0075364584951991605,0,non-human,,
815726473,05091lktb,unknown,0.6474,0,,0.0,non-human,0.0,non-human,2.1752436670023554e-73,non-human,0.03003639947575683,non-human,0.007509099868939208,0,non-human,,
815726803,05086lktb,unknown,0.645,0,,0.0,non-human,0.0,non-human,2.1734470754993064e-73,non-human,0.030026952299234484,non-human,0.007506738074808621,0,non-human,,
815725957,07111jcsc,unknown,0.6615,0,,0.0,non-human,0.0,non-human,2.1214167220607502e-73,non-human,0.029983531832367794,non-human,0.007495882958091948,0,non-human,,
815724458,82936slhb,unknown,1.0,0,,0.0,non-human,0.0,non-human,2.0668412714684836e-73,non-human,0.029979099270870113,non-human,0.007494774817717528,0,non-human,,
815725057,zandrac274,unknown,0.6586,0,,0.0,non-human,0.0,non-human,1.482286836027354e-72,non-human,0.029972759682842198,non-human,0.007493189920710549,0,non-human,,
815726400,07110jcsc,unknown,0.6377,0,,0.0,non-human,0.0,non-human,2.1189575345778472e-73,non-human,0.029970319434707147,non-human,0.007492579858676787,0,non-human,,
815726031,07827jcsc,unknown,0.6566,0,,0.0,non-human,0.0,non-human,2.1130454842816076e-73,non-human,0.029962814819761315,non-human,0.007490703704940329,0,non-human,,
815724999,83322slhb,unknown,0.6611,0,,0.0,non-human,0.0,non-human,2.0604148093115695e-73,non-human,0.029957047874624516,non-human,0.007489261968656129,0,non-human,,
815728102,04287trda,unknown,0.6694,0,,0.0,non-human,0.0,non-human,2.182199789032061e-73,non-human,0.02994154581966808,non-human,0.00748538645491702,0,non-human,,
815725404,07976jcsc,unknown,0.6719,0,,0.0,non-human,0.0,non-human,2.1036254484076992e-73,non-human,0.029918139190379136,non-human,0.007479534797594784,0,non-human,,
815724188,83708slhd,unknown,0.6774,0,,0.0,non-human,0.0,non-human,2.023664712410952e-73,non-human,0.02980056361429521,non-human,0.007450140903573803,0,non-human,,
815725812,ruggi281,unknown,0.6755,0,,0.0,non-human,0.0,non-human,2.297549758031123e-72,non-human,0.029589641689192127,non-human,0.007397410422298032,0,non-human,,
815726358,05651lkta,unknown,0.6588,0,,0.0,non-human,0.0,non-human,2.0557441286481398e-73,non-human,0.029536399451031405,non-human,0.007384099862757851,0,non-human,,
815726742,06020lkta,unknown,0.6359,0,,0.0,non-human,0.0,non-human,2.048980818768544e-73,non-human,0.02951708174176427,non-human,0.007379270435441067,0,non-human,,
815727798,06488jcsb,unknown,0.6412,0,,0.0,non-human,0.0,non-human,2.0340611093976436e-73,non-human,0.02946515971386721,non-human,0.007366289928466802,0,non-human,,
815729221,04021trda,unknown,0.6525,0,,0.0,non-human,0.0,non-human,2.0843537058611172e-73,non-human,0.02940332187709464,non-human,0.00735083046927366,0,non-human,,
815727593,07417jcsc,unknown,0.6379,0,,0.0,non-human,0.0,non-human,2.0009182051400155e-73,non-human,0.02933710776004933,non-human,0.0073342769400123325,0,non-human,,
815721225,FitzroviaW1,unknown,0.6769,0,,0.0,non-human,0.0,non-human,2.0190922932450423e-74,non-human,0.029333939192471084,non-human,0.007333484798117771,0,non-human,,
815726054,07755jcsc,unknown,0.652,0,,0.0,non-human,0.0,non-human,1.991741277142563e-73,non-human,0.02929862274002951,non-human,0.0073246556850073774,0,non-human,,
815725687,82901slha,unknown,0.6587,0,,0.0,non-human,0.0,non-human,1.9477272938192092e-73,non-human,0.029286120393336567,non-human,0.007321530098334142,0,non-human,,
815727428,07753jcsc,unknown,0.3367,0,,0.0,non-human,0.0,non-human,1.9882200692552224e-73,non-human,0.029279359759633358,non-human,0.007319839939908339,0,non-human,,
815725195,83262slhb,unknown,0.6621,0,,0.0,non-human,0.0,non-human,1.9367139625081113e-73,non-human,0.029256274489487137,non-human,0.007314068622371784,0,non-human,,
815727783,05744lkta,unknown,0.6681,0,,0.0,non-human,0.0,non-human,1.997289188989077e-73,non-human,0.029226046823231887,non-human,0.007306511705807972,0,non-human,,
815725054,82930slhb,unknown,0.627,0,,0.0,non-human,0.0,non-human,1.9285746027188133e-73,non-human,0.02921062924605431,non-human,0.007302657311513578,0,non-human,,
815728750,06493jcsb,unknown,0.667,0,,0.0,non-human,0.0,non-human,1.9851161415190837e-73,non-human,0.029199222492353537,non-human,0.007299805623088384,0,non-human,,
815725894,83601slhb,unknown,0.6601,0,,0.0,non-human,0.0,non-human,1.912883191948501e-73,non-human,0.029141545648166248,non-human,0.007285386412041562,0,non-human,,
815728429,06611jcsb,unknown,0.6753,0,,0.0,non-human,0.0,non-human,1.967781762794017e-73,non-human,0.029110235314175757,non-human,0.007277558828543939,0,non-human,,
815727528,06612jcsb,unknown,0.6755,0,,0.0,non-human,0.0,non-human,1.9666431342864986e-73,non-human,0.02910400930867345,non-human,0.007276002327168363,0,non-human,,
815727679,07423jcsc,unknown,0.6818,0,,0.0,non-human,0.0,non-human,1.9450763027723972e-73,non-human,0.02903110678589874,non-human,0.007257776696474685,0,non-human,,
815729240,04940lktb,unknown,0.6502,0,,0.0,non-human,0.0,non-human,1.9602789719468065e-73,non-human,0.02885451976281637,non-human,0.007213629940704093,0,non-human,,
815728191,82243slha,unknown,0.671,0,,0.0,non-human,0.0,non-human,1.859019864856567e-73,non-human,0.02875698788044446,non-human,0.007189246970111115,0,non-human,,
815728984,08042gnla,unknown,0.6734,0,,0.0,non-human,0.0,non-human,1.8323720805328612e-73,non-human,0.02857646800600058,non-human,0.007144117001500145,0,non-human,,
815729315,08041gnla,unknown,0.6484,0,,0.0,non-human,0.0,non-human,1.8292589117817206e-73,non-human,0.028563621429067057,non-human,0.007140905357266764,0,non-human,,
815727021,83540slhb,unknown,0.6777,0,,0.0,non-human,0.0,non-human,1.8051448458232504e-73,non-human,0.02856098840214224,non-human,0.00714024710053556,0,non-human,,
815729049,06335jcsa,unknown,1.0,0,,0.0,non-human,0.0,non-human,1.8218696952788762e-73,non-human,0.02834463314181293,non-human,0.007086158285453233,0,non-human,,
815728414,07052jcsc,unknown,1.0,0,,0.0,non-human,0.0,non-human,1.7860436602084818e-73,non-human,0.028237971788819795,non-human,0.007059492947204949,0,non-human,,
815728112,83830slhd,unknown,0.6398,0,,0.0,non-human,0.0,non-human,1.673887266410315e-73,non-human,0.028103424345615666,non-human,0.007025856086403917,0,non-human,,
815739089,pengay2424g,unknown,1.0,0,,0.0,non-human,0.0,non-human,1.1562063148039202e-73,non-human,0.02789648166711514,non-human,0.006974120416778785,0,non-human,,
815725530,03302trdb,unknown,0.6527,0,,0.0,non-human,0.0,non-human,1.7600678023855104e-73,non-human,0.027824149290346736,non-human,0.006956037322586684,0,non-human,,
815724946,04489lktc,unknown,0.6628,0,,0.0,non-human,0.0,non-human,1.701693589321955e-73,non-human,0.02764755694193836,non-human,0.00691188923548459,0,non-human,,
815725561,stwa29218,unknown,1.0,0,,0.0,non-human,0.0,non-human,1.209122504280584e-73,non-human,0.027622243951752893,non-human,0.006905560987938223,0,non-human,,
815724433,04775lktc,unknown,0.6664,0,,0.0,non-human,0.0,non-human,1.6757185561899935e-73,non-human,0.02756967190901909,non-human,0.006892417977254772,0,non-human,,
815728562,83864slhd,unknown,0.6605,0,,0.0,non-human,0.0,non-human,1.5245964976121453e-73,non-human,0.027442777550818215,non-human,0.006860694387704554,0,non-human,,
815726133,02714gnlc,unknown,0.6468,0,,0.0,non-human,0.0,non-human,1.670896222022638e-73,non-human,0.02739994333303566,non-human,0.006849985833258915,0,non-human,,
815727963,03589trdb,unknown,0.6455,0,,0.0,non-human,0.0,non-human,1.6154810152639568e-73,non-human,0.027233756379982016,non-human,0.006808439094995504,0,non-human,,
815726007,04488lktc,unknown,0.6748,0,,0.0,non-human,0.0,non-human,1.5711860956035842e-73,non-human,0.027098400334088907,non-human,0.006774600083522227,0,non-human,,
815725017,06888jcsb,unknown,0.6866,0,,0.0,non-human,0.0,non-human,1.5146813807271274e-73,non-human,0.027066967342869504,non-human,0.006766741835717376,0,non-human,,
815726660,slha28265,unknown,0.6702,0,,0.0,non-human,0.0,non-human,1.1113681387115194e-73,non-human,0.026985169512039865,non-human,0.006746292378009966,0,non-human,,
815726593,stwd29673,unknown,0.6641,0,,0.0,non-human,0.0,non-human,1.1112259545506726e-73,non-human,0.026984349970780603,non-human,0.006746087492695151,0,non-human,,
815726329,stwa29166,unknown,0.6478,0,,0.0,non-human,0.0,non-human,1.1098412956975437e-73,non-human,0.02697636617546669,non-human,0.006744091543866673,0,non-human,,
815728862,stwa29209,unknown,0.6597,0,,0.0,non-human,0.0,non-human,1.0952576793899488e-73,non-human,0.026926857911500984,non-human,0.006731714477875246,0,non-human,,
815726468,slhd28581,unknown,0.6631,0,,0.0,non-human,0.0,non-human,1.0946599382082194e-73,non-human,0.026923381015205913,non-human,0.006730845253801478,0,non-human,,
815726207,07051jcsc,unknown,0.6633,0,,0.0,non-human,0.0,non-human,1.474354742335854e-73,non-human,0.026899544481834587,non-human,0.006724886120458647,0,non-human,,
815727565,stwd29601,unknown,0.6444,0,,0.0,non-human,0.0,non-human,1.0719741735722052e-73,non-human,0.026837927350128507,non-human,0.006709481837532127,0,non-human,,
815725611,06607jcsb,unknown,0.6587,0,,0.0,non-human,0.0,non-human,1.445327582654494e-73,non-human,0.026744565048878947,non-human,0.006686141262219737,0,non-human,,
815727344,03293trdb,unknown,0.6625,0,,0.0,non-human,0.0,non-human,1.4934530434665385e-73,non-human,0.026703719350018397,non-human,0.006675929837504599,0,non-human,,
815725064,82229slha,unknown,0.6565,0,,0.0,non-human,0.0,non-human,1.3834540167426825e-73,non-human,0.02664121564200415,non-human,0.006660303910501038,0,non-human,,
815725566,06235jcsa,unknown,0.6581,0,,0.0,non-human,0.0,non-human,1.4160462024941255e-73,non-human,0.026595853368220946,non-human,0.0066489633420552365,0,non-human,,
815725336,04062trda,unknown,0.6341,0,,0.0,non-human,0.0,non-human,1.4582380076452787e-73,non-human,0.02657560193029625,non-human,0.006643900482574063,0,non-human,,
815726525,04220trda,unknown,0.6691,0,,0.0,non-human,0.0,non-human,1.4470492598214945e-73,non-human,0.026536055242126225,non-human,0.006634013810531556,0,non-human,,
815726192,04772lktc,unknown,0.6538,0,,0.0,non-human,0.0,non-human,1.4111252132402426e-73,non-human,0.02642288628619161,non-human,0.006605721571547903,0,non-human,,
815723863,dmfa21114,unknown,0.6642,0,,0.0,non-human,0.0,non-human,1.1107147398101242e-73,non-human,0.02640965101769557,non-human,0.0066024127544238925,0,non-human,,
815724467,04865lktb,unknown,1.0,0,,0.0,non-human,0.0,non-human,1.3947975010940976e-73,non-human,0.026359314919242934,non-human,0.006589828729810733,0,non-human,,
815728866,02859trdc,unknown,0.6471,0,,0.0,non-human,0.0,non-human,1.4199097262501305e-73,non-human,0.026346895198884467,non-human,0.006586723799721117,0,non-human,,
815725074,08070gnlb,unknown,0.6599,0,,0.0,non-human,0.0,non-human,1.3250984348592562e-73,non-human,0.026343919973019086,non-human,0.0065859799932547715,0,non-human,,
815728659,03289trdb,unknown,0.6663,0,,0.0,non-human,0.0,non-human,1.4072611170129162e-73,non-human,0.026322076961248723,non-human,0.006580519240312181,0,non-human,,
815726353,gnlc21638,unknown,0.6444,0,,0.0,non-human,0.0,non-human,1.119463422682717e-73,non-human,0.02629716277954488,non-human,0.00657429069488622,0,non-human,,
815726033,05055lktb,unknown,0.6819,0,,0.0,non-human,0.0,non-human,1.3689409321545126e-73,non-human,0.026269094717537397,non-human,0.006567273679384349,0,non-human,,
815728527,02877trdc,unknown,0.6536,0,,0.0,non-human,0.0,non-human,1.3947375109738282e-73,non-human,0.026234115134931894,non-human,0.006558528783732974,0,non-human,,
815728667,02860trdc,unknown,0.6501,0,,0.0,non-human,0.0,non-human,1.384113685964373e-73,non-human,0.026186220281946514,non-human,0.006546555070486629,0,non-human,,
815724997,05839lkta,unknown,0.6631,0,,0.0,non-human,0.0,non-human,1.2986252903156412e-73,non-human,0.026038148445716943,non-human,0.006509537111429236,0,non-human,,
815727247,05544lkta,unknown,0.6452,0,,0.0,non-human,0.0,non-human,1.2997305972316043e-73,non-human,0.02603599105392589,non-human,0.006508997763481472,0,non-human,,
815733533,thegiveawaybot1,unknown,0.691,0,,0.0,non-human,0.0,non-human,4.045090499626423e-73,non-human,0.026026598084411205,non-human,0.006506649521102801,0,non-human,,
815728445,04217trda,unknown,0.6559,0,,0.0,non-human,0.0,non-human,1.3290110512969053e-73,non-human,0.026000636309648596,non-human,0.006500159077412149,0,non-human,,
815726426,83114slhb,unknown,0.6508,0,,0.0,non-human,0.0,non-human,1.2358844423320647e-73,non-human,0.025975513307349478,non-human,0.0064938783268373695,0,non-human,,
815728156,04478lktc,unknown,0.667,0,,0.0,non-human,0.0,non-human,1.3032109371910391e-73,non-human,0.025893399998138448,non-human,0.006473349999534612,0,non-human,,
815725072,07932jcsc,unknown,1.0,0,,0.0,non-human,0.0,non-human,1.2403029345924374e-73,non-human,0.025829015113880242,non-human,0.006457253778470061,0,non-human,,
815726118,83812slhd,unknown,0.6664,0,,0.0,non-human,0.0,non-human,1.1700354630614858e-73,non-human,0.02574219910023096,non-human,0.00643554977505774,0,non-human,,
815728756,dmfa20857,unknown,0.6679,0,,0.0,non-human,0.0,non-human,1.0109157289549192e-73,non-human,0.02569006936661257,non-human,0.006422517341653142,0,non-human,,
815729224,06230jcsa,unknown,0.6596,0,,0.0,non-human,0.0,non-human,1.2180312064078764e-73,non-human,0.025660021084178593,non-human,0.006415005271044648,0,non-human,,
815726983,stwg30085,unknown,0.6668,0,,0.0,non-human,0.0,non-human,7.820114894910284e-74,non-human,0.02565688490533993,non-human,0.006414221226334982,0,non-human,,
815725415,05470lkta,unknown,0.6685,0,,0.0,non-human,0.0,non-human,1.2109484182101066e-73,non-human,0.025603610128261425,non-human,0.006400902532065356,0,non-human,,
815728989,05494lkta,unknown,0.6474,0,,0.0,non-human,0.0,non-human,1.1932292896846568e-73,non-human,0.0255197182989502,non-human,0.00637992957473755,0,non-human,,
815725004,06518jcsb,unknown,0.6556,0,,0.0,non-human,0.0,non-human,1.1856353972962126e-73,non-human,0.02551071602678939,non-human,0.006377679006697347,0,non-human,,
815725208,06091jcsa,unknown,0.6565,0,,0.0,non-human,0.0,non-human,1.188003104594856e-73,non-human,0.02550806337390283,non-human,0.0063770158434757074,0,non-human,,
815728488,06231jcsa,unknown,0.654,0,,0.0,non-human,0.0,non-human,1.1859815440702715e-73,non-human,0.025501600836389443,non-human,0.006375400209097361,0,non-human,,
815726543,83281slhb,unknown,0.6609,0,,0.0,non-human,0.0,non-human,1.1418772553809203e-73,non-human,0.025500488471039123,non-human,0.006375122117759781,0,non-human,,
815724904,06912jcsb,unknown,0.6577,0,,0.0,non-human,0.0,non-human,1.1748040798282719e-73,non-human,0.02547484221274409,non-human,0.006368710553186023,0,non-human,,
815724827,26003stwa,unknown,0.6561,0,,0.0,non-human,0.0,non-human,1.1378142312759628e-73,non-human,0.025462738322451273,non-human,0.006365684580612818,0,non-human,,
815724434,26141stwa,unknown,0.6503,0,,0.0,non-human,0.0,non-human,1.1363797604555553e-73,non-human,0.025455333744925705,non-human,0.006363833436231426,0,non-human,,
815724360,26155stwa,unknown,0.6647,0,,0.0,non-human,0.0,non-human,1.1342974936947054e-73,non-human,0.02544874578460971,non-human,0.006362186446152427,0,non-human,,
815729141,slhf22903,unknown,1.0,0,,0.0,non-human,0.0,non-human,9.077286565708865e-74,non-human,0.02538183760391024,non-human,0.00634545940097756,0,non-human,,
815728151,07733jcsc,unknown,0.6701,0,,0.0,non-human,0.0,non-human,1.1501076659182492e-73,non-human,0.02537240806986188,non-human,0.00634310201746547,0,non-human,,
815728654,slhf22802,unknown,0.6587,0,,0.0,non-human,0.0,non-human,9.316047628508522e-74,non-human,0.025371150688226023,non-human,0.006342787672056506,0,non-human,,
815728517,slhf22748,unknown,0.6581,0,,0.0,non-human,0.0,non-human,9.293386604104281e-74,non-human,0.025357259099698205,non-human,0.006339314774924551,0,non-human,,
815726637,02659gnlc,unknown,0.66,0,,0.0,non-human,0.0,non-human,1.0617691423250585e-73,non-human,0.0253310796889524,non-human,0.0063327699222381,0,non-human,,
815725252,27239stwd,unknown,0.6351,0,,0.0,non-human,0.0,non-human,1.0914004281267713e-73,non-human,0.02528794166259301,non-human,0.006321985415648252,0,non-human,,
815725113,27331stwd,unknown,0.6728,0,,0.0,non-human,0.0,non-human,1.0884522425909007e-73,non-human,0.025276631011390698,non-human,0.0063191577528476746,0,non-human,,
815728919,gnlc21635,unknown,0.676,0,,0.0,non-human,0.0,non-human,9.026672922483154e-74,non-human,0.025256913932823644,non-human,0.006314228483205911,0,non-human,,
815728698,gnlc21562,unknown,0.6508,0,,0.0,non-human,0.0,non-human,8.998876863711496e-74,non-human,0.025247760828629527,non-human,0.006311940207157382,0,non-human,,
815726885,06359jcsa,unknown,0.6701,0,,0.0,non-human,0.0,non-human,1.1194407068151719e-73,non-human,0.025169015910449507,non-human,0.006292253977612377,0,non-human,,
815726312,25979stwa,unknown,0.6707,0,,0.0,non-human,0.0,non-human,1.0673169717606195e-73,non-human,0.025092915902862754,non-human,0.006273228975715688,0,non-human,,
815724882,26178stwa,unknown,0.6723,0,,0.0,non-human,0.0,non-human,1.0599288220729992e-73,non-human,0.025057482551350038,non-human,0.006264370637837509,0,non-human,,
815726511,07704jcsc,unknown,0.6731,0,,0.0,non-human,0.0,non-human,1.0863535884108814e-73,non-human,0.025044031041699503,non-human,0.006261007760424876,0,non-human,,
815727009,07934jcsc,unknown,1.0,0,,0.0,non-human,0.0,non-human,1.0831318543850542e-73,non-human,0.02503441534329531,non-human,0.006258603835823827,0,non-human,,
815725531,25958stwa,unknown,0.6669,0,,0.0,non-human,0.0,non-human,1.0550287010253563e-73,non-human,0.02502715624978311,non-human,0.006256789062445777,0,non-human,,
815727705,03274trdb,unknown,0.65,0,,0.0,non-human,0.0,non-human,9.645734618577211e-74,non-human,0.025026764960083166,non-human,0.006256691240020791,0,non-human,,
815725487,26534stwb,unknown,0.6649,0,,0.0,non-human,0.0,non-human,1.0448916403336531e-73,non-human,0.025001107319757385,non-human,0.006250276829939346,0,non-human,,
815725863,83233slhb,unknown,0.6492,0,,0.0,non-human,0.0,non-human,1.0444074591984064e-73,non-human,0.0249861957195934,non-human,0.00624654892989835,0,non-human,,
815726132,26327stwb,unknown,0.6755,0,,0.0,non-human,0.0,non-human,1.0396898585580868e-73,non-human,0.024964753550107226,non-human,0.006241188387526807,0,non-human,,
815725968,26238stwa,unknown,1.0,0,,0.0,non-human,0.0,non-human,1.0394078273047491e-73,non-human,0.02495508544554079,non-human,0.0062387713613851975,0,non-human,,
815726574,27278stwd,unknown,0.6564,0,,0.0,non-human,0.0,non-human,1.0271140386886444e-73,non-human,0.024941929402215093,non-human,0.006235482350553773,0,non-human,,
815726658,27248stwd,unknown,0.658,0,,0.0,non-human,0.0,non-human,1.0269519563810078e-73,non-human,0.024941042759061508,non-human,0.006235260689765377,0,non-human,,
815724444,27208stwd,unknown,0.6591,0,,0.0,non-human,0.0,non-human,1.0141679270690114e-73,non-human,0.024862514049757114,non-human,0.0062156285124392785,0,non-human,,
815728980,06471jcsb,unknown,0.6663,0,,0.0,non-human,0.0,non-human,1.0445420572813007e-73,non-human,0.02485656475963074,non-human,0.006214141189907685,0,non-human,,
815725846,27306stwd,unknown,0.6667,0,,0.0,non-human,0.0,non-human,1.011462149754194e-73,non-human,0.024855961439461394,non-human,0.006213990359865348,0,non-human,,
815724309,27258stwd,unknown,1.0,0,,0.0,non-human,0.0,non-human,1.0109885110429677e-73,non-human,0.024853348941234202,non-human,0.006213337235308551,0,non-human,,
815725849,27325stwd,unknown,0.6546,0,,0.0,non-human,0.0,non-human,1.0098132147619935e-73,non-human,0.02484686340683089,non-human,0.006211715851707722,0,non-human,,
815728587,04547lktc,unknown,0.6668,0,,0.0,non-human,0.0,non-human,2.4497299041939053e-73,non-human,0.024720857284744702,non-human,0.006180214321186176,0,non-human,,
815726453,26062stwa,unknown,0.6838,0,,0.0,non-human,0.0,non-human,9.886523240566345e-74,non-human,0.024664685943636144,non-human,0.006166171485909036,0,non-human,,
815728663,07601jcsc,unknown,0.6669,0,,0.0,non-human,0.0,non-human,9.744810807539692e-74,non-human,0.024649530768330277,non-human,0.006162382692082569,0,non-human,,
815727061,26257stwb,unknown,0.6557,0,,0.0,non-human,0.0,non-human,9.787206388224782e-74,non-human,0.024625134157549595,non-human,0.006156283539387399,0,non-human,,
815727706,83239slhb,unknown,0.654,0,,0.0,non-human,0.0,non-human,9.753105185239242e-74,non-human,0.024606038600251345,non-human,0.006151509650062836,0,non-human,,
815727615,26041stwa,unknown,0.6646,0,,0.0,non-human,0.0,non-human,9.779831957630525e-74,non-human,0.02460521663880748,non-human,0.00615130415970187,0,non-human,,
815726355,26501stwb,unknown,0.682,0,,0.0,non-human,0.0,non-human,9.718657868045487e-74,non-human,0.024594666838605558,non-human,0.006148666709651389,0,non-human,,
815727604,08090gnlb,unknown,0.6745,0,,0.0,non-human,0.0,non-human,9.55410878191766e-74,non-human,0.024460913900628524,non-human,0.006115228475157131,0,non-human,,
815726316,05482lkta,unknown,0.6585,0,,0.0,non-human,0.0,non-human,8.404676966651407e-74,non-human,0.024420787259401038,non-human,0.0061051968148502595,0,non-human,,
815727042,26058stwa,unknown,0.6466,0,,0.0,non-human,0.0,non-human,9.290978452934841e-74,non-human,0.024344522460251296,non-human,0.006086130615062824,0,non-human,,
815727439,83236slhb,unknown,1.0,0,,0.0,non-human,0.0,non-human,9.190073426777942e-74,non-human,0.024300689210176557,non-human,0.006075172302544139,0,non-human,,
815728567,savt31406,unknown,0.6491,0,,0.0,non-human,0.0,non-human,5.121898843553185e-74,non-human,0.024284633343042098,non-human,0.0060711583357605245,0,non-human,,
815728757,stwd29655,unknown,0.6591,0,,0.0,non-human,0.0,non-human,6.759899830660367e-74,non-human,0.024241910725801872,non-human,0.006060477681450468,0,non-human,,
815727986,27237stwd,unknown,0.6672,0,,0.0,non-human,0.0,non-human,8.94222221472394e-74,non-human,0.0241914448239002,non-human,0.00604786120597505,0,non-human,,
815728510,blac31516,unknown,0.6489,0,,0.0,non-human,0.0,non-human,4.941844787796132e-74,non-human,0.02417952775439448,non-human,0.00604488193859862,0,non-human,,
815727680,26180stwa,unknown,0.646,0,,0.0,non-human,0.0,non-human,8.222941776424318e-74,non-human,0.024076663069060835,non-human,0.006019165767265209,0,non-human,,
815729236,jesa31546,unknown,0.6561,0,,0.0,non-human,0.0,non-human,4.759754641935644e-74,non-human,0.02407005719255148,non-human,0.00601751429813787,0,non-human,,
815724728,82939slhb,unknown,0.6481,0,,0.0,non-human,0.0,non-human,2.3164573157708014e-73,non-human,0.024023396160019823,non-human,0.006005849040004956,0,non-human,,
815724270,82937slhb,unknown,0.6544,0,,0.0,non-human,0.0,non-human,2.3144549783114433e-73,non-human,0.024018874605933334,non-human,0.0060047186514833335,0,non-human,,
815728093,26537stwb,unknown,0.6713,0,,0.0,non-human,0.0,non-human,8.053186903828634e-74,non-human,0.024003021512403865,non-human,0.006000755378100966,0,non-human,,
815726898,lakl31636,unknown,0.6542,0,,0.0,non-human,0.0,non-human,4.57226177925149e-74,non-human,0.023952388756085623,non-human,0.005988097189021406,0,non-human,,
815727476,27351stwd,unknown,0.6598,0,,0.0,non-human,0.0,non-human,7.856161626930908e-74,non-human,0.023896808012711636,non-human,0.005974202003177909,0,non-human,,
815728737,deso31743,unknown,1.0,0,,0.0,non-human,0.0,non-human,4.38635352272464e-74,non-human,0.023833299037102126,non-human,0.005958324759275531,0,non-human,,
815728330,cuss31805,unknown,0.6694,0,,0.0,non-human,0.0,non-human,4.198930950196362e-74,non-human,0.023709267094688537,non-human,0.005927316773672134,0,non-human,,
815724079,jasp32052,unknown,0.6537,0,,0.0,non-human,0.0,non-human,3.591247794364474e-74,non-human,0.023288453187515042,non-human,0.005822113296878761,0,non-human,,
815726672,penn32079,unknown,0.6524,0,,0.0,non-human,0.0,non-human,3.4020282774295572e-74,non-human,0.02314430735854886,non-human,0.005786076839637215,0,non-human,,
815726396,02190gnlc,unknown,0.6732,0,,0.0,non-human,0.0,non-human,1.622649234924743e-73,non-human,0.02291867848732763,non-human,0.005729669621831908,0,non-human,,
815725355,dmfa26205,unknown,1.0,0,,0.0,non-human,0.0,non-human,5.507243438281526e-74,non-human,0.022906601585202347,non-human,0.005726650396300587,0,non-human,,
815728566,dmfa26250,unknown,0.6442,0,,0.0,non-human,0.0,non-human,5.130054368433755e-74,non-human,0.02259925264335135,non-human,0.005649813160837838,0,non-human,,
815728588,dmfa26241,unknown,1.0,0,,0.0,non-human,0.0,non-human,5.013456086286199e-74,non-human,0.022496356390069836,non-human,0.005624089097517459,0,non-human,,
815729121,slhf29135,unknown,0.6565,0,,0.0,non-human,0.0,non-human,4.587160182714362e-74,non-human,0.02235039654968046,non-human,0.005587599137420115,0,non-human,,
815725952,slhb28444,unknown,0.6633,0,,0.0,non-human,0.0,non-human,4.138172781626094e-74,non-human,0.02194510166157197,non-human,0.005486275415392992,0,non-human,,
815728260,dmfa26263,unknown,1.0,0,,0.0,non-human,0.0,non-human,4.225301550129958e-74,non-human,0.02185200815324867,non-human,0.0054630020383121675,0,non-human,,
815728699,slhf29143,unknown,0.6666,0,,0.0,non-human,0.0,non-human,4.0479547551825244e-74,non-human,0.02177280580290529,non-human,0.0054432014507263225,0,non-human,,
815728255,stwb29409,unknown,0.6585,0,,0.0,non-human,0.0,non-human,3.876672280392772e-74,non-human,0.02162012667011285,non-human,0.005405031667528213,0,non-human,,
